scheme,subject,k,draw,grid,acc
random,p00,1,0,1x3,0.8448393711551606
random,p00,1,0,2x2,0.758714969241285
random,p00,1,0,3x3,0.551948051948052
random,p00,1,0,4x4,0.4008885850991114
random,p00,1,1,1x3,0.9077238550922762
random,p00,1,1,2x2,0.8048530416951469
random,p00,1,1,3x3,0.618591934381408
random,p00,1,1,4x4,0.4600136705399863
random,p00,1,2,1x3,0.7426520847573479
random,p00,1,2,2x2,0.7293233082706767
random,p00,1,2,3x3,0.48974709501025293
random,p00,1,2,4x4,0.2901572112098428
random,p00,1,3,1x3,0.8964456596035544
random,p00,1,3,2x2,0.7990430622009569
random,p00,1,3,3x3,0.6127819548872181
random,p00,1,3,4x4,0.4634313055365687
random,p00,1,4,1x3,0.8896103896103896
random,p00,1,4,2x2,0.6842105263157895
random,p00,1,4,3x3,0.40601503759398494
random,p00,1,4,4x4,0.29699248120300753
random,p00,1,5,1x3,0.9080656185919344
random,p00,1,5,2x2,0.7621326042378674
random,p00,1,5,3x3,0.5642515379357484
random,p00,1,5,4x4,0.4254955570745044
random,p00,1,6,1x3,0.8879015721120984
random,p00,1,6,2x2,0.48735475051264526
random,p00,1,6,3x3,0.35167464114832536
random,p00,1,6,4x4,0.22795625427204375
random,p00,1,7,1x3,0.9043062200956937
random,p00,1,7,2x2,0.7987012987012987
random,p00,1,7,3x3,0.6220095693779905
random,p00,1,7,4x4,0.47573479152426523
random,p00,1,8,1x3,0.8957621326042379
random,p00,1,8,2x2,0.7959671907040328
random,p00,1,8,3x3,0.6131237183868763
random,p00,1,8,4x4,0.4764183185235817
random,p00,1,9,1x3,0.7754613807245386
random,p00,1,9,2x2,0.6510594668489406
random,p00,1,9,3x3,0.34859876965140124
random,p00,1,9,4x4,0.23581681476418317
random,p00,1,10,1x3,0.7590567327409433
random,p00,1,10,2x2,0.7259056732740943
random,p00,1,10,3x3,0.4924812030075188
random,p00,1,10,4x4,0.3168147641831852
random,p00,1,11,1x3,0.7734107997265892
random,p00,1,11,2x2,0.6466165413533834
random,p00,1,11,3x3,0.39712918660287083
random,p00,1,11,4x4,0.24094326725905674
random,p00,1,12,1x3,0.9077238550922762
random,p00,1,12,2x2,0.8065618591934381
random,p00,1,12,3x3,0.6073137388926863
random,p00,1,12,4x4,0.4241285030758715
random,p00,1,13,1x3,0.9060150375939849
random,p00,1,13,2x2,0.6859193438140807
random,p00,1,13,3x3,0.4589883800410116
random,p00,1,13,4x4,0.3198906356801094
random,p00,1,14,1x3,0.9053315105946685
random,p00,1,14,2x2,0.7552973342447027
random,p00,1,14,3x3,0.46514012303485985
random,p00,1,14,4x4,0.35509227614490774
random,p00,1,15,1x3,0.8687628161312372
random,p00,1,15,2x2,0.7522214627477786
random,p00,1,15,3x3,0.5529733424470267
random,p00,1,15,4x4,0.4179767600820232
random,p00,1,16,1x3,0.9063568010936432
random,p00,1,16,2x2,0.47129186602870815
random,p00,1,16,3x3,0.32365003417634997
random,p00,1,16,4x4,0.22556390977443608
random,p00,1,17,1x3,0.904647983595352
random,p00,1,17,2x2,0.7426520847573479
random,p00,1,17,3x3,0.43711551606288446
random,p00,1,17,4x4,0.34791524265208473
random,p00,1,18,1x3,0.9063568010936432
random,p00,1,18,2x2,0.5584415584415584
random,p00,1,18,3x3,0.3714969241285031
random,p00,1,18,4x4,0.2518796992481203
random,p00,1,19,1x3,0.8397129186602871
random,p00,1,19,2x2,0.721120984278879
random,p00,1,19,3x3,0.5051264524948735
random,p00,1,19,4x4,0.35714285714285715
random,p00,3,0,1x3,0.9008207934336525
random,p00,3,0,2x2,0.7954856361149111
random,p00,3,0,3x3,0.6152530779753762
random,p00,3,0,4x4,0.47537619699042405
random,p00,3,1,1x3,0.9008207934336525
random,p00,3,1,2x2,0.7828317373461012
random,p00,3,1,3x3,0.5848153214774282
random,p00,3,1,4x4,0.45109439124487005
random,p00,3,2,1x3,0.9032147742818057
random,p00,3,2,2x2,0.79890560875513
random,p00,3,2,3x3,0.6166210670314638
random,p00,3,2,4x4,0.4774281805745554
random,p00,3,3,1x3,0.9073187414500684
random,p00,3,3,2x2,0.8023255813953488
random,p00,3,3,3x3,0.5961012311901505
random,p00,3,3,4x4,0.4066347469220246
random,p00,3,4,1x3,0.8888508891928865
random,p00,3,4,2x2,0.8006155950752394
random,p00,3,4,3x3,0.5998632010943913
random,p00,3,4,4x4,0.4186046511627907
random,p00,3,5,1x3,0.9021887824897401
random,p00,3,5,2x2,0.7879616963064295
random,p00,3,5,3x3,0.6111491108071135
random,p00,3,5,4x4,0.47127222982216144
random,p00,3,6,1x3,0.9062927496580028
random,p00,3,6,2x2,0.6183310533515732
random,p00,3,6,3x3,0.39979480164158687
random,p00,3,6,4x4,0.2640218878248974
random,p00,3,7,1x3,0.905266757865937
random,p00,3,7,2x2,0.8036935704514364
random,p00,3,7,3x3,0.6063611491108071
random,p00,3,7,4x4,0.42441860465116277
random,p00,3,8,1x3,0.908344733242134
random,p00,3,8,2x2,0.8071135430916553
random,p00,3,8,3x3,0.6176470588235294
random,p00,3,8,4x4,0.45006839945280436
random,p00,3,9,1x3,0.8926128590971272
random,p00,3,9,2x2,0.7937756497948016
random,p00,3,9,3x3,0.6121751025991792
random,p00,3,9,4x4,0.47093023255813954
random,p00,3,10,1x3,0.908344733242134
random,p00,3,10,2x2,0.8064295485636115
random,p00,3,10,3x3,0.6179890560875513
random,p00,3,10,4x4,0.4528043775649795
random,p00,3,11,1x3,0.908686730506156
random,p00,3,11,2x2,0.801641586867305
random,p00,3,11,3x3,0.6241450068399452
random,p00,3,11,4x4,0.47674418604651164
random,p00,3,12,1x3,0.902530779753762
random,p00,3,12,2x2,0.7554719562243503
random,p00,3,12,3x3,0.5465116279069767
random,p00,3,12,4x4,0.4117647058823529
random,p00,3,13,1x3,0.9011627906976745
random,p00,3,13,2x2,0.774281805745554
random,p00,3,13,3x3,0.5779753761969905
random,p00,3,13,4x4,0.4425444596443228
random,p00,3,14,1x3,0.8850889192886456
random,p00,3,14,2x2,0.7332421340629275
random,p00,3,14,3x3,0.524281805745554
random,p00,3,14,4x4,0.3857729138166895
random,p00,3,15,1x3,0.9032147742818057
random,p00,3,15,2x2,0.8012995896032832
random,p00,3,15,3x3,0.6196990424076607
random,p00,3,15,4x4,0.4798221614227086
random,p00,3,16,1x3,0.8888508891928865
random,p00,3,16,2x2,0.7862517099863201
random,p00,3,16,3x3,0.5786593707250342
random,p00,3,16,4x4,0.39261285909712723
random,p00,3,17,1x3,0.9066347469220246
random,p00,3,17,2x2,0.7944596443228454
random,p00,3,17,3x3,0.5800273597811217
random,p00,3,17,4x4,0.39295485636114913
random,p00,3,18,1x3,0.9008207934336525
random,p00,3,18,2x2,0.7852257181942545
random,p00,3,18,3x3,0.6043091655266758
random,p00,3,18,4x4,0.46511627906976744
random,p00,3,19,1x3,0.890218878248974
random,p00,3,19,2x2,0.786593707250342
random,p00,3,19,3x3,0.6053351573187414
random,p00,3,19,4x4,0.4681942544459644
random,p00,5,0,1x3,0.9082819986310746
random,p00,5,0,2x2,0.8039014373716632
random,p00,5,0,3x3,0.6297056810403833
random,p00,5,0,4x4,0.4938398357289528
random,p00,5,1,1x3,0.9147843942505134
random,p00,5,1,2x2,0.7823408624229979
random,p00,5,1,3x3,0.6002737850787132
random,p00,5,1,4x4,0.4380561259411362
random,p00,5,2,1x3,0.8894592744695414
random,p00,5,2,2x2,0.795687885010267
random,p00,5,2,3x3,0.6187542778918549
random,p00,5,2,4x4,0.48836413415468855
random,p00,5,3,1x3,0.9048596851471595
random,p00,5,3,2x2,0.6913073237508556
random,p00,5,3,3x3,0.4531143052703628
random,p00,5,3,4x4,0.30971937029431895
random,p00,5,4,1x3,0.8545516769336071
random,p00,5,4,2x2,0.7796030116358659
random,p00,5,4,3x3,0.5903490759753593
random,p00,5,4,4x4,0.4479808350444901
random,p00,5,5,1x3,0.9137577002053389
random,p00,5,5,2x2,0.7659137577002053
random,p00,5,5,3x3,0.5598904859685148
random,p00,5,5,4x4,0.43121149897330596
random,p00,5,6,1x3,0.9000684462696783
random,p00,5,6,2x2,0.7926078028747433
random,p00,5,6,3x3,0.6050650239561944
random,p00,5,6,4x4,0.47467488021902804
random,p00,5,7,1x3,0.9086242299794661
random,p00,5,7,2x2,0.6752224503764545
random,p00,5,7,3x3,0.44934976043805613
random,p00,5,7,4x4,0.34223134839151265
random,p00,5,8,1x3,0.9120465434633812
random,p00,5,8,2x2,0.7758384668035592
random,p00,5,8,3x3,0.5954825462012321
random,p00,5,8,4x4,0.4603011635865845
random,p00,5,9,1x3,0.8959616700889802
random,p00,5,9,2x2,0.5776865160848734
random,p00,5,9,3x3,0.41649555099247093
random,p00,5,9,4x4,0.3196440793976728
random,p00,5,10,1x3,0.9021218343600274
random,p00,5,10,2x2,0.7936344969199178
random,p00,5,10,3x3,0.6002737850787132
random,p00,5,10,4x4,0.4455852156057495
random,p00,5,11,1x3,0.8661875427789185
random,p00,5,11,2x2,0.7700205338809035
random,p00,5,11,3x3,0.5852156057494866
random,p00,5,11,4x4,0.4346338124572211
random,p00,5,12,1x3,0.87782340862423
random,p00,5,12,2x2,0.7731006160164271
random,p00,5,12,3x3,0.5790554414784395
random,p00,5,12,4x4,0.43634496919917864
random,p00,5,13,1x3,0.9175222450376455
random,p00,5,13,2x2,0.7994524298425736
random,p00,5,13,3x3,0.6269678302532512
random,p00,5,13,4x4,0.5003422313483915
random,p00,5,14,1x3,0.9123887748117727
random,p00,5,14,2x2,0.8066392881587954
random,p00,5,14,3x3,0.6310746064339493
random,p00,5,14,4x4,0.49863107460643397
random,p00,5,15,1x3,0.9127310061601642
random,p00,5,15,2x2,0.7840520191649555
random,p00,5,15,3x3,0.46338124572210815
random,p00,5,15,4x4,0.378507871321013
random,p00,5,16,1x3,0.9168377823408624
random,p00,5,16,2x2,0.797056810403833
random,p00,5,16,3x3,0.6204654346338124
random,p00,5,16,4x4,0.4353182751540041
random,p00,5,17,1x3,0.8969883641341547
random,p00,5,17,2x2,0.7936344969199178
random,p00,5,17,3x3,0.621492128678987
random,p00,5,17,4x4,0.4869952087611225
random,p00,5,18,1x3,0.9134154688569472
random,p00,5,18,2x2,0.8090349075975359
random,p00,5,18,3x3,0.6225188227241615
random,p00,5,18,4x4,0.4671457905544148
random,p00,5,19,1x3,0.9048596851471595
random,p00,5,19,2x2,0.797741273100616
random,p00,5,19,3x3,0.6170431211498973
random,p00,5,19,4x4,0.4839151266255989
random,p00,9,0,1x3,0.9129540781357094
random,p00,9,0,2x2,0.8019191226867718
random,p00,9,0,3x3,0.6165181631254284
random,p00,9,0,4x4,0.453050034270048
random,p00,9,1,1x3,0.9115832762165867
random,p00,9,1,2x2,0.8063742289239205
random,p00,9,1,3x3,0.6189170664838931
random,p00,9,1,4x4,0.44928032899246056
random,p00,9,2,1x3,0.9112405757368061
random,p00,9,2,2x2,0.7858122001370802
random,p00,9,2,3x3,0.6103495544893763
random,p00,9,2,4x4,0.46161754626456475
random,p00,9,3,1x3,0.9095270733379027
random,p00,9,3,2x2,0.7864976010966416
random,p00,9,3,3x3,0.6141192597669637
random,p00,9,3,4x4,0.4725839616175463
random,p00,9,4,1x3,0.9078135709389993
random,p00,9,4,2x2,0.7916381082933516
random,p00,9,4,3x3,0.6093214530500343
random,p00,9,4,4x4,0.4602467443454421
random,p00,9,5,1x3,0.8869088416723784
random,p00,9,5,2x2,0.7858122001370802
random,p00,9,5,3x3,0.6031528444139822
random,p00,9,5,4x4,0.47601096641535295
random,p00,9,6,1x3,0.9163810829335161
random,p00,9,6,2x2,0.8015764222069911
random,p00,9,6,3x3,0.6240575736806031
random,p00,9,6,4x4,0.4708704592186429
random,p00,9,7,1x3,0.9170664838930774
random,p00,9,7,2x2,0.7820424948594928
random,p00,9,7,3x3,0.5980123372172721
random,p00,9,7,4x4,0.46435915010281015
random,p00,9,8,1x3,0.9139821795750515
random,p00,9,8,2x2,0.7882111034955449
random,p00,9,8,3x3,0.6130911583276216
random,p00,9,8,4x4,0.47395476353666893
random,p00,9,9,1x3,0.9129540781357094
random,p00,9,9,2x2,0.7882111034955449
random,p00,9,9,3x3,0.6041809458533242
random,p00,9,9,4x4,0.457162440027416
random,p00,9,10,1x3,0.9098697738176833
random,p00,9,10,2x2,0.8036326250856751
random,p00,9,10,3x3,0.6339958875942426
random,p00,9,10,4x4,0.5027416038382454
random,p00,9,11,1x3,0.9115832762165867
random,p00,9,11,2x2,0.8019191226867718
random,p00,9,11,3x3,0.6288553803975325
random,p00,9,11,4x4,0.5013708019191226
random,p00,9,12,1x3,0.9163810829335161
random,p00,9,12,2x2,0.7820424948594928
random,p00,9,12,3x3,0.593899931459904
random,p00,9,12,4x4,0.4407128169979438
random,p00,9,13,1x3,0.9108978752570254
random,p00,9,13,2x2,0.7422892392049348
random,p00,9,13,3x3,0.544893762851268
random,p00,9,13,4x4,0.40472926662097325
random,p00,9,14,1x3,0.9019876627827279
random,p00,9,14,2x2,0.7916381082933516
random,p00,9,14,3x3,0.617888965044551
random,p00,9,14,4x4,0.4873200822481151
random,p00,9,15,1x3,0.9129540781357094
random,p00,9,15,2x2,0.7810143934201508
random,p00,9,15,3x3,0.5808773132282385
random,p00,9,15,4x4,0.43557230980123374
random,p00,9,16,1x3,0.9016449623029472
random,p00,9,16,2x2,0.7974640164496231
random,p00,9,16,3x3,0.6113776559287183
random,p00,9,16,4x4,0.44996572995202194
random,p00,9,17,1x3,0.9112405757368061
random,p00,9,17,2x2,0.7892392049348869
random,p00,9,17,3x3,0.6106922549691569
random,p00,9,17,4x4,0.4609321453050034
random,p00,9,18,1x3,0.9047292666209733
random,p00,9,18,2x2,0.8012337217272104
random,p00,9,18,3x3,0.6233721727210418
random,p00,9,18,4x4,0.49383139136394794
random,p00,9,19,1x3,0.9119259766963673
random,p00,9,19,2x2,0.7902673063742289
random,p00,9,19,3x3,0.6124057573680604
random,p00,9,19,4x4,0.47601096641535295
random,p00,16,0,1x3,0.9103400893163861
random,p00,16,0,2x2,0.8017863277224322
random,p00,16,0,3x3,0.623497080041223
random,p00,16,0,4x4,0.4867743043627619
random,p00,16,1,1x3,0.9051872208862933
random,p00,16,1,2x2,0.792167639986259
random,p00,16,1,3x3,0.608725523874957
random,p00,16,1,4x4,0.46066643765029197
random,p00,16,2,1x3,0.9154929577464789
random,p00,16,2,2x2,0.7557540364136036
random,p00,16,2,3x3,0.45551356922019925
random,p00,16,2,4x4,0.3634489866025421
random,p00,16,3,1x3,0.9110271384403985
random,p00,16,3,2x2,0.7956028856063209
random,p00,16,3,3x3,0.4991411885949845
random,p00,16,3,4x4,0.3885262796289935
random,p00,16,4,1x3,0.9113706630024047
random,p00,16,4,2x2,0.7777396083819993
random,p00,16,4,3x3,0.5877705255925799
random,p00,16,4,4x4,0.44933012710408793
random,p00,16,5,1x3,0.9110271384403985
random,p00,16,5,2x2,0.7980075575403641
random,p00,16,5,3x3,0.6094125729989694
random,p00,16,5,4x4,0.43936791480590864
random,p00,16,6,1x3,0.9144623840604603
random,p00,16,6,2x2,0.8017863277224322
random,p00,16,6,3x3,0.6289934730333219
random,p00,16,6,4x4,0.5125386465132257
random,p00,16,7,1x3,0.9069048436963243
random,p00,16,7,2x2,0.8014428031604259
random,p00,16,7,3x3,0.621779457231192
random,p00,16,7,4x4,0.49055307454482994
random,p00,16,8,1x3,0.9144623840604603
random,p00,16,8,2x2,0.7822054276880797
random,p00,16,8,3x3,0.5791824115424253
random,p00,16,8,4x4,0.443833734111989
random,p00,16,9,1x3,0.9038131226382686
random,p00,16,9,2x2,0.8007557540364136
random,p00,16,9,3x3,0.6183442116111302
random,p00,16,9,4x4,0.48230848505668156
random,p00,16,10,1x3,0.9141188594984542
random,p00,16,10,2x2,0.8000687049124012
random,p00,16,10,3x3,0.6204053589831673
random,p00,16,10,4x4,0.44623840604603227
random,p00,16,11,1x3,0.9089659910683614
random,p00,16,11,2x2,0.8000687049124012
random,p00,16,11,3x3,0.6324287186533837
random,p00,16,11,4x4,0.5080728272071453
random,p00,16,12,1x3,0.9048436963242872
random,p00,16,12,2x2,0.7966334592923394
random,p00,16,12,3x3,0.6197183098591549
random,p00,16,12,4x4,0.49261422191686705
random,p00,16,13,1x3,0.9103400893163861
random,p00,16,13,2x2,0.8038474750944693
random,p00,16,13,3x3,0.6245276537272415
random,p00,16,13,4x4,0.4847131569907248
random,p00,16,14,1x3,0.9178976296805221
random,p00,16,14,2x2,0.8072827207145311
random,p00,16,14,3x3,0.6410168327035383
random,p00,16,14,4x4,0.5142562693232566
random,p00,16,15,1x3,0.8883545173479904
random,p00,16,15,2x2,0.8024733768464445
random,p00,16,15,3x3,0.5833047062864994
random,p00,16,15,4x4,0.3971143936791481
random,p00,16,16,1x3,0.9089659910683614
random,p00,16,16,2x2,0.7595328065956716
random,p00,16,16,3x3,0.45757471659223636
random,p00,16,16,4x4,0.37100652696667813
random,p00,16,17,1x3,0.9165235314324974
random,p00,16,17,2x2,0.7956028856063209
random,p00,16,17,3x3,0.6248711782892477
random,p00,16,17,4x4,0.4939883201648918
random,p00,16,18,1x3,0.9130882858124356
random,p00,16,18,2x2,0.7866712469941601
random,p00,16,18,3x3,0.6042597045688767
random,p00,16,18,4x4,0.4665063552043971
random,p00,16,19,1x3,0.9120577121264171
random,p00,16,19,2x2,0.8062521470285126
random,p00,16,19,3x3,0.6358639642734456
random,p00,16,19,4x4,0.5022329096530402
first session,p00,1,0,1x3,0.8987968860580325
first session,p00,1,0,2x2,0.505307855626327
first session,p00,1,0,3x3,0.35173389950460016
first session,p00,1,0,4x4,0.23779193205944799
first session,p00,1,1,1x3,0.8878273177636234
first session,p00,1,1,2x2,0.4840764331210191
first session,p00,1,1,3x3,0.30927105449398445
first session,p00,1,1,4x4,0.2024062278839349
first session,p00,1,2,1x3,0.9041047416843595
first session,p00,1,2,2x2,0.6985138004246284
first session,p00,1,2,3x3,0.4738145789101203
first session,p00,1,2,4x4,0.3333333333333333
first session,p00,1,3,1x3,0.9005661712668082
first session,p00,1,3,2x2,0.77034677990092
first session,p00,1,3,3x3,0.4989384288747346
first session,p00,1,3,4x4,0.3673036093418259
first session,p00,1,4,1x3,0.9033970276008493
first session,p00,1,4,2x2,0.8103326256192498
first session,p00,1,4,3x3,0.618895966029724
first session,p00,1,4,4x4,0.4462137296532201
first session,p00,1,5,1x3,0.8782731776362349
first session,p00,1,5,2x2,0.7915782024062279
first session,p00,1,5,3x3,0.6047416843595188
first session,p00,1,5,4x4,0.4430290162774239
first session,p00,1,6,1x3,0.8832271762208068
first session,p00,1,6,2x2,0.4688605803255485
first session,p00,1,6,3x3,0.2883934890304317
first session,p00,1,6,4x4,0.1956829440905874
first session,p00,1,7,1x3,0.9033970276008493
first session,p00,1,7,2x2,0.7983014861995754
first session,p00,1,7,3x3,0.5845718329794763
first session,p00,1,7,4x4,0.39667374380750176
first session,p00,1,8,1x3,0.8987968860580325
first session,p00,1,8,2x2,0.5162774239207361
first session,p00,1,8,3x3,0.35668789808917195
first session,p00,1,8,4x4,0.23920736022646852
first session,p00,1,9,1x3,0.8878273177636234
first session,p00,1,9,2x2,0.7887473460721869
first session,p00,1,9,3x3,0.575725406935598
first session,p00,1,9,4x4,0.3722576079263977
first session,p00,1,10,1x3,0.805378627034678
first session,p00,1,10,2x2,0.45010615711252655
first session,p00,1,10,3x3,0.2629157820240623
first session,p00,1,10,4x4,0.16631280962491155
first session,p00,1,11,1x3,0.8885350318471338
first session,p00,1,11,2x2,0.7126680820948337
first session,p00,1,11,3x3,0.40976645435244163
first session,p00,1,11,4x4,0.3167020523708422
first session,p00,1,12,1x3,0.897381457891012
first session,p00,1,12,2x2,0.47664543524416136
first session,p00,1,12,3x3,0.3365180467091295
first session,p00,1,12,4x4,0.2310686482661005
first session,p00,1,13,1x3,0.9041047416843595
first session,p00,1,13,2x2,0.4716914366595895
first session,p00,1,13,3x3,0.3213021939136589
first session,p00,1,13,4x4,0.224345364472753
first session,p00,1,14,1x3,0.872965322009908
first session,p00,1,14,2x2,0.7370842179759377
first session,p00,1,14,3x3,0.4462137296532201
first session,p00,1,14,4x4,0.3305024769992923
first session,p00,1,15,1x3,0.8956121726822364
first session,p00,1,15,2x2,0.7597310686482661
first session,p00,1,15,3x3,0.4844302901627742
first session,p00,1,15,4x4,0.3591648973814579
first session,p00,1,16,1x3,0.7887473460721869
first session,p00,1,16,2x2,0.7530077848549186
first session,p00,1,16,3x3,0.5396319886765747
first session,p00,1,16,4x4,0.34961075725406937
first session,p00,1,17,1x3,0.9005661712668082
first session,p00,1,17,2x2,0.7767162066525124
first session,p00,1,17,3x3,0.5353857041755131
first session,p00,1,17,4x4,0.37367303609341823
first session,p00,1,18,1x3,0.8991507430997877
first session,p00,1,18,2x2,0.5074309978768577
first session,p00,1,18,3x3,0.35385704175513094
first session,p00,1,18,4x4,0.23885350318471338
first session,p00,1,19,1x3,0.6769285208775655
first session,p00,1,19,2x2,0.5920028308563341
first session,p00,1,19,3x3,0.28768577494692144
first session,p00,1,19,4x4,0.16666666666666666
first session,p00,3,0,1x3,0.9005661712668082
first session,p00,3,0,2x2,0.6157112526539278
first session,p00,3,0,3x3,0.37933474876150036
first session,p00,3,0,4x4,0.26716206652512386
first session,p00,3,1,1x3,0.9009200283085633
first session,p00,3,1,2x2,0.7523000707714084
first session,p00,3,1,3x3,0.4451521585279547
first session,p00,3,1,4x4,0.3510261854210899
first session,p00,3,2,1x3,0.9033970276008493
first session,p00,3,2,2x2,0.7742392073602264
first session,p00,3,2,3x3,0.578556263269639
first session,p00,3,2,4x4,0.44090587402689313
first session,p00,3,3,1x3,0.9005661712668082
first session,p00,3,3,2x2,0.8018400566171267
first session,p00,3,3,3x3,0.6259731068648267
first session,p00,3,3,4x4,0.4759377211606511
first session,p00,3,4,1x3,0.8715498938428875
first session,p00,3,4,2x2,0.7848549186128804
first session,p00,3,4,3x3,0.5849256900212314
first session,p00,3,4,4x4,0.39561217268223636
first session,p00,3,5,1x3,0.9062278839348903
first session,p00,3,5,2x2,0.807855626326964
first session,p00,3,5,3x3,0.6231422505307855
first session,p00,3,5,4x4,0.4607218683651805
first session,p00,3,6,1x3,0.9062278839348903
first session,p00,3,6,2x2,0.8128096249115357
first session,p00,3,6,3x3,0.6139419674451522
first session,p00,3,6,4x4,0.43842887473460723
first session,p00,3,7,1x3,0.9062278839348903
first session,p00,3,7,2x2,0.7646850672328379
first session,p00,3,7,3x3,0.47947629157820243
first session,p00,3,7,4x4,0.3609341825902335
first session,p00,3,8,1x3,0.8910120311394196
first session,p00,3,8,2x2,0.8014861995753716
first session,p00,3,8,3x3,0.6100495399858458
first session,p00,3,8,4x4,0.43984430290162774
first session,p00,3,9,1x3,0.8959660297239915
first session,p00,3,9,2x2,0.7034677990092003
first session,p00,3,9,3x3,0.40693559801840057
first session,p00,3,9,4x4,0.3067940552016985
first session,p00,3,10,1x3,0.8467799009200283
first session,p00,3,10,2x2,0.7232837933474876
first session,p00,3,10,3x3,0.42321302193913657
first session,p00,3,10,4x4,0.31139419674451524
first session,p00,3,11,1x3,0.8987968860580325
first session,p00,3,11,2x2,0.8067940552016986
first session,p00,3,11,3x3,0.6167728237791932
first session,p00,3,11,4x4,0.45258315640481245
first session,p00,3,12,1x3,0.8977353149327671
first session,p00,3,12,2x2,0.7013446567586695
first session,p00,3,12,3x3,0.40870488322717624
first session,p00,3,12,4x4,0.3057324840764331
first session,p00,3,13,1x3,0.9002123142250531
first session,p00,3,13,2x2,0.47876857749469215
first session,p00,3,13,3x3,0.34111818825194623
first session,p00,3,13,4x4,0.22753007784854917
first session,p00,3,14,1x3,0.8956121726822364
first session,p00,3,14,2x2,0.7034677990092003
first session,p00,3,14,3x3,0.40764331210191085
first session,p00,3,14,4x4,0.30714791224345367
first session,p00,3,15,1x3,0.8987968860580325
first session,p00,3,15,2x2,0.7668082094833687
first session,p00,3,15,3x3,0.5060155697098372
first session,p00,3,15,4x4,0.36447275300778487
first session,p00,3,16,1x3,0.8987968860580325
first session,p00,3,16,2x2,0.7869780608634112
first session,p00,3,16,3x3,0.5969568294409059
first session,p00,3,16,4x4,0.4575371549893843
first session,p00,3,17,1x3,0.9026893135173389
first session,p00,3,17,2x2,0.773177636234961
first session,p00,3,17,3x3,0.5145081387119603
first session,p00,3,17,4x4,0.37154989384288745
first session,p00,3,18,1x3,0.8878273177636234
first session,p00,3,18,2x2,0.4713375796178344
first session,p00,3,18,3x3,0.3336871903750885
first session,p00,3,18,4x4,0.2229299363057325
first session,p00,3,19,1x3,0.8903043170559094
first session,p00,3,19,2x2,0.697098372257608
first session,p00,3,19,3x3,0.4016277423920736
first session,p00,3,19,4x4,0.3029016277423921
first session,p00,5,0,1x3,0.883934890304317
first session,p00,5,0,2x2,0.7551309271054494
first session,p00,5,0,3x3,0.5148619957537155
first session,p00,5,0,4x4,0.3315640481245577
first session,p00,5,1,1x3,0.910828025477707
first session,p00,5,1,2x2,0.7367303609341825
first session,p00,5,1,3x3,0.5092002830856334
first session,p00,5,1,4x4,0.3627034677990092
first session,p00,5,2,1x3,0.9129511677282378
first session,p00,5,2,2x2,0.554140127388535
first session,p00,5,2,3x3,0.4469214437367304
first session,p00,5,2,4x4,0.3067940552016985
first session,p00,5,3,1x3,0.9196744515215853
first session,p00,5,3,2x2,0.4769992922859165
first session,p00,5,3,3x3,0.43559801840056617
first session,p00,5,3,4x4,0.2940552016985138
first session,p00,5,4,1x3,0.9090587402689313
first session,p00,5,4,2x2,0.7954706298655343
first session,p00,5,4,3x3,0.5976645435244161
first session,p00,5,4,4x4,0.4309978768577495
first session,p00,5,5,1x3,0.916135881104034
first session,p00,5,5,2x2,0.6751592356687898
first session,p00,5,5,3x3,0.45222929936305734
first session,p00,5,5,4x4,0.329794762915782
first session,p00,5,6,1x3,0.9030431705590941
first session,p00,5,6,2x2,0.7491153573956122
first session,p00,5,6,3x3,0.5134465675866949
first session,p00,5,6,4x4,0.3202406227883935
first session,p00,5,7,1x3,0.9041047416843595
first session,p00,5,7,2x2,0.6196036801132343
first session,p00,5,7,3x3,0.4589525831564048
first session,p00,5,7,4x4,0.35067232837933476
first session,p00,5,8,1x3,0.9023354564755839
first session,p00,5,8,2x2,0.7799009200283086
first session,p00,5,8,3x3,0.5927105449398443
first session,p00,5,8,4x4,0.43559801840056617
first session,p00,5,9,1x3,0.8446567586694975
first session,p00,5,9,2x2,0.7834394904458599
first session,p00,5,9,3x3,0.5690021231422505
first session,p00,5,9,4x4,0.4196744515215853
first session,p00,5,10,1x3,0.8924274593064402
first session,p00,5,10,2x2,0.745930644019816
first session,p00,5,10,3x3,0.5162774239207361
first session,p00,5,10,4x4,0.33899504600141545
first session,p00,5,11,1x3,0.8683651804670913
first session,p00,5,11,2x2,0.751238499646143
first session,p00,5,11,3x3,0.5452937013446567
first session,p00,5,11,4x4,0.35491861288039633
first session,p00,5,12,1x3,0.9150743099787686
first session,p00,5,12,2x2,0.7735314932767162
first session,p00,5,12,3x3,0.5537862703467799
first session,p00,5,12,4x4,0.36588818117480537
first session,p00,5,13,1x3,0.9023354564755839
first session,p00,5,13,2x2,0.7225760792639774
first session,p00,5,13,3x3,0.42427459306440196
first session,p00,5,13,4x4,0.2997169143665959
first session,p00,5,14,1x3,0.8075017692852088
first session,p00,5,14,2x2,0.7307147912243454
first session,p00,5,14,3x3,0.3924274593064402
first session,p00,5,14,4x4,0.2908704883227176
first session,p00,5,15,1x3,0.9090587402689313
first session,p00,5,15,2x2,0.7802547770700637
first session,p00,5,15,3x3,0.4359518754423213
first session,p00,5,15,4x4,0.32094833687190377
first session,p00,5,16,1x3,0.913658881811748
first session,p00,5,16,2x2,0.7869780608634112
first session,p00,5,16,3x3,0.5934182590233545
first session,p00,5,16,4x4,0.448690728945506
first session,p00,5,17,1x3,0.8987968860580325
first session,p00,5,17,2x2,0.7579617834394905
first session,p00,5,17,3x3,0.5265392781316348
first session,p00,5,17,4x4,0.34253361641896674
first session,p00,5,18,1x3,0.8963198867657466
first session,p00,5,18,2x2,0.6638358103326256
first session,p00,5,18,3x3,0.43559801840056617
first session,p00,5,18,4x4,0.321656050955414
first session,p00,5,19,1x3,0.9101203113941967
first session,p00,5,19,2x2,0.8036093418259024
first session,p00,5,19,3x3,0.6397735314932768
first session,p00,5,19,4x4,0.5017692852087756
first session,p00,9,0,1x3,0.9115357395612173
first session,p00,9,0,2x2,0.4727530077848549
first session,p00,9,0,3x3,0.3524416135881104
first session,p00,9,0,4x4,0.251238499646143
first session,p00,9,1,1x3,0.8938428874734607
first session,p00,9,1,2x2,0.6698513800424628
first session,p00,9,1,3x3,0.416135881104034
first session,p00,9,1,4x4,0.3075017692852088
first session,p00,9,2,1x3,0.9115357395612173
first session,p00,9,2,2x2,0.7537154989384289
first session,p00,9,2,3x3,0.4692144373673036
first session,p00,9,2,4x4,0.3471337579617834
first session,p00,9,3,1x3,0.9157820240622788
first session,p00,9,3,2x2,0.7961783439490446
first session,p00,9,3,3x3,0.5530785562632696
first session,p00,9,3,4x4,0.3913658881811748
first session,p00,9,4,1x3,0.9129511677282378
first session,p00,9,4,2x2,0.7239915074309978
first session,p00,9,4,3x3,0.42604387827317763
first session,p00,9,4,4x4,0.3064401981599434
first session,p00,9,5,1x3,0.8966737438075018
first session,p00,9,5,2x2,0.7629157820240623
first session,p00,9,5,3x3,0.5304317055909412
first session,p00,9,5,4x4,0.3662420382165605
first session,p00,9,6,1x3,0.8878273177636234
first session,p00,9,6,2x2,0.7530077848549186
first session,p00,9,6,3x3,0.564755838641189
first session,p00,9,6,4x4,0.3934890304317056
first session,p00,9,7,1x3,0.9154281670205237
first session,p00,9,7,2x2,0.6790516631280963
first session,p00,9,7,3x3,0.4041047416843595
first session,p00,9,7,4x4,0.3011323425336164
first session,p00,9,8,1x3,0.9147204529370134
first session,p00,9,8,2x2,0.7561924982307148
first session,p00,9,8,3x3,0.5290162774239208
first session,p00,9,8,4x4,0.3464260438782732
first session,p00,9,9,1x3,0.9147204529370134
first session,p00,9,9,2x2,0.6613588110403397
first session,p00,9,9,3x3,0.3885350318471338
first session,p00,9,9,4x4,0.28485491861288037
first session,p00,9,10,1x3,0.9062278839348903
first session,p00,9,10,2x2,0.7346072186836518
first session,p00,9,10,3x3,0.4437367303609342
first session,p00,9,10,4x4,0.32625619249823073
first session,p00,9,11,1x3,0.9122434536447275
first session,p00,9,11,2x2,0.8071479122434536
first session,p00,9,11,3x3,0.6234961075725407
first session,p00,9,11,4x4,0.4982307147912243
first session,p00,9,12,1x3,0.9002123142250531
first session,p00,9,12,2x2,0.7848549186128804
first session,p00,9,12,3x3,0.5336164189667374
first session,p00,9,12,4x4,0.386411889596603
first session,p00,9,13,1x3,0.9140127388535032
first session,p00,9,13,2x2,0.7664543524416136
first session,p00,9,13,3x3,0.5431705590941259
first session,p00,9,13,4x4,0.35987261146496813
first session,p00,9,14,1x3,0.8789808917197452
first session,p00,9,14,2x2,0.7438075017692852
first session,p00,9,14,3x3,0.4578910120311394
first session,p00,9,14,4x4,0.34041047416843595
first session,p00,9,15,1x3,0.8934890304317056
first session,p00,9,15,2x2,0.7519462137296532
first session,p00,9,15,3x3,0.44798301486199577
first session,p00,9,15,4x4,0.3651804670912951
first session,p00,9,16,1x3,0.9072894550601557
first session,p00,9,16,2x2,0.7954706298655343
first session,p00,9,16,3x3,0.6089879688605804
first session,p00,9,16,4x4,0.4727530077848549
first session,p00,9,17,1x3,0.8814578910120311
first session,p00,9,17,2x2,0.7374380750176929
first session,p00,9,17,3x3,0.5159235668789809
first session,p00,9,17,4x4,0.32625619249823073
first session,p00,9,18,1x3,0.913658881811748
first session,p00,9,18,2x2,0.7968860580325549
first session,p00,9,18,3x3,0.613234253361642
first session,p00,9,18,4x4,0.4699221514508139
first session,p00,9,19,1x3,0.9140127388535032
first session,p00,9,19,2x2,0.7498230714791224
first session,p00,9,19,3x3,0.48018400566171265
first session,p00,9,19,4x4,0.33121019108280253
first session,p00,16,0,1x3,0.9125973106864826
first session,p00,16,0,2x2,0.7919320594479831
first session,p00,16,0,3x3,0.5799716914366596
first session,p00,16,0,4x4,0.38499646142958244
first session,p00,16,1,1x3,0.9143665958952583
first session,p00,16,1,2x2,0.7873319179051663
first session,p00,16,1,3x3,0.5937721160651097
first session,p00,16,1,4x4,0.42852087756546353
first session,p00,16,2,1x3,0.916489738145789
first session,p00,16,2,2x2,0.7929936305732485
first session,p00,16,2,3x3,0.5711252653927813
first session,p00,16,2,4x4,0.3920736022646851
first session,p00,16,3,1x3,0.913658881811748
first session,p00,16,3,2x2,0.7862703467799009
first session,p00,16,3,3x3,0.6029723991507431
first session,p00,16,3,4x4,0.4440905874026893
first session,p00,16,4,1x3,0.8987968860580325
first session,p00,16,4,2x2,0.7905166312809625
first session,p00,16,4,3x3,0.5951875442321303
first session,p00,16,4,4x4,0.4051663128096249
first session,p00,16,5,1x3,0.9090587402689313
first session,p00,16,5,2x2,0.8043170559094126
first session,p00,16,5,3x3,0.6256192498230715
first session,p00,16,5,4x4,0.4897381457891012
first session,p00,16,6,1x3,0.9118895966029724
first session,p00,16,6,2x2,0.7760084925690022
first session,p00,16,6,3x3,0.5495399858457183
first session,p00,16,6,4x4,0.38075017692852087
first session,p00,16,7,1x3,0.9094125973106865
first session,p00,16,7,2x2,0.7558386411889597
first session,p00,16,7,3x3,0.4596602972399151
first session,p00,16,7,4x4,0.3510261854210899
first session,p00,16,8,1x3,0.9150743099787686
first session,p00,16,8,2x2,0.7855626326963907
first session,p00,16,8,3x3,0.5856334041047417
first session,p00,16,8,4x4,0.39738145789101204
first session,p00,16,9,1x3,0.9097664543524416
first session,p00,16,9,2x2,0.8103326256192498
first session,p00,16,9,3x3,0.4019815994338287
first session,p00,16,9,4x4,0.329794762915782
first session,p00,16,10,1x3,0.9129511677282378
first session,p00,16,10,2x2,0.7565463552724699
first session,p00,16,10,3x3,0.4554140127388535
first session,p00,16,10,4x4,0.36801132342533616
first session,p00,16,11,1x3,0.9044585987261147
first session,p00,16,11,2x2,0.7834394904458599
first session,p00,16,11,3x3,0.5937721160651097
first session,p00,16,11,4x4,0.43701344656758667
first session,p00,16,12,1x3,0.9101203113941967
first session,p00,16,12,2x2,0.767515923566879
first session,p00,16,12,3x3,0.48230714791224344
first session,p00,16,12,4x4,0.37048832271762205
first session,p00,16,13,1x3,0.9129511677282378
first session,p00,16,13,2x2,0.7891012031139419
first session,p00,16,13,3x3,0.5941259731068649
first session,p00,16,13,4x4,0.4019815994338287
first session,p00,16,14,1x3,0.9140127388535032
first session,p00,16,14,2x2,0.7767162066525124
first session,p00,16,14,3x3,0.589171974522293
first session,p00,16,14,4x4,0.4292285916489738
first session,p00,16,15,1x3,0.9069355980184005
first session,p00,16,15,2x2,0.7852087756546355
first session,p00,16,15,3x3,0.5102618542108988
first session,p00,16,15,4x4,0.3885350318471338
first session,p00,16,16,1x3,0.9154281670205237
first session,p00,16,16,2x2,0.7859164897381458
first session,p00,16,16,3x3,0.48903043170559096
first session,p00,16,16,4x4,0.3796886058032555
first session,p00,16,17,1x3,0.9147204529370134
first session,p00,16,17,2x2,0.7024062278839349
first session,p00,16,17,3x3,0.4394904458598726
first session,p00,16,17,4x4,0.343241330502477
first session,p00,16,18,1x3,0.9072894550601557
first session,p00,16,18,2x2,0.7519462137296532
first session,p00,16,18,3x3,0.5498938428874734
first session,p00,16,18,4x4,0.3637650389242746
first session,p00,16,19,1x3,0.9118895966029724
first session,p00,16,19,2x2,0.7908704883227177
first session,p00,16,19,3x3,0.5881104033970276
first session,p00,16,19,4x4,0.39561217268223636
random,p01,1,0,1x3,0.6496727523251808
random,p01,1,0,2x2,0.644161212538753
random,p01,1,0,3x3,0.33792628315535655
random,p01,1,0,4x4,0.21529452290733725
random,p01,1,1,1x3,0.8411987599035481
random,p01,1,1,2x2,0.6810196348604891
random,p01,1,1,3x3,0.437822941784361
random,p01,1,1,4x4,0.3076128143300034
random,p01,1,2,1x3,0.843954529796762
random,p01,1,2,2x2,0.5804340337581811
random,p01,1,2,3x3,0.3665173957974509
random,p01,1,2,4x4,0.2752325180847399
random,p01,1,3,1x3,0.7967619703754737
random,p01,1,3,2x2,0.6207371684464347
random,p01,1,3,3x3,0.3692731656906648
random,p01,1,3,4x4,0.2642094385118843
random,p01,1,4,1x3,0.8036513951085085
random,p01,1,4,2x2,0.736823975198071
random,p01,1,4,3x3,0.44092318291422666
random,p01,1,4,4x4,0.2872890113675508
random,p01,1,5,1x3,0.5959352394075095
random,p01,1,5,2x2,0.5976575955907681
random,p01,1,5,3x3,0.3027902170168791
random,p01,1,5,4x4,0.2011712022046159
random,p01,1,6,1x3,0.617636927316569
random,p01,1,6,2x2,0.6727523251808474
random,p01,1,6,3x3,0.34791594901825695
random,p01,1,6,4x4,0.2018601446779194
random,p01,1,7,1x3,0.7375129176713744
random,p01,1,7,2x2,0.6724078539441957
random,p01,1,7,3x3,0.38546331381329657
random,p01,1,7,4x4,0.2518084739924216
random,p01,1,8,1x3,0.8184636582845333
random,p01,1,8,2x2,0.6462280399586634
random,p01,1,8,3x3,0.41474336892869446
random,p01,1,8,4x4,0.2852221839476404
random,p01,1,9,1x3,0.6999655528763348
random,p01,1,9,2x2,0.6293489493627282
random,p01,1,9,3x3,0.3644505683775405
random,p01,1,9,4x4,0.23114019979331726
random,p01,1,10,1x3,0.8101963486048915
random,p01,1,10,2x2,0.6675852566310713
random,p01,1,10,3x3,0.39751980709610746
random,p01,1,10,4x4,0.289700310024113
random,p01,1,11,1x3,0.7643816741302101
random,p01,1,11,2x2,0.45642438856355494
random,p01,1,11,3x3,0.28418877023768513
random,p01,1,11,4x4,0.18773682397519806
random,p01,1,12,1x3,0.6572511195315192
random,p01,1,12,2x2,0.5759559076817086
random,p01,1,12,3x3,0.3138132965897348
random,p01,1,12,4x4,0.20254908715122288
random,p01,1,13,1x3,0.8349982776438167
random,p01,1,13,2x2,0.6562177058215639
random,p01,1,13,3x3,0.4109541853255253
random,p01,1,13,4x4,0.30003444712366517
random,p01,1,14,1x3,0.8367206338270754
random,p01,1,14,2x2,0.4526352049603858
random,p01,1,14,3x3,0.2810885291078195
random,p01,1,14,4x4,0.18911470892180504
random,p01,1,15,1x3,0.8208749569410955
random,p01,1,15,2x2,0.7399242163279366
random,p01,1,15,3x3,0.47915949018256976
random,p01,1,15,4x4,0.2783327592146056
random,p01,1,16,1x3,0.8215638994143989
random,p01,1,16,2x2,0.45642438856355494
random,p01,1,16,3x3,0.2755769893213917
random,p01,1,16,4x4,0.18429211160868067
random,p01,1,17,1x3,0.7967619703754737
random,p01,1,17,2x2,0.4698587667929728
random,p01,1,17,3x3,0.3138132965897348
random,p01,1,17,4x4,0.20427144333448158
random,p01,1,18,1x3,0.8367206338270754
random,p01,1,18,2x2,0.7564588356872202
random,p01,1,18,3x3,0.4770926627626593
random,p01,1,18,4x4,0.2934894936272821
random,p01,1,19,1x3,0.45814674474681366
random,p01,1,19,2x2,0.5707888391319325
random,p01,1,19,3x3,0.23734068205304856
random,p01,1,19,4x4,0.12159834653806408
random,p01,3,0,1x3,0.8441916580489487
random,p01,3,0,2x2,0.7624956911409859
random,p01,3,0,3x3,0.5032747328507411
random,p01,3,0,4x4,0.3023095484315753
random,p01,3,1,1x3,0.7583591864874182
random,p01,3,1,2x2,0.6480523957256119
random,p01,3,1,3x3,0.3926232333678042
random,p01,3,1,4x4,0.2595656670113754
random,p01,3,2,1x3,0.8159255429162358
random,p01,3,2,2x2,0.7442261289210617
random,p01,3,2,3x3,0.4812133746983799
random,p01,3,2,4x4,0.28093760772147536
random,p01,3,3,1x3,0.8259220958290244
random,p01,3,3,2x2,0.6397793864184764
random,p01,3,3,3x3,0.3940020682523268
random,p01,3,3,4x4,0.28576352981730435
random,p01,3,4,1x3,0.8207514650120648
random,p01,3,4,2x2,0.7576697690451568
random,p01,3,4,3x3,0.4891416752843847
random,p01,3,4,4x4,0.2854188210961737
random,p01,3,5,1x3,0.8435022406066873
random,p01,3,5,2x2,0.7542226818338504
random,p01,3,5,3x3,0.48017924853498795
random,p01,3,5,4x4,0.2998965873836608
random,p01,3,6,1x3,0.8407445708376422
random,p01,3,6,2x2,0.7407790417097553
random,p01,3,6,3x3,0.4884522578421234
random,p01,3,6,4x4,0.29782833505687695
random,p01,3,7,1x3,0.8424681144432954
random,p01,3,7,2x2,0.7035504998276456
random,p01,3,7,3x3,0.4474319200275767
random,p01,3,7,4x4,0.30954843157531886
random,p01,3,8,1x3,0.8162702516373664
random,p01,3,8,2x2,0.7369872457773181
random,p01,3,8,3x3,0.44605308514305414
random,p01,3,8,4x4,0.2943812478455705
random,p01,3,9,1x3,0.7948983109272665
random,p01,3,9,2x2,0.7311271975180972
random,p01,3,9,3x3,0.46845915201654603
random,p01,3,9,4x4,0.2736987245777318
random,p01,3,10,1x3,0.7980006894174423
random,p01,3,10,2x2,0.7445708376421923
random,p01,3,10,3x3,0.473285074112375
random,p01,3,10,4x4,0.27231988969320925
random,p01,3,11,1x3,0.755601516718373
random,p01,3,11,2x2,0.744915546363323
random,p01,3,11,3x3,0.4550155118924509
random,p01,3,11,4x4,0.25853154084798347
random,p01,3,12,1x3,0.8259220958290244
random,p01,3,12,2x2,0.7593933126508101
random,p01,3,12,3x3,0.4756980351602896
random,p01,3,12,4x4,0.29472595656670114
random,p01,3,13,1x3,0.832126852809376
random,p01,3,13,2x2,0.7438814201999311
random,p01,3,13,3x3,0.4619096863150638
random,p01,3,13,4x4,0.29507066528783177
random,p01,3,14,1x3,0.8238538435022406
random,p01,3,14,2x2,0.7483626335746294
random,p01,3,14,3x3,0.47087211306446053
random,p01,3,14,4x4,0.2768011030679076
random,p01,3,15,1x3,0.8155808341951052
random,p01,3,15,2x2,0.7573250603240262
random,p01,3,15,3x3,0.4901758014477766
random,p01,3,15,4x4,0.28093760772147536
random,p01,3,16,1x3,0.8252326783867632
random,p01,3,16,2x2,0.5939331265081007
random,p01,3,16,3x3,0.39538090313684937
random,p01,3,16,4x4,0.2774905205101689
random,p01,3,17,1x3,0.8107549120992761
random,p01,3,17,2x2,0.7156153050672182
random,p01,3,17,3x3,0.45742847294036537
random,p01,3,17,4x4,0.2819717338848673
random,p01,3,18,1x3,0.8366080661840745
random,p01,3,18,2x2,0.7590486039296794
random,p01,3,18,3x3,0.4870734229576008
random,p01,3,18,4x4,0.2992071699413995
random,p01,3,19,1x3,0.8376421923474664
random,p01,3,19,2x2,0.6959669079627715
random,p01,3,19,3x3,0.43709065839365735
random,p01,3,19,4x4,0.3050672182006205
random,p01,5,0,1x3,0.8361503966885133
random,p01,5,0,2x2,0.7464642980338048
random,p01,5,0,3x3,0.5422559503276992
random,p01,5,0,4x4,0.4084166954122111
random,p01,5,1,1x3,0.7361159020351845
random,p01,5,1,2x2,0.7216281476371162
random,p01,5,1,3x3,0.4877543980682994
random,p01,5,1,4x4,0.32459468782338735
random,p01,5,2,1x3,0.8233873749568816
random,p01,5,2,2x2,0.6077957916522939
random,p01,5,2,3x3,0.40255260434632634
random,p01,5,2,4x4,0.2731976543635736
random,p01,5,3,1x3,0.8130389789582615
random,p01,5,3,2x2,0.7530182821662642
random,p01,5,3,3x3,0.5529492928596068
random,p01,5,3,4x4,0.3987581924801656
random,p01,5,4,1x3,0.8157985512245602
random,p01,5,4,2x2,0.7540531217661263
random,p01,5,4,3x3,0.5608830631252156
random,p01,5,4,4x4,0.3956536736805795
random,p01,5,5,1x3,0.8209727492238703
random,p01,5,5,2x2,0.7547430148327009
random,p01,5,5,3x3,0.5184546395308727
random,p01,5,5,4x4,0.3273542600896861
random,p01,5,6,1x3,0.8199379096240083
random,p01,5,6,2x2,0.7478440841669541
random,p01,5,6,3x3,0.5315626077957917
random,p01,5,6,4x4,0.38392549154880995
random,p01,5,7,1x3,0.7685408761641945
random,p01,5,7,2x2,0.7419799931010693
random,p01,5,7,3x3,0.5081062435322525
random,p01,5,7,4x4,0.34149706795446705
random,p01,5,8,1x3,0.8251121076233184
random,p01,5,8,2x2,0.6854087616419455
random,p01,5,8,3x3,0.44015177647464643
random,p01,5,8,4x4,0.31321145222490515
random,p01,5,9,1x3,0.8354605036219386
random,p01,5,9,2x2,0.7343911693687478
random,p01,5,9,3x3,0.5036219385995171
random,p01,5,9,4x4,0.3628837530182822
random,p01,5,10,1x3,0.8244222145567437
random,p01,5,10,2x2,0.6716109003104519
random,p01,5,10,3x3,0.4322180062090376
random,p01,5,10,4x4,0.29113487409451533
random,p01,5,11,1x3,0.8382200758882373
random,p01,5,11,2x2,0.7526733356329769
random,p01,5,11,3x3,0.5567437047257675
random,p01,5,11,4x4,0.4235943428768541
random,p01,5,12,1x3,0.8202828561572956
random,p01,5,12,2x2,0.7523283890996896
random,p01,5,12,3x3,0.5432907899275612
random,p01,5,12,4x4,0.39082442221455677
random,p01,5,13,1x3,0.8275267333563298
random,p01,5,13,2x2,0.7564677474991376
random,p01,5,13,3x3,0.5526043463263194
random,p01,5,13,4x4,0.3897895826146947
random,p01,5,14,1x3,0.8123490858916868
random,p01,5,14,2x2,0.4860296654018627
random,p01,5,14,3x3,0.38461538461538464
random,p01,5,14,4x4,0.2335288030355295
random,p01,5,15,1x3,0.6864436012418075
random,p01,5,15,2x2,0.724387719903415
random,p01,5,15,3x3,0.48361503966885133
random,p01,5,15,4x4,0.3342531907554329
random,p01,5,16,1x3,0.8440841669541221
random,p01,5,16,2x2,0.7540531217661263
random,p01,5,16,3x3,0.548120041393584
random,p01,5,16,4x4,0.39254915488099346
random,p01,5,17,1x3,0.8199379096240083
random,p01,5,17,2x2,0.566402207657813
random,p01,5,17,3x3,0.3911693687478441
random,p01,5,17,4x4,0.20558813383925492
random,p01,5,18,1x3,0.8061400482925146
random,p01,5,18,2x2,0.7592273197654363
random,p01,5,18,3x3,0.5381165919282511
random,p01,5,18,4x4,0.38151086581579857
random,p01,5,19,1x3,0.8454639530872715
random,p01,5,19,2x2,0.7595722662987237
random,p01,5,19,3x3,0.5232838909968954
random,p01,5,19,4x4,0.3273542600896861
random,p01,9,0,1x3,0.844559585492228
random,p01,9,0,2x2,0.7602763385146805
random,p01,9,0,3x3,0.5630397236614854
random,p01,9,0,4x4,0.39067357512953366
random,p01,9,1,1x3,0.8424870466321244
random,p01,9,1,2x2,0.7595854922279792
random,p01,9,1,3x3,0.5526770293609672
random,p01,9,1,4x4,0.39481865284974094
random,p01,9,2,1x3,0.8176165803108808
random,p01,9,2,2x2,0.7481865284974093
random,p01,9,2,3x3,0.5188255613126079
random,p01,9,2,4x4,0.3316062176165803
random,p01,9,3,1x3,0.8321243523316062
random,p01,9,3,2x2,0.7550949913644214
random,p01,9,3,3x3,0.5495682210708117
random,p01,9,3,4x4,0.3955094991364421
random,p01,9,4,1x3,0.8283246977547496
random,p01,9,4,2x2,0.7440414507772021
random,p01,9,4,3x3,0.49844559585492226
random,p01,9,4,4x4,0.340587219343696
random,p01,9,5,1x3,0.8442141623488774
random,p01,9,5,2x2,0.7606217616580311
random,p01,9,5,3x3,0.5647668393782384
random,p01,9,5,4x4,0.41899827288428326
random,p01,9,6,1x3,0.8473229706390328
random,p01,9,6,2x2,0.7606217616580311
random,p01,9,6,3x3,0.5637305699481865
random,p01,9,6,4x4,0.39654576856649393
random,p01,9,7,1x3,0.8134715025906736
random,p01,9,7,2x2,0.7530224525043178
random,p01,9,7,3x3,0.5481865284974093
random,p01,9,7,4x4,0.37823834196891193
random,p01,9,8,1x3,0.846286701208981
random,p01,9,8,2x2,0.7592400690846287
random,p01,9,8,3x3,0.5637305699481865
random,p01,9,8,4x4,0.4203799654576857
random,p01,9,9,1x3,0.8466321243523316
random,p01,9,9,2x2,0.7447322970639033
random,p01,9,9,3x3,0.5288428324697755
random,p01,9,9,4x4,0.3630397236614853
random,p01,9,10,1x3,0.778238341968912
random,p01,9,10,2x2,0.7374784110535406
random,p01,9,10,3x3,0.5205526770293609
random,p01,9,10,4x4,0.3550949913644214
random,p01,9,11,1x3,0.8438687392055267
random,p01,9,11,2x2,0.7533678756476684
random,p01,9,11,3x3,0.5506044905008636
random,p01,9,11,4x4,0.38341968911917096
random,p01,9,12,1x3,0.8459412780656304
random,p01,9,12,2x2,0.7613126079447323
random,p01,9,12,3x3,0.5696027633851468
random,p01,9,12,4x4,0.401727115716753
random,p01,9,13,1x3,0.7937823834196891
random,p01,9,13,2x2,0.7506044905008635
random,p01,9,13,3x3,0.5226252158894646
random,p01,9,13,4x4,0.35164075993091537
random,p01,9,14,1x3,0.8459412780656304
random,p01,9,14,2x2,0.7575129533678756
random,p01,9,14,3x3,0.5751295336787565
random,p01,9,14,4x4,0.41761658031088084
random,p01,9,15,1x3,0.8435233160621761
random,p01,9,15,2x2,0.7544041450777202
random,p01,9,15,3x3,0.5481865284974093
random,p01,9,15,4x4,0.4138169257340242
random,p01,9,16,1x3,0.8411053540587219
random,p01,9,16,2x2,0.7502590673575129
random,p01,9,16,3x3,0.5392055267702937
random,p01,9,16,4x4,0.3606217616580311
random,p01,9,17,1x3,0.831433506044905
random,p01,9,17,2x2,0.7547495682210709
random,p01,9,17,3x3,0.5412780656303973
random,p01,9,17,4x4,0.38134715025906735
random,p01,9,18,1x3,0.8162348877374784
random,p01,9,18,2x2,0.7620034542314335
random,p01,9,18,3x3,0.5436960276338515
random,p01,9,18,4x4,0.38341968911917096
random,p01,9,19,1x3,0.8407599309153714
random,p01,9,19,2x2,0.7530224525043178
random,p01,9,19,3x3,0.5430051813471503
random,p01,9,19,4x4,0.37962003454231436
random,p01,16,0,1x3,0.8445290858725761
random,p01,16,0,2x2,0.7583102493074793
random,p01,16,0,3x3,0.5595567867036011
random,p01,16,0,4x4,0.39854570637119113
random,p01,16,1,1x3,0.8434903047091413
random,p01,16,1,2x2,0.7475761772853186
random,p01,16,1,3x3,0.5429362880886427
random,p01,16,1,4x4,0.4009695290858726
random,p01,16,2,1x3,0.8154432132963989
random,p01,16,2,2x2,0.7558864265927978
random,p01,16,2,3x3,0.5398199445983379
random,p01,16,2,4x4,0.39508310249307477
random,p01,16,3,1x3,0.8327562326869806
random,p01,16,3,2x2,0.7510387811634349
random,p01,16,3,3x3,0.49238227146814406
random,p01,16,3,4x4,0.328601108033241
random,p01,16,4,1x3,0.8337950138504155
random,p01,16,4,2x2,0.7600415512465374
random,p01,16,4,3x3,0.5619806094182825
random,p01,16,4,4x4,0.4002770083102493
random,p01,16,5,1x3,0.8320637119113573
random,p01,16,5,2x2,0.703601108033241
random,p01,16,5,3x3,0.4695290858725762
random,p01,16,5,4x4,0.33587257617728533
random,p01,16,6,1x3,0.818213296398892
random,p01,16,6,2x2,0.7486149584487535
random,p01,16,6,3x3,0.5495152354570637
random,p01,16,6,4x4,0.40477839335180055
random,p01,16,7,1x3,0.8431440443213296
random,p01,16,7,2x2,0.7610803324099723
random,p01,16,7,3x3,0.5588642659279779
random,p01,16,7,4x4,0.3840027700831025
random,p01,16,8,1x3,0.8462603878116344
random,p01,16,8,2x2,0.7572714681440443
random,p01,16,8,3x3,0.5779085872576177
random,p01,16,8,4x4,0.4151662049861496
random,p01,16,9,1x3,0.8396814404432132
random,p01,16,9,2x2,0.7610803324099723
random,p01,16,9,3x3,0.5550554016620498
random,p01,16,9,4x4,0.3923130193905817
random,p01,16,10,1x3,0.8431440443213296
random,p01,16,10,2x2,0.739612188365651
random,p01,16,10,3x3,0.5252770083102493
random,p01,16,10,4x4,0.3763850415512465
random,p01,16,11,1x3,0.8472991689750693
random,p01,16,11,2x2,0.7645429362880887
random,p01,16,11,3x3,0.570983379501385
random,p01,16,11,4x4,0.40685595567867033
random,p01,16,12,1x3,0.8448753462603878
random,p01,16,12,2x2,0.7576177285318559
random,p01,16,12,3x3,0.5554016620498615
random,p01,16,12,4x4,0.40754847645429365
random,p01,16,13,1x3,0.8414127423822715
random,p01,16,13,2x2,0.7600415512465374
random,p01,16,13,3x3,0.5550554016620498
random,p01,16,13,4x4,0.40270083102493076
random,p01,16,14,1x3,0.8344875346260388
random,p01,16,14,2x2,0.7545013850415513
random,p01,16,14,3x3,0.5467451523545707
random,p01,16,14,4x4,0.38885041551246535
random,p01,16,15,1x3,0.8376038781163435
random,p01,16,15,2x2,0.7430747922437673
random,p01,16,15,3x3,0.532202216066482
random,p01,16,15,4x4,0.3850415512465374
random,p01,16,16,1x3,0.8119806094182825
random,p01,16,16,2x2,0.7541551246537396
random,p01,16,16,3x3,0.5353185595567868
random,p01,16,16,4x4,0.3878116343490305
random,p01,16,17,1x3,0.8372576177285319
random,p01,16,17,2x2,0.7576177285318559
random,p01,16,17,3x3,0.5432825484764543
random,p01,16,17,4x4,0.3459141274238227
random,p01,16,18,1x3,0.8351800554016621
random,p01,16,18,2x2,0.7621191135734072
random,p01,16,18,3x3,0.5616343490304709
random,p01,16,18,4x4,0.40754847645429365
random,p01,16,19,1x3,0.817174515235457
random,p01,16,19,2x2,0.7572714681440443
random,p01,16,19,3x3,0.5408587257617729
random,p01,16,19,4x4,0.360803324099723
first session,p01,1,0,1x3,0.8042253521126761
first session,p01,1,0,2x2,0.6408450704225352
first session,p01,1,0,3x3,0.38380281690140844
first session,p01,1,0,4x4,0.2721830985915493
first session,p01,1,1,1x3,0.8246478873239437
first session,p01,1,1,2x2,0.475
first session,p01,1,1,3x3,0.2936619718309859
first session,p01,1,1,4x4,0.20669014084507042
first session,p01,1,2,1x3,0.5669014084507042
first session,p01,1,2,2x2,0.4154929577464789
first session,p01,1,2,3x3,0.1954225352112676
first session,p01,1,2,4x4,0.12077464788732395
first session,p01,1,3,1x3,0.5503521126760563
first session,p01,1,3,2x2,0.5158450704225352
first session,p01,1,3,3x3,0.2813380281690141
first session,p01,1,3,4x4,0.15669014084507044
first session,p01,1,4,1x3,0.7943661971830986
first session,p01,1,4,2x2,0.727112676056338
first session,p01,1,4,3x3,0.4545774647887324
first session,p01,1,4,4x4,0.2792253521126761
first session,p01,1,5,1x3,0.7788732394366197
first session,p01,1,5,2x2,0.6838028169014084
first session,p01,1,5,3x3,0.40492957746478875
first session,p01,1,5,4x4,0.275
first session,p01,1,6,1x3,0.7869718309859155
first session,p01,1,6,2x2,0.4471830985915493
first session,p01,1,6,3x3,0.26654929577464787
first session,p01,1,6,4x4,0.17887323943661973
first session,p01,1,7,1x3,0.7943661971830986
first session,p01,1,7,2x2,0.727112676056338
first session,p01,1,7,3x3,0.4545774647887324
first session,p01,1,7,4x4,0.2792253521126761
first session,p01,1,8,1x3,0.8253521126760563
first session,p01,1,8,2x2,0.7281690140845071
first session,p01,1,8,3x3,0.4450704225352113
first session,p01,1,8,4x4,0.29225352112676056
first session,p01,1,9,1x3,0.5503521126760563
first session,p01,1,9,2x2,0.5158450704225352
first session,p01,1,9,3x3,0.2813380281690141
first session,p01,1,9,4x4,0.15669014084507044
first session,p01,1,10,1x3,0.7788732394366197
first session,p01,1,10,2x2,0.6838028169014084
first session,p01,1,10,3x3,0.40492957746478875
first session,p01,1,10,4x4,0.275
first session,p01,1,11,1x3,0.722887323943662
first session,p01,1,11,2x2,0.5080985915492958
first session,p01,1,11,3x3,0.2933098591549296
first session,p01,1,11,4x4,0.2112676056338028
first session,p01,1,12,1x3,0.5669014084507042
first session,p01,1,12,2x2,0.4154929577464789
first session,p01,1,12,3x3,0.1954225352112676
first session,p01,1,12,4x4,0.12077464788732395
first session,p01,1,13,1x3,0.8246478873239437
first session,p01,1,13,2x2,0.475
first session,p01,1,13,3x3,0.2936619718309859
first session,p01,1,13,4x4,0.20669014084507042
first session,p01,1,14,1x3,0.7869718309859155
first session,p01,1,14,2x2,0.5095070422535212
first session,p01,1,14,3x3,0.35070422535211265
first session,p01,1,14,4x4,0.2186619718309859
first session,p01,1,15,1x3,0.7922535211267606
first session,p01,1,15,2x2,0.6584507042253521
first session,p01,1,15,3x3,0.38873239436619716
first session,p01,1,15,4x4,0.2792253521126761
first session,p01,1,16,1x3,0.8352112676056338
first session,p01,1,16,2x2,0.4707746478873239
first session,p01,1,16,3x3,0.32359154929577466
first session,p01,1,16,4x4,0.2176056338028169
first session,p01,1,17,1x3,0.7179577464788732
first session,p01,1,17,2x2,0.6197183098591549
first session,p01,1,17,3x3,0.3658450704225352
first session,p01,1,17,4x4,0.23838028169014083
first session,p01,1,18,1x3,0.8059859154929577
first session,p01,1,18,2x2,0.6492957746478873
first session,p01,1,18,3x3,0.4024647887323944
first session,p01,1,18,4x4,0.28274647887323945
first session,p01,1,19,1x3,0.7665492957746479
first session,p01,1,19,2x2,0.6933098591549296
first session,p01,1,19,3x3,0.4158450704225352
first session,p01,1,19,4x4,0.2746478873239437
first session,p01,3,0,1x3,0.8362676056338029
first session,p01,3,0,2x2,0.7345070422535211
first session,p01,3,0,3x3,0.478169014084507
first session,p01,3,0,4x4,0.30422535211267604
first session,p01,3,1,1x3,0.8390845070422536
first session,p01,3,1,2x2,0.6538732394366197
first session,p01,3,1,3x3,0.4080985915492958
first session,p01,3,1,4x4,0.3059859154929577
first session,p01,3,2,1x3,0.652112676056338
first session,p01,3,2,2x2,0.6154929577464788
first session,p01,3,2,3x3,0.3419014084507042
first session,p01,3,2,4x4,0.2147887323943662
first session,p01,3,3,1x3,0.7619718309859155
first session,p01,3,3,2x2,0.6647887323943662
first session,p01,3,3,3x3,0.37746478873239436
first session,p01,3,3,4x4,0.2676056338028169
first session,p01,3,4,1x3,0.8330985915492958
first session,p01,3,4,2x2,0.7492957746478873
first session,p01,3,4,3x3,0.4926056338028169
first session,p01,3,4,4x4,0.2919014084507042
first session,p01,3,5,1x3,0.7612676056338028
first session,p01,3,5,2x2,0.6640845070422535
first session,p01,3,5,3x3,0.40211267605633805
first session,p01,3,5,4x4,0.2647887323943662
first session,p01,3,6,1x3,0.8264084507042253
first session,p01,3,6,2x2,0.6778169014084507
first session,p01,3,6,3x3,0.4119718309859155
first session,p01,3,6,4x4,0.3045774647887324
first session,p01,3,7,1x3,0.8246478873239437
first session,p01,3,7,2x2,0.7623239436619719
first session,p01,3,7,3x3,0.4838028169014085
first session,p01,3,7,4x4,0.2982394366197183
first session,p01,3,8,1x3,0.8433098591549296
first session,p01,3,8,2x2,0.706338028169014
first session,p01,3,8,3x3,0.45035211267605635
first session,p01,3,8,4x4,0.3105633802816901
first session,p01,3,9,1x3,0.801056338028169
first session,p01,3,9,2x2,0.579225352112676
first session,p01,3,9,3x3,0.3823943661971831
first session,p01,3,9,4x4,0.25140845070422535
first session,p01,3,10,1x3,0.706338028169014
first session,p01,3,10,2x2,0.6419014084507042
first session,p01,3,10,3x3,0.3700704225352113
first session,p01,3,10,4x4,0.2397887323943662
first session,p01,3,11,1x3,0.8274647887323944
first session,p01,3,11,2x2,0.725
first session,p01,3,11,3x3,0.4471830985915493
first session,p01,3,11,4x4,0.29225352112676056
first session,p01,3,12,1x3,0.8228873239436619
first session,p01,3,12,2x2,0.6369718309859155
first session,p01,3,12,3x3,0.39154929577464787
first session,p01,3,12,4x4,0.2841549295774648
first session,p01,3,13,1x3,0.7809859154929577
first session,p01,3,13,2x2,0.7471830985915493
first session,p01,3,13,3x3,0.47007042253521125
first session,p01,3,13,4x4,0.27147887323943665
first session,p01,3,14,1x3,0.8334507042253522
first session,p01,3,14,2x2,0.7394366197183099
first session,p01,3,14,3x3,0.48450704225352115
first session,p01,3,14,4x4,0.2971830985915493
first session,p01,3,15,1x3,0.8373239436619718
first session,p01,3,15,2x2,0.7612676056338028
first session,p01,3,15,3x3,0.5014084507042254
first session,p01,3,15,4x4,0.29788732394366196
first session,p01,3,16,1x3,0.7084507042253522
first session,p01,3,16,2x2,0.7242957746478873
first session,p01,3,16,3x3,0.4119718309859155
first session,p01,3,16,4x4,0.23380281690140844
first session,p01,3,17,1x3,0.8394366197183099
first session,p01,3,17,2x2,0.719718309859155
first session,p01,3,17,3x3,0.451056338028169
first session,p01,3,17,4x4,0.3126760563380282
first session,p01,3,18,1x3,0.8429577464788732
first session,p01,3,18,2x2,0.7580985915492958
first session,p01,3,18,3x3,0.498943661971831
first session,p01,3,18,4x4,0.30528169014084505
first session,p01,3,19,1x3,0.8366197183098592
first session,p01,3,19,2x2,0.7630281690140845
first session,p01,3,19,3x3,0.497887323943662
first session,p01,3,19,4x4,0.303169014084507
first session,p01,5,0,1x3,0.7366197183098592
first session,p01,5,0,2x2,0.7334507042253521
first session,p01,5,0,3x3,0.4735915492957746
first session,p01,5,0,4x4,0.3095070422535211
first session,p01,5,1,1x3,0.8225352112676056
first session,p01,5,1,2x2,0.7595070422535212
first session,p01,5,1,3x3,0.5619718309859155
first session,p01,5,1,4x4,0.40387323943661974
first session,p01,5,2,1x3,0.842605633802817
first session,p01,5,2,2x2,0.7609154929577465
first session,p01,5,2,3x3,0.5753521126760563
first session,p01,5,2,4x4,0.4327464788732394
first session,p01,5,3,1x3,0.8345070422535211
first session,p01,5,3,2x2,0.7524647887323944
first session,p01,5,3,3x3,0.5313380281690141
first session,p01,5,3,4x4,0.35140845070422533
first session,p01,5,4,1x3,0.8186619718309859
first session,p01,5,4,2x2,0.7552816901408451
first session,p01,5,4,3x3,0.5454225352112676
first session,p01,5,4,4x4,0.4140845070422535
first session,p01,5,5,1x3,0.7838028169014084
first session,p01,5,5,2x2,0.7482394366197183
first session,p01,5,5,3x3,0.5133802816901408
first session,p01,5,5,4x4,0.3471830985915493
first session,p01,5,6,1x3,0.7985915492957747
first session,p01,5,6,2x2,0.7316901408450704
first session,p01,5,6,3x3,0.27535211267605636
first session,p01,5,6,4x4,0.20211267605633804
first session,p01,5,7,1x3,0.8366197183098592
first session,p01,5,7,2x2,0.7450704225352113
first session,p01,5,7,3x3,0.4376760563380282
first session,p01,5,7,4x4,0.2869718309859155
first session,p01,5,8,1x3,0.8285211267605633
first session,p01,5,8,2x2,0.7528169014084507
first session,p01,5,8,3x3,0.5390845070422535
first session,p01,5,8,4x4,0.39507042253521124
first session,p01,5,9,1x3,0.831338028169014
first session,p01,5,9,2x2,0.7528169014084507
first session,p01,5,9,3x3,0.551056338028169
first session,p01,5,9,4x4,0.377112676056338
first session,p01,5,10,1x3,0.6823943661971831
first session,p01,5,10,2x2,0.7088028169014085
first session,p01,5,10,3x3,0.47288732394366195
first session,p01,5,10,4x4,0.2975352112676056
first session,p01,5,11,1x3,0.8454225352112676
first session,p01,5,11,2x2,0.7257042253521127
first session,p01,5,11,3x3,0.4992957746478873
first session,p01,5,11,4x4,0.3580985915492958
first session,p01,5,12,1x3,0.8063380281690141
first session,p01,5,12,2x2,0.754225352112676
first session,p01,5,12,3x3,0.528169014084507
first session,p01,5,12,4x4,0.3644366197183099
first session,p01,5,13,1x3,0.7908450704225352
first session,p01,5,13,2x2,0.7380281690140845
first session,p01,5,13,3x3,0.4820422535211268
first session,p01,5,13,4x4,0.2936619718309859
first session,p01,5,14,1x3,0.8352112676056338
first session,p01,5,14,2x2,0.7605633802816901
first session,p01,5,14,3x3,0.5517605633802817
first session,p01,5,14,4x4,0.3869718309859155
first session,p01,5,15,1x3,0.8246478873239437
first session,p01,5,15,2x2,0.7109154929577465
first session,p01,5,15,3x3,0.4584507042253521
first session,p01,5,15,4x4,0.3190140845070423
first session,p01,5,16,1x3,0.8440140845070423
first session,p01,5,16,2x2,0.7489436619718309
first session,p01,5,16,3x3,0.5450704225352113
first session,p01,5,16,4x4,0.4073943661971831
first session,p01,5,17,1x3,0.8130281690140845
first session,p01,5,17,2x2,0.7327464788732394
first session,p01,5,17,3x3,0.5126760563380282
first session,p01,5,17,4x4,0.36408450704225354
first session,p01,5,18,1x3,0.7827464788732394
first session,p01,5,18,2x2,0.7492957746478873
first session,p01,5,18,3x3,0.5204225352112676
first session,p01,5,18,4x4,0.3647887323943662
first session,p01,5,19,1x3,0.8102112676056338
first session,p01,5,19,2x2,0.7369718309859155
first session,p01,5,19,3x3,0.5183098591549296
first session,p01,5,19,4x4,0.3644366197183099
first session,p01,9,0,1x3,0.8404929577464789
first session,p01,9,0,2x2,0.7390845070422535
first session,p01,9,0,3x3,0.4869718309859155
first session,p01,9,0,4x4,0.3285211267605634
first session,p01,9,1,1x3,0.8102112676056338
first session,p01,9,1,2x2,0.7369718309859155
first session,p01,9,1,3x3,0.5133802816901408
first session,p01,9,1,4x4,0.35598591549295777
first session,p01,9,2,1x3,0.8330985915492958
first session,p01,9,2,2x2,0.7609154929577465
first session,p01,9,2,3x3,0.5577464788732395
first session,p01,9,2,4x4,0.4042253521126761
first session,p01,9,3,1x3,0.7799295774647887
first session,p01,9,3,2x2,0.7348591549295774
first session,p01,9,3,3x3,0.5119718309859155
first session,p01,9,3,4x4,0.36232394366197185
first session,p01,9,4,1x3,0.7309859154929578
first session,p01,9,4,2x2,0.7225352112676057
first session,p01,9,4,3x3,0.47852112676056335
first session,p01,9,4,4x4,0.3084507042253521
first session,p01,9,5,1x3,0.7911971830985915
first session,p01,9,5,2x2,0.7545774647887324
first session,p01,9,5,3x3,0.5397887323943662
first session,p01,9,5,4x4,0.3880281690140845
first session,p01,9,6,1x3,0.8443661971830986
first session,p01,9,6,2x2,0.7105633802816902
first session,p01,9,6,3x3,0.4982394366197183
first session,p01,9,6,4x4,0.3503521126760563
first session,p01,9,7,1x3,0.825
first session,p01,9,7,2x2,0.7633802816901408
first session,p01,9,7,3x3,0.5563380281690141
first session,p01,9,7,4x4,0.40774647887323945
first session,p01,9,8,1x3,0.8359154929577465
first session,p01,9,8,2x2,0.7496478873239436
first session,p01,9,8,3x3,0.5602112676056338
first session,p01,9,8,4x4,0.3936619718309859
first session,p01,9,9,1x3,0.8330985915492958
first session,p01,9,9,2x2,0.7612676056338028
first session,p01,9,9,3x3,0.5605633802816902
first session,p01,9,9,4x4,0.4214788732394366
first session,p01,9,10,1x3,0.8235915492957746
first session,p01,9,10,2x2,0.7429577464788732
first session,p01,9,10,3x3,0.5295774647887324
first session,p01,9,10,4x4,0.35669014084507045
first session,p01,9,11,1x3,0.7904929577464789
first session,p01,9,11,2x2,0.7514084507042254
first session,p01,9,11,3x3,0.5257042253521127
first session,p01,9,11,4x4,0.3588028169014085
first session,p01,9,12,1x3,0.8443661971830986
first session,p01,9,12,2x2,0.7330985915492958
first session,p01,9,12,3x3,0.5077464788732394
first session,p01,9,12,4x4,0.353169014084507
first session,p01,9,13,1x3,0.8419014084507043
first session,p01,9,13,2x2,0.7577464788732394
first session,p01,9,13,3x3,0.5714788732394366
first session,p01,9,13,4x4,0.4211267605633803
first session,p01,9,14,1x3,0.842605633802817
first session,p01,9,14,2x2,0.7471830985915493
first session,p01,9,14,3x3,0.5073943661971831
first session,p01,9,14,4x4,0.34894366197183097
first session,p01,9,15,1x3,0.847887323943662
first session,p01,9,15,2x2,0.7535211267605634
first session,p01,9,15,3x3,0.5795774647887324
first session,p01,9,15,4x4,0.4070422535211268
first session,p01,9,16,1x3,0.7866197183098591
first session,p01,9,16,2x2,0.726056338028169
first session,p01,9,16,3x3,0.4830985915492958
first session,p01,9,16,4x4,0.30985915492957744
first session,p01,9,17,1x3,0.8436619718309859
first session,p01,9,17,2x2,0.7591549295774648
first session,p01,9,17,3x3,0.5605633802816902
first session,p01,9,17,4x4,0.4112676056338028
first session,p01,9,18,1x3,0.8204225352112676
first session,p01,9,18,2x2,0.7552816901408451
first session,p01,9,18,3x3,0.5640845070422535
first session,p01,9,18,4x4,0.38873239436619716
first session,p01,9,19,1x3,0.827112676056338
first session,p01,9,19,2x2,0.7612676056338028
first session,p01,9,19,3x3,0.5563380281690141
first session,p01,9,19,4x4,0.4052816901408451
first session,p01,16,0,1x3,0.7876760563380282
first session,p01,16,0,2x2,0.7450704225352113
first session,p01,16,0,3x3,0.5433098591549296
first session,p01,16,0,4x4,0.3672535211267606
first session,p01,16,1,1x3,0.8169014084507042
first session,p01,16,1,2x2,0.7556338028169014
first session,p01,16,1,3x3,0.5447183098591549
first session,p01,16,1,4x4,0.39049295774647885
first session,p01,16,2,1x3,0.8352112676056338
first session,p01,16,2,2x2,0.7623239436619719
first session,p01,16,2,3x3,0.5654929577464789
first session,p01,16,2,4x4,0.4024647887323944
first session,p01,16,3,1x3,0.8450704225352113
first session,p01,16,3,2x2,0.7503521126760564
first session,p01,16,3,3x3,0.5464788732394367
first session,p01,16,3,4x4,0.40105633802816903
first session,p01,16,4,1x3,0.8422535211267606
first session,p01,16,4,2x2,0.7563380281690141
first session,p01,16,4,3x3,0.5545774647887324
first session,p01,16,4,4x4,0.3834507042253521
first session,p01,16,5,1x3,0.8299295774647887
first session,p01,16,5,2x2,0.7612676056338028
first session,p01,16,5,3x3,0.5563380281690141
first session,p01,16,5,4x4,0.4007042253521127
first session,p01,16,6,1x3,0.842605633802817
first session,p01,16,6,2x2,0.747887323943662
first session,p01,16,6,3x3,0.5461267605633803
first session,p01,16,6,4x4,0.3961267605633803
first session,p01,16,7,1x3,0.8214788732394366
first session,p01,16,7,2x2,0.7598591549295775
first session,p01,16,7,3x3,0.5556338028169014
first session,p01,16,7,4x4,0.396830985915493
first session,p01,16,8,1x3,0.8419014084507043
first session,p01,16,8,2x2,0.7619718309859155
first session,p01,16,8,3x3,0.5714788732394366
first session,p01,16,8,4x4,0.4288732394366197
first session,p01,16,9,1x3,0.7992957746478874
first session,p01,16,9,2x2,0.7507042253521127
first session,p01,16,9,3x3,0.5443661971830986
first session,p01,16,9,4x4,0.3767605633802817
first session,p01,16,10,1x3,0.8366197183098592
first session,p01,16,10,2x2,0.7612676056338028
first session,p01,16,10,3x3,0.522887323943662
first session,p01,16,10,4x4,0.3288732394366197
first session,p01,16,11,1x3,0.8436619718309859
first session,p01,16,11,2x2,0.7566901408450705
first session,p01,16,11,3x3,0.553169014084507
first session,p01,16,11,4x4,0.41338028169014085
first session,p01,16,12,1x3,0.828169014084507
first session,p01,16,12,2x2,0.7514084507042254
first session,p01,16,12,3x3,0.5366197183098591
first session,p01,16,12,4x4,0.38661971830985914
first session,p01,16,13,1x3,0.8091549295774648
first session,p01,16,13,2x2,0.7535211267605634
first session,p01,16,13,3x3,0.5482394366197183
first session,p01,16,13,4x4,0.373943661971831
first session,p01,16,14,1x3,0.8200704225352112
first session,p01,16,14,2x2,0.7556338028169014
first session,p01,16,14,3x3,0.532394366197183
first session,p01,16,14,4x4,0.3609154929577465
first session,p01,16,15,1x3,0.8397887323943662
first session,p01,16,15,2x2,0.7545774647887324
first session,p01,16,15,3x3,0.5732394366197183
first session,p01,16,15,4x4,0.3996478873239437
first session,p01,16,16,1x3,0.844718309859155
first session,p01,16,16,2x2,0.7595070422535212
first session,p01,16,16,3x3,0.555281690140845
first session,p01,16,16,4x4,0.4063380281690141
first session,p01,16,17,1x3,0.8429577464788732
first session,p01,16,17,2x2,0.754225352112676
first session,p01,16,17,3x3,0.5746478873239437
first session,p01,16,17,4x4,0.4080985915492958
first session,p01,16,18,1x3,0.8232394366197183
first session,p01,16,18,2x2,0.7549295774647887
first session,p01,16,18,3x3,0.5563380281690141
first session,p01,16,18,4x4,0.3785211267605634
first session,p01,16,19,1x3,0.8366197183098592
first session,p01,16,19,2x2,0.7503521126760564
first session,p01,16,19,3x3,0.5345070422535211
first session,p01,16,19,4x4,0.3757042253521127
random,p02,1,0,1x3,0.851114922813036
random,p02,1,0,2x2,0.5924528301886792
random,p02,1,0,3x3,0.4370497427101201
random,p02,1,0,4x4,0.3169811320754717
random,p02,1,1,1x3,0.8332761578044597
random,p02,1,1,2x2,0.632590051457976
random,p02,1,1,3x3,0.38078902229845624
random,p02,1,1,4x4,0.24734133790737564
random,p02,1,2,1x3,0.8507718696397941
random,p02,1,2,2x2,0.7365351629502573
random,p02,1,2,3x3,0.5307032590051458
random,p02,1,2,4x4,0.3972555746140652
random,p02,1,3,1x3,0.7602058319039451
random,p02,1,3,2x2,0.4830188679245283
random,p02,1,3,3x3,0.35986277873070327
random,p02,1,3,4x4,0.21509433962264152
random,p02,1,4,1x3,0.851114922813036
random,p02,1,4,2x2,0.8048027444253859
random,p02,1,4,3x3,0.5547169811320755
random,p02,1,4,4x4,0.41612349914236707
random,p02,1,5,1x3,0.851114922813036
random,p02,1,5,2x2,0.7032590051457976
random,p02,1,5,3x3,0.4806174957118353
random,p02,1,5,4x4,0.34408233276157807
random,p02,1,6,1x3,0.7598627787307033
random,p02,1,6,2x2,0.6895368782161235
random,p02,1,6,3x3,0.4216123499142367
random,p02,1,6,4x4,0.3012006861063465
random,p02,1,7,1x3,0.8507718696397941
random,p02,1,7,2x2,0.521097770154374
random,p02,1,7,3x3,0.4137221269296741
random,p02,1,7,4x4,0.28439108061749574
random,p02,1,8,1x3,0.813722126929674
random,p02,1,8,2x2,0.727958833619211
random,p02,1,8,3x3,0.4521440823327616
random,p02,1,8,4x4,0.34854202401372214
random,p02,1,9,1x3,0.7993138936535163
random,p02,1,9,2x2,0.6792452830188679
random,p02,1,9,3x3,0.43807890222984563
random,p02,1,9,4x4,0.31663807890222984
random,p02,1,10,1x3,0.6051457975986277
random,p02,1,10,2x2,0.5643224699828473
random,p02,1,10,3x3,0.2871355060034305
random,p02,1,10,4x4,0.15711835334476845
random,p02,1,11,1x3,0.8353344768439108
random,p02,1,11,2x2,0.7842195540308747
random,p02,1,11,3x3,0.5821612349914237
random,p02,1,11,4x4,0.40343053173241855
random,p02,1,12,1x3,0.7941680960548885
random,p02,1,12,2x2,0.6922813036020583
random,p02,1,12,3x3,0.43807890222984563
random,p02,1,12,4x4,0.31938250428816467
random,p02,1,13,1x3,0.8531732418524871
random,p02,1,13,2x2,0.511492281303602
random,p02,1,13,3x3,0.4058319039451115
random,p02,1,13,4x4,0.2806174957118353
random,p02,1,14,1x3,0.8397941680960549
random,p02,1,14,2x2,0.7259005145797599
random,p02,1,14,3x3,0.5259005145797598
random,p02,1,14,4x4,0.37941680960548885
random,p02,1,15,1x3,0.7536878216123499
random,p02,1,15,2x2,0.6195540308747856
random,p02,1,15,3x3,0.3979416809605489
random,p02,1,15,4x4,0.25317324185248713
random,p02,1,16,1x3,0.8497427101200686
random,p02,1,16,2x2,0.6823327615780446
random,p02,1,16,3x3,0.4548885077186964
random,p02,1,16,4x4,0.3204116638078902
random,p02,1,17,1x3,0.7818181818181819
random,p02,1,17,2x2,0.7574614065180103
random,p02,1,17,3x3,0.5430531732418525
random,p02,1,17,4x4,0.35883361921097773
random,p02,1,18,1x3,0.8353344768439108
random,p02,1,18,2x2,0.7667238421955404
random,p02,1,18,3x3,0.5691252144082333
random,p02,1,18,4x4,0.4051457975986278
random,p02,1,19,1x3,0.8425385934819897
random,p02,1,19,2x2,0.6528301886792452
random,p02,1,19,3x3,0.4075471698113208
random,p02,1,19,4x4,0.274442538593482
random,p02,3,0,1x3,0.8492962581531067
random,p02,3,0,2x2,0.7490559560590456
random,p02,3,0,3x3,0.5496052179883282
random,p02,3,0,4x4,0.41881222107792654
random,p02,3,1,1x3,0.852385856505321
random,p02,3,1,2x2,0.7875042911088225
random,p02,3,1,3x3,0.5952626158599382
random,p02,3,1,4x4,0.41469275660830757
random,p02,3,2,1x3,0.7349811191211809
random,p02,3,2,2x2,0.7329213868863714
random,p02,3,2,3x3,0.42842430484037075
random,p02,3,2,4x4,0.29660144181256437
random,p02,3,3,1x3,0.7459663577068314
random,p02,3,3,2x2,0.7387572948849983
random,p02,3,3,3x3,0.45794713353930655
random,p02,3,3,4x4,0.3093031239272228
random,p02,3,4,1x3,0.8431170614486784
random,p02,3,4,2x2,0.787847579814624
random,p02,3,4,3x3,0.5873669756265019
random,p02,3,4,4x4,0.41228973566769656
random,p02,3,5,1x3,0.8472365259182972
random,p02,3,5,2x2,0.7720562993477514
random,p02,3,5,3x3,0.5794713353930656
random,p02,3,5,4x4,0.4157226227257123
random,p02,3,6,1x3,0.8300720906282183
random,p02,3,6,2x2,0.6828012358393409
random,p02,3,6,3x3,0.46343975283213185
random,p02,3,6,4x4,0.318915207689667
random,p02,3,7,1x3,0.8503261242705115
random,p02,3,7,2x2,0.717816683831102
random,p02,3,7,3x3,0.4737384140061792
random,p02,3,7,4x4,0.3669756265018881
random,p02,3,8,1x3,0.796086508753862
random,p02,3,8,2x2,0.7730861654651562
random,p02,3,8,3x3,0.5537246824579471
random,p02,3,8,4x4,0.37727428767593546
random,p02,3,9,1x3,0.8530724339169241
random,p02,3,9,2x2,0.7905938894610367
random,p02,3,9,3x3,0.5877102643323034
random,p02,3,9,4x4,0.42190181943014077
random,p02,3,10,1x3,0.8530724339169241
random,p02,3,10,2x2,0.7854445588740131
random,p02,3,10,3x3,0.5949193271541366
random,p02,3,10,4x4,0.4140061791967044
random,p02,3,11,1x3,0.8510127016821146
random,p02,3,11,2x2,0.7905938894610367
random,p02,3,11,3x3,0.5053209749399244
random,p02,3,11,4x4,0.40885684860968075
random,p02,3,12,1x3,0.8448335049776863
random,p02,3,12,2x2,0.7967730861654652
random,p02,3,12,3x3,0.5451424648129076
random,p02,3,12,4x4,0.4064538276690697
random,p02,3,13,1x3,0.7490559560590456
random,p02,3,13,2x2,0.6690696876072777
random,p02,3,13,3x3,0.41331960178510124
random,p02,3,13,4x4,0.2876759354617233
random,p02,3,14,1x3,0.8187435633367662
random,p02,3,14,2x2,0.7263989014761414
random,p02,3,14,3x3,0.5080672845863371
random,p02,3,14,4x4,0.3731548232063165
random,p02,3,15,1x3,0.8520425677995194
random,p02,3,15,2x2,0.7408170271198078
random,p02,3,15,3x3,0.4782011671815997
random,p02,3,15,4x4,0.38379677308616544
random,p02,3,16,1x3,0.8537590113285273
random,p02,3,16,2x2,0.7923103329900446
random,p02,3,16,3x3,0.5904565739787161
random,p02,3,16,4x4,0.4198420871953313
random,p02,3,17,1x3,0.8465499485066942
random,p02,3,17,2x2,0.7912804668726399
random,p02,3,17,3x3,0.5863371095090971
random,p02,3,17,4x4,0.41263302437349814
random,p02,3,18,1x3,0.8534157226227257
random,p02,3,18,2x2,0.8029522828698936
random,p02,3,18,3x3,0.5849639546858908
random,p02,3,18,4x4,0.4174390662547202
random,p02,3,19,1x3,0.8365945760384483
random,p02,3,19,2x2,0.7336079642979746
random,p02,3,19,3x3,0.5200823892893924
random,p02,3,19,4x4,0.3844833504977686
random,p02,5,0,1x3,0.8151837856406733
random,p02,5,0,2x2,0.7887323943661971
random,p02,5,0,3x3,0.5839917554105118
random,p02,5,0,4x4,0.4259704568876675
random,p02,5,1,1x3,0.8533150120233597
random,p02,5,1,2x2,0.7839230504981106
random,p02,5,1,3x3,0.5891446238406046
random,p02,5,1,4x4,0.40707660597732737
random,p02,5,2,1x3,0.8004122294744074
random,p02,5,2,2x2,0.7756784610099622
random,p02,5,2,3x3,0.4788732394366197
random,p02,5,2,4x4,0.3610443146684988
random,p02,5,3,1x3,0.8172449330127104
random,p02,5,3,2x2,0.7938852627962899
random,p02,5,3,3x3,0.4895225008588114
random,p02,5,3,4x4,0.37684644452078325
random,p02,5,4,1x3,0.833390587427001
random,p02,5,4,2x2,0.7533493644795602
random,p02,5,4,3x3,0.5554792167639986
random,p02,5,4,4x4,0.41806939196152526
random,p02,5,5,1x3,0.8354517347990381
random,p02,5,5,2x2,0.7928546891102713
random,p02,5,5,3x3,0.5877705255925799
random,p02,5,5,4x4,0.4111989007214016
random,p02,5,6,1x3,0.8234283751288217
random,p02,5,6,2x2,0.6942631398144967
random,p02,5,6,3x3,0.45001717622810034
random,p02,5,6,4x4,0.31192030230161455
random,p02,5,7,1x3,0.8381999312950876
random,p02,5,7,2x2,0.7787701820680178
random,p02,5,7,3x3,0.49433184472689795
random,p02,5,7,4x4,0.3960838199931295
random,p02,5,8,1x3,0.8515973892133287
random,p02,5,8,2x2,0.7931982136722776
random,p02,5,8,3x3,0.5520439711439368
random,p02,5,8,4x4,0.3813122638268636
random,p02,5,9,1x3,0.8546891102713844
random,p02,5,9,2x2,0.7653727241497768
random,p02,5,9,3x3,0.5795259361044315
random,p02,5,9,4x4,0.44623840604603227
random,p02,5,10,1x3,0.8488491927172793
random,p02,5,10,2x2,0.788388869804191
random,p02,5,10,3x3,0.4146341463414634
random,p02,5,10,4x4,0.32050841635176913
random,p02,5,11,1x3,0.8072827207145311
random,p02,5,11,2x2,0.752662315355548
random,p02,5,11,3x3,0.5582274132600481
random,p02,5,11,4x4,0.40742013053933357
random,p02,5,12,1x3,0.8433527997251804
random,p02,5,12,2x2,0.7990381312263827
random,p02,5,12,3x3,0.6015115080728272
random,p02,5,12,4x4,0.4359326691858468
random,p02,5,13,1x3,0.8412916523531433
random,p02,5,13,2x2,0.7244933012710408
random,p02,5,13,3x3,0.37444177258673994
random,p02,5,13,4x4,0.22260391618000688
random,p02,5,14,1x3,0.8371693576090691
random,p02,5,14,2x2,0.7739608381999313
random,p02,5,14,3x3,0.4634146341463415
random,p02,5,14,4x4,0.3809687392648574
random,p02,5,15,1x3,0.8392305049811062
random,p02,5,15,2x2,0.739608381999313
random,p02,5,15,3x3,0.4689110271384404
random,p02,5,15,4x4,0.36963242871865337
random,p02,5,16,1x3,0.8141532119546547
random,p02,5,16,2x2,0.7609069048436963
random,p02,5,16,3x3,0.5630367571281346
random,p02,5,16,4x4,0.35314324974235656
random,p02,5,17,1x3,0.8457574716592237
random,p02,5,17,2x2,0.5152868430092752
random,p02,5,17,3x3,0.3253177602198557
random,p02,5,17,4x4,0.24424596358639641
random,p02,5,18,1x3,0.8134661628306424
random,p02,5,18,2x2,0.7842665750601168
random,p02,5,18,3x3,0.45688766746822396
random,p02,5,18,4x4,0.36825833047062867
random,p02,5,19,1x3,0.8378564067330814
random,p02,5,19,2x2,0.7712126417038818
random,p02,5,19,3x3,0.5894881484026108
random,p02,5,19,4x4,0.45310889728615594
random,p02,9,0,1x3,0.8572411420708634
random,p02,9,0,2x2,0.7148262813897489
random,p02,9,0,3x3,0.49501203990368076
random,p02,9,0,4x4,0.3632610939112487
random,p02,9,1,1x3,0.8507051943584452
random,p02,9,1,2x2,0.8028895768833849
random,p02,9,1,3x3,0.5541795665634675
random,p02,9,1,4x4,0.39766081871345027
random,p02,9,2,1x3,0.8407292741658067
random,p02,9,2,2x2,0.7812177502579979
random,p02,9,2,3x3,0.5390436876504988
random,p02,9,2,4x4,0.36394908840729273
random,p02,9,3,1x3,0.8562091503267973
random,p02,9,3,2x2,0.7970416236670107
random,p02,9,3,3x3,0.6226350189198486
random,p02,9,3,4x4,0.4626762985896113
random,p02,9,4,1x3,0.8390092879256966
random,p02,9,4,2x2,0.7757137942896457
random,p02,9,4,3x3,0.4674922600619195
random,p02,9,4,4x4,0.3804609563123495
random,p02,9,5,1x3,0.8214654282765738
random,p02,9,5,2x2,0.7561059511523908
random,p02,9,5,3x3,0.5696594427244582
random,p02,9,5,4x4,0.4231166150670795
random,p02,9,6,1x3,0.8510491916064672
random,p02,9,6,2x2,0.781905744754042
random,p02,9,6,3x3,0.5920192638458892
random,p02,9,6,4x4,0.45923632610939114
random,p02,9,7,1x3,0.8507051943584452
random,p02,9,7,2x2,0.7602339181286549
random,p02,9,7,3x3,0.5730994152046783
random,p02,9,7,4x4,0.4451324389404885
random,p02,9,8,1x3,0.8586171310629515
random,p02,9,8,2x2,0.7963536291709666
random,p02,9,8,3x3,0.6154110767113863
random,p02,9,8,4x4,0.48056415548675613
random,p02,9,9,1x3,0.826281389748882
random,p02,9,9,2x2,0.7794977640178878
random,p02,9,9,3x3,0.5600275197798418
random,p02,9,9,4x4,0.36498108015135877
random,p02,9,10,1x3,0.8362573099415205
random,p02,9,10,2x2,0.7936016511867905
random,p02,9,10,3x3,0.5510835913312694
random,p02,9,10,4x4,0.38390092879256965
random,p02,9,11,1x3,0.849329205366357
random,p02,9,11,2x2,0.7798417612659099
random,p02,9,11,3x3,0.5964912280701754
random,p02,9,11,4x4,0.4678362573099415
random,p02,9,12,1x3,0.8534571723426213
random,p02,9,12,2x2,0.7925696594427245
random,p02,9,12,3x3,0.5713794289645683
random,p02,9,12,4x4,0.39766081871345027
random,p02,9,13,1x3,0.8331613347093223
random,p02,9,13,2x2,0.7347781217750258
random,p02,9,13,3x3,0.5386996904024768
random,p02,9,13,4x4,0.39250085999312007
random,p02,9,14,1x3,0.8390092879256966
random,p02,9,14,2x2,0.7712418300653595
random,p02,9,14,3x3,0.5779153766769866
random,p02,9,14,4x4,0.456484348125215
random,p02,9,15,1x3,0.8438252493980049
random,p02,9,15,2x2,0.7973856209150327
random,p02,9,15,3x3,0.4895080839353285
random,p02,9,15,4x4,0.39834881320949433
random,p02,9,16,1x3,0.849329205366357
random,p02,9,16,2x2,0.803921568627451
random,p02,9,16,3x3,0.6185070519435845
random,p02,9,16,4x4,0.4633642930856553
random,p02,9,17,1x3,0.8538011695906432
random,p02,9,17,2x2,0.7925696594427245
random,p02,9,17,3x3,0.6130030959752322
random,p02,9,17,4x4,0.4502923976608187
random,p02,9,18,1x3,0.8400412796697626
random,p02,9,18,2x2,0.7880976952184382
random,p02,9,18,3x3,0.608531131750946
random,p02,9,18,4x4,0.45751633986928103
random,p02,9,19,1x3,0.8321293429652563
random,p02,9,19,2x2,0.7874097007223942
random,p02,9,19,3x3,0.5968352253181974
random,p02,9,19,4x4,0.413140694874441
random,p02,16,0,1x3,0.85
random,p02,16,0,2x2,0.7303448275862069
random,p02,16,0,3x3,0.5220689655172414
random,p02,16,0,4x4,0.39206896551724135
random,p02,16,1,1x3,0.8541379310344828
random,p02,16,1,2x2,0.776896551724138
random,p02,16,1,3x3,0.5910344827586207
random,p02,16,1,4x4,0.45517241379310347
random,p02,16,2,1x3,0.8458620689655172
random,p02,16,2,2x2,0.783448275862069
random,p02,16,2,3x3,0.5937931034482758
random,p02,16,2,4x4,0.4503448275862069
random,p02,16,3,1x3,0.8434482758620689
random,p02,16,3,2x2,0.8024137931034483
random,p02,16,3,3x3,0.5644827586206896
random,p02,16,3,4x4,0.4113793103448276
random,p02,16,4,1x3,0.8593103448275862
random,p02,16,4,2x2,0.7831034482758621
random,p02,16,4,3x3,0.5955172413793104
random,p02,16,4,4x4,0.45586206896551723
random,p02,16,5,1x3,0.8496551724137931
random,p02,16,5,2x2,0.776896551724138
random,p02,16,5,3x3,0.5882758620689655
random,p02,16,5,4x4,0.46413793103448275
random,p02,16,6,1x3,0.8527586206896551
random,p02,16,6,2x2,0.8024137931034483
random,p02,16,6,3x3,0.5775862068965517
random,p02,16,6,4x4,0.4086206896551724
random,p02,16,7,1x3,0.8413793103448276
random,p02,16,7,2x2,0.7882758620689655
random,p02,16,7,3x3,0.6086206896551725
random,p02,16,7,4x4,0.4675862068965517
random,p02,16,8,1x3,0.8355172413793104
random,p02,16,8,2x2,0.79
random,p02,16,8,3x3,0.5968965517241379
random,p02,16,8,4x4,0.42482758620689653
random,p02,16,9,1x3,0.8493103448275862
random,p02,16,9,2x2,0.7896551724137931
random,p02,16,9,3x3,0.6068965517241379
random,p02,16,9,4x4,0.4531034482758621
random,p02,16,10,1x3,0.8475862068965517
random,p02,16,10,2x2,0.7627586206896552
random,p02,16,10,3x3,0.5748275862068966
random,p02,16,10,4x4,0.4396551724137931
random,p02,16,11,1x3,0.8513793103448276
random,p02,16,11,2x2,0.8065517241379311
random,p02,16,11,3x3,0.623448275862069
random,p02,16,11,4x4,0.48310344827586205
random,p02,16,12,1x3,0.8558620689655172
random,p02,16,12,2x2,0.7896551724137931
random,p02,16,12,3x3,0.6124137931034482
random,p02,16,12,4x4,0.46655172413793106
random,p02,16,13,1x3,0.8448275862068966
random,p02,16,13,2x2,0.783448275862069
random,p02,16,13,3x3,0.5972413793103448
random,p02,16,13,4x4,0.4710344827586207
random,p02,16,14,1x3,0.8524137931034482
random,p02,16,14,2x2,0.776896551724138
random,p02,16,14,3x3,0.5920689655172414
random,p02,16,14,4x4,0.4406896551724138
random,p02,16,15,1x3,0.8482758620689655
random,p02,16,15,2x2,0.7855172413793103
random,p02,16,15,3x3,0.5541379310344827
random,p02,16,15,4x4,0.36551724137931035
random,p02,16,16,1x3,0.8448275862068966
random,p02,16,16,2x2,0.7996551724137931
random,p02,16,16,3x3,0.5631034482758621
random,p02,16,16,4x4,0.40379310344827585
random,p02,16,17,1x3,0.8424137931034483
random,p02,16,17,2x2,0.7944827586206896
random,p02,16,17,3x3,0.6044827586206897
random,p02,16,17,4x4,0.4617241379310345
random,p02,16,18,1x3,0.8517241379310345
random,p02,16,18,2x2,0.7544827586206897
random,p02,16,18,3x3,0.5575862068965517
random,p02,16,18,4x4,0.41379310344827586
random,p02,16,19,1x3,0.8548275862068966
random,p02,16,19,2x2,0.7844827586206896
random,p02,16,19,3x3,0.6044827586206897
random,p02,16,19,4x4,0.45827586206896553
first session,p02,1,0,1x3,0.84500693481276
first session,p02,1,0,2x2,0.6671289875173371
first session,p02,1,0,3x3,0.4303051317614424
first session,p02,1,0,4x4,0.3013176144244105
first session,p02,1,1,1x3,0.7923023578363384
first session,p02,1,1,2x2,0.7250346740638003
first session,p02,1,1,3x3,0.5131761442441054
first session,p02,1,1,4x4,0.35991678224687934
first session,p02,1,2,1x3,0.8488210818307905
first session,p02,1,2,2x2,0.7895284327323162
first session,p02,1,2,3x3,0.5818307905686546
first session,p02,1,2,4x4,0.4091539528432732
first session,p02,1,3,1x3,0.8013176144244105
first session,p02,1,3,2x2,0.6282940360610264
first session,p02,1,3,3x3,0.3748266296809986
first session,p02,1,3,4x4,0.23994452149791956
first session,p02,1,4,1x3,0.8498613037447988
first session,p02,1,4,2x2,0.5859916782246879
first session,p02,1,4,3x3,0.435506241331484
first session,p02,1,4,4x4,0.3155339805825243
first session,p02,1,5,1x3,0.848127600554785
first session,p02,1,5,2x2,0.6751040221914009
first session,p02,1,5,3x3,0.44244105409153955
first session,p02,1,5,4x4,0.31171983356449373
first session,p02,1,6,1x3,0.812760055478502
first session,p02,1,6,2x2,0.7763522884882108
first session,p02,1,6,3x3,0.5395284327323162
first session,p02,1,6,4x4,0.36269070735090153
first session,p02,1,7,1x3,0.7496532593619972
first session,p02,1,7,2x2,0.5901525658807212
first session,p02,1,7,3x3,0.3287101248266297
first session,p02,1,7,4x4,0.19590846047156726
first session,p02,1,8,1x3,0.8502080443828016
first session,p02,1,8,2x2,0.6816920943134536
first session,p02,1,8,3x3,0.4538834951456311
first session,p02,1,8,4x4,0.3169209431345354
first session,p02,1,9,1x3,0.8391123439667129
first session,p02,1,9,2x2,0.7527739251040222
first session,p02,1,9,3x3,0.5520110957004161
first session,p02,1,9,4x4,0.41019417475728154
first session,p02,1,10,1x3,0.8221220527045769
first session,p02,1,10,2x2,0.7226074895977809
first session,p02,1,10,3x3,0.5187239944521498
first session,p02,1,10,4x4,0.3723994452149792
first session,p02,1,11,1x3,0.8436199722607489
first session,p02,1,11,2x2,0.7597087378640777
first session,p02,1,11,3x3,0.4733009708737864
first session,p02,1,11,4x4,0.38626907073509015
first session,p02,1,12,1x3,0.8422330097087378
first session,p02,1,12,2x2,0.6189320388349514
first session,p02,1,12,3x3,0.3647711511789182
first session,p02,1,12,4x4,0.2340499306518724
first session,p02,1,13,1x3,0.8522884882108183
first session,p02,1,13,2x2,0.8030513176144244
first session,p02,1,13,3x3,0.5502773925104022
first session,p02,1,13,4x4,0.41782246879334256
first session,p02,1,14,1x3,0.852635228848821
first session,p02,1,14,2x2,0.7766990291262136
first session,p02,1,14,3x3,0.5849514563106796
first session,p02,1,14,4x4,0.417128987517337
first session,p02,1,15,1x3,0.7236477115117892
first session,p02,1,15,2x2,0.7454923717059639
first session,p02,1,15,3x3,0.4604715672676838
first session,p02,1,15,4x4,0.29819694868238555
first session,p02,1,16,1x3,0.812760055478502
first session,p02,1,16,2x2,0.7763522884882108
first session,p02,1,16,3x3,0.5395284327323162
first session,p02,1,16,4x4,0.36269070735090153
first session,p02,1,17,1x3,0.7236477115117892
first session,p02,1,17,2x2,0.7454923717059639
first session,p02,1,17,3x3,0.4604715672676838
first session,p02,1,17,4x4,0.29819694868238555
first session,p02,1,18,1x3,0.8522884882108183
first session,p02,1,18,2x2,0.8030513176144244
first session,p02,1,18,3x3,0.5502773925104022
first session,p02,1,18,4x4,0.41782246879334256
first session,p02,1,19,1x3,0.8488210818307905
first session,p02,1,19,2x2,0.7895284327323162
first session,p02,1,19,3x3,0.5818307905686546
first session,p02,1,19,4x4,0.4091539528432732
first session,p02,3,0,1x3,0.8470873786407767
first session,p02,3,0,2x2,0.6449375866851595
first session,p02,3,0,3x3,0.39701803051317613
first session,p02,3,0,4x4,0.26282940360610263
first session,p02,3,1,1x3,0.7877947295423023
first session,p02,3,1,2x2,0.742371705963939
first session,p02,3,1,3x3,0.5364077669902912
first session,p02,3,1,4x4,0.36893203883495146
first session,p02,3,2,1x3,0.8252427184466019
first session,p02,3,2,2x2,0.7739251040221914
first session,p02,3,2,3x3,0.5696948682385575
first session,p02,3,2,4x4,0.3990984743411928
first session,p02,3,3,1x3,0.8457004160887656
first session,p02,3,3,2x2,0.8002773925104022
first session,p02,3,3,3x3,0.5547850208044383
first session,p02,3,3,4x4,0.4091539528432732
first session,p02,3,4,1x3,0.8515950069348127
first session,p02,3,4,2x2,0.7936893203883495
first session,p02,3,4,3x3,0.590499306518724
first session,p02,3,4,4x4,0.41955617198335643
first session,p02,3,5,1x3,0.8436199722607489
first session,p02,3,5,2x2,0.7669902912621359
first session,p02,3,5,3x3,0.573509015256588
first session,p02,3,5,4x4,0.41262135922330095
first session,p02,3,6,1x3,0.8047850208044383
first session,p02,3,6,2x2,0.7437586685159501
first session,p02,3,6,3x3,0.5339805825242718
first session,p02,3,6,4x4,0.38730929264909847
first session,p02,3,7,1x3,0.8488210818307905
first session,p02,3,7,2x2,0.7128987517337032
first session,p02,3,7,3x3,0.4958391123439667
first session,p02,3,7,4x4,0.35610263522884883
first session,p02,3,8,1x3,0.848127600554785
first session,p02,3,8,2x2,0.6653952843273232
first session,p02,3,8,3x3,0.42718446601941745
first session,p02,3,8,4x4,0.29958391123439665
first session,p02,3,9,1x3,0.8446601941747572
first session,p02,3,9,2x2,0.7853675450762829
first session,p02,3,9,3x3,0.5800970873786407
first session,p02,3,9,4x4,0.39667128987517336
first session,p02,3,10,1x3,0.852635228848821
first session,p02,3,10,2x2,0.7475728155339806
first session,p02,3,10,3x3,0.5516643550624133
first session,p02,3,10,4x4,0.4122746185852982
first session,p02,3,11,1x3,0.840499306518724
first session,p02,3,11,2x2,0.7985436893203883
first session,p02,3,11,3x3,0.5780166435506241
first session,p02,3,11,4x4,0.4056865464632455
first session,p02,3,12,1x3,0.7749653259361997
first session,p02,3,12,2x2,0.7475728155339806
first session,p02,3,12,3x3,0.5343273231622746
first session,p02,3,12,4x4,0.35471567267683773
first session,p02,3,13,1x3,0.8183079056865464
first session,p02,3,13,2x2,0.7538141470180305
first session,p02,3,13,3x3,0.550624133148405
first session,p02,3,13,4x4,0.3945908460471567
first session,p02,3,14,1x3,0.8443134535367545
first session,p02,3,14,2x2,0.6896671289875174
first session,p02,3,14,3x3,0.46359223300970875
first session,p02,3,14,4x4,0.32385575589459087
first session,p02,3,15,1x3,0.8339112343966713
first session,p02,3,15,2x2,0.7902219140083218
first session,p02,3,15,3x3,0.5759361997226075
first session,p02,3,15,4x4,0.4001386962552011
first session,p02,3,16,1x3,0.8203883495145631
first session,p02,3,16,2x2,0.7569348127600555
first session,p02,3,16,3x3,0.5513176144244105
first session,p02,3,16,4x4,0.3925104022191401
first session,p02,3,17,1x3,0.8491678224687933
first session,p02,3,17,2x2,0.8030513176144244
first session,p02,3,17,3x3,0.561373092926491
first session,p02,3,17,4x4,0.4136615811373093
first session,p02,3,18,1x3,0.8387656033287101
first session,p02,3,18,2x2,0.794382801664355
first session,p02,3,18,3x3,0.5790568654646324
first session,p02,3,18,4x4,0.4053398058252427
first session,p02,3,19,1x3,0.8498613037447988
first session,p02,3,19,2x2,0.7610957004160888
first session,p02,3,19,3x3,0.5641470180305131
first session,p02,3,19,4x4,0.4143550624133148
first session,p02,5,0,1x3,0.8193481276005548
first session,p02,5,0,2x2,0.7926490984743412
first session,p02,5,0,3x3,0.4656726768377254
first session,p02,5,0,4x4,0.3720527045769764
first session,p02,5,1,1x3,0.8242024965325936
first session,p02,5,1,2x2,0.7555478502080444
first session,p02,5,1,3x3,0.5533980582524272
first session,p02,5,1,4x4,0.41643550624133147
first session,p02,5,2,1x3,0.8172676837725381
first session,p02,5,2,2x2,0.763869625520111
first session,p02,5,2,3x3,0.5686546463245492
first session,p02,5,2,4x4,0.4368932038834951
first session,p02,5,3,1x3,0.8432732316227461
first session,p02,5,3,2x2,0.7409847434119279
first session,p02,5,3,3x3,0.5319001386962552
first session,p02,5,3,4x4,0.4039528432732316
first session,p02,5,4,1x3,0.8522884882108183
first session,p02,5,4,2x2,0.7926490984743412
first session,p02,5,4,3x3,0.576629680998613
first session,p02,5,4,4x4,0.39805825242718446
first session,p02,5,5,1x3,0.8117198335644937
first session,p02,5,5,2x2,0.789875173370319
first session,p02,5,5,3x3,0.5898058252427184
first session,p02,5,5,4x4,0.4251040221914008
first session,p02,5,6,1x3,0.8443134535367545
first session,p02,5,6,2x2,0.7604022191400832
first session,p02,5,6,3x3,0.5703883495145631
first session,p02,5,6,4x4,0.44105409153952846
first session,p02,5,7,1x3,0.84500693481276
first session,p02,5,7,2x2,0.7988904299583911
first session,p02,5,7,3x3,0.5270457697642164
first session,p02,5,7,4x4,0.3869625520110957
first session,p02,5,8,1x3,0.8432732316227461
first session,p02,5,8,2x2,0.7323162274618585
first session,p02,5,8,3x3,0.5197642163661581
first session,p02,5,8,4x4,0.3893897364771151
first session,p02,5,9,1x3,0.8495145631067961
first session,p02,5,9,2x2,0.7437586685159501
first session,p02,5,9,3x3,0.5391816920943134
first session,p02,5,9,4x4,0.41504854368932037
first session,p02,5,10,1x3,0.8453536754507628
first session,p02,5,10,2x2,0.5405686546463245
first session,p02,5,10,3x3,0.4698335644937587
first session,p02,5,10,4x4,0.31761442441054094
first session,p02,5,11,1x3,0.8543689320388349
first session,p02,5,11,2x2,0.7940360610263523
first session,p02,5,11,3x3,0.6043689320388349
first session,p02,5,11,4x4,0.43619972260748957
first session,p02,5,12,1x3,0.8567961165048543
first session,p02,5,12,2x2,0.746879334257975
first session,p02,5,12,3x3,0.5502773925104022
first session,p02,5,12,4x4,0.4122746185852982
first session,p02,5,13,1x3,0.8474341192787794
first session,p02,5,13,2x2,0.7479195561719834
first session,p02,5,13,3x3,0.5395284327323162
first session,p02,5,13,4x4,0.42302357836338417
first session,p02,5,14,1x3,0.8068654646324549
first session,p02,5,14,2x2,0.7645631067961165
first session,p02,5,14,3x3,0.5565187239944521
first session,p02,5,14,4x4,0.39424410540915394
first session,p02,5,15,1x3,0.8540221914008321
first session,p02,5,15,2x2,0.7475728155339806
first session,p02,5,15,3x3,0.5495839112343966
first session,p02,5,15,4x4,0.4147018030513176
first session,p02,5,16,1x3,0.8432732316227461
first session,p02,5,16,2x2,0.7725381414701803
first session,p02,5,16,3x3,0.5748959778085991
first session,p02,5,16,4x4,0.38765603328710124
first session,p02,5,17,1x3,0.8366851595006934
first session,p02,5,17,2x2,0.7770457697642164
first session,p02,5,17,3x3,0.5849514563106796
first session,p02,5,17,4x4,0.4445214979195562
first session,p02,5,18,1x3,0.8495145631067961
first session,p02,5,18,2x2,0.7465325936199723
first session,p02,5,18,3x3,0.5454230235783634
first session,p02,5,18,4x4,0.4160887656033287
first session,p02,5,19,1x3,0.8564493758668515
first session,p02,5,19,2x2,0.8068654646324549
first session,p02,5,19,3x3,0.624133148404993
first session,p02,5,19,4x4,0.4746879334257975
first session,p02,9,0,1x3,0.8391123439667129
first session,p02,9,0,2x2,0.7687239944521498
first session,p02,9,0,3x3,0.5759361997226075
first session,p02,9,0,4x4,0.45457697642163664
first session,p02,9,1,1x3,0.8491678224687933
first session,p02,9,1,2x2,0.7278085991678225
first session,p02,9,1,3x3,0.5156033287101248
first session,p02,9,1,4x4,0.3897364771151179
first session,p02,9,2,1x3,0.848127600554785
first session,p02,9,2,2x2,0.7985436893203883
first session,p02,9,2,3x3,0.5336338418862691
first session,p02,9,2,4x4,0.40984743411927876
first session,p02,9,3,1x3,0.8460471567267683
first session,p02,9,3,2x2,0.760748959778086
first session,p02,9,3,3x3,0.5700416088765603
first session,p02,9,3,4x4,0.43515950069348125
first session,p02,9,4,1x3,0.8477808599167822
first session,p02,9,4,2x2,0.7676837725381415
first session,p02,9,4,3x3,0.5794036061026352
first session,p02,9,4,4x4,0.4500693481276006
first session,p02,9,5,1x3,0.8477808599167822
first session,p02,9,5,2x2,0.7725381414701803
first session,p02,9,5,3x3,0.5866851595006934
first session,p02,9,5,4x4,0.4580443828016644
first session,p02,9,6,1x3,0.8495145631067961
first session,p02,9,6,2x2,0.7711511789181692
first session,p02,9,6,3x3,0.5814840499306518
first session,p02,9,6,4x4,0.4393203883495146
first session,p02,9,7,1x3,0.8429264909847434
first session,p02,9,7,2x2,0.763869625520111
first session,p02,9,7,3x3,0.5696948682385575
first session,p02,9,7,4x4,0.44278779472954233
first session,p02,9,8,1x3,0.8259361997226075
first session,p02,9,8,2x2,0.7451456310679612
first session,p02,9,8,3x3,0.5357142857142857
first session,p02,9,8,4x4,0.4025658807212205
first session,p02,9,9,1x3,0.8519417475728155
first session,p02,9,9,2x2,0.7711511789181692
first session,p02,9,9,3x3,0.5856449375866851
first session,p02,9,9,4x4,0.4511095700416089
first session,p02,9,10,1x3,0.8436199722607489
first session,p02,9,10,2x2,0.720873786407767
first session,p02,9,10,3x3,0.5034674063800277
first session,p02,9,10,4x4,0.3720527045769764
first session,p02,9,11,1x3,0.841886269070735
first session,p02,9,11,2x2,0.7617891816920943
first session,p02,9,11,3x3,0.5655339805825242
first session,p02,9,11,4x4,0.435506241331484
first session,p02,9,12,1x3,0.8509015256588072
first session,p02,9,12,2x2,0.789875173370319
first session,p02,9,12,3x3,0.6064493758668515
first session,p02,9,12,4x4,0.4778085991678225
first session,p02,9,13,1x3,0.8366851595006934
first session,p02,9,13,2x2,0.7604022191400832
first session,p02,9,13,3x3,0.565880721220527
first session,p02,9,13,4x4,0.420249653259362
first session,p02,9,14,1x3,0.8408460471567267
first session,p02,9,14,2x2,0.7541608876560333
first session,p02,9,14,3x3,0.5606796116504854
first session,p02,9,14,4x4,0.42475728155339804
first session,p02,9,15,1x3,0.8287101248266296
first session,p02,9,15,2x2,0.7552011095700416
first session,p02,9,15,3x3,0.5540915395284327
first session,p02,9,15,4x4,0.4226768377253814
first session,p02,9,16,1x3,0.8547156726768377
first session,p02,9,16,2x2,0.7836338418862691
first session,p02,9,16,3x3,0.5974341192787794
first session,p02,9,16,4x4,0.44764216366158116
first session,p02,9,17,1x3,0.8453536754507628
first session,p02,9,17,2x2,0.7548543689320388
first session,p02,9,17,3x3,0.5565187239944521
first session,p02,9,17,4x4,0.4264909847434119
first session,p02,9,18,1x3,0.8502080443828016
first session,p02,9,18,2x2,0.7610957004160888
first session,p02,9,18,3x3,0.5721220527045769
first session,p02,9,18,4x4,0.4469486823855756
first session,p02,9,19,1x3,0.8339112343966713
first session,p02,9,19,2x2,0.7590152565880721
first session,p02,9,19,3x3,0.5568654646324549
first session,p02,9,19,4x4,0.43099861303744796
first session,p02,16,0,1x3,0.8401525658807212
first session,p02,16,0,2x2,0.7458391123439667
first session,p02,16,0,3x3,0.5450762829403606
first session,p02,16,0,4x4,0.4091539528432732
first session,p02,16,1,1x3,0.8470873786407767
first session,p02,16,1,2x2,0.7649098474341193
first session,p02,16,1,3x3,0.5752427184466019
first session,p02,16,1,4x4,0.4379334257975035
first session,p02,16,2,1x3,0.8477808599167822
first session,p02,16,2,2x2,0.7628294036061026
first session,p02,16,2,3x3,0.5717753120665742
first session,p02,16,2,4x4,0.4254507628294036
first session,p02,16,3,1x3,0.8543689320388349
first session,p02,16,3,2x2,0.765256588072122
first session,p02,16,3,3x3,0.576629680998613
first session,p02,16,3,4x4,0.4486823855755895
first session,p02,16,4,1x3,0.8463938973647711
first session,p02,16,4,2x2,0.7659500693481276
first session,p02,16,4,3x3,0.5745492371705964
first session,p02,16,4,4x4,0.4393203883495146
first session,p02,16,5,1x3,0.8446601941747572
first session,p02,16,5,2x2,0.7666435506241331
first session,p02,16,5,3x3,0.5773231622746186
first session,p02,16,5,4x4,0.4500693481276006
first session,p02,16,6,1x3,0.8443134535367545
first session,p02,16,6,2x2,0.7479195561719834
first session,p02,16,6,3x3,0.5454230235783634
first session,p02,16,6,4x4,0.4174757281553398
first session,p02,16,7,1x3,0.8429264909847434
first session,p02,16,7,2x2,0.7562413314840499
first session,p02,16,7,3x3,0.5617198335644937
first session,p02,16,7,4x4,0.4282246879334258
first session,p02,16,8,1x3,0.8515950069348127
first session,p02,16,8,2x2,0.7579750346740638
first session,p02,16,8,3x3,0.5683079056865464
first session,p02,16,8,4x4,0.43377253814147015
first session,p02,16,9,1x3,0.8505547850208044
first session,p02,16,9,2x2,0.7337031900138696
first session,p02,16,9,3x3,0.5225381414701803
first session,p02,16,9,4x4,0.39389736477115117
first session,p02,16,10,1x3,0.8460471567267683
first session,p02,16,10,2x2,0.7382108183079057
first session,p02,16,10,3x3,0.5305131761442441
first session,p02,16,10,4x4,0.39840499306518723
first session,p02,16,11,1x3,0.8484743411927878
first session,p02,16,11,2x2,0.7649098474341193
first session,p02,16,11,3x3,0.5745492371705964
first session,p02,16,11,4x4,0.44278779472954233
first session,p02,16,12,1x3,0.8467406380027739
first session,p02,16,12,2x2,0.7649098474341193
first session,p02,16,12,3x3,0.5755894590846047
first session,p02,16,12,4x4,0.4375866851595007
first session,p02,16,13,1x3,0.8439667128987517
first session,p02,16,13,2x2,0.7617891816920943
first session,p02,16,13,3x3,0.5696948682385575
first session,p02,16,13,4x4,0.43515950069348125
first session,p02,16,14,1x3,0.8498613037447988
first session,p02,16,14,2x2,0.7756588072122053
first session,p02,16,14,3x3,0.591886269070735
first session,p02,16,14,4x4,0.46081830790568656
first session,p02,16,15,1x3,0.8443134535367545
first session,p02,16,15,2x2,0.7839805825242718
first session,p02,16,15,3x3,0.5887656033287101
first session,p02,16,15,4x4,0.41296809986130373
first session,p02,16,16,1x3,0.8484743411927878
first session,p02,16,16,2x2,0.7548543689320388
first session,p02,16,16,3x3,0.5547850208044383
first session,p02,16,16,4x4,0.427877947295423
first session,p02,16,17,1x3,0.8470873786407767
first session,p02,16,17,2x2,0.7624826629680999
first session,p02,16,17,3x3,0.5728155339805825
first session,p02,16,17,4x4,0.4379334257975035
first session,p02,16,18,1x3,0.8470873786407767
first session,p02,16,18,2x2,0.7787794729542302
first session,p02,16,18,3x3,0.5936199722607489
first session,p02,16,18,4x4,0.46220527045769766
first session,p02,16,19,1x3,0.8554091539528432
first session,p02,16,19,2x2,0.7635228848821082
first session,p02,16,19,3x3,0.5752427184466019
first session,p02,16,19,4x4,0.43411927877947293
random,p03,1,0,1x3,0.787568306010929
random,p03,1,0,2x2,0.7216530054644809
random,p03,1,0,3x3,0.48155737704918034
random,p03,1,0,4x4,0.3162568306010929
random,p03,1,1,1x3,0.8449453551912568
random,p03,1,1,2x2,0.7336065573770492
random,p03,1,1,3x3,0.4682377049180328
random,p03,1,1,4x4,0.32274590163934425
random,p03,1,2,1x3,0.8350409836065574
random,p03,1,2,2x2,0.7254098360655737
random,p03,1,2,3x3,0.5539617486338798
random,p03,1,2,4x4,0.38114754098360654
random,p03,1,3,1x3,0.7745901639344263
random,p03,1,3,2x2,0.7004781420765027
random,p03,1,3,3x3,0.4812158469945355
random,p03,1,3,4x4,0.33367486338797814
random,p03,1,4,1x3,0.8295765027322405
random,p03,1,4,2x2,0.7096994535519126
random,p03,1,4,3x3,0.5010245901639344
random,p03,1,4,4x4,0.3770491803278688
random,p03,1,5,1x3,0.8350409836065574
random,p03,1,5,2x2,0.6782786885245902
random,p03,1,5,3x3,0.483948087431694
random,p03,1,5,4x4,0.33777322404371585
random,p03,1,6,1x3,0.8401639344262295
random,p03,1,6,2x2,0.6325136612021858
random,p03,1,6,3x3,0.4149590163934426
random,p03,1,6,4x4,0.2718579234972678
random,p03,1,7,1x3,0.7967896174863388
random,p03,1,7,2x2,0.726775956284153
random,p03,1,7,3x3,0.48258196721311475
random,p03,1,7,4x4,0.31864754098360654
random,p03,1,8,1x3,0.8384562841530054
random,p03,1,8,2x2,0.4726775956284153
random,p03,1,8,3x3,0.2967896174863388
random,p03,1,8,4x4,0.20833333333333334
random,p03,1,9,1x3,0.8377732240437158
random,p03,1,9,2x2,0.4648224043715847
random,p03,1,9,3x3,0.27219945355191255
random,p03,1,9,4x4,0.18442622950819673
random,p03,1,10,1x3,0.8022540983606558
random,p03,1,10,2x2,0.6970628415300546
random,p03,1,10,3x3,0.5129781420765027
random,p03,1,10,4x4,0.3640710382513661
random,p03,1,11,1x3,0.8398224043715847
random,p03,1,11,2x2,0.7264344262295082
random,p03,1,11,3x3,0.5566939890710383
random,p03,1,11,4x4,0.4030054644808743
random,p03,1,12,1x3,0.8531420765027322
random,p03,1,12,2x2,0.6977459016393442
random,p03,1,12,3x3,0.5040983606557377
random,p03,1,12,4x4,0.375
random,p03,1,13,1x3,0.6837431693989071
random,p03,1,13,2x2,0.5894808743169399
random,p03,1,13,3x3,0.3087431693989071
random,p03,1,13,4x4,0.20252732240437157
random,p03,1,14,1x3,0.7342896174863388
random,p03,1,14,2x2,0.6991120218579235
random,p03,1,14,3x3,0.4077868852459016
random,p03,1,14,4x4,0.2527322404371585
random,p03,1,15,1x3,0.8510928961748634
random,p03,1,15,2x2,0.4685792349726776
random,p03,1,15,3x3,0.2916666666666667
random,p03,1,15,4x4,0.19398907103825136
random,p03,1,16,1x3,0.7694672131147541
random,p03,1,16,2x2,0.6536885245901639
random,p03,1,16,3x3,0.36168032786885246
random,p03,1,16,4x4,0.25546448087431695
random,p03,1,17,1x3,0.8271857923497268
random,p03,1,17,2x2,0.47404371584699456
random,p03,1,17,3x3,0.32206284153005466
random,p03,1,17,4x4,0.2271174863387978
random,p03,1,18,1x3,0.8442622950819673
random,p03,1,18,2x2,0.6349043715846995
random,p03,1,18,3x3,0.39959016393442626
random,p03,1,18,4x4,0.2687841530054645
random,p03,1,19,1x3,0.735655737704918
random,p03,1,19,2x2,0.6693989071038251
random,p03,1,19,3x3,0.4306693989071038
random,p03,1,19,4x4,0.28415300546448086
random,p03,3,0,1x3,0.8386876281613124
random,p03,3,0,2x2,0.5645933014354066
random,p03,3,0,3x3,0.3677375256322625
random,p03,3,0,4x4,0.2583732057416268
random,p03,3,1,1x3,0.8041695146958305
random,p03,3,1,2x2,0.7252221462747779
random,p03,3,1,3x3,0.5061517429938482
random,p03,3,1,4x4,0.3444976076555024
random,p03,3,2,1x3,0.84688995215311
random,p03,3,2,2x2,0.7300068352699932
random,p03,3,2,3x3,0.47163362952836635
random,p03,3,2,4x4,0.32262474367737526
random,p03,3,3,1x3,0.8157894736842105
random,p03,3,3,2x2,0.4719753930280246
random,p03,3,3,3x3,0.3181818181818182
random,p03,3,3,4x4,0.22317156527682844
random,p03,3,4,1x3,0.7464114832535885
random,p03,3,4,2x2,0.706766917293233
random,p03,3,4,3x3,0.41866028708133973
random,p03,3,4,4x4,0.26144907723855093
random,p03,3,5,1x3,0.8513328776486672
random,p03,3,5,2x2,0.739917976760082
random,p03,3,5,3x3,0.5478468899521531
random,p03,3,5,4x4,0.38448393711551604
random,p03,3,6,1x3,0.8328776486671223
random,p03,3,6,2x2,0.7026657552973342
random,p03,3,6,3x3,0.49726589200273413
random,p03,3,6,4x4,0.36807928913192073
random,p03,3,7,1x3,0.6917293233082706
random,p03,3,7,2x2,0.6797676008202324
random,p03,3,7,3x3,0.3762816131237184
random,p03,3,7,4x4,0.22385509227614492
random,p03,3,8,1x3,0.8325358851674641
random,p03,3,8,2x2,0.5338345864661654
random,p03,3,8,3x3,0.3157894736842105
random,p03,3,8,4x4,0.20300751879699247
random,p03,3,9,1x3,0.836637047163363
random,p03,3,9,2x2,0.7361585782638415
random,p03,3,9,3x3,0.5406698564593302
random,p03,3,9,4x4,0.3954203691045796
random,p03,3,10,1x3,0.8479152426520847
random,p03,3,10,2x2,0.7313738892686261
random,p03,3,10,3x3,0.46924128503075874
random,p03,3,10,4x4,0.3198906356801094
random,p03,3,11,1x3,0.8198906356801093
random,p03,3,11,2x2,0.6343130553656869
random,p03,3,11,3x3,0.3735475051264525
random,p03,3,11,4x4,0.2672590567327409
random,p03,3,12,1x3,0.7918660287081339
random,p03,3,12,2x2,0.47881066302118935
random,p03,3,12,3x3,0.33356117566643884
random,p03,3,12,4x4,0.22590567327409433
random,p03,3,13,1x3,0.8127136021872864
random,p03,3,13,2x2,0.7190704032809296
random,p03,3,13,3x3,0.5088858509911142
random,p03,3,13,4x4,0.3810663021189337
random,p03,3,14,1x3,0.7874231032125769
random,p03,3,14,2x2,0.631578947368421
random,p03,3,14,3x3,0.38721804511278196
random,p03,3,14,4x4,0.24128503075871496
random,p03,3,15,1x3,0.8533834586466166
random,p03,3,15,2x2,0.7218045112781954
random,p03,3,15,3x3,0.5416951469583049
random,p03,3,15,4x4,0.4203691045796309
random,p03,3,16,1x3,0.849624060150376
random,p03,3,16,2x2,0.6606288448393711
random,p03,3,16,3x3,0.44771018455228984
random,p03,3,16,4x4,0.31305536568694464
random,p03,3,17,1x3,0.8503075871496925
random,p03,3,17,2x2,0.7330827067669173
random,p03,3,17,3x3,0.5536568694463432
random,p03,3,17,4x4,0.4036226930963773
random,p03,3,18,1x3,0.8304853041695147
random,p03,3,18,2x2,0.6968557758031442
random,p03,3,18,3x3,0.5170881749829118
random,p03,3,18,4x4,0.37012987012987014
random,p03,3,19,1x3,0.8270676691729323
random,p03,3,19,2x2,0.7317156527682843
random,p03,3,19,3x3,0.5290498974709501
random,p03,3,19,4x4,0.3892686261107314
random,p03,5,0,1x3,0.850547195622435
random,p03,5,0,2x2,0.7246922024623803
random,p03,5,0,3x3,0.5499316005471956
random,p03,5,0,4x4,0.4049247606019152
random,p03,5,1,1x3,0.8054035567715458
random,p03,5,1,2x2,0.7277701778385773
random,p03,5,1,3x3,0.45075239398084815
random,p03,5,1,4x4,0.3016415868673051
random,p03,5,2,1x3,0.8621751025991792
random,p03,5,2,2x2,0.7363201094391245
random,p03,5,2,3x3,0.570109439124487
random,p03,5,2,4x4,0.41415868673050615
random,p03,5,3,1x3,0.8296853625170999
random,p03,5,3,2x2,0.5369357045143639
random,p03,5,3,3x3,0.3734610123119015
random,p03,5,3,4x4,0.2664158686730506
random,p03,5,4,1x3,0.8529411764705882
random,p03,5,4,2x2,0.7209302325581395
random,p03,5,4,3x3,0.5485636114911081
random,p03,5,4,4x4,0.41928864569083446
random,p03,5,5,1x3,0.8153214774281806
random,p03,5,5,2x2,0.737688098495212
random,p03,5,5,3x3,0.396374829001368
random,p03,5,5,4x4,0.29445964432284544
random,p03,5,6,1x3,0.7233242134062927
random,p03,5,6,2x2,0.7062243502051984
random,p03,5,6,3x3,0.48666210670314636
random,p03,5,6,4x4,0.3183994528043776
random,p03,5,7,1x3,0.8611491108071135
random,p03,5,7,2x2,0.731532147742818
random,p03,5,7,3x3,0.5584815321477428
random,p03,5,7,4x4,0.3967168262653899
random,p03,5,8,1x3,0.612859097127223
random,p03,5,8,2x2,0.686046511627907
random,p03,5,8,3x3,0.3796169630642955
random,p03,5,8,4x4,0.29069767441860467
random,p03,5,9,1x3,0.856703146374829
random,p03,5,9,2x2,0.7233242134062927
random,p03,5,9,3x3,0.5311217510259918
random,p03,5,9,4x4,0.35225718194254446
random,p03,5,10,1x3,0.8389192886456909
random,p03,5,10,2x2,0.4743502051983584
random,p03,5,10,3x3,0.3744870041039672
random,p03,5,10,4x4,0.2110123119015048
random,p03,5,11,1x3,0.8378932968536251
random,p03,5,11,2x2,0.7291381668946648
random,p03,5,11,3x3,0.5605335157318742
random,p03,5,11,4x4,0.4168946648426813
random,p03,5,12,1x3,0.8119015047879617
random,p03,5,12,2x2,0.7106703146374829
random,p03,5,12,3x3,0.5324897400820794
random,p03,5,12,4x4,0.3803009575923393
random,p03,5,13,1x3,0.6101231190150479
random,p03,5,13,2x2,0.6569767441860465
random,p03,5,13,3x3,0.369015047879617
random,p03,5,13,4x4,0.265389876880985
random,p03,5,14,1x3,0.8454172366621067
random,p03,5,14,2x2,0.743844049247606
random,p03,5,14,3x3,0.5355677154582763
random,p03,5,14,4x4,0.37859097127222985
random,p03,5,15,1x3,0.8532831737346102
random,p03,5,15,2x2,0.7291381668946648
random,p03,5,15,3x3,0.5605335157318742
random,p03,5,15,4x4,0.4264705882352941
random,p03,5,16,1x3,0.8033515731874145
random,p03,5,16,2x2,0.4777701778385773
random,p03,5,16,3x3,0.36627906976744184
random,p03,5,16,4x4,0.23700410396716826
random,p03,5,17,1x3,0.8491792065663475
random,p03,5,17,2x2,0.7294801641586868
random,p03,5,17,3x3,0.54890560875513
random,p03,5,17,4x4,0.41484268125854995
random,p03,5,18,1x3,0.7178522571819426
random,p03,5,18,2x2,0.6727086183310533
random,p03,5,18,3x3,0.38885088919288646
random,p03,5,18,4x4,0.23495212038303692
random,p03,5,19,1x3,0.8409712722298222
random,p03,5,19,2x2,0.7158002735978112
random,p03,5,19,3x3,0.5239398084815321
random,p03,5,19,4x4,0.40937072503419975
random,p03,9,0,1x3,0.8195205479452055
random,p03,9,0,2x2,0.7030821917808219
random,p03,9,0,3x3,0.4054794520547945
random,p03,9,0,4x4,0.3154109589041096
random,p03,9,1,1x3,0.814041095890411
random,p03,9,1,2x2,0.7304794520547945
random,p03,9,1,3x3,0.3530821917808219
random,p03,9,1,4x4,0.25068493150684934
random,p03,9,2,1x3,0.8297945205479452
random,p03,9,2,2x2,0.5952054794520548
random,p03,9,2,3x3,0.3955479452054795
random,p03,9,2,4x4,0.2910958904109589
random,p03,9,3,1x3,0.813013698630137
random,p03,9,3,2x2,0.7352739726027397
random,p03,9,3,3x3,0.5181506849315068
random,p03,9,3,4x4,0.3558219178082192
random,p03,9,4,1x3,0.8352739726027397
random,p03,9,4,2x2,0.736986301369863
random,p03,9,4,3x3,0.5352739726027397
random,p03,9,4,4x4,0.37431506849315066
random,p03,9,5,1x3,0.8575342465753425
random,p03,9,5,2x2,0.7345890410958904
random,p03,9,5,3x3,0.5589041095890411
random,p03,9,5,4x4,0.3958904109589041
random,p03,9,6,1x3,0.85
random,p03,9,6,2x2,0.7434931506849315
random,p03,9,6,3x3,0.5458904109589041
random,p03,9,6,4x4,0.38082191780821917
random,p03,9,7,1x3,0.8277397260273973
random,p03,9,7,2x2,0.7226027397260274
random,p03,9,7,3x3,0.41027397260273973
random,p03,9,7,4x4,0.3215753424657534
random,p03,9,8,1x3,0.8438356164383561
random,p03,9,8,2x2,0.7017123287671233
random,p03,9,8,3x3,0.41712328767123286
random,p03,9,8,4x4,0.30445205479452053
random,p03,9,9,1x3,0.8489726027397261
random,p03,9,9,2x2,0.7246575342465753
random,p03,9,9,3x3,0.5462328767123288
random,p03,9,9,4x4,0.4243150684931507
random,p03,9,10,1x3,0.8482876712328767
random,p03,9,10,2x2,0.6835616438356165
random,p03,9,10,3x3,0.4092465753424658
random,p03,9,10,4x4,0.3095890410958904
random,p03,9,11,1x3,0.8181506849315069
random,p03,9,11,2x2,0.7404109589041096
random,p03,9,11,3x3,0.5058219178082192
random,p03,9,11,4x4,0.35924657534246573
random,p03,9,12,1x3,0.8506849315068493
random,p03,9,12,2x2,0.7178082191780822
random,p03,9,12,3x3,0.5291095890410958
random,p03,9,12,4x4,0.41643835616438357
random,p03,9,13,1x3,0.7958904109589041
random,p03,9,13,2x2,0.7184931506849315
random,p03,9,13,3x3,0.4773972602739726
random,p03,9,13,4x4,0.32431506849315067
random,p03,9,14,1x3,0.8342465753424657
random,p03,9,14,2x2,0.7363013698630136
random,p03,9,14,3x3,0.5417808219178082
random,p03,9,14,4x4,0.4071917808219178
random,p03,9,15,1x3,0.8517123287671233
random,p03,9,15,2x2,0.7373287671232877
random,p03,9,15,3x3,0.5476027397260274
random,p03,9,15,4x4,0.3832191780821918
random,p03,9,16,1x3,0.8328767123287671
random,p03,9,16,2x2,0.7452054794520548
random,p03,9,16,3x3,0.5
random,p03,9,16,4x4,0.3410958904109589
random,p03,9,17,1x3,0.8191780821917808
random,p03,9,17,2x2,0.7363013698630136
random,p03,9,17,3x3,0.4712328767123288
random,p03,9,17,4x4,0.32945205479452055
random,p03,9,18,1x3,0.790068493150685
random,p03,9,18,2x2,0.7106164383561644
random,p03,9,18,3x3,0.4976027397260274
random,p03,9,18,4x4,0.36061643835616436
random,p03,9,19,1x3,0.8154109589041096
random,p03,9,19,2x2,0.7256849315068493
random,p03,9,19,3x3,0.44726027397260276
random,p03,9,19,4x4,0.3102739726027397
random,p03,16,0,1x3,0.8438036388602815
random,p03,16,0,2x2,0.7428767593546173
random,p03,16,0,3x3,0.5283213182286303
random,p03,16,0,4x4,0.36560247167868176
random,p03,16,1,1x3,0.8530724339169241
random,p03,16,1,2x2,0.7356676965327841
random,p03,16,1,3x3,0.5111568829385513
random,p03,16,1,4x4,0.3456917267421902
random,p03,16,2,1x3,0.8379677308616547
random,p03,16,2,2x2,0.7421901819430141
random,p03,16,2,3x3,0.39340885684860966
random,p03,16,2,4x4,0.279780295228287
random,p03,16,3,1x3,0.8503261242705115
random,p03,16,3,2x2,0.7281153450051493
random,p03,16,3,3x3,0.5509783728115345
random,p03,16,3,4x4,0.41846893237212496
random,p03,16,4,1x3,0.8616546515619636
random,p03,16,4,2x2,0.7411603158256094
random,p03,16,4,3x3,0.5197391005835909
random,p03,16,4,4x4,0.35255750085822174
random,p03,16,5,1x3,0.8386543082732578
random,p03,16,5,2x2,0.7442499141778236
random,p03,16,5,3x3,0.49261929282526606
random,p03,16,5,4x4,0.3405423961551665
random,p03,16,6,1x3,0.8444902162718847
random,p03,16,6,2x2,0.7360109852385857
random,p03,16,6,3x3,0.5224854102300034
random,p03,16,6,4x4,0.34466186062478543
random,p03,16,7,1x3,0.8602814967387573
random,p03,16,7,2x2,0.7236525918297289
random,p03,16,7,3x3,0.5609337452797803
random,p03,16,7,4x4,0.4277377274287676
random,p03,16,8,1x3,0.8335049776862341
random,p03,16,8,2x2,0.7349811191211809
random,p03,16,8,3x3,0.4933058702368692
random,p03,16,8,4x4,0.3209749399244765
random,p03,16,9,1x3,0.852385856505321
random,p03,16,9,2x2,0.7394438722966015
random,p03,16,9,3x3,0.5509783728115345
random,p03,16,9,4x4,0.3903192584963955
random,p03,16,10,1x3,0.809131479574322
random,p03,16,10,2x2,0.7339512530037762
random,p03,16,10,3x3,0.4888431170614487
random,p03,16,10,4x4,0.34466186062478543
random,p03,16,11,1x3,0.8575351870923447
random,p03,16,11,2x2,0.7408170271198078
random,p03,16,11,3x3,0.539993134225884
random,p03,16,11,4x4,0.3728115345005149
random,p03,16,12,1x3,0.8595949193271541
random,p03,16,12,2x2,0.7353244078269825
random,p03,16,12,3x3,0.5626501888087881
random,p03,16,12,4x4,0.4040508067284586
random,p03,16,13,1x3,0.8242361826295915
random,p03,16,13,2x2,0.6903535873669756
random,p03,16,13,3x3,0.4047373841400618
random,p03,16,13,4x4,0.3041537933401991
random,p03,16,14,1x3,0.8372811534500515
random,p03,16,14,2x2,0.7356676965327841
random,p03,16,14,3x3,0.5393065568142809
random,p03,16,14,4x4,0.39855818743563337
random,p03,16,15,1x3,0.8468932372124958
random,p03,16,15,2x2,0.7391005835907999
random,p03,16,15,3x3,0.5386199794026777
random,p03,16,15,4x4,0.37761757638173704
random,p03,16,16,1x3,0.8317885341572262
random,p03,16,16,2x2,0.7298317885341572
random,p03,16,16,3x3,0.5393065568142809
random,p03,16,16,4x4,0.41263302437349814
random,p03,16,17,1x3,0.8256093374527979
random,p03,16,17,2x2,0.739787161002403
random,p03,16,17,3x3,0.4624098867147271
random,p03,16,17,4x4,0.3278407140405081
random,p03,16,18,1x3,0.8249227600411947
random,p03,16,18,2x2,0.739787161002403
random,p03,16,18,3x3,0.48300720906282185
random,p03,16,18,4x4,0.33299004462753173
random,p03,16,19,1x3,0.7943700652248541
random,p03,16,19,2x2,0.7195331273601099
random,p03,16,19,3x3,0.4998283556470992
random,p03,16,19,4x4,0.35118434603501547
first session,p03,1,0,1x3,0.8418700584393263
first session,p03,1,0,2x2,0.47198349948435886
first session,p03,1,0,3x3,0.3217600550017188
first session,p03,1,0,4x4,0.22516328635269853
first session,p03,1,1,1x3,0.8274321072533517
first session,p03,1,1,2x2,0.5225163286352699
first session,p03,1,1,3x3,0.29254039188724645
first session,p03,1,1,4x4,0.18459951873496047
first session,p03,1,2,1x3,0.7951185974561705
first session,p03,1,2,2x2,0.4489515297353042
first session,p03,1,2,3x3,0.2921966311447233
first session,p03,1,2,4x4,0.17119284977655552
first session,p03,1,3,1x3,0.8147129597799931
first session,p03,1,3,2x2,0.7136473014781712
first session,p03,1,3,3x3,0.4981093159161224
first session,p03,1,3,4x4,0.3740116878652458
first session,p03,1,4,1x3,0.8274321072533517
first session,p03,1,4,2x2,0.5225163286352699
first session,p03,1,4,3x3,0.29254039188724645
first session,p03,1,4,4x4,0.18459951873496047
first session,p03,1,5,1x3,0.7401168786524579
first session,p03,1,5,2x2,0.6892402887590238
first session,p03,1,5,3x3,0.45307665864558266
first session,p03,1,5,4x4,0.3062908215881746
first session,p03,1,6,1x3,0.8329322791337229
first session,p03,1,6,2x2,0.7253351667239601
first session,p03,1,6,3x3,0.5517359917497422
first session,p03,1,6,4x4,0.38088690271570985
first session,p03,1,7,1x3,0.789274664833276
first session,p03,1,7,2x2,0.6909590924716398
first session,p03,1,7,3x3,0.5015469233413544
first session,p03,1,7,4x4,0.35029219663114475
first session,p03,1,8,1x3,0.789274664833276
first session,p03,1,8,2x2,0.6909590924716398
first session,p03,1,8,3x3,0.5015469233413544
first session,p03,1,8,4x4,0.35029219663114475
first session,p03,1,9,1x3,0.851495359229976
first session,p03,1,9,2x2,0.7366792712272259
first session,p03,1,9,3x3,0.4908903403231351
first session,p03,1,9,4x4,0.3375730491577862
first session,p03,1,10,1x3,0.8329322791337229
first session,p03,1,10,2x2,0.7253351667239601
first session,p03,1,10,3x3,0.5517359917497422
first session,p03,1,10,4x4,0.38088690271570985
first session,p03,1,11,1x3,0.7401168786524579
first session,p03,1,11,2x2,0.6892402887590238
first session,p03,1,11,3x3,0.45307665864558266
first session,p03,1,11,4x4,0.3062908215881746
first session,p03,1,12,1x3,0.8147129597799931
first session,p03,1,12,2x2,0.7136473014781712
first session,p03,1,12,3x3,0.4981093159161224
first session,p03,1,12,4x4,0.3740116878652458
first session,p03,1,13,1x3,0.8274321072533517
first session,p03,1,13,2x2,0.5225163286352699
first session,p03,1,13,3x3,0.29254039188724645
first session,p03,1,13,4x4,0.18459951873496047
first session,p03,1,14,1x3,0.7401168786524579
first session,p03,1,14,2x2,0.6892402887590238
first session,p03,1,14,3x3,0.45307665864558266
first session,p03,1,14,4x4,0.3062908215881746
first session,p03,1,15,1x3,0.8418700584393263
first session,p03,1,15,2x2,0.47198349948435886
first session,p03,1,15,3x3,0.3217600550017188
first session,p03,1,15,4x4,0.22516328635269853
first session,p03,1,16,1x3,0.7438982468202131
first session,p03,1,16,2x2,0.623925747679615
first session,p03,1,16,3x3,0.39154348573392916
first session,p03,1,16,4x4,0.2392574767961499
first session,p03,1,17,1x3,0.789274664833276
first session,p03,1,17,2x2,0.6909590924716398
first session,p03,1,17,3x3,0.5015469233413544
first session,p03,1,17,4x4,0.35029219663114475
first session,p03,1,18,1x3,0.851495359229976
first session,p03,1,18,2x2,0.7366792712272259
first session,p03,1,18,3x3,0.4908903403231351
first session,p03,1,18,4x4,0.3375730491577862
first session,p03,1,19,1x3,0.7545548298384325
first session,p03,1,19,2x2,0.4386387074596081
first session,p03,1,19,3x3,0.24613269164661394
first session,p03,1,19,4x4,0.13372292884152628
first session,p03,3,0,1x3,0.8466827088346511
first session,p03,3,0,2x2,0.7394293571674114
first session,p03,3,0,3x3,0.48882777586799586
first session,p03,3,0,4x4,0.33688552767273977
first session,p03,3,1,1x3,0.8470264695771743
first session,p03,3,1,2x2,0.7136473014781712
first session,p03,3,1,3x3,0.5338604331385356
first session,p03,3,1,4x4,0.40563767617738056
first session,p03,3,2,1x3,0.8521828807150224
first session,p03,3,2,2x2,0.6950842213819182
first session,p03,3,2,3x3,0.5053282915091096
first session,p03,3,2,4x4,0.37710553454795465
first session,p03,3,3,1x3,0.6988655895496735
first session,p03,3,3,2x2,0.6287383980749398
first session,p03,3,3,3x3,0.3141973186662083
first session,p03,3,3,4x4,0.16328635269852182
first session,p03,3,4,1x3,0.8384324510140941
first session,p03,3,4,2x2,0.7225850807837745
first session,p03,3,4,3x3,0.5537985562048814
first session,p03,3,4,4x4,0.41457545548298386
first session,p03,3,5,1x3,0.8026813337916809
first session,p03,3,5,2x2,0.7188037126160193
first session,p03,3,5,3x3,0.4737023031969749
first session,p03,3,5,4x4,0.29838432451014096
first session,p03,3,6,1x3,0.8511515984874527
first session,p03,3,6,2x2,0.696459264352011
first session,p03,3,6,3x3,0.4142316947404606
first session,p03,3,6,4x4,0.290134066689584
first session,p03,3,7,1x3,0.8102440701271915
first session,p03,3,7,2x2,0.6820213131660364
first session,p03,3,7,3x3,0.49570299071845997
first session,p03,3,7,4x4,0.34169817806806463
first session,p03,3,8,1x3,0.838088690271571
first session,p03,3,8,2x2,0.7287727741491922
first session,p03,3,8,3x3,0.549673427294603
first session,p03,3,8,4x4,0.3705740804400138
first session,p03,3,9,1x3,0.7435544860776899
first session,p03,3,9,2x2,0.7081471295977999
first session,p03,3,9,3x3,0.48814025438294945
first session,p03,3,9,4x4,0.2856651770367824
first session,p03,3,10,1x3,0.8504640770024063
first session,p03,3,10,2x2,0.6503953248539017
first session,p03,3,10,3x3,0.38948092127878997
first session,p03,3,10,4x4,0.26297696803025095
first session,p03,3,11,1x3,0.8387762117566174
first session,p03,3,11,2x2,0.5201100034376074
first session,p03,3,11,3x3,0.30869714678583704
first session,p03,3,11,4x4,0.19869370917841184
first session,p03,3,12,1x3,0.8016500515641114
first session,p03,3,12,2x2,0.7146785837057408
first session,p03,3,12,3x3,0.5355792368511516
first session,p03,3,12,4x4,0.36232382261945684
first session,p03,3,13,1x3,0.8429013406668958
first session,p03,3,13,2x2,0.7377105534547954
first session,p03,3,13,3x3,0.5458920591268477
first session,p03,3,13,4x4,0.3784805775180474
first session,p03,3,14,1x3,0.8013062908215882
first session,p03,3,14,2x2,0.7170849089034033
first session,p03,3,14,3x3,0.5256101753179787
first session,p03,3,14,4x4,0.34341698178068064
first session,p03,3,15,1x3,0.8140254382949467
first session,p03,3,15,2x2,0.7225850807837745
first session,p03,3,15,3x3,0.5269852182880715
first session,p03,3,15,4x4,0.3475421106909591
first session,p03,3,16,1x3,0.8521828807150224
first session,p03,3,16,2x2,0.7432107253351667
first session,p03,3,16,3x3,0.5214850464077002
first session,p03,3,16,4x4,0.3564798899965624
first session,p03,3,17,1x3,0.7744929529047783
first session,p03,3,17,2x2,0.5881746304572018
first session,p03,3,17,3x3,0.3320728772774149
first session,p03,3,17,4x4,0.1883808869027157
first session,p03,3,18,1x3,0.8332760398762461
first session,p03,3,18,2x2,0.7291165348917154
first session,p03,3,18,3x3,0.4458576830525954
first session,p03,3,18,4x4,0.3159161223788243
first session,p03,3,19,1x3,0.8484015125472671
first session,p03,3,19,2x2,0.7091784118253696
first session,p03,3,19,3x3,0.5273289790305947
first session,p03,3,19,4x4,0.39773117909934685
first session,p03,5,0,1x3,0.8425575799243726
first session,p03,5,0,2x2,0.7359917497421794
first session,p03,5,0,3x3,0.36748023375730493
first session,p03,5,0,4x4,0.27191474733585425
first session,p03,5,1,1x3,0.8112753523547611
first session,p03,5,1,2x2,0.5317978686833964
first session,p03,5,1,3x3,0.36473014781711927
first session,p03,5,1,4x4,0.24578893090409076
first session,p03,5,2,1x3,0.8339635613612926
first session,p03,5,2,2x2,0.512547267102097
first session,p03,5,2,3x3,0.3626675833619801
first session,p03,5,2,4x4,0.25472671020969406
first session,p03,5,3,1x3,0.8552767273977312
first session,p03,5,3,2x2,0.7387418356823651
first session,p03,5,3,3x3,0.5063595737366793
first session,p03,5,3,4x4,0.3509797181161911
first session,p03,5,4,1x3,0.7947748367136473
first session,p03,5,4,2x2,0.7304915778618082
first session,p03,5,4,3x3,0.34341698178068064
first session,p03,5,4,4x4,0.24338260570642833
first session,p03,5,5,1x3,0.8198693709178412
first session,p03,5,5,2x2,0.7411481608800276
first session,p03,5,5,3x3,0.4987968374011688
first session,p03,5,5,4x4,0.3331041595049845
first session,p03,5,6,1x3,0.81436919903747
first session,p03,5,6,2x2,0.4616706772086628
first session,p03,5,6,3x3,0.2918528704022001
first session,p03,5,6,4x4,0.1866620831900997
first session,p03,5,7,1x3,0.8319009969061533
first session,p03,5,7,2x2,0.6321760055001718
first session,p03,5,7,3x3,0.38913716053626674
first session,p03,5,7,4x4,0.2928841526297697
first session,p03,5,8,1x3,0.8305259539360605
first session,p03,5,8,2x2,0.735304228257133
first session,p03,5,8,3x3,0.5372980405637676
first session,p03,5,8,4x4,0.3939498109315916
first session,p03,5,9,1x3,0.8404950154692334
first session,p03,5,9,2x2,0.7377105534547954
first session,p03,5,9,3x3,0.4087315228600894
first session,p03,5,9,4x4,0.30560330010312825
first session,p03,5,10,1x3,0.8105878308697146
first session,p03,5,10,2x2,0.7225850807837745
first session,p03,5,10,3x3,0.5207975249226539
first session,p03,5,10,4x4,0.3410106565830182
first session,p03,5,11,1x3,0.8301821931935373
first session,p03,5,11,2x2,0.7177724303884496
first session,p03,5,11,3x3,0.38054314197318667
first session,p03,5,11,4x4,0.2643520110003438
first session,p03,5,12,1x3,0.8370574080440014
first session,p03,5,12,2x2,0.7342729460295634
first session,p03,5,12,3x3,0.37160536266758337
first session,p03,5,12,4x4,0.26744585768305257
first session,p03,5,13,1x3,0.8332760398762461
first session,p03,5,13,2x2,0.7349604675146099
first session,p03,5,13,3x3,0.44138879339979376
first session,p03,5,13,4x4,0.3331041595049845
first session,p03,5,14,1x3,0.8305259539360605
first session,p03,5,14,2x2,0.7277414919216225
first session,p03,5,14,3x3,0.3688552767273977
first session,p03,5,14,4x4,0.26297696803025095
first session,p03,5,15,1x3,0.8164317634926092
first session,p03,5,15,2x2,0.7404606393949811
first session,p03,5,15,3x3,0.5266414575455483
first session,p03,5,15,4x4,0.3626675833619801
first session,p03,5,16,1x3,0.7958061189412169
first session,p03,5,16,2x2,0.7191474733585425
first session,p03,5,16,3x3,0.5135785493296665
first session,p03,5,16,4x4,0.33516672396012376
first session,p03,5,17,1x3,0.8453076658645583
first session,p03,5,17,2x2,0.463733241663802
first session,p03,5,17,3x3,0.35854245445170163
first session,p03,5,17,4x4,0.23238226194568581
first session,p03,5,18,1x3,0.8174630457201788
first session,p03,5,18,2x2,0.6864902028188381
first session,p03,5,18,3x3,0.3836369886558955
first session,p03,5,18,4x4,0.28154004812650396
first session,p03,5,19,1x3,0.8184943279477483
first session,p03,5,19,2x2,0.731866620831901
first session,p03,5,19,3x3,0.5421106909590925
first session,p03,5,19,4x4,0.4035751117222413
first session,p03,9,0,1x3,0.8095565486421451
first session,p03,9,0,2x2,0.5596424888277759
first session,p03,9,0,3x3,0.3936060501890684
first session,p03,9,0,4x4,0.2616019250601581
first session,p03,9,1,1x3,0.8343073221038158
first session,p03,9,1,2x2,0.7414919216225507
first session,p03,9,1,3x3,0.392918528704022
first session,p03,9,1,4x4,0.28360261258164315
first session,p03,9,2,1x3,0.839807493984187
first session,p03,9,2,2x2,0.7401168786524579
first session,p03,9,2,3x3,0.47095221725678926
first session,p03,9,2,4x4,0.33791680990030937
first session,p03,9,3,1x3,0.8325885183911997
first session,p03,9,3,2x2,0.7260226882090065
first session,p03,9,3,3x3,0.5352354761086284
first session,p03,9,3,4x4,0.40666895840495015
first session,p03,9,4,1x3,0.8312134754211069
first session,p03,9,4,2x2,0.7325541423169474
first session,p03,9,4,3x3,0.38088690271570985
first session,p03,9,4,4x4,0.2732897903059471
first session,p03,9,5,1x3,0.8404950154692334
first session,p03,9,5,2x2,0.6782399449982812
first session,p03,9,5,3x3,0.4627019594362324
first session,p03,9,5,4x4,0.33241663801993815
first session,p03,9,6,1x3,0.8387762117566174
first session,p03,9,6,2x2,0.7322103815744242
first session,p03,9,6,3x3,0.42523203850120317
first session,p03,9,6,4x4,0.2966655207975249
first session,p03,9,7,1x3,0.8288071502234445
first session,p03,9,7,2x2,0.7246476452389137
first session,p03,9,7,3x3,0.35922997593674805
first session,p03,9,7,4x4,0.2581643176349261
first session,p03,9,8,1x3,0.838088690271571
first session,p03,9,8,2x2,0.7291165348917154
first session,p03,9,8,3x3,0.36369886558954967
first session,p03,9,8,4x4,0.268133379168099
first session,p03,9,9,1x3,0.821244413887934
first session,p03,9,9,2x2,0.7222413200412513
first session,p03,9,9,3x3,0.5238913716053627
first session,p03,9,9,4x4,0.34513578549329665
first session,p03,9,10,1x3,0.8322447576486766
first session,p03,9,10,2x2,0.7222413200412513
first session,p03,9,10,3x3,0.38054314197318667
first session,p03,9,10,4x4,0.2684771399106222
first session,p03,9,11,1x3,0.8370574080440014
first session,p03,9,11,2x2,0.7243038844963905
first session,p03,9,11,3x3,0.5084221381918185
first session,p03,9,11,4x4,0.3375730491577862
first session,p03,9,12,1x3,0.8370574080440014
first session,p03,9,12,2x2,0.733585424544517
first session,p03,9,12,3x3,0.4984530766586456
first session,p03,9,12,4x4,0.3386043313853558
first session,p03,9,13,1x3,0.8391199724991406
first session,p03,9,13,2x2,0.7363355104847027
first session,p03,9,13,3x3,0.5359229975936748
first session,p03,9,13,4x4,0.37263664489515297
first session,p03,9,14,1x3,0.8198693709178412
first session,p03,9,14,2x2,0.7277414919216225
first session,p03,9,14,3x3,0.39051220350635957
first session,p03,9,14,4x4,0.2787899621863183
first session,p03,9,15,1x3,0.8346510828463389
first session,p03,9,15,2x2,0.7256789274664833
first session,p03,9,15,3x3,0.41388793399793744
first session,p03,9,15,4x4,0.32554142316947404
first session,p03,9,16,1x3,0.8477139910622207
first session,p03,9,16,2x2,0.6198006187693366
first session,p03,9,16,3x3,0.41595049845307663
first session,p03,9,16,4x4,0.27122722585080783
first session,p03,9,17,1x3,0.8401512547267103
first session,p03,9,17,2x2,0.7277414919216225
first session,p03,9,17,3x3,0.5613612925403919
first session,p03,9,17,4x4,0.42557579924372635
first session,p03,9,18,1x3,0.838088690271571
first session,p03,9,18,2x2,0.7390855964248882
first session,p03,9,18,3x3,0.5544860776899279
first session,p03,9,18,4x4,0.3908559642488828
first session,p03,9,19,1x3,0.8456514266070815
first session,p03,9,19,2x2,0.6813337916809901
first session,p03,9,19,3x3,0.41491921622550704
first session,p03,9,19,4x4,0.2591955998624957
first session,p03,16,0,1x3,0.8305259539360605
first session,p03,16,0,2x2,0.7377105534547954
first session,p03,16,0,3x3,0.3746992093502922
first session,p03,16,0,4x4,0.2705397043657614
first session,p03,16,1,1x3,0.8377449295290478
first session,p03,16,1,2x2,0.7253351667239601
first session,p03,16,1,3x3,0.4998281196287384
first session,p03,16,1,4x4,0.31041595049845305
first session,p03,16,2,1x3,0.8360261258164318
first session,p03,16,2,2x2,0.7349604675146099
first session,p03,16,2,3x3,0.5135785493296665
first session,p03,16,2,4x4,0.34410450326572706
first session,p03,16,3,1x3,0.8349948435888621
first session,p03,16,3,2x2,0.7036782399449982
first session,p03,16,3,3x3,0.4358886215194225
first session,p03,16,3,4x4,0.2671020969405294
first session,p03,16,4,1x3,0.8332760398762461
first session,p03,16,4,2x2,0.7215537985562048
first session,p03,16,4,3x3,0.45995187349604677
first session,p03,16,4,4x4,0.27466483327603985
first session,p03,16,5,1x3,0.8339635613612926
first session,p03,16,5,2x2,0.726710209694053
first session,p03,16,5,3x3,0.4695771742866965
first session,p03,16,5,4x4,0.2946029563423857
first session,p03,16,6,1x3,0.8408387762117566
first session,p03,16,6,2x2,0.7390855964248882
first session,p03,16,6,3x3,0.46717084908903406
first session,p03,16,6,4x4,0.33551048470264694
first session,p03,16,7,1x3,0.8387762117566174
first session,p03,16,7,2x2,0.7346167067720867
first session,p03,16,7,3x3,0.5008594018563081
first session,p03,16,7,4x4,0.3276039876246133
first session,p03,16,8,1x3,0.8367136473014781
first session,p03,16,8,2x2,0.7201787555861121
first session,p03,16,8,3x3,0.5221725678927467
first session,p03,16,8,4x4,0.33276039876246133
first session,p03,16,9,1x3,0.8394637332416638
first session,p03,16,9,2x2,0.7298040563767618
first session,p03,16,9,3x3,0.5001718803712616
first session,p03,16,9,4x4,0.31110347198349947
first session,p03,16,10,1x3,0.8367136473014781
first session,p03,16,10,2x2,0.7322103815744242
first session,p03,16,10,3x3,0.4104503265727054
first session,p03,16,10,4x4,0.29975936748023374
first session,p03,16,11,1x3,0.8384324510140941
first session,p03,16,11,2x2,0.7328979030594706
first session,p03,16,11,3x3,0.5575799243726366
first session,p03,16,11,4x4,0.39051220350635957
first session,p03,16,12,1x3,0.8332760398762461
first session,p03,16,12,2x2,0.7263664489515297
first session,p03,16,12,3x3,0.4802337573049158
first session,p03,16,12,4x4,0.2921966311447233
first session,p03,16,13,1x3,0.8339635613612926
first session,p03,16,13,2x2,0.7390855964248882
first session,p03,16,13,3x3,0.48676521141285667
first session,p03,16,13,4x4,0.3403231350979718
first session,p03,16,14,1x3,0.8418700584393263
first session,p03,16,14,2x2,0.7291165348917154
first session,p03,16,14,3x3,0.5080783774492953
first session,p03,16,14,4x4,0.3258851839119972
first session,p03,16,15,1x3,0.838088690271571
first session,p03,16,15,2x2,0.7328979030594706
first session,p03,16,15,3x3,0.36919903746992094
first session,p03,16,15,4x4,0.26572705397043656
first session,p03,16,16,1x3,0.836369886558955
first session,p03,16,16,2x2,0.7194912341010656
first session,p03,16,16,3x3,0.4661395668614644
first session,p03,16,16,4x4,0.2774149192162255
first session,p03,16,17,1x3,0.8377449295290478
first session,p03,16,17,2x2,0.7311790993468545
first session,p03,16,17,3x3,0.514266070814713
first session,p03,16,17,4x4,0.3306978343073221
first session,p03,16,18,1x3,0.8377449295290478
first session,p03,16,18,2x2,0.7325541423169474
first session,p03,16,18,3x3,0.5328291509109659
first session,p03,16,18,4x4,0.3509797181161911
first session,p03,16,19,1x3,0.838088690271571
first session,p03,16,19,2x2,0.7270539704365762
first session,p03,16,19,3x3,0.45204537641801307
first session,p03,16,19,4x4,0.27810244070127194
random,p04,1,0,1x3,0.8555438964672962
random,p04,1,0,2x2,0.8044770898915705
random,p04,1,0,3x3,0.6246939489331934
random,p04,1,0,4x4,0.4379153550192375
random,p04,1,1,1x3,0.8097236796082546
random,p04,1,1,2x2,0.7341727876880028
random,p04,1,1,3x3,0.5292060160895418
random,p04,1,1,4x4,0.3522210563133963
random,p04,1,2,1x3,0.8551941238195173
random,p04,1,2,2x2,0.7366211962224554
random,p04,1,2,3x3,0.5082196572228052
random,p04,1,2,4x4,0.36935991605456453
random,p04,1,3,1x3,0.851346624693949
random,p04,1,3,2x2,0.6722630290311298
random,p04,1,3,3x3,0.35047219307450156
random,p04,1,3,4x4,0.260930395243092
random,p04,1,4,1x3,0.8523959426372858
random,p04,1,4,2x2,0.8006295907660022
random,p04,1,4,3x3,0.6243441762854145
random,p04,1,4,4x4,0.47359216509268975
random,p04,1,5,1x3,0.670514165792235
random,p04,1,5,2x2,0.7694998251136761
random,p04,1,5,3x3,0.4812871633438265
random,p04,1,5,4x4,0.3172437915355019
random,p04,1,6,1x3,0.8576425323539699
random,p04,1,6,2x2,0.789087093389297
random,p04,1,6,3x3,0.5953130465197621
random,p04,1,6,4x4,0.4333683105981112
random,p04,1,7,1x3,0.8398041273172437
random,p04,1,7,2x2,0.7922350472193075
random,p04,1,7,3x3,0.6183980412731724
random,p04,1,7,4x4,0.472193074501574
random,p04,1,8,1x3,0.8600909408884225
random,p04,1,8,2x2,0.7922350472193075
random,p04,1,8,3x3,0.6260930395243092
random,p04,1,8,4x4,0.4644980762504372
random,p04,1,9,1x3,0.8034277719482337
random,p04,1,9,2x2,0.7317243791535502
random,p04,1,9,3x3,0.5124169289961525
random,p04,1,9,4x4,0.35362014690451204
random,p04,1,10,1x3,0.8527457152850647
random,p04,1,10,2x2,0.7306750612102134
random,p04,1,10,3x3,0.4683455753760056
random,p04,1,10,4x4,0.31899265477439664
random,p04,1,11,1x3,0.8548443511717384
random,p04,1,11,2x2,0.8121720881427072
random,p04,1,11,3x3,0.6316894018887723
random,p04,1,11,4x4,0.4644980762504372
random,p04,1,12,1x3,0.8544945785239594
random,p04,1,12,2x2,0.8065757257782441
random,p04,1,12,3x3,0.6257432668765303
random,p04,1,12,4x4,0.5064707939839105
random,p04,1,13,1x3,0.8548443511717384
random,p04,1,13,2x2,0.7471143756558237
random,p04,1,13,3x3,0.5089192025183631
random,p04,1,13,4x4,0.3441762854144806
random,p04,1,14,1x3,0.857292759706191
random,p04,1,14,2x2,0.6575725778244141
random,p04,1,14,3x3,0.3340328786288912
random,p04,1,14,4x4,0.23889471843301854
random,p04,1,15,1x3,0.8565932144106331
random,p04,1,15,2x2,0.8034277719482337
random,p04,1,15,3x3,0.6260930395243092
random,p04,1,15,4x4,0.49492829660720533
random,p04,1,16,1x3,0.8576425323539699
random,p04,1,16,2x2,0.7397691500524659
random,p04,1,16,3x3,0.5110178384050367
random,p04,1,16,4x4,0.3641133263378804
random,p04,1,17,1x3,0.8499475341028332
random,p04,1,17,2x2,0.7222805176635188
random,p04,1,17,3x3,0.4354669464847849
random,p04,1,17,4x4,0.2784190276320392
random,p04,1,18,1x3,0.8296607205316544
random,p04,1,18,2x2,0.7054914305701294
random,p04,1,18,3x3,0.42322490381252187
random,p04,1,18,4x4,0.28471493529206016
random,p04,1,19,1x3,0.8488982161594963
random,p04,1,19,2x2,0.7869884575026233
random,p04,1,19,3x3,0.6135012242042672
random,p04,1,19,4x4,0.4833857992305002
random,p04,3,0,1x3,0.8414420721036052
random,p04,3,0,2x2,0.7297864893244662
random,p04,3,0,3x3,0.5061253062653133
random,p04,3,0,4x4,0.3615680784039202
random,p04,3,1,1x3,0.8603430171508576
random,p04,3,1,2x2,0.7938396919845992
random,p04,3,1,3x3,0.6016800840042003
random,p04,3,1,4x4,0.4312215610780539
random,p04,3,2,1x3,0.8536926846342318
random,p04,3,2,2x2,0.8032901645082254
random,p04,3,2,3x3,0.6279313965698284
random,p04,3,2,4x4,0.5047252362618131
random,p04,3,3,1x3,0.8123906195309766
random,p04,3,3,2x2,0.8036401820091005
random,p04,3,3,3x3,0.599229961498075
random,p04,3,3,4x4,0.431921596079804
random,p04,3,4,1x3,0.8617430871543578
random,p04,3,4,2x2,0.7927896394819741
random,p04,3,4,3x3,0.6282814140707035
random,p04,3,4,4x4,0.4665733286664333
random,p04,3,5,1x3,0.7661883094154708
random,p04,3,5,2x2,0.7987399369968499
random,p04,3,5,3x3,0.5645782289114456
random,p04,3,5,4x4,0.3983199159957998
random,p04,3,6,1x3,0.8501925096254813
random,p04,3,6,2x2,0.8116905845292265
random,p04,3,6,3x3,0.6314315715785789
random,p04,3,6,4x4,0.4672733636681834
random,p04,3,7,1x3,0.7444872243612181
random,p04,3,7,2x2,0.7448372418620931
random,p04,3,7,3x3,0.5432271613580679
random,p04,3,7,4x4,0.3776688834441722
random,p04,3,8,1x3,0.8575428771438572
random,p04,3,8,2x2,0.7658382919145957
random,p04,3,8,3x3,0.5551277563878194
random,p04,3,8,4x4,0.3965698284914246
random,p04,3,9,1x3,0.8253412670633532
random,p04,3,9,2x2,0.7560378018900945
random,p04,3,9,3x3,0.5733286664333217
random,p04,3,9,4x4,0.4140707035351768
random,p04,3,10,1x3,0.8610430521526077
random,p04,3,10,2x2,0.7966398319915996
random,p04,3,10,3x3,0.6149807490374519
random,p04,3,10,4x4,0.4410220511025551
random,p04,3,11,1x3,0.7903395169758488
random,p04,3,11,2x2,0.7640882044102205
random,p04,3,11,3x3,0.5733286664333217
random,p04,3,11,4x4,0.3965698284914246
random,p04,3,12,1x3,0.8596429821491075
random,p04,3,12,2x2,0.8036401820091005
random,p04,3,12,3x3,0.6170808540427022
random,p04,3,12,4x4,0.4466223311165558
random,p04,3,13,1x3,0.8249912495624782
random,p04,3,13,2x2,0.7325866293314666
random,p04,3,13,3x3,0.5155757787889395
random,p04,3,13,4x4,0.3370668533426671
random,p04,3,14,1x3,0.8533426671333567
random,p04,3,14,2x2,0.808190409520476
random,p04,3,14,3x3,0.6275813790689534
random,p04,3,14,4x4,0.5071753587679384
random,p04,3,15,1x3,0.7535876793839692
random,p04,3,15,2x2,0.7770388519425971
random,p04,3,15,3x3,0.5425271263563178
random,p04,3,15,4x4,0.37171858592929646
random,p04,3,16,1x3,0.8575428771438572
random,p04,3,16,2x2,0.7696884844242212
random,p04,3,16,3x3,0.5638781939096955
random,p04,3,16,4x4,0.40182009100455024
random,p04,3,17,1x3,0.8606930346517326
random,p04,3,17,2x2,0.807840392019601
random,p04,3,17,3x3,0.6349317465873293
random,p04,3,17,4x4,0.4903745187259363
random,p04,3,18,1x3,0.8260413020651033
random,p04,3,18,2x2,0.7630381519075954
random,p04,3,18,3x3,0.5887294364718236
random,p04,3,18,4x4,0.43052152607630384
random,p04,3,19,1x3,0.7938396919845992
random,p04,3,19,2x2,0.7336366818340917
random,p04,3,19,3x3,0.5225761288064403
random,p04,3,19,4x4,0.3458172908645432
random,p04,5,0,1x3,0.8504378283712785
random,p04,5,0,2x2,0.7971978984238178
random,p04,5,0,3x3,0.6175131348511383
random,p04,5,0,4x4,0.48756567425569175
random,p04,5,1,1x3,0.8392294220665499
random,p04,5,1,2x2,0.8042031523642732
random,p04,5,1,3x3,0.6084063047285464
random,p04,5,1,4x4,0.43467600700525394
random,p04,5,2,1x3,0.8486865148861646
random,p04,5,2,2x2,0.7877408056042031
random,p04,5,2,3x3,0.5961471103327496
random,p04,5,2,4x4,0.4262697022767075
random,p04,5,3,1x3,0.8469352014010508
random,p04,5,3,2x2,0.8077057793345008
random,p04,5,3,3x3,0.6238178633975482
random,p04,5,3,4x4,0.49632224168126093
random,p04,5,4,1x3,0.8574430823117338
random,p04,5,4,2x2,0.810507880910683
random,p04,5,4,3x3,0.6364273204903678
random,p04,5,4,4x4,0.4756567425569177
random,p04,5,5,1x3,0.8427320490367776
random,p04,5,5,2x2,0.7394045534150613
random,p04,5,5,3x3,0.49071803852889667
random,p04,5,5,4x4,0.3309982486865149
random,p04,5,6,1x3,0.8276707530647986
random,p04,5,6,2x2,0.8035026269702277
random,p04,5,6,3x3,0.604553415061296
random,p04,5,6,4x4,0.4374781085814361
random,p04,5,7,1x3,0.8434325744308231
random,p04,5,7,2x2,0.8070052539404553
random,p04,5,7,3x3,0.6171628721541156
random,p04,5,7,4x4,0.43012259194395797
random,p04,5,8,1x3,0.7709281961471103
random,p04,5,8,2x2,0.7989492119089316
random,p04,5,8,3x3,0.5611208406304729
random,p04,5,8,4x4,0.31068301225919437
random,p04,5,9,1x3,0.8521891418563923
random,p04,5,9,2x2,0.805954465849387
random,p04,5,9,3x3,0.6273204903677758
random,p04,5,9,4x4,0.5057793345008756
random,p04,5,10,1x3,0.8483362521891419
random,p04,5,10,2x2,0.8035026269702277
random,p04,5,10,3x3,0.6199649737302977
random,p04,5,10,4x4,0.4886164623467601
random,p04,5,11,1x3,0.7877408056042031
random,p04,5,11,2x2,0.7415061295971979
random,p04,5,11,3x3,0.5390542907180386
random,p04,5,11,4x4,0.37302977232924694
random,p04,5,12,1x3,0.840630472854641
random,p04,5,12,2x2,0.7992994746059545
random,p04,5,12,3x3,0.6129597197898424
random,p04,5,12,4x4,0.48371278458844136
random,p04,5,13,1x3,0.8514886164623467
random,p04,5,13,2x2,0.7894921190893169
random,p04,5,13,3x3,0.6077057793345009
random,p04,5,13,4x4,0.47880910683012257
random,p04,5,14,1x3,0.8031523642732049
random,p04,5,14,2x2,0.7768826619964974
random,p04,5,14,3x3,0.590893169877408
random,p04,5,14,4x4,0.4350262697022767
random,p04,5,15,1x3,0.8462346760070053
random,p04,5,15,2x2,0.7919439579684764
random,p04,5,15,3x3,0.6108581436077057
random,p04,5,15,4x4,0.4854640980735552
random,p04,5,16,1x3,0.8441330998248686
random,p04,5,16,2x2,0.7810858143607706
random,p04,5,16,3x3,0.589492119089317
random,p04,5,16,4x4,0.4367775831873905
random,p04,5,17,1x3,0.8581436077057794
random,p04,5,17,2x2,0.8063047285464098
random,p04,5,17,3x3,0.6178633975481611
random,p04,5,17,4x4,0.45884413309982486
random,p04,5,18,1x3,0.7863397548161121
random,p04,5,18,2x2,0.8122591943957969
random,p04,5,18,3x3,0.5807355516637478
random,p04,5,18,4x4,0.415061295971979
random,p04,5,19,1x3,0.8514886164623467
random,p04,5,19,2x2,0.7775831873905429
random,p04,5,19,3x3,0.5796847635726795
random,p04,5,19,4x4,0.41891418563922944
random,p04,9,0,1x3,0.8425113995089443
random,p04,9,0,2x2,0.8077867414942126
random,p04,9,0,3x3,0.6183795159593125
random,p04,9,0,4x4,0.49982462293931956
random,p04,9,1,1x3,0.7986671343388285
random,p04,9,1,2x2,0.8070852332514907
random,p04,9,1,3x3,0.5882146615222729
random,p04,9,1,4x4,0.3984566818660119
random,p04,9,2,1x3,0.8509294984216065
random,p04,9,2,2x2,0.7976148719747457
random,p04,9,2,3x3,0.6204840406874781
random,p04,9,2,4x4,0.4766748509294984
random,p04,9,3,1x3,0.8632058926692389
random,p04,9,3,2x2,0.8095405121010172
random,p04,9,3,3x3,0.6180287618379516
random,p04,9,3,4x4,0.4072255349000351
random,p04,9,4,1x3,0.8551385478779375
random,p04,9,4,2x2,0.7976148719747457
random,p04,9,4,3x3,0.6138197123816205
random,p04,9,4,4x4,0.42756927393896876
random,p04,9,5,1x3,0.8596983514556296
random,p04,9,5,2x2,0.8042792002806033
random,p04,9,5,3x3,0.6296036478428622
random,p04,9,5,4x4,0.4861452122062434
random,p04,9,6,1x3,0.8467204489652753
random,p04,9,6,2x2,0.8025254296737987
random,p04,9,6,3x3,0.6187302700806735
random,p04,9,6,4x4,0.4857944580848825
random,p04,9,7,1x3,0.84847421957208
random,p04,9,7,2x2,0.7649947386881796
random,p04,9,7,3x3,0.5601543318133988
random,p04,9,7,4x4,0.39985969835145563
random,p04,9,8,1x3,0.8509294984216065
random,p04,9,8,2x2,0.7891967730620835
random,p04,9,8,3x3,0.6131182041388986
random,p04,9,8,4x4,0.44650999649245876
random,p04,9,9,1x3,0.8407576289021396
random,p04,9,9,2x2,0.7976148719747457
random,p04,9,9,3x3,0.6152227288670642
random,p04,9,9,4x4,0.4896527534198527
random,p04,9,10,1x3,0.8596983514556296
random,p04,9,10,2x2,0.8081374956155735
random,p04,9,10,3x3,0.6334619431778323
random,p04,9,10,4x4,0.4661522272886706
random,p04,9,11,1x3,0.8474219572079972
random,p04,9,11,2x2,0.7983163802174675
random,p04,9,11,3x3,0.6134689582602596
random,p04,9,11,4x4,0.48123465450719044
random,p04,9,12,1x3,0.8393546124166958
random,p04,9,12,2x2,0.7513153279551035
random,p04,9,12,3x3,0.5380568221676605
random,p04,9,12,4x4,0.3910908453174325
random,p04,9,13,1x3,0.8526832690284111
random,p04,9,13,2x2,0.8025254296737987
random,p04,9,13,3x3,0.6176780077165906
random,p04,9,13,4x4,0.49736934408979305
random,p04,9,14,1x3,0.8446159242371097
random,p04,9,14,2x2,0.7979656260961067
random,p04,9,14,3x3,0.5822518414591371
random,p04,9,14,4x4,0.42862153630305155
random,p04,9,15,1x3,0.8407576289021396
random,p04,9,15,2x2,0.7990178884601894
random,p04,9,15,3x3,0.6169764994738688
random,p04,9,15,4x4,0.4735180638372501
random,p04,9,16,1x3,0.8358470712030867
random,p04,9,16,2x2,0.8091897579796563
random,p04,9,16,3x3,0.6134689582602596
random,p04,9,16,4x4,0.42441248684672045
random,p04,9,17,1x3,0.8589968432129077
random,p04,9,17,2x2,0.8119957909505436
random,p04,9,17,3x3,0.629954401964223
random,p04,9,17,4x4,0.4987723605752368
random,p04,9,18,1x3,0.8155033321641529
random,p04,9,18,2x2,0.7814801823921431
random,p04,9,18,3x3,0.5815503332164152
random,p04,9,18,4x4,0.39494914065240266
random,p04,9,19,1x3,0.8498772360575236
random,p04,9,19,2x2,0.7614871974745703
random,p04,9,19,3x3,0.56436338126973
random,p04,9,19,4x4,0.41599438793405824
random,p04,16,0,1x3,0.8516174402250352
random,p04,16,0,2x2,0.7749648382559775
random,p04,16,0,3x3,0.5815752461322081
random,p04,16,0,4x4,0.43037974683544306
random,p04,16,1,1x3,0.8523206751054853
random,p04,16,1,2x2,0.810478199718706
random,p04,16,1,3x3,0.629395218002813
random,p04,16,1,4x4,0.5112517580872011
random,p04,16,2,1x3,0.8438818565400844
random,p04,16,2,2x2,0.8066104078762306
random,p04,16,2,3x3,0.6213080168776371
random,p04,16,2,4x4,0.47468354430379744
random,p04,16,3,1x3,0.8502109704641351
random,p04,16,3,2x2,0.7823488045007032
random,p04,16,3,3x3,0.5963431786216596
random,p04,16,3,4x4,0.45147679324894513
random,p04,16,4,1x3,0.8565400843881856
random,p04,16,4,2x2,0.7985232067510548
random,p04,16,4,3x3,0.6276371308016878
random,p04,16,4,4x4,0.4940225035161744
random,p04,16,5,1x3,0.8565400843881856
random,p04,16,5,2x2,0.8059071729957806
random,p04,16,5,3x3,0.6153305203938115
random,p04,16,5,4x4,0.4549929676511955
random,p04,16,6,1x3,0.8456399437412095
random,p04,16,6,2x2,0.799929676511955
random,p04,16,6,3x3,0.6216596343178622
random,p04,16,6,4x4,0.47081575246132207
random,p04,16,7,1x3,0.8428270042194093
random,p04,16,7,2x2,0.8006329113924051
random,p04,16,7,3x3,0.6153305203938115
random,p04,16,7,4x4,0.46624472573839665
random,p04,16,8,1x3,0.85056258790436
random,p04,16,8,2x2,0.8087201125175809
random,p04,16,8,3x3,0.630801687763713
random,p04,16,8,4x4,0.49859353023909986
random,p04,16,9,1x3,0.8621659634317862
random,p04,16,9,2x2,0.8108298171589311
random,p04,16,9,3x3,0.6381856540084389
random,p04,16,9,4x4,0.4961322081575246
random,p04,16,10,1x3,0.8544303797468354
random,p04,16,10,2x2,0.8055555555555556
random,p04,16,10,3x3,0.619901547116737
random,p04,16,10,4x4,0.47151898734177217
random,p04,16,11,1x3,0.8540787623066104
random,p04,16,11,2x2,0.7872714486638537
random,p04,16,11,3x3,0.6139240506329114
random,p04,16,11,4x4,0.47749648382559773
random,p04,16,12,1x3,0.8561884669479606
random,p04,16,12,2x2,0.8052039381153305
random,p04,16,12,3x3,0.6283403656821378
random,p04,16,12,4x4,0.4978902953586498
random,p04,16,13,1x3,0.8326300984528833
random,p04,16,13,2x2,0.8002812939521801
random,p04,16,13,3x3,0.6156821378340366
random,p04,16,13,4x4,0.49050632911392406
random,p04,16,14,1x3,0.8470464135021097
random,p04,16,14,2x2,0.8034458509142054
random,p04,16,14,3x3,0.6220112517580872
random,p04,16,14,4x4,0.5042194092827004
random,p04,16,15,1x3,0.8459915611814346
random,p04,16,15,2x2,0.8020393811533052
random,p04,16,15,3x3,0.6216596343178622
random,p04,16,15,4x4,0.4883966244725738
random,p04,16,16,1x3,0.8568917018284107
random,p04,16,16,2x2,0.8069620253164557
random,p04,16,16,3x3,0.6311533052039381
random,p04,16,16,4x4,0.47644163150492264
random,p04,16,17,1x3,0.8452883263009845
random,p04,16,17,2x2,0.8048523206751055
random,p04,16,17,3x3,0.6241209563994374
random,p04,16,17,4x4,0.49437412095639943
random,p04,16,18,1x3,0.85056258790436
random,p04,16,18,2x2,0.810126582278481
random,p04,16,18,3x3,0.6272855133614628
random,p04,16,18,4x4,0.48874824191279886
random,p04,16,19,1x3,0.8484528832630098
random,p04,16,19,2x2,0.8045007032348804
random,p04,16,19,3x3,0.6241209563994374
random,p04,16,19,4x4,0.5098452883263009
first session,p04,1,0,1x3,0.6172019195275009
first session,p04,1,0,2x2,0.6552233296419343
first session,p04,1,0,3x3,0.25987449243263194
first session,p04,1,0,4x4,0.16611295681063123
first session,p04,1,1,1x3,0.8608342561830934
first session,p04,1,1,2x2,0.7630121816168328
first session,p04,1,1,3x3,0.5466961978589886
first session,p04,1,1,4x4,0.3654485049833887
first session,p04,1,2,1x3,0.8143226282761167
first session,p04,1,2,2x2,0.6799557032115172
first session,p04,1,2,3x3,0.3333333333333333
first session,p04,1,2,4x4,0.22148394241417496
first session,p04,1,3,1x3,0.8161683277962348
first session,p04,1,3,2x2,0.7294204503506829
first session,p04,1,3,3x3,0.4994462901439646
first session,p04,1,3,4x4,0.31709117755629385
first session,p04,1,4,1x3,0.5529715762273901
first session,p04,1,4,2x2,0.7360649686231081
first session,p04,1,4,3x3,0.4078995939461056
first session,p04,1,4,4x4,0.2871908453303802
first session,p04,1,5,1x3,0.6954595791805094
first session,p04,1,5,2x2,0.7201919527500923
first session,p04,1,5,3x3,0.40568475452196384
first session,p04,1,5,4x4,0.2336655592469546
first session,p04,1,6,1x3,0.5514950166112956
first session,p04,1,6,2x2,0.6803248431155408
first session,p04,1,6,3x3,0.3994093761535622
first session,p04,1,6,4x4,0.21262458471760798
first session,p04,1,7,1x3,0.6452565522332964
first session,p04,1,7,2x2,0.7386489479512736
first session,p04,1,7,3x3,0.44629014396456257
first session,p04,1,7,4x4,0.2886674049464747
first session,p04,1,8,1x3,0.8157991878922112
first session,p04,1,8,2x2,0.7877445551864156
first session,p04,1,8,3x3,0.5695828719084534
first session,p04,1,8,4x4,0.36913990402362495
first session,p04,1,9,1x3,0.6172019195275009
first session,p04,1,9,2x2,0.6552233296419343
first session,p04,1,9,3x3,0.25987449243263194
first session,p04,1,9,4x4,0.16611295681063123
first session,p04,1,10,1x3,0.7759320782576596
first session,p04,1,10,2x2,0.8014027316352897
first session,p04,1,10,3x3,0.577703949796973
first session,p04,1,10,4x4,0.4123292727943891
first session,p04,1,11,1x3,0.8564045773348099
first session,p04,1,11,2x2,0.6984126984126984
first session,p04,1,11,3x3,0.46659283868586193
first session,p04,1,11,4x4,0.3344407530454042
first session,p04,1,12,1x3,0.7910668143226283
first session,p04,1,12,2x2,0.7611664820967147
first session,p04,1,12,3x3,0.5382059800664452
first session,p04,1,12,4x4,0.3477297895902547
first session,p04,1,13,1x3,0.8464377999261721
first session,p04,1,13,2x2,0.7770394979697305
first session,p04,1,13,3x3,0.5843484680693983
first session,p04,1,13,4x4,0.4274640088593577
first session,p04,1,14,1x3,0.7113325950535253
first session,p04,1,14,2x2,0.6795865633074936
first session,p04,1,14,3x3,0.30601698043558506
first session,p04,1,14,4x4,0.19785898855666298
first session,p04,1,15,1x3,0.8087855297157622
first session,p04,1,15,2x2,0.7471391657438169
first session,p04,1,15,3x3,0.543373938722776
first session,p04,1,15,4x4,0.3695090439276486
first session,p04,1,16,1x3,0.5828719084533038
first session,p04,1,16,2x2,0.6836471022517534
first session,p04,1,16,3x3,0.3237356958287191
first session,p04,1,16,4x4,0.18899963086009597
first session,p04,1,17,1x3,0.6437799926172019
first session,p04,1,17,2x2,0.7305278700627538
first session,p04,1,17,3x3,0.43115540789959395
first session,p04,1,17,4x4,0.2691029900332226
first session,p04,1,18,1x3,0.7641196013289037
first session,p04,1,18,2x2,0.7216685123661868
first session,p04,1,18,3x3,0.4470284237726098
first session,p04,1,18,4x4,0.27648578811369506
first session,p04,1,19,1x3,0.8338870431893688
first session,p04,1,19,2x2,0.5902547065337763
first session,p04,1,19,3x3,0.3831672203765227
first session,p04,1,19,4x4,0.2602436323366556
first session,p04,3,0,1x3,0.8530823181985973
first session,p04,3,0,2x2,0.6452565522332964
first session,p04,3,0,3x3,0.40716131413805834
first session,p04,3,0,4x4,0.26208933185677374
first session,p04,3,1,1x3,0.7080103359173127
first session,p04,3,1,2x2,0.7744555186415651
first session,p04,3,1,3x3,0.5071982281284607
first session,p04,3,1,4x4,0.3292727943890735
first session,p04,3,2,1x3,0.8353636028054633
first session,p04,3,2,2x2,0.7349575489110373
first session,p04,3,2,3x3,0.5175341454411222
first session,p04,3,2,4x4,0.3658176448874123
first session,p04,3,3,1x3,0.8283499446290143
first session,p04,3,3,2x2,0.8065706902916205
first session,p04,3,3,3x3,0.6127722406792174
first session,p04,3,3,4x4,0.4459210040605389
first session,p04,3,4,1x3,0.8320413436692506
first session,p04,3,4,2x2,0.8161683277962348
first session,p04,3,4,3x3,0.6190476190476191
first session,p04,3,4,4x4,0.45182724252491696
first session,p04,3,5,1x3,0.7445551864156515
first session,p04,3,5,2x2,0.7478774455518642
first session,p04,3,5,3x3,0.4736064968623108
first session,p04,3,5,4x4,0.2942045035068291
first session,p04,3,6,1x3,0.8556662975267626
first session,p04,3,6,2x2,0.7644887412329273
first session,p04,3,6,3x3,0.5489110372831303
first session,p04,3,6,4x4,0.4019933554817276
first session,p04,3,7,1x3,0.8180140273163529
first session,p04,3,7,2x2,0.7836840162421558
first session,p04,3,7,3x3,0.6002214839424141
first session,p04,3,7,4x4,0.45921004060538945
first session,p04,3,8,1x3,0.8460686600221484
first session,p04,3,8,2x2,0.8117386489479512
first session,p04,3,8,3x3,0.6282761166482097
first session,p04,3,8,4x4,0.46327057954964934
first session,p04,3,9,1x3,0.8560354374307863
first session,p04,3,9,2x2,0.7464008859357697
first session,p04,3,9,3x3,0.5131044665928387
first session,p04,3,9,4x4,0.3418235511258767
first session,p04,3,10,1x3,0.8586194167589516
first session,p04,3,10,2x2,0.8135843484680694
first session,p04,3,10,3x3,0.6304909560723514
first session,p04,3,10,4x4,0.5049833887043189
first session,p04,3,11,1x3,0.8578811369509044
first session,p04,3,11,2x2,0.805094130675526
first session,p04,3,11,3x3,0.6327057954964932
first session,p04,3,11,4x4,0.49317091177556294
first session,p04,3,12,1x3,0.8593576965669989
first session,p04,3,12,2x2,0.6943521594684385
first session,p04,3,12,3x3,0.3624953857511997
first session,p04,3,12,4x4,0.27205610926541157
first session,p04,3,13,1x3,0.8054632705795497
first session,p04,3,13,2x2,0.7759320782576596
first session,p04,3,13,3x3,0.5503875968992248
first session,p04,3,13,4x4,0.34846806939830194
first session,p04,3,14,1x3,0.8586194167589516
first session,p04,3,14,2x2,0.8073089700996677
first session,p04,3,14,3x3,0.6323366555924695
first session,p04,3,14,4x4,0.5083056478405316
first session,p04,3,15,1x3,0.8560354374307863
first session,p04,3,15,2x2,0.7331118493909191
first session,p04,3,15,3x3,0.4990771502399409
first session,p04,3,15,4x4,0.3643410852713178
first session,p04,3,16,1x3,0.8519748984865264
first session,p04,3,16,2x2,0.7822074566260613
first session,p04,3,16,3x3,0.6127722406792174
first session,p04,3,16,4x4,0.4736064968623108
first session,p04,3,17,1x3,0.8586194167589516
first session,p04,3,17,2x2,0.7759320782576596
first session,p04,3,17,3x3,0.5721668512366187
first session,p04,3,17,4x4,0.4053156146179402
first session,p04,3,18,1x3,0.8394241417497231
first session,p04,3,18,2x2,0.7884828349944629
first session,p04,3,18,3x3,0.6190476190476191
first session,p04,3,18,4x4,0.4728682170542636
first session,p04,3,19,1x3,0.8471760797342193
first session,p04,3,19,2x2,0.7323735695828719
first session,p04,3,19,3x3,0.5079365079365079
first session,p04,3,19,4x4,0.36323366555924697
first session,p04,5,0,1x3,0.8482834994462901
first session,p04,5,0,2x2,0.8069398301956442
first session,p04,5,0,3x3,0.6205241786637136
first session,p04,5,0,4x4,0.4702842377260982
first session,p04,5,1,1x3,0.8379475821336286
first session,p04,5,1,2x2,0.7884828349944629
first session,p04,5,1,3x3,0.5828719084533038
first session,p04,5,1,4x4,0.4389073458840901
first session,p04,5,2,1x3,0.8449612403100775
first session,p04,5,2,2x2,0.580657069029162
first session,p04,5,2,3x3,0.47988187523071246
first session,p04,5,2,4x4,0.30306386120339607
first session,p04,5,3,1x3,0.8549280177187154
first session,p04,5,3,2x2,0.802141011443337
first session,p04,5,3,3x3,0.6227390180878553
first session,p04,5,3,4x4,0.4979697305278701
first session,p04,5,4,1x3,0.64968623108158
first session,p04,5,4,2x2,0.7751937984496124
first session,p04,5,4,3x3,0.4776670358065707
first session,p04,5,4,4x4,0.36323366555924697
first session,p04,5,5,1x3,0.8575119970468807
first session,p04,5,5,2x2,0.8098929494278332
first session,p04,5,5,3x3,0.6304909560723514
first session,p04,5,5,4x4,0.46770025839793283
first session,p04,5,6,1x3,0.7943890734588409
first session,p04,5,6,2x2,0.7574750830564784
first session,p04,5,6,3x3,0.5677371723883352
first session,p04,5,6,4x4,0.3839055001845699
first session,p04,5,7,1x3,0.7205610926541159
first session,p04,5,7,2x2,0.7873754152823921
first session,p04,5,7,3x3,0.5297157622739018
first session,p04,5,7,4x4,0.36766334440753046
first session,p04,5,8,1x3,0.8501291989664083
first session,p04,5,8,2x2,0.8098929494278332
first session,p04,5,8,3x3,0.6238464377999262
first session,p04,5,8,4x4,0.44739756367663347
first session,p04,5,9,1x3,0.834625322997416
first session,p04,5,9,2x2,0.8117386489479512
first session,p04,5,9,3x3,0.6072351421188631
first session,p04,5,9,4x4,0.4599483204134367
first session,p04,5,10,1x3,0.8390550018456995
first session,p04,5,10,2x2,0.7866371354743448
first session,p04,5,10,3x3,0.5821336286452565
first session,p04,5,10,4x4,0.41823551125876707
first session,p04,5,11,1x3,0.816906607604282
first session,p04,5,11,2x2,0.7988187523071244
first session,p04,5,11,3x3,0.580657069029162
first session,p04,5,11,4x4,0.4422296050203027
first session,p04,5,12,1x3,0.7855297157622739
first session,p04,5,12,2x2,0.7626430417128092
first session,p04,5,12,3x3,0.5537098560354374
first session,p04,5,12,4x4,0.38981173864894797
first session,p04,5,13,1x3,0.571797711332595
first session,p04,5,13,2x2,0.6382428940568475
first session,p04,5,13,3x3,0.33111849390919157
first session,p04,5,13,4x4,0.24326319675156885
first session,p04,5,14,1x3,0.8586194167589516
first session,p04,5,14,2x2,0.8084163898117387
first session,p04,5,14,3x3,0.6334440753045404
first session,p04,5,14,4x4,0.4728682170542636
first session,p04,5,15,1x3,0.760797342192691
first session,p04,5,15,2x2,0.7973421926910299
first session,p04,5,15,3x3,0.5614617940199336
first session,p04,5,15,4x4,0.39276485788113696
first session,p04,5,16,1x3,0.8493909191583611
first session,p04,5,16,2x2,0.8028792912513842
first session,p04,5,16,3x3,0.6190476190476191
first session,p04,5,16,4x4,0.48431155407899595
first session,p04,5,17,1x3,0.8335179032853451
first session,p04,5,17,2x2,0.6858619416758952
first session,p04,5,17,3x3,0.4278331487633813
first session,p04,5,17,4x4,0.2742709486895533
first session,p04,5,18,1x3,0.8383167220376523
first session,p04,5,18,2x2,0.7984496124031008
first session,p04,5,18,3x3,0.6179401993355482
first session,p04,5,18,4x4,0.4728682170542636
first session,p04,5,19,1x3,0.8172757475083057
first session,p04,5,19,2x2,0.7906976744186046
first session,p04,5,19,3x3,0.5917312661498708
first session,p04,5,19,4x4,0.43669250645994834
first session,p04,9,0,1x3,0.7486157253599114
first session,p04,9,0,2x2,0.7962347729789591
first session,p04,9,0,3x3,0.5574012550756737
first session,p04,9,0,4x4,0.3920265780730897
first session,p04,9,1,1x3,0.8549280177187154
first session,p04,9,1,2x2,0.8124769287559985
first session,p04,9,1,3x3,0.6304909560723514
first session,p04,9,1,4x4,0.48172757475083056
first session,p04,9,2,1x3,0.7862679955703211
first session,p04,9,2,2x2,0.7825765965300849
first session,p04,9,2,3x3,0.5714285714285714
first session,p04,9,2,4x4,0.4053156146179402
first session,p04,9,3,1x3,0.8630490956072352
first session,p04,9,3,2x2,0.8065706902916205
first session,p04,9,3,3x3,0.6253229974160207
first session,p04,9,3,4x4,0.4599483204134367
first session,p04,9,4,1x3,0.8575119970468807
first session,p04,9,4,2x2,0.8076781100036914
first session,p04,9,4,3x3,0.6301218161683277
first session,p04,9,4,4x4,0.48911037283130304
first session,p04,9,5,1x3,0.8560354374307863
first session,p04,9,5,2x2,0.8106312292358804
first session,p04,9,5,3x3,0.6297526762643042
first session,p04,9,5,4x4,0.46511627906976744
first session,p04,9,6,1x3,0.8560354374307863
first session,p04,9,6,2x2,0.8014027316352897
first session,p04,9,6,3x3,0.6282761166482097
first session,p04,9,6,4x4,0.49760059062384643
first session,p04,9,7,1x3,0.8545588778146918
first session,p04,9,7,2x2,0.808047249907715
first session,p04,9,7,3x3,0.6208933185677372
first session,p04,9,7,4x4,0.45773348098929495
first session,p04,9,8,1x3,0.757844222960502
first session,p04,9,8,2x2,0.8084163898117387
first session,p04,9,8,3x3,0.5669988925802879
first session,p04,9,8,4x4,0.41786637135474347
first session,p04,9,9,1x3,0.8283499446290143
first session,p04,9,9,2x2,0.7102251753414545
first session,p04,9,9,3x3,0.46179401993355484
first session,p04,9,9,4x4,0.2967884828349945
first session,p04,9,10,1x3,0.8401624215577704
first session,p04,9,10,2x2,0.7914359542266519
first session,p04,9,10,3x3,0.5902547065337763
first session,p04,9,10,4x4,0.4230343300110742
first session,p04,9,11,1x3,0.8516057585825028
first session,p04,9,11,2x2,0.8065706902916205
first session,p04,9,11,3x3,0.6238464377999262
first session,p04,9,11,4x4,0.4924326319675157
first session,p04,9,12,1x3,0.8508674787744556
first session,p04,9,12,2x2,0.7847914359542266
first session,p04,9,12,3x3,0.6020671834625323
first session,p04,9,12,4x4,0.45921004060538945
first session,p04,9,13,1x3,0.8493909191583611
first session,p04,9,13,2x2,0.8047249907715024
first session,p04,9,13,3x3,0.6186784791435954
first session,p04,9,13,4x4,0.4820967146548542
first session,p04,9,14,1x3,0.8361018826135105
first session,p04,9,14,2x2,0.7678110003691399
first session,p04,9,14,3x3,0.5780730897009967
first session,p04,9,14,4x4,0.4200812107788852
first session,p04,9,15,1x3,0.8538205980066446
first session,p04,9,15,2x2,0.8087855297157622
first session,p04,9,15,3x3,0.6330749354005168
first session,p04,9,15,4x4,0.4654854189737911
first session,p04,9,16,1x3,0.8604651162790697
first session,p04,9,16,2x2,0.8117386489479512
first session,p04,9,16,3x3,0.6304909560723514
first session,p04,9,16,4x4,0.4868955334071613
first session,p04,9,17,1x3,0.7700258397932817
first session,p04,9,17,2x2,0.7811000369139904
first session,p04,9,17,3x3,0.5570321151716501
first session,p04,9,17,4x4,0.3905500184569952
first session,p04,9,18,1x3,0.8538205980066446
first session,p04,9,18,2x2,0.7530454042081949
first session,p04,9,18,3x3,0.5223329641934293
first session,p04,9,18,4x4,0.3850129198966408
first session,p04,9,19,1x3,0.8324104835732743
first session,p04,9,19,2x2,0.7940199335548173
first session,p04,9,19,3x3,0.6101882613510521
first session,p04,9,19,4x4,0.4669619785898856
first session,p04,16,0,1x3,0.8501291989664083
first session,p04,16,0,2x2,0.8054632705795497
first session,p04,16,0,3x3,0.6194167589516427
first session,p04,16,0,4x4,0.49058693244739754
first session,p04,16,1,1x3,0.8460686600221484
first session,p04,16,1,2x2,0.8084163898117387
first session,p04,16,1,3x3,0.6256921373200443
first session,p04,16,1,4x4,0.45810262089331855
first session,p04,16,2,1x3,0.8516057585825028
first session,p04,16,2,2x2,0.8054632705795497
first session,p04,16,2,3x3,0.6201550387596899
first session,p04,16,2,4x4,0.46474713916574384
first session,p04,16,3,1x3,0.8028792912513842
first session,p04,16,3,2x2,0.8135843484680694
first session,p04,16,3,3x3,0.5939461055740125
first session,p04,16,3,4x4,0.43226282761166485
first session,p04,16,4,1x3,0.8032484311554079
first session,p04,16,4,2x2,0.7818383167220376
first session,p04,16,4,3x3,0.5817644887412329
first session,p04,16,4,4x4,0.4067921742340347
first session,p04,16,5,1x3,0.8656330749354005
first session,p04,16,5,2x2,0.8047249907715024
first session,p04,16,5,3x3,0.6327057954964932
first session,p04,16,5,4x4,0.4824658545588778
first session,p04,16,6,1x3,0.8541897379106681
first session,p04,16,6,2x2,0.8143226282761167
first session,p04,16,6,3x3,0.6319675156884459
first session,p04,16,6,4x4,0.49317091177556294
first session,p04,16,7,1x3,0.8482834994462901
first session,p04,16,7,2x2,0.811000369139904
first session,p04,16,7,3x3,0.6253229974160207
first session,p04,16,7,4x4,0.4880029531192322
first session,p04,16,8,1x3,0.8589885566629752
first session,p04,16,8,2x2,0.8084163898117387
first session,p04,16,8,3x3,0.6341823551125877
first session,p04,16,8,4x4,0.46327057954964934
first session,p04,16,9,1x3,0.8512366186784791
first session,p04,16,9,2x2,0.7866371354743448
first session,p04,16,9,3x3,0.5913621262458472
first session,p04,16,9,4x4,0.4348468069398302
first session,p04,16,10,1x3,0.8575119970468807
first session,p04,16,10,2x2,0.8047249907715024
first session,p04,16,10,3x3,0.6282761166482097
first session,p04,16,10,4x4,0.46179401993355484
first session,p04,16,11,1x3,0.8047249907715024
first session,p04,16,11,2x2,0.8014027316352897
first session,p04,16,11,3x3,0.5854558877814692
first session,p04,16,11,4x4,0.3695090439276486
first session,p04,16,12,1x3,0.8504983388704319
first session,p04,16,12,2x2,0.8157991878922112
first session,p04,16,12,3x3,0.6293835363602805
first session,p04,16,12,4x4,0.5027685492801772
first session,p04,16,13,1x3,0.8305647840531561
first session,p04,16,13,2x2,0.8117386489479512
first session,p04,16,13,3x3,0.6172019195275009
first session,p04,16,13,4x4,0.45367294204503505
first session,p04,16,14,1x3,0.8541897379106681
first session,p04,16,14,2x2,0.8091546696197859
first session,p04,16,14,3x3,0.6275378368401624
first session,p04,16,14,4x4,0.48283499446290146
first session,p04,16,15,1x3,0.8516057585825028
first session,p04,16,15,2x2,0.8135843484680694
first session,p04,16,15,3x3,0.6253229974160207
first session,p04,16,15,4x4,0.4983388704318937
first session,p04,16,16,1x3,0.8538205980066446
first session,p04,16,16,2x2,0.8069398301956442
first session,p04,16,16,3x3,0.6264304171280916
first session,p04,16,16,4x4,0.5031376891842008
first session,p04,16,17,1x3,0.8564045773348099
first session,p04,16,17,2x2,0.7980804724990771
first session,p04,16,17,3x3,0.6297526762643042
first session,p04,16,17,4x4,0.4702842377260982
first session,p04,16,18,1x3,0.8538205980066446
first session,p04,16,18,2x2,0.8102620893318567
first session,p04,16,18,3x3,0.6271686969361387
first session,p04,16,18,4x4,0.5101513473606497
first session,p04,16,19,1x3,0.8390550018456995
first session,p04,16,19,2x2,0.8161683277962348
first session,p04,16,19,3x3,0.6205241786637136
first session,p04,16,19,4x4,0.4529346622369878
random,p05,1,0,1x3,0.844196584175671
random,p05,1,0,2x2,0.6277448588358313
random,p05,1,0,3x3,0.3976995468804462
random,p05,1,0,4x4,0.2746601603346114
random,p05,1,1,1x3,0.6333217148832345
random,p05,1,1,2x2,0.6863018473335657
random,p05,1,1,3x3,0.4105960264900662
random,p05,1,1,4x4,0.2338794004879749
random,p05,1,2,1x3,0.834785639595678
random,p05,1,2,2x2,0.6336702683861973
random,p05,1,2,3x3,0.4109445799930289
random,p05,1,2,4x4,0.277448588358313
random,p05,1,3,1x3,0.8469850121993726
random,p05,1,3,2x2,0.7783199721157198
random,p05,1,3,3x3,0.5538515162077379
random,p05,1,3,4x4,0.39107703032415475
random,p05,1,4,1x3,0.8319972115719763
random,p05,1,4,2x2,0.7622865109794353
random,p05,1,4,3x3,0.5378180550714534
random,p05,1,4,4x4,0.36354130359010106
random,p05,1,5,1x3,0.8180550714534681
random,p05,1,5,2x2,0.6465667479958174
random,p05,1,5,3x3,0.41756709654932034
random,p05,1,5,4x4,0.2910421749738585
random,p05,1,6,1x3,0.564308121296619
random,p05,1,6,2x2,0.6089229696758452
random,p05,1,6,3x3,0.3210177762286511
random,p05,1,6,4x4,0.17392819797838968
random,p05,1,7,1x3,0.8699895433949111
random,p05,1,7,2x2,0.7884280237016382
random,p05,1,7,3x3,0.5552457302195887
random,p05,1,7,4x4,0.414430115022656
random,p05,1,8,1x3,0.8717323109097247
random,p05,1,8,2x2,0.5733705123736493
random,p05,1,8,3x3,0.3419309864064134
random,p05,1,8,4x4,0.2554897176716626
random,p05,1,9,1x3,0.8668525618682468
random,p05,1,9,2x2,0.77448588358313
random,p05,1,9,3x3,0.5590798187521785
random,p05,1,9,4x4,0.4022307424189613
random,p05,1,10,1x3,0.7926106657371906
random,p05,1,10,2x2,0.7270826071802021
random,p05,1,10,3x3,0.5036598117811084
random,p05,1,10,4x4,0.31718368769606137
random,p05,1,11,1x3,0.8469850121993726
random,p05,1,11,2x2,0.7333565702335308
random,p05,1,11,3x3,0.5144649703729522
random,p05,1,11,4x4,0.3684210526315789
random,p05,1,12,1x3,0.8692924363889857
random,p05,1,12,2x2,0.7772743116068317
random,p05,1,12,3x3,0.5646566747995817
random,p05,1,12,4x4,0.3963053328685953
random,p05,1,13,1x3,0.6287905193447194
random,p05,1,13,2x2,0.5263157894736842
random,p05,1,13,3x3,0.2896479609620077
random,p05,1,13,4x4,0.17183687696061345
random,p05,1,14,1x3,0.6242593238062043
random,p05,1,14,2x2,0.4290693621470896
random,p05,1,14,3x3,0.24398745207389333
random,p05,1,14,4x4,0.11815963750435692
random,p05,1,15,1x3,0.8532589752527013
random,p05,1,15,2x2,0.7215057511327989
random,p05,1,15,3x3,0.5047054722899965
random,p05,1,15,4x4,0.3562216800278843
random,p05,1,16,1x3,0.8055071453468108
random,p05,1,16,2x2,0.45486232136632976
random,p05,1,16,3x3,0.2994074590449634
random,p05,1,16,4x4,0.1913558731265249
random,p05,1,17,1x3,0.780411293133496
random,p05,1,17,2x2,0.7382363192750088
random,p05,1,17,3x3,0.5116765423492506
random,p05,1,17,4x4,0.32485186476124084
random,p05,1,18,1x3,0.8717323109097247
random,p05,1,18,2x2,0.5744161728825374
random,p05,1,18,3x3,0.3426280934123388
random,p05,1,18,4x4,0.2568839316835134
random,p05,1,19,1x3,0.6751481352387592
random,p05,1,19,2x2,0.4527710003485535
random,p05,1,19,3x3,0.2704775182990589
random,p05,1,19,4x4,0.14116416869989543
random,p05,3,0,1x3,0.8538542029996512
random,p05,3,0,2x2,0.757237530519707
random,p05,3,0,3x3,0.5350540634809906
random,p05,3,0,4x4,0.3927450296477154
random,p05,3,1,1x3,0.8719916288803627
random,p05,3,1,2x2,0.7868852459016393
random,p05,3,1,3x3,0.56260899895361
random,p05,3,1,4x4,0.41053365887687476
random,p05,3,2,1x3,0.8730380188350192
random,p05,3,2,2x2,0.7861876525985351
random,p05,3,2,3x3,0.5622602023020579
random,p05,3,2,4x4,0.4098360655737705
random,p05,3,3,1x3,0.8175793512382281
random,p05,3,3,2x2,0.769445413324032
random,p05,3,3,3x3,0.5259853505406348
random,p05,3,3,4x4,0.38018835019183816
random,p05,3,4,1x3,0.8053714684339031
random,p05,3,4,2x2,0.6173700732472969
random,p05,3,4,3x3,0.3864666899197768
random,p05,3,4,4x4,0.2518311824206488
random,p05,3,5,1x3,0.8705964422741541
random,p05,3,5,2x2,0.7833972793861179
random,p05,3,5,3x3,0.5619114056505058
random,p05,3,5,4x4,0.4129752354377398
random,p05,3,6,1x3,0.8622253226369027
random,p05,3,6,2x2,0.7558423439134985
random,p05,3,6,3x3,0.5409836065573771
random,p05,3,6,4x4,0.3903034530868504
random,p05,3,7,1x3,0.8639693058946634
random,p05,3,7,2x2,0.762120683641437
random,p05,3,7,3x3,0.538542029996512
random,p05,3,7,4x4,0.3672828740844088
random,p05,3,8,1x3,0.752354377397977
random,p05,3,8,2x2,0.7101499825601674
random,p05,3,8,3x3,0.4726194628531566
random,p05,3,8,4x4,0.2961283571677712
random,p05,3,9,1x3,0.858039762818277
random,p05,3,9,2x2,0.7718869898848971
random,p05,3,9,3x3,0.55772584583188
random,p05,3,9,4x4,0.394140216253924
random,p05,3,10,1x3,0.7973491454482037
random,p05,3,10,2x2,0.749912800837112
random,p05,3,10,3x3,0.514475061039414
random,p05,3,10,4x4,0.3564701778862923
random,p05,3,11,1x3,0.8688524590163934
random,p05,3,11,2x2,0.7757237530519707
random,p05,3,11,3x3,0.5608650156958493
random,p05,3,11,4x4,0.40669689570980116
random,p05,3,12,1x3,0.8709452389257063
random,p05,3,12,2x2,0.6895709801185909
random,p05,3,12,3x3,0.46459713986745726
random,p05,3,12,4x4,0.3289152424136728
random,p05,3,13,1x3,0.8705964422741541
random,p05,3,13,2x2,0.6675967910708057
random,p05,3,13,3x3,0.43529822113707706
random,p05,3,13,4x4,0.3215905127310778
random,p05,3,14,1x3,0.7359609347750261
random,p05,3,14,2x2,0.7241018486222532
random,p05,3,14,3x3,0.47192186955005233
random,p05,3,14,4x4,0.3114754098360656
random,p05,3,15,1x3,0.870247645622602
random,p05,3,15,2x2,0.7809557028252528
random,p05,3,15,3x3,0.5640041855598186
random,p05,3,15,4x4,0.41576560865015694
random,p05,3,16,1x3,0.8182769445413324
random,p05,3,16,2x2,0.7628182769445413
random,p05,3,16,3x3,0.531217300313917
random,p05,3,16,4x4,0.3589117544471573
random,p05,3,17,1x3,0.8531566096965469
random,p05,3,17,2x2,0.7565399372166027
random,p05,3,17,3x3,0.5347052668294384
random,p05,3,17,4x4,0.39169863969305896
random,p05,3,18,1x3,0.8698988489710499
random,p05,3,18,2x2,0.7464248343215905
random,p05,3,18,3x3,0.5169166376002791
random,p05,3,18,4x4,0.3676316707359609
random,p05,3,19,1x3,0.8716428322288106
random,p05,3,19,2x2,0.7785141262643879
random,p05,3,19,3x3,0.5556330659225671
random,p05,3,19,4x4,0.39727938611789326
random,p05,5,0,1x3,0.8705061082024432
random,p05,5,0,2x2,0.7849912739965096
random,p05,5,0,3x3,0.5968586387434555
random,p05,5,0,4x4,0.450261780104712
random,p05,5,1,1x3,0.8582897033158813
random,p05,5,1,2x2,0.7605584642233857
random,p05,5,1,3x3,0.5546247818499127
random,p05,5,1,4x4,0.42478184991274
random,p05,5,2,1x3,0.8708551483420593
random,p05,5,2,2x2,0.7849912739965096
random,p05,5,2,3x3,0.6027923211169285
random,p05,5,2,4x4,0.46457242582897035
random,p05,5,3,1x3,0.8712041884816754
random,p05,5,3,2x2,0.7291448516579406
random,p05,5,3,3x3,0.5232111692844678
random,p05,5,3,4x4,0.38219895287958117
random,p05,5,4,1x3,0.7972076788830715
random,p05,5,4,2x2,0.6959860383944153
random,p05,5,4,3x3,0.4802792321116928
random,p05,5,4,4x4,0.32356020942408376
random,p05,5,5,1x3,0.868760907504363
random,p05,5,5,2x2,0.7696335078534031
random,p05,5,5,3x3,0.5759162303664922
random,p05,5,5,4x4,0.4328097731239092
random,p05,5,6,1x3,0.8652705061082024
random,p05,5,6,2x2,0.7486910994764397
random,p05,5,6,3x3,0.5343804537521815
random,p05,5,6,4x4,0.4083769633507853
random,p05,5,7,1x3,0.8
random,p05,5,7,2x2,0.7385689354275742
random,p05,5,7,3x3,0.518673647469459
random,p05,5,7,4x4,0.3636998254799302
random,p05,5,8,1x3,0.8719022687609075
random,p05,5,8,2x2,0.7797556719022688
random,p05,5,8,3x3,0.587434554973822
random,p05,5,8,4x4,0.4568935427574171
random,p05,5,9,1x3,0.868760907504363
random,p05,5,9,2x2,0.7783595113438045
random,p05,5,9,3x3,0.5909249563699825
random,p05,5,9,4x4,0.4544502617801047
random,p05,5,10,1x3,0.8694589877835951
random,p05,5,10,2x2,0.7846422338568936
random,p05,5,10,3x3,0.5884816753926702
random,p05,5,10,4x4,0.443630017452007
random,p05,5,11,1x3,0.8698080279232112
random,p05,5,11,2x2,0.7783595113438045
random,p05,5,11,3x3,0.5137870855148342
random,p05,5,11,4x4,0.34345549738219894
random,p05,5,12,1x3,0.5895287958115183
random,p05,5,12,2x2,0.669109947643979
random,p05,5,12,3x3,0.3668411867364747
random,p05,5,12,4x4,0.23176265270506108
random,p05,5,13,1x3,0.8705061082024432
random,p05,5,13,2x2,0.7186736474694589
random,p05,5,13,3x3,0.49109947643979057
random,p05,5,13,4x4,0.3424083769633508
random,p05,5,14,1x3,0.8677137870855148
random,p05,5,14,2x2,0.7724258289703316
random,p05,5,14,3x3,0.5940663176265271
random,p05,5,14,4x4,0.4547993019197208
random,p05,5,15,1x3,0.8083769633507853
random,p05,5,15,2x2,0.7270506108202444
random,p05,5,15,3x3,0.36858638743455496
random,p05,5,15,4x4,0.23804537521815008
random,p05,5,16,1x3,0.8342059336823735
random,p05,5,16,2x2,0.7762652705061082
random,p05,5,16,3x3,0.5542757417102967
random,p05,5,16,4x4,0.4132635253054101
random,p05,5,17,1x3,0.8516579406631762
random,p05,5,17,2x2,0.7588132635253054
random,p05,5,17,3x3,0.5382198952879581
random,p05,5,17,4x4,0.39092495636998253
random,p05,5,18,1x3,0.8701570680628272
random,p05,5,18,2x2,0.7842931937172775
random,p05,5,18,3x3,0.5724258289703316
random,p05,5,18,4x4,0.43909249563699826
random,p05,5,19,1x3,0.8701570680628272
random,p05,5,19,2x2,0.7647469458987783
random,p05,5,19,3x3,0.5528795811518324
random,p05,5,19,4x4,0.3919720767888307
random,p05,9,0,1x3,0.8210415938483048
random,p05,9,0,2x2,0.7588255854596295
random,p05,9,0,3x3,0.5473610625655365
random,p05,9,0,4x4,0.40370499825235934
random,p05,9,1,1x3,0.859489688919958
random,p05,9,1,2x2,0.7815449143656065
random,p05,9,1,3x3,0.5365256903180706
random,p05,9,1,4x4,0.35966445298846556
random,p05,9,2,1x3,0.8713736455784691
random,p05,9,2,2x2,0.788885005242922
random,p05,9,2,3x3,0.6053827333100315
random,p05,9,2,4x4,0.46906675987416985
random,p05,9,3,1x3,0.8486543166724921
random,p05,9,3,2x2,0.7514854945823138
random,p05,9,3,3x3,0.5463124781544915
random,p05,9,3,4x4,0.4106955609926599
random,p05,9,4,1x3,0.8678783642083188
random,p05,9,4,2x2,0.7714085983921706
random,p05,9,4,3x3,0.5746242572527088
random,p05,9,4,4x4,0.4445997902831178
random,p05,9,5,1x3,0.8102062216008389
random,p05,9,5,2x2,0.7507864383082838
random,p05,9,5,3x3,0.5340789933589654
random,p05,9,5,4x4,0.39496679482698355
random,p05,9,6,1x3,0.870325061167424
random,p05,9,6,2x2,0.7616218105557497
random,p05,9,6,3x3,0.552603984620762
random,p05,9,6,4x4,0.38692764767563786
random,p05,9,7,1x3,0.870325061167424
random,p05,9,7,2x2,0.7612722824187347
random,p05,9,7,3x3,0.5365256903180706
random,p05,9,7,4x4,0.36875218455085634
random,p05,9,8,1x3,0.8105557497378539
random,p05,9,8,2x2,0.7490387976232087
random,p05,9,8,3x3,0.5270884306186648
random,p05,9,8,4x4,0.3715484096469766
random,p05,9,9,1x3,0.870674589304439
random,p05,9,9,2x2,0.7507864383082838
random,p05,9,9,3x3,0.5260398462076197
random,p05,9,9,4x4,0.3718979377839916
random,p05,9,10,1x3,0.8696260048933939
random,p05,9,10,2x2,0.7815449143656065
random,p05,9,10,3x3,0.5858091576371898
random,p05,9,10,4x4,0.4515903530234184
random,p05,9,11,1x3,0.846207619713387
random,p05,9,11,2x2,0.7710590702551555
random,p05,9,11,3x3,0.5840615169521146
random,p05,9,11,4x4,0.447396015379238
random,p05,9,12,1x3,0.870674589304439
random,p05,9,12,2x2,0.7210765466620063
random,p05,9,12,3x3,0.4914365606431318
random,p05,9,12,4x4,0.3495281370150297
random,p05,9,13,1x3,0.8664802516602587
random,p05,9,13,2x2,0.6889199580566235
random,p05,9,13,3x3,0.4501922404753583
random,p05,9,13,4x4,0.33379937084935335
random,p05,9,14,1x3,0.8640335547011534
random,p05,9,14,2x2,0.7804963299545613
random,p05,9,14,3x3,0.5833624606780846
random,p05,9,14,4x4,0.4494931842013282
random,p05,9,15,1x3,0.8692764767563789
random,p05,9,15,2x2,0.7644180356518699
random,p05,9,15,3x3,0.5442153093324013
random,p05,9,15,4x4,0.39986018874519397
random,p05,9,16,1x3,0.8573925200978679
random,p05,9,16,2x2,0.7811953862285914
random,p05,9,16,3x3,0.5861586857742048
random,p05,9,16,4x4,0.4484445997902831
random,p05,9,17,1x3,0.870325061167424
random,p05,9,17,2x2,0.7860887801468018
random,p05,9,17,3x3,0.600139811254806
random,p05,9,17,4x4,0.4603285564487941
random,p05,9,18,1x3,0.8671793079342887
random,p05,9,18,2x2,0.7661656763369451
random,p05,9,18,3x3,0.5697308633344984
random,p05,9,18,4x4,0.4260747990213212
random,p05,9,19,1x3,0.869975533030409
random,p05,9,19,2x2,0.7679133170220203
random,p05,9,19,3x3,0.5571478504019574
random,p05,9,19,4x4,0.40370499825235934
random,p05,16,0,1x3,0.8612473721093202
random,p05,16,0,2x2,0.775052557813595
random,p05,16,0,3x3,0.5886475122634899
random,p05,16,0,4x4,0.43798177995795373
random,p05,16,1,1x3,0.8570427470217239
random,p05,16,1,2x2,0.7715487035739313
random,p05,16,1,3x3,0.5683251576734408
random,p05,16,1,4x4,0.4264190609670638
random,p05,16,2,1x3,0.8563419761737912
random,p05,16,2,2x2,0.7757533286615277
random,p05,16,2,3x3,0.5932025227750526
random,p05,16,2,4x4,0.45585143658023825
random,p05,16,3,1x3,0.8654519971969166
random,p05,16,3,2x2,0.7796075683251577
random,p05,16,3,3x3,0.5851436580238262
random,p05,16,3,4x4,0.44358794674141555
random,p05,16,4,1x3,0.8686054660126139
random,p05,16,4,2x2,0.7810091100210231
random,p05,16,4,3x3,0.5991590749824808
random,p05,16,4,4x4,0.4611072179397337
random,p05,16,5,1x3,0.8626489138051857
random,p05,16,5,2x2,0.7736510161177295
random,p05,16,5,3x3,0.5129642606867554
random,p05,16,5,4x4,0.33777154870357395
random,p05,16,6,1x3,0.8633496846531185
random,p05,16,6,2x2,0.7792571829011913
random,p05,16,6,3x3,0.599509460406447
random,p05,16,6,4x4,0.45970567624386827
random,p05,16,7,1x3,0.870707778556412
random,p05,16,7,2x2,0.779957953749124
random,p05,16,7,3x3,0.5770847932725999
random,p05,16,7,4x4,0.43763139453398736
random,p05,16,8,1x3,0.8714085494043448
random,p05,16,8,2x2,0.7578836720392431
random,p05,16,8,3x3,0.5196215837421163
random,p05,16,8,4x4,0.36124737210932023
random,p05,16,9,1x3,0.8731604765241766
random,p05,16,9,2x2,0.7852137351086195
random,p05,16,9,3x3,0.5837421163279608
random,p05,16,9,4x4,0.4470918009810792
random,p05,16,10,1x3,0.8728100911002102
random,p05,16,10,2x2,0.7775052557813595
random,p05,16,10,3x3,0.5592151366503153
random,p05,16,10,4x4,0.40294323756131745
random,p05,16,11,1x3,0.8577435178696566
random,p05,16,11,2x2,0.7883672039243167
random,p05,16,11,3x3,0.5911002102312544
random,p05,16,11,4x4,0.45094604064470917
random,p05,16,12,1x3,0.869656622284513
random,p05,16,12,2x2,0.7894183601962158
random,p05,16,12,3x3,0.594604064470918
random,p05,16,12,4x4,0.4579537491240364
random,p05,16,13,1x3,0.8700070077084793
random,p05,16,13,2x2,0.7869656622284513
random,p05,16,13,3x3,0.5963559915907498
random,p05,16,13,4x4,0.45515066573230556
random,p05,16,14,1x3,0.8703573931324456
random,p05,16,14,2x2,0.7803083391730904
random,p05,16,14,3x3,0.6012613875262789
random,p05,16,14,4x4,0.456552207428171
random,p05,16,15,1x3,0.8612473721093202
random,p05,16,15,2x2,0.7652417659425368
random,p05,16,15,3x3,0.5560616678346181
random,p05,16,15,4x4,0.41345480028030834
random,p05,16,16,1x3,0.8700070077084793
random,p05,16,16,2x2,0.7876664330763841
random,p05,16,16,3x3,0.5998598458304134
random,p05,16,16,4x4,0.46285914505956555
random,p05,16,17,1x3,0.869656622284513
random,p05,16,17,2x2,0.7690960056061668
random,p05,16,17,3x3,0.5045550105115627
random,p05,16,17,4x4,0.346531184302733
random,p05,16,18,1x3,0.8689558514365803
random,p05,16,18,2x2,0.7754029432375613
random,p05,16,18,3x3,0.575332866152768
random,p05,16,18,4x4,0.42676944639103015
random,p05,16,19,1x3,0.8682550805886475
random,p05,16,19,2x2,0.7694463910301331
random,p05,16,19,3x3,0.5711282410651717
random,p05,16,19,4x4,0.4222144358794674
first session,p05,1,0,1x3,0.8702180908115839
first session,p05,1,0,2x2,0.7382910260993922
first session,p05,1,0,3x3,0.5130496961029675
first session,p05,1,0,4x4,0.3643189131212013
first session,p05,1,1,1x3,0.8301751877011083
first session,p05,1,1,2x2,0.6517697533071147
first session,p05,1,1,3x3,0.42259563818376833
first session,p05,1,1,4x4,0.30103682516982483
first session,p05,1,2,1x3,0.6803718269574545
first session,p05,1,2,2x2,0.4125849124061495
first session,p05,1,2,3x3,0.2223811226313908
first session,p05,1,2,4x4,0.11869860564890955
first session,p05,1,3,1x3,0.6017161244190203
first session,p05,1,3,2x2,0.6721487307829818
first session,p05,1,3,3x3,0.37826242402574184
first session,p05,1,3,4x4,0.22130854486950305
first session,p05,1,4,1x3,0.8158741508759385
first session,p05,1,4,2x2,0.7057561673221309
first session,p05,1,4,3x3,0.4719342152306042
first session,p05,1,4,4x4,0.3164104397568824
first session,p05,1,5,1x3,0.7819091884161602
first session,p05,1,5,2x2,0.6653557382910261
first session,p05,1,5,3x3,0.4043618162316768
first session,p05,1,5,4x4,0.27457990704326063
first session,p05,1,6,1x3,0.7429388630675724
first session,p05,1,6,2x2,0.6428316052913836
first session,p05,1,6,3x3,0.39363603861279944
first session,p05,1,6,4x4,0.2606363961387201
first session,p05,1,7,1x3,0.6120843761172685
first session,p05,1,7,2x2,0.6449767608151591
first session,p05,1,7,3x3,0.366821594565606
first session,p05,1,7,4x4,0.20378977475867
first session,p05,1,8,1x3,0.6560600643546657
first session,p05,1,8,2x2,0.5598855917053986
first session,p05,1,8,3x3,0.3063997139792635
first session,p05,1,8,4x4,0.16839470861637468
first session,p05,1,9,1x3,0.5620307472291741
first session,p05,1,9,2x2,0.4694315337861995
first session,p05,1,9,3x3,0.23775473721844834
first session,p05,1,9,4x4,0.11548087236324633
first session,p05,1,10,1x3,0.8069360028602074
first session,p05,1,10,2x2,0.5466571326421166
first session,p05,1,10,3x3,0.3103324991061852
first session,p05,1,10,4x4,0.22095101894887378
first session,p05,1,11,1x3,0.8720057204147301
first session,p05,1,11,2x2,0.6835895602431177
first session,p05,1,11,3x3,0.45977833392920986
first session,p05,1,11,4x4,0.32427601001072576
first session,p05,1,12,1x3,0.8069360028602074
first session,p05,1,12,2x2,0.5466571326421166
first session,p05,1,12,3x3,0.3103324991061852
first session,p05,1,12,4x4,0.22095101894887378
first session,p05,1,13,1x3,0.8484090096531999
first session,p05,1,13,2x2,0.5995709688952449
first session,p05,1,13,3x3,0.3861279942795853
first session,p05,1,13,4x4,0.27779764032892384
first session,p05,1,14,1x3,0.8351805505899178
first session,p05,1,14,2x2,0.6703611011798355
first session,p05,1,14,3x3,0.44190203789774757
first session,p05,1,14,4x4,0.3031819806936003
first session,p05,1,15,1x3,0.8730782981766178
first session,p05,1,15,2x2,0.7186271004647837
first session,p05,1,15,3x3,0.5030389703253486
first session,p05,1,15,4x4,0.3550232391848409
first session,p05,1,16,1x3,0.8330353950661423
first session,p05,1,16,2x2,0.53557382910261
first session,p05,1,16,3x3,0.34751519485162674
first session,p05,1,16,4x4,0.23346442617089738
first session,p05,1,17,1x3,0.8587772613514479
first session,p05,1,17,2x2,0.5756167322130854
first session,p05,1,17,3x3,0.3385770468358956
first session,p05,1,17,4x4,0.25634608509116913
first session,p05,1,18,1x3,0.8294601358598498
first session,p05,1,18,2x2,0.6621380050053629
first session,p05,1,18,3x3,0.42903110475509476
first session,p05,1,18,4x4,0.30747229174115126
first session,p05,1,19,1x3,0.6821594565606006
first session,p05,1,19,2x2,0.5952806578476939
first session,p05,1,19,3x3,0.3375044690740079
first session,p05,1,19,4x4,0.18913121201287092
first session,p05,3,0,1x3,0.8627100464783697
first session,p05,3,0,2x2,0.7708258848766536
first session,p05,3,0,3x3,0.5523775473721845
first session,p05,3,0,4x4,0.38863067572399
first session,p05,3,1,1x3,0.8594923131927065
first session,p05,3,1,2x2,0.48230246692885237
first session,p05,3,1,3x3,0.33106900250268145
first session,p05,3,1,4x4,0.22595638183768324
first session,p05,3,2,1x3,0.7912048623525205
first session,p05,3,2,2x2,0.7207722559885592
first session,p05,3,2,3x3,0.489095459420808
first session,p05,3,2,4x4,0.3392920986771541
first session,p05,3,3,1x3,0.8634250983196282
first session,p05,3,3,2x2,0.7622452627815517
first session,p05,3,3,3x3,0.5505899177690382
first session,p05,3,3,4x4,0.3950661422953164
first session,p05,3,4,1x3,0.8720057204147301
first session,p05,3,4,2x2,0.66821594565606
first session,p05,3,4,3x3,0.43689667500893814
first session,p05,3,4,4x4,0.31462281015373617
first session,p05,3,5,1x3,0.8051483732570611
first session,p05,3,5,2x2,0.6810868787987129
first session,p05,3,5,3x3,0.42831605291383623
first session,p05,3,5,4x4,0.2874508401859135
first session,p05,3,6,1x3,0.8734358240972471
first session,p05,3,6,2x2,0.735073292813729
first session,p05,3,6,3x3,0.49874865927779766
first session,p05,3,6,4x4,0.3553807651054701
first session,p05,3,7,1x3,0.8680729352878084
first session,p05,3,7,2x2,0.7876296031462281
first session,p05,3,7,3x3,0.5623882731498033
first session,p05,3,7,4x4,0.4043618162316768
first session,p05,3,8,1x3,0.8605648909545942
first session,p05,3,8,2x2,0.7450840185913479
first session,p05,3,8,3x3,0.5130496961029675
first session,p05,3,8,4x4,0.3571683947086164
first session,p05,3,9,1x3,0.8484090096531999
first session,p05,3,9,2x2,0.6245977833392921
first session,p05,3,9,3x3,0.3943510904540579
first session,p05,3,9,4x4,0.2774401144082946
first session,p05,3,10,1x3,0.8698605648909546
first session,p05,3,10,2x2,0.7865570253843404
first session,p05,3,10,3x3,0.5638183768323204
first session,p05,3,10,4x4,0.42045048265999285
first session,p05,3,11,1x3,0.8233821952091527
first session,p05,3,11,2x2,0.75831247765463
first session,p05,3,11,3x3,0.5337861994994637
first session,p05,3,11,4x4,0.3732570611369324
first session,p05,3,12,1x3,0.8594923131927065
first session,p05,3,12,2x2,0.6828745084018591
first session,p05,3,12,3x3,0.44869503038970326
first session,p05,3,12,4x4,0.33321415802645693
first session,p05,3,13,1x3,0.7847693957811941
first session,p05,3,13,2x2,0.7590275294958885
first session,p05,3,13,3x3,0.503754022166607
first session,p05,3,13,4x4,0.36181623167679655
first session,p05,3,14,1x3,0.8730782981766178
first session,p05,3,14,2x2,0.7683232034322488
first session,p05,3,14,3x3,0.5541651769753307
first session,p05,3,14,4x4,0.4082946013585985
first session,p05,3,15,1x3,0.8287450840185914
first session,p05,3,15,2x2,0.7579549517340007
first session,p05,3,15,3x3,0.5405791919914193
first session,p05,3,15,4x4,0.36324633535931355
first session,p05,3,16,1x3,0.7629603146228101
first session,p05,3,16,2x2,0.6953879156238827
first session,p05,3,16,3x3,0.4569181265641759
first session,p05,3,16,4x4,0.28852341794780123
first session,p05,3,17,1x3,0.8348230246692885
first session,p05,3,17,2x2,0.7622452627815517
first session,p05,3,17,3x3,0.5348587772613514
first session,p05,3,17,4x4,0.35287808366106543
first session,p05,3,18,1x3,0.8491240614944583
first session,p05,3,18,2x2,0.7522345370039328
first session,p05,3,18,3x3,0.5202002145155524
first session,p05,3,18,4x4,0.35859849839113334
first session,p05,3,19,1x3,0.8523417947801215
first session,p05,3,19,2x2,0.7840543439399357
first session,p05,3,19,3x3,0.5509474436896675
first session,p05,3,19,4x4,0.4036467643904183
first session,p05,5,0,1x3,0.8698605648909546
first session,p05,5,0,2x2,0.789059706828745
first session,p05,5,0,3x3,0.5909903468001431
first session,p05,5,0,4x4,0.4583482302466929
first session,p05,5,1,1x3,0.8441186986056489
first session,p05,5,1,2x2,0.7693957811941365
first session,p05,5,1,3x3,0.55452270289596
first session,p05,5,1,4x4,0.42438326778691454
first session,p05,5,2,1x3,0.8473364318913121
first session,p05,5,2,2x2,0.749731855559528
first session,p05,5,2,3x3,0.5477297104040043
first session,p05,5,2,4x4,0.4036467643904183
first session,p05,5,3,1x3,0.8705756167322131
first session,p05,5,3,2x2,0.7776188773686092
first session,p05,5,3,3x3,0.5856274579907044
first session,p05,5,3,4x4,0.4626385412942438
first session,p05,5,4,1x3,0.7511619592420451
first session,p05,5,4,2x2,0.6027887021809081
first session,p05,5,4,3x3,0.33428673578834467
first session,p05,5,4,4x4,0.1973543081873436
first session,p05,5,5,1x3,0.8276725062567036
first session,p05,5,5,2x2,0.7701108330353951
first session,p05,5,5,3x3,0.5595280657847694
first session,p05,5,5,4x4,0.4175902752949589
first session,p05,5,6,1x3,0.8695030389703253
first session,p05,5,6,2x2,0.7872720772255989
first session,p05,5,6,3x3,0.6074365391490884
first session,p05,5,6,4x4,0.4644261708973901
first session,p05,5,7,1x3,0.7965677511619592
first session,p05,5,7,2x2,0.7601001072577762
first session,p05,5,7,3x3,0.551662495530926
first session,p05,5,7,4x4,0.3943510904540579
first session,p05,5,8,1x3,0.8265999284948159
first session,p05,5,8,2x2,0.7711834107972828
first session,p05,5,8,3x3,0.5638183768323204
first session,p05,5,8,4x4,0.4208080085806221
first session,p05,5,9,1x3,0.8351805505899178
first session,p05,5,9,2x2,0.4590632820879514
first session,p05,5,9,3x3,0.3804075795495173
first session,p05,5,9,4x4,0.26313907758312477
first session,p05,5,10,1x3,0.8712906685734716
first session,p05,5,10,2x2,0.7861994994637111
first session,p05,5,10,3x3,0.5716839470861638
first session,p05,5,10,4x4,0.4161601716124419
first session,p05,5,11,1x3,0.7729710404004291
first session,p05,5,11,2x2,0.7522345370039328
first session,p05,5,11,3x3,0.509474436896675
first session,p05,5,11,4x4,0.3611011798355381
first session,p05,5,12,1x3,0.8069360028602074
first session,p05,5,12,2x2,0.7601001072577762
first session,p05,5,12,3x3,0.5598855917053986
first session,p05,5,12,4x4,0.4125849124061495
first session,p05,5,13,1x3,0.8459063282087952
first session,p05,5,13,2x2,0.7415087593850554
first session,p05,5,13,3x3,0.5380765105470147
first session,p05,5,13,4x4,0.39756882373972113
first session,p05,5,14,1x3,0.8587772613514479
first session,p05,5,14,2x2,0.7575974258133714
first session,p05,5,14,3x3,0.5566678584197354
first session,p05,5,14,4x4,0.42366821594565607
first session,p05,5,15,1x3,0.8441186986056489
first session,p05,5,15,2x2,0.6278155166249553
first session,p05,5,15,3x3,0.3947086163746872
first session,p05,5,15,4x4,0.26707186271004646
first session,p05,5,16,1x3,0.8455488022881659
first session,p05,5,16,2x2,0.7854844476224526
first session,p05,5,16,3x3,0.5899177690382553
first session,p05,5,16,4x4,0.4529853414372542
first session,p05,5,17,1x3,0.8723632463353593
first session,p05,5,17,2x2,0.6961029674651412
first session,p05,5,17,3x3,0.4772971040400429
first session,p05,5,17,4x4,0.32391848409009655
first session,p05,5,18,1x3,0.8709331426528424
first session,p05,5,18,2x2,0.7858419735430818
first session,p05,5,18,3x3,0.5627457990704327
first session,p05,5,18,4x4,0.4161601716124419
first session,p05,5,19,1x3,0.8373257061136933
first session,p05,5,19,2x2,0.774401144082946
first session,p05,5,19,3x3,0.5616732213085449
first session,p05,5,19,4x4,0.425098319628173
first session,p05,9,0,1x3,0.8619949946371112
first session,p05,9,0,2x2,0.7011083303539507
first session,p05,9,0,3x3,0.4572756524848052
first session,p05,9,0,4x4,0.3360743653914909
first session,p05,9,1,1x3,0.8730782981766178
first session,p05,9,1,2x2,0.7690382552735073
first session,p05,9,1,3x3,0.5684662138005006
first session,p05,9,1,4x4,0.44190203789774757
first session,p05,9,2,1x3,0.8341079728280301
first session,p05,9,2,2x2,0.73936360386128
first session,p05,9,2,3x3,0.5266356810868787
first session,p05,9,2,4x4,0.37897747586700037
first session,p05,9,3,1x3,0.8594923131927065
first session,p05,9,3,2x2,0.7690382552735073
first session,p05,9,3,3x3,0.5659635323560959
first session,p05,9,3,4x4,0.4358240972470504
first session,p05,9,4,1x3,0.8341079728280301
first session,p05,9,4,2x2,0.7608151590990346
first session,p05,9,4,3x3,0.550232391848409
first session,p05,9,4,4x4,0.41687522345370037
first session,p05,9,5,1x3,0.8720057204147301
first session,p05,9,5,2x2,0.7468716481944941
first session,p05,9,5,3x3,0.5384340364676439
first session,p05,9,5,4x4,0.3889882016446192
first session,p05,9,6,1x3,0.8577046835895602
first session,p05,9,6,2x2,0.7854844476224526
first session,p05,9,6,3x3,0.5942080800858062
first session,p05,9,6,4x4,0.4569181265641759
first session,p05,9,7,1x3,0.8594923131927065
first session,p05,9,7,2x2,0.7840543439399357
first session,p05,9,7,3x3,0.5952806578476939
first session,p05,9,7,4x4,0.46049338577046833
first session,p05,9,8,1x3,0.8523417947801215
first session,p05,9,8,2x2,0.7593850554165177
first session,p05,9,8,3x3,0.5434393993564534
first session,p05,9,8,4x4,0.368251698248123
first session,p05,9,9,1x3,0.8716481944941008
first session,p05,9,9,2x2,0.7654629960672149
first session,p05,9,9,3x3,0.5666785841973543
first session,p05,9,9,4x4,0.42259563818376833
first session,p05,9,10,1x3,0.8552020021451555
first session,p05,9,10,2x2,0.7340007150518413
first session,p05,9,10,3x3,0.49159814086521275
first session,p05,9,10,4x4,0.3500178762960315
first session,p05,9,11,1x3,0.8448337504469074
first session,p05,9,11,2x2,0.7125491598140865
first session,p05,9,11,3x3,0.4948158741508759
first session,p05,9,11,4x4,0.323203432248838
first session,p05,9,12,1x3,0.8716481944941008
first session,p05,9,12,2x2,0.7558097962102253
first session,p05,9,12,3x3,0.5548802288165892
first session,p05,9,12,4x4,0.42188058634250986
first session,p05,9,13,1x3,0.81515909903468
first session,p05,9,13,2x2,0.7472291741151234
first session,p05,9,13,3x3,0.5277082588487665
first session,p05,9,13,4x4,0.3700393278512692
first session,p05,9,14,1x3,0.8476939578119413
first session,p05,9,14,2x2,0.778691455130497
first session,p05,9,14,3x3,0.5824097247050412
first session,p05,9,14,4x4,0.45441544511977117
first session,p05,9,15,1x3,0.8655702538434037
first session,p05,9,15,2x2,0.7629603146228101
first session,p05,9,15,3x3,0.5534501251340722
first session,p05,9,15,4x4,0.427958526993207
first session,p05,9,16,1x3,0.861637468716482
first session,p05,9,16,2x2,0.7579549517340007
first session,p05,9,16,3x3,0.5398641401501609
first session,p05,9,16,4x4,0.3657490168037183
first session,p05,9,17,1x3,0.8269574544154451
first session,p05,9,17,2x2,0.7229174115123347
first session,p05,9,17,3x3,0.5001787629603146
first session,p05,9,17,4x4,0.35252055774043617
first session,p05,9,18,1x3,0.8670003575259206
first session,p05,9,18,2x2,0.7590275294958885
first session,p05,9,18,3x3,0.5538076510547014
first session,p05,9,18,4x4,0.42402574186628533
first session,p05,9,19,1x3,0.8498391133357168
first session,p05,9,19,2x2,0.7808366106542725
first session,p05,9,19,3x3,0.5756167322130854
first session,p05,9,19,4x4,0.4354665713264212
first session,p05,16,0,1x3,0.8716481944941008
first session,p05,16,0,2x2,0.7668930997497319
first session,p05,16,0,3x3,0.5663210582767251
first session,p05,16,0,4x4,0.4397568823739721
first session,p05,16,1,1x3,0.8734358240972471
first session,p05,16,1,2x2,0.755452270289596
first session,p05,16,1,3x3,0.5437969252770826
first session,p05,16,1,4x4,0.4057919199141938
first session,p05,16,2,1x3,0.8677154093671792
first session,p05,16,2,2x2,0.7450840185913479
first session,p05,16,2,3x3,0.5362888809438684
first session,p05,16,2,4x4,0.3957811941365749
first session,p05,16,3,1x3,0.8480514837325707
first session,p05,16,3,2x2,0.7808366106542725
first session,p05,16,3,3x3,0.593850554165177
first session,p05,16,3,4x4,0.45119771183410795
first session,p05,16,4,1x3,0.8630675723989989
first session,p05,16,4,2x2,0.7779764032892384
first session,p05,16,4,3x3,0.5641759027529496
first session,p05,16,4,4x4,0.4082946013585985
first session,p05,16,5,1x3,0.8716481944941008
first session,p05,16,5,2x2,0.7275652484805148
first session,p05,16,5,3x3,0.5191276367536647
first session,p05,16,5,4x4,0.3575259206292456
first session,p05,16,6,1x3,0.8709331426528424
first session,p05,16,6,2x2,0.7811941365749017
first session,p05,16,6,3x3,0.5974258133714694
first session,p05,16,6,4x4,0.46371111905613155
first session,p05,16,7,1x3,0.8526993207007508
first session,p05,16,7,2x2,0.7282803003217734
first session,p05,16,7,3x3,0.5162674293886307
first session,p05,16,7,4x4,0.36396138720057203
first session,p05,16,8,1x3,0.8637826242402574
first session,p05,16,8,2x2,0.7100464783696818
first session,p05,16,8,3x3,0.4747944225956382
first session,p05,16,8,4x4,0.33893457275652483
first session,p05,16,9,1x3,0.8648552020021452
first session,p05,16,9,2x2,0.771540936717912
first session,p05,16,9,3x3,0.5766893099749731
first session,p05,16,9,4x4,0.4465498748659278
first session,p05,16,10,1x3,0.8548444762245263
first session,p05,16,10,2x2,0.7411512334644261
first session,p05,16,10,3x3,0.5012513407222023
first session,p05,16,10,4x4,0.3510904540579192
first session,p05,16,11,1x3,0.8548444762245263
first session,p05,16,11,2x2,0.7461565963532356
first session,p05,16,11,3x3,0.5352163031819807
first session,p05,16,11,4x4,0.38112263139077585
first session,p05,16,12,1x3,0.8727207722559885
first session,p05,16,12,2x2,0.7783339292098678
first session,p05,16,12,3x3,0.5777618877368609
first session,p05,16,12,4x4,0.4404719342152306
first session,p05,16,13,1x3,0.8734358240972471
first session,p05,16,13,2x2,0.7597425813371469
first session,p05,16,13,3x3,0.5505899177690382
first session,p05,16,13,4x4,0.4029317125491598
first session,p05,16,14,1x3,0.8577046835895602
first session,p05,16,14,2x2,0.7547372184483375
first session,p05,16,14,3x3,0.5588130139435109
first session,p05,16,14,4x4,0.42259563818376833
first session,p05,16,15,1x3,0.8466213800500536
first session,p05,16,15,2x2,0.721844833750447
first session,p05,16,15,3x3,0.5044690740078656
first session,p05,16,15,4x4,0.3378619949946371
first session,p05,16,16,1x3,0.8494815874150876
first session,p05,16,16,2x2,0.7454415445119771
first session,p05,16,16,3x3,0.5330711476582052
first session,p05,16,16,4x4,0.37826242402574184
first session,p05,16,17,1x3,0.8498391133357168
first session,p05,16,17,2x2,0.7761887736860923
first session,p05,16,17,3x3,0.5656060064354665
first session,p05,16,17,4x4,0.44082946013585983
first session,p05,16,18,1x3,0.8548444762245263
first session,p05,16,18,2x2,0.7740436181623168
first session,p05,16,18,3x3,0.5663210582767251
first session,p05,16,18,4x4,0.43689667500893814
first session,p05,16,19,1x3,0.8594923131927065
first session,p05,16,19,2x2,0.7801215588130139
first session,p05,16,19,3x3,0.5977833392920987
first session,p05,16,19,4x4,0.45977833392920986
random,p06,1,0,1x3,0.4694019471488178
random,p06,1,0,2x2,0.41655076495132126
random,p06,1,0,3x3,0.18324061196105704
random,p06,1,0,4x4,0.09805285118219749
random,p06,1,1,1x3,0.855702364394993
random,p06,1,1,2x2,0.7308762169680111
random,p06,1,1,3x3,0.5205146036161336
random,p06,1,1,4x4,0.37830319888734354
random,p06,1,2,1x3,0.8616133518776078
random,p06,1,2,2x2,0.6157858136300417
random,p06,1,2,3x3,0.3866481223922114
random,p06,1,2,4x4,0.2652990264255911
random,p06,1,3,1x3,0.8348400556328234
random,p06,1,3,2x2,0.7280945757997218
random,p06,1,3,3x3,0.5128650904033379
random,p06,1,3,4x4,0.36439499304589706
random,p06,1,4,1x3,0.769471488178025
random,p06,1,4,2x2,0.47079276773296247
random,p06,1,4,3x3,0.2965924895688456
random,p06,1,4,4x4,0.17976356050069542
random,p06,1,5,1x3,0.8421418636995828
random,p06,1,5,2x2,0.6877607788595271
random,p06,1,5,3x3,0.4363699582753825
random,p06,1,5,4x4,0.30180806675938804
random,p06,1,6,1x3,0.8595271210013908
random,p06,1,6,2x2,0.7242698191933241
random,p06,1,6,3x3,0.5177329624478443
random,p06,1,6,4x4,0.3741307371349096
random,p06,1,7,1x3,0.8025034770514604
random,p06,1,7,2x2,0.7200973574408901
random,p06,1,7,3x3,0.4714881780250348
random,p06,1,7,4x4,0.31328233657858134
random,p06,1,8,1x3,0.8525730180806675
random,p06,1,8,2x2,0.6547287899860917
random,p06,1,8,3x3,0.44193324061196104
random,p06,1,8,4x4,0.3011126564673157
random,p06,1,9,1x3,0.6801112656467315
random,p06,1,9,2x2,0.672461752433936
random,p06,1,9,3x3,0.4193324061196106
random,p06,1,9,4x4,0.2590403337969402
random,p06,1,10,1x3,0.7510431154381085
random,p06,1,10,2x2,0.708970792767733
random,p06,1,10,3x3,0.45966620305980527
random,p06,1,10,4x4,0.2955493741307371
random,p06,1,11,1x3,0.8025034770514604
random,p06,1,11,2x2,0.6801112656467315
random,p06,1,11,3x3,0.4690542420027816
random,p06,1,11,4x4,0.29346314325452016
random,p06,1,12,1x3,0.8317107093184979
random,p06,1,12,2x2,0.7444367176634215
random,p06,1,12,3x3,0.5156467315716272
random,p06,1,12,4x4,0.3417941585535466
random,p06,1,13,1x3,0.827538247566064
random,p06,1,13,2x2,0.6373435326842837
random,p06,1,13,3x3,0.3991655076495132
random,p06,1,13,4x4,0.28442280945758
random,p06,1,14,1x3,0.8397079276773296
random,p06,1,14,2x2,0.7155771905424201
random,p06,1,14,3x3,0.4641863699582754
random,p06,1,14,4x4,0.31641168289290683
random,p06,1,15,1x3,0.81884561891516
random,p06,1,15,2x2,0.6070931849791377
random,p06,1,15,3x3,0.3769123783031989
random,p06,1,15,4x4,0.26912378303198886
random,p06,1,16,1x3,0.8313630041724618
random,p06,1,16,2x2,0.7263560500695411
random,p06,1,16,3x3,0.5100834492350487
random,p06,1,16,4x4,0.3609179415855355
random,p06,1,17,1x3,0.8525730180806675
random,p06,1,17,2x2,0.49860917941585536
random,p06,1,17,3x3,0.33936022253129344
random,p06,1,17,4x4,0.24339360222531292
random,p06,1,18,1x3,0.8595271210013908
random,p06,1,18,2x2,0.7360917941585535
random,p06,1,18,3x3,0.5285118219749653
random,p06,1,18,4x4,0.37899860917941586
random,p06,1,19,1x3,0.8087621696801113
random,p06,1,19,2x2,0.5027816411682893
random,p06,1,19,3x3,0.3327538247566064
random,p06,1,19,4x4,0.22322670375521558
random,p06,3,0,1x3,0.8538622129436325
random,p06,3,0,2x2,0.6555323590814196
random,p06,3,0,3x3,0.4429366736256089
random,p06,3,0,4x4,0.302366040361865
random,p06,3,1,1x3,0.860125260960334
random,p06,3,1,2x2,0.6934585942936674
random,p06,3,1,3x3,0.49512874043145444
random,p06,3,1,4x4,0.34620737647877525
random,p06,3,2,1x3,0.8239387613082811
random,p06,3,2,2x2,0.7341684064022269
random,p06,3,2,3x3,0.5132219902574808
random,p06,3,2,4x4,0.3535142658315936
random,p06,3,3,1x3,0.8552540013917884
random,p06,3,3,2x2,0.7428670842032011
random,p06,3,3,3x3,0.4986082115518441
random,p06,3,3,4x4,0.35177453027139877
random,p06,3,4,1x3,0.859777313848295
random,p06,3,4,2x2,0.6040361864996521
random,p06,3,4,3x3,0.39318023660403617
random,p06,3,4,4x4,0.2863604732080724
random,p06,3,5,1x3,0.8274182324286709
random,p06,3,5,2x2,0.7317327766179541
random,p06,3,5,3x3,0.5201809324982603
random,p06,3,5,4x4,0.33820459290187893
random,p06,3,6,1x3,0.8615170494084899
random,p06,3,6,2x2,0.6437021572720947
random,p06,3,6,3x3,0.4220598469032707
random,p06,3,6,4x4,0.28983994432846205
random,p06,3,7,1x3,0.8608211551844119
random,p06,3,7,2x2,0.7498260264439806
random,p06,3,7,3x3,0.52366040361865
random,p06,3,7,4x4,0.3653444676409186
random,p06,3,8,1x3,0.8552540013917884
random,p06,3,8,2x2,0.6478775226165623
random,p06,3,8,3x3,0.4290187891440501
random,p06,3,8,4x4,0.2961029923451635
random,p06,3,9,1x3,0.859777313848295
random,p06,3,9,2x2,0.651704940848991
random,p06,3,9,3x3,0.4408489909533751
random,p06,3,9,4x4,0.30062630480167013
random,p06,3,10,1x3,0.8594293667362561
random,p06,3,10,2x2,0.6433542101600557
random,p06,3,10,3x3,0.42240779401530965
random,p06,3,10,4x4,0.290883785664579
random,p06,3,11,1x3,0.8580375782881002
random,p06,3,11,2x2,0.721294363256785
random,p06,3,11,3x3,0.47738343771746694
random,p06,3,11,4x4,0.3399443284620738
random,p06,3,12,1x3,0.8392484342379958
random,p06,3,12,2x2,0.6851078636047321
random,p06,3,12,3x3,0.4805149617258177
random,p06,3,12,4x4,0.3347251217814892
random,p06,3,13,1x3,0.859777313848295
random,p06,3,13,2x2,0.697633959638135
random,p06,3,13,3x3,0.44815588030619347
random,p06,3,13,4x4,0.32498260264439804
random,p06,3,14,1x3,0.8556019485038274
random,p06,3,14,2x2,0.7414752957550452
random,p06,3,14,3x3,0.5069589422407794
random,p06,3,14,4x4,0.3556019485038274
random,p06,3,15,1x3,0.6903270702853166
random,p06,3,15,2x2,0.7007654836464857
random,p06,3,15,3x3,0.4342379958246347
random,p06,3,15,4x4,0.24947807933194155
random,p06,3,16,1x3,0.8545581071677105
random,p06,3,16,2x2,0.7059846903270702
random,p06,3,16,3x3,0.5034794711203897
random,p06,3,16,4x4,0.3531663187195546
random,p06,3,17,1x3,0.8556019485038274
random,p06,3,17,2x2,0.6948503827418232
random,p06,3,17,3x3,0.44015309672929714
random,p06,3,17,4x4,0.32289491997216424
random,p06,3,18,1x3,0.8451635351426583
random,p06,3,18,2x2,0.7446068197633959
random,p06,3,18,3x3,0.524008350730689
random,p06,3,18,4x4,0.36569241475295755
random,p06,3,19,1x3,0.860125260960334
random,p06,3,19,2x2,0.7240779401530967
random,p06,3,19,3x3,0.5160055671537926
random,p06,3,19,4x4,0.3736951983298539
random,p06,5,0,1x3,0.8353064066852368
random,p06,5,0,2x2,0.717966573816156
random,p06,5,0,3x3,0.504874651810585
random,p06,5,0,4x4,0.36664345403899723
random,p06,5,1,1x3,0.8582869080779945
random,p06,5,1,2x2,0.6145543175487466
random,p06,5,1,3x3,0.3955431754874652
random,p06,5,1,4x4,0.28934540389972147
random,p06,5,2,1x3,0.8353064066852368
random,p06,5,2,2x2,0.6935933147632312
random,p06,5,2,3x3,0.48084958217270196
random,p06,5,2,4x4,0.34052924791086353
random,p06,5,3,1x3,0.8147632311977716
random,p06,5,3,2x2,0.733983286908078
random,p06,5,3,3x3,0.512883008356546
random,p06,5,3,4x4,0.3422701949860724
random,p06,5,4,1x3,0.8600278551532033
random,p06,5,4,2x2,0.7545264623955432
random,p06,5,4,3x3,0.5515320334261838
random,p06,5,4,4x4,0.4007660167130919
random,p06,5,5,1x3,0.8544568245125348
random,p06,5,5,2x2,0.7123955431754875
random,p06,5,5,3x3,0.5100974930362117
random,p06,5,5,4x4,0.37012534818941506
random,p06,5,6,1x3,0.8572423398328691
random,p06,5,6,2x2,0.6511142061281338
random,p06,5,6,3x3,0.43454038997214484
random,p06,5,6,4x4,0.31441504178272983
random,p06,5,7,1x3,0.8084958217270195
random,p06,5,7,2x2,0.7475626740947076
random,p06,5,7,3x3,0.431058495821727
random,p06,5,7,4x4,0.25104456824512533
random,p06,5,8,1x3,0.8600278551532033
random,p06,5,8,2x2,0.5459610027855153
random,p06,5,8,3x3,0.38474930362116994
random,p06,5,8,4x4,0.2719359331476323
random,p06,5,9,1x3,0.8565459610027855
random,p06,5,9,2x2,0.7552228412256268
random,p06,5,9,3x3,0.5146239554317549
random,p06,5,9,4x4,0.35201949860724235
random,p06,5,10,1x3,0.8224233983286908
random,p06,5,10,2x2,0.6946378830083565
random,p06,5,10,3x3,0.3892757660167131
random,p06,5,10,4x4,0.2646239554317549
random,p06,5,11,1x3,0.8575905292479109
random,p06,5,11,2x2,0.7433844011142061
random,p06,5,11,3x3,0.536908077994429
random,p06,5,11,4x4,0.37012534818941506
random,p06,5,12,1x3,0.8582869080779945
random,p06,5,12,2x2,0.4815459610027855
random,p06,5,12,3x3,0.33356545961002787
random,p06,5,12,4x4,0.24373259052924792
random,p06,5,13,1x3,0.5487465181058496
random,p06,5,13,2x2,0.6023676880222841
random,p06,5,13,3x3,0.29735376044568246
random,p06,5,13,4x4,0.19289693593314763
random,p06,5,14,1x3,0.8499303621169917
random,p06,5,14,2x2,0.6824512534818942
random,p06,5,14,3x3,0.4014623955431755
random,p06,5,14,4x4,0.24860724233983286
random,p06,5,15,1x3,0.8575905292479109
random,p06,5,15,2x2,0.650766016713092
random,p06,5,15,3x3,0.4275766016713092
random,p06,5,15,4x4,0.314066852367688
random,p06,5,16,1x3,0.8401810584958217
random,p06,5,16,2x2,0.7402506963788301
random,p06,5,16,3x3,0.536908077994429
random,p06,5,16,4x4,0.3920612813370474
random,p06,5,17,1x3,0.841225626740947
random,p06,5,17,2x2,0.7472144846796658
random,p06,5,17,3x3,0.35201949860724235
random,p06,5,17,4x4,0.26636490250696376
random,p06,5,18,1x3,0.8558495821727019
random,p06,5,18,2x2,0.6549442896935933
random,p06,5,18,3x3,0.4139972144846797
random,p06,5,18,4x4,0.2719359331476323
random,p06,5,19,1x3,0.8495821727019499
random,p06,5,19,2x2,0.4843314763231198
random,p06,5,19,3x3,0.39415041782729804
random,p06,5,19,4x4,0.2642757660167131
random,p06,9,0,1x3,0.8577405857740585
random,p06,9,0,2x2,0.7524407252440726
random,p06,9,0,3x3,0.4860529986052999
random,p06,9,0,4x4,0.33437935843793587
random,p06,9,1,1x3,0.854602510460251
random,p06,9,1,2x2,0.7402370990237099
random,p06,9,1,3x3,0.5
random,p06,9,1,4x4,0.34762900976290095
random,p06,9,2,1x3,0.8584379358437936
random,p06,9,2,2x2,0.7545327754532776
random,p06,9,2,3x3,0.3723849372384937
random,p06,9,2,4x4,0.26220362622036264
random,p06,9,3,1x3,0.8479776847977685
random,p06,9,3,2x2,0.7381450488145049
random,p06,9,3,3x3,0.5418410041841004
random,p06,9,3,4x4,0.4013249651324965
random,p06,9,4,1x3,0.8573919107391911
random,p06,9,4,2x2,0.7325662482566249
random,p06,9,4,3x3,0.5292887029288703
random,p06,9,4,4x4,0.3922594142259414
random,p06,9,5,1x3,0.8580892608089261
random,p06,9,5,2x2,0.750697350069735
random,p06,9,5,3x3,0.556136680613668
random,p06,9,5,4x4,0.4107391910739191
random,p06,9,6,1x3,0.7904463040446305
random,p06,9,6,2x2,0.7353556485355649
random,p06,9,6,3x3,0.4605997210599721
random,p06,9,6,4x4,0.2799860529986053
random,p06,9,7,1x3,0.8584379358437936
random,p06,9,7,2x2,0.6516736401673641
random,p06,9,7,3x3,0.42573221757322177
random,p06,9,7,4x4,0.2939330543933054
random,p06,9,8,1x3,0.7594142259414226
random,p06,9,8,2x2,0.7276847977684798
random,p06,9,8,3x3,0.4794281729428173
random,p06,9,8,4x4,0.28661087866108786
random,p06,9,9,1x3,0.8580892608089261
random,p06,9,9,2x2,0.7440725244072525
random,p06,9,9,3x3,0.5411436541143654
random,p06,9,9,4x4,0.3891213389121339
random,p06,9,10,1x3,0.8608786610878661
random,p06,9,10,2x2,0.7552301255230126
random,p06,9,10,3x3,0.5578800557880056
random,p06,9,10,4x4,0.4117852161785216
random,p06,9,11,1x3,0.8549511854951185
random,p06,9,11,2x2,0.74302649930265
random,p06,9,11,3x3,0.545676429567643
random,p06,9,11,4x4,0.4041143654114365
random,p06,9,12,1x3,0.854602510460251
random,p06,9,12,2x2,0.7210599721059973
random,p06,9,12,3x3,0.4630404463040446
random,p06,9,12,4x4,0.3382147838214784
random,p06,9,13,1x3,0.8392608089260809
random,p06,9,13,2x2,0.7332635983263598
random,p06,9,13,3x3,0.4975592747559275
random,p06,9,13,4x4,0.34553695955369595
random,p06,9,14,1x3,0.8573919107391911
random,p06,9,14,2x2,0.7423291492329149
random,p06,9,14,3x3,0.5474198047419805
random,p06,9,14,4x4,0.38493723849372385
random,p06,9,15,1x3,0.849721059972106
random,p06,9,15,2x2,0.75
random,p06,9,15,3x3,0.5383542538354253
random,p06,9,15,4x4,0.38737796373779637
random,p06,9,16,1x3,0.8556485355648535
random,p06,9,16,2x2,0.7517433751743375
random,p06,9,16,3x3,0.548465829846583
random,p06,9,16,4x4,0.3852859135285914
random,p06,9,17,1x3,0.8437935843793585
random,p06,9,17,2x2,0.6056485355648535
random,p06,9,17,3x3,0.4208507670850767
random,p06,9,17,4x4,0.28870292887029286
random,p06,9,18,1x3,0.8605299860529986
random,p06,9,18,2x2,0.699442119944212
random,p06,9,18,3x3,0.500697350069735
random,p06,9,18,4x4,0.34414225941422594
random,p06,9,19,1x3,0.8594839609483961
random,p06,9,19,2x2,0.6447001394700139
random,p06,9,19,3x3,0.42608089260808923
random,p06,9,19,4x4,0.29463040446304045
random,p06,16,0,1x3,0.8577420482348829
random,p06,16,0,2x2,0.7228241873470814
random,p06,16,0,3x3,0.46067808458580917
random,p06,16,0,4x4,0.34009087731562393
random,p06,16,1,1x3,0.8577420482348829
random,p06,16,1,2x2,0.6536176162181055
random,p06,16,1,3x3,0.4250262146102761
random,p06,16,1,4x4,0.3072352324362111
random,p06,16,2,1x3,0.859489688919958
random,p06,16,2,2x2,0.7490387976232087
random,p06,16,2,3x3,0.518350227193289
random,p06,16,2,4x4,0.3691017126878714
random,p06,16,3,1x3,0.8577420482348829
random,p06,16,3,2x2,0.7497378538972387
random,p06,16,3,3x3,0.5344285214959804
random,p06,16,3,4x4,0.3718979377839916
random,p06,16,4,1x3,0.847955260398462
random,p06,16,4,2x2,0.7256204124432016
random,p06,16,4,3x3,0.4858441104508913
random,p06,16,4,4x4,0.3432366305487592
random,p06,16,5,1x3,0.8601887451939881
random,p06,16,5,2x2,0.753233135267389
random,p06,16,5,3x3,0.5456134218804614
random,p06,16,5,4x4,0.38448095071653265
random,p06,16,6,1x3,0.8615868577420482
random,p06,16,6,2x2,0.7340090877315624
random,p06,16,6,3x3,0.4991261796574624
random,p06,16,6,4x4,0.35477105907025513
random,p06,16,7,1x3,0.8605382733310032
random,p06,16,7,2x2,0.7441454037049983
random,p06,16,7,3x3,0.5407200279622509
random,p06,16,7,4x4,0.3820342537574275
random,p06,16,8,1x3,0.8490038448095072
random,p06,16,8,2x2,0.7490387976232087
random,p06,16,8,3x3,0.5145054176861237
random,p06,16,8,4x4,0.35721775602936034
random,p06,16,9,1x3,0.8552953512757777
random,p06,16,9,2x2,0.7490387976232087
random,p06,16,9,3x3,0.5393219154141908
random,p06,16,9,4x4,0.3694512408248864
random,p06,16,10,1x3,0.8601887451939881
random,p06,16,10,2x2,0.7375043691017127
random,p06,16,10,3x3,0.5351275777700105
random,p06,16,10,4x4,0.3823837818944425
random,p06,16,11,1x3,0.858790632645928
random,p06,16,11,2x2,0.7437958755679832
random,p06,16,11,3x3,0.5480601188395666
random,p06,16,11,4x4,0.4092974484445998
random,p06,16,12,1x3,0.8301293254106955
random,p06,16,12,2x2,0.740999650471863
random,p06,16,12,3x3,0.5340789933589654
random,p06,16,12,4x4,0.39112198531981823
random,p06,16,13,1x3,0.8570429919608529
random,p06,16,13,2x2,0.717930793428871
random,p06,16,13,3x3,0.5207969241523943
random,p06,16,13,4x4,0.38028661307235234
random,p06,16,14,1x3,0.8504019573575673
random,p06,16,14,2x2,0.7427472911569382
random,p06,16,14,3x3,0.5340789933589654
random,p06,16,14,4x4,0.37364557846906676
random,p06,16,15,1x3,0.8497029010835372
random,p06,16,15,2x2,0.730513806361412
random,p06,16,15,3x3,0.48968891995805663
random,p06,16,15,4x4,0.34533379937084935
random,p06,16,16,1x3,0.8580915763718979
random,p06,16,16,2x2,0.7458930443900734
random,p06,16,16,3x3,0.5330304089479203
random,p06,16,16,4x4,0.3799370849353373
random,p06,16,17,1x3,0.8549458231387627
random,p06,16,17,2x2,0.742048234882908
random,p06,16,17,3x3,0.5267389024816498
random,p06,16,17,4x4,0.3540720027962251
random,p06,16,18,1x3,0.8622859140160783
random,p06,16,18,2x2,0.742048234882908
random,p06,16,18,3x3,0.4875917511359664
random,p06,16,18,4x4,0.34673191191890945
random,p06,16,19,1x3,0.8531981824536875
random,p06,16,19,2x2,0.7423977630199231
random,p06,16,19,3x3,0.542118140510311
random,p06,16,19,4x4,0.40650122334847955
first session,p06,1,0,1x3,0.8200495926319519
first session,p06,1,0,2x2,0.6078639744952179
first session,p06,1,0,3x3,0.3804463336875664
first session,p06,1,0,4x4,0.23698193411264612
first session,p06,1,1,1x3,0.7793127878143818
first session,p06,1,1,2x2,0.6563939071909316
first session,p06,1,1,3x3,0.39992915338292595
first session,p06,1,1,4x4,0.26532058094226
first session,p06,1,2,1x3,0.834573149132129
first session,p06,1,2,2x2,0.7027984413744244
first session,p06,1,2,3x3,0.44562522139567834
first session,p06,1,2,4x4,0.30393198724760895
first session,p06,1,3,1x3,0.7410556145944032
first session,p06,1,3,2x2,0.5763372298972724
first session,p06,1,3,3x3,0.3368756641870351
first session,p06,1,3,4x4,0.21679064824654623
first session,p06,1,4,1x3,0.6794190577399929
first session,p06,1,4,2x2,0.6691462982642579
first session,p06,1,4,3x3,0.41764080765143463
first session,p06,1,4,4x4,0.25717321997874604
first session,p06,1,5,1x3,0.7793127878143818
first session,p06,1,5,2x2,0.6563939071909316
first session,p06,1,5,3x3,0.39992915338292595
first session,p06,1,5,4x4,0.26532058094226
first session,p06,1,6,1x3,0.8466170740347149
first session,p06,1,6,2x2,0.7003188097768331
first session,p06,1,6,3x3,0.45164718384697133
first session,p06,1,6,4x4,0.3195182430038966
first session,p06,1,7,1x3,0.8381154799858307
first session,p06,1,7,2x2,0.5451647183846972
first session,p06,1,7,3x3,0.36379737867516826
first session,p06,1,7,4x4,0.24300389656393906
first session,p06,1,8,1x3,0.7793127878143818
first session,p06,1,8,2x2,0.6563939071909316
first session,p06,1,8,3x3,0.39992915338292595
first session,p06,1,8,4x4,0.26532058094226
first session,p06,1,9,1x3,0.861140630534892
first session,p06,1,9,2x2,0.6252213956783563
first session,p06,1,9,3x3,0.4038257173219979
first session,p06,1,9,4x4,0.2950761601133546
first session,p06,1,10,1x3,0.8604321643641516
first session,p06,1,10,2x2,0.6818986893375841
first session,p06,1,10,3x3,0.43641516117605383
first session,p06,1,10,4x4,0.3152674459794545
first session,p06,1,11,1x3,0.8466170740347149
first session,p06,1,11,2x2,0.7003188097768331
first session,p06,1,11,3x3,0.45164718384697133
first session,p06,1,11,4x4,0.3195182430038966
first session,p06,1,12,1x3,0.8026921714488133
first session,p06,1,12,2x2,0.5880269217144881
first session,p06,1,12,3x3,0.3662770102727595
first session,p06,1,12,4x4,0.2518597236981934
first session,p06,1,13,1x3,0.7963159759121502
first session,p06,1,13,2x2,0.6220332979100248
first session,p06,1,13,3x3,0.38221749911441727
first session,p06,1,13,4x4,0.2614240170031881
first session,p06,1,14,1x3,0.8505136379737868
first session,p06,1,14,2x2,0.683669854764435
first session,p06,1,14,3x3,0.43712362734679416
first session,p06,1,14,4x4,0.314204746723344
first session,p06,1,15,1x3,0.8278427205100957
first session,p06,1,15,2x2,0.7116542685086787
first session,p06,1,15,3x3,0.4544810485299327
first session,p06,1,15,4x4,0.3202267091746369
first session,p06,1,16,1x3,0.7410556145944032
first session,p06,1,16,2x2,0.5763372298972724
first session,p06,1,16,3x3,0.3368756641870351
first session,p06,1,16,4x4,0.21679064824654623
first session,p06,1,17,1x3,0.6457669146298264
first session,p06,1,17,2x2,0.6624158696422245
first session,p06,1,17,3x3,0.3779667020899752
first session,p06,1,17,4x4,0.2146652497343252
first session,p06,1,18,1x3,0.8614948636202622
first session,p06,1,18,2x2,0.6935883811547998
first session,p06,1,18,3x3,0.500177116542685
first session,p06,1,18,4x4,0.34927382217499114
first session,p06,1,19,1x3,0.855118668083599
first session,p06,1,19,2x2,0.49344668792065177
first session,p06,1,19,3x3,0.3322706340772228
first session,p06,1,19,4x4,0.23769040028338648
first session,p06,3,0,1x3,0.8416578108395324
first session,p06,3,0,2x2,0.7215727948990436
first session,p06,3,0,3x3,0.47927736450584485
first session,p06,3,0,4x4,0.33191640099185266
first session,p06,3,1,1x3,0.8455543747786043
first session,p06,3,1,2x2,0.7353878852284803
first session,p06,3,1,3x3,0.5295784626284095
first session,p06,3,1,4x4,0.36946510804109106
first session,p06,3,2,1x3,0.8572440665958201
first session,p06,3,2,2x2,0.6726886291179596
first session,p06,3,2,3x3,0.43251859723698194
first session,p06,3,2,4x4,0.314204746723344
first session,p06,3,3,1x3,0.822529224229543
first session,p06,3,3,2x2,0.7109458023379384
first session,p06,3,3,3x3,0.49238398866454125
first session,p06,3,3,4x4,0.34785688983351043
first session,p06,3,4,1x3,0.8572440665958201
first session,p06,3,4,2x2,0.730428622033298
first session,p06,3,4,3x3,0.48848742472546935
first session,p06,3,4,4x4,0.3460857244066596
first session,p06,3,5,1x3,0.8342189160467588
first session,p06,3,5,2x2,0.5823591923485654
first session,p06,3,5,3x3,0.37690400283386466
first session,p06,3,5,4x4,0.26496634785688983
first session,p06,3,6,1x3,0.8590152320226709
first session,p06,3,6,2x2,0.7559334041799504
first session,p06,3,6,3x3,0.5377258235919234
first session,p06,3,6,4x4,0.375487070492384
first session,p06,3,7,1x3,0.7825008855827135
first session,p06,3,7,2x2,0.6942968473255402
first session,p06,3,7,3x3,0.4424371236273468
first session,p06,3,7,4x4,0.2855118668083599
first session,p06,3,8,1x3,0.8416578108395324
first session,p06,3,8,2x2,0.7329082536308891
first session,p06,3,8,3x3,0.4906128232376904
first session,p06,3,8,4x4,0.3368756641870351
first session,p06,3,9,1x3,0.8604321643641516
first session,p06,3,9,2x2,0.7417640807651434
first session,p06,3,9,3x3,0.51009564293305
first session,p06,3,9,4x4,0.3524619199433227
first session,p06,3,10,1x3,0.8455543747786043
first session,p06,3,10,2x2,0.6471838469713072
first session,p06,3,10,3x3,0.4119730782855119
first session,p06,3,10,4x4,0.2964930924548353
first session,p06,3,11,1x3,0.842720510095643
first session,p06,3,11,2x2,0.7360963513992207
first session,p06,3,11,3x3,0.49946865037194477
first session,p06,3,11,4x4,0.3443145589798087
first session,p06,3,12,1x3,0.855118668083599
first session,p06,3,12,2x2,0.6928799149840595
first session,p06,3,12,3x3,0.444916755224938
first session,p06,3,12,4x4,0.32128940843074744
first session,p06,3,13,1x3,0.8413035777541622
first session,p06,3,13,2x2,0.7368048175699611
first session,p06,3,13,3x3,0.5260361317747078
first session,p06,3,13,4x4,0.36769394261424015
first session,p06,3,14,1x3,0.8558271342543393
first session,p06,3,14,2x2,0.73467941905774
first session,p06,3,14,3x3,0.5313496280552603
first session,p06,3,14,4x4,0.3793836344314559
first session,p06,3,15,1x3,0.8034006376195537
first session,p06,3,15,2x2,0.6461211477151966
first session,p06,3,15,3x3,0.39744952178533477
first session,p06,3,15,4x4,0.27098831030818277
first session,p06,3,16,1x3,0.8614948636202622
first session,p06,3,16,2x2,0.7541622387530995
first session,p06,3,16,3x3,0.5324123273113709
first session,p06,3,16,4x4,0.3712362734679419
first session,p06,3,17,1x3,0.8607863974495218
first session,p06,3,17,2x2,0.7162592986184909
first session,p06,3,17,3x3,0.5136379737867517
first session,p06,3,17,4x4,0.3708820403825717
first session,p06,3,18,1x3,0.8575982996811902
first session,p06,3,18,2x2,0.651080410910379
first session,p06,3,18,3x3,0.418349273822175
first session,p06,3,18,4x4,0.30499468650371947
first session,p06,3,19,1x3,0.8260715550832448
first session,p06,3,19,2x2,0.6248671625929861
first session,p06,3,19,3x3,0.38717676230959974
first session,p06,3,19,4x4,0.2748848742472547
first session,p06,5,0,1x3,0.8473255402054551
first session,p06,5,0,2x2,0.7527453064116189
first session,p06,5,0,3x3,0.49273822174991144
first session,p06,5,0,4x4,0.32270634077222815
first session,p06,5,1,1x3,0.8537017357421183
first session,p06,5,1,2x2,0.7516826071555083
first session,p06,5,1,3x3,0.5533120793482111
first session,p06,5,1,4x4,0.38186326602904713
first session,p06,5,2,1x3,0.8480340063761955
first session,p06,5,2,2x2,0.7371590506553312
first session,p06,5,2,3x3,0.5302869287991498
first session,p06,5,2,4x4,0.3467941905773999
first session,p06,5,3,1x3,0.8303223521076869
first session,p06,5,3,2x2,0.5044279135671271
first session,p06,5,3,3x3,0.3669854764434998
first session,p06,5,3,4x4,0.2500885582713425
first session,p06,5,4,1x3,0.8466170740347149
first session,p06,5,4,2x2,0.7360963513992207
first session,p06,5,4,3x3,0.5054906128232377
first session,p06,5,4,4x4,0.3432518597236982
first session,p06,5,5,1x3,0.8579525327665604
first session,p06,5,5,2x2,0.7481402763018066
first session,p06,5,5,3x3,0.552957846262841
first session,p06,5,5,4x4,0.38930216082182073
first session,p06,5,6,1x3,0.7835635848388239
first session,p06,5,6,2x2,0.47963159759121504
first session,p06,5,6,3x3,0.3602550478214665
first session,p06,5,6,4x4,0.20935175345377258
first session,p06,5,7,1x3,0.8381154799858307
first session,p06,5,7,2x2,0.7453064116188453
first session,p06,5,7,3x3,0.5292242295430393
first session,p06,5,7,4x4,0.35848388239461565
first session,p06,5,8,1x3,0.8381154799858307
first session,p06,5,8,2x2,0.7378675168260715
first session,p06,5,8,3x3,0.5299326957137797
first session,p06,5,8,4x4,0.36840240878498054
first session,p06,5,9,1x3,0.861140630534892
first session,p06,5,9,2x2,0.5047821466524973
first session,p06,5,9,3x3,0.39213602550478216
first session,p06,5,9,4x4,0.27169677647892315
first session,p06,5,10,1x3,0.8590152320226709
first session,p06,5,10,2x2,0.7311370882040382
first session,p06,5,10,3x3,0.5033652143110167
first session,p06,5,10,4x4,0.34785688983351043
first session,p06,5,11,1x3,0.8391781792419412
first session,p06,5,11,2x2,0.7219270279844138
first session,p06,5,11,3x3,0.4810485299326957
first session,p06,5,11,4x4,0.33545873184555436
first session,p06,5,12,1x3,0.8533475026567482
first session,p06,5,12,2x2,0.7268862911795961
first session,p06,5,12,3x3,0.4718384697130712
first session,p06,5,12,4x4,0.33049946865037194
first session,p06,5,13,1x3,0.77541622387531
first session,p06,5,13,2x2,0.7070492383988665
first session,p06,5,13,3x3,0.47538080056677295
first session,p06,5,13,4x4,0.3028692879914984
first session,p06,5,14,1x3,0.8568898335104499
first session,p06,5,14,2x2,0.7318455543747786
first session,p06,5,14,3x3,0.487778958554729
first session,p06,5,14,4x4,0.34041799504073683
first session,p06,5,15,1x3,0.8533475026567482
first session,p06,5,15,2x2,0.7368048175699611
first session,p06,5,15,3x3,0.5334750265674814
first session,p06,5,15,4x4,0.37867516826071557
first session,p06,5,16,1x3,0.8161530286928799
first session,p06,5,16,2x2,0.7275947573503365
first session,p06,5,16,3x3,0.42366277010272757
first session,p06,5,16,4x4,0.25681898689337584
first session,p06,5,17,1x3,0.8544102019128587
first session,p06,5,17,2x2,0.722281261069784
first session,p06,5,17,3x3,0.43322706340772227
first session,p06,5,17,4x4,0.33049946865037194
first session,p06,5,18,1x3,0.8579525327665604
first session,p06,5,18,2x2,0.7453064116188453
first session,p06,5,18,3x3,0.5487070492383989
first session,p06,5,18,4x4,0.39886645412681543
first session,p06,5,19,1x3,0.8391781792419412
first session,p06,5,19,2x2,0.61211477151966
first session,p06,5,19,3x3,0.41091037902940136
first session,p06,5,19,4x4,0.29436769394261425
first session,p06,9,0,1x3,0.8239461565710238
first session,p06,9,0,2x2,0.7368048175699611
first session,p06,9,0,3x3,0.4895501239815799
first session,p06,9,0,4x4,0.33581296493092455
first session,p06,9,1,1x3,0.8416578108395324
first session,p06,9,1,2x2,0.7144881331916401
first session,p06,9,1,3x3,0.47502656748140276
first session,p06,9,1,4x4,0.32235210768685796
first session,p06,9,2,1x3,0.8490967056323061
first session,p06,9,2,2x2,0.7275947573503365
first session,p06,9,2,3x3,0.48990435706695007
first session,p06,9,2,4x4,0.3443145589798087
first session,p06,9,3,1x3,0.8289054197662061
first session,p06,9,3,2x2,0.6946510804109104
first session,p06,9,3,3x3,0.42047467233439606
first session,p06,9,3,4x4,0.30889125044279137
first session,p06,9,4,1x3,0.8575982996811902
first session,p06,9,4,2x2,0.753099539496989
first session,p06,9,4,3x3,0.5348919589089621
first session,p06,9,4,4x4,0.37725823591923485
first session,p06,9,5,1x3,0.8586609989373007
first session,p06,9,5,2x2,0.7545164718384697
first session,p06,9,5,3x3,0.5302869287991498
first session,p06,9,5,4x4,0.36733970952887
first session,p06,9,6,1x3,0.8622033297910024
first session,p06,9,6,2x2,0.7251151257527453
first session,p06,9,6,3x3,0.46191994332270636
first session,p06,9,6,4x4,0.33439603258944384
first session,p06,9,7,1x3,0.8391781792419412
first session,p06,9,7,2x2,0.6900460503010981
first session,p06,9,7,3x3,0.43251859723698194
first session,p06,9,7,4x4,0.31243358129649307
first session,p06,9,8,1x3,0.843074743181013
first session,p06,9,8,2x2,0.7130712008501594
first session,p06,9,8,3x3,0.47467233439603257
first session,p06,9,8,4x4,0.32766560396741057
first session,p06,9,9,1x3,0.8370527807297201
first session,p06,9,9,2x2,0.7396386822529224
first session,p06,9,9,3x3,0.5341834927382217
first session,p06,9,9,4x4,0.3896563939071909
first session,p06,9,10,1x3,0.8384697130712009
first session,p06,9,10,2x2,0.720510095642933
first session,p06,9,10,3x3,0.4863620262132483
first session,p06,9,10,4x4,0.33191640099185266
first session,p06,9,11,1x3,0.8600779312787814
first session,p06,9,11,2x2,0.7375132837407014
first session,p06,9,11,3x3,0.5313496280552603
first session,p06,9,11,4x4,0.3669854764434998
first session,p06,9,12,1x3,0.8597236981934112
first session,p06,9,12,2x2,0.7329082536308891
first session,p06,9,12,3x3,0.5015940488841658
first session,p06,9,12,4x4,0.3467941905773999
first session,p06,9,13,1x3,0.8437832093517534
first session,p06,9,13,2x2,0.7130712008501594
first session,p06,9,13,3x3,0.46546227417640806
first session,p06,9,13,4x4,0.32589443854055966
first session,p06,9,14,1x3,0.8349273822174991
first session,p06,9,14,2x2,0.7283032235210769
first session,p06,9,14,3x3,0.518243003896564
first session,p06,9,14,4x4,0.351044987601842
first session,p06,9,15,1x3,0.8565356004250797
first session,p06,9,15,2x2,0.7467233439603259
first session,p06,9,15,3x3,0.5352461919943323
first session,p06,9,15,4x4,0.375487070492384
first session,p06,9,16,1x3,0.8547644349982289
first session,p06,9,16,2x2,0.7442437123627347
first session,p06,9,16,3x3,0.5317038611406305
first session,p06,9,16,4x4,0.3698193411264612
first session,p06,9,17,1x3,0.8466170740347149
first session,p06,9,17,2x2,0.7495572086432872
first session,p06,9,17,3x3,0.5426850867871059
first session,p06,9,17,4x4,0.39107332624867164
first session,p06,9,18,1x3,0.8423662770102728
first session,p06,9,18,2x2,0.7453064116188453
first session,p06,9,18,3x3,0.546935883811548
first session,p06,9,18,4x4,0.39638682252922425
first session,p06,9,19,1x3,0.8590152320226709
first session,p06,9,19,2x2,0.7268862911795961
first session,p06,9,19,3x3,0.4679419057739993
first session,p06,9,19,4x4,0.3351044987601842
first session,p06,16,0,1x3,0.8409493446687921
first session,p06,16,0,2x2,0.7297201558625576
first session,p06,16,0,3x3,0.48813319164009916
first session,p06,16,0,4x4,0.3365214311016649
first session,p06,16,1,1x3,0.8501594048884166
first session,p06,16,1,2x2,0.7463691108749557
first session,p06,16,1,3x3,0.5405596882748849
first session,p06,16,1,4x4,0.3839886645412682
first session,p06,16,2,1x3,0.8625575628763726
first session,p06,16,2,2x2,0.7258235919234857
first session,p06,16,2,3x3,0.4569606801275239
first session,p06,16,2,4x4,0.33616719801629474
first session,p06,16,3,1x3,0.8604321643641516
first session,p06,16,3,2x2,0.7251151257527453
first session,p06,16,3,3x3,0.49769748494509386
first session,p06,16,3,4x4,0.3421891604675877
first session,p06,16,4,1x3,0.8600779312787814
first session,p06,16,4,2x2,0.7254693588381155
first session,p06,16,4,3x3,0.4867162592986185
first session,p06,16,4,4x4,0.34112646121147716
first session,p06,16,5,1x3,0.8512221041445271
first session,p06,16,5,2x2,0.7456606447042153
first session,p06,16,5,3x3,0.5136379737867517
first session,p06,16,5,4x4,0.357066950053135
first session,p06,16,6,1x3,0.8533475026567482
first session,p06,16,6,2x2,0.720510095642933
first session,p06,16,6,3x3,0.47538080056677295
first session,p06,16,6,4x4,0.3329791002479632
first session,p06,16,7,1x3,0.8558271342543393
first session,p06,16,7,2x2,0.7414098476797732
first session,p06,16,7,3x3,0.5076160113354587
first session,p06,16,7,4x4,0.34785688983351043
first session,p06,16,8,1x3,0.8590152320226709
first session,p06,16,8,2x2,0.7318455543747786
first session,p06,16,8,3x3,0.5111583421891605
first session,p06,16,8,4x4,0.34643995749202977
first session,p06,16,9,1x3,0.8590152320226709
first session,p06,16,9,2x2,0.7492029755579172
first session,p06,16,9,3x3,0.5196599362380446
first session,p06,16,9,4x4,0.35954658165072617
first session,p06,16,10,1x3,0.8455543747786043
first session,p06,16,10,2x2,0.7151965993623804
first session,p06,16,10,3x3,0.46475380800566773
first session,p06,16,10,4x4,0.3287283032235211
first session,p06,16,11,1x3,0.8501594048884166
first session,p06,16,11,2x2,0.7286574566064471
first session,p06,16,11,3x3,0.4987601842012044
first session,p06,16,11,4x4,0.342897626638328
first session,p06,16,12,1x3,0.8607863974495218
first session,p06,16,12,2x2,0.7247608926673751
first session,p06,16,12,3x3,0.4732554020545519
first session,p06,16,12,4x4,0.34077222812610697
first session,p06,16,13,1x3,0.8604321643641516
first session,p06,16,13,2x2,0.7410556145944032
first session,p06,16,13,3x3,0.5065533120793482
first session,p06,16,13,4x4,0.35033652143110167
first session,p06,16,14,1x3,0.8469713071200851
first session,p06,16,14,2x2,0.718384697130712
first session,p06,16,14,3x3,0.46935883811547996
first session,p06,16,14,4x4,0.33545873184555436
first session,p06,16,15,1x3,0.855118668083599
first session,p06,16,15,2x2,0.7329082536308891
first session,p06,16,15,3x3,0.4998228834573149
first session,p06,16,15,4x4,0.3475026567481403
first session,p06,16,16,1x3,0.8381154799858307
first session,p06,16,16,2x2,0.7297201558625576
first session,p06,16,16,3x3,0.5069075451647184
first session,p06,16,16,4x4,0.34466879206517886
first session,p06,16,17,1x3,0.8267800212539851
first session,p06,16,17,2x2,0.7109458023379384
first session,p06,16,17,3x3,0.4534183492738222
first session,p06,16,17,4x4,0.316330145235565
first session,p06,16,18,1x3,0.8568898335104499
first session,p06,16,18,2x2,0.7283032235210769
first session,p06,16,18,3x3,0.49805171803046405
first session,p06,16,18,4x4,0.34466879206517886
first session,p06,16,19,1x3,0.8335104498760184
first session,p06,16,19,2x2,0.730428622033298
first session,p06,16,19,3x3,0.4962805526036132
first session,p06,16,19,4x4,0.34041799504073683
random,p07,1,0,1x3,0.7923997185080929
random,p07,1,0,2x2,0.6161154116819142
random,p07,1,0,3x3,0.40816326530612246
random,p07,1,0,4x4,0.23961998592540465
random,p07,1,1,1x3,0.7850105559465166
random,p07,1,1,2x2,0.45073891625615764
random,p07,1,1,3x3,0.27023223082336384
random,p07,1,1,4x4,0.17628430682617874
random,p07,1,2,1x3,0.4975369458128079
random,p07,1,2,2x2,0.5126671358198451
random,p07,1,2,3x3,0.23645320197044334
random,p07,1,2,4x4,0.13511611541168192
random,p07,1,3,1x3,0.5738916256157636
random,p07,1,3,2x2,0.5035186488388459
random,p07,1,3,3x3,0.27480647431386346
random,p07,1,3,4x4,0.14883884588318086
random,p07,1,4,1x3,0.7941590429275158
random,p07,1,4,2x2,0.5749472202674173
random,p07,1,4,3x3,0.3676988036593948
random,p07,1,4,4x4,0.24454609429978888
random,p07,1,5,1x3,0.6783954961294862
random,p07,1,5,2x2,0.6407459535538353
random,p07,1,5,3x3,0.34517945109078113
random,p07,1,5,4x4,0.1893033075299085
random,p07,1,6,1x3,0.7843068261787474
random,p07,1,6,2x2,0.6600985221674877
random,p07,1,6,3x3,0.37790288529204785
random,p07,1,6,4x4,0.2582688247712878
random,p07,1,7,1x3,0.7836030964109781
random,p07,1,7,2x2,0.4978888106966925
random,p07,1,7,3x3,0.3356790992258973
random,p07,1,7,4x4,0.24630541871921183
random,p07,1,8,1x3,0.45355383532723437
random,p07,1,8,2x2,0.4130893736805067
random,p07,1,8,3x3,0.19493314567206194
random,p07,1,8,4x4,0.11154116819141449
random,p07,1,9,1x3,0.7505277973258269
random,p07,1,9,2x2,0.5978184377199156
random,p07,1,9,3x3,0.37790288529204785
random,p07,1,9,4x4,0.21850809289232934
random,p07,1,10,1x3,0.7660098522167488
random,p07,1,10,2x2,0.5541871921182266
random,p07,1,10,3x3,0.35151301900070375
random,p07,1,10,4x4,0.23293455313159747
random,p07,1,11,1x3,0.717100633356791
random,p07,1,11,2x2,0.4746657283603096
random,p07,1,11,3x3,0.31527093596059114
random,p07,1,11,4x4,0.1984517945109078
random,p07,1,12,1x3,0.7923997185080929
random,p07,1,12,2x2,0.4975369458128079
random,p07,1,12,3x3,0.30295566502463056
random,p07,1,12,4x4,0.2076002814919071
random,p07,1,13,1x3,0.5376495425756509
random,p07,1,13,2x2,0.3807178043631246
random,p07,1,13,3x3,0.19493314567206194
random,p07,1,13,4x4,0.11365235749472202
random,p07,1,14,1x3,0.7941590429275158
random,p07,1,14,2x2,0.46235045742434905
random,p07,1,14,3x3,0.2821956368754398
random,p07,1,14,4x4,0.18895144264602393
random,p07,1,15,1x3,0.7758620689655172
random,p07,1,15,2x2,0.5524278676988037
random,p07,1,15,3x3,0.3553835327234342
random,p07,1,15,4x4,0.25052779732582686
random,p07,1,16,1x3,0.44053483462350457
random,p07,1,16,2x2,0.5035186488388459
random,p07,1,16,3x3,0.22378606615059818
random,p07,1,16,4x4,0.11118930330752991
random,p07,1,17,1x3,0.775158339197748
random,p07,1,17,2x2,0.44123856439127374
random,p07,1,17,3x3,0.27938071780436313
random,p07,1,17,4x4,0.1988036593947924
random,p07,1,18,1x3,0.7874736101337086
random,p07,1,18,2x2,0.6646727656579874
random,p07,1,18,3x3,0.3976073187895848
random,p07,1,18,4x4,0.2498240675580577
random,p07,1,19,1x3,0.7266009852216748
random,p07,1,19,2x2,0.4373680506685433
random,p07,1,19,3x3,0.2614356087262491
random,p07,1,19,4x4,0.16361717100633358
random,p07,3,0,1x3,0.7095070422535211
random,p07,3,0,2x2,0.6140845070422535
random,p07,3,0,3x3,0.32535211267605635
random,p07,3,0,4x4,0.22183098591549297
random,p07,3,1,1x3,0.7841549295774648
random,p07,3,1,2x2,0.6609154929577464
random,p07,3,1,3x3,0.3778169014084507
random,p07,3,1,4x4,0.2584507042253521
random,p07,3,2,1x3,0.7383802816901408
random,p07,3,2,2x2,0.5728873239436619
random,p07,3,2,3x3,0.3616197183098592
random,p07,3,2,4x4,0.2130281690140845
random,p07,3,3,1x3,0.7954225352112676
random,p07,3,3,2x2,0.6700704225352113
random,p07,3,3,3x3,0.40105633802816903
random,p07,3,3,4x4,0.25316901408450704
random,p07,3,4,1x3,0.7612676056338028
random,p07,3,4,2x2,0.5450704225352113
random,p07,3,4,3x3,0.3390845070422535
random,p07,3,4,4x4,0.23098591549295774
random,p07,3,5,1x3,0.7700704225352113
random,p07,3,5,2x2,0.6464788732394366
random,p07,3,5,3x3,0.38767605633802815
random,p07,3,5,4x4,0.2390845070422535
random,p07,3,6,1x3,0.7950704225352113
random,p07,3,6,2x2,0.47394366197183097
random,p07,3,6,3x3,0.29225352112676056
random,p07,3,6,4x4,0.20316901408450705
random,p07,3,7,1x3,0.7894366197183098
random,p07,3,7,2x2,0.6299295774647887
random,p07,3,7,3x3,0.4035211267605634
random,p07,3,7,4x4,0.24084507042253522
random,p07,3,8,1x3,0.7316901408450704
random,p07,3,8,2x2,0.5014084507042254
random,p07,3,8,3x3,0.2862676056338028
random,p07,3,8,4x4,0.19119718309859154
random,p07,3,9,1x3,0.7806338028169014
random,p07,3,9,2x2,0.6320422535211268
random,p07,3,9,3x3,0.397887323943662
random,p07,3,9,4x4,0.23661971830985915
random,p07,3,10,1x3,0.6542253521126761
random,p07,3,10,2x2,0.6095070422535211
random,p07,3,10,3x3,0.3257042253521127
random,p07,3,10,4x4,0.18626760563380282
random,p07,3,11,1x3,0.6602112676056338
random,p07,3,11,2x2,0.6056338028169014
random,p07,3,11,3x3,0.3193661971830986
random,p07,3,11,4x4,0.19964788732394367
random,p07,3,12,1x3,0.7295774647887324
random,p07,3,12,2x2,0.5869718309859155
random,p07,3,12,3x3,0.3700704225352113
random,p07,3,12,4x4,0.2091549295774648
random,p07,3,13,1x3,0.6612676056338028
random,p07,3,13,2x2,0.629225352112676
random,p07,3,13,3x3,0.3387323943661972
random,p07,3,13,4x4,0.18028169014084508
random,p07,3,14,1x3,0.793661971830986
random,p07,3,14,2x2,0.4788732394366197
random,p07,3,14,3x3,0.33204225352112676
random,p07,3,14,4x4,0.24753521126760564
random,p07,3,15,1x3,0.7792253521126761
random,p07,3,15,2x2,0.6014084507042253
random,p07,3,15,3x3,0.36056338028169016
random,p07,3,15,4x4,0.2612676056338028
random,p07,3,16,1x3,0.7915492957746478
random,p07,3,16,2x2,0.532394366197183
random,p07,3,16,3x3,0.3334507042253521
random,p07,3,16,4x4,0.2306338028169014
random,p07,3,17,1x3,0.7415492957746479
random,p07,3,17,2x2,0.622887323943662
random,p07,3,17,3x3,0.353169014084507
random,p07,3,17,4x4,0.23169014084507042
random,p07,3,18,1x3,0.7876760563380282
random,p07,3,18,2x2,0.5841549295774648
random,p07,3,18,3x3,0.3637323943661972
random,p07,3,18,4x4,0.2602112676056338
random,p07,3,19,1x3,0.5278169014084507
random,p07,3,19,2x2,0.5661971830985916
random,p07,3,19,3x3,0.2517605633802817
random,p07,3,19,4x4,0.14190140845070423
random,p07,5,0,1x3,0.7526427061310782
random,p07,5,0,2x2,0.6708949964763918
random,p07,5,0,3x3,0.4284707540521494
random,p07,5,0,4x4,0.2639182522903453
random,p07,5,1,1x3,0.7832980972515856
random,p07,5,1,2x2,0.6666666666666666
random,p07,5,1,3x3,0.4464411557434813
random,p07,5,1,4x4,0.3033826638477801
random,p07,5,2,1x3,0.7928118393234672
random,p07,5,2,2x2,0.6469344608879493
random,p07,5,2,3x3,0.45630725863284005
random,p07,5,2,4x4,0.2952783650458069
random,p07,5,3,1x3,0.7928118393234672
random,p07,5,3,2x2,0.671247357293869
random,p07,5,3,3x3,0.4704016913319239
random,p07,5,3,4x4,0.33756166314305847
random,p07,5,4,1x3,0.7762508809020436
random,p07,5,4,2x2,0.5849189570119803
random,p07,5,4,3x3,0.34178999295278367
random,p07,5,4,4x4,0.19027484143763213
random,p07,5,5,1x3,0.733262861169838
random,p07,5,5,2x2,0.6338971106412967
random,p07,5,5,3x3,0.34319943622269206
random,p07,5,5,4x4,0.204369274136716
random,p07,5,6,1x3,0.733262861169838
random,p07,5,6,2x2,0.6032417195207893
random,p07,5,6,3x3,0.3692741367159972
random,p07,5,6,4x4,0.2677942212825934
random,p07,5,7,1x3,0.784707540521494
random,p07,5,7,2x2,0.6226215644820295
random,p07,5,7,3x3,0.42212825933756165
random,p07,5,7,4x4,0.26215644820295986
random,p07,5,8,1x3,0.7128259337561663
random,p07,5,8,2x2,0.6483439041578577
random,p07,5,8,3x3,0.4097956307258633
random,p07,5,8,4x4,0.25017618040873857
random,p07,5,9,1x3,0.6441155743481325
random,p07,5,9,2x2,0.5246652572233967
random,p07,5,9,3x3,0.29140239605355883
random,p07,5,9,4x4,0.1832276250880902
random,p07,5,10,1x3,0.7766032417195208
random,p07,5,10,2x2,0.6698379140239605
random,p07,5,10,3x3,0.47075405214940097
random,p07,5,10,4x4,0.3097251585623679
random,p07,5,11,1x3,0.5028188865398168
random,p07,5,11,2x2,0.46264975334742775
random,p07,5,11,3x3,0.2677942212825934
random,p07,5,11,4x4,0.15644820295983086
random,p07,5,12,1x3,0.7441860465116279
random,p07,5,12,2x2,0.6420014094432699
random,p07,5,12,3x3,0.42670894996476394
random,p07,5,12,4x4,0.28012684989429176
random,p07,5,13,1x3,0.45525017618040875
random,p07,5,13,2x2,0.41261451726568005
random,p07,5,13,3x3,0.25158562367864695
random,p07,5,13,4x4,0.15891472868217055
random,p07,5,14,1x3,0.5528541226215645
random,p07,5,14,2x2,0.594785059901339
random,p07,5,14,3x3,0.19062720225510923
random,p07,5,14,4x4,0.12544045102184637
random,p07,5,15,1x3,0.7766032417195208
random,p07,5,15,2x2,0.5845665961945031
random,p07,5,15,3x3,0.2952783650458069
random,p07,5,15,4x4,0.18076109936575052
random,p07,5,16,1x3,0.7723749119097957
random,p07,5,16,2x2,0.5669485553206484
random,p07,5,16,3x3,0.31113460183227626
random,p07,5,16,4x4,0.19978858350951373
random,p07,5,17,1x3,0.7935165609584214
random,p07,5,17,2x2,0.6698379140239605
random,p07,5,17,3x3,0.4263565891472868
random,p07,5,17,4x4,0.2734319943622269
random,p07,5,18,1x3,0.6684284707540521
random,p07,5,18,2x2,0.5517970401691332
random,p07,5,18,3x3,0.23044397463002114
random,p07,5,18,4x4,0.14587737843551796
random,p07,5,19,1x3,0.7061310782241015
random,p07,5,19,2x2,0.5415785764622973
random,p07,5,19,3x3,0.3118393234672304
random,p07,5,19,4x4,0.21634954193093728
random,p07,9,0,1x3,0.7907551164431899
random,p07,9,0,2x2,0.6707833450952717
random,p07,9,0,3x3,0.3705010585744531
random,p07,9,0,4x4,0.24135497529992944
random,p07,9,1,1x3,0.7942836979534227
random,p07,9,1,2x2,0.6605504587155964
random,p07,9,1,3x3,0.42095977417078334
random,p07,9,1,4x4,0.2939308398023994
random,p07,9,2,1x3,0.76287932251235
random,p07,9,2,2x2,0.5299929428369795
random,p07,9,2,3x3,0.3412138320395201
random,p07,9,2,4x4,0.1774876499647142
random,p07,9,3,1x3,0.7702893436838391
random,p07,9,3,2x2,0.6612561750176429
random,p07,9,3,3x3,0.35356386732533523
random,p07,9,3,4x4,0.2268877911079746
random,p07,9,4,1x3,0.7865208186309104
random,p07,9,4,2x2,0.5532815808045166
random,p07,9,4,3x3,0.34438955539872973
random,p07,9,4,4x4,0.19548341566690192
random,p07,9,5,1x3,0.7706422018348624
random,p07,9,5,2x2,0.6319689484827099
random,p07,9,5,3x3,0.43330980945659847
random,p07,9,5,4x4,0.2911079745942131
random,p07,9,6,1x3,0.7808750882145378
random,p07,9,6,2x2,0.5931545518701482
random,p07,9,6,3x3,0.39661256175017645
random,p07,9,6,4x4,0.2491178546224418
random,p07,9,7,1x3,0.7071277346506705
random,p07,9,7,2x2,0.6249117854622441
random,p07,9,7,3x3,0.3832039520112915
random,p07,9,7,4x4,0.24311926605504589
random,p07,9,8,1x3,0.7776993648553282
random,p07,9,8,2x2,0.4562455892731122
random,p07,9,8,3x3,0.33627381792519406
random,p07,9,8,4x4,0.2240649258997883
random,p07,9,9,1x3,0.7794636556104446
random,p07,9,9,2x2,0.644318983768525
random,p07,9,9,3x3,0.3009880028228652
random,p07,9,9,4x4,0.2018348623853211
random,p07,9,10,1x3,0.6979534227240649
random,p07,9,10,2x2,0.45871559633027525
random,p07,9,10,3x3,0.2664079040225829
random,p07,9,10,4x4,0.16619618913196896
random,p07,9,11,1x3,0.7918136908962597
random,p07,9,11,2x2,0.611150317572336
random,p07,9,11,3x3,0.4170783345095272
random,p07,9,11,4x4,0.2646436132674665
random,p07,9,12,1x3,0.7907551164431899
random,p07,9,12,2x2,0.5896259703599153
random,p07,9,12,3x3,0.38285109386026817
random,p07,9,12,4x4,0.23817925194071984
random,p07,9,13,1x3,0.7932251235003529
random,p07,9,13,2x2,0.6044460127028934
random,p07,9,13,3x3,0.3094565984474241
random,p07,9,13,4x4,0.19407198306280876
random,p07,9,14,1x3,0.7759350741002117
random,p07,9,14,2x2,0.6623147494707128
random,p07,9,14,3x3,0.44495412844036697
random,p07,9,14,4x4,0.3168666196189132
random,p07,9,15,1x3,0.7441778405081158
random,p07,9,15,2x2,0.6450247000705717
random,p07,9,15,3x3,0.39378969654199014
random,p07,9,15,4x4,0.20642201834862386
random,p07,9,16,1x3,0.7889908256880734
random,p07,9,16,2x2,0.6439661256175018
random,p07,9,16,3x3,0.27805222300635146
random,p07,9,16,4x4,0.1993648553281581
random,p07,9,17,1x3,0.7776993648553282
random,p07,9,17,2x2,0.6362032462949894
random,p07,9,17,3x3,0.4170783345095272
random,p07,9,17,4x4,0.26534932956951307
random,p07,9,18,1x3,0.7706422018348624
random,p07,9,18,2x2,0.6513761467889908
random,p07,9,18,3x3,0.35885673959068454
random,p07,9,18,4x4,0.2487649964714185
random,p07,9,19,1x3,0.7685250529287226
random,p07,9,19,2x2,0.6563161609033169
random,p07,9,19,3x3,0.4414255469301341
random,p07,9,19,4x4,0.3045165843330981
random,p07,16,0,1x3,0.7806862398302087
random,p07,16,0,2x2,0.5765829501238061
random,p07,16,0,3x3,0.3749557835160948
random,p07,16,0,4x4,0.24725857799787762
random,p07,16,1,1x3,0.7934205871949063
random,p07,16,1,2x2,0.6551114255394411
random,p07,16,1,3x3,0.422355854262469
random,p07,16,1,4x4,0.29713477184294307
random,p07,16,2,1x3,0.7884683409975238
random,p07,16,2,2x2,0.6696144322603467
random,p07,16,2,3x3,0.4283692960735762
random,p07,16,2,4x4,0.2812168376370711
random,p07,16,3,1x3,0.7909444640962151
random,p07,16,3,2x2,0.6505129112133003
random,p07,16,3,3x3,0.4591439688715953
random,p07,16,3,4x4,0.2925362575168023
random,p07,16,4,1x3,0.568800848956491
random,p07,16,4,2x2,0.629642730810046
random,p07,16,4,3x3,0.32790944464096217
random,p07,16,4,4x4,0.20056597099398657
random,p07,16,5,1x3,0.7927131234524231
random,p07,16,5,2x2,0.6724442872302795
random,p07,16,5,3x3,0.41987973116377786
random,p07,16,5,4x4,0.27661832331093034
random,p07,16,6,1x3,0.7930668553236646
random,p07,16,6,2x2,0.44994694021931375
random,p07,16,6,3x3,0.36434382737884685
random,p07,16,6,4x4,0.21365405022992573
random,p07,16,7,1x3,0.7668906968517863
random,p07,16,7,2x2,0.6147859922178989
random,p07,16,7,3x3,0.4039617969579059
random,p07,16,7,4x4,0.24124513618677043
random,p07,16,8,1x3,0.7920056597099399
random,p07,16,8,2x2,0.6703218960028299
random,p07,16,8,3x3,0.4145737530951539
random,p07,16,8,4x4,0.2847541563494871
random,p07,16,9,1x3,0.7562787407145384
random,p07,16,9,2x2,0.6406084188185356
random,p07,16,9,3x3,0.4336752741422002
random,p07,16,9,4x4,0.2833392288645207
random,p07,16,10,1x3,0.7934205871949063
random,p07,16,10,2x2,0.672798019101521
random,p07,16,10,3x3,0.4297842235585426
random,p07,16,10,4x4,0.304209409267775
random,p07,16,11,1x3,0.7849310222851079
random,p07,16,11,2x2,0.657941280509374
random,p07,16,11,3x3,0.4464096215068978
random,p07,16,11,4x4,0.2978422355854263
random,p07,16,12,1x3,0.7948355146798727
random,p07,16,12,2x2,0.6756278740714539
random,p07,16,12,3x3,0.45772904138662895
random,p07,16,12,4x4,0.32118853908737177
random,p07,16,13,1x3,0.7941280509373895
random,p07,16,13,2x2,0.622568093385214
random,p07,16,13,3x3,0.2677750265298903
random,p07,16,13,4x4,0.19384506544039617
random,p07,16,14,1x3,0.7771489211177928
random,p07,16,14,2x2,0.6628935267067563
random,p07,16,14,3x3,0.4117438981252211
random,p07,16,14,4x4,0.2737884683409975
random,p07,16,15,1x3,0.7856384860275911
random,p07,16,15,2x2,0.6515741068270251
random,p07,16,15,3x3,0.35160948001414927
random,p07,16,15,4x4,0.20870180403254332
random,p07,16,16,1x3,0.7895295366112487
random,p07,16,16,2x2,0.6628935267067563
random,p07,16,16,3x3,0.432967810399717
random,p07,16,16,4x4,0.2914750619030775
random,p07,16,17,1x3,0.7888220728687655
random,p07,16,17,2x2,0.6310576582950124
random,p07,16,17,3x3,0.43226034665723384
random,p07,16,17,4x4,0.27095861337106475
random,p07,16,18,1x3,0.7923593915811815
random,p07,16,18,2x2,0.638486027591086
random,p07,16,18,3x3,0.4110364343827379
random,p07,16,18,4x4,0.2918287937743191
random,p07,16,19,1x3,0.7767951892465511
random,p07,16,19,2x2,0.6646621860629642
random,p07,16,19,3x3,0.384506544039618
random,p07,16,19,4x4,0.23735408560311283
first session,p07,1,0,1x3,0.7168141592920354
first session,p07,1,0,2x2,0.49911504424778763
first session,p07,1,0,3x3,0.2991150442477876
first session,p07,1,0,4x4,0.1911504424778761
first session,p07,1,1,1x3,0.7536283185840708
first session,p07,1,1,2x2,0.5738053097345133
first session,p07,1,1,3x3,0.3695575221238938
first session,p07,1,1,4x4,0.22513274336283187
first session,p07,1,2,1x3,0.791858407079646
first session,p07,1,2,2x2,0.6159292035398231
first session,p07,1,2,3x3,0.40814159292035396
first session,p07,1,2,4x4,0.23858407079646018
first session,p07,1,3,1x3,0.7883185840707965
first session,p07,1,3,2x2,0.4446017699115044
first session,p07,1,3,3x3,0.27256637168141595
first session,p07,1,3,4x4,0.19008849557522123
first session,p07,1,4,1x3,0.7536283185840708
first session,p07,1,4,2x2,0.5738053097345133
first session,p07,1,4,3x3,0.3695575221238938
first session,p07,1,4,4x4,0.22513274336283187
first session,p07,1,5,1x3,0.6895575221238938
first session,p07,1,5,2x2,0.6208849557522124
first session,p07,1,5,3x3,0.32849557522123896
first session,p07,1,5,4x4,0.20530973451327433
first session,p07,1,6,1x3,0.7883185840707965
first session,p07,1,6,2x2,0.6120353982300885
first session,p07,1,6,3x3,0.36920353982300885
first session,p07,1,6,4x4,0.25168141592920357
first session,p07,1,7,1x3,0.6895575221238938
first session,p07,1,7,2x2,0.6208849557522124
first session,p07,1,7,3x3,0.32849557522123896
first session,p07,1,7,4x4,0.20530973451327433
first session,p07,1,8,1x3,0.7454867256637168
first session,p07,1,8,2x2,0.6534513274336283
first session,p07,1,8,3x3,0.368141592920354
first session,p07,1,8,4x4,0.2272566371681416
first session,p07,1,9,1x3,0.7893805309734513
first session,p07,1,9,2x2,0.46371681415929206
first session,p07,1,9,3x3,0.32035398230088497
first session,p07,1,9,4x4,0.23823008849557523
first session,p07,1,10,1x3,0.7876106194690266
first session,p07,1,10,2x2,0.6492035398230088
first session,p07,1,10,3x3,0.3943362831858407
first session,p07,1,10,4x4,0.23893805309734514
first session,p07,1,11,1x3,0.7168141592920354
first session,p07,1,11,2x2,0.49911504424778763
first session,p07,1,11,3x3,0.2991150442477876
first session,p07,1,11,4x4,0.1911504424778761
first session,p07,1,12,1x3,0.727433628318584
first session,p07,1,12,2x2,0.5380530973451327
first session,p07,1,12,3x3,0.32495575221238937
first session,p07,1,12,4x4,0.21061946902654868
first session,p07,1,13,1x3,0.7897345132743363
first session,p07,1,13,2x2,0.4888495575221239
first session,p07,1,13,3x3,0.33592920353982303
first session,p07,1,13,4x4,0.2488495575221239
first session,p07,1,14,1x3,0.7454867256637168
first session,p07,1,14,2x2,0.6534513274336283
first session,p07,1,14,3x3,0.368141592920354
first session,p07,1,14,4x4,0.2272566371681416
first session,p07,1,15,1x3,0.7837168141592921
first session,p07,1,15,2x2,0.6651327433628319
first session,p07,1,15,3x3,0.39539823008849556
first session,p07,1,15,4x4,0.24991150442477877
first session,p07,1,16,1x3,0.5847787610619469
first session,p07,1,16,2x2,0.4138053097345133
first session,p07,1,16,3x3,0.21876106194690265
first session,p07,1,16,4x4,0.13274336283185842
first session,p07,1,17,1x3,0.5847787610619469
first session,p07,1,17,2x2,0.4138053097345133
first session,p07,1,17,3x3,0.21876106194690265
first session,p07,1,17,4x4,0.13274336283185842
first session,p07,1,18,1x3,0.7621238938053098
first session,p07,1,18,2x2,0.536283185840708
first session,p07,1,18,3x3,0.3338053097345133
first session,p07,1,18,4x4,0.23079646017699115
first session,p07,1,19,1x3,0.6895575221238938
first session,p07,1,19,2x2,0.6208849557522124
first session,p07,1,19,3x3,0.32849557522123896
first session,p07,1,19,4x4,0.20530973451327433
first session,p07,3,0,1x3,0.7168141592920354
first session,p07,3,0,2x2,0.6269026548672566
first session,p07,3,0,3x3,0.3578761061946903
first session,p07,3,0,4x4,0.21345132743362832
first session,p07,3,1,1x3,0.7769911504424779
first session,p07,3,1,2x2,0.6421238938053098
first session,p07,3,1,3x3,0.3911504424778761
first session,p07,3,1,4x4,0.24212389380530974
first session,p07,3,2,1x3,0.7288495575221239
first session,p07,3,2,2x2,0.5164601769911504
first session,p07,3,2,3x3,0.3104424778761062
first session,p07,3,2,4x4,0.20743362831858408
first session,p07,3,3,1x3,0.7373451327433629
first session,p07,3,3,2x2,0.5929203539823009
first session,p07,3,3,3x3,0.3720353982300885
first session,p07,3,3,4x4,0.2095575221238938
first session,p07,3,4,1x3,0.7953982300884955
first session,p07,3,4,2x2,0.631504424778761
first session,p07,3,4,3x3,0.40530973451327434
first session,p07,3,4,4x4,0.24530973451327434
first session,p07,3,5,1x3,0.7936283185840708
first session,p07,3,5,2x2,0.6654867256637168
first session,p07,3,5,3x3,0.37946902654867254
first session,p07,3,5,4x4,0.26761061946902653
first session,p07,3,6,1x3,0.7748672566371682
first session,p07,3,6,2x2,0.5692035398230089
first session,p07,3,6,3x3,0.3525663716814159
first session,p07,3,6,4x4,0.2534513274336283
first session,p07,3,7,1x3,0.7734513274336283
first session,p07,3,7,2x2,0.6109734513274336
first session,p07,3,7,3x3,0.39008849557522124
first session,p07,3,7,4x4,0.23398230088495575
first session,p07,3,8,1x3,0.784070796460177
first session,p07,3,8,2x2,0.6661946902654867
first session,p07,3,8,3x3,0.39469026548672564
first session,p07,3,8,4x4,0.2506194690265487
first session,p07,3,9,1x3,0.735929203539823
first session,p07,3,9,2x2,0.5256637168141592
first session,p07,3,9,3x3,0.31893805309734513
first session,p07,3,9,4x4,0.21097345132743364
first session,p07,3,10,1x3,0.7688495575221239
first session,p07,3,10,2x2,0.5883185840707965
first session,p07,3,10,3x3,0.37805309734513276
first session,p07,3,10,4x4,0.2368141592920354
first session,p07,3,11,1x3,0.7656637168141593
first session,p07,3,11,2x2,0.6484955752212389
first session,p07,3,11,3x3,0.384070796460177
first session,p07,3,11,4x4,0.23893805309734514
first session,p07,3,12,1x3,0.7674336283185841
first session,p07,3,12,2x2,0.616283185840708
first session,p07,3,12,3x3,0.38761061946902653
first session,p07,3,12,4x4,0.2304424778761062
first session,p07,3,13,1x3,0.784424778761062
first session,p07,3,13,2x2,0.6024778761061947
first session,p07,3,13,3x3,0.36212389380530974
first session,p07,3,13,4x4,0.26300884955752213
first session,p07,3,14,1x3,0.7461946902654867
first session,p07,3,14,2x2,0.5288495575221239
first session,p07,3,14,3x3,0.32353982300884954
first session,p07,3,14,4x4,0.21734513274336284
first session,p07,3,15,1x3,0.7189380530973452
first session,p07,3,15,2x2,0.511858407079646
first session,p07,3,15,3x3,0.30619469026548674
first session,p07,3,15,4x4,0.20035398230088497
first session,p07,3,16,1x3,0.7401769911504424
first session,p07,3,16,2x2,0.5915044247787611
first session,p07,3,16,3x3,0.3741592920353982
first session,p07,3,16,4x4,0.21238938053097345
first session,p07,3,17,1x3,0.7401769911504424
first session,p07,3,17,2x2,0.5801769911504425
first session,p07,3,17,3x3,0.3723893805309734
first session,p07,3,17,4x4,0.21132743362831857
first session,p07,3,18,1x3,0.7766371681415929
first session,p07,3,18,2x2,0.6251327433628319
first session,p07,3,18,3x3,0.3929203539823009
first session,p07,3,18,4x4,0.23964601769911503
first session,p07,3,19,1x3,0.7876106194690266
first session,p07,3,19,2x2,0.6492035398230088
first session,p07,3,19,3x3,0.39469026548672564
first session,p07,3,19,4x4,0.23858407079646018
first session,p07,5,0,1x3,0.767787610619469
first session,p07,5,0,2x2,0.6541592920353982
first session,p07,5,0,3x3,0.4336283185840708
first session,p07,5,0,4x4,0.2952212389380531
first session,p07,5,1,1x3,0.7313274336283185
first session,p07,5,1,2x2,0.5529203539823009
first session,p07,5,1,3x3,0.3461946902654867
first session,p07,5,1,4x4,0.19964601769911505
first session,p07,5,2,1x3,0.7794690265486726
first session,p07,5,2,2x2,0.6605309734513274
first session,p07,5,2,3x3,0.44849557522123895
first session,p07,5,2,4x4,0.31610619469026546
first session,p07,5,3,1x3,0.7815929203539823
first session,p07,5,3,2x2,0.5649557522123894
first session,p07,5,3,3x3,0.3182300884955752
first session,p07,5,3,4x4,0.19716814159292034
first session,p07,5,4,1x3,0.7805309734513274
first session,p07,5,4,2x2,0.6591150442477877
first session,p07,5,4,3x3,0.4392920353982301
first session,p07,5,4,4x4,0.28460176991150443
first session,p07,5,5,1x3,0.6046017699115044
first session,p07,5,5,2x2,0.5688495575221238
first session,p07,5,5,3x3,0.30265486725663715
first session,p07,5,5,4x4,0.16460176991150444
first session,p07,5,6,1x3,0.7260176991150442
first session,p07,5,6,2x2,0.6276106194690265
first session,p07,5,6,3x3,0.4084955752212389
first session,p07,5,6,4x4,0.2669026548672566
first session,p07,5,7,1x3,0.7334513274336283
first session,p07,5,7,2x2,0.5122123893805309
first session,p07,5,7,3x3,0.32530973451327433
first session,p07,5,7,4x4,0.20106194690265486
first session,p07,5,8,1x3,0.791858407079646
first session,p07,5,8,2x2,0.671504424778761
first session,p07,5,8,3x3,0.42973451327433626
first session,p07,5,8,4x4,0.27539823008849557
first session,p07,5,9,1x3,0.7872566371681415
first session,p07,5,9,2x2,0.6707964601769911
first session,p07,5,9,3x3,0.43150442477876105
first session,p07,5,9,4x4,0.2927433628318584
first session,p07,5,10,1x3,0.7911504424778761
first session,p07,5,10,2x2,0.5854867256637168
first session,p07,5,10,3x3,0.35646017699115046
first session,p07,5,10,4x4,0.23964601769911503
first session,p07,5,11,1x3,0.7911504424778761
first session,p07,5,11,2x2,0.4438938053097345
first session,p07,5,11,3x3,0.3345132743362832
first session,p07,5,11,4x4,0.22336283185840708
first session,p07,5,12,1x3,0.7883185840707965
first session,p07,5,12,2x2,0.6576991150442478
first session,p07,5,12,3x3,0.43575221238938056
first session,p07,5,12,4x4,0.32353982300884954
first session,p07,5,13,1x3,0.7256637168141593
first session,p07,5,13,2x2,0.5847787610619469
first session,p07,5,13,3x3,0.3100884955752212
first session,p07,5,13,4x4,0.17557522123893804
first session,p07,5,14,1x3,0.735575221238938
first session,p07,5,14,2x2,0.6007079646017699
first session,p07,5,14,3x3,0.40353982300884955
first session,p07,5,14,4x4,0.26123893805309734
first session,p07,5,15,1x3,0.7946902654867256
first session,p07,5,15,2x2,0.6534513274336283
first session,p07,5,15,3x3,0.37026548672566373
first session,p07,5,15,4x4,0.2711504424778761
first session,p07,5,16,1x3,0.7787610619469026
first session,p07,5,16,2x2,0.6661946902654867
first session,p07,5,16,3x3,0.3008849557522124
first session,p07,5,16,4x4,0.20778761061946902
first session,p07,5,17,1x3,0.7430088495575221
first session,p07,5,17,2x2,0.5692035398230089
first session,p07,5,17,3x3,0.35858407079646015
first session,p07,5,17,4x4,0.2152212389380531
first session,p07,5,18,1x3,0.7631858407079646
first session,p07,5,18,2x2,0.6545132743362831
first session,p07,5,18,3x3,0.43787610619469025
first session,p07,5,18,4x4,0.30265486725663715
first session,p07,5,19,1x3,0.7854867256637168
first session,p07,5,19,2x2,0.624070796460177
first session,p07,5,19,3x3,0.36
first session,p07,5,19,4x4,0.23964601769911503
first session,p07,9,0,1x3,0.7819469026548672
first session,p07,9,0,2x2,0.6630088495575222
first session,p07,9,0,3x3,0.456283185840708
first session,p07,9,0,4x4,0.3175221238938053
first session,p07,9,1,1x3,0.7798230088495576
first session,p07,9,1,2x2,0.6580530973451327
first session,p07,9,1,3x3,0.4247787610619469
first session,p07,9,1,4x4,0.28920353982300884
first session,p07,9,2,1x3,0.7776991150442478
first session,p07,9,2,2x2,0.6276106194690265
first session,p07,9,2,3x3,0.4283185840707965
first session,p07,9,2,4x4,0.26548672566371684
first session,p07,9,3,1x3,0.783362831858407
first session,p07,9,3,2x2,0.6661946902654867
first session,p07,9,3,3x3,0.45734513274336286
first session,p07,9,3,4x4,0.31787610619469026
first session,p07,9,4,1x3,0.7808849557522124
first session,p07,9,4,2x2,0.6626548672566371
first session,p07,9,4,3x3,0.3660176991150442
first session,p07,9,4,4x4,0.23292035398230088
first session,p07,9,5,1x3,0.7883185840707965
first session,p07,9,5,2x2,0.664070796460177
first session,p07,9,5,3x3,0.4361061946902655
first session,p07,9,5,4x4,0.2785840707964602
first session,p07,9,6,1x3,0.7936283185840708
first session,p07,9,6,2x2,0.6739823008849557
first session,p07,9,6,3x3,0.4254867256637168
first session,p07,9,6,4x4,0.2930973451327434
first session,p07,9,7,1x3,0.7784070796460177
first session,p07,9,7,2x2,0.6116814159292036
first session,p07,9,7,3x3,0.30442477876106194
first session,p07,9,7,4x4,0.19079646017699115
first session,p07,9,8,1x3,0.7745132743362831
first session,p07,9,8,2x2,0.6329203539823008
first session,p07,9,8,3x3,0.3823008849557522
first session,p07,9,8,4x4,0.2343362831858407
first session,p07,9,9,1x3,0.791504424778761
first session,p07,9,9,2x2,0.656283185840708
first session,p07,9,9,3x3,0.37380530973451326
first session,p07,9,9,4x4,0.26902654867256637
first session,p07,9,10,1x3,0.7879646017699115
first session,p07,9,10,2x2,0.5716814159292035
first session,p07,9,10,3x3,0.3210619469026549
first session,p07,9,10,4x4,0.20141592920353982
first session,p07,9,11,1x3,0.7872566371681415
first session,p07,9,11,2x2,0.6651327433628319
first session,p07,9,11,3x3,0.43327433628318585
first session,p07,9,11,4x4,0.29451327433628316
first session,p07,9,12,1x3,0.7578761061946903
first session,p07,9,12,2x2,0.631858407079646
first session,p07,9,12,3x3,0.3058407079646018
first session,p07,9,12,4x4,0.19681415929203538
first session,p07,9,13,1x3,0.7939823008849558
first session,p07,9,13,2x2,0.6651327433628319
first session,p07,9,13,3x3,0.3886725663716814
first session,p07,9,13,4x4,0.24176991150442478
first session,p07,9,14,1x3,0.7826548672566371
first session,p07,9,14,2x2,0.6619469026548672
first session,p07,9,14,3x3,0.4021238938053097
first session,p07,9,14,4x4,0.25628318584070797
first session,p07,9,15,1x3,0.7936283185840708
first session,p07,9,15,2x2,0.6739823008849557
first session,p07,9,15,3x3,0.4046017699115044
first session,p07,9,15,4x4,0.2669026548672566
first session,p07,9,16,1x3,0.7727433628318584
first session,p07,9,16,2x2,0.6272566371681416
first session,p07,9,16,3x3,0.4084955752212389
first session,p07,9,16,4x4,0.24637168141592922
first session,p07,9,17,1x3,0.7769911504424779
first session,p07,9,17,2x2,0.5826548672566372
first session,p07,9,17,3x3,0.37486725663716813
first session,p07,9,17,4x4,0.2336283185840708
first session,p07,9,18,1x3,0.7900884955752212
first session,p07,9,18,2x2,0.6704424778761062
first session,p07,9,18,3x3,0.44353982300884953
first session,p07,9,18,4x4,0.312212389380531
first session,p07,9,19,1x3,0.7780530973451327
first session,p07,9,19,2x2,0.6456637168141592
first session,p07,9,19,3x3,0.3975221238938053
first session,p07,9,19,4x4,0.25203539823008847
first session,p07,16,0,1x3,0.784424778761062
first session,p07,16,0,2x2,0.6598230088495575
first session,p07,16,0,3x3,0.4102654867256637
first session,p07,16,0,4x4,0.25946902654867254
first session,p07,16,1,1x3,0.7780530973451327
first session,p07,16,1,2x2,0.6467256637168142
first session,p07,16,1,3x3,0.40991150442477875
first session,p07,16,1,4x4,0.2615929203539823
first session,p07,16,2,1x3,0.7791150442477877
first session,p07,16,2,2x2,0.6584070796460177
first session,p07,16,2,3x3,0.3911504424778761
first session,p07,16,2,4x4,0.2470796460176991
first session,p07,16,3,1x3,0.7776991150442478
first session,p07,16,3,2x2,0.6534513274336283
first session,p07,16,3,3x3,0.39079646017699116
first session,p07,16,3,4x4,0.2488495575221239
first session,p07,16,4,1x3,0.784424778761062
first session,p07,16,4,2x2,0.6598230088495575
first session,p07,16,4,3x3,0.4102654867256637
first session,p07,16,4,4x4,0.25946902654867254
first session,p07,16,5,1x3,0.7699115044247787
first session,p07,16,5,2x2,0.655929203539823
first session,p07,16,5,3x3,0.39327433628318587
first session,p07,16,5,4x4,0.24991150442477877
first session,p07,16,6,1x3,0.7872566371681415
first session,p07,16,6,2x2,0.6630088495575222
first session,p07,16,6,3x3,0.3929203539823009
first session,p07,16,6,4x4,0.2470796460176991
first session,p07,16,7,1x3,0.7815929203539823
first session,p07,16,7,2x2,0.6566371681415929
first session,p07,16,7,3x3,0.4084955752212389
first session,p07,16,7,4x4,0.2591150442477876
first session,p07,16,8,1x3,0.7869026548672566
first session,p07,16,8,2x2,0.6686725663716814
first session,p07,16,8,3x3,0.40601769911504426
first session,p07,16,8,4x4,0.264070796460177
first session,p07,16,9,1x3,0.775929203539823
first session,p07,16,9,2x2,0.6527433628318584
first session,p07,16,9,3x3,0.37805309734513276
first session,p07,16,9,4x4,0.23185840707964603
first session,p07,16,10,1x3,0.7727433628318584
first session,p07,16,10,2x2,0.6587610619469026
first session,p07,16,10,3x3,0.3968141592920354
first session,p07,16,10,4x4,0.255929203539823
first session,p07,16,11,1x3,0.7738053097345132
first session,p07,16,11,2x2,0.6545132743362831
first session,p07,16,11,3x3,0.384070796460177
first session,p07,16,11,4x4,0.23787610619469027
first session,p07,16,12,1x3,0.7776991150442478
first session,p07,16,12,2x2,0.6513274336283186
first session,p07,16,12,3x3,0.4
first session,p07,16,12,4x4,0.25628318584070797
first session,p07,16,13,1x3,0.7872566371681415
first session,p07,16,13,2x2,0.6672566371681415
first session,p07,16,13,3x3,0.42973451327433626
first session,p07,16,13,4x4,0.29699115044247787
first session,p07,16,14,1x3,0.7865486725663717
first session,p07,16,14,2x2,0.6630088495575222
first session,p07,16,14,3x3,0.39079646017699116
first session,p07,16,14,4x4,0.24849557522123894
first session,p07,16,15,1x3,0.7801769911504425
first session,p07,16,15,2x2,0.6591150442477877
first session,p07,16,15,3x3,0.40106194690265484
first session,p07,16,15,4x4,0.2552212389380531
first session,p07,16,16,1x3,0.7854867256637168
first session,p07,16,16,2x2,0.6669026548672566
first session,p07,16,16,3x3,0.4021238938053097
first session,p07,16,16,4x4,0.26017699115044246
first session,p07,16,17,1x3,0.7851327433628319
first session,p07,16,17,2x2,0.6651327433628319
first session,p07,16,17,3x3,0.39362831858407077
first session,p07,16,17,4x4,0.24672566371681415
first session,p07,16,18,1x3,0.7791150442477877
first session,p07,16,18,2x2,0.6410619469026548
first session,p07,16,18,3x3,0.39008849557522124
first session,p07,16,18,4x4,0.23964601769911503
first session,p07,16,19,1x3,0.7854867256637168
first session,p07,16,19,2x2,0.6608849557522124
first session,p07,16,19,3x3,0.41168141592920354
first session,p07,16,19,4x4,0.26017699115044246
random,p08,1,0,1x3,0.7751265365148229
random,p08,1,0,2x2,0.6923355025307303
random,p08,1,0,3x3,0.40997830802603036
random,p08,1,0,4x4,0.2823571945046999
random,p08,1,1,1x3,0.7718727404193781
random,p08,1,1,2x2,0.6753434562545192
random,p08,1,1,3x3,0.4226319595083153
random,p08,1,1,4x4,0.28705712219812
random,p08,1,2,1x3,0.6887201735357917
random,p08,1,2,2x2,0.6120751988430947
random,p08,1,2,3x3,0.34128705712219815
random,p08,1,2,4x4,0.21800433839479394
random,p08,1,3,1x3,0.7801879971077368
random,p08,1,3,2x2,0.6952277657266811
random,p08,1,3,3x3,0.4121475054229935
random,p08,1,3,4x4,0.28380332610267534
random,p08,1,4,1x3,0.7816341287057122
random,p08,1,4,2x2,0.6912509038322487
random,p08,1,4,3x3,0.4349240780911063
random,p08,1,4,4x4,0.2780187997107737
random,p08,1,5,1x3,0.725234996384671
random,p08,1,5,2x2,0.6384671005061461
random,p08,1,5,3x3,0.3626174981923355
random,p08,1,5,4x4,0.23969631236442515
random,p08,1,6,1x3,0.7581344902386117
random,p08,1,6,2x2,0.6619667389732465
random,p08,1,6,3x3,0.41865509761388287
random,p08,1,6,4x4,0.25668835864063627
random,p08,1,7,1x3,0.7552422270426609
random,p08,1,7,2x2,0.6587129428778019
random,p08,1,7,3x3,0.4175704989154013
random,p08,1,7,4x4,0.279826464208243
random,p08,1,8,1x3,0.7715112075198843
random,p08,1,8,2x2,0.43998553868402024
random,p08,1,8,3x3,0.28994938539407084
random,p08,1,8,4x4,0.20824295010845986
random,p08,1,9,1x3,0.7664497469269703
random,p08,1,9,2x2,0.6742588575560376
random,p08,1,9,3x3,0.3806941431670282
random,p08,1,9,4x4,0.2823571945046999
random,p08,1,10,1x3,0.7812725958062183
random,p08,1,10,2x2,0.5263919016630514
random,p08,1,10,3x3,0.36514822848879247
random,p08,1,10,4x4,0.2635574837310195
random,p08,1,11,1x3,0.7490961677512654
random,p08,1,11,2x2,0.6677512653651483
random,p08,1,11,3x3,0.406001446131598
random,p08,1,11,4x4,0.2660882140274765
random,p08,1,12,1x3,0.5849602313810557
random,p08,1,12,2x2,0.5303687635574837
random,p08,1,12,3x3,0.2932031814895155
random,p08,1,12,4x4,0.1710050614605929
random,p08,1,13,1x3,0.7816341287057122
random,p08,1,13,2x2,0.5629067245119306
random,p08,1,13,3x3,0.336587129428778
random,p08,1,13,4x4,0.24150397686189443
random,p08,1,14,1x3,0.7809110629067245
random,p08,1,14,2x2,0.44613159797541574
random,p08,1,14,3x3,0.27151120751988433
random,p08,1,14,4x4,0.2024584237165582
random,p08,1,15,1x3,0.663412870571222
random,p08,1,15,2x2,0.6214750542299349
random,p08,1,15,3x3,0.3673174258857556
random,p08,1,15,4x4,0.21764280549530007
random,p08,1,16,1x3,0.6926970354302241
random,p08,1,16,2x2,0.6283441793203182
random,p08,1,16,3x3,0.38792480115690525
random,p08,1,16,4x4,0.24222704266088213
random,p08,1,17,1x3,0.7603036876355749
random,p08,1,17,2x2,0.6775126536514823
random,p08,1,17,3x3,0.41793203181489513
random,p08,1,17,4x4,0.2480115690527838
random,p08,1,18,1x3,0.7664497469269703
random,p08,1,18,2x2,0.5314533622559653
random,p08,1,18,3x3,0.29537237888647866
random,p08,1,18,4x4,0.1977584960231381
random,p08,1,19,1x3,0.4342010122921186
random,p08,1,19,2x2,0.4374548083875633
random,p08,1,19,3x3,0.20535068691250905
random,p08,1,19,4x4,0.11749819233550253
random,p08,3,0,1x3,0.7590448625180898
random,p08,3,0,2x2,0.6212011577424024
random,p08,3,0,3x3,0.39688856729377714
random,p08,3,0,4x4,0.2771345875542692
random,p08,3,1,1x3,0.7796671490593343
random,p08,3,1,2x2,0.5437771345875543
random,p08,3,1,3x3,0.32091172214182345
random,p08,3,1,4x4,0.22141823444283648
random,p08,3,2,1x3,0.7789435600578871
random,p08,3,2,2x2,0.6414616497829233
random,p08,3,2,3x3,0.38096960926193923
random,p08,3,2,4x4,0.2941389290882779
random,p08,3,3,1x3,0.7749638205499276
random,p08,3,3,2x2,0.4808248914616498
random,p08,3,3,3x3,0.34406657018813314
random,p08,3,3,4x4,0.23769898697539799
random,p08,3,4,1x3,0.7785817655571635
random,p08,3,4,2x2,0.6432706222865412
random,p08,3,4,3x3,0.4106367583212735
random,p08,3,4,4x4,0.2894356005788712
random,p08,3,5,1x3,0.6729377713458755
random,p08,3,5,2x2,0.6226483357452967
random,p08,3,5,3x3,0.32742402315484803
random,p08,3,5,4x4,0.22069464544138928
random,p08,3,6,1x3,0.7717076700434153
random,p08,3,6,2x2,0.6573806078147613
random,p08,3,6,3x3,0.4193198263386397
random,p08,3,6,4x4,0.2789435600578871
random,p08,3,7,1x3,0.7818379160636758
random,p08,3,7,2x2,0.5709117221418234
random,p08,3,7,3x3,0.34479015918958034
random,p08,3,7,4x4,0.24782923299565845
random,p08,3,8,1x3,0.7720694645441389
random,p08,3,8,2x2,0.6392908827785818
random,p08,3,8,3x3,0.38060781476121563
random,p08,3,8,4x4,0.2890738060781476
random,p08,3,9,1x3,0.7717076700434153
random,p08,3,9,2x2,0.6895803183791607
random,p08,3,9,3x3,0.4034008683068017
random,p08,3,9,4x4,0.27460202604920403
random,p08,3,10,1x3,0.7731548480463097
random,p08,3,10,2x2,0.6544862518089725
random,p08,3,10,3x3,0.4240231548480463
random,p08,3,10,4x4,0.2945007235890014
random,p08,3,11,1x3,0.7793053545586107
random,p08,3,11,2x2,0.5955137481910275
random,p08,3,11,3x3,0.3668596237337192
random,p08,3,11,4x4,0.2698986975397974
random,p08,3,12,1x3,0.7793053545586107
random,p08,3,12,2x2,0.6935600578871202
random,p08,3,12,3x3,0.41027496382054995
random,p08,3,12,4x4,0.28762662807525324
random,p08,3,13,1x3,0.7612156295224313
random,p08,3,13,2x2,0.6834298118668596
random,p08,3,13,3x3,0.4109985528219971
random,p08,3,13,4x4,0.25615050651230103
random,p08,3,14,1x3,0.7785817655571635
random,p08,3,14,2x2,0.6798118668596237
random,p08,3,14,3x3,0.38531114327062227
random,p08,3,14,4x4,0.29196816208393633
random,p08,3,15,1x3,0.7807525325615051
random,p08,3,15,2x2,0.6374819102749638
random,p08,3,15,3x3,0.4015918958031838
random,p08,3,15,4x4,0.290520984081042
random,p08,3,16,1x3,0.7152677279305355
random,p08,3,16,2x2,0.46888567293777134
random,p08,3,16,3x3,0.3147612156295224
random,p08,3,16,4x4,0.20947901591895804
random,p08,3,17,1x3,0.7814761215629522
random,p08,3,17,2x2,0.6508683068017366
random,p08,3,17,3x3,0.3831403762662808
random,p08,3,17,4x4,0.2941389290882779
random,p08,3,18,1x3,0.7460202604920405
random,p08,3,18,2x2,0.6718523878437048
random,p08,3,18,3x3,0.39725036179450074
random,p08,3,18,4x4,0.2666425470332851
random,p08,3,19,1x3,0.742040520984081
random,p08,3,19,2x2,0.6400144717800289
random,p08,3,19,3x3,0.4015918958031838
random,p08,3,19,4x4,0.2398697539797395
random,p08,5,0,1x3,0.6361332367849385
random,p08,5,0,2x2,0.6393917451122375
random,p08,5,0,3x3,0.27443881245474294
random,p08,5,0,4x4,0.16545981173062999
random,p08,5,1,1x3,0.4826212889210717
random,p08,5,1,2x2,0.27299058653149894
random,p08,5,1,3x3,0.22157856625633598
random,p08,5,1,4x4,0.12671976828385229
random,p08,5,2,1x3,0.7726285300506879
random,p08,5,2,2x2,0.6886314265025344
random,p08,5,2,3x3,0.4522085445329471
random,p08,5,2,4x4,0.30666183924692253
random,p08,5,3,1x3,0.7722664735698769
random,p08,5,3,2x2,0.666545981173063
random,p08,5,3,3x3,0.43120926864590875
random,p08,5,3,4x4,0.30340333091962346
random,p08,5,4,1x3,0.7447501810282404
random,p08,5,4,2x2,0.666545981173063
random,p08,5,4,3x3,0.4370021723388849
random,p08,5,4,4x4,0.2979724837074584
random,p08,5,5,1x3,0.7657494569152787
random,p08,5,5,2x2,0.6144098479362781
random,p08,5,5,3x3,0.36350470673425056
random,p08,5,5,4x4,0.2653874004344678
random,p08,5,6,1x3,0.6868211440984794
random,p08,5,6,2x2,0.6502534395365677
random,p08,5,6,3x3,0.4210716871832006
random,p08,5,6,4x4,0.2505430847212165
random,p08,5,7,1x3,0.775887038377987
random,p08,5,7,2x2,0.6908037653874004
random,p08,5,7,3x3,0.4500362056480811
random,p08,5,7,4x4,0.30123099203475745
random,p08,5,8,1x3,0.7509051412020276
random,p08,5,8,2x2,0.6723388848660391
random,p08,5,8,3x3,0.43157132512671975
random,p08,5,8,4x4,0.2646632874728458
random,p08,5,9,1x3,0.777335264301231
random,p08,5,9,2x2,0.6401158580738595
random,p08,5,9,3x3,0.3779869659666908
random,p08,5,9,4x4,0.28819695872556117
random,p08,5,10,1x3,0.7338884866039103
random,p08,5,10,2x2,0.66545981173063
random,p08,5,10,3x3,0.4388124547429399
random,p08,5,10,4x4,0.3149891383055757
random,p08,5,11,1x3,0.7328023171614771
random,p08,5,11,2x2,0.6524257784214338
random,p08,5,11,3x3,0.27624909485879795
random,p08,5,11,4x4,0.20238957277335265
random,p08,5,12,1x3,0.7700941346850109
random,p08,5,12,2x2,0.6969587255611875
random,p08,5,12,3x3,0.4496741491672701
random,p08,5,12,4x4,0.2986965966690804
random,p08,5,13,1x3,0.7480086893555394
random,p08,5,13,2x2,0.6745112237509051
random,p08,5,13,3x3,0.4239681390296886
random,p08,5,13,4x4,0.2824040550325851
random,p08,5,14,1x3,0.717958001448226
random,p08,5,14,2x2,0.49384503982621286
random,p08,5,14,3x3,0.3573497465604634
random,p08,5,14,4x4,0.19587255611875454
random,p08,5,15,1x3,0.776611151339609
random,p08,5,15,2x2,0.6893555394641564
random,p08,5,15,3x3,0.4525706010137581
random,p08,5,15,4x4,0.33091962346125997
random,p08,5,16,1x3,0.7291817523533671
random,p08,5,16,2x2,0.6596669080376538
random,p08,5,16,3x3,0.30267921795800146
random,p08,5,16,4x4,0.20094134685010862
random,p08,5,17,1x3,0.7856625633598842
random,p08,5,17,2x2,0.6824764663287473
random,p08,5,17,3x3,0.44351918899348297
random,p08,5,17,4x4,0.3055756698044895
random,p08,5,18,1x3,0.780955829109341
random,p08,5,18,2x2,0.6900796524257784
random,p08,5,18,3x3,0.40839971035481537
random,p08,5,18,4x4,0.28964518464880523
random,p08,5,19,1x3,0.776611151339609
random,p08,5,19,2x2,0.6383055756698045
random,p08,5,19,3x3,0.2994207096307024
random,p08,5,19,4x4,0.20709630702389573
random,p08,9,0,1x3,0.7878897751994198
random,p08,9,0,2x2,0.6635242929659173
random,p08,9,0,3x3,0.4289340101522843
random,p08,9,0,4x4,0.29477882523567805
random,p08,9,1,1x3,0.7824510514865844
random,p08,9,1,2x2,0.6856417693981146
random,p08,9,1,3x3,0.46337926033357507
random,p08,9,1,4x4,0.3321247280638144
random,p08,9,2,1x3,0.7625090645395214
random,p08,9,2,2x2,0.6758520667150109
random,p08,9,2,3x3,0.46410442349528647
random,p08,9,2,4x4,0.31145757795503987
random,p08,9,3,1x3,0.7762871646120377
random,p08,9,3,2x2,0.6831036983321247
random,p08,9,3,3x3,0.4521392313270486
random,p08,9,3,4x4,0.3132704858593183
random,p08,9,4,1x3,0.7690355329949239
random,p08,9,4,2x2,0.6928934010152284
random,p08,9,4,3x3,0.43292240754169686
random,p08,9,4,4x4,0.27773749093546046
random,p08,9,5,1x3,0.7813633067440174
random,p08,9,5,2x2,0.6925308194343728
random,p08,9,5,3x3,0.4709934735315446
random,p08,9,5,4x4,0.34517766497461927
random,p08,9,6,1x3,0.7820884699057288
random,p08,9,6,2x2,0.6925308194343728
random,p08,9,6,3x3,0.35496736765772297
random,p08,9,6,4x4,0.2722987672226251
random,p08,9,7,1x3,0.7802755620014503
random,p08,9,7,2x2,0.6631617113850616
random,p08,9,7,3x3,0.3788977519941987
random,p08,9,7,4x4,0.2828136330674402
random,p08,9,8,1x3,0.7791878172588832
random,p08,9,8,2x2,0.6892675852066715
random,p08,9,8,3x3,0.44851341551849166
random,p08,9,8,4x4,0.31363306744017405
random,p08,9,9,1x3,0.7784626540971719
random,p08,9,9,2x2,0.6852791878172588
random,p08,9,9,3x3,0.4311094996374184
random,p08,9,9,4x4,0.30021754894851344
random,p08,9,10,1x3,0.7842639593908629
random,p08,9,10,2x2,0.6841914430746918
random,p08,9,10,3x3,0.40065264684554025
random,p08,9,10,4x4,0.25453226976069615
random,p08,9,11,1x3,0.7802755620014503
random,p08,9,11,2x2,0.6548223350253807
random,p08,9,11,3x3,0.4176939811457578
random,p08,9,11,4x4,0.3005801305293691
random,p08,9,12,1x3,0.7820884699057288
random,p08,9,12,2x2,0.69108049311095
random,p08,9,12,3x3,0.4535895576504714
random,p08,9,12,4x4,0.30710659898477155
random,p08,9,13,1x3,0.7846265409717187
random,p08,9,13,2x2,0.6932559825960841
random,p08,9,13,3x3,0.44488759970993474
random,p08,9,13,4x4,0.29876722262509064
random,p08,9,14,1x3,0.7802755620014503
random,p08,9,14,2x2,0.6867295141406816
random,p08,9,14,3x3,0.430384336475707
random,p08,9,14,4x4,0.29804205946337925
random,p08,9,15,1x3,0.7759245830311821
random,p08,9,15,2x2,0.6870920957215374
random,p08,9,15,3x3,0.4137055837563452
random,p08,9,15,4x4,0.2907904278462654
random,p08,9,16,1x3,0.7596084118926758
random,p08,9,16,2x2,0.6022480058013053
random,p08,9,16,3x3,0.3701957940536621
random,p08,9,16,4x4,0.23567802755620015
random,p08,9,17,1x3,0.7813633067440174
random,p08,9,17,2x2,0.692168237853517
random,p08,9,17,3x3,0.46229151559100795
random,p08,9,17,4x4,0.3433647570703408
random,p08,9,18,1x3,0.7266134880348079
random,p08,9,18,2x2,0.6559100797679478
random,p08,9,18,3x3,0.4039158810732415
random,p08,9,18,4x4,0.2519941986947063
random,p08,9,19,1x3,0.7828136330674402
random,p08,9,19,2x2,0.4815083393763597
random,p08,9,19,3x3,0.37817258883248733
random,p08,9,19,4x4,0.22951414068165338
random,p08,16,0,1x3,0.782260996001454
random,p08,16,0,2x2,0.6910214467466376
random,p08,16,0,3x3,0.4114867320974191
random,p08,16,0,4x4,0.28934932751726644
random,p08,16,1,1x3,0.7797164667393675
random,p08,16,1,2x2,0.6921119592875318
random,p08,16,1,3x3,0.4071246819338422
random,p08,16,1,4x4,0.28098873137041075
random,p08,16,2,1x3,0.7753544165757906
random,p08,16,2,2x2,0.658669574700109
random,p08,16,2,3x3,0.4351145038167939
random,p08,16,2,4x4,0.30861504907306436
random,p08,16,3,1x3,0.7582697201017812
random,p08,16,3,2x2,0.6506724827335514
random,p08,16,3,3x3,0.37295528898582336
random,p08,16,3,4x4,0.22355507088331517
random,p08,16,4,1x3,0.7728098873137041
random,p08,16,4,2x2,0.539440203562341
random,p08,16,4,3x3,0.35914213013449653
random,p08,16,4,4x4,0.18938567793529626
random,p08,16,5,1x3,0.7699018538713195
random,p08,16,5,2x2,0.6786623046165031
random,p08,16,5,3x3,0.4420210832424573
random,p08,16,5,4x4,0.2802617230098146
random,p08,16,6,1x3,0.7811704834605598
random,p08,16,6,2x2,0.6822973464194838
random,p08,16,6,3x3,0.39476553980370777
random,p08,16,6,4x4,0.2980734278444202
random,p08,16,7,1x3,0.7219193020719739
random,p08,16,7,2x2,0.6059614685568884
random,p08,16,7,3x3,0.3787713558705925
random,p08,16,7,4x4,0.22791712104689205
random,p08,16,8,1x3,0.7669938204289349
random,p08,16,8,2x2,0.6706652126499455
random,p08,16,8,3x3,0.45219920029080335
random,p08,16,8,4x4,0.3300617957106507
random,p08,16,9,1x3,0.7586332242820792
random,p08,16,9,2x2,0.6775717920756089
random,p08,16,9,3x3,0.4496546710287168
random,p08,16,9,4x4,0.2733551435841512
random,p08,16,10,1x3,0.7837150127226463
random,p08,16,10,2x2,0.6964740094511087
random,p08,16,10,3x3,0.42348237004725553
random,p08,16,10,4x4,0.2886223191566703
random,p08,16,11,1x3,0.781897491821156
random,p08,16,11,2x2,0.6957470010905126
random,p08,16,11,3x3,0.43293347873500543
random,p08,16,11,4x4,0.29480189022173753
random,p08,16,12,1x3,0.7778989458378771
random,p08,16,12,2x2,0.6888404216648492
random,p08,16,12,3x3,0.455470737913486
random,p08,16,12,4x4,0.3158851326790258
random,p08,16,13,1x3,0.7640857869865504
random,p08,16,13,2x2,0.6753907669938204
random,p08,16,13,3x3,0.44093057070156305
random,p08,16,13,4x4,0.30679752817157396
random,p08,16,14,1x3,0.7691748455107233
random,p08,16,14,2x2,0.6474009451108688
random,p08,16,14,3x3,0.4114867320974191
random,p08,16,14,4x4,0.2668120683387859
random,p08,16,15,1x3,0.7430025445292621
random,p08,16,15,2x2,0.6873864049436569
random,p08,16,15,3x3,0.31006906579425664
random,p08,16,15,4x4,0.19665576154125772
random,p08,16,16,1x3,0.7793529625590694
random,p08,16,16,2x2,0.693202471828426
random,p08,16,16,3x3,0.4431115957833515
random,p08,16,16,4x4,0.2998909487459106
random,p08,16,17,1x3,0.7764449291166848
random,p08,16,17,2x2,0.6950199927299164
random,p08,16,17,3x3,0.44820065430752454
random,p08,16,17,4x4,0.3038894947291894
random,p08,16,18,1x3,0.7837150127226463
random,p08,16,18,2x2,0.6855688840421665
random,p08,16,18,3x3,0.3685932388222465
random,p08,16,18,4x4,0.27699018538713194
random,p08,16,19,1x3,0.7811704834605598
random,p08,16,19,2x2,0.6543075245365322
random,p08,16,19,3x3,0.4143947655398037
random,p08,16,19,4x4,0.26862958924027625
first session,p08,1,0,1x3,0.6956521739130435
first session,p08,1,0,2x2,0.4420289855072464
first session,p08,1,0,3x3,0.29818840579710143
first session,p08,1,0,4x4,0.1956521739130435
first session,p08,1,1,1x3,0.7539855072463768
first session,p08,1,1,2x2,0.6467391304347826
first session,p08,1,1,3x3,0.40869565217391307
first session,p08,1,1,4x4,0.24746376811594203
first session,p08,1,2,1x3,0.7648550724637682
first session,p08,1,2,2x2,0.6815217391304348
first session,p08,1,2,3x3,0.39420289855072466
first session,p08,1,2,4x4,0.263768115942029
first session,p08,1,3,1x3,0.7648550724637682
first session,p08,1,3,2x2,0.6815217391304348
first session,p08,1,3,3x3,0.39420289855072466
first session,p08,1,3,4x4,0.263768115942029
first session,p08,1,4,1x3,0.7539855072463768
first session,p08,1,4,2x2,0.6467391304347826
first session,p08,1,4,3x3,0.40869565217391307
first session,p08,1,4,4x4,0.24746376811594203
first session,p08,1,5,1x3,0.7648550724637682
first session,p08,1,5,2x2,0.6815217391304348
first session,p08,1,5,3x3,0.39420289855072466
first session,p08,1,5,4x4,0.263768115942029
first session,p08,1,6,1x3,0.6956521739130435
first session,p08,1,6,2x2,0.4420289855072464
first session,p08,1,6,3x3,0.29818840579710143
first session,p08,1,6,4x4,0.1956521739130435
first session,p08,1,7,1x3,0.6956521739130435
first session,p08,1,7,2x2,0.5920289855072464
first session,p08,1,7,3x3,0.3565217391304348
first session,p08,1,7,4x4,0.23442028985507246
first session,p08,1,8,1x3,0.7539855072463768
first session,p08,1,8,2x2,0.6467391304347826
first session,p08,1,8,3x3,0.40869565217391307
first session,p08,1,8,4x4,0.24746376811594203
first session,p08,1,9,1x3,0.7634057971014493
first session,p08,1,9,2x2,0.5721014492753623
first session,p08,1,9,3x3,0.358695652173913
first session,p08,1,9,4x4,0.24963768115942028
first session,p08,1,10,1x3,0.6807971014492754
first session,p08,1,10,2x2,0.6054347826086957
first session,p08,1,10,3x3,0.3681159420289855
first session,p08,1,10,4x4,0.2358695652173913
first session,p08,1,11,1x3,0.7695652173913043
first session,p08,1,11,2x2,0.47608695652173916
first session,p08,1,11,3x3,0.3481884057971015
first session,p08,1,11,4x4,0.2398550724637681
first session,p08,1,12,1x3,0.7695652173913043
first session,p08,1,12,2x2,0.47608695652173916
first session,p08,1,12,3x3,0.3481884057971015
first session,p08,1,12,4x4,0.2398550724637681
first session,p08,1,13,1x3,0.6956521739130435
first session,p08,1,13,2x2,0.5920289855072464
first session,p08,1,13,3x3,0.3565217391304348
first session,p08,1,13,4x4,0.23442028985507246
first session,p08,1,14,1x3,0.7539855072463768
first session,p08,1,14,2x2,0.6467391304347826
first session,p08,1,14,3x3,0.40869565217391307
first session,p08,1,14,4x4,0.24746376811594203
first session,p08,1,15,1x3,0.7634057971014493
first session,p08,1,15,2x2,0.5721014492753623
first session,p08,1,15,3x3,0.358695652173913
first session,p08,1,15,4x4,0.24963768115942028
first session,p08,1,16,1x3,0.6807971014492754
first session,p08,1,16,2x2,0.6054347826086957
first session,p08,1,16,3x3,0.3681159420289855
first session,p08,1,16,4x4,0.2358695652173913
first session,p08,1,17,1x3,0.7634057971014493
first session,p08,1,17,2x2,0.5721014492753623
first session,p08,1,17,3x3,0.358695652173913
first session,p08,1,17,4x4,0.24963768115942028
first session,p08,1,18,1x3,0.6807971014492754
first session,p08,1,18,2x2,0.6054347826086957
first session,p08,1,18,3x3,0.3681159420289855
first session,p08,1,18,4x4,0.2358695652173913
first session,p08,1,19,1x3,0.6807971014492754
first session,p08,1,19,2x2,0.6054347826086957
first session,p08,1,19,3x3,0.3681159420289855
first session,p08,1,19,4x4,0.2358695652173913
first session,p08,3,0,1x3,0.7170289855072464
first session,p08,3,0,2x2,0.6557971014492754
first session,p08,3,0,3x3,0.3978260869565217
first session,p08,3,0,4x4,0.25471014492753624
first session,p08,3,1,1x3,0.7170289855072464
first session,p08,3,1,2x2,0.5945652173913043
first session,p08,3,1,3x3,0.3630434782608696
first session,p08,3,1,4x4,0.24057971014492754
first session,p08,3,2,1x3,0.7601449275362319
first session,p08,3,2,2x2,0.672463768115942
first session,p08,3,2,3x3,0.38115942028985506
first session,p08,3,2,4x4,0.2768115942028985
first session,p08,3,3,1x3,0.7666666666666667
first session,p08,3,3,2x2,0.683695652173913
first session,p08,3,3,3x3,0.4032608695652174
first session,p08,3,3,4x4,0.2807971014492754
first session,p08,3,4,1x3,0.7666666666666667
first session,p08,3,4,2x2,0.683695652173913
first session,p08,3,4,3x3,0.4032608695652174
first session,p08,3,4,4x4,0.2807971014492754
first session,p08,3,5,1x3,0.7822463768115943
first session,p08,3,5,2x2,0.6923913043478261
first session,p08,3,5,3x3,0.4126811594202899
first session,p08,3,5,4x4,0.28405797101449276
first session,p08,3,6,1x3,0.7760869565217391
first session,p08,3,6,2x2,0.6521739130434783
first session,p08,3,6,3x3,0.42427536231884055
first session,p08,3,6,4x4,0.29347826086956524
first session,p08,3,7,1x3,0.7793478260869565
first session,p08,3,7,2x2,0.6826086956521739
first session,p08,3,7,3x3,0.43623188405797103
first session,p08,3,7,4x4,0.29456521739130437
first session,p08,3,8,1x3,0.7684782608695652
first session,p08,3,8,2x2,0.6826086956521739
first session,p08,3,8,3x3,0.4144927536231884
first session,p08,3,8,4x4,0.28007246376811595
first session,p08,3,9,1x3,0.7789855072463768
first session,p08,3,9,2x2,0.6268115942028986
first session,p08,3,9,3x3,0.37572463768115943
first session,p08,3,9,4x4,0.29094202898550725
first session,p08,3,10,1x3,0.6916666666666667
first session,p08,3,10,2x2,0.6452898550724637
first session,p08,3,10,3x3,0.38333333333333336
first session,p08,3,10,4x4,0.23876811594202899
first session,p08,3,11,1x3,0.7800724637681159
first session,p08,3,11,2x2,0.630072463768116
first session,p08,3,11,3x3,0.39746376811594203
first session,p08,3,11,4x4,0.29057971014492756
first session,p08,3,12,1x3,0.777536231884058
first session,p08,3,12,2x2,0.6543478260869565
first session,p08,3,12,3x3,0.4246376811594203
first session,p08,3,12,4x4,0.29927536231884055
first session,p08,3,13,1x3,0.7822463768115943
first session,p08,3,13,2x2,0.6923913043478261
first session,p08,3,13,3x3,0.4126811594202899
first session,p08,3,13,4x4,0.28405797101449276
first session,p08,3,14,1x3,0.7800724637681159
first session,p08,3,14,2x2,0.630072463768116
first session,p08,3,14,3x3,0.39746376811594203
first session,p08,3,14,4x4,0.29057971014492756
first session,p08,3,15,1x3,0.7789855072463768
first session,p08,3,15,2x2,0.6355072463768116
first session,p08,3,15,3x3,0.4083333333333333
first session,p08,3,15,4x4,0.29347826086956524
first session,p08,3,16,1x3,0.7793478260869565
first session,p08,3,16,2x2,0.6949275362318841
first session,p08,3,16,3x3,0.4181159420289855
first session,p08,3,16,4x4,0.2833333333333333
first session,p08,3,17,1x3,0.7666666666666667
first session,p08,3,17,2x2,0.6376811594202898
first session,p08,3,17,3x3,0.4108695652173913
first session,p08,3,17,4x4,0.28731884057971013
first session,p08,3,18,1x3,0.7800724637681159
first session,p08,3,18,2x2,0.678623188405797
first session,p08,3,18,3x3,0.43079710144927535
first session,p08,3,18,4x4,0.2942028985507246
first session,p08,3,19,1x3,0.7797101449275362
first session,p08,3,19,2x2,0.6920289855072463
first session,p08,3,19,3x3,0.3996376811594203
first session,p08,3,19,4x4,0.28731884057971013
first session,p08,5,0,1x3,0.7713768115942029
first session,p08,5,0,2x2,0.6818840579710145
first session,p08,5,0,3x3,0.46702898550724636
first session,p08,5,0,4x4,0.3427536231884058
first session,p08,5,1,1x3,0.7757246376811594
first session,p08,5,1,2x2,0.6681159420289855
first session,p08,5,1,3x3,0.4380434782608696
first session,p08,5,1,4x4,0.31630434782608696
first session,p08,5,2,1x3,0.725
first session,p08,5,2,2x2,0.6557971014492754
first session,p08,5,2,3x3,0.4369565217391304
first session,p08,5,2,4x4,0.3068840579710145
first session,p08,5,3,1x3,0.7757246376811594
first session,p08,5,3,2x2,0.6681159420289855
first session,p08,5,3,3x3,0.4380434782608696
first session,p08,5,3,4x4,0.31630434782608696
first session,p08,5,4,1x3,0.755072463768116
first session,p08,5,4,2x2,0.6978260869565217
first session,p08,5,4,3x3,0.4532608695652174
first session,p08,5,4,4x4,0.27898550724637683
first session,p08,5,5,1x3,0.7644927536231884
first session,p08,5,5,2x2,0.6873188405797102
first session,p08,5,5,3x3,0.4514492753623188
first session,p08,5,5,4x4,0.2826086956521739
first session,p08,5,6,1x3,0.7771739130434783
first session,p08,5,6,2x2,0.6898550724637681
first session,p08,5,6,3x3,0.4608695652173913
first session,p08,5,6,4x4,0.32318840579710145
first session,p08,5,7,1x3,0.7757246376811594
first session,p08,5,7,2x2,0.6797101449275362
first session,p08,5,7,3x3,0.4568840579710145
first session,p08,5,7,4x4,0.32681159420289857
first session,p08,5,8,1x3,0.7684782608695652
first session,p08,5,8,2x2,0.6934782608695652
first session,p08,5,8,3x3,0.4648550724637681
first session,p08,5,8,4x4,0.29818840579710143
first session,p08,5,9,1x3,0.6304347826086957
first session,p08,5,9,2x2,0.6496376811594203
first session,p08,5,9,3x3,0.36340579710144927
first session,p08,5,9,4x4,0.21159420289855072
first session,p08,5,10,1x3,0.7771739130434783
first session,p08,5,10,2x2,0.6898550724637681
first session,p08,5,10,3x3,0.4608695652173913
first session,p08,5,10,4x4,0.32318840579710145
first session,p08,5,11,1x3,0.7797101449275362
first session,p08,5,11,2x2,0.6938405797101449
first session,p08,5,11,3x3,0.46630434782608693
first session,p08,5,11,4x4,0.32463768115942027
first session,p08,5,12,1x3,0.738768115942029
first session,p08,5,12,2x2,0.6692028985507247
first session,p08,5,12,3x3,0.44565217391304346
first session,p08,5,12,4x4,0.322463768115942
first session,p08,5,13,1x3,0.7713768115942029
first session,p08,5,13,2x2,0.6818840579710145
first session,p08,5,13,3x3,0.46702898550724636
first session,p08,5,13,4x4,0.3427536231884058
first session,p08,5,14,1x3,0.7797101449275362
first session,p08,5,14,2x2,0.6938405797101449
first session,p08,5,14,3x3,0.46630434782608693
first session,p08,5,14,4x4,0.32463768115942027
first session,p08,5,15,1x3,0.7797101449275362
first session,p08,5,15,2x2,0.6844202898550724
first session,p08,5,15,3x3,0.4608695652173913
first session,p08,5,15,4x4,0.322463768115942
first session,p08,5,16,1x3,0.725
first session,p08,5,16,2x2,0.6557971014492754
first session,p08,5,16,3x3,0.4369565217391304
first session,p08,5,16,4x4,0.3068840579710145
first session,p08,5,17,1x3,0.7797101449275362
first session,p08,5,17,2x2,0.6844202898550724
first session,p08,5,17,3x3,0.4608695652173913
first session,p08,5,17,4x4,0.322463768115942
first session,p08,5,18,1x3,0.7793478260869565
first session,p08,5,18,2x2,0.6822463768115942
first session,p08,5,18,3x3,0.45543478260869563
first session,p08,5,18,4x4,0.32717391304347826
first session,p08,5,19,1x3,0.775
first session,p08,5,19,2x2,0.6858695652173913
first session,p08,5,19,3x3,0.463768115942029
first session,p08,5,19,4x4,0.33043478260869563
random,p09,1,0,1x3,0.37159676232523914
random,p09,1,0,2x2,0.36534216335540837
random,p09,1,0,3x3,0.159308314937454
random,p09,1,0,4x4,0.08535688005886681
random,p09,1,1,1x3,0.5283296541574687
random,p09,1,1,2x2,0.4610007358351729
random,p09,1,1,3x3,0.22111846946284033
random,p09,1,1,4x4,0.12141280353200883
random,p09,1,2,1x3,0.7240618101545254
random,p09,1,2,2x2,0.48859455481972036
random,p09,1,2,3x3,0.2899190581309787
random,p09,1,2,4x4,0.17549668874172186
random,p09,1,3,1x3,0.7810890360559235
random,p09,1,3,2x2,0.5573951434878587
random,p09,1,3,3x3,0.3329654157468727
random,p09,1,3,4x4,0.2431935246504783
random,p09,1,4,1x3,0.3855776306107432
random,p09,1,4,2x2,0.3200883002207506
random,p09,1,4,3x3,0.14495952906548934
random,p09,1,4,4x4,0.08278145695364239
random,p09,1,5,1x3,0.7869757174392936
random,p09,1,5,2x2,0.6556291390728477
random,p09,1,5,3x3,0.40544518027961735
random,p09,1,5,4x4,0.2814569536423841
random,p09,1,6,1x3,0.6817512877115526
random,p09,1,6,2x2,0.6409124356144223
random,p09,1,6,3x3,0.3756438557763061
random,p09,1,6,4x4,0.23031640912435614
random,p09,1,7,1x3,0.7656364974245768
random,p09,1,7,2x2,0.6530537159676233
random,p09,1,7,3x3,0.40286975717439294
random,p09,1,7,4x4,0.264532744665195
random,p09,1,8,1x3,0.7590139808682855
random,p09,1,8,2x2,0.5088300220750552
random,p09,1,8,3x3,0.32192788815305373
random,p09,1,8,4x4,0.217439293598234
random,p09,1,9,1x3,0.7810890360559235
random,p09,1,9,2x2,0.45364238410596025
random,p09,1,9,3x3,0.257542310522443
random,p09,1,9,4x4,0.15636497424576895
random,p09,1,10,1x3,0.7844002943340692
random,p09,1,10,2x2,0.48859455481972036
random,p09,1,10,3x3,0.3153053715967623
random,p09,1,10,4x4,0.2229580573951435
random,p09,1,11,1x3,0.7082413539367182
random,p09,1,11,2x2,0.4624724061810154
random,p09,1,11,3x3,0.2888153053715968
random,p09,1,11,4x4,0.17954378219278883
random,p09,1,12,1x3,0.702354672553348
random,p09,1,12,2x2,0.6548933038999264
random,p09,1,12,3x3,0.3922001471670346
random,p09,1,12,4x4,0.24613686534216336
random,p09,1,13,1x3,0.7398822663723326
random,p09,1,13,2x2,0.6199411331861663
random,p09,1,13,3x3,0.3440029433406917
random,p09,1,13,4x4,0.2409860191317145
random,p09,1,14,1x3,0.7774098601913172
random,p09,1,14,2x2,0.6824871228844739
random,p09,1,14,3x3,0.43083149374540103
random,p09,1,14,4x4,0.29911699779249445
random,p09,1,15,1x3,0.43671817512877115
random,p09,1,15,2x2,0.5103016924208977
random,p09,1,15,3x3,0.23509933774834438
random,p09,1,15,4x4,0.1390728476821192
random,p09,1,16,1x3,0.7303164091243561
random,p09,1,16,2x2,0.5952906548933039
random,p09,1,16,3x3,0.32781456953642385
random,p09,1,16,4x4,0.22626931567328917
random,p09,1,17,1x3,0.7877115526122148
random,p09,1,17,2x2,0.5036791758646063
random,p09,1,17,3x3,0.3094186902133922
random,p09,1,17,4x4,0.1997792494481236
random,p09,1,18,1x3,0.7855040470934511
random,p09,1,18,2x2,0.45364238410596025
random,p09,1,18,3x3,0.29764532744665195
random,p09,1,18,4x4,0.21155261221486388
random,p09,1,19,1x3,0.7796173657100809
random,p09,1,19,2x2,0.5051508462104488
random,p09,1,19,3x3,0.3200883002207506
random,p09,1,19,4x4,0.19757174392935983
random,p09,3,0,1x3,0.7820324005891016
random,p09,3,0,2x2,0.6811487481590575
random,p09,3,0,3x3,0.43004418262150224
random,p09,3,0,4x4,0.29933726067746685
random,p09,3,1,1x3,0.5964653902798233
random,p09,3,1,2x2,0.6237113402061856
random,p09,3,1,3x3,0.3269513991163476
random,p09,3,1,4x4,0.1947717231222386
random,p09,3,2,1x3,0.49337260677466865
random,p09,3,2,2x2,0.5699558173784978
random,p09,3,2,3x3,0.2713549337260677
random,p09,3,2,4x4,0.13622974963181148
random,p09,3,3,1x3,0.7864506627393225
random,p09,3,3,2x2,0.6693667157584683
random,p09,3,3,3x3,0.41568483063328426
random,p09,3,3,4x4,0.29086892488954347
random,p09,3,4,1x3,0.7746686303387335
random,p09,3,4,2x2,0.5246686303387335
random,p09,3,4,3x3,0.32179675994108986
random,p09,3,4,4x4,0.19955817378497792
random,p09,3,5,1x3,0.7893961708394698
random,p09,3,5,2x2,0.6697349042709867
random,p09,3,5,3x3,0.42341678939617083
random,p09,3,5,4x4,0.2857142857142857
random,p09,3,6,1x3,0.6586892488954345
random,p09,3,6,2x2,0.47569955817378495
random,p09,3,6,3x3,0.27945508100147276
random,p09,3,6,4x4,0.17268041237113402
random,p09,3,7,1x3,0.7893961708394698
random,p09,3,7,2x2,0.6189248895434463
random,p09,3,7,3x3,0.3906480117820324
random,p09,3,7,4x4,0.24815905743740796
random,p09,3,8,1x3,0.7717231222385862
random,p09,3,8,2x2,0.5957290132547864
random,p09,3,8,3x3,0.33726067746686306
random,p09,3,8,4x4,0.24779086892488955
random,p09,3,9,1x3,0.7853460972017673
random,p09,3,9,2x2,0.678939617083947
random,p09,3,9,3x3,0.42930780559646536
random,p09,3,9,4x4,0.29381443298969073
random,p09,3,10,1x3,0.7882916053019146
random,p09,3,10,2x2,0.6796759941089838
random,p09,3,10,3x3,0.42967599410898377
random,p09,3,10,4x4,0.2963917525773196
random,p09,3,11,1x3,0.7853460972017673
random,p09,3,11,2x2,0.6800441826215022
random,p09,3,11,3x3,0.42488954344624447
random,p09,3,11,4x4,0.2978645066273932
random,p09,3,12,1x3,0.7801914580265096
random,p09,3,12,2x2,0.5983063328424153
random,p09,3,12,3x3,0.3486745213549337
random,p09,3,12,4x4,0.25957290132547867
random,p09,3,13,1x3,0.7485272459499264
random,p09,3,13,2x2,0.6671575846833578
random,p09,3,13,3x3,0.39322533136966126
random,p09,3,13,4x4,0.25957290132547867
random,p09,3,14,1x3,0.7588365243004418
random,p09,3,14,2x2,0.6829896907216495
random,p09,3,14,3x3,0.42488954344624447
random,p09,3,14,4x4,0.27871870397643594
random,p09,3,15,1x3,0.7875552282768777
random,p09,3,15,2x2,0.6855670103092784
random,p09,3,15,3x3,0.43446244477172313
random,p09,3,15,4x4,0.2956553755522828
random,p09,3,16,1x3,0.75
random,p09,3,16,2x2,0.6752577319587629
random,p09,3,16,3x3,0.41273932253313694
random,p09,3,16,4x4,0.27319587628865977
random,p09,3,17,1x3,0.7754050073637703
random,p09,3,17,2x2,0.634020618556701
random,p09,3,17,3x3,0.3692930780559647
random,p09,3,17,4x4,0.26840942562592046
random,p09,3,18,1x3,0.7890279823269514
random,p09,3,18,2x2,0.6918262150220913
random,p09,3,18,3x3,0.45581737849779086
random,p09,3,18,4x4,0.2956553755522828
random,p09,3,19,1x3,0.7754050073637703
random,p09,3,19,2x2,0.6369661266568483
random,p09,3,19,3x3,0.3910162002945508
random,p09,3,19,4x4,0.26288659793814434
random,p09,5,0,1x3,0.7759764185703758
random,p09,5,0,2x2,0.582903463522476
random,p09,5,0,3x3,0.35151068533529845
random,p09,5,0,4x4,0.25534266764922625
random,p09,5,1,1x3,0.5659543109801032
random,p09,5,1,2x2,0.551584377302874
random,p09,5,1,3x3,0.3058216654384672
random,p09,5,1,4x4,0.17943994104642594
random,p09,5,2,1x3,0.7752394988946205
random,p09,5,2,2x2,0.687177597641857
random,p09,5,2,3x3,0.4458364038319823
random,p09,5,2,4x4,0.3084008843036109
random,p09,5,3,1x3,0.7940309506263817
random,p09,5,3,2x2,0.6934414148857775
random,p09,5,3,3x3,0.46499631540162123
random,p09,5,3,4x4,0.3323507737656595
random,p09,5,4,1x3,0.7907148120854827
random,p09,5,4,2x2,0.6812822402358143
random,p09,5,4,3x3,0.42483419307295506
random,p09,5,4,4x4,0.2984524686809138
random,p09,5,5,1x3,0.7667649226234341
random,p09,5,5,2x2,0.502210759027266
random,p09,5,5,3x3,0.2995578481945468
random,p09,5,5,4x4,0.1864406779661017
random,p09,5,6,1x3,0.782608695652174
random,p09,5,6,2x2,0.6919675755342668
random,p09,5,6,3x3,0.4476787030213707
random,p09,5,6,4x4,0.3323507737656595
random,p09,5,7,1x3,0.7921886514369934
random,p09,5,7,2x2,0.664701547531319
random,p09,5,7,3x3,0.3986735445836404
random,p09,5,7,4x4,0.2678703021370671
random,p09,5,8,1x3,0.6348563006632277
random,p09,5,8,2x2,0.6079587324981577
random,p09,5,8,3x3,0.28703021370670595
random,p09,5,8,4x4,0.1890198968312454
random,p09,5,9,1x3,0.7520265291083272
random,p09,5,9,2x2,0.681650700073692
random,p09,5,9,3x3,0.4285187914517318
random,p09,5,9,4x4,0.2955047899778924
random,p09,5,10,1x3,0.7756079587324981
random,p09,5,10,2x2,0.6256448047162859
random,p09,5,10,3x3,0.39277818717759766
random,p09,5,10,4x4,0.24981577008106118
random,p09,5,11,1x3,0.7896094325718497
random,p09,5,11,2x2,0.6879145173176123
random,p09,5,11,3x3,0.4679439941046426
random,p09,5,11,4x4,0.33345615327929257
random,p09,5,12,1x3,0.7811348563006633
random,p09,5,12,2x2,0.6823876197494473
random,p09,5,12,3x3,0.443994104642594
random,p09,5,12,4x4,0.3135593220338983
random,p09,5,13,1x3,0.792557111274871
random,p09,5,13,2x2,0.6949152542372882
random,p09,5,13,3x3,0.3791451731761238
random,p09,5,13,4x4,0.2406042741341194
random,p09,5,14,1x3,0.7671333824613117
random,p09,5,14,2x2,0.6768607221812822
random,p09,5,14,3x3,0.40567428150331614
random,p09,5,14,4x4,0.26160648489314664
random,p09,5,15,1x3,0.7973470891672808
random,p09,5,15,2x2,0.6787030213706706
random,p09,5,15,3x3,0.4539425202652911
random,p09,5,15,4x4,0.31908621960206335
random,p09,5,16,1x3,0.7785556374355195
random,p09,5,16,2x2,0.6691230655858511
random,p09,5,16,3x3,0.4369933677229182
random,p09,5,16,4x4,0.29882092851879144
random,p09,5,17,1x3,0.7711864406779662
random,p09,5,17,2x2,0.6875460574797347
random,p09,5,17,3x3,0.4576271186440678
random,p09,5,17,4x4,0.317243920412675
random,p09,5,18,1x3,0.7888725128960943
random,p09,5,18,2x2,0.6573323507737656
random,p09,5,18,3x3,0.4285187914517318
random,p09,5,18,4x4,0.28850405305821664
random,p09,5,19,1x3,0.7899778924097274
random,p09,5,19,2x2,0.581798084008843
random,p09,5,19,3x3,0.368828297715549
random,p09,5,19,4x4,0.21812822402358142
random,p09,9,0,1x3,0.7863468634686347
random,p09,9,0,2x2,0.6867158671586716
random,p09,9,0,3x3,0.42509225092250924
random,p09,9,0,4x4,0.2900369003690037
random,p09,9,1,1x3,0.7690036900369004
random,p09,9,1,2x2,0.6361623616236163
random,p09,9,1,3x3,0.40369003690036903
random,p09,9,1,4x4,0.2568265682656827
random,p09,9,2,1x3,0.788929889298893
random,p09,9,2,2x2,0.6837638376383763
random,p09,9,2,3x3,0.4439114391143911
random,p09,9,2,4x4,0.3214022140221402
random,p09,9,3,1x3,0.7033210332103321
random,p09,9,3,2x2,0.6538745387453875
random,p09,9,3,3x3,0.37416974169741696
random,p09,9,3,4x4,0.23025830258302582
random,p09,9,4,1x3,0.7804428044280443
random,p09,9,4,2x2,0.6084870848708487
random,p09,9,4,3x3,0.38634686346863467
random,p09,9,4,4x4,0.24059040590405903
random,p09,9,5,1x3,0.7892988929889299
random,p09,9,5,2x2,0.6952029520295203
random,p09,9,5,3x3,0.35202952029520296
random,p09,9,5,4x4,0.24280442804428043
random,p09,9,6,1x3,0.7896678966789668
random,p09,9,6,2x2,0.6885608856088561
random,p09,9,6,3x3,0.4439114391143911
random,p09,9,6,4x4,0.31771217712177124
random,p09,9,7,1x3,0.7752767527675277
random,p09,9,7,2x2,0.6863468634686347
random,p09,9,7,3x3,0.422140221402214
random,p09,9,7,4x4,0.27121771217712176
random,p09,9,8,1x3,0.7538745387453875
random,p09,9,8,2x2,0.6730627306273063
random,p09,9,8,3x3,0.43025830258302583
random,p09,9,8,4x4,0.29298892988929887
random,p09,9,9,1x3,0.7701107011070111
random,p09,9,9,2x2,0.6254612546125461
random,p09,9,9,3x3,0.36568265682656825
random,p09,9,9,4x4,0.25793357933579336
random,p09,9,10,1x3,0.7881918819188192
random,p09,9,10,2x2,0.6202952029520296
random,p09,9,10,3x3,0.3929889298892989
random,p09,9,10,4x4,0.26236162361623616
random,p09,9,11,1x3,0.7915129151291513
random,p09,9,11,2x2,0.6863468634686347
random,p09,9,11,3x3,0.3992619926199262
random,p09,9,11,4x4,0.24981549815498155
random,p09,9,12,1x3,0.7870848708487085
random,p09,9,12,2x2,0.692250922509225
random,p09,9,12,3x3,0.42583025830258303
random,p09,9,12,4x4,0.27084870848708487
random,p09,9,13,1x3,0.7726937269372693
random,p09,9,13,2x2,0.6966789667896679
random,p09,9,13,3x3,0.45535055350553505
random,p09,9,13,4x4,0.3173431734317343
random,p09,9,14,1x3,0.7867158671586716
random,p09,9,14,2x2,0.6856088560885609
random,p09,9,14,3x3,0.44981549815498156
random,p09,9,14,4x4,0.3025830258302583
random,p09,9,15,1x3,0.7822878228782287
random,p09,9,15,2x2,0.692250922509225
random,p09,9,15,3x3,0.3981549815498155
random,p09,9,15,4x4,0.26162361623616237
random,p09,9,16,1x3,0.7424354243542436
random,p09,9,16,2x2,0.6830258302583025
random,p09,9,16,3x3,0.43357933579335795
random,p09,9,16,4x4,0.3070110701107011
random,p09,9,17,1x3,0.7870848708487085
random,p09,9,17,2x2,0.6944649446494465
random,p09,9,17,3x3,0.4527675276752767
random,p09,9,17,4x4,0.3284132841328413
random,p09,9,18,1x3,0.7915129151291513
random,p09,9,18,2x2,0.6756457564575645
random,p09,9,18,3x3,0.3081180811808118
random,p09,9,18,4x4,0.23173431734317343
random,p09,9,19,1x3,0.7785977859778598
random,p09,9,19,2x2,0.6830258302583025
random,p09,9,19,3x3,0.4402214022140221
random,p09,9,19,4x4,0.3018450184501845
random,p09,16,0,1x3,0.7943026267110618
random,p09,16,0,2x2,0.6896041435442102
random,p09,16,0,3x3,0.47021827598964117
random,p09,16,0,4x4,0.33074361820199777
random,p09,16,1,1x3,0.7931927487976322
random,p09,16,1,2x2,0.6947835738068813
random,p09,16,1,3x3,0.46540880503144655
random,p09,16,1,4x4,0.32963374028856823
random,p09,16,2,1x3,0.7835738068812431
random,p09,16,2,2x2,0.6699963004069552
random,p09,16,2,3x3,0.43655197928227896
random,p09,16,2,4x4,0.3044765075841657
random,p09,16,3,1x3,0.7917129115797262
random,p09,16,3,2x2,0.6718460969293377
random,p09,16,3,3x3,0.3951165371809101
random,p09,16,3,4x4,0.2893081761006289
random,p09,16,4,1x3,0.7880133185349611
random,p09,16,4,2x2,0.686644469108398
random,p09,16,4,3x3,0.41139474657787645
random,p09,16,4,4x4,0.292267850536441
random,p09,16,5,1x3,0.7865334813170551
random,p09,16,5,2x2,0.6936736958934517
random,p09,16,5,3x3,0.45467998520162783
random,p09,16,5,4x4,0.3103958564557899
random,p09,16,6,1x3,0.7920828708842027
random,p09,16,6,2x2,0.6933037365889753
random,p09,16,6,3x3,0.4583795782463929
random,p09,16,6,4x4,0.3189049204587495
random,p09,16,7,1x3,0.7954125046244913
random,p09,16,7,2x2,0.6855345911949685
random,p09,16,7,3x3,0.3370329263780984
random,p09,16,7,4x4,0.23603403625601183
random,p09,16,8,1x3,0.7909729929707732
random,p09,16,8,2x2,0.685164631890492
random,p09,16,8,3x3,0.4506104328523862
random,p09,16,8,4x4,0.3111357750647429
random,p09,16,9,1x3,0.7854236034036256
random,p09,16,9,2x2,0.6944136145024047
random,p09,16,9,3x3,0.44543100258971513
random,p09,16,9,4x4,0.293007769145394
random,p09,16,10,1x3,0.7854236034036256
random,p09,16,10,2x2,0.6500184979652238
random,p09,16,10,3x3,0.3980762116167222
random,p09,16,10,4x4,0.2700702922678505
random,p09,16,11,1x3,0.7931927487976322
random,p09,16,11,2x2,0.6962634110247873
random,p09,16,11,3x3,0.43174250832408434
random,p09,16,11,4x4,0.2741398446170921
random,p09,16,12,1x3,0.7765445800961894
random,p09,16,12,2x2,0.6892341842397336
random,p09,16,12,3x3,0.45024047354790975
random,p09,16,12,4x4,0.33000369959304476
random,p09,16,13,1x3,0.7872733999260081
random,p09,16,13,2x2,0.6644469108398077
random,p09,16,13,3x3,0.4187939326674066
random,p09,16,13,4x4,0.28967813540510545
random,p09,16,14,1x3,0.780614132445431
random,p09,16,14,2x2,0.6914539400665927
random,p09,16,14,3x3,0.2970773214946356
random,p09,16,14,4x4,0.2397336293007769
random,p09,16,15,1x3,0.7902330743618202
random,p09,16,15,2x2,0.6929337772844987
random,p09,16,15,3x3,0.46614872364039955
random,p09,16,15,4x4,0.32926378098409176
random,p09,16,16,1x3,0.7650758416574177
random,p09,16,16,2x2,0.680725120236774
random,p09,16,16,3x3,0.32963374028856823
random,p09,16,16,4x4,0.22604513503514614
random,p09,16,17,1x3,0.7920828708842027
random,p09,16,17,2x2,0.6796152423233445
random,p09,16,17,3x3,0.44321124676285606
random,p09,16,17,4x4,0.30003699593044764
random,p09,16,18,1x3,0.7950425453200148
random,p09,16,18,2x2,0.6921938586755457
random,p09,16,18,3x3,0.4513503514613392
random,p09,16,18,4x4,0.30706622271550127
random,p09,16,19,1x3,0.7880133185349611
random,p09,16,19,2x2,0.686644469108398
random,p09,16,19,3x3,0.4398816130225675
random,p09,16,19,4x4,0.30706622271550127
first session,p09,1,0,1x3,0.730127186009539
first session,p09,1,0,2x2,0.6359300476947536
first session,p09,1,0,3x3,0.3497615262321145
first session,p09,1,0,4x4,0.24085850556438793
first session,p09,1,1,1x3,0.7150238473767886
first session,p09,1,1,2x2,0.6617647058823529
first session,p09,1,1,3x3,0.397456279809221
first session,p09,1,1,4x4,0.25635930047694755
first session,p09,1,2,1x3,0.722972972972973
first session,p09,1,2,2x2,0.6558028616852146
first session,p09,1,2,3x3,0.3887122416534181
first session,p09,1,2,4x4,0.24403815580286167
first session,p09,1,3,1x3,0.6565977742448331
first session,p09,1,3,2x2,0.6466613672496025
first session,p09,1,3,3x3,0.35294117647058826
first session,p09,1,3,4x4,0.20548489666136724
first session,p09,1,4,1x3,0.7798092209856916
first session,p09,1,4,2x2,0.455087440381558
first session,p09,1,4,3x3,0.2655007949125596
first session,p09,1,4,4x4,0.16573926868044514
first session,p09,1,5,1x3,0.7476152623211447
first session,p09,1,5,2x2,0.6899841017488076
first session,p09,1,5,3x3,0.4320349761526232
first session,p09,1,5,4x4,0.2766295707472178
first session,p09,1,6,1x3,0.7837837837837838
first session,p09,1,6,2x2,0.589825119236884
first session,p09,1,6,3x3,0.3696343402225755
first session,p09,1,6,4x4,0.22853736089030208
first session,p09,1,7,1x3,0.7166136724960255
first session,p09,1,7,2x2,0.4769475357710652
first session,p09,1,7,3x3,0.28537360890302066
first session,p09,1,7,4x4,0.16573926868044514
first session,p09,1,8,1x3,0.7388712241653418
first session,p09,1,8,2x2,0.5437201907790143
first session,p09,1,8,3x3,0.3251192368839428
first session,p09,1,8,4x4,0.19793322734499205
first session,p09,1,9,1x3,0.7265500794912559
first session,p09,1,9,2x2,0.45588235294117646
first session,p09,1,9,3x3,0.2651033386327504
first session,p09,1,9,4x4,0.15937996820349762
first session,p09,1,10,1x3,0.7376788553259142
first session,p09,1,10,2x2,0.6760731319554849
first session,p09,1,10,3x3,0.39705882352941174
first session,p09,1,10,4x4,0.2690779014308426
first session,p09,1,11,1x3,0.7845786963434023
first session,p09,1,11,2x2,0.6661367249602543
first session,p09,1,11,3x3,0.4145468998410175
first session,p09,1,11,4x4,0.2917329093799682
first session,p09,1,12,1x3,0.6216216216216216
first session,p09,1,12,2x2,0.46860095389507156
first session,p09,1,12,3x3,0.25675675675675674
first session,p09,1,12,4x4,0.1478537360890302
first session,p09,1,13,1x3,0.7376788553259142
first session,p09,1,13,2x2,0.4495230524642289
first session,p09,1,13,3x3,0.25476947535771066
first session,p09,1,13,4x4,0.15580286168521462
first session,p09,1,14,1x3,0.45707472178060415
first session,p09,1,14,2x2,0.37201907790143085
first session,p09,1,14,3x3,0.16573926868044514
first session,p09,1,14,4x4,0.09340222575516693
first session,p09,1,15,1x3,0.7833863275039745
first session,p09,1,15,2x2,0.6414944356120826
first session,p09,1,15,3x3,0.366852146263911
first session,p09,1,15,4x4,0.2718600953895072
first session,p09,1,16,1x3,0.7738473767885533
first session,p09,1,16,2x2,0.6558028616852146
first session,p09,1,16,3x3,0.40421303656597773
first session,p09,1,16,4x4,0.27941176470588236
first session,p09,1,17,1x3,0.7837837837837838
first session,p09,1,17,2x2,0.589825119236884
first session,p09,1,17,3x3,0.3696343402225755
first session,p09,1,17,4x4,0.22853736089030208
first session,p09,1,18,1x3,0.7269475357710652
first session,p09,1,18,2x2,0.45310015898251194
first session,p09,1,18,3x3,0.2631160572337043
first session,p09,1,18,4x4,0.15977742448330684
first session,p09,1,19,1x3,0.784181240063593
first session,p09,1,19,2x2,0.5723370429252782
first session,p09,1,19,3x3,0.35930047694753575
first session,p09,1,19,4x4,0.22933227344992052
first session,p09,3,0,1x3,0.7849761526232114
first session,p09,3,0,2x2,0.6693163751987281
first session,p09,3,0,3x3,0.4260731319554849
first session,p09,3,0,4x4,0.2893481717011129
first session,p09,3,1,1x3,0.7738473767885533
first session,p09,3,1,2x2,0.6935612082670907
first session,p09,3,1,3x3,0.4248807631160572
first session,p09,3,1,4x4,0.2957074721780604
first session,p09,3,2,1x3,0.7794117647058824
first session,p09,3,2,2x2,0.6812400635930048
first session,p09,3,2,3x3,0.42408585055643877
first session,p09,3,2,4x4,0.3016693163751987
first session,p09,3,3,1x3,0.7527821939586645
first session,p09,3,3,2x2,0.6617647058823529
first session,p09,3,3,3x3,0.40421303656597773
first session,p09,3,3,4x4,0.27543720190779014
first session,p09,3,4,1x3,0.7837837837837838
first session,p09,3,4,2x2,0.5496820349761526
first session,p09,3,4,3x3,0.3394276629570747
first session,p09,3,4,4x4,0.2444356120826709
first session,p09,3,5,1x3,0.784181240063593
first session,p09,3,5,2x2,0.6951510333863276
first session,p09,3,5,3x3,0.44276629570747217
first session,p09,3,5,4x4,0.307631160572337
first session,p09,3,6,1x3,0.7865659777424483
first session,p09,3,6,2x2,0.48966613672496023
first session,p09,3,6,3x3,0.3088235294117647
first session,p09,3,6,4x4,0.1931637519872814
first session,p09,3,7,1x3,0.7825914149443561
first session,p09,3,7,2x2,0.6339427662957074
first session,p09,3,7,3x3,0.397456279809221
first session,p09,3,7,4x4,0.2635135135135135
first session,p09,3,8,1x3,0.7853736089030207
first session,p09,3,8,2x2,0.6963434022257552
first session,p09,3,8,3x3,0.4411764705882353
first session,p09,3,8,4x4,0.30961844197138316
first session,p09,3,9,1x3,0.7730524642289348
first session,p09,3,9,2x2,0.6705087440381559
first session,p09,3,9,3x3,0.4133545310015898
first session,p09,3,9,4x4,0.28696343402225755
first session,p09,3,10,1x3,0.784181240063593
first session,p09,3,10,2x2,0.5826709062003179
first session,p09,3,10,3x3,0.36208267090620033
first session,p09,3,10,4x4,0.2313195548489666
first session,p09,3,11,1x3,0.7794117647058824
first session,p09,3,11,2x2,0.6108903020667726
first session,p09,3,11,3x3,0.38910969793322736
first session,p09,3,11,4x4,0.2404610492845787
first session,p09,3,12,1x3,0.7829888712241654
first session,p09,3,12,2x2,0.6728934817170111
first session,p09,3,12,3x3,0.4205087440381558
first session,p09,3,12,4x4,0.294912559618442
first session,p09,3,13,1x3,0.7825914149443561
first session,p09,3,13,2x2,0.6752782193958664
first session,p09,3,13,3x3,0.4264705882352941
first session,p09,3,13,4x4,0.2917329093799682
first session,p09,3,14,1x3,0.7658982511923689
first session,p09,3,14,2x2,0.6001589825119237
first session,p09,3,14,3x3,0.37798092209856915
first session,p09,3,14,4x4,0.2333068362480127
first session,p09,3,15,1x3,0.7825914149443561
first session,p09,3,15,2x2,0.7003179650238474
first session,p09,3,15,3x3,0.4495230524642289
first session,p09,3,15,4x4,0.3080286168521463
first session,p09,3,16,1x3,0.7527821939586645
first session,p09,3,16,2x2,0.6848171701112877
first session,p09,3,16,3x3,0.42845786963434024
first session,p09,3,16,4x4,0.2674880763116057
first session,p09,3,17,1x3,0.7762321144674086
first session,p09,3,17,2x2,0.6319554848966613
first session,p09,3,17,3x3,0.3914944356120827
first session,p09,3,17,4x4,0.2635135135135135
first session,p09,3,18,1x3,0.7829888712241654
first session,p09,3,18,2x2,0.6212241653418124
first session,p09,3,18,3x3,0.3914944356120827
first session,p09,3,18,4x4,0.26033386327503977
first session,p09,3,19,1x3,0.7829888712241654
first session,p09,3,19,2x2,0.6343402225755167
first session,p09,3,19,3x3,0.39705882352941174
first session,p09,3,19,4x4,0.26828298887122415
first session,p09,5,0,1x3,0.764308426073132
first session,p09,5,0,2x2,0.579093799682035
first session,p09,5,0,3x3,0.35771065182829886
first session,p09,5,0,4x4,0.22853736089030208
first session,p09,5,1,1x3,0.7702702702702703
first session,p09,5,1,2x2,0.49364069952305245
first session,p09,5,1,3x3,0.33187599364069953
first session,p09,5,1,4x4,0.21104928457869634
first session,p09,5,2,1x3,0.7861685214626392
first session,p09,5,2,2x2,0.4527027027027027
first session,p09,5,2,3x3,0.28656597774244835
first session,p09,5,2,4x4,0.19912559618441972
first session,p09,5,3,1x3,0.7941176470588235
first session,p09,5,3,2x2,0.6343402225755167
first session,p09,5,3,3x3,0.40659777424483307
first session,p09,5,3,4x4,0.27384737678855325
first session,p09,5,4,1x3,0.7587440381558028
first session,p09,5,4,2x2,0.564785373608903
first session,p09,5,4,3x3,0.34141494435612085
first session,p09,5,4,4x4,0.212241653418124
first session,p09,5,5,1x3,0.7790143084260731
first session,p09,5,5,2x2,0.6963434022257552
first session,p09,5,5,3x3,0.455087440381558
first session,p09,5,5,4x4,0.314785373608903
first session,p09,5,6,1x3,0.7567567567567568
first session,p09,5,6,2x2,0.6355325914149443
first session,p09,5,6,3x3,0.40421303656597773
first session,p09,5,6,4x4,0.2627186009538951
first session,p09,5,7,1x3,0.7837837837837838
first session,p09,5,7,2x2,0.589825119236884
first session,p09,5,7,3x3,0.36486486486486486
first session,p09,5,7,4x4,0.22615262321144675
first session,p09,5,8,1x3,0.7821939586645469
first session,p09,5,8,2x2,0.6641494435612083
first session,p09,5,8,3x3,0.41693163751987283
first session,p09,5,8,4x4,0.2953100158982512
first session,p09,5,9,1x3,0.7821939586645469
first session,p09,5,9,2x2,0.5679650238473768
first session,p09,5,9,3x3,0.3748012718600954
first session,p09,5,9,4x4,0.19554848966613672
first session,p09,5,10,1x3,0.7329093799682035
first session,p09,5,10,2x2,0.6375198728139905
first session,p09,5,10,3x3,0.39467408585055647
first session,p09,5,10,4x4,0.2742448330683625
first session,p09,5,11,1x3,0.7790143084260731
first session,p09,5,11,2x2,0.571939586645469
first session,p09,5,11,3x3,0.34459459459459457
first session,p09,5,11,4x4,0.21462639109697934
first session,p09,5,12,1x3,0.7837837837837838
first session,p09,5,12,2x2,0.615262321144674
first session,p09,5,12,3x3,0.3899046104928458
first session,p09,5,12,4x4,0.25675675675675674
first session,p09,5,13,1x3,0.7754372019077902
first session,p09,5,13,2x2,0.6800476947535771
first session,p09,5,13,3x3,0.4375993640699523
first session,p09,5,13,4x4,0.3167726550079491
first session,p09,5,14,1x3,0.7798092209856916
first session,p09,5,14,2x2,0.6824324324324325
first session,p09,5,14,3x3,0.42726550079491254
first session,p09,5,14,4x4,0.30286168521462636
first session,p09,5,15,1x3,0.7817965023847376
first session,p09,5,15,2x2,0.5337837837837838
first session,p09,5,15,3x3,0.3251192368839428
first session,p09,5,15,4x4,0.20707472178060413
first session,p09,5,16,1x3,0.7754372019077902
first session,p09,5,16,2x2,0.6987281399046105
first session,p09,5,16,3x3,0.46184419713831476
first session,p09,5,16,4x4,0.33426073131955486
first session,p09,5,17,1x3,0.7794117647058824
first session,p09,5,17,2x2,0.6752782193958664
first session,p09,5,17,3x3,0.3585055643879173
first session,p09,5,17,4x4,0.22297297297297297
first session,p09,5,18,1x3,0.7802066772655007
first session,p09,5,18,2x2,0.4642289348171701
first session,p09,5,18,3x3,0.3390302066772655
first session,p09,5,18,4x4,0.22496025437201908
first session,p09,5,19,1x3,0.5389507154213037
first session,p09,5,19,2x2,0.6788553259141494
first session,p09,5,19,3x3,0.3298887122416534
first session,p09,5,19,4x4,0.21542130365659778
first session,p09,9,0,1x3,0.7829888712241654
first session,p09,9,0,2x2,0.5624006359300477
first session,p09,9,0,3x3,0.33783783783783783
first session,p09,9,0,4x4,0.21542130365659778
first session,p09,9,1,1x3,0.7881558028616852
first session,p09,9,1,2x2,0.6144674085850557
first session,p09,9,1,3x3,0.3899046104928458
first session,p09,9,1,4x4,0.2527821939586645
first session,p09,9,2,1x3,0.7869634340222575
first session,p09,9,2,2x2,0.6657392686804452
first session,p09,9,2,3x3,0.4276629570747218
first session,p09,9,2,4x4,0.29968203497615264
first session,p09,9,3,1x3,0.7611287758346582
first session,p09,9,3,2x2,0.5214626391096979
first session,p09,9,3,3x3,0.32829888712241656
first session,p09,9,3,4x4,0.18243243243243243
first session,p09,9,4,1x3,0.7782193958664547
first session,p09,9,4,2x2,0.5023847376788553
first session,p09,9,4,3x3,0.3366454689984102
first session,p09,9,4,4x4,0.21860095389507153
first session,p09,9,5,1x3,0.624006359300477
first session,p09,9,5,2x2,0.6772655007949125
first session,p09,9,5,3x3,0.345389507154213
first session,p09,9,5,4x4,0.1915739268680445
first session,p09,9,6,1x3,0.7690779014308426
first session,p09,9,6,2x2,0.625993640699523
first session,p09,9,6,3x3,0.39666136724960255
first session,p09,9,6,4x4,0.25079491255961844
first session,p09,9,7,1x3,0.7921303656597775
first session,p09,9,7,2x2,0.6935612082670907
first session,p09,9,7,3x3,0.29252782193958665
first session,p09,9,7,4x4,0.23887122416534182
first session,p09,9,8,1x3,0.7595389507154213
first session,p09,9,8,2x2,0.634737678855326
first session,p09,9,8,3x3,0.397456279809221
first session,p09,9,8,4x4,0.2484101748807631
first session,p09,9,9,1x3,0.7881558028616852
first session,p09,9,9,2x2,0.6224165341812401
first session,p09,9,9,3x3,0.38513513513513514
first session,p09,9,9,4x4,0.2611287758346582
first session,p09,9,10,1x3,0.7825914149443561
first session,p09,9,10,2x2,0.620429252782194
first session,p09,9,10,3x3,0.40063593004769477
first session,p09,9,10,4x4,0.26073131955484896
first session,p09,9,11,1x3,0.7845786963434023
first session,p09,9,11,2x2,0.6287758346581876
first session,p09,9,11,3x3,0.40222575516693165
first session,p09,9,11,4x4,0.25516693163751986
first session,p09,9,12,1x3,0.7933227344992051
first session,p09,9,12,2x2,0.5608108108108109
first session,p09,9,12,3x3,0.37798092209856915
first session,p09,9,12,4x4,0.20786963434022257
first session,p09,9,13,1x3,0.7869634340222575
first session,p09,9,13,2x2,0.6251987281399046
first session,p09,9,13,3x3,0.39705882352941174
first session,p09,9,13,4x4,0.26073131955484896
first session,p09,9,14,1x3,0.791335453100159
first session,p09,9,14,2x2,0.6355325914149443
first session,p09,9,14,3x3,0.4089825119236884
first session,p09,9,14,4x4,0.2766295707472178
first session,p09,9,15,1x3,0.7861685214626392
first session,p09,9,15,2x2,0.7003179650238474
first session,p09,9,15,3x3,0.29809220985691576
first session,p09,9,15,4x4,0.24364069952305245
first session,p09,9,16,1x3,0.7802066772655007
first session,p09,9,16,2x2,0.6355325914149443
first session,p09,9,16,3x3,0.4073926868044515
first session,p09,9,16,4x4,0.27821939586645467
first session,p09,9,17,1x3,0.7790143084260731
first session,p09,9,17,2x2,0.5731319554848967
first session,p09,9,17,3x3,0.359697933227345
first session,p09,9,17,4x4,0.2333068362480127
first session,p09,9,18,1x3,0.7579491255961844
first session,p09,9,18,2x2,0.6828298887122417
first session,p09,9,18,3x3,0.3064387917329094
first session,p09,9,18,4x4,0.21502384737678856
first session,p09,9,19,1x3,0.7865659777424483
first session,p09,9,19,2x2,0.6148648648648649
first session,p09,9,19,3x3,0.38394276629570745
first session,p09,9,19,4x4,0.26192368839427665
first session,p09,16,0,1x3,0.7905405405405406
first session,p09,16,0,2x2,0.6625596184419714
first session,p09,16,0,3x3,0.428060413354531
first session,p09,16,0,4x4,0.29411764705882354
first session,p09,16,1,1x3,0.7845786963434023
first session,p09,16,1,2x2,0.6812400635930048
first session,p09,16,1,3x3,0.37758346581875996
first session,p09,16,1,4x4,0.2873608903020668
first session,p09,16,2,1x3,0.7810015898251192
first session,p09,16,2,2x2,0.654610492845787
first session,p09,16,2,3x3,0.4205087440381558
first session,p09,16,2,4x4,0.28139904610492844
first session,p09,16,3,1x3,0.7718600953895072
first session,p09,16,3,2x2,0.6565977742448331
first session,p09,16,3,3x3,0.41693163751987283
first session,p09,16,3,4x4,0.2718600953895072
first session,p09,16,4,1x3,0.7921303656597775
first session,p09,16,4,2x2,0.6589825119236884
first session,p09,16,4,3x3,0.41971383147853736
first session,p09,16,4,4x4,0.28656597774244835
first session,p09,16,5,1x3,0.787758346581876
first session,p09,16,5,2x2,0.6236089030206677
first session,p09,16,5,3x3,0.3978537360890302
first session,p09,16,5,4x4,0.2587440381558029
first session,p09,16,6,1x3,0.7861685214626392
first session,p09,16,6,2x2,0.5882352941176471
first session,p09,16,6,3x3,0.36486486486486486
first session,p09,16,6,4x4,0.23807631160572337
first session,p09,16,7,1x3,0.787758346581876
first session,p09,16,7,2x2,0.6335453100158982
first session,p09,16,7,3x3,0.4129570747217806
first session,p09,16,7,4x4,0.2587440381558029
first session,p09,16,8,1x3,0.7901430842607313
first session,p09,16,8,2x2,0.6156597774244833
first session,p09,16,8,3x3,0.38513513513513514
first session,p09,16,8,4x4,0.2527821939586645
first session,p09,16,9,1x3,0.791335453100159
first session,p09,16,9,2x2,0.665341812400636
first session,p09,16,9,3x3,0.43481717011128773
first session,p09,16,9,4x4,0.3016693163751987
first session,p09,16,10,1x3,0.7901430842607313
first session,p09,16,10,2x2,0.6597774244833068
first session,p09,16,10,3x3,0.4224960254372019
first session,p09,16,10,4x4,0.2893481717011129
first session,p09,16,11,1x3,0.7909379968203497
first session,p09,16,11,2x2,0.6514308426073132
first session,p09,16,11,3x3,0.42686804451510335
first session,p09,16,11,4x4,0.2861685214626391
first session,p09,16,12,1x3,0.7933227344992051
first session,p09,16,12,2x2,0.6406995230524642
first session,p09,16,12,3x3,0.41534181240063595
first session,p09,16,12,4x4,0.2718600953895072
first session,p09,16,13,1x3,0.7905405405405406
first session,p09,16,13,2x2,0.6216216216216216
first session,p09,16,13,3x3,0.3998410174880763
first session,p09,16,13,4x4,0.2503974562798092
first session,p09,16,14,1x3,0.7909379968203497
first session,p09,16,14,2x2,0.6836248012718601
first session,p09,16,14,3x3,0.4360095389507154
first session,p09,16,14,4x4,0.30842607313195547
first session,p09,16,15,1x3,0.7893481717011129
first session,p09,16,15,2x2,0.6665341812400636
first session,p09,16,15,3x3,0.43243243243243246
first session,p09,16,15,4x4,0.30246422893481717
first session,p09,16,16,1x3,0.7857710651828299
first session,p09,16,16,2x2,0.6335453100158982
first session,p09,16,16,3x3,0.4093799682034976
first session,p09,16,16,4x4,0.26430842607313193
first session,p09,16,17,1x3,0.7897456279809221
first session,p09,16,17,2x2,0.6585850556438791
first session,p09,16,17,3x3,0.42726550079491254
first session,p09,16,17,4x4,0.29133545310015896
first session,p09,16,18,1x3,0.7817965023847376
first session,p09,16,18,2x2,0.6343402225755167
first session,p09,16,18,3x3,0.40977742448330684
first session,p09,16,18,4x4,0.27503974562798095
first session,p09,16,19,1x3,0.7837837837837838
first session,p09,16,19,2x2,0.6939586645468998
first session,p09,16,19,3x3,0.4431637519872814
first session,p09,16,19,4x4,0.30286168521462636
random,p10,1,0,1x3,0.8303693570451436
random,p10,1,0,2x2,0.5599635202918377
random,p10,1,0,3x3,0.3278613771089831
random,p10,1,0,4x4,0.23483812129502965
random,p10,1,1,1x3,0.8600091199270405
random,p10,1,1,2x2,0.6105791153670771
random,p10,1,1,3x3,0.3912448700410397
random,p10,1,1,4x4,0.27998176014591886
random,p10,1,2,1x3,0.6411308709530323
random,p10,1,2,2x2,0.5777473780209759
random,p10,1,2,3x3,0.33059735522115824
random,p10,1,2,4x4,0.1773825809393525
random,p10,1,3,1x3,0.8791609667122663
random,p10,1,3,2x2,0.617875056999544
random,p10,1,3,3x3,0.3989968080255358
random,p10,1,3,4x4,0.27861377108983126
random,p10,1,4,1x3,0.8217054263565892
random,p10,1,4,2x2,0.47150022799817604
random,p10,1,4,3x3,0.32558139534883723
random,p10,1,4,4x4,0.2220702234382125
random,p10,1,5,1x3,0.8472412220702235
random,p10,1,5,2x2,0.5248518011855905
random,p10,1,5,3x3,0.3533971728226174
random,p10,1,5,4x4,0.2594619243046056
random,p10,1,6,1x3,0.8280893752849977
random,p10,1,6,2x2,0.5348837209302325
random,p10,1,6,3x3,0.3141814865481076
random,p10,1,6,4x4,0.22024623803009577
random,p10,1,7,1x3,0.8299133606931145
random,p10,1,7,2x2,0.5886912904696763
random,p10,1,7,3x3,0.3588691290469676
random,p10,1,7,4x4,0.2503419972640219
random,p10,1,8,1x3,0.8052895576835385
random,p10,1,8,2x2,0.6333789329685362
random,p10,1,8,3x3,0.40902872777017785
random,p10,1,8,4x4,0.2726858185134519
random,p10,1,9,1x3,0.8066575467396261
random,p10,1,9,2x2,0.6534427724578203
random,p10,1,9,3x3,0.4181486548107615
random,p10,1,9,4x4,0.2895576835385317
random,p10,1,10,1x3,0.8627450980392157
random,p10,1,10,2x2,0.6479708162334701
random,p10,1,10,3x3,0.40857273141814865
random,p10,1,10,4x4,0.2868217054263566
random,p10,1,11,1x3,0.7961696306429549
random,p10,1,11,2x2,0.6566347469220246
random,p10,1,11,3x3,0.4113087095303238
random,p10,1,11,4x4,0.27359781121751026
random,p10,1,12,1x3,0.8563611491108071
random,p10,1,12,2x2,0.6853625170998632
random,p10,1,12,3x3,0.45599635202918376
random,p10,1,12,4x4,0.2968536251709986
random,p10,1,13,1x3,0.7706338349293206
random,p10,1,13,2x2,0.5230278157774738
random,p10,1,13,3x3,0.3315093479252166
random,p10,1,13,4x4,0.21751025991792067
random,p10,1,14,1x3,0.7797537619699042
random,p10,1,14,2x2,0.6110351117191063
random,p10,1,14,3x3,0.37300501595987234
random,p10,1,14,4x4,0.2416780665754674
random,p10,1,15,1x3,0.7382580939352485
random,p10,1,15,2x2,0.5978112175102599
random,p10,1,15,3x3,0.36069311445508434
random,p10,1,15,4x4,0.22936616507067945
random,p10,1,16,1x3,0.8486092111263109
random,p10,1,16,2x2,0.6488828089375285
random,p10,1,16,3x3,0.4053807569539444
random,p10,1,16,4x4,0.28545371637026906
random,p10,1,17,1x3,0.8869129046967624
random,p10,1,17,2x2,0.5695394436844505
random,p10,1,17,3x3,0.37802097583219335
random,p10,1,17,4x4,0.26812585499316005
random,p10,1,18,1x3,0.8850889192886456
random,p10,1,18,2x2,0.48654810761513906
random,p10,1,18,3x3,0.3429092567259462
random,p10,1,18,4x4,0.24395804833561333
random,p10,1,19,1x3,0.8837209302325582
random,p10,1,19,2x2,0.6890104879160966
random,p10,1,19,3x3,0.4578203374373005
random,p10,1,19,4x4,0.31509347925216596
random,p10,3,0,1x3,0.8553172067549064
random,p10,3,0,2x2,0.6202647193062528
random,p10,3,0,3x3,0.39570972158831585
random,p10,3,0,4x4,0.2957553628480146
random,p10,3,1,1x3,0.8849840255591054
random,p10,3,1,2x2,0.659516202647193
random,p10,3,1,3x3,0.4673664993153811
random,p10,3,1,4x4,0.3318119580100411
random,p10,3,2,1x3,0.8694659972615244
random,p10,3,2,2x2,0.6481058877225011
random,p10,3,2,3x3,0.4450022820629849
random,p10,3,2,4x4,0.32633500684618894
random,p10,3,3,1x3,0.8379735280693748
random,p10,3,3,2x2,0.6289365586490188
random,p10,3,3,3x3,0.3865814696485623
random,p10,3,3,4x4,0.2578731172980374
random,p10,3,4,1x3,0.8817891373801917
random,p10,3,4,2x2,0.672295755362848
random,p10,3,4,3x3,0.47238703788224556
random,p10,3,4,4x4,0.3395709721588316
random,p10,3,5,1x3,0.8594249201277955
random,p10,3,5,2x2,0.5399361022364217
random,p10,3,5,3x3,0.3646736649931538
random,p10,3,5,4x4,0.26517571884984026
random,p10,3,6,1x3,0.881332724783204
random,p10,3,6,2x2,0.6818804198995893
random,p10,3,6,3x3,0.4696485623003195
random,p10,3,6,4x4,0.32496576905522595
random,p10,3,7,1x3,0.8836147877681424
random,p10,3,7,2x2,0.627110908261068
random,p10,3,7,3x3,0.4080328617069831
random,p10,3,7,4x4,0.2802373345504336
random,p10,3,8,1x3,0.8411684162482884
random,p10,3,8,2x2,0.553628480146052
random,p10,3,8,3x3,0.329073482428115
random,p10,3,8,4x4,0.23733455043359197
random,p10,3,9,1x3,0.8457325422181652
random,p10,3,9,2x2,0.6517571884984026
random,p10,3,9,3x3,0.405294386125057
random,p10,3,9,4x4,0.2861706983112734
random,p10,3,10,1x3,0.8767685988133272
random,p10,3,10,2x2,0.6353263350068462
random,p10,3,10,3x3,0.4048379735280694
random,p10,3,10,4x4,0.2761296211775445
random,p10,3,11,1x3,0.8717480602464628
random,p10,3,11,2x2,0.6691008671839342
random,p10,3,11,3x3,0.4221816522136011
random,p10,3,11,4x4,0.29666818804198997
random,p10,3,12,1x3,0.8849840255591054
random,p10,3,12,2x2,0.6832496576905522
random,p10,3,12,3x3,0.45276129621177547
random,p10,3,12,4x4,0.30442720219078045
random,p10,3,13,1x3,0.8840712003651301
random,p10,3,13,2x2,0.6919214970333181
random,p10,3,13,3x3,0.4696485623003195
random,p10,3,13,4x4,0.3076220903696942
random,p10,3,14,1x3,0.8722044728434505
random,p10,3,14,2x2,0.6029210406207212
random,p10,3,14,3x3,0.372889091738932
random,p10,3,14,4x4,0.2797809219534459
random,p10,3,15,1x3,0.882701962574167
random,p10,3,15,2x2,0.6613418530351438
random,p10,3,15,3x3,0.42355089000456414
random,p10,3,15,4x4,0.27521679598356913
random,p10,3,16,1x3,0.8735737106344135
random,p10,3,16,2x2,0.5928799634869922
random,p10,3,16,3x3,0.3605659516202647
random,p10,3,16,4x4,0.2720219078046554
random,p10,3,17,1x3,0.8402555910543131
random,p10,3,17,2x2,0.6795983569146509
random,p10,3,17,3x3,0.4459151072569603
random,p10,3,17,4x4,0.3085349155636696
random,p10,3,18,1x3,0.8617069831127339
random,p10,3,18,2x2,0.6220903696942036
random,p10,3,18,3x3,0.4020994979461433
random,p10,3,18,4x4,0.283888635326335
random,p10,3,19,1x3,0.8411684162482884
random,p10,3,19,2x2,0.6599726152441807
random,p10,3,19,3x3,0.4080328617069831
random,p10,3,19,4x4,0.2916476494751255
random,p10,5,0,1x3,0.8620374600274098
random,p10,5,0,2x2,0.654179990863408
random,p10,5,0,3x3,0.4298766560073093
random,p10,5,0,4x4,0.29282777523983555
random,p10,5,1,1x3,0.8857925993604385
random,p10,5,1,2x2,0.652352672453175
random,p10,5,1,3x3,0.4540886249428963
random,p10,5,1,4x4,0.3193238921882138
random,p10,5,2,1x3,0.8040201005025126
random,p10,5,2,2x2,0.4440383736866149
random,p10,5,2,3x3,0.35678391959798994
random,p10,5,2,4x4,0.2215623572407492
random,p10,5,3,1x3,0.8730013704888077
random,p10,5,3,2x2,0.6861580630424852
random,p10,5,3,3x3,0.4828688899040658
random,p10,5,3,4x4,0.34079488350845133
random,p10,5,4,1x3,0.8748286888990406
random,p10,5,4,2x2,0.45957058017359526
random,p10,5,4,3x3,0.38236637734125173
random,p10,5,4,4x4,0.23983554134307902
random,p10,5,5,1x3,0.8825947921425308
random,p10,5,5,2x2,0.6532663316582915
random,p10,5,5,3x3,0.46139789858382824
random,p10,5,5,4x4,0.34810415714938325
random,p10,5,6,1x3,0.8743718592964824
random,p10,5,6,2x2,0.676564641388762
random,p10,5,6,3x3,0.4650525354042942
random,p10,5,6,4x4,0.34719049794426676
random,p10,5,7,1x3,0.8730013704888077
random,p10,5,7,2x2,0.6925536774783005
random,p10,5,7,3x3,0.4659661946094107
random,p10,5,7,4x4,0.30973047053449065
random,p10,5,8,1x3,0.8720877112836912
random,p10,5,8,2x2,0.6779351301964367
random,p10,5,8,3x3,0.4024668798538145
random,p10,5,8,4x4,0.2832343535861124
random,p10,5,9,1x3,0.8775696665143902
random,p10,5,9,2x2,0.5294655093650068
random,p10,5,9,3x3,0.3654636820465966
random,p10,5,9,4x4,0.27501142074006396
random,p10,5,10,1x3,0.8442211055276382
random,p10,5,10,2x2,0.676564641388762
random,p10,5,10,3x3,0.32160804020100503
random,p10,5,10,4x4,0.23937871174052078
random,p10,5,11,1x3,0.8752855185015989
random,p10,5,11,2x2,0.6582914572864321
random,p10,5,11,3x3,0.34719049794426676
random,p10,5,11,4x4,0.2407492005481955
random,p10,5,12,1x3,0.8474189127455459
random,p10,5,12,2x2,0.628140703517588
random,p10,5,12,3x3,0.35175879396984927
random,p10,5,12,4x4,0.24623115577889448
random,p10,5,13,1x3,0.8798538145271814
random,p10,5,13,2x2,0.6779351301964367
random,p10,5,13,3x3,0.47875742348104156
random,p10,5,13,4x4,0.3508451347647328
random,p10,5,14,1x3,0.8807674737322978
random,p10,5,14,2x2,0.6464138876199178
random,p10,5,14,3x3,0.45180447693010506
random,p10,5,14,4x4,0.3147555961626313
random,p10,5,15,1x3,0.8711740520785747
random,p10,5,15,2x2,0.6788487894015532
random,p10,5,15,3x3,0.4362722704431247
random,p10,5,15,4x4,0.30379168570123344
random,p10,5,16,1x3,0.8615806304248516
random,p10,5,16,2x2,0.6879853814527181
random,p10,5,16,3x3,0.46962083142987665
random,p10,5,16,4x4,0.3608953860210142
random,p10,5,17,1x3,0.8556418455915943
random,p10,5,17,2x2,0.5354042941982641
random,p10,5,17,3x3,0.375513933302878
random,p10,5,17,4x4,0.245317496573778
random,p10,5,18,1x3,0.8798538145271814
random,p10,5,18,2x2,0.594792142530836
random,p10,5,18,3x3,0.39881224303334856
random,p10,5,18,4x4,0.2526267702147099
random,p10,5,19,1x3,0.8789401553220648
random,p10,5,19,2x2,0.6724531749657378
random,p10,5,19,3x3,0.36409319323892186
random,p10,5,19,4x4,0.24805847418912746
random,p10,9,0,1x3,0.8764302059496567
random,p10,9,0,2x2,0.6361556064073226
random,p10,9,0,3x3,0.41784897025171625
random,p10,9,0,4x4,0.3180778032036613
random,p10,9,1,1x3,0.843020594965675
random,p10,9,1,2x2,0.6169336384439359
random,p10,9,1,3x3,0.385812356979405
random,p10,9,1,4x4,0.26681922196796337
random,p10,9,2,1x3,0.85720823798627
random,p10,9,2,2x2,0.6636155606407322
random,p10,9,2,3x3,0.3702517162471396
random,p10,9,2,4x4,0.2448512585812357
random,p10,9,3,1x3,0.8622425629290618
random,p10,9,3,2x2,0.6759725400457666
random,p10,9,3,3x3,0.4691075514874142
random,p10,9,3,4x4,0.3505720823798627
random,p10,9,4,1x3,0.8668192219679633
random,p10,9,4,2x2,0.6919908466819222
random,p10,9,4,3x3,0.4270022883295195
random,p10,9,4,4x4,0.2974828375286041
random,p10,9,5,1x3,0.8654462242562929
random,p10,9,5,2x2,0.6750572082379863
random,p10,9,5,3x3,0.43935926773455375
random,p10,9,5,4x4,0.29839816933638447
random,p10,9,6,1x3,0.8745995423340961
random,p10,9,6,2x2,0.6919908466819222
random,p10,9,6,3x3,0.3940503432494279
random,p10,9,6,4x4,0.27414187643020593
random,p10,9,7,1x3,0.8498855835240274
random,p10,9,7,2x2,0.6787185354691075
random,p10,9,7,3x3,0.4421052631578947
random,p10,9,7,4x4,0.3025171624713959
random,p10,9,8,1x3,0.8713958810068649
random,p10,9,8,2x2,0.6292906178489702
random,p10,9,8,3x3,0.4022883295194508
random,p10,9,8,4x4,0.29016018306636154
random,p10,9,9,1x3,0.8576659038901602
random,p10,9,9,2x2,0.6691075514874142
random,p10,9,9,3x3,0.4439359267734554
random,p10,9,9,4x4,0.28832951945080093
random,p10,9,10,1x3,0.8755148741418765
random,p10,9,10,2x2,0.6416475972540046
random,p10,9,10,3x3,0.3816933638443936
random,p10,9,10,4x4,0.22608695652173913
random,p10,9,11,1x3,0.8466819221967964
random,p10,9,11,2x2,0.6265446224256292
random,p10,9,11,3x3,0.3565217391304348
random,p10,9,11,4x4,0.22379862700228834
random,p10,9,12,1x3,0.8562929061784897
random,p10,9,12,2x2,0.5359267734553775
random,p10,9,12,3x3,0.38032036613272313
random,p10,9,12,4x4,0.24897025171624715
random,p10,9,13,1x3,0.8590389016018307
random,p10,9,13,2x2,0.5189931350114416
random,p10,9,13,3x3,0.3560640732265446
random,p10,9,13,4x4,0.2787185354691076
random,p10,9,14,1x3,0.8155606407322654
random,p10,9,14,2x2,0.6297482837528604
random,p10,9,14,3x3,0.3954233409610984
random,p10,9,14,4x4,0.28421052631578947
random,p10,9,15,1x3,0.8869565217391304
random,p10,9,15,2x2,0.6851258581235697
random,p10,9,15,3x3,0.49107551487414186
random,p10,9,15,4x4,0.35560640732265447
random,p10,9,16,1x3,0.8636155606407323
random,p10,9,16,2x2,0.6846681922196797
random,p10,9,16,3x3,0.48558352402745997
random,p10,9,16,4x4,0.3565217391304348
random,p10,9,17,1x3,0.88558352402746
random,p10,9,17,2x2,0.682837528604119
random,p10,9,17,3x3,0.4654462242562929
random,p10,9,17,4x4,0.3130434782608696
random,p10,9,18,1x3,0.8736842105263158
random,p10,9,18,2x2,0.6645308924485126
random,p10,9,18,3x3,0.43295194508009155
random,p10,9,18,4x4,0.26910755148741416
random,p10,9,19,1x3,0.8590389016018307
random,p10,9,19,2x2,0.6823798627002289
random,p10,9,19,3x3,0.47185354691075515
random,p10,9,19,4x4,0.35469107551487417
random,p10,16,0,1x3,0.8810835629017447
random,p10,16,0,2x2,0.6882460973370065
random,p10,16,0,3x3,0.4889807162534435
random,p10,16,0,4x4,0.3581267217630854
random,p10,16,1,1x3,0.849862258953168
random,p10,16,1,2x2,0.6432506887052342
random,p10,16,1,3x3,0.38797061524334253
random,p10,16,1,4x4,0.27869605142332415
random,p10,16,2,1x3,0.8732782369146006
random,p10,16,2,2x2,0.6492194674012856
random,p10,16,2,3x3,0.44674012855831036
random,p10,16,2,4x4,0.33241505968778695
random,p10,16,3,1x3,0.8673094582185491
random,p10,16,3,2x2,0.6767676767676768
random,p10,16,3,3x3,0.45821854912764004
random,p10,16,3,4x4,0.330119375573921
random,p10,16,4,1x3,0.86455463728191
random,p10,16,4,2x2,0.6859504132231405
random,p10,16,4,3x3,0.39623507805325986
random,p10,16,4,4x4,0.2676767676767677
random,p10,16,5,1x3,0.8636363636363636
random,p10,16,5,2x2,0.667584940312213
random,p10,16,5,3x3,0.4398530762167126
random,p10,16,5,4x4,0.3034894398530762
random,p10,16,6,1x3,0.8365472910927456
random,p10,16,6,2x2,0.6179981634527089
random,p10,16,6,3x3,0.3576675849403122
random,p10,16,6,4x4,0.21717171717171718
random,p10,16,7,1x3,0.8558310376492194
random,p10,16,7,2x2,0.682277318640955
random,p10,16,7,3x3,0.3957759412304867
random,p10,16,7,4x4,0.27869605142332415
random,p10,16,8,1x3,0.8806244260789715
random,p10,16,8,2x2,0.6818181818181818
random,p10,16,8,3x3,0.4719926538108356
random,p10,16,8,4x4,0.3204775022956841
random,p10,16,9,1x3,0.8755739210284664
random,p10,16,9,2x2,0.6928374655647382
random,p10,16,9,3x3,0.4770431588613407
random,p10,16,9,4x4,0.33241505968778695
random,p10,16,10,1x3,0.8787878787878788
random,p10,16,10,2x2,0.6900826446280992
random,p10,16,10,3x3,0.47153351698806245
random,p10,16,10,4x4,0.32552800734618914
random,p10,16,11,1x3,0.8622589531680441
random,p10,16,11,2x2,0.6441689623507806
random,p10,16,11,3x3,0.43434343434343436
random,p10,16,11,4x4,0.3071625344352617
random,p10,16,12,1x3,0.8723599632690542
random,p10,16,12,2x2,0.6790633608815427
random,p10,16,12,3x3,0.4733700642791552
random,p10,16,12,4x4,0.33287419651056016
random,p10,16,13,1x3,0.8783287419651056
random,p10,16,13,2x2,0.6804407713498623
random,p10,16,13,3x3,0.4765840220385675
random,p10,16,13,4x4,0.31955922865013775
random,p10,16,14,1x3,0.8659320477502296
random,p10,16,14,2x2,0.682277318640955
random,p10,16,14,3x3,0.47428833792470154
random,p10,16,14,4x4,0.32598714416896235
random,p10,16,15,1x3,0.8608815426997245
random,p10,16,15,2x2,0.6845730027548209
random,p10,16,15,3x3,0.3370064279155188
random,p10,16,15,4x4,0.24839302112029385
random,p10,16,16,1x3,0.8682277318640955
random,p10,16,16,2x2,0.6845730027548209
random,p10,16,16,3x3,0.3351698806244261
random,p10,16,16,4x4,0.25206611570247933
random,p10,16,17,1x3,0.8787878787878788
random,p10,16,17,2x2,0.6845730027548209
random,p10,16,17,3x3,0.46510560146923785
random,p10,16,17,4x4,0.3342516069788797
random,p10,16,18,1x3,0.8732782369146006
random,p10,16,18,2x2,0.6689623507805326
random,p10,16,18,3x3,0.46648301193755737
random,p10,16,18,4x4,0.32231404958677684
random,p10,16,19,1x3,0.8764921946740128
random,p10,16,19,2x2,0.6928374655647382
random,p10,16,19,3x3,0.4839302112029385
random,p10,16,19,4x4,0.3627180899908173
first session,p10,1,0,1x3,0.8651471984805318
first session,p10,1,0,2x2,0.5569800569800569
first session,p10,1,0,3x3,0.3603988603988604
first session,p10,1,0,4x4,0.25925925925925924
first session,p10,1,1,1x3,0.8751187084520418
first session,p10,1,1,2x2,0.5014245014245015
first session,p10,1,1,3x3,0.3537511870845204
first session,p10,1,1,4x4,0.2502374169040836
first session,p10,1,2,1x3,0.7345679012345679
first session,p10,1,2,2x2,0.45963912630579296
first session,p10,1,2,3x3,0.3034188034188034
first session,p10,1,2,4x4,0.19183285849952517
first session,p10,1,3,1x3,0.8808167141500475
first session,p10,1,3,2x2,0.5208926875593543
first session,p10,1,3,3x3,0.3570750237416904
first session,p10,1,3,4x4,0.2526115859449193
first session,p10,1,4,1x3,0.8485280151946819
first session,p10,1,4,2x2,0.5232668566001899
first session,p10,1,4,3x3,0.3547008547008547
first session,p10,1,4,4x4,0.2587844254510921
first session,p10,1,5,1x3,0.8670465337132004
first session,p10,1,5,2x2,0.688034188034188
first session,p10,1,5,3x3,0.4472934472934473
first session,p10,1,5,4x4,0.30389363722697055
first session,p10,1,6,1x3,0.8869895536562203
first session,p10,1,6,2x2,0.6823361823361823
first session,p10,1,6,3x3,0.4382716049382716
first session,p10,1,6,4x4,0.2934472934472934
first session,p10,1,7,1x3,0.8670465337132004
first session,p10,1,7,2x2,0.688034188034188
first session,p10,1,7,3x3,0.4472934472934473
first session,p10,1,7,4x4,0.30389363722697055
first session,p10,1,8,1x3,0.8765432098765432
first session,p10,1,8,2x2,0.6771130104463438
first session,p10,1,8,3x3,0.4658119658119658
first session,p10,1,8,4x4,0.3395061728395062
first session,p10,1,9,1x3,0.7331433998100665
first session,p10,1,9,2x2,0.5641025641025641
first session,p10,1,9,3x3,0.3200379867046534
first session,p10,1,9,4x4,0.1932573599240266
first session,p10,1,10,1x3,0.8504273504273504
first session,p10,1,10,2x2,0.6832858499525166
first session,p10,1,10,3x3,0.4311490978157645
first session,p10,1,10,4x4,0.29154795821462487
first session,p10,1,11,1x3,0.7431149097815765
first session,p10,1,11,2x2,0.6282051282051282
first session,p10,1,11,3x3,0.3732193732193732
first session,p10,1,11,4x4,0.23741690408357075
first session,p10,1,12,1x3,0.8689458689458689
first session,p10,1,12,2x2,0.6419753086419753
first session,p10,1,12,3x3,0.41927825261158597
first session,p10,1,12,4x4,0.3157644824311491
first session,p10,1,13,1x3,0.7331433998100665
first session,p10,1,13,2x2,0.5641025641025641
first session,p10,1,13,3x3,0.3200379867046534
first session,p10,1,13,4x4,0.1932573599240266
first session,p10,1,14,1x3,0.8024691358024691
first session,p10,1,14,2x2,0.6429249762583096
first session,p10,1,14,3x3,0.3898385565052232
first session,p10,1,14,4x4,0.2573599240265907
first session,p10,1,15,1x3,0.8532763532763533
first session,p10,1,15,2x2,0.6780626780626781
first session,p10,1,15,3x3,0.44112060778727447
first session,p10,1,15,4x4,0.31339031339031337
first session,p10,1,16,1x3,0.8751187084520418
first session,p10,1,16,2x2,0.5014245014245015
first session,p10,1,16,3x3,0.3537511870845204
first session,p10,1,16,4x4,0.2502374169040836
first session,p10,1,17,1x3,0.8575498575498576
first session,p10,1,17,2x2,0.6771130104463438
first session,p10,1,17,3x3,0.439696106362773
first session,p10,1,17,4x4,0.31196581196581197
first session,p10,1,18,1x3,0.886039886039886
first session,p10,1,18,2x2,0.6771130104463438
first session,p10,1,18,3x3,0.43637226970560306
first session,p10,1,18,4x4,0.2882241215574549
first session,p10,1,19,1x3,0.8243114909781576
first session,p10,1,19,2x2,0.6756885090218424
first session,p10,1,19,3x3,0.41737891737891736
first session,p10,1,19,4x4,0.27587844254510924
first session,p10,3,0,1x3,0.8532763532763533
first session,p10,3,0,2x2,0.6652421652421653
first session,p10,3,0,3x3,0.44776828110161443
first session,p10,3,0,4x4,0.3238366571699905
first session,p10,3,1,1x3,0.8679962013295347
first session,p10,3,1,2x2,0.613960113960114
first session,p10,3,1,3x3,0.3936372269705603
first session,p10,3,1,4x4,0.2825261158594492
first session,p10,3,2,1x3,0.8689458689458689
first session,p10,3,2,2x2,0.6381766381766382
first session,p10,3,2,3x3,0.4045584045584046
first session,p10,3,2,4x4,0.2896486229819563
first session,p10,3,3,1x3,0.8698955365622032
first session,p10,3,3,2x2,0.6837606837606838
first session,p10,3,3,3x3,0.4544159544159544
first session,p10,3,3,4x4,0.32526115859449195
first session,p10,3,4,1x3,0.8300094966761633
first session,p10,3,4,2x2,0.49335232668566004
first session,p10,3,4,3x3,0.3409306742640076
first session,p10,3,4,4x4,0.2336182336182336
first session,p10,3,5,1x3,0.845679012345679
first session,p10,3,5,2x2,0.5047483380816714
first session,p10,3,5,3x3,0.33760683760683763
first session,p10,3,5,4x4,0.23504273504273504
first session,p10,3,6,1x3,0.8831908831908832
first session,p10,3,6,2x2,0.6975308641975309
first session,p10,3,6,3x3,0.47198480531813863
first session,p10,3,6,4x4,0.31861348528015193
first session,p10,3,7,1x3,0.8428300094966762
first session,p10,3,7,2x2,0.5641025641025641
first session,p10,3,7,3x3,0.3570750237416904
first session,p10,3,7,4x4,0.25213675213675213
first session,p10,3,8,1x3,0.8689458689458689
first session,p10,3,8,2x2,0.6856600189933523
first session,p10,3,8,3x3,0.4553656220322887
first session,p10,3,8,4x4,0.3200379867046534
first session,p10,3,9,1x3,0.7929724596391263
first session,p10,3,9,2x2,0.6163342830009497
first session,p10,3,9,3x3,0.3741690408357075
first session,p10,3,9,4x4,0.2630579297245964
first session,p10,3,10,1x3,0.8741690408357075
first session,p10,3,10,2x2,0.6875593542260209
first session,p10,3,10,3x3,0.4586894586894587
first session,p10,3,10,4x4,0.32905982905982906
first session,p10,3,11,1x3,0.8067426400759734
first session,p10,3,11,2x2,0.6419753086419753
first session,p10,3,11,3x3,0.3879392212725546
first session,p10,3,11,4x4,0.25925925925925924
first session,p10,3,12,1x3,0.8485280151946819
first session,p10,3,12,2x2,0.6585944919278253
first session,p10,3,12,3x3,0.4050332383665717
first session,p10,3,12,4x4,0.2896486229819563
first session,p10,3,13,1x3,0.7834757834757835
first session,p10,3,13,2x2,0.6210826210826211
first session,p10,3,13,3x3,0.3741690408357075
first session,p10,3,13,4x4,0.24169040835707503
first session,p10,3,14,1x3,0.8485280151946819
first session,p10,3,14,2x2,0.681386514719848
first session,p10,3,14,3x3,0.44349477682811017
first session,p10,3,14,4x4,0.31291547958214627
first session,p10,3,15,1x3,0.886039886039886
first session,p10,3,15,2x2,0.5660018993352327
first session,p10,3,15,3x3,0.37511870845204176
first session,p10,3,15,4x4,0.2668566001899335
first session,p10,3,16,1x3,0.8855650522317189
first session,p10,3,16,2x2,0.5693257359924027
first session,p10,3,16,3x3,0.37749287749287747
first session,p10,3,16,4x4,0.2716049382716049
first session,p10,3,17,1x3,0.8504273504273504
first session,p10,3,17,2x2,0.6263057929724596
first session,p10,3,17,3x3,0.39791073124406456
first session,p10,3,17,4x4,0.28205128205128205
first session,p10,3,18,1x3,0.8015194681861348
first session,p10,3,18,2x2,0.5512820512820513
first session,p10,3,18,3x3,0.3499525166191833
first session,p10,3,18,4x4,0.24169040835707503
first session,p10,3,19,1x3,0.8675213675213675
first session,p10,3,19,2x2,0.6191832858499525
first session,p10,3,19,3x3,0.38936372269705605
first session,p10,3,19,4x4,0.2701804368471035
first session,p10,5,0,1x3,0.8057929724596391
first session,p10,5,0,2x2,0.5868945868945868
first session,p10,5,0,3x3,0.34615384615384615
first session,p10,5,0,4x4,0.22364672364672364
first session,p10,5,1,1x3,0.8584995251661919
first session,p10,5,1,2x2,0.6025641025641025
first session,p10,5,1,3x3,0.4012345679012346
first session,p10,5,1,4x4,0.2720797720797721
first session,p10,5,2,1x3,0.8717948717948718
first session,p10,5,2,2x2,0.47198480531813863
first session,p10,5,2,3x3,0.3945868945868946
first session,p10,5,2,4x4,0.24691358024691357
first session,p10,5,3,1x3,0.8509021842355176
first session,p10,5,3,2x2,0.6448243114909782
first session,p10,5,3,3x3,0.4444444444444444
first session,p10,5,3,4x4,0.2934472934472934
first session,p10,5,4,1x3,0.7981956315289649
first session,p10,5,4,2x2,0.4358974358974359
first session,p10,5,4,3x3,0.31196581196581197
first session,p10,5,4,4x4,0.21082621082621084
first session,p10,5,5,1x3,0.8798670465337132
first session,p10,5,5,2x2,0.6918328584995251
first session,p10,5,5,3x3,0.33143399810066476
first session,p10,5,5,4x4,0.24358974358974358
first session,p10,5,6,1x3,0.852326685660019
first session,p10,5,6,2x2,0.6239316239316239
first session,p10,5,6,3x3,0.35422602089268757
first session,p10,5,6,4x4,0.2492877492877493
first session,p10,5,7,1x3,0.8798670465337132
first session,p10,5,7,2x2,0.49810066476733145
first session,p10,5,7,3x3,0.38224121557454893
first session,p10,5,7,4x4,0.2559354226020893
first session,p10,5,8,1x3,0.7777777777777778
first session,p10,5,8,2x2,0.6201329534662868
first session,p10,5,8,3x3,0.38603988603988604
first session,p10,5,8,4x4,0.27397910731244063
first session,p10,5,9,1x3,0.7977207977207977
first session,p10,5,9,2x2,0.6533713200379867
first session,p10,5,9,3x3,0.4301994301994302
first session,p10,5,9,4x4,0.2924976258309592
first session,p10,5,10,1x3,0.8048433048433048
first session,p10,5,10,2x2,0.6595441595441596
first session,p10,5,10,3x3,0.3898385565052232
first session,p10,5,10,4x4,0.22744539411206077
first session,p10,5,11,1x3,0.8485280151946819
first session,p10,5,11,2x2,0.6885090218423552
first session,p10,5,11,3x3,0.4287749287749288
first session,p10,5,11,4x4,0.2849002849002849
first session,p10,5,12,1x3,0.8499525166191833
first session,p10,5,12,2x2,0.6566951566951567
first session,p10,5,12,3x3,0.33143399810066476
first session,p10,5,12,4x4,0.23029439696106363
first session,p10,5,13,1x3,0.879392212725546
first session,p10,5,13,2x2,0.49097815764482433
first session,p10,5,13,3x3,0.37464387464387466
first session,p10,5,13,4x4,0.24406457739791074
first session,p10,5,14,1x3,0.8542260208926875
first session,p10,5,14,2x2,0.6614434947768281
first session,p10,5,14,3x3,0.4012345679012346
first session,p10,5,14,4x4,0.26638176638176636
first session,p10,5,15,1x3,0.8679962013295347
first session,p10,5,15,2x2,0.6704653371320038
first session,p10,5,15,3x3,0.4591642924976258
first session,p10,5,15,4x4,0.32811016144349475
first session,p10,5,16,1x3,0.8366571699905033
first session,p10,5,16,2x2,0.657644824311491
first session,p10,5,16,3x3,0.34283000949667614
first session,p10,5,16,4x4,0.22839506172839505
first session,p10,5,17,1x3,0.8812915479582146
first session,p10,5,17,2x2,0.6856600189933523
first session,p10,5,17,3x3,0.4805318138651472
first session,p10,5,17,4x4,0.35944919278252613
first session,p10,5,18,1x3,0.7611585944919278
first session,p10,5,18,2x2,0.5759734093067427
first session,p10,5,18,3x3,0.3466286799620133
first session,p10,5,18,4x4,0.22174738841405509
first session,p10,5,19,1x3,0.869420702754036
first session,p10,5,19,2x2,0.6685660018993352
first session,p10,5,19,3x3,0.45251661918328584
first session,p10,5,19,4x4,0.31861348528015193
first session,p10,9,0,1x3,0.8418803418803419
first session,p10,9,0,2x2,0.51661918328585
first session,p10,9,0,3x3,0.37844254510921177
first session,p10,9,0,4x4,0.25688509021842354
first session,p10,9,1,1x3,0.862298195631529
first session,p10,9,1,2x2,0.6728395061728395
first session,p10,9,1,3x3,0.4406457739791073
first session,p10,9,1,4x4,0.30721747388414056
first session,p10,9,2,1x3,0.8475783475783476
first session,p10,9,2,2x2,0.5963912630579298
first session,p10,9,2,3x3,0.3637226970560304
first session,p10,9,2,4x4,0.24786324786324787
first session,p10,9,3,1x3,0.8603988603988604
first session,p10,9,3,2x2,0.6115859449192782
first session,p10,9,3,3x3,0.35802469135802467
first session,p10,9,3,4x4,0.25546058879392214
first session,p10,9,4,1x3,0.8822412155745489
first session,p10,9,4,2x2,0.6856600189933523
first session,p10,9,4,3x3,0.3537511870845204
first session,p10,9,4,4x4,0.24976258309591642
first session,p10,9,5,1x3,0.6619183285849952
first session,p10,9,5,2x2,0.6652421652421653
first session,p10,9,5,3x3,0.3433048433048433
first session,p10,9,5,4x4,0.21367521367521367
first session,p10,9,6,1x3,0.8561253561253561
first session,p10,9,6,2x2,0.6951566951566952
first session,p10,9,6,3x3,0.4382716049382716
first session,p10,9,6,4x4,0.30246913580246915
first session,p10,9,7,1x3,0.872269705603039
first session,p10,9,7,2x2,0.6519468186134852
first session,p10,9,7,3x3,0.37606837606837606
first session,p10,9,7,4x4,0.27730294396961064
first session,p10,9,8,1x3,0.8471035137701804
first session,p10,9,8,2x2,0.6799620132953467
first session,p10,9,8,3x3,0.44112060778727447
first session,p10,9,8,4x4,0.305318138651472
first session,p10,9,9,1x3,0.7592592592592593
first session,p10,9,9,2x2,0.6505223171889839
first session,p10,9,9,3x3,0.4140550807217474
first session,p10,9,9,4x4,0.2692307692307692
first session,p10,9,10,1x3,0.8447293447293447
first session,p10,9,10,2x2,0.6676163342830009
first session,p10,9,10,3x3,0.3513770180436847
first session,p10,9,10,4x4,0.2559354226020893
first session,p10,9,11,1x3,0.8518518518518519
first session,p10,9,11,2x2,0.46201329534662866
first session,p10,9,11,3x3,0.3570750237416904
first session,p10,9,11,4x4,0.24548907882241217
first session,p10,9,12,1x3,0.8713200379867047
first session,p10,9,12,2x2,0.6628679962013295
first session,p10,9,12,3x3,0.4392212725546059
first session,p10,9,12,4x4,0.30151946818613484
first session,p10,9,13,1x3,0.8509021842355176
first session,p10,9,13,2x2,0.5327635327635327
first session,p10,9,13,3x3,0.3684710351377018
first session,p10,9,13,4x4,0.2459639126305793
first session,p10,9,14,1x3,0.8095916429249762
first session,p10,9,14,2x2,0.6248812915479582
first session,p10,9,14,3x3,0.41358024691358025
first session,p10,9,14,4x4,0.2678062678062678
first session,p10,9,15,1x3,0.8347578347578347
first session,p10,9,15,2x2,0.6324786324786325
first session,p10,9,15,3x3,0.3475783475783476
first session,p10,9,15,4x4,0.23646723646723647
first session,p10,9,16,1x3,0.8580246913580247
first session,p10,9,16,2x2,0.6695156695156695
first session,p10,9,16,3x3,0.4691358024691358
first session,p10,9,16,4x4,0.3138651471984805
first session,p10,9,17,1x3,0.8627730294396961
first session,p10,9,17,2x2,0.6851851851851852
first session,p10,9,17,3x3,0.45821462488129155
first session,p10,9,17,4x4,0.3167141500474834
first session,p10,9,18,1x3,0.8480531813865148
first session,p10,9,18,2x2,0.48670465337132
first session,p10,9,18,3x3,0.3755935422602089
first session,p10,9,18,4x4,0.21557454890788225
first session,p10,9,19,1x3,0.8637226970560304
first session,p10,9,19,2x2,0.6951566951566952
first session,p10,9,19,3x3,0.4700854700854701
first session,p10,9,19,4x4,0.32431149097815765
first session,p10,16,0,1x3,0.8480531813865148
first session,p10,16,0,2x2,0.6585944919278253
first session,p10,16,0,3x3,0.4017094017094017
first session,p10,16,0,4x4,0.28205128205128205
first session,p10,16,1,1x3,0.8765432098765432
first session,p10,16,1,2x2,0.6609686609686609
first session,p10,16,1,3x3,0.41737891737891736
first session,p10,16,1,4x4,0.2872744539411206
first session,p10,16,2,1x3,0.8736942070275404
first session,p10,16,2,2x2,0.6823361823361823
first session,p10,16,2,3x3,0.46533713200379867
first session,p10,16,2,4x4,0.32193732193732194
first session,p10,16,3,1x3,0.8670465337132004
first session,p10,16,3,2x2,0.6756885090218424
first session,p10,16,3,3x3,0.4301994301994302
first session,p10,16,3,4x4,0.3005698005698006
first session,p10,16,4,1x3,0.8580246913580247
first session,p10,16,4,2x2,0.6571699905033238
first session,p10,16,4,3x3,0.443019943019943
first session,p10,16,4,4x4,0.301994301994302
first session,p10,16,5,1x3,0.8812915479582146
first session,p10,16,5,2x2,0.6942070275403609
first session,p10,16,5,3x3,0.4335232668566002
first session,p10,16,5,4x4,0.2996201329534663
first session,p10,16,6,1x3,0.8713200379867047
first session,p10,16,6,2x2,0.6733143399810066
first session,p10,16,6,3x3,0.4069325735992403
first session,p10,16,6,4x4,0.27587844254510924
first session,p10,16,7,1x3,0.8798670465337132
first session,p10,16,7,2x2,0.6671415004748338
first session,p10,16,7,3x3,0.4392212725546059
first session,p10,16,7,4x4,0.2872744539411206
first session,p10,16,8,1x3,0.8466286799620133
first session,p10,16,8,2x2,0.6557454890788225
first session,p10,16,8,3x3,0.38841405508072174
first session,p10,16,8,4x4,0.2744539411206078
first session,p10,16,9,1x3,0.8608736942070275
first session,p10,16,9,2x2,0.6457739791073125
first session,p10,16,9,3x3,0.39173789173789175
first session,p10,16,9,4x4,0.27967711301044634
first session,p10,16,10,1x3,0.8675213675213675
first session,p10,16,10,2x2,0.5223171889838556
first session,p10,16,10,3x3,0.3879392212725546
first session,p10,16,10,4x4,0.24643874643874644
first session,p10,16,11,1x3,0.8656220322886989
first session,p10,16,11,2x2,0.6657169990503324
first session,p10,16,11,3x3,0.4021842355175689
first session,p10,16,11,4x4,0.2863247863247863
first session,p10,16,12,1x3,0.8741690408357075
first session,p10,16,12,2x2,0.6818613485280152
first session,p10,16,12,3x3,0.44634377967711303
first session,p10,16,12,4x4,0.31054131054131057
first session,p10,16,13,1x3,0.8850902184235517
first session,p10,16,13,2x2,0.6794871794871795
first session,p10,16,13,3x3,0.3561253561253561
first session,p10,16,13,4x4,0.2312440645773979
first session,p10,16,14,1x3,0.8646723646723646
first session,p10,16,14,2x2,0.6438746438746439
first session,p10,16,14,3x3,0.3627730294396961
first session,p10,16,14,4x4,0.24691358024691357
first session,p10,16,15,1x3,0.8656220322886989
first session,p10,16,15,2x2,0.6832858499525166
first session,p10,16,15,3x3,0.38509021842355173
first session,p10,16,15,4x4,0.28300094966761635
first session,p10,16,16,1x3,0.8698955365622032
first session,p10,16,16,2x2,0.6424501424501424
first session,p10,16,16,3x3,0.3936372269705603
first session,p10,16,16,4x4,0.28300094966761635
first session,p10,16,17,1x3,0.8499525166191833
first session,p10,16,17,2x2,0.6381766381766382
first session,p10,16,17,3x3,0.3789173789173789
first session,p10,16,17,4x4,0.27113010446343777
first session,p10,16,18,1x3,0.8433048433048433
first session,p10,16,18,2x2,0.6082621082621082
first session,p10,16,18,3x3,0.3817663817663818
first session,p10,16,18,4x4,0.2426400759734093
first session,p10,16,19,1x3,0.8618233618233618
first session,p10,16,19,2x2,0.6562203228869895
first session,p10,16,19,3x3,0.39173789173789175
first session,p10,16,19,4x4,0.27492877492877493
random,p11,1,0,1x3,0.8328173374613003
random,p11,1,0,2x2,0.6828836797877046
random,p11,1,0,3x3,0.4577620521892968
random,p11,1,0,4x4,0.30915524104378594
random,p11,1,1,1x3,0.6435205661211854
random,p11,1,1,2x2,0.40468819106590004
random,p11,1,1,3x3,0.21671826625386997
random,p11,1,1,4x4,0.11322423706324636
random,p11,1,2,1x3,0.7372843874391862
random,p11,1,2,2x2,0.6514816452896949
random,p11,1,2,3x3,0.40468819106590004
random,p11,1,2,4x4,0.26581158779301195
random,p11,1,3,1x3,0.8009730207872623
random,p11,1,3,2x2,0.616983635559487
random,p11,1,3,3x3,0.3861123396727112
random,p11,1,3,4x4,0.2773109243697479
random,p11,1,4,1x3,0.8306059265811587
random,p11,1,4,2x2,0.6842105263157895
random,p11,1,4,3x3,0.4232640424590889
random,p11,1,4,4x4,0.30429013710747455
random,p11,1,5,1x3,0.7368421052631579
random,p11,1,5,2x2,0.6444051304732419
random,p11,1,5,3x3,0.3878814683768244
random,p11,1,5,4x4,0.2476780185758514
random,p11,1,6,1x3,0.8310482087571871
random,p11,1,6,2x2,0.6735957540911102
random,p11,1,6,3x3,0.4475895621406457
random,p11,1,6,4x4,0.31180893409995575
random,p11,1,7,1x3,0.5042016806722689
random,p11,1,7,2x2,0.5537372843874392
random,p11,1,7,3x3,0.2848297213622291
random,p11,1,7,4x4,0.15568332596196374
random,p11,1,8,1x3,0.8182220256523662
random,p11,1,8,2x2,0.6780185758513931
random,p11,1,8,3x3,0.4515701017249005
random,p11,1,8,4x4,0.3007518796992481
random,p11,1,9,1x3,0.8306059265811587
random,p11,1,9,2x2,0.5944272445820433
random,p11,1,9,3x3,0.3799203892083149
random,p11,1,9,4x4,0.27200353825740825
random,p11,1,10,1x3,0.7368421052631579
random,p11,1,10,2x2,0.6218487394957983
random,p11,1,10,3x3,0.3710747456877488
random,p11,1,10,4x4,0.23131357806280406
random,p11,1,11,1x3,0.8235294117647058
random,p11,1,11,2x2,0.6231755860238832
random,p11,1,11,3x3,0.3940734188412207
random,p11,1,11,4x4,0.28527200353825743
random,p11,1,12,1x3,0.8226448474126493
random,p11,1,12,2x2,0.7023440955329501
random,p11,1,12,3x3,0.46351172047766476
random,p11,1,12,4x4,0.3087129588677576
random,p11,1,13,1x3,0.7293233082706767
random,p11,1,13,2x2,0.518796992481203
random,p11,1,13,3x3,0.32551968155683325
random,p11,1,13,4x4,0.20743034055727555
random,p11,1,14,1x3,0.799203892083149
random,p11,1,14,2x2,0.6165413533834586
random,p11,1,14,3x3,0.3732861565678903
random,p11,1,14,4x4,0.27333038478549315
random,p11,1,15,1x3,0.8319327731092437
random,p11,1,15,2x2,0.5670057496682883
random,p11,1,15,3x3,0.3507297655904467
random,p11,1,15,4x4,0.25342768686421935
random,p11,1,16,1x3,0.820875718708536
random,p11,1,16,2x2,0.7001326846528085
random,p11,1,16,3x3,0.46041574524546663
random,p11,1,16,4x4,0.30915524104378594
random,p11,1,17,1x3,0.8151260504201681
random,p11,1,17,2x2,0.6912870411322424
random,p11,1,17,3x3,0.4582043343653251
random,p11,1,17,4x4,0.30473241928350286
random,p11,1,18,1x3,0.8204334365325078
random,p11,1,18,2x2,0.7019018133569217
random,p11,1,18,3x3,0.45112781954887216
random,p11,1,18,4x4,0.3087129588677576
random,p11,1,19,1x3,0.7952233524988943
random,p11,1,19,2x2,0.5944272445820433
random,p11,1,19,3x3,0.34763379035824854
random,p11,1,19,4x4,0.2410437859354268
random,p11,3,0,1x3,0.8131916777335104
random,p11,3,0,2x2,0.5830013280212484
random,p11,3,0,3x3,0.35812306330234617
random,p11,3,0,4x4,0.26206285967242143
random,p11,3,1,1x3,0.8300132802124834
random,p11,3,1,2x2,0.6693227091633466
random,p11,3,1,3x3,0.40947321823815847
random,p11,3,1,4x4,0.2965914121292607
random,p11,3,2,1x3,0.813634351482957
random,p11,3,2,2x2,0.6896857016378929
random,p11,3,2,3x3,0.4577246569278442
random,p11,3,2,4x4,0.3085436033643205
random,p11,3,3,1x3,0.8087649402390438
random,p11,3,3,2x2,0.6086764054891545
random,p11,3,3,3x3,0.3749446657813192
random,p11,3,3,4x4,0.27445772465692786
random,p11,3,4,1x3,0.8251438689685702
random,p11,3,4,2x2,0.684373616644533
random,p11,3,4,3x3,0.44975652943780436
random,p11,3,4,4x4,0.30898627711376714
random,p11,3,5,1x3,0.7051792828685259
random,p11,3,5,2x2,0.5285524568393094
random,p11,3,5,3x3,0.29880478087649404
random,p11,3,5,4x4,0.17928286852589642
random,p11,3,6,1x3,0.8207171314741036
random,p11,3,6,2x2,0.6768481629039398
random,p11,3,6,3x3,0.4125719344842851
random,p11,3,6,4x4,0.28375387339530767
random,p11,3,7,1x3,0.7197875166002656
random,p11,3,7,2x2,0.650730411686587
random,p11,3,7,3x3,0.41478530323151835
random,p11,3,7,4x4,0.2518813634351483
random,p11,3,8,1x3,0.8127490039840638
random,p11,3,8,2x2,0.6923417441345728
random,p11,3,8,3x3,0.4271801682160248
random,p11,3,8,4x4,0.2926073483842408
random,p11,3,9,1x3,0.8220451527224436
random,p11,3,9,2x2,0.6980965028773793
random,p11,3,9,3x3,0.4524125719344843
random,p11,3,9,4x4,0.3138556883576804
random,p11,3,10,1x3,0.8154050464807437
random,p11,3,10,2x2,0.6272687029659141
random,p11,3,10,3x3,0.3988490482514387
random,p11,3,10,4x4,0.28596724214254093
random,p11,3,11,1x3,0.8313413014608234
random,p11,3,11,2x2,0.6954404603806994
random,p11,3,11,3x3,0.4679061531651173
random,p11,3,11,4x4,0.3160690571049137
random,p11,3,12,1x3,0.8291279327135901
random,p11,3,12,2x2,0.687029659141213
random,p11,3,12,3x3,0.46215139442231074
random,p11,3,12,4x4,0.314298362107127
random,p11,3,13,1x3,0.7861885790172642
random,p11,3,13,2x2,0.6321381142098274
random,p11,3,13,3x3,0.3930942895086321
random,p11,3,13,4x4,0.2793271359008411
random,p11,3,14,1x3,0.83178397521027
random,p11,3,14,2x2,0.5949535192563081
random,p11,3,14,3x3,0.3789287295263391
random,p11,3,14,4x4,0.2718016821602479
random,p11,3,15,1x3,0.8007968127490039
random,p11,3,15,2x2,0.4997786631252767
random,p11,3,15,3x3,0.3160690571049137
random,p11,3,15,4x4,0.23019034971226207
random,p11,3,16,1x3,0.7950420540061974
random,p11,3,16,2x2,0.6879150066401063
random,p11,3,16,3x3,0.44665781319167774
random,p11,3,16,4x4,0.29880478087649404
random,p11,3,17,1x3,0.8282425852146967
random,p11,3,17,2x2,0.7056219566179726
random,p11,3,17,3x3,0.46569278441788403
random,p11,3,17,4x4,0.315626383355467
random,p11,3,18,1x3,0.8012394864984507
random,p11,3,18,2x2,0.6502877379371403
random,p11,3,18,3x3,0.4196547144754316
random,p11,3,18,4x4,0.2779991146525011
random,p11,3,19,1x3,0.8300132802124834
random,p11,3,19,2x2,0.5205843293492696
random,p11,3,19,3x3,0.3426294820717131
random,p11,3,19,4x4,0.2359451084550686
random,p11,5,0,1x3,0.8303057155516171
random,p11,5,0,2x2,0.5782011519716438
random,p11,5,0,3x3,0.40230394328754987
random,p11,5,0,4x4,0.24368630926007975
random,p11,5,1,1x3,0.8183429330970314
random,p11,5,1,2x2,0.6964997784669916
random,p11,5,1,3x3,0.47319450598139123
random,p11,5,1,4x4,0.3225520602569783
random,p11,5,2,1x3,0.7930881701373504
random,p11,5,2,2x2,0.6978289765175011
random,p11,5,2,3x3,0.46743464776251664
random,p11,5,2,4x4,0.31103234381922906
random,p11,5,3,1x3,0.8334071776694727
random,p11,5,3,2x2,0.5073105892778024
random,p11,5,3,3x3,0.3500221533008418
random,p11,5,3,4x4,0.23659725299069562
random,p11,5,4,1x3,0.8232166592822331
random,p11,5,4,2x2,0.6561807709348693
random,p11,5,4,3x3,0.35445281346920693
random,p11,5,4,4x4,0.24147097917589722
random,p11,5,5,1x3,0.8307487815684537
random,p11,5,5,2x2,0.6708019494904741
random,p11,5,5,3x3,0.3730615861763403
random,p11,5,5,4x4,0.25919361984935757
random,p11,5,6,1x3,0.7532122286220647
random,p11,5,6,2x2,0.6947275143996455
random,p11,5,6,3x3,0.4386353566681436
random,p11,5,6,4x4,0.27470093043863536
random,p11,5,7,1x3,0.7913159060700045
random,p11,5,7,2x2,0.6863092600797519
random,p11,5,7,3x3,0.3894550287992911
random,p11,5,7,4x4,0.23216659282233051
random,p11,5,8,1x3,0.6021267168808152
random,p11,5,8,2x2,0.6557377049180327
random,p11,5,8,3x3,0.25963668586619404
random,p11,5,8,4x4,0.1488701816570669
random,p11,5,9,1x3,0.8320779796189632
random,p11,5,9,2x2,0.6464333185644661
random,p11,5,9,3x3,0.38369517058041647
random,p11,5,9,4x4,0.281346920691183
random,p11,5,10,1x3,0.8218874612317235
random,p11,5,10,2x2,0.6858661940629154
random,p11,5,10,3x3,0.4727514399645547
random,p11,5,10,4x4,0.3238812583074878
random,p11,5,11,1x3,0.8103677447939743
random,p11,5,11,2x2,0.6973859105006646
random,p11,5,11,3x3,0.47319450598139123
random,p11,5,11,4x4,0.33761630482941957
random,p11,5,12,1x3,0.8311918475852902
random,p11,5,12,2x2,0.6991581745680107
random,p11,5,12,3x3,0.4918032786885246
random,p11,5,12,4x4,0.3526805494018609
random,p11,5,13,1x3,0.8210013291980505
random,p11,5,13,2x2,0.671688081524147
random,p11,5,13,3x3,0.44350908285334517
random,p11,5,13,4x4,0.3070447496677005
random,p11,5,14,1x3,0.820558263181214
random,p11,5,14,2x2,0.6920691182986265
random,p11,5,14,3x3,0.44306601683650865
random,p11,5,14,4x4,0.31679220203810365
random,p11,5,15,1x3,0.7766947275143996
random,p11,5,15,2x2,0.669029685423128
random,p11,5,15,3x3,0.4058484714222419
random,p11,5,15,4x4,0.2778023925564909
random,p11,5,16,1x3,0.8046078865750997
random,p11,5,16,2x2,0.6960567124501551
random,p11,5,16,3x3,0.4594594594594595
random,p11,5,16,4x4,0.3172352680549402
random,p11,5,17,1x3,0.8298626495347807
random,p11,5,17,2x2,0.7013735046521932
random,p11,5,17,3x3,0.42844483828090385
random,p11,5,17,4x4,0.30350022153300843
random,p11,5,18,1x3,0.8249889233495791
random,p11,5,18,2x2,0.7080194949047408
random,p11,5,18,3x3,0.46832077979618963
random,p11,5,18,4x4,0.32033673017279574
random,p11,5,19,1x3,0.8210013291980505
random,p11,5,19,2x2,0.6991581745680107
random,p11,5,19,3x3,0.45768719539211344
random,p11,5,19,4x4,0.32432432432432434
random,p11,9,0,1x3,0.8304482911673324
random,p11,9,0,2x2,0.7003994673768309
random,p11,9,0,3x3,0.367953839325344
random,p11,9,0,4x4,0.2623169107856192
random,p11,9,1,1x3,0.8206835330670218
random,p11,9,1,2x2,0.698624056813138
random,p11,9,1,3x3,0.45006657789613846
random,p11,9,1,4x4,0.29427430093209056
random,p11,9,2,1x3,0.829560585885486
random,p11,9,2,2x2,0.6995117620949844
random,p11,9,2,3x3,0.48601864181091875
random,p11,9,2,4x4,0.3280071016422548
random,p11,9,3,1x3,0.8286728806036396
random,p11,9,3,2x2,0.7021748779405238
random,p11,9,3,3x3,0.4216600088770528
random,p11,9,3,4x4,0.2818464269862406
random,p11,9,4,1x3,0.8255659121171771
random,p11,9,4,2x2,0.6995117620949844
random,p11,9,4,3x3,0.4944518419884598
random,p11,9,4,4x4,0.3448735019973369
random,p11,9,5,1x3,0.8242343541944075
random,p11,9,5,2x2,0.698624056813138
random,p11,9,5,3x3,0.48246782068353306
random,p11,9,5,4x4,0.31025299600532624
random,p11,9,6,1x3,0.7856191744340879
random,p11,9,6,2x2,0.6977363515312917
random,p11,9,6,3x3,0.4340878828229028
random,p11,9,6,4x4,0.30758988015978694
random,p11,9,7,1x3,0.8184642698624057
random,p11,9,7,2x2,0.6964047936085219
random,p11,9,7,3x3,0.48468708388814913
random,p11,9,7,4x4,0.32001775410563693
random,p11,9,8,1x3,0.8162450066577897
random,p11,9,8,2x2,0.6990679094540613
random,p11,9,8,3x3,0.4766977363515313
random,p11,9,8,4x4,0.3186861961828673
random,p11,9,9,1x3,0.8220150909897914
random,p11,9,9,2x2,0.7083888149134487
random,p11,9,9,3x3,0.4806924101198402
random,p11,9,9,4x4,0.33288948069241014
random,p11,9,10,1x3,0.7723035952063915
random,p11,9,10,2x2,0.6879715934309809
random,p11,9,10,3x3,0.43985796715490455
random,p11,9,10,4x4,0.2867288060363959
random,p11,9,11,1x3,0.8291167332445628
random,p11,9,11,2x2,0.6999556147359077
random,p11,9,11,3x3,0.49489569462938304
random,p11,9,11,4x4,0.3484243231247226
random,p11,9,12,1x3,0.8277851753217932
random,p11,9,12,2x2,0.7003994673768309
random,p11,9,12,3x3,0.453173546382601
random,p11,9,12,4x4,0.3031513537505548
random,p11,9,13,1x3,0.7931646693297825
random,p11,9,13,2x2,0.6955170883266756
random,p11,9,13,3x3,0.45849977807367953
random,p11,9,13,4x4,0.30537061695517087
random,p11,9,14,1x3,0.8304482911673324
random,p11,9,14,2x2,0.6799822458943631
random,p11,9,14,3x3,0.4442964935641367
random,p11,9,14,4x4,0.3031513537505548
random,p11,9,15,1x3,0.8242343541944075
random,p11,9,15,2x2,0.6977363515312917
random,p11,9,15,3x3,0.49001331557922767
random,p11,9,15,4x4,0.3288948069241012
random,p11,9,16,1x3,0.8300044385264093
random,p11,9,16,2x2,0.6262760763426543
random,p11,9,16,3x3,0.38526409232134934
random,p11,9,16,4x4,0.25033288948069243
random,p11,9,17,1x3,0.8326675543719485
random,p11,9,17,2x2,0.7012871726586773
random,p11,9,17,3x3,0.401242787394585
random,p11,9,17,4x4,0.2720816688859299
random,p11,9,18,1x3,0.8326675543719485
random,p11,9,18,2x2,0.7008433200177541
random,p11,9,18,3x3,0.4780292942743009
random,p11,9,18,4x4,0.343098091433644
random,p11,9,19,1x3,0.817132711939636
random,p11,9,19,2x2,0.7030625832223701
random,p11,9,19,3x3,0.40923213493120286
random,p11,9,19,4x4,0.2760763426542388
random,p11,16,0,1x3,0.8241317898486198
random,p11,16,0,2x2,0.7025823686553874
random,p11,16,0,3x3,0.41763134461264473
random,p11,16,0,4x4,0.27827248441674085
random,p11,16,1,1x3,0.8201246660730187
random,p11,16,1,2x2,0.6914514692787177
random,p11,16,1,3x3,0.4608192341941229
random,p11,16,1,4x4,0.3081032947462155
random,p11,16,2,1x3,0.8334817453250223
random,p11,16,2,2x2,0.6999109528049866
random,p11,16,2,3x3,0.4817453250222618
random,p11,16,2,4x4,0.3303650934995548
random,p11,16,3,1x3,0.8308103294746215
random,p11,16,3,2x2,0.6918967052537845
random,p11,16,3,3x3,0.47061442564559214
random,p11,16,3,4x4,0.3321460373998219
random,p11,16,4,1x3,0.8210151380231523
random,p11,16,4,2x2,0.6976847729296527
random,p11,16,4,3x3,0.4902048085485307
random,p11,16,4,4x4,0.3370436331255565
random,p11,16,5,1x3,0.8312555654496884
random,p11,16,5,2x2,0.7021371326803205
random,p11,16,5,3x3,0.44568121104185215
random,p11,16,5,4x4,0.3027604630454141
random,p11,16,6,1x3,0.8303650934995548
random,p11,16,6,2x2,0.7061442564559216
random,p11,16,6,3x3,0.42742653606411396
random,p11,16,6,4x4,0.3014247551202137
random,p11,16,7,1x3,0.8174532502226179
random,p11,16,7,2x2,0.697239536954586
random,p11,16,7,3x3,0.46482635796972394
random,p11,16,7,4x4,0.3201246660730187
random,p11,16,8,1x3,0.8219056099732859
random,p11,16,8,2x2,0.684772929652716
random,p11,16,8,3x3,0.3388245770258237
random,p11,16,8,4x4,0.24265360641139805
random,p11,16,9,1x3,0.8281389136242209
random,p11,16,9,2x2,0.7056990204808549
random,p11,16,9,3x3,0.4505788067675868
random,p11,16,9,4x4,0.3081032947462155
random,p11,16,10,1x3,0.8201246660730187
random,p11,16,10,2x2,0.6954585930543188
random,p11,16,10,3x3,0.45636687444345503
random,p11,16,10,4x4,0.2951914514692787
random,p11,16,11,1x3,0.8245770258236865
random,p11,16,11,2x2,0.705253784505788
random,p11,16,11,3x3,0.4826357969723954
random,p11,16,11,4x4,0.3250222617987533
random,p11,16,12,1x3,0.8281389136242209
random,p11,16,12,2x2,0.6999109528049866
random,p11,16,12,3x3,0.4764024933214604
random,p11,16,12,4x4,0.3348174532502226
random,p11,16,13,1x3,0.8303650934995548
random,p11,16,13,2x2,0.6914514692787177
random,p11,16,13,3x3,0.4358860195903829
random,p11,16,13,4x4,0.286286731967943
random,p11,16,14,1x3,0.827693677649154
random,p11,16,14,2x2,0.7056990204808549
random,p11,16,14,3x3,0.44568121104185215
random,p11,16,14,4x4,0.3081032947462155
random,p11,16,15,1x3,0.8308103294746215
random,p11,16,15,2x2,0.7003561887800535
random,p11,16,15,3x3,0.4666073018699911
random,p11,16,15,4x4,0.3210151380231523
random,p11,16,16,1x3,0.8272484416740873
random,p11,16,16,2x2,0.7025823686553874
random,p11,16,16,3x3,0.45191451469278715
random,p11,16,16,4x4,0.3178984861976848
random,p11,16,17,1x3,0.8263579697239537
random,p11,16,17,2x2,0.6500445235975066
random,p11,16,17,3x3,0.38512911843276937
random,p11,16,17,4x4,0.2831700801424755
random,p11,16,18,1x3,0.8303650934995548
random,p11,16,18,2x2,0.7016918967052538
random,p11,16,18,3x3,0.4808548530721282
random,p11,16,18,4x4,0.3219056099732858
random,p11,16,19,1x3,0.8170080142475512
random,p11,16,19,2x2,0.6905609973285841
random,p11,16,19,3x3,0.41674087266251114
random,p11,16,19,4x4,0.28851291184327693
first session,p11,1,0,1x3,0.8221225710014948
first session,p11,1,0,2x2,0.5635276532137519
first session,p11,1,0,3x3,0.34479322371699056
first session,p11,1,0,4x4,0.25759840558046837
first session,p11,1,1,1x3,0.6113602391629297
first session,p11,1,1,2x2,0.6283009466865969
first session,p11,1,1,3x3,0.3393124065769806
first session,p11,1,1,4x4,0.17638266068759342
first session,p11,1,2,1x3,0.8290981564524166
first session,p11,1,2,2x2,0.5889387144992526
first session,p11,1,2,3x3,0.37668161434977576
first session,p11,1,2,4x4,0.26557050323866466
first session,p11,1,3,1x3,0.8340807174887892
first session,p11,1,3,2x2,0.5032386646736422
first session,p11,1,3,3x3,0.3388141504733433
first session,p11,1,3,4x4,0.23168908819133036
first session,p11,1,4,1x3,0.7887394120577977
first session,p11,1,4,2x2,0.5819631290483308
first session,p11,1,4,3x3,0.3577478824115595
first session,p11,1,4,4x4,0.2341803687095167
first session,p11,1,5,1x3,0.8176382660687593
first session,p11,1,5,2x2,0.4588938714499253
first session,p11,1,5,3x3,0.28051818634778275
first session,p11,1,5,4x4,0.17588440458395616
first session,p11,1,6,1x3,0.630293971101146
first session,p11,1,6,2x2,0.5505729945191828
first session,p11,1,6,3x3,0.2974588938714499
first session,p11,1,6,4x4,0.1783756851021425
first session,p11,1,7,1x3,0.7982062780269058
first session,p11,1,7,2x2,0.6890881913303438
first session,p11,1,7,3x3,0.4289985052316891
first session,p11,1,7,4x4,0.29048330842052816
first session,p11,1,8,1x3,0.8340807174887892
first session,p11,1,8,2x2,0.46038863976083705
first session,p11,1,8,3x3,0.2894867962132536
first session,p11,1,8,4x4,0.1983059292476333
first session,p11,1,9,1x3,0.7643248629795715
first session,p11,1,9,2x2,0.43597409068261084
first session,p11,1,9,3x3,0.25062282012954656
first session,p11,1,9,4x4,0.14848031888390634
first session,p11,1,10,1x3,0.7045341305430991
first session,p11,1,10,2x2,0.6108619830592925
first session,p11,1,10,3x3,0.34927752864972594
first session,p11,1,10,4x4,0.22720478325859492
first session,p11,1,11,1x3,0.8325859491778774
first session,p11,1,11,2x2,0.6701544593921276
first session,p11,1,11,3x3,0.44593921275535625
first session,p11,1,11,4x4,0.30493273542600896
first session,p11,1,12,1x3,0.7693074240159442
first session,p11,1,12,2x2,0.476831091180867
first session,p11,1,12,3x3,0.3024414549078226
first session,p11,1,12,4x4,0.2057797708021923
first session,p11,1,13,1x3,0.7987045341305431
first session,p11,1,13,2x2,0.6018933731938216
first session,p11,1,13,3x3,0.3781763826606876
first session,p11,1,13,4x4,0.2665670154459392
first session,p11,1,14,1x3,0.7463876432486298
first session,p11,1,14,2x2,0.44643746885899355
first session,p11,1,14,3x3,0.28550074738415543
first session,p11,1,14,4x4,0.1783756851021425
first session,p11,1,15,1x3,0.6836073741903338
first session,p11,1,15,2x2,0.46088689586447434
first session,p11,1,15,3x3,0.25411061285500747
first session,p11,1,15,4x4,0.1469855505729945
first session,p11,1,16,1x3,0.8196312904833084
first session,p11,1,16,2x2,0.45490782262082713
first session,p11,1,16,3x3,0.27703039362232185
first session,p11,1,16,4x4,0.1753861484803189
first session,p11,1,17,1x3,0.763328350772297
first session,p11,1,17,2x2,0.6208271051320379
first session,p11,1,17,3x3,0.35326357747882414
first session,p11,1,17,4x4,0.23916292974588937
first session,p11,1,18,1x3,0.6113602391629297
first session,p11,1,18,2x2,0.6283009466865969
first session,p11,1,18,3x3,0.3393124065769806
first session,p11,1,18,4x4,0.17638266068759342
first session,p11,1,19,1x3,0.7897359242650722
first session,p11,1,19,2x2,0.5759840558046836
first session,p11,1,19,3x3,0.3368211260587942
first session,p11,1,19,4x4,0.2306925759840558
first session,p11,3,0,1x3,0.8340807174887892
first session,p11,3,0,2x2,0.7035376183358246
first session,p11,3,0,3x3,0.4564025909317389
first session,p11,3,0,4x4,0.3193821624314898
first session,p11,3,1,1x3,0.7498754359740907
first session,p11,3,1,2x2,0.6263079222720478
first session,p11,3,1,3x3,0.3716990533134031
first session,p11,3,1,4x4,0.255107125062282
first session,p11,3,2,1x3,0.7354260089686099
first session,p11,3,2,2x2,0.6696562032884903
first session,p11,3,2,3x3,0.41006477329347285
first session,p11,3,2,4x4,0.25460886895864476
first session,p11,3,3,1x3,0.8345789735924265
first session,p11,3,3,2x2,0.7070254110612855
first session,p11,3,3,3x3,0.4718485301444943
first session,p11,3,3,4x4,0.3303437967115097
first session,p11,3,4,1x3,0.7693074240159442
first session,p11,3,4,2x2,0.6766317887394121
first session,p11,3,4,3x3,0.4449427005480817
first session,p11,3,4,4x4,0.2760338814150473
first session,p11,3,5,1x3,0.8330842052815147
first session,p11,3,5,2x2,0.7090184354758345
first session,p11,3,5,3x3,0.4613851519681116
first session,p11,3,5,4x4,0.3208769307424016
first session,p11,3,6,1x3,0.8141504733432985
first session,p11,3,6,2x2,0.7040358744394619
first session,p11,3,6,3x3,0.4763328350772297
first session,p11,3,6,4x4,0.3223716990533134
first session,p11,3,7,1x3,0.8360737419033383
first session,p11,3,7,2x2,0.7080219232685601
first session,p11,3,7,3x3,0.458395615346288
first session,p11,3,7,4x4,0.32585949177877427
first session,p11,3,8,1x3,0.828101644245142
first session,p11,3,8,2x2,0.6552067762830095
first session,p11,3,8,3x3,0.42301943198804187
first session,p11,3,8,4x4,0.3004484304932735
first session,p11,3,9,1x3,0.8320876930742401
first session,p11,3,9,2x2,0.5889387144992526
first session,p11,3,9,3x3,0.36522172396611857
first session,p11,3,9,4x4,0.268061783756851
first session,p11,3,10,1x3,0.8196312904833084
first session,p11,3,10,2x2,0.6108619830592925
first session,p11,3,10,3x3,0.3861484803188839
first session,p11,3,10,4x4,0.2670652715495765
first session,p11,3,11,1x3,0.817140009965122
first session,p11,3,11,2x2,0.70254110612855
first session,p11,3,11,3x3,0.4743398106626806
first session,p11,3,11,4x4,0.317887394120578
first session,p11,3,12,1x3,0.8325859491778774
first session,p11,3,12,2x2,0.7065271549576483
first session,p11,3,12,3x3,0.4648729446935725
first session,p11,3,12,4x4,0.32984554060787247
first session,p11,3,13,1x3,0.6287992027902342
first session,p11,3,13,2x2,0.637767812655705
first session,p11,3,13,3x3,0.35625311410064775
first session,p11,3,13,4x4,0.18734429496761335
first session,p11,3,14,1x3,0.833582461385152
first session,p11,3,14,2x2,0.7080219232685601
first session,p11,3,14,3x3,0.4588938714499253
first session,p11,3,14,4x4,0.32585949177877427
first session,p11,3,15,1x3,0.8295964125560538
first session,p11,3,15,2x2,0.6422521175884405
first session,p11,3,15,3x3,0.3816641753861485
first session,p11,3,15,4x4,0.2750373692077728
first session,p11,3,16,1x3,0.8340807174887892
first session,p11,3,16,2x2,0.6497259591429995
first session,p11,3,16,3x3,0.39511709018435476
first session,p11,3,16,4x4,0.29247633283507724
first session,p11,3,17,1x3,0.8315894369706028
first session,p11,3,17,2x2,0.6482311908320877
first session,p11,3,17,3x3,0.4225211758844046
first session,p11,3,17,4x4,0.2964623816641754
first session,p11,3,18,1x3,0.8340807174887892
first session,p11,3,18,2x2,0.7085201793721974
first session,p11,3,18,3x3,0.46038863976083705
first session,p11,3,18,4x4,0.32635774788241156
first session,p11,3,19,1x3,0.8350772296960638
first session,p11,3,19,2x2,0.7030393622321873
first session,p11,3,19,3x3,0.4798206278026906
first session,p11,3,19,4x4,0.32884902840059793
first session,p11,5,0,1x3,0.8111609367214748
first session,p11,5,0,2x2,0.48181365221723965
first session,p11,5,0,3x3,0.31988041853512705
first session,p11,5,0,4x4,0.22620827105132038
first session,p11,5,1,1x3,0.8340807174887892
first session,p11,5,1,2x2,0.5700049825610364
first session,p11,5,1,3x3,0.38216243148978574
first session,p11,5,1,4x4,0.25411061285500747
first session,p11,5,2,1x3,0.8101644245142003
first session,p11,5,2,2x2,0.7000498256103638
first session,p11,5,2,3x3,0.3094170403587444
first session,p11,5,2,4x4,0.22670652715495765
first session,p11,5,3,1x3,0.49676133532635774
first session,p11,5,3,2x2,0.5276532137518685
first session,p11,5,3,3x3,0.255107125062282
first session,p11,5,3,4x4,0.16442451420029897
first session,p11,5,4,1x3,0.8156452416542103
first session,p11,5,4,2x2,0.5849526656701545
first session,p11,5,4,3x3,0.36422521175884404
first session,p11,5,4,4x4,0.2222222222222222
first session,p11,5,5,1x3,0.7234678624813154
first session,p11,5,5,2x2,0.6711509715994021
first session,p11,5,5,3x3,0.36422521175884404
first session,p11,5,5,4x4,0.23766816143497757
first session,p11,5,6,1x3,0.8330842052815147
first session,p11,5,6,2x2,0.7100149476831091
first session,p11,5,6,3x3,0.49975087194818135
first session,p11,5,6,4x4,0.3418036870951669
first session,p11,5,7,1x3,0.8290981564524166
first session,p11,5,7,2x2,0.70254110612855
first session,p11,5,7,3x3,0.32835077229696064
first session,p11,5,7,4x4,0.25112107623318386
first session,p11,5,8,1x3,0.7548579970104634
first session,p11,5,8,2x2,0.47932237169905334
first session,p11,5,8,3x3,0.3398106626806178
first session,p11,5,8,4x4,0.2142501245640259
first session,p11,5,9,1x3,0.8161434977578476
first session,p11,5,9,2x2,0.7090184354758345
first session,p11,5,9,3x3,0.4534130543099153
first session,p11,5,9,4x4,0.31190832087693077
first session,p11,5,10,1x3,0.5764823119083209
first session,p11,5,10,2x2,0.617339312406577
first session,p11,5,10,3x3,0.3158943697060289
first session,p11,5,10,4x4,0.21026407573492775
first session,p11,5,11,1x3,0.7254608868958645
first session,p11,5,11,2x2,0.5794718485301444
first session,p11,5,11,3x3,0.33781763826606875
first session,p11,5,11,4x4,0.22521175884404585
first session,p11,5,12,1x3,0.8300946686596911
first session,p11,5,12,2x2,0.70254110612855
first session,p11,5,12,3x3,0.5017438963627304
first session,p11,5,12,4x4,0.3552566018933732
first session,p11,5,13,1x3,0.8181365221723966
first session,p11,5,13,2x2,0.6870951669157948
first session,p11,5,13,3x3,0.33183856502242154
first session,p11,5,13,4x4,0.23667164922770303
first session,p11,5,14,1x3,0.8166417538614849
first session,p11,5,14,2x2,0.7085201793721974
first session,p11,5,14,3x3,0.4389636273044345
first session,p11,5,14,4x4,0.30493273542600896
first session,p11,5,15,1x3,0.8345789735924265
first session,p11,5,15,2x2,0.7055306427503737
first session,p11,5,15,3x3,0.45490782262082713
first session,p11,5,15,4x4,0.30842052815146986
first session,p11,5,16,1x3,0.8310911808669657
first session,p11,5,16,2x2,0.5430991529646239
first session,p11,5,16,3x3,0.3906327852516193
first session,p11,5,16,4x4,0.255107125062282
first session,p11,5,17,1x3,0.8345789735924265
first session,p11,5,17,2x2,0.5939212755356253
first session,p11,5,17,3x3,0.37419033383158945
first session,p11,5,17,4x4,0.24862979571499752
first session,p11,5,18,1x3,0.7643248629795715
first session,p11,5,18,2x2,0.6781265570503239
first session,p11,5,18,3x3,0.2894867962132536
first session,p11,5,18,4x4,0.20827105132037868
first session,p11,5,19,1x3,0.8340807174887892
first session,p11,5,19,2x2,0.6422521175884405
first session,p11,5,19,3x3,0.41953163926258097
first session,p11,5,19,4x4,0.29197807673143994
first session,p11,9,0,1x3,0.820627802690583
first session,p11,9,0,2x2,0.6228201295465869
first session,p11,9,0,3x3,0.3811659192825112
first session,p11,9,0,4x4,0.28051818634778275
first session,p11,9,1,1x3,0.8340807174887892
first session,p11,9,1,2x2,0.6038863976083707
first session,p11,9,1,3x3,0.375186846038864
first session,p11,9,1,4x4,0.2650722471350274
first session,p11,9,2,1x3,0.8345789735924265
first session,p11,9,2,2x2,0.6621823617339312
first session,p11,9,2,3x3,0.4055804683607374
first session,p11,9,2,4x4,0.299451918285999
first session,p11,9,3,1x3,0.8345789735924265
first session,p11,9,3,2x2,0.6890881913303438
first session,p11,9,3,3x3,0.43796711509715996
first session,p11,9,3,4x4,0.31390134529147984
first session,p11,9,4,1x3,0.8320876930742401
first session,p11,9,4,2x2,0.7090184354758345
first session,p11,9,4,3x3,0.34080717488789236
first session,p11,9,4,4x4,0.255107125062282
first session,p11,9,5,1x3,0.8221225710014948
first session,p11,9,5,2x2,0.6576980568011959
first session,p11,9,5,3x3,0.4080717488789238
first session,p11,9,5,4x4,0.293971101145989
first session,p11,9,6,1x3,0.7653213751868461
first session,p11,9,6,2x2,0.6766317887394121
first session,p11,9,6,3x3,0.38565022421524664
first session,p11,9,6,4x4,0.22820129546586945
first session,p11,9,7,1x3,0.8330842052815147
first session,p11,9,7,2x2,0.7015445939212755
first session,p11,9,7,3x3,0.4808171400099651
first session,p11,9,7,4x4,0.33831589436970605
first session,p11,9,8,1x3,0.833582461385152
first session,p11,9,8,2x2,0.7045341305430991
first session,p11,9,8,3x3,0.5132037867463877
first session,p11,9,8,4x4,0.351270553064275
first session,p11,9,9,1x3,0.8325859491778774
first session,p11,9,9,2x2,0.7035376183358246
first session,p11,9,9,3x3,0.44942700548081715
first session,p11,9,9,4x4,0.3129048330842053
first session,p11,9,10,1x3,0.833582461385152
first session,p11,9,10,2x2,0.5386148480318884
first session,p11,9,10,3x3,0.3756851021425012
first session,p11,9,10,4x4,0.24862979571499752
first session,p11,9,11,1x3,0.8320876930742401
first session,p11,9,11,2x2,0.4803188839063279
first session,p11,9,11,3x3,0.3637269556552068
first session,p11,9,11,4x4,0.24763328350772296
first session,p11,9,12,1x3,0.8131539611360239
first session,p11,9,12,2x2,0.7045341305430991
first session,p11,9,12,3x3,0.4434479322371699
first session,p11,9,12,4x4,0.3009466865969108
first session,p11,9,13,1x3,0.8295964125560538
first session,p11,9,13,2x2,0.5655206776283009
first session,p11,9,13,3x3,0.36123567513702043
first session,p11,9,13,4x4,0.2600896860986547
first session,p11,9,14,1x3,0.8345789735924265
first session,p11,9,14,2x2,0.6890881913303438
first session,p11,9,14,3x3,0.4170403587443946
first session,p11,9,14,4x4,0.2969606377678127
first session,p11,9,15,1x3,0.817140009965122
first session,p11,9,15,2x2,0.6841056302939711
first session,p11,9,15,3x3,0.4115595416043846
first session,p11,9,15,4x4,0.2850024912805182
first session,p11,9,16,1x3,0.8350772296960638
first session,p11,9,16,2x2,0.7100149476831091
first session,p11,9,16,3x3,0.4678624813153961
first session,p11,9,16,4x4,0.3268560039860488
first session,p11,9,17,1x3,0.820627802690583
first session,p11,9,17,2x2,0.6920777279521674
first session,p11,9,17,3x3,0.4265072247135027
first session,p11,9,17,4x4,0.27404085700049824
first session,p11,9,18,1x3,0.8370702541106129
first session,p11,9,18,2x2,0.656203288490284
first session,p11,9,18,3x3,0.40358744394618834
first session,p11,9,18,4x4,0.29546586945690084
first session,p11,9,19,1x3,0.8315894369706028
first session,p11,9,19,2x2,0.7030393622321873
first session,p11,9,19,3x3,0.369706028898854
first session,p11,9,19,4x4,0.25610363726955654
first session,p11,16,0,1x3,0.8300946686596911
first session,p11,16,0,2x2,0.6706527154957648
first session,p11,16,0,3x3,0.3572496263079223
first session,p11,16,0,4x4,0.24564025909317388
first session,p11,16,1,1x3,0.8315894369706028
first session,p11,16,1,2x2,0.6945690084703537
first session,p11,16,1,3x3,0.3667164922770304
first session,p11,16,1,4x4,0.25759840558046837
first session,p11,16,2,1x3,0.8320876930742401
first session,p11,16,2,2x2,0.7055306427503737
first session,p11,16,2,3x3,0.4813153961136024
first session,p11,16,2,4x4,0.3238664673642252
first session,p11,16,3,1x3,0.8211260587942202
first session,p11,16,3,2x2,0.7015445939212755
first session,p11,16,3,3x3,0.4663677130044843
first session,p11,16,3,4x4,0.32585949177877427
first session,p11,16,4,1x3,0.833582461385152
first session,p11,16,4,2x2,0.6596910812157449
first session,p11,16,4,3x3,0.41853512705530643
first session,p11,16,4,4x4,0.2914798206278027
first session,p11,16,5,1x3,0.833582461385152
first session,p11,16,5,2x2,0.695067264573991
first session,p11,16,5,3x3,0.458395615346288
first session,p11,16,5,4x4,0.30194319880418535
first session,p11,16,6,1x3,0.8340807174887892
first session,p11,16,6,2x2,0.7035376183358246
first session,p11,16,6,3x3,0.4334828101644245
first session,p11,16,6,4x4,0.30742401594419533
first session,p11,16,7,1x3,0.8086696562032885
first session,p11,16,7,2x2,0.695067264573991
first session,p11,16,7,3x3,0.3188839063278525
first session,p11,16,7,4x4,0.23667164922770303
first session,p11,16,8,1x3,0.8166417538614849
first session,p11,16,8,2x2,0.6278026905829597
first session,p11,16,8,3x3,0.3781763826606876
first session,p11,16,8,4x4,0.2700548081714001
first session,p11,16,9,1x3,0.8300946686596911
first session,p11,16,9,2x2,0.7030393622321873
first session,p11,16,9,3x3,0.4075734927752865
first session,p11,16,9,4x4,0.26606875934230195
first session,p11,16,10,1x3,0.8330842052815147
first session,p11,16,10,2x2,0.7105132037867464
first session,p11,16,10,3x3,0.4434479322371699
first session,p11,16,10,4x4,0.3024414549078226
first session,p11,16,11,1x3,0.8330842052815147
first session,p11,16,11,2x2,0.7055306427503737
first session,p11,16,11,3x3,0.4210264075734928
first session,p11,16,11,4x4,0.2859990034877927
first session,p11,16,12,1x3,0.8320876930742401
first session,p11,16,12,2x2,0.6975585450921774
first session,p11,16,12,3x3,0.3328350772296961
first session,p11,16,12,4x4,0.24663677130044842
first session,p11,16,13,1x3,0.8360737419033383
first session,p11,16,13,2x2,0.6766317887394121
first session,p11,16,13,3x3,0.4175386148480319
first session,p11,16,13,4x4,0.30493273542600896
first session,p11,16,14,1x3,0.8345789735924265
first session,p11,16,14,2x2,0.6696562032884903
first session,p11,16,14,3x3,0.39561534628799205
first session,p11,16,14,4x4,0.28749377179870456
first session,p11,16,15,1x3,0.8320876930742401
first session,p11,16,15,2x2,0.7050323866467364
first session,p11,16,15,3x3,0.4304932735426009
first session,p11,16,15,4x4,0.2969606377678127
first session,p11,16,16,1x3,0.8340807174887892
first session,p11,16,16,2x2,0.70254110612855
first session,p11,16,16,3x3,0.46736422521175885
first session,p11,16,16,4x4,0.30991529646238164
first session,p11,16,17,1x3,0.8345789735924265
first session,p11,16,17,2x2,0.7120079720976582
first session,p11,16,17,3x3,0.3273542600896861
first session,p11,16,17,4x4,0.25460886895864476
first session,p11,16,18,1x3,0.833582461385152
first session,p11,16,18,2x2,0.6905829596412556
first session,p11,16,18,3x3,0.445440956651719
first session,p11,16,18,4x4,0.31190832087693077
first session,p11,16,19,1x3,0.8246138515196811
first session,p11,16,19,2x2,0.6846038863976084
first session,p11,16,19,3x3,0.43148978574987545
first session,p11,16,19,4x4,0.30493273542600896
random,p12,1,0,1x3,0.58
random,p12,1,0,2x2,0.421875
random,p12,1,0,3x3,0.220625
random,p12,1,0,4x4,0.13
random,p12,1,1,1x3,0.715
random,p12,1,1,2x2,0.58375
random,p12,1,1,3x3,0.3175
random,p12,1,1,4x4,0.2325
random,p12,1,2,1x3,0.72625
random,p12,1,2,2x2,0.609375
random,p12,1,2,3x3,0.33125
random,p12,1,2,4x4,0.240625
random,p12,1,3,1x3,0.53
random,p12,1,3,2x2,0.555625
random,p12,1,3,3x3,0.28
random,p12,1,3,4x4,0.153125
random,p12,1,4,1x3,0.711875
random,p12,1,4,2x2,0.565
random,p12,1,4,3x3,0.375
random,p12,1,4,4x4,0.2425
random,p12,1,5,1x3,0.7475
random,p12,1,5,2x2,0.551875
random,p12,1,5,3x3,0.36875
random,p12,1,5,4x4,0.24375
random,p12,1,6,1x3,0.715625
random,p12,1,6,2x2,0.439375
random,p12,1,6,3x3,0.26125
random,p12,1,6,4x4,0.1725
random,p12,1,7,1x3,0.715625
random,p12,1,7,2x2,0.604375
random,p12,1,7,3x3,0.331875
random,p12,1,7,4x4,0.22625
random,p12,1,8,1x3,0.730625
random,p12,1,8,2x2,0.55
random,p12,1,8,3x3,0.35375
random,p12,1,8,4x4,0.230625
random,p12,1,9,1x3,0.609375
random,p12,1,9,2x2,0.5675
random,p12,1,9,3x3,0.318125
random,p12,1,9,4x4,0.176875
random,p12,1,10,1x3,0.651875
random,p12,1,10,2x2,0.479375
random,p12,1,10,3x3,0.268125
random,p12,1,10,4x4,0.171875
random,p12,1,11,1x3,0.6275
random,p12,1,11,2x2,0.434375
random,p12,1,11,3x3,0.24
random,p12,1,11,4x4,0.1425
random,p12,1,12,1x3,0.65875
random,p12,1,12,2x2,0.438125
random,p12,1,12,3x3,0.253125
random,p12,1,12,4x4,0.155
random,p12,1,13,1x3,0.74125
random,p12,1,13,2x2,0.630625
random,p12,1,13,3x3,0.37375
random,p12,1,13,4x4,0.245625
random,p12,1,14,1x3,0.393125
random,p12,1,14,2x2,0.3175
random,p12,1,14,3x3,0.16125
random,p12,1,14,4x4,0.075625
random,p12,1,15,1x3,0.745625
random,p12,1,15,2x2,0.421875
random,p12,1,15,3x3,0.226875
random,p12,1,15,4x4,0.149375
random,p12,1,16,1x3,0.669375
random,p12,1,16,2x2,0.42375
random,p12,1,16,3x3,0.2475
random,p12,1,16,4x4,0.150625
random,p12,1,17,1x3,0.73875
random,p12,1,17,2x2,0.6325
random,p12,1,17,3x3,0.384375
random,p12,1,17,4x4,0.244375
random,p12,1,18,1x3,0.508125
random,p12,1,18,2x2,0.379375
random,p12,1,18,3x3,0.18
random,p12,1,18,4x4,0.1
random,p12,1,19,1x3,0.67625
random,p12,1,19,2x2,0.60375
random,p12,1,19,3x3,0.329375
random,p12,1,19,4x4,0.199375
random,p12,3,0,1x3,0.7108886107634543
random,p12,3,0,2x2,0.5888610763454318
random,p12,3,0,3x3,0.31476846057571967
random,p12,3,0,4x4,0.23591989987484355
random,p12,3,1,1x3,0.7434292866082604
random,p12,3,1,2x2,0.6376720901126408
random,p12,3,1,3x3,0.36107634543178974
random,p12,3,1,4x4,0.24843554443053817
random,p12,3,2,1x3,0.7252816020025031
random,p12,3,2,2x2,0.609511889862328
random,p12,3,2,3x3,0.32540675844806005
random,p12,3,2,4x4,0.25156445556946183
random,p12,3,3,1x3,0.685857321652065
random,p12,3,3,2x2,0.6007509386733417
random,p12,3,3,3x3,0.360450563204005
random,p12,3,3,4x4,0.21151439299123906
random,p12,3,4,1x3,0.7158948685857321
random,p12,3,4,2x2,0.5663329161451814
random,p12,3,4,3x3,0.37484355444305384
random,p12,3,4,4x4,0.24030037546933666
random,p12,3,5,1x3,0.7403003754693367
random,p12,3,5,2x2,0.5513141426783479
random,p12,3,5,3x3,0.3579474342928661
random,p12,3,5,4x4,0.23779724655819776
random,p12,3,6,1x3,0.7177722152690864
random,p12,3,6,2x2,0.5362953692115144
random,p12,3,6,3x3,0.3360450563204005
random,p12,3,6,4x4,0.21526908635794745
random,p12,3,7,1x3,0.6846057571964956
random,p12,3,7,2x2,0.5506883604505632
random,p12,3,7,3x3,0.3541927409261577
random,p12,3,7,4x4,0.21339173967459324
random,p12,3,8,1x3,0.7015018773466833
random,p12,3,8,2x2,0.4142678347934919
random,p12,3,8,3x3,0.2246558197747184
random,p12,3,8,4x4,0.1639549436795995
random,p12,3,9,1x3,0.7315394242803505
random,p12,3,9,2x2,0.6239048811013768
random,p12,3,9,3x3,0.3335419274092616
random,p12,3,9,4x4,0.2546933667083855
random,p12,3,10,1x3,0.7146433041301627
random,p12,3,10,2x2,0.6226533166458073
random,p12,3,10,3x3,0.3642052565707134
random,p12,3,10,4x4,0.22778473091364204
random,p12,3,11,1x3,0.7259073842302879
random,p12,3,11,2x2,0.5894868585732165
random,p12,3,11,3x3,0.33229036295369213
random,p12,3,11,4x4,0.23153942428035043
random,p12,3,12,1x3,0.7471839799749687
random,p12,3,12,2x2,0.6182728410513142
random,p12,3,12,3x3,0.3948685857321652
random,p12,3,12,4x4,0.24718397997496871
random,p12,3,13,1x3,0.7459324155193993
random,p12,3,13,2x2,0.6332916145181476
random,p12,3,13,3x3,0.35168961201501875
random,p12,3,13,4x4,0.24718397997496871
random,p12,3,14,1x3,0.718397997496871
random,p12,3,14,2x2,0.613892365456821
random,p12,3,14,3x3,0.3429286608260325
random,p12,3,14,4x4,0.2265331664580726
random,p12,3,15,1x3,0.6902377972465582
random,p12,3,15,2x2,0.609511889862328
random,p12,3,15,3x3,0.32728410513141426
random,p12,3,15,4x4,0.2202753441802253
random,p12,3,16,1x3,0.6752190237797246
random,p12,3,16,2x2,0.5882352941176471
random,p12,3,16,3x3,0.3541927409261577
random,p12,3,16,4x4,0.2165206508135169
random,p12,3,17,1x3,0.7083854818523154
random,p12,3,17,2x2,0.5932415519399249
random,p12,3,17,3x3,0.3160200250312891
random,p12,3,17,4x4,0.24030037546933666
random,p12,3,18,1x3,0.6946182728410513
random,p12,3,18,2x2,0.6076345431789737
random,p12,3,18,3x3,0.32102628285356694
random,p12,3,18,4x4,0.23153942428035043
random,p12,3,19,1x3,0.7459324155193993
random,p12,3,19,2x2,0.581351689612015
random,p12,3,19,3x3,0.3316645807259074
random,p12,3,19,4x4,0.23654568210262827
random,p12,5,0,1x3,0.6961152882205514
random,p12,5,0,2x2,0.5758145363408521
random,p12,5,0,3x3,0.32706766917293234
random,p12,5,0,4x4,0.2111528822055138
random,p12,5,1,1x3,0.6773182957393483
random,p12,5,1,2x2,0.5902255639097744
random,p12,5,1,3x3,0.34461152882205515
random,p12,5,1,4x4,0.19924812030075187
random,p12,5,2,1x3,0.7418546365914787
random,p12,5,2,2x2,0.6378446115288221
random,p12,5,2,3x3,0.424812030075188
random,p12,5,2,4x4,0.3157894736842105
random,p12,5,3,1x3,0.7412280701754386
random,p12,5,3,2x2,0.5983709273182958
random,p12,5,3,3x3,0.41040100250626566
random,p12,5,3,4x4,0.27882205513784464
random,p12,5,4,1x3,0.7468671679197995
random,p12,5,4,2x2,0.6196741854636592
random,p12,5,4,3x3,0.30137844611528825
random,p12,5,4,4x4,0.2236842105263158
random,p12,5,5,1x3,0.7374686716791979
random,p12,5,5,2x2,0.6328320802005013
random,p12,5,5,3x3,0.41541353383458646
random,p12,5,5,4x4,0.2907268170426065
random,p12,5,6,1x3,0.7449874686716792
random,p12,5,6,2x2,0.6265664160401002
random,p12,5,6,3x3,0.41791979949874686
random,p12,5,6,4x4,0.29887218045112784
random,p12,5,7,1x3,0.7268170426065163
random,p12,5,7,2x2,0.5733082706766918
random,p12,5,7,3x3,0.38283208020050125
random,p12,5,7,4x4,0.2681704260651629
random,p12,5,8,1x3,0.7055137844611529
random,p12,5,8,2x2,0.6015037593984962
random,p12,5,8,3x3,0.39473684210526316
random,p12,5,8,4x4,0.2650375939849624
random,p12,5,9,1x3,0.6666666666666666
random,p12,5,9,2x2,0.5895989974937343
random,p12,5,9,3x3,0.2850877192982456
random,p12,5,9,4x4,0.17919799498746866
random,p12,5,10,1x3,0.7274436090225563
random,p12,5,10,2x2,0.6127819548872181
random,p12,5,10,3x3,0.3941102756892231
random,p12,5,10,4x4,0.2543859649122807
random,p12,5,11,1x3,0.706140350877193
random,p12,5,11,2x2,0.5802005012531328
random,p12,5,11,3x3,0.2907268170426065
random,p12,5,11,4x4,0.19423558897243107
random,p12,5,12,1x3,0.6541353383458647
random,p12,5,12,2x2,0.4216791979949875
random,p12,5,12,3x3,0.2261904761904762
random,p12,5,12,4x4,0.13659147869674185
random,p12,5,13,1x3,0.47619047619047616
random,p12,5,13,2x2,0.6322055137844611
random,p12,5,13,3x3,0.27130325814536344
random,p12,5,13,4x4,0.18045112781954886
random,p12,5,14,1x3,0.7349624060150376
random,p12,5,14,2x2,0.5281954887218046
random,p12,5,14,3x3,0.32957393483709274
random,p12,5,14,4x4,0.17543859649122806
random,p12,5,15,1x3,0.7305764411027569
random,p12,5,15,2x2,0.4317042606516291
random,p12,5,15,3x3,0.3276942355889724
random,p12,5,15,4x4,0.20238095238095238
random,p12,5,16,1x3,0.7474937343358395
random,p12,5,16,2x2,0.6271929824561403
random,p12,5,16,3x3,0.4317042606516291
random,p12,5,16,4x4,0.3032581453634085
random,p12,5,17,1x3,0.6610275689223057
random,p12,5,17,2x2,0.518170426065163
random,p12,5,17,3x3,0.2907268170426065
random,p12,5,17,4x4,0.14411027568922305
random,p12,5,18,1x3,0.6284461152882206
random,p12,5,18,2x2,0.5595238095238095
random,p12,5,18,3x3,0.34022556390977443
random,p12,5,18,4x4,0.20426065162907267
random,p12,5,19,1x3,0.7449874686716792
random,p12,5,19,2x2,0.46616541353383456
random,p12,5,19,3x3,0.3333333333333333
random,p12,5,19,4x4,0.19047619047619047
random,p12,9,0,1x3,0.746859296482412
random,p12,9,0,2x2,0.5967336683417085
random,p12,9,0,3x3,0.3844221105527638
random,p12,9,0,4x4,0.24057788944723618
random,p12,9,1,1x3,0.7412060301507538
random,p12,9,1,2x2,0.6375628140703518
random,p12,9,1,3x3,0.41959798994974873
random,p12,9,1,4x4,0.30904522613065327
random,p12,9,2,1x3,0.7437185929648241
random,p12,9,2,2x2,0.6350502512562815
random,p12,9,2,3x3,0.40954773869346733
random,p12,9,2,4x4,0.2694723618090452
random,p12,9,3,1x3,0.7097989949748744
random,p12,9,3,2x2,0.5521356783919598
random,p12,9,3,3x3,0.2776381909547739
random,p12,9,3,4x4,0.17022613065326633
random,p12,9,4,1x3,0.7273869346733668
random,p12,9,4,2x2,0.6130653266331658
random,p12,9,4,3x3,0.3925879396984925
random,p12,9,4,4x4,0.24937185929648242
random,p12,9,5,1x3,0.7481155778894473
random,p12,9,5,2x2,0.6193467336683417
random,p12,9,5,3x3,0.4258793969849246
random,p12,9,5,4x4,0.3021356783919598
random,p12,9,6,1x3,0.7493718592964824
random,p12,9,6,2x2,0.6293969849246231
random,p12,9,6,3x3,0.42902010050251255
random,p12,9,6,4x4,0.30904522613065327
random,p12,9,7,1x3,0.7292713567839196
random,p12,9,7,2x2,0.6086683417085427
random,p12,9,7,3x3,0.3743718592964824
random,p12,9,7,4x4,0.24246231155778894
random,p12,9,8,1x3,0.7405778894472361
random,p12,9,8,2x2,0.6331658291457286
random,p12,9,8,3x3,0.30590452261306533
random,p12,9,8,4x4,0.2242462311557789
random,p12,9,9,1x3,0.7430904522613065
random,p12,9,9,2x2,0.6275125628140703
random,p12,9,9,3x3,0.4164572864321608
random,p12,9,9,4x4,0.2814070351758794
random,p12,9,10,1x3,0.6972361809045227
random,p12,9,10,2x2,0.5684673366834171
random,p12,9,10,3x3,0.37751256281407036
random,p12,9,10,4x4,0.2443467336683417
random,p12,9,11,1x3,0.6821608040201005
random,p12,9,11,2x2,0.6149497487437185
random,p12,9,11,3x3,0.34045226130653267
random,p12,9,11,4x4,0.21168341708542712
random,p12,9,12,1x3,0.7550251256281407
random,p12,9,12,2x2,0.6199748743718593
random,p12,9,12,3x3,0.4139447236180904
random,p12,9,12,4x4,0.27889447236180903
random,p12,9,13,1x3,0.7248743718592965
random,p12,9,13,2x2,0.6199748743718593
random,p12,9,13,3x3,0.3706030150753769
random,p12,9,13,4x4,0.24937185929648242
random,p12,9,14,1x3,0.7405778894472361
random,p12,9,14,2x2,0.6023869346733668
random,p12,9,14,3x3,0.4082914572864322
random,p12,9,14,4x4,0.28957286432160806
random,p12,9,15,1x3,0.657035175879397
random,p12,9,15,2x2,0.6055276381909548
random,p12,9,15,3x3,0.35113065326633164
random,p12,9,15,4x4,0.20163316582914573
random,p12,9,16,1x3,0.7236180904522613
random,p12,9,16,2x2,0.5734924623115578
random,p12,9,16,3x3,0.3341708542713568
random,p12,9,16,4x4,0.2185929648241206
random,p12,9,17,1x3,0.7342964824120602
random,p12,9,17,2x2,0.589824120603015
random,p12,9,17,3x3,0.31909547738693467
random,p12,9,17,4x4,0.24120603015075376
random,p12,9,18,1x3,0.7305276381909548
random,p12,9,18,2x2,0.5113065326633166
random,p12,9,18,3x3,0.314070351758794
random,p12,9,18,4x4,0.20351758793969849
random,p12,9,19,1x3,0.7242462311557789
random,p12,9,19,2x2,0.6168341708542714
random,p12,9,19,3x3,0.34296482412060303
random,p12,9,19,4x4,0.23743718592964824
random,p12,16,0,1x3,0.7116719242902209
random,p12,16,0,2x2,0.6233438485804417
random,p12,16,0,3x3,0.36782334384858045
random,p12,16,0,4x4,0.23406940063091483
random,p12,16,1,1x3,0.7375394321766562
random,p12,16,1,2x2,0.6107255520504732
random,p12,16,1,3x3,0.4031545741324921
random,p12,16,1,4x4,0.28517350157728705
random,p12,16,2,1x3,0.7482649842271294
random,p12,16,2,2x2,0.6233438485804417
random,p12,16,2,3x3,0.42397476340694007
random,p12,16,2,4x4,0.30914826498422715
random,p12,16,3,1x3,0.6334384858044164
random,p12,16,3,2x2,0.5848580441640379
random,p12,16,3,3x3,0.34006309148264985
random,p12,16,3,4x4,0.20441640378548895
random,p12,16,4,1x3,0.7482649842271294
random,p12,16,4,2x2,0.6189274447949527
random,p12,16,4,3x3,0.4025236593059937
random,p12,16,4,4x4,0.26876971608832806
random,p12,16,5,1x3,0.7476340694006309
random,p12,16,5,2x2,0.6290220820189274
random,p12,16,5,3x3,0.36971608832807573
random,p12,16,5,4x4,0.2391167192429022
random,p12,16,6,1x3,0.7495268138801262
random,p12,16,6,2x2,0.61198738170347
random,p12,16,6,3x3,0.3034700315457413
random,p12,16,6,4x4,0.2088328075709779
random,p12,16,7,1x3,0.7514195583596215
random,p12,16,7,2x2,0.6227129337539432
random,p12,16,7,3x3,0.41198738170347005
random,p12,16,7,4x4,0.2763406940063092
random,p12,16,8,1x3,0.7236593059936909
random,p12,16,8,2x2,0.6050473186119874
random,p12,16,8,3x3,0.3249211356466877
random,p12,16,8,4x4,0.25362776025236594
random,p12,16,9,1x3,0.7476340694006309
random,p12,16,9,2x2,0.6315457413249211
random,p12,16,9,3x3,0.4195583596214511
random,p12,16,9,4x4,0.277602523659306
random,p12,16,10,1x3,0.7451104100946372
random,p12,16,10,2x2,0.6271293375394322
random,p12,16,10,3x3,0.3924290220820189
random,p12,16,10,4x4,0.2618296529968454
random,p12,16,11,1x3,0.7457413249211357
random,p12,16,11,2x2,0.5949526813880126
random,p12,16,11,3x3,0.31545741324921134
random,p12,16,11,4x4,0.21892744479495269
random,p12,16,12,1x3,0.7488958990536277
random,p12,16,12,2x2,0.6334384858044164
random,p12,16,12,3x3,0.4176656151419558
random,p12,16,12,4x4,0.2858044164037855
random,p12,16,13,1x3,0.7280757097791798
random,p12,16,13,2x2,0.628391167192429
random,p12,16,13,3x3,0.39873817034700315
random,p12,16,13,4x4,0.277602523659306
random,p12,16,14,1x3,0.7488958990536277
random,p12,16,14,2x2,0.6384858044164038
random,p12,16,14,3x3,0.3488958990536278
random,p12,16,14,4x4,0.25236593059936907
random,p12,16,15,1x3,0.7318611987381703
random,p12,16,15,2x2,0.6157728706624606
random,p12,16,15,3x3,0.3798107255520505
random,p12,16,15,4x4,0.23533123028391167
random,p12,16,16,1x3,0.738801261829653
random,p12,16,16,2x2,0.6321766561514196
random,p12,16,16,3x3,0.37350157728706623
random,p12,16,16,4x4,0.24416403785488958
random,p12,16,17,1x3,0.7242902208201892
random,p12,16,17,2x2,0.6246056782334385
random,p12,16,17,3x3,0.3810725552050473
random,p12,16,17,4x4,0.2662460567823344
random,p12,16,18,1x3,0.7488958990536277
random,p12,16,18,2x2,0.6012618296529968
random,p12,16,18,3x3,0.3949526813880126
random,p12,16,18,4x4,0.2561514195583596
random,p12,16,19,1x3,0.7482649842271294
random,p12,16,19,2x2,0.637223974763407
random,p12,16,19,3x3,0.3451104100946372
random,p12,16,19,4x4,0.2504731861198738
first session,p12,1,0,1x3,0.6716417910447762
first session,p12,1,0,2x2,0.5970149253731343
first session,p12,1,0,3x3,0.31343283582089554
first session,p12,1,0,4x4,0.21674237508111616
first session,p12,1,1,1x3,0.7423750811161584
first session,p12,1,1,2x2,0.5898767034393251
first session,p12,1,1,3x3,0.33354964308890334
first session,p12,1,1,4x4,0.24075275794938353
first session,p12,1,2,1x3,0.7235561323815705
first session,p12,1,2,2x2,0.5418559377027904
first session,p12,1,2,3x3,0.3419857235561324
first session,p12,1,2,4x4,0.23621025308241403
first session,p12,1,3,1x3,0.6768332251784556
first session,p12,1,3,2x2,0.41596365996106427
first session,p12,1,3,3x3,0.2582738481505516
first session,p12,1,3,4x4,0.17845554834523036
first session,p12,1,4,1x3,0.4425697598961713
first session,p12,1,4,2x2,0.5068137573004543
first session,p12,1,4,3x3,0.21609344581440623
first session,p12,1,4,4x4,0.12199870214146658
first session,p12,1,5,1x3,0.7423750811161584
first session,p12,1,5,2x2,0.5898767034393251
first session,p12,1,5,3x3,0.33354964308890334
first session,p12,1,5,4x4,0.24075275794938353
first session,p12,1,6,1x3,0.5593770279039585
first session,p12,1,6,2x2,0.3770279039584685
first session,p12,1,6,3x3,0.1791044776119403
first session,p12,1,6,4x4,0.12524334847501623
first session,p12,1,7,1x3,0.7060350421804024
first session,p12,1,7,2x2,0.45425048669695
first session,p12,1,7,3x3,0.27255029201817
first session,p12,1,7,4x4,0.1765087605451006
first session,p12,1,8,1x3,0.6969500324464634
first session,p12,1,8,2x2,0.42504866969500327
first session,p12,1,8,3x3,0.2647631408176509
first session,p12,1,8,4x4,0.18689162881245944
first session,p12,1,9,1x3,0.7066839714471123
first session,p12,1,9,2x2,0.6022063595068138
first session,p12,1,9,3x3,0.3166774821544452
first session,p12,1,9,4x4,0.23750811161583388
first session,p12,1,10,1x3,0.7229072031148605
first session,p12,1,10,2x2,0.4198572355613238
first session,p12,1,10,3x3,0.2225827384815055
first session,p12,1,10,4x4,0.15055158987670345
first session,p12,1,11,1x3,0.691109669046074
first session,p12,1,11,2x2,0.5762491888384166
first session,p12,1,11,3x3,0.3672939649578196
first session,p12,1,11,4x4,0.218040233614536
first session,p12,1,12,1x3,0.7235561323815705
first session,p12,1,12,2x2,0.5418559377027904
first session,p12,1,12,3x3,0.3419857235561324
first session,p12,1,12,4x4,0.23621025308241403
first session,p12,1,13,1x3,0.609344581440623
first session,p12,1,13,2x2,0.5554834523036989
first session,p12,1,13,3x3,0.2855288773523686
first session,p12,1,13,4x4,0.16807268007787152
first session,p12,1,14,1x3,0.6327060350421804
first session,p12,1,14,2x2,0.5347177157689812
first session,p12,1,14,3x3,0.29072031148604804
first session,p12,1,14,4x4,0.16807268007787152
first session,p12,1,15,1x3,0.4516547696301103
first session,p12,1,15,2x2,0.3744321868916288
first session,p12,1,15,3x3,0.18040233614536016
first session,p12,1,15,4x4,0.09798831927319922
first session,p12,1,16,1x3,0.7105775470473719
first session,p12,1,16,2x2,0.5321219987021415
first session,p12,1,16,3x3,0.33874107722258273
first session,p12,1,16,4x4,0.22517845554834523
first session,p12,1,17,1x3,0.6606099935107074
first session,p12,1,17,2x2,0.5580791693705386
first session,p12,1,17,3x3,0.3439325113562622
first session,p12,1,17,4x4,0.19922128487994809
first session,p12,1,18,1x3,0.7235561323815705
first session,p12,1,18,2x2,0.5619727449707982
first session,p12,1,18,3x3,0.372485399091499
first session,p12,1,18,4x4,0.23880597014925373
first session,p12,1,19,1x3,0.7352368591823492
first session,p12,1,19,2x2,0.43932511356262166
first session,p12,1,19,3x3,0.2881245944192083
first session,p12,1,19,4x4,0.190785204412719
first session,p12,3,0,1x3,0.7066839714471123
first session,p12,3,0,2x2,0.5762491888384166
first session,p12,3,0,3x3,0.3783257624918884
first session,p12,3,0,4x4,0.23166774821544453
first session,p12,3,1,1x3,0.6891628812459442
first session,p12,3,1,2x2,0.5937702790395847
first session,p12,3,1,3x3,0.30953926022063594
first session,p12,3,1,4x4,0.23101881894873458
first session,p12,3,2,1x3,0.7384815055158988
first session,p12,3,2,2x2,0.6268656716417911
first session,p12,3,2,3x3,0.3770279039584685
first session,p12,3,2,4x4,0.2426995457495133
first session,p12,3,3,1x3,0.7144711226476315
first session,p12,3,3,2x2,0.5892277741726152
first session,p12,3,3,3x3,0.32965606748864373
first session,p12,3,3,4x4,0.22582738481505515
first session,p12,3,4,1x3,0.7235561323815705
first session,p12,3,4,2x2,0.4510058403634004
first session,p12,3,4,3x3,0.28487994808565864
first session,p12,3,4,4x4,0.20246593121349774
first session,p12,3,5,1x3,0.736534717715769
first session,p12,3,5,2x2,0.5756002595717067
first session,p12,3,5,3x3,0.391304347826087
first session,p12,3,5,4x4,0.2511356262167424
first session,p12,3,6,1x3,0.7397793640493187
first session,p12,3,6,2x2,0.5035691109669046
first session,p12,3,6,3x3,0.30499675535366644
first session,p12,3,6,4x4,0.22647631408176508
first session,p12,3,7,1x3,0.7378325762491889
first session,p12,3,7,2x2,0.6320571057754705
first session,p12,3,7,3x3,0.3841661258922777
first session,p12,3,7,4x4,0.25308241401687215
first session,p12,3,8,1x3,0.7014925373134329
first session,p12,3,8,2x2,0.47955872809863725
first session,p12,3,8,3x3,0.28877352368591824
first session,p12,3,8,4x4,0.1901362751460091
first session,p12,3,9,1x3,0.7352368591823492
first session,p12,3,9,2x2,0.5412070084360805
first session,p12,3,9,3x3,0.32770927968851393
first session,p12,3,9,4x4,0.2225827384815055
first session,p12,3,10,1x3,0.736534717715769
first session,p12,3,10,2x2,0.5509409474367294
first session,p12,3,10,3x3,0.36080467229072033
first session,p12,3,10,4x4,0.23685918234912395
first session,p12,3,11,1x3,0.72809863724854
first session,p12,3,11,2x2,0.6223231667748216
first session,p12,3,11,3x3,0.38092147955872807
first session,p12,3,11,4x4,0.2426995457495133
first session,p12,3,12,1x3,0.7293964957819598
first session,p12,3,12,2x2,0.5905256327060351
first session,p12,3,12,3x3,0.3861129136924075
first session,p12,3,12,4x4,0.2446463335496431
first session,p12,3,13,1x3,0.6398442569759896
first session,p12,3,13,2x2,0.582089552238806
first session,p12,3,13,3x3,0.32057105775470474
first session,p12,3,13,4x4,0.18689162881245944
first session,p12,3,14,1x3,0.6606099935107074
first session,p12,3,14,2x2,0.5879299156391953
first session,p12,3,14,3x3,0.3303049967553537
first session,p12,3,14,4x4,0.1953277092796885
first session,p12,3,15,1x3,0.7112264763140818
first session,p12,3,15,2x2,0.6041531473069436
first session,p12,3,15,3x3,0.3796236210253082
first session,p12,3,15,4x4,0.23036988968202465
first session,p12,3,16,1x3,0.7157689811810513
first session,p12,3,16,2x2,0.5658663205710578
first session,p12,3,16,3x3,0.3257624918883842
first session,p12,3,16,4x4,0.21479558728098638
first session,p12,3,17,1x3,0.7417261518494485
first session,p12,3,17,2x2,0.6171317326411421
first session,p12,3,17,3x3,0.3900064892926671
first session,p12,3,17,4x4,0.24853990914990265
first session,p12,3,18,1x3,0.7118754055807917
first session,p12,3,18,2x2,0.5165476963011032
first session,p12,3,18,3x3,0.3173264114211551
first session,p12,3,18,4x4,0.2225827384815055
first session,p12,3,19,1x3,0.745619727449708
first session,p12,3,19,2x2,0.6086956521739131
first session,p12,3,19,3x3,0.34068786502271253
first session,p12,3,19,4x4,0.2491888384166126
first session,p12,5,0,1x3,0.7306943543153797
first session,p12,5,0,2x2,0.6210253082414017
first session,p12,5,0,3x3,0.4133679428942245
first session,p12,5,0,4x4,0.28423101881894874
first session,p12,5,1,1x3,0.6320571057754705
first session,p12,5,1,2x2,0.5846852693056457
first session,p12,5,1,3x3,0.3685918234912395
first session,p12,5,1,4x4,0.22128487994808566
first session,p12,5,2,1x3,0.7079818299805322
first session,p12,5,2,2x2,0.6164828033744322
first session,p12,5,2,3x3,0.4127190136275146
first session,p12,5,2,4x4,0.29331602855288774
first session,p12,5,3,1x3,0.7339390006489293
first session,p12,5,3,2x2,0.6190785204412719
first session,p12,5,3,3x3,0.39844256975989617
first session,p12,5,3,4x4,0.2783906554185594
first session,p12,5,4,1x3,0.6398442569759896
first session,p12,5,4,2x2,0.5606748864373783
first session,p12,5,4,3x3,0.36340038935756
first session,p12,5,4,4x4,0.227125243348475
first session,p12,5,5,1x3,0.7332900713822194
first session,p12,5,5,2x2,0.6262167423750811
first session,p12,5,5,3x3,0.39649578195976637
first session,p12,5,5,4x4,0.2589227774172615
first session,p12,5,6,1x3,0.7131732641142116
first session,p12,5,6,2x2,0.6119402985074627
first session,p12,5,6,3x3,0.39195327709279687
first session,p12,5,6,4x4,0.26670992861778064
first session,p12,5,7,1x3,0.7423750811161584
first session,p12,5,7,2x2,0.6307592472420506
first session,p12,5,7,3x3,0.42569759896171316
first session,p12,5,7,4x4,0.3108371187540558
first session,p12,5,8,1x3,0.736534717715769
first session,p12,5,8,2x2,0.627514600908501
first session,p12,5,8,3x3,0.43024010382868266
first session,p12,5,8,4x4,0.30499675535366644
first session,p12,5,9,1x3,0.7144711226476315
first session,p12,5,9,2x2,0.573004542504867
first session,p12,5,9,3x3,0.3737832576249189
first session,p12,5,9,4x4,0.23101881894873458
first session,p12,5,10,1x3,0.6995457495133031
first session,p12,5,10,2x2,0.6132381570408826
first session,p12,5,10,3x3,0.3990914990266061
first session,p12,5,10,4x4,0.2680077871512005
first session,p12,5,11,1x3,0.6924075275794939
first session,p12,5,11,2x2,0.6022063595068138
first session,p12,5,11,3x3,0.2517845554834523
first session,p12,5,11,4x4,0.1901362751460091
first session,p12,5,12,1x3,0.7469175859831279
first session,p12,5,12,2x2,0.6203763789746918
first session,p12,5,12,3x3,0.40752757949383517
first session,p12,5,12,4x4,0.26670992861778064
first session,p12,5,13,1x3,0.7138221933809215
first session,p12,5,13,2x2,0.6236210253082414
first session,p12,5,13,3x3,0.3108371187540558
first session,p12,5,13,4x4,0.21414665801427643
first session,p12,5,14,1x3,0.7436729396495781
first session,p12,5,14,2x2,0.6268656716417911
first session,p12,5,14,3x3,0.4224529526281635
first session,p12,5,14,4x4,0.3036988968202466
first session,p12,5,15,1x3,0.7417261518494485
first session,p12,5,15,2x2,0.6307592472420506
first session,p12,5,15,3x3,0.43413367942894227
first session,p12,5,15,4x4,0.30889033095392604
first session,p12,5,16,1x3,0.7209604153147307
first session,p12,5,16,2x2,0.6145360155743024
first session,p12,5,16,3x3,0.4198572355613238
first session,p12,5,16,4x4,0.28163530175210905
first session,p12,5,17,1x3,0.736534717715769
first session,p12,5,17,2x2,0.6320571057754705
first session,p12,5,17,3x3,0.41661258922777417
first session,p12,5,17,4x4,0.3011031797534069
first session,p12,5,18,1x3,0.72809863724854
first session,p12,5,18,2x2,0.6294613887086308
first session,p12,5,18,3x3,0.4218040233614536
first session,p12,5,18,4x4,0.3030499675535367
first session,p12,5,19,1x3,0.7482154445165476
first session,p12,5,19,2x2,0.6112913692407528
first session,p12,5,19,3x3,0.40038935756002597
first session,p12,5,19,4x4,0.263465282284231
first session,p12,9,0,1x3,0.7216093445814407
first session,p12,9,0,2x2,0.6138870863075925
first session,p12,9,0,3x3,0.4133679428942245
first session,p12,9,0,4x4,0.29072031148604804
first session,p12,9,1,1x3,0.7410772225827384
first session,p12,9,1,2x2,0.6301103179753407
first session,p12,9,1,3x3,0.41661258922777417
first session,p12,9,1,4x4,0.3011031797534069
first session,p12,9,2,1x3,0.7255029201817002
first session,p12,9,2,2x2,0.6229720960415315
first session,p12,9,2,3x3,0.42764438676184297
first session,p12,9,2,4x4,0.2946138870863076
first session,p12,9,3,1x3,0.7248539909149903
first session,p12,9,3,2x2,0.6229720960415315
first session,p12,9,3,3x3,0.41920830629461386
first session,p12,9,3,4x4,0.2855288773523686
first session,p12,9,4,1x3,0.7443218689162882
first session,p12,9,4,2x2,0.6294613887086308
first session,p12,9,4,3x3,0.373134328358209
first session,p12,9,4,4x4,0.2491888384166126
first session,p12,9,5,1x3,0.6755353666450357
first session,p12,9,5,2x2,0.5976638546398443
first session,p12,9,5,3x3,0.3841661258922777
first session,p12,9,5,4x4,0.24789097988319272
first session,p12,9,6,1x3,0.7482154445165476
first session,p12,9,6,2x2,0.618429591174562
first session,p12,9,6,3x3,0.3951979234263465
first session,p12,9,6,4x4,0.26865671641791045
first session,p12,9,7,1x3,0.7144711226476315
first session,p12,9,7,2x2,0.6009085009733939
first session,p12,9,7,3x3,0.3212199870214147
first session,p12,9,7,4x4,0.227125243348475
first session,p12,9,8,1x3,0.7475665152498377
first session,p12,9,8,2x2,0.5788449059052563
first session,p12,9,8,3x3,0.39844256975989617
first session,p12,9,8,4x4,0.2582738481505516
first session,p12,9,9,1x3,0.745619727449708
first session,p12,9,9,2x2,0.6242699545749514
first session,p12,9,9,3x3,0.426995457495133
first session,p12,9,9,4x4,0.30434782608695654
first session,p12,9,10,1x3,0.7488643737832577
first session,p12,9,10,2x2,0.6080467229072031
first session,p12,9,10,3x3,0.42050616482803377
first session,p12,9,10,4x4,0.29526281635301754
first session,p12,9,11,1x3,0.72744970798183
first session,p12,9,11,2x2,0.6249188838416613
first session,p12,9,11,3x3,0.4036340038935756
first session,p12,9,11,4x4,0.2602206359506814
first session,p12,9,12,1x3,0.7196625567813109
first session,p12,9,12,2x2,0.6203763789746918
first session,p12,9,12,3x3,0.4263465282284231
first session,p12,9,12,4x4,0.2920181700194679
first session,p12,9,13,1x3,0.7501622323166774
first session,p12,9,13,2x2,0.6210253082414017
first session,p12,9,13,3x3,0.4127190136275146
first session,p12,9,13,4x4,0.27579493835171964
first session,p12,9,14,1x3,0.7170668397144712
first session,p12,9,14,2x2,0.6119402985074627
first session,p12,9,14,3x3,0.4081765087605451
first session,p12,9,14,4x4,0.2783906554185594
first session,p12,9,15,1x3,0.7488643737832577
first session,p12,9,15,2x2,0.6242699545749514
first session,p12,9,15,3x3,0.3893575600259572
first session,p12,9,15,4x4,0.2582738481505516
first session,p12,9,16,1x3,0.7378325762491889
first session,p12,9,16,2x2,0.627514600908501
first session,p12,9,16,3x3,0.417910447761194
first session,p12,9,16,4x4,0.2790395846852693
first session,p12,9,17,1x3,0.7326411421155095
first session,p12,9,17,2x2,0.6132381570408826
first session,p12,9,17,3x3,0.43024010382868266
first session,p12,9,17,4x4,0.2926670992861778
first session,p12,9,18,1x3,0.7242050616482804
first session,p12,9,18,2x2,0.6197274497079819
first session,p12,9,18,3x3,0.42310188189487347
first session,p12,9,18,4x4,0.29785853341985724
first session,p12,9,19,1x3,0.7170668397144712
first session,p12,9,19,2x2,0.6099935107073329
first session,p12,9,19,3x3,0.3504218040233614
first session,p12,9,19,4x4,0.22777417261518496
first session,p12,16,0,1x3,0.7430240103828682
first session,p12,16,0,2x2,0.5249837767683323
first session,p12,16,0,3x3,0.33679428942245293
first session,p12,16,0,4x4,0.2245295262816353
first session,p12,16,1,1x3,0.7482154445165476
first session,p12,16,1,2x2,0.627514600908501
first session,p12,16,1,3x3,0.3951979234263465
first session,p12,16,1,4x4,0.2491888384166126
first session,p12,16,2,1x3,0.7495133030499675
first session,p12,16,2,2x2,0.6203763789746918
first session,p12,16,2,3x3,0.4198572355613238
first session,p12,16,2,4x4,0.28033744321868914
first session,p12,16,3,1x3,0.7443218689162882
first session,p12,16,3,2x2,0.6216742375081116
first session,p12,16,3,3x3,0.4263465282284231
first session,p12,16,3,4x4,0.29396495781959764
first session,p12,16,4,1x3,0.7326411421155095
first session,p12,16,4,2x2,0.609344581440623
first session,p12,16,4,3x3,0.41920830629461386
first session,p12,16,4,4x4,0.29396495781959764
first session,p12,16,5,1x3,0.745619727449708
first session,p12,16,5,2x2,0.6242699545749514
first session,p12,16,5,3x3,0.3627514600908501
first session,p12,16,5,4x4,0.2491888384166126
first session,p12,16,6,1x3,0.737183646982479
first session,p12,16,6,2x2,0.6288124594419209
first session,p12,16,6,3x3,0.4308890330953926
first session,p12,16,6,4x4,0.3017521090201168
first session,p12,16,7,1x3,0.7443218689162882
first session,p12,16,7,2x2,0.6216742375081116
first session,p12,16,7,3x3,0.4218040233614536
first session,p12,16,7,4x4,0.2900713822193381
first session,p12,16,8,1x3,0.7417261518494485
first session,p12,16,8,2x2,0.6242699545749514
first session,p12,16,8,3x3,0.4042829331602855
first session,p12,16,8,4x4,0.2628163530175211
first session,p12,16,9,1x3,0.7261518494484102
first session,p12,16,9,2x2,0.6073977936404932
first session,p12,16,9,3x3,0.41207008436080467
first session,p12,16,9,4x4,0.29072031148604804
first session,p12,16,10,1x3,0.744970798182998
first session,p12,16,10,2x2,0.6255678131083712
first session,p12,16,10,3x3,0.4289422452952628
first session,p12,16,10,4x4,0.3036988968202466
first session,p12,16,11,1x3,0.7410772225827384
first session,p12,16,11,2x2,0.6320571057754705
first session,p12,16,11,3x3,0.42569759896171316
first session,p12,16,11,4x4,0.30953926022063594
first session,p12,16,12,1x3,0.7391304347826086
first session,p12,16,12,2x2,0.6262167423750811
first session,p12,16,12,3x3,0.42829331602855286
first session,p12,16,12,4x4,0.30694354315379624
first session,p12,16,13,1x3,0.744970798182998
first session,p12,16,13,2x2,0.6307592472420506
first session,p12,16,13,3x3,0.40103828682673587
first session,p12,16,13,4x4,0.27514600908500975
first session,p12,16,14,1x3,0.7410772225827384
first session,p12,16,14,2x2,0.627514600908501
first session,p12,16,14,3x3,0.41855937702790397
first session,p12,16,14,4x4,0.2881245944192083
first session,p12,16,15,1x3,0.745619727449708
first session,p12,16,15,2x2,0.6197274497079819
first session,p12,16,15,3x3,0.41401687216093447
first session,p12,16,15,4x4,0.2673588578844906
first session,p12,16,16,1x3,0.7404282933160286
first session,p12,16,16,2x2,0.6080467229072031
first session,p12,16,16,3x3,0.4198572355613238
first session,p12,16,16,4x4,0.28877352368591824
first session,p12,16,17,1x3,0.737183646982479
first session,p12,16,17,2x2,0.6294613887086308
first session,p12,16,17,3x3,0.408825438027255
first session,p12,16,17,4x4,0.2680077871512005
first session,p12,16,18,1x3,0.737183646982479
first session,p12,16,18,2x2,0.6190785204412719
first session,p12,16,18,3x3,0.3958468526930565
first session,p12,16,18,4x4,0.25697598961713175
first session,p12,16,19,1x3,0.7436729396495781
first session,p12,16,19,2x2,0.6255678131083712
first session,p12,16,19,3x3,0.43413367942894227
first session,p12,16,19,4x4,0.31148604802076574
random,p13,1,0,1x3,0.8396793587174348
random,p13,1,0,2x2,0.6346025384101537
random,p13,1,0,3x3,0.38410153640614564
random,p13,1,0,4x4,0.2832331329325317
random,p13,1,1,1x3,0.5711422845691383
random,p13,1,1,2x2,0.4863059452237809
random,p13,1,1,3x3,0.22578490313961255
random,p13,1,1,4x4,0.11890447561790247
random,p13,1,2,1x3,0.7949231796927188
random,p13,1,2,2x2,0.665998663994656
random,p13,1,2,3x3,0.45691382765531063
random,p13,1,2,4x4,0.2772211088844355
random,p13,1,3,1x3,0.8383433533734135
random,p13,1,3,2x2,0.4575818303273213
random,p13,1,3,3x3,0.3199732798931196
random,p13,1,3,4x4,0.21710086840347362
random,p13,1,4,1x3,0.3760855043420174
random,p13,1,4,2x2,0.3179692718770875
random,p13,1,4,3x3,0.13159652638610556
random,p13,1,4,4x4,0.06947227788911156
random,p13,1,5,1x3,0.6706746826987308
random,p13,1,5,2x2,0.42351369405477624
random,p13,1,5,3x3,0.22979291917167669
random,p13,1,5,4x4,0.1396125584502338
random,p13,1,6,1x3,0.8356713426853707
random,p13,1,6,2x2,0.706746826987308
random,p13,1,6,3x3,0.41549766199064797
random,p13,1,6,4x4,0.3179692718770875
random,p13,1,7,1x3,0.8102872411489646
random,p13,1,7,2x2,0.5250501002004008
random,p13,1,7,3x3,0.3072812291249165
random,p13,1,7,4x4,0.20908483633934535
random,p13,1,8,1x3,0.8069472277889111
random,p13,1,8,2x2,0.5497661990647963
random,p13,1,8,3x3,0.31596526386105545
random,p13,1,8,4x4,0.21576486305945225
random,p13,1,9,1x3,0.7014028056112225
random,p13,1,9,2x2,0.6646626586506346
random,p13,1,9,3x3,0.3486973947895792
random,p13,1,9,4x4,0.23847695390781562
random,p13,1,10,1x3,0.8096192384769539
random,p13,1,10,2x2,0.6993987975951904
random,p13,1,10,3x3,0.4201736806947228
random,p13,1,10,4x4,0.2905811623246493
random,p13,1,11,1x3,0.8196392785571143
random,p13,1,11,2x2,0.6533066132264529
random,p13,1,11,3x3,0.39412157648630597
random,p13,1,11,4x4,0.2939211756847027
random,p13,1,12,1x3,0.7962591850367402
random,p13,1,12,2x2,0.6666666666666666
random,p13,1,12,3x3,0.4148296593186373
random,p13,1,12,4x4,0.2792251169004676
random,p13,1,13,1x3,0.8416833667334669
random,p13,1,13,2x2,0.7254509018036072
random,p13,1,13,3x3,0.45223780895123583
random,p13,1,13,4x4,0.31596526386105545
random,p13,1,14,1x3,0.8350033400133601
random,p13,1,14,2x2,0.49365397461589844
random,p13,1,14,3x3,0.38410153640614564
random,p13,1,14,4x4,0.25250501002004005
random,p13,1,15,1x3,0.8196392785571143
random,p13,1,15,2x2,0.6880427521710086
random,p13,1,15,3x3,0.39345357381429524
random,p13,1,15,4x4,0.3059452237808951
random,p13,1,16,1x3,0.8169672678690715
random,p13,1,16,2x2,0.6993987975951904
random,p13,1,16,3x3,0.40080160320641284
random,p13,1,16,4x4,0.3032732130928524
random,p13,1,17,1x3,0.8343353373413493
random,p13,1,17,2x2,0.6546426185704742
random,p13,1,17,3x3,0.4074816299265197
random,p13,1,17,4x4,0.301937207748831
random,p13,1,18,1x3,0.7715430861723447
random,p13,1,18,2x2,0.657314629258517
random,p13,1,18,3x3,0.43754175016700064
random,p13,1,18,4x4,0.2605210420841683
random,p13,1,19,1x3,0.8403473613894455
random,p13,1,19,2x2,0.46292585170340683
random,p13,1,19,3x3,0.36472945891783565
random,p13,1,19,4x4,0.23847695390781562
random,p13,3,0,1x3,0.8006688963210702
random,p13,3,0,2x2,0.7050167224080267
random,p13,3,0,3x3,0.4033444816053512
random,p13,3,0,4x4,0.3016722408026756
random,p13,3,1,1x3,0.8133779264214047
random,p13,3,1,2x2,0.6381270903010033
random,p13,3,1,3x3,0.3866220735785953
random,p13,3,1,4x4,0.28963210702341136
random,p13,3,2,1x3,0.8421404682274247
random,p13,3,2,2x2,0.7217391304347827
random,p13,3,2,3x3,0.45418060200668897
random,p13,3,2,4x4,0.3130434782608696
random,p13,3,3,1x3,0.8327759197324415
random,p13,3,3,2x2,0.682943143812709
random,p13,3,3,3x3,0.46488294314381273
random,p13,3,3,4x4,0.3110367892976589
random,p13,3,4,1x3,0.8133779264214047
random,p13,3,4,2x2,0.7063545150501672
random,p13,3,4,3x3,0.4234113712374582
random,p13,3,4,4x4,0.3003344481605351
random,p13,3,5,1x3,0.8173913043478261
random,p13,3,5,2x2,0.6742474916387959
random,p13,3,5,3x3,0.42274247491638794
random,p13,3,5,4x4,0.2936454849498328
random,p13,3,6,1x3,0.8381270903010033
random,p13,3,6,2x2,0.6923076923076923
random,p13,3,6,3x3,0.40668896321070236
random,p13,3,6,4x4,0.3096989966555184
random,p13,3,7,1x3,0.8167224080267559
random,p13,3,7,2x2,0.49230769230769234
random,p13,3,7,3x3,0.2802675585284281
random,p13,3,7,4x4,0.20334448160535118
random,p13,3,8,1x3,0.7872909698996655
random,p13,3,8,2x2,0.6862876254180602
random,p13,3,8,3x3,0.45752508361204014
random,p13,3,8,4x4,0.28494983277591973
random,p13,3,9,1x3,0.7732441471571906
random,p13,3,9,2x2,0.7023411371237458
random,p13,3,9,3x3,0.4
random,p13,3,9,4x4,0.27357859531772577
random,p13,3,10,1x3,0.8381270903010033
random,p13,3,10,2x2,0.6842809364548496
random,p13,3,10,3x3,0.46755852842809364
random,p13,3,10,4x4,0.31638795986622076
random,p13,3,11,1x3,0.8100334448160535
random,p13,3,11,2x2,0.6989966555183946
random,p13,3,11,3x3,0.4274247491638796
random,p13,3,11,4x4,0.2903010033444816
random,p13,3,12,1x3,0.788628762541806
random,p13,3,12,2x2,0.6287625418060201
random,p13,3,12,3x3,0.3665551839464883
random,p13,3,12,4x4,0.2535117056856187
random,p13,3,13,1x3,0.8387959866220736
random,p13,3,13,2x2,0.705685618729097
random,p13,3,13,3x3,0.47157190635451507
random,p13,3,13,4x4,0.31438127090301005
random,p13,3,14,1x3,0.8147157190635451
random,p13,3,14,2x2,0.6535117056856188
random,p13,3,14,3x3,0.4040133779264214
random,p13,3,14,4x4,0.29431438127090304
random,p13,3,15,1x3,0.8180602006688963
random,p13,3,15,2x2,0.7110367892976589
random,p13,3,15,3x3,0.4568561872909699
random,p13,3,15,4x4,0.3016722408026756
random,p13,3,16,1x3,0.8394648829431438
random,p13,3,16,2x2,0.6468227424749163
random,p13,3,16,3x3,0.4013377926421405
random,p13,3,16,4x4,0.2983277591973244
random,p13,3,17,1x3,0.834113712374582
random,p13,3,17,2x2,0.6555183946488294
random,p13,3,17,3x3,0.40869565217391307
random,p13,3,17,4x4,0.30301003344481603
random,p13,3,18,1x3,0.8367892976588629
random,p13,3,18,2x2,0.6782608695652174
random,p13,3,18,3x3,0.4414715719063545
random,p13,3,18,4x4,0.31705685618729096
random,p13,3,19,1x3,0.8381270903010033
random,p13,3,19,2x2,0.6622073578595318
random,p13,3,19,3x3,0.4254180602006689
random,p13,3,19,4x4,0.29498327759197324
random,p13,5,0,1x3,0.6510381781647689
random,p13,5,0,2x2,0.6744809109176155
random,p13,5,0,3x3,0.3971868720696584
random,p13,5,0,4x4,0.2679169457468185
random,p13,5,1,1x3,0.768921634293369
random,p13,5,1,2x2,0.6543871399866041
random,p13,5,1,3x3,0.40991292699263226
random,p13,5,1,4x4,0.27059611520428667
random,p13,5,2,1x3,0.8070997990622907
random,p13,5,2,2x2,0.679839249832552
random,p13,5,2,3x3,0.28064300066979236
random,p13,5,2,4x4,0.20629604822505024
random,p13,5,3,1x3,0.7166778298727394
random,p13,5,3,2x2,0.6537173476222371
random,p13,5,3,3x3,0.4045545880776959
random,p13,5,3,4x4,0.2638981915606162
random,p13,5,4,1x3,0.7782987273945077
random,p13,5,4,2x2,0.7046215673141326
random,p13,5,4,3x3,0.4554588077695914
random,p13,5,4,4x4,0.3134628265237776
random,p13,5,5,1x3,0.8325519089082385
random,p13,5,5,2x2,0.6912257200267917
random,p13,5,5,3x3,0.38780977896851976
random,p13,5,5,4x4,0.2940388479571333
random,p13,5,6,1x3,0.8352310783657066
random,p13,5,6,2x2,0.6684527796383122
random,p13,5,6,3x3,0.4474212993971869
random,p13,5,6,4x4,0.3261888814467515
random,p13,5,7,1x3,0.8117883456128601
random,p13,5,7,2x2,0.7180174146014735
random,p13,5,7,3x3,0.4092431346282652
random,p13,5,7,4x4,0.2853315472203617
random,p13,5,8,1x3,0.8352310783657066
random,p13,5,8,2x2,0.7079705291359678
random,p13,5,8,3x3,0.3583389149363697
random,p13,5,8,4x4,0.2478231748158071
random,p13,5,9,1x3,0.8332217012726055
random,p13,5,9,2x2,0.7173476222371065
random,p13,5,9,3x3,0.5030140656396517
random,p13,5,9,4x4,0.3636972538513061
random,p13,5,10,1x3,0.8325519089082385
random,p13,5,10,2x2,0.7160080375083724
random,p13,5,10,3x3,0.5090421969189551
random,p13,5,10,4x4,0.3710649698593436
random,p13,5,11,1x3,0.7849966510381782
random,p13,5,11,2x2,0.6617548559946417
random,p13,5,11,3x3,0.362357669122572
random,p13,5,11,4x4,0.19959812458137977
random,p13,5,12,1x3,0.8137977227059612
random,p13,5,12,2x2,0.680509042196919
random,p13,5,12,3x3,0.4735432016075017
random,p13,5,12,4x4,0.33556597454789017
random,p13,5,13,1x3,0.8218352310783658
random,p13,5,13,2x2,0.7153382451440053
random,p13,5,13,3x3,0.39919624916275953
random,p13,5,13,4x4,0.2993971868720697
random,p13,5,14,1x3,0.8077695914266577
random,p13,5,14,2x2,0.6162089752176825
random,p13,5,14,3x3,0.36302746148693904
random,p13,5,14,4x4,0.22705961152042867
random,p13,5,15,1x3,0.8359008707300737
random,p13,5,15,2x2,0.463496316141996
random,p13,5,15,3x3,0.29470864032150035
random,p13,5,15,4x4,0.2143335565974548
random,p13,5,16,1x3,0.797052913596785
random,p13,5,16,2x2,0.6831882116543871
random,p13,5,16,3x3,0.4420629604822505
random,p13,5,16,4x4,0.2692565304755526
random,p13,5,17,1x3,0.8225050234427328
random,p13,5,17,2x2,0.6925653047555258
random,p13,5,17,3x3,0.33489618218352313
random,p13,5,17,4x4,0.24447421299397187
random,p13,5,18,1x3,0.8097789685197588
random,p13,5,18,2x2,0.6858673811118553
random,p13,5,18,3x3,0.46483590087073007
random,p13,5,18,4x4,0.31882116543871397
random,p13,5,19,1x3,0.8345612860013396
random,p13,5,19,2x2,0.6885465505693235
random,p13,5,19,3x3,0.47622237106496984
random,p13,5,19,4x4,0.3650368385800402
random,p13,9,0,1x3,0.8394895903290799
random,p13,9,0,2x2,0.7186030893216924
random,p13,9,0,3x3,0.46877098723975824
random,p13,9,0,4x4,0.33176628609805237
random,p13,9,1,1x3,0.8394895903290799
random,p13,9,1,2x2,0.6964405641370047
random,p13,9,1,3x3,0.4922766957689725
random,p13,9,1,4x4,0.3519140362659503
random,p13,9,2,1x3,0.8347884486232371
random,p13,9,2,2x2,0.7165883143049027
random,p13,9,2,3x3,0.4828744123572868
random,p13,9,2,4x4,0.32505036937541976
random,p13,9,3,1x3,0.8341168569509738
random,p13,9,3,2x2,0.6910678307588985
random,p13,9,3,3x3,0.48690396239086636
random,p13,9,3,4x4,0.3364674278038952
random,p13,9,4,1x3,0.8334452652787105
random,p13,9,4,2x2,0.7199462726662189
random,p13,9,4,3x3,0.46877098723975824
random,p13,9,4,4x4,0.32303559435862994
random,p13,9,5,1x3,0.8401611820013432
random,p13,9,5,2x2,0.7078576225654802
random,p13,9,5,3x3,0.39959704499664206
random,p13,9,5,4x4,0.30288784419073206
random,p13,9,6,1x3,0.6239086635325722
random,p13,9,6,2x2,0.6588314304902619
random,p13,9,6,3x3,0.3593015446608462
random,p13,9,6,4x4,0.21893888515782403
random,p13,9,7,1x3,0.8253861652115514
random,p13,9,7,2x2,0.7058428475486904
random,p13,9,7,3x3,0.44795164539959703
random,p13,9,7,4x4,0.2740094022834117
random,p13,9,8,1x3,0.8374748153122902
random,p13,9,8,2x2,0.6803223640026864
random,p13,9,8,3x3,0.46809939556749497
random,p13,9,8,4x4,0.3425117528542646
random,p13,9,9,1x3,0.8354600402955004
random,p13,9,9,2x2,0.6917394224311618
random,p13,9,9,3x3,0.32505036937541976
random,p13,9,9,4x4,0.23774345198119542
random,p13,9,10,1x3,0.8368032236400269
random,p13,9,10,2x2,0.687038280725319
random,p13,9,10,3x3,0.29012760241773
random,p13,9,10,4x4,0.23169912693082606
random,p13,9,11,1x3,0.8381464069845533
random,p13,9,11,2x2,0.699798522498321
random,p13,9,11,3x3,0.49429147078576224
random,p13,9,11,4x4,0.36803223640026866
random,p13,9,12,1x3,0.7904633982538617
random,p13,9,12,2x2,0.6883814640698456
random,p13,9,12,3x3,0.4855607790463398
random,p13,9,12,4x4,0.3210208193418402
random,p13,9,13,1x3,0.8428475486903962
random,p13,9,13,2x2,0.6903962390866353
random,p13,9,13,3x3,0.4768300873069174
random,p13,9,13,4x4,0.3465413028878442
random,p13,9,14,1x3,0.8388179986568166
random,p13,9,14,2x2,0.7044996642041639
random,p13,9,14,3x3,0.5010073875083949
random,p13,9,14,4x4,0.3673606447280054
random,p13,9,15,1x3,0.8368032236400269
random,p13,9,15,2x2,0.6944257891202149
random,p13,9,15,3x3,0.4801880456682337
random,p13,9,15,4x4,0.3351242444593687
random,p13,9,16,1x3,0.7743451981195433
random,p13,9,16,2x2,0.6789791806581599
random,p13,9,16,3x3,0.4667562122229684
random,p13,9,16,4x4,0.31967763599731364
random,p13,9,17,1x3,0.8408327736736064
random,p13,9,17,2x2,0.7105439892545332
random,p13,9,17,3x3,0.39355271994627267
random,p13,9,17,4x4,0.3075889858965749
random,p13,9,18,1x3,0.8253861652115514
random,p13,9,18,2x2,0.707186030893217
random,p13,9,18,3x3,0.4842175957018133
random,p13,9,18,4x4,0.32907991940899933
random,p13,9,19,1x3,0.8139691067830759
random,p13,9,19,2x2,0.6736064472800537
random,p13,9,19,3x3,0.45735392881128273
random,p13,9,19,4x4,0.30624580255204836
random,p13,16,0,1x3,0.8340080971659919
random,p13,16,0,2x2,0.689608636977058
random,p13,16,0,3x3,0.47908232118758437
random,p13,16,0,4x4,0.33805668016194335
random,p13,16,1,1x3,0.8407557354925776
random,p13,16,1,2x2,0.7112010796221323
random,p13,16,1,3x3,0.4136302294197031
random,p13,16,1,4x4,0.2908232118758435
random,p13,16,2,1x3,0.8387314439946019
random,p13,16,2,2x2,0.699055330634278
random,p13,16,2,3x3,0.4939271255060729
random,p13,16,2,4x4,0.3522267206477733
random,p13,16,3,1x3,0.8333333333333334
random,p13,16,3,2x2,0.7165991902834008
random,p13,16,3,3x3,0.4973009446693657
random,p13,16,3,4x4,0.35560053981106615
random,p13,16,4,1x3,0.8380566801619433
random,p13,16,4,2x2,0.6869095816464238
random,p13,16,4,3x3,0.4048582995951417
random,p13,16,4,4x4,0.3164642375168691
random,p13,16,5,1x3,0.8427800269905533
random,p13,16,5,2x2,0.6882591093117408
random,p13,16,5,3x3,0.47368421052631576
random,p13,16,5,4x4,0.30701754385964913
random,p13,16,6,1x3,0.8360323886639676
random,p13,16,6,2x2,0.703778677462888
random,p13,16,6,3x3,0.44871794871794873
random,p13,16,6,4x4,0.3097165991902834
random,p13,16,7,1x3,0.8367071524966262
random,p13,16,7,2x2,0.7031039136302294
random,p13,16,7,3x3,0.49122807017543857
random,p13,16,7,4x4,0.3333333333333333
random,p13,16,8,1x3,0.8394062078272605
random,p13,16,8,2x2,0.7091767881241565
random,p13,16,8,3x3,0.4777327935222672
random,p13,16,8,4x4,0.2948717948717949
random,p13,16,9,1x3,0.8414304993252362
random,p13,16,9,2x2,0.7152496626180836
random,p13,16,9,3x3,0.3967611336032389
random,p13,16,9,4x4,0.2894736842105263
random,p13,16,10,1x3,0.8137651821862348
random,p13,16,10,2x2,0.6983805668016194
random,p13,16,10,3x3,0.3805668016194332
random,p13,16,10,4x4,0.27800269905533065
random,p13,16,11,1x3,0.8360323886639676
random,p13,16,11,2x2,0.6821862348178138
random,p13,16,11,3x3,0.4507422402159244
random,p13,16,11,4x4,0.3360323886639676
random,p13,16,12,1x3,0.8326585695006747
random,p13,16,12,2x2,0.6754385964912281
random,p13,16,12,3x3,0.3940620782726046
random,p13,16,12,4x4,0.3016194331983806
random,p13,16,13,1x3,0.8373819163292847
random,p13,16,13,2x2,0.6956815114709851
random,p13,16,13,3x3,0.4642375168690958
random,p13,16,13,4x4,0.2874493927125506
random,p13,16,14,1x3,0.8407557354925776
random,p13,16,14,2x2,0.680161943319838
random,p13,16,14,3x3,0.4493927125506073
random,p13,16,14,4x4,0.34547908232118757
random,p13,16,15,1x3,0.835357624831309
random,p13,16,15,2x2,0.6997300944669366
random,p13,16,15,3x3,0.4898785425101215
random,p13,16,15,4x4,0.3582995951417004
random,p13,16,16,1x3,0.8333333333333334
random,p13,16,16,2x2,0.6889338731443995
random,p13,16,16,3x3,0.48380566801619435
random,p13,16,16,4x4,0.34547908232118757
random,p13,16,17,1x3,0.8414304993252362
random,p13,16,17,2x2,0.6963562753036437
random,p13,16,17,3x3,0.3960863697705803
random,p13,16,17,4x4,0.30026990553306343
random,p13,16,18,1x3,0.844804318488529
random,p13,16,18,2x2,0.7105263157894737
random,p13,16,18,3x3,0.5026990553306343
random,p13,16,18,4x4,0.3630229419703104
random,p13,16,19,1x3,0.8394062078272605
random,p13,16,19,2x2,0.6788124156545209
random,p13,16,19,3x3,0.45209176788124156
random,p13,16,19,4x4,0.33805668016194335
first session,p13,1,0,1x3,0.8377558756633814
first session,p13,1,0,2x2,0.711144806671721
first session,p13,1,0,3x3,0.43290371493555724
first session,p13,1,0,4x4,0.32297194844579225
first session,p13,1,1,1x3,0.8415466262319939
first session,p13,1,1,2x2,0.4624715693707354
first session,p13,1,1,3x3,0.3646702047005307
first session,p13,1,1,4x4,0.23654283548142532
first session,p13,1,2,1x3,0.6087945413191812
first session,p13,1,2,2x2,0.6156178923426838
first session,p13,1,2,3x3,0.2767247915087187
first session,p13,1,2,4x4,0.17968157695223655
first session,p13,1,3,1x3,0.8066717210007581
first session,p13,1,3,2x2,0.5208491281273692
first session,p13,1,3,3x3,0.378316906747536
first session,p13,1,3,4x4,0.24336618650492797
first session,p13,1,4,1x3,0.8339651250947687
first session,p13,1,4,2x2,0.6876421531463229
first session,p13,1,4,3x3,0.47536012130401817
first session,p13,1,4,4x4,0.3070507960576194
first session,p13,1,5,1x3,0.8134950720242609
first session,p13,1,5,2x2,0.4852160727824109
first session,p13,1,5,3x3,0.37452615617892343
first session,p13,1,5,4x4,0.2312357846853677
first session,p13,1,6,1x3,0.6057619408642911
first session,p13,1,6,2x2,0.4131918119787718
first session,p13,1,6,3x3,0.25701288855193327
first session,p13,1,6,4x4,0.12736921910538287
first session,p13,1,7,1x3,0.8362395754359363
first session,p13,1,7,2x2,0.4624715693707354
first session,p13,1,7,3x3,0.3252463987869598
first session,p13,1,7,4x4,0.21986353297952996
first session,p13,1,8,1x3,0.731614859742229
first session,p13,1,8,2x2,0.4382107657316149
first session,p13,1,8,3x3,0.29946929492039426
first session,p13,1,8,4x4,0.18043972706595907
first session,p13,1,9,1x3,0.8188021228203184
first session,p13,1,9,2x2,0.6535253980288097
first session,p13,1,9,3x3,0.4025777103866566
first session,p13,1,9,4x4,0.2926459438968916
first session,p13,1,10,1x3,0.8066717210007581
first session,p13,1,10,2x2,0.45261561789234267
first session,p13,1,10,3x3,0.33434420015163
first session,p13,1,10,4x4,0.21910538286580744
first session,p13,1,11,1x3,0.6550416982562547
first session,p13,1,11,2x2,0.6535253980288097
first session,p13,1,11,3x3,0.34268385140257773
first session,p13,1,11,4x4,0.20621683093252463
first session,p13,1,12,1x3,0.8407884761182715
first session,p13,1,12,2x2,0.7247915087187263
first session,p13,1,12,3x3,0.44579226686884005
first session,p13,1,12,4x4,0.32297194844579225
first session,p13,1,13,1x3,0.8263836239575436
first session,p13,1,13,2x2,0.7081122062168309
first session,p13,1,13,3x3,0.42380591357088704
first session,p13,1,13,4x4,0.3153904473085671
first session,p13,1,14,1x3,0.7680060652009097
first session,p13,1,14,2x2,0.46929492039423804
first session,p13,1,14,3x3,0.27748294162244125
first session,p13,1,14,4x4,0.17513267626990145
first session,p13,1,15,1x3,0.8339651250947687
first session,p13,1,15,2x2,0.6899166034874905
first session,p13,1,15,3x3,0.4086429112964367
first session,p13,1,15,4x4,0.3070507960576194
first session,p13,1,16,1x3,0.8438210765731615
first session,p13,1,16,2x2,0.6967399545109931
first session,p13,1,16,3x3,0.41091736163760423
first session,p13,1,16,4x4,0.3169067475360121
first session,p13,1,17,1x3,0.8218347232752085
first session,p13,1,17,2x2,0.6755117513267627
first session,p13,1,17,3x3,0.3889310083396513
first session,p13,1,17,4x4,0.3025018953752843
first session,p13,1,18,1x3,0.8218347232752085
first session,p13,1,18,2x2,0.5898407884761183
first session,p13,1,18,3x3,0.33510235026535257
first session,p13,1,18,4x4,0.24336618650492797
first session,p13,1,19,1x3,0.8407884761182715
first session,p13,1,19,2x2,0.7247915087187263
first session,p13,1,19,3x3,0.44579226686884005
first session,p13,1,19,4x4,0.32297194844579225
first session,p13,3,0,1x3,0.8392721758908264
first session,p13,3,0,2x2,0.6717210007581501
first session,p13,3,0,3x3,0.39878695981804396
first session,p13,3,0,4x4,0.312357846853677
first session,p13,3,1,1x3,0.8081880212282032
first session,p13,3,1,2x2,0.6876421531463229
first session,p13,3,1,3x3,0.4632297194844579
first session,p13,3,1,4x4,0.2918877937831691
first session,p13,3,2,1x3,0.6846095526914329
first session,p13,3,2,2x2,0.6027293404094011
first session,p13,3,2,3x3,0.3032600454890068
first session,p13,3,2,4x4,0.21531463229719486
first session,p13,3,3,1x3,0.8362395754359363
first session,p13,3,3,2x2,0.714177407126611
first session,p13,3,3,3x3,0.4564063684609553
first session,p13,3,3,4x4,0.31311599696739956
first session,p13,3,4,1x3,0.8362395754359363
first session,p13,3,4,2x2,0.6914329037149356
first session,p13,3,4,3x3,0.40561031084154664
first session,p13,3,4,4x4,0.3191811978771797
first session,p13,3,5,1x3,0.8354814253222138
first session,p13,3,5,2x2,0.6868840030326004
first session,p13,3,5,3x3,0.4071266110689917
first session,p13,3,5,4x4,0.3169067475360121
first session,p13,3,6,1x3,0.8104624715693708
first session,p13,3,6,2x2,0.6830932524639879
first session,p13,3,6,3x3,0.3957543593631539
first session,p13,3,6,4x4,0.2926459438968916
first session,p13,3,7,1x3,0.8104624715693708
first session,p13,3,7,2x2,0.6808188021228203
first session,p13,3,7,3x3,0.3912054586808188
first session,p13,3,7,4x4,0.29492039423805916
first session,p13,3,8,1x3,0.8256254738438211
first session,p13,3,8,2x2,0.5473843821076573
first session,p13,3,8,3x3,0.3821076573161486
first session,p13,3,8,4x4,0.266868840030326
first session,p13,3,9,1x3,0.8400303260045489
first session,p13,3,9,2x2,0.6952236542835482
first session,p13,3,9,3x3,0.44806671721000757
first session,p13,3,9,4x4,0.31387414708112205
first session,p13,3,10,1x3,0.8415466262319939
first session,p13,3,10,2x2,0.7164518574677786
first session,p13,3,10,3x3,0.43442001516300227
first session,p13,3,10,4x4,0.32221379833206976
first session,p13,3,11,1x3,0.8218347232752085
first session,p13,3,11,2x2,0.686125852918878
first session,p13,3,11,3x3,0.4700530705079606
first session,p13,3,11,4x4,0.3078089461713419
first session,p13,3,12,1x3,0.799090219863533
first session,p13,3,12,2x2,0.5193328278999242
first session,p13,3,12,3x3,0.36997725549658833
first session,p13,3,12,4x4,0.23426838514025777
first session,p13,3,13,1x3,0.8369977255496588
first session,p13,3,13,2x2,0.6762699014404853
first session,p13,3,13,3x3,0.39423805913570886
first session,p13,3,13,4x4,0.31766489764973466
first session,p13,3,14,1x3,0.8385140257771039
first session,p13,3,14,2x2,0.689158453373768
first session,p13,3,14,3x3,0.4632297194844579
first session,p13,3,14,4x4,0.3191811978771797
first session,p13,3,15,1x3,0.8081880212282032
first session,p13,3,15,2x2,0.6732373009855952
first session,p13,3,15,3x3,0.38362395754359363
first session,p13,3,15,4x4,0.29567854435178165
first session,p13,3,16,1x3,0.8104624715693708
first session,p13,3,16,2x2,0.6853677028051555
first session,p13,3,16,3x3,0.40181956027293403
first session,p13,3,16,4x4,0.2918877937831691
first session,p13,3,17,1x3,0.8347232752084913
first session,p13,3,17,2x2,0.6762699014404853
first session,p13,3,17,3x3,0.3949962092494314
first session,p13,3,17,4x4,0.3161485974222896
first session,p13,3,18,1x3,0.8081880212282032
first session,p13,3,18,2x2,0.689158453373768
first session,p13,3,18,3x3,0.45034116755117515
first session,p13,3,18,4x4,0.2926459438968916
first session,p13,3,19,1x3,0.8051554207733131
first session,p13,3,19,2x2,0.5405610310841547
first session,p13,3,19,3x3,0.3730098559514784
first session,p13,3,19,4x4,0.25094768764215314
first session,p13,5,0,1x3,0.8286580742987112
first session,p13,5,0,2x2,0.7065959059893859
first session,p13,5,0,3x3,0.444275966641395
first session,p13,5,0,4x4,0.3078089461713419
first session,p13,5,1,1x3,0.7247915087187263
first session,p13,5,1,2x2,0.6626231993934799
first session,p13,5,1,3x3,0.30022744503411675
first session,p13,5,1,4x4,0.2047005307050796
first session,p13,5,2,1x3,0.7862016679302501
first session,p13,5,2,2x2,0.6573161485974223
first session,p13,5,2,3x3,0.4359363153904473
first session,p13,5,2,4x4,0.2850644427596664
first session,p13,5,3,1x3,0.8172858225928734
first session,p13,5,3,2x2,0.6110689916603488
first session,p13,5,3,3x3,0.3858984078847612
first session,p13,5,3,4x4,0.2805155420773313
first session,p13,5,4,1x3,0.8248673237300985
first session,p13,5,4,2x2,0.7119029567854435
first session,p13,5,4,3x3,0.4844579226686884
first session,p13,5,4,4x4,0.33813495072024263
first session,p13,5,5,1x3,0.8271417740712661
first session,p13,5,5,2x2,0.6982562547384382
first session,p13,5,5,3x3,0.47687642153146326
first session,p13,5,5,4x4,0.3290371493555724
first session,p13,5,6,1x3,0.8112206216830933
first session,p13,5,6,2x2,0.6815769522365428
first session,p13,5,6,3x3,0.42532221379833207
first session,p13,5,6,4x4,0.2987111448066717
first session,p13,5,7,1x3,0.8369977255496588
first session,p13,5,7,2x2,0.6717210007581501
first session,p13,5,7,3x3,0.41243366186504926
first session,p13,5,7,4x4,0.3009855951478393
first session,p13,5,8,1x3,0.8051554207733131
first session,p13,5,8,2x2,0.689158453373768
first session,p13,5,8,3x3,0.4624715693707354
first session,p13,5,8,4x4,0.30932524639878695
first session,p13,5,9,1x3,0.7937831690674754
first session,p13,5,9,2x2,0.66565579984837
first session,p13,5,9,3x3,0.4533737680060652
first session,p13,5,9,4x4,0.2941622441243366
first session,p13,5,10,1x3,0.8225928733889311
first session,p13,5,10,2x2,0.6997725549658832
first session,p13,5,10,3x3,0.46853677028051555
first session,p13,5,10,4x4,0.3237300985595148
first session,p13,5,11,1x3,0.8324488248673237
first session,p13,5,11,2x2,0.7050796057619408
first session,p13,5,11,3x3,0.4981046247156937
first session,p13,5,11,4x4,0.3737680060652009
first session,p13,5,12,1x3,0.8248673237300985
first session,p13,5,12,2x2,0.6762699014404853
first session,p13,5,12,3x3,0.47308567096285065
first session,p13,5,12,4x4,0.3161485974222896
first session,p13,5,13,1x3,0.821076573161486
first session,p13,5,13,2x2,0.6709628506444276
first session,p13,5,13,3x3,0.4291129643669447
first session,p13,5,13,4x4,0.30477634571645185
first session,p13,5,14,1x3,0.7998483699772555
first session,p13,5,14,2x2,0.6724791508718726
first session,p13,5,14,3x3,0.37604245640636846
first session,p13,5,14,4x4,0.27748294162244125
first session,p13,5,15,1x3,0.7968157695223654
first session,p13,5,15,2x2,0.66868840030326
first session,p13,5,15,3x3,0.4382107657316149
first session,p13,5,15,4x4,0.28582259287338896
first session,p13,5,16,1x3,0.8203184230477635
first session,p13,5,16,2x2,0.6853677028051555
first session,p13,5,16,3x3,0.41925701288855194
first session,p13,5,16,4x4,0.3100833965125095
first session,p13,5,17,1x3,0.8271417740712661
first session,p13,5,17,2x2,0.6846095526914329
first session,p13,5,17,3x3,0.3525398028809704
first session,p13,5,17,4x4,0.24336618650492797
first session,p13,5,18,1x3,0.8339651250947687
first session,p13,5,18,2x2,0.6937073540561031
first session,p13,5,18,3x3,0.4806671721000758
first session,p13,5,18,4x4,0.3100833965125095
first session,p13,5,19,1x3,0.7407126611068992
first session,p13,5,19,2x2,0.6641394996209249
first session,p13,5,19,3x3,0.3775587566338135
first session,p13,5,19,4x4,0.2623199393479909
first session,p13,9,0,1x3,0.8263836239575436
first session,p13,9,0,2x2,0.7028051554207733
first session,p13,9,0,3x3,0.47763457164518575
first session,p13,9,0,4x4,0.3373768006065201
first session,p13,9,1,1x3,0.8104624715693708
first session,p13,9,1,2x2,0.6990144048521607
first session,p13,9,1,3x3,0.467778620166793
first session,p13,9,1,4x4,0.3146322971948446
first session,p13,9,2,1x3,0.8263836239575436
first session,p13,9,2,2x2,0.7073540561031084
first session,p13,9,2,3x3,0.4836997725549659
first session,p13,9,2,4x4,0.33586050037907506
first session,p13,9,3,1x3,0.8074298711144806
first session,p13,9,3,2x2,0.6982562547384382
first session,p13,9,3,3x3,0.4836997725549659
first session,p13,9,3,4x4,0.33206974981046244
first session,p13,9,4,1x3,0.7937831690674754
first session,p13,9,4,2x2,0.6921910538286581
first session,p13,9,4,3x3,0.43442001516300227
first session,p13,9,4,4x4,0.29037149355572406
first session,p13,9,5,1x3,0.8271417740712661
first session,p13,9,5,2x2,0.6724791508718726
first session,p13,9,5,3x3,0.3457164518574678
first session,p13,9,5,4x4,0.22365428354814254
first session,p13,9,6,1x3,0.8354814253222138
first session,p13,9,6,2x2,0.6967399545109931
first session,p13,9,6,3x3,0.4495830174374526
first session,p13,9,6,4x4,0.32221379833206976
first session,p13,9,7,1x3,0.7687642153146323
first session,p13,9,7,2x2,0.6664139499620925
first session,p13,9,7,3x3,0.4131918119787718
first session,p13,9,7,4x4,0.23730098559514784
first session,p13,9,8,1x3,0.8059135708870356
first session,p13,9,8,2x2,0.7035633055344959
first session,p13,9,8,3x3,0.45943896891584535
first session,p13,9,8,4x4,0.3009855951478393
first session,p13,9,9,1x3,0.8347232752084913
first session,p13,9,9,2x2,0.6967399545109931
first session,p13,9,9,3x3,0.49128127369219105
first session,p13,9,9,4x4,0.32676269901440486
first session,p13,9,10,1x3,0.7543593631539045
first session,p13,9,10,2x2,0.6603487490523123
first session,p13,9,10,3x3,0.3366186504927976
first session,p13,9,10,4x4,0.23426838514025777
first session,p13,9,11,1x3,0.8362395754359363
first session,p13,9,11,2x2,0.711144806671721
first session,p13,9,11,3x3,0.4920394238059136
first session,p13,9,11,4x4,0.35784685367702807
first session,p13,9,12,1x3,0.8157695223654283
first session,p13,9,12,2x2,0.6990144048521607
first session,p13,9,12,3x3,0.4632297194844579
first session,p13,9,12,4x4,0.3146322971948446
first session,p13,9,13,1x3,0.8316906747536013
first session,p13,9,13,2x2,0.6057619408642911
first session,p13,9,13,3x3,0.39196360879454134
first session,p13,9,13,4x4,0.2926459438968916
first session,p13,9,14,1x3,0.8347232752084913
first session,p13,9,14,2x2,0.7081122062168309
first session,p13,9,14,3x3,0.49128127369219105
first session,p13,9,14,4x4,0.34040940106141016
first session,p13,9,15,1x3,0.8407884761182715
first session,p13,9,15,2x2,0.621683093252464
first session,p13,9,15,3x3,0.3889310083396513
first session,p13,9,15,4x4,0.2880970432145565
first session,p13,9,16,1x3,0.8309325246398787
first session,p13,9,16,2x2,0.7134192570128886
first session,p13,9,16,3x3,0.49128127369219105
first session,p13,9,16,4x4,0.33434420015163
first session,p13,9,17,1x3,0.8089461713419257
first session,p13,9,17,2x2,0.7081122062168309
first session,p13,9,17,3x3,0.4836997725549659
first session,p13,9,17,4x4,0.3570887035633055
first session,p13,9,18,1x3,0.8172858225928734
first session,p13,9,18,2x2,0.6838514025777104
first session,p13,9,18,3x3,0.3949962092494314
first session,p13,9,18,4x4,0.2918877937831691
first session,p13,9,19,1x3,0.8172858225928734
first session,p13,9,19,2x2,0.6876421531463229
first session,p13,9,19,3x3,0.4829416224412434
first session,p13,9,19,4x4,0.34950720242608035
first session,p13,16,0,1x3,0.8324488248673237
first session,p13,16,0,2x2,0.6967399545109931
first session,p13,16,0,3x3,0.4791508718726308
first session,p13,16,0,4x4,0.33131159969673996
first session,p13,16,1,1x3,0.8081880212282032
first session,p13,16,1,2x2,0.6997725549658832
first session,p13,16,1,3x3,0.32297194844579225
first session,p13,16,1,4x4,0.23351023502653526
first session,p13,16,2,1x3,0.8362395754359363
first session,p13,16,2,2x2,0.7119029567854435
first session,p13,16,2,3x3,0.4935557240333586
first session,p13,16,2,4x4,0.3593631539044731
first session,p13,16,3,1x3,0.824109173616376
first session,p13,16,3,2x2,0.6739954510993177
first session,p13,16,3,3x3,0.3957543593631539
first session,p13,16,3,4x4,0.3025018953752843
first session,p13,16,4,1x3,0.8104624715693708
first session,p13,16,4,2x2,0.7012888551933283
first session,p13,16,4,3x3,0.46626231993934797
first session,p13,16,4,4x4,0.3305534495830174
first session,p13,16,5,1x3,0.8036391205458681
first session,p13,16,5,2x2,0.6808188021228203
first session,p13,16,5,3x3,0.444275966641395
first session,p13,16,5,4x4,0.2987111448066717
first session,p13,16,6,1x3,0.8248673237300985
first session,p13,16,6,2x2,0.6959818043972706
first session,p13,16,6,3x3,0.4094010614101592
first session,p13,16,6,4x4,0.2676269901440485
first session,p13,16,7,1x3,0.8203184230477635
first session,p13,16,7,2x2,0.7202426080363912
first session,p13,16,7,3x3,0.45109931766489764
first session,p13,16,7,4x4,0.312357846853677
first session,p13,16,8,1x3,0.8225928733889311
first session,p13,16,8,2x2,0.6997725549658832
first session,p13,16,8,3x3,0.4920394238059136
first session,p13,16,8,4x4,0.3388931008339651
first session,p13,16,9,1x3,0.8324488248673237
first session,p13,16,9,2x2,0.6937073540561031
first session,p13,16,9,3x3,0.4791508718726308
first session,p13,16,9,4x4,0.31766489764973466
first session,p13,16,10,1x3,0.8369977255496588
first session,p13,16,10,2x2,0.711144806671721
first session,p13,16,10,3x3,0.5026535253980288
first session,p13,16,10,4x4,0.3646702047005307
first session,p13,16,11,1x3,0.8377558756633814
first session,p13,16,11,2x2,0.6952236542835482
first session,p13,16,11,3x3,0.4670204700530705
first session,p13,16,11,4x4,0.32676269901440486
first session,p13,16,12,1x3,0.8013646702047005
first session,p13,16,12,2x2,0.690674753601213
first session,p13,16,12,3x3,0.4746019711902957
first session,p13,16,12,4x4,0.31766489764973466
first session,p13,16,13,1x3,0.8233510235026535
first session,p13,16,13,2x2,0.7012888551933283
first session,p13,16,13,3x3,0.48597422289613346
first session,p13,16,13,4x4,0.332827899924185
first session,p13,16,14,1x3,0.8301743745261562
first session,p13,16,14,2x2,0.7035633055344959
first session,p13,16,14,3x3,0.4844579226686884
first session,p13,16,14,4x4,0.3457164518574678
first session,p13,16,15,1x3,0.8134950720242609
first session,p13,16,15,2x2,0.7028051554207733
first session,p13,16,15,3x3,0.45489006823351025
first session,p13,16,15,4x4,0.3009855951478393
first session,p13,16,16,1x3,0.8256254738438211
first session,p13,16,16,2x2,0.7065959059893859
first session,p13,16,16,3x3,0.4397270659590599
first session,p13,16,16,4x4,0.3078089461713419
first session,p13,16,17,1x3,0.8271417740712661
first session,p13,16,17,2x2,0.7172100075815011
first session,p13,16,17,3x3,0.5049279757391963
first session,p13,16,17,4x4,0.35784685367702807
first session,p13,16,18,1x3,0.8074298711144806
first session,p13,16,18,2x2,0.7058377558756633
first session,p13,16,18,3x3,0.4806671721000758
first session,p13,16,18,4x4,0.332827899924185
first session,p13,16,19,1x3,0.8347232752084913
first session,p13,16,19,2x2,0.6914329037149356
first session,p13,16,19,3x3,0.46626231993934797
first session,p13,16,19,4x4,0.2964366944655042
random,p14,1,0,1x3,0.8545697131420947
random,p14,1,0,2x2,0.6817878585723816
random,p14,1,0,3x3,0.4016010673782522
random,p14,1,0,4x4,0.24883255503669113
random,p14,1,1,1x3,0.8872581721147431
random,p14,1,1,2x2,0.66711140760507
random,p14,1,1,3x3,0.3882588392261508
random,p14,1,1,4x4,0.23482321547698465
random,p14,1,2,1x3,0.8805870580386924
random,p14,1,2,2x2,0.7978652434956638
random,p14,1,2,3x3,0.5403602401601068
random,p14,1,2,4x4,0.37691794529686456
random,p14,1,3,1x3,0.8985990660440294
random,p14,1,3,2x2,0.8165443629086058
random,p14,1,3,3x3,0.5817211474316211
random,p14,1,3,4x4,0.4122748498999333
random,p14,1,4,1x3,0.8679119412941961
random,p14,1,4,2x2,0.8218812541694464
random,p14,1,4,3x3,0.609739826551034
random,p14,1,4,4x4,0.4616410940627085
random,p14,1,5,1x3,0.8985990660440294
random,p14,1,5,2x2,0.5537024683122082
random,p14,1,5,3x3,0.35557038025350235
random,p14,1,5,4x4,0.24883255503669113
random,p14,1,6,1x3,0.7865243495663776
random,p14,1,6,2x2,0.5870580386924616
random,p14,1,6,3x3,0.32621747831887926
random,p14,1,6,4x4,0.2074716477651768
random,p14,1,7,1x3,0.9006004002668445
random,p14,1,7,2x2,0.8432288192128086
random,p14,1,7,3x3,0.627751834556371
random,p14,1,7,4x4,0.5150100066711141
random,p14,1,8,1x3,0.8405603735823882
random,p14,1,8,2x2,0.4816544362908606
random,p14,1,8,3x3,0.3268845897264843
random,p14,1,8,4x4,0.22548365577051369
random,p14,1,9,1x3,0.8839226150767178
random,p14,1,9,2x2,0.8312208138759173
random,p14,1,9,3x3,0.6084056037358239
random,p14,1,9,4x4,0.4896597731821214
random,p14,1,10,1x3,0.8719146097398266
random,p14,1,10,2x2,0.8278852568378919
random,p14,1,10,3x3,0.6164109406270847
random,p14,1,10,4x4,0.47098065376917947
random,p14,1,11,1x3,0.8625750500333556
random,p14,1,11,2x2,0.6617745163442295
random,p14,1,11,3x3,0.4076050700466978
random,p14,1,11,4x4,0.3075383589059373
random,p14,1,12,1x3,0.8685790527018012
random,p14,1,12,2x2,0.8332221480987325
random,p14,1,12,3x3,0.6104069379586391
random,p14,1,12,4x4,0.5090060040026685
random,p14,1,13,1x3,0.875250166777852
random,p14,1,13,2x2,0.7925283522348232
random,p14,1,13,3x3,0.5303535690460307
random,p14,1,13,4x4,0.3695797198132088
random,p14,1,14,1x3,0.7084723148765844
random,p14,1,14,2x2,0.7298198799199467
random,p14,1,14,3x3,0.4989993328885924
random,p14,1,14,4x4,0.3295530353569046
random,p14,1,15,1x3,0.8879252835223482
random,p14,1,15,2x2,0.8338892595063375
random,p14,1,15,3x3,0.627751834556371
random,p14,1,15,4x4,0.47965310206804534
random,p14,1,16,1x3,0.8785857238158773
random,p14,1,16,2x2,0.8112074716477652
random,p14,1,16,3x3,0.5977318212141428
random,p14,1,16,4x4,0.4816544362908606
random,p14,1,17,1x3,0.8985990660440294
random,p14,1,17,2x2,0.8332221480987325
random,p14,1,17,3x3,0.61974649766511
random,p14,1,17,4x4,0.5023348899266178
random,p14,1,18,1x3,0.8885923949299533
random,p14,1,18,2x2,0.7791861240827218
random,p14,1,18,3x3,0.552368245496998
random,p14,1,18,4x4,0.3975983989326217
random,p14,1,19,1x3,0.8925950633755837
random,p14,1,19,2x2,0.7698465643762509
random,p14,1,19,3x3,0.49299533022014674
random,p14,1,19,4x4,0.3228819212808539
random,p14,3,0,1x3,0.8997995991983968
random,p14,3,0,2x2,0.8423513694054776
random,p14,3,0,3x3,0.625250501002004
random,p14,3,0,4x4,0.5083500334001336
random,p14,3,1,1x3,0.8984635938543755
random,p14,3,1,2x2,0.8490313961255845
random,p14,3,1,3x3,0.6372745490981964
random,p14,3,1,4x4,0.5210420841683366
random,p14,3,2,1x3,0.8777555110220441
random,p14,3,2,2x2,0.8296593186372746
random,p14,3,2,3x3,0.6232464929859719
random,p14,3,2,4x4,0.48697394789579157
random,p14,3,3,1x3,0.8871075484301937
random,p14,3,3,2x2,0.8122912491649966
random,p14,3,3,3x3,0.6012024048096193
random,p14,3,3,4x4,0.47828991315965264
random,p14,3,4,1x3,0.8977955911823647
random,p14,3,4,2x2,0.8196392785571143
random,p14,3,4,3x3,0.6005344021376086
random,p14,3,4,4x4,0.47227788911155644
random,p14,3,5,1x3,0.875751503006012
random,p14,3,5,2x2,0.8303273213092852
random,p14,3,5,3x3,0.6225784903139613
random,p14,3,5,4x4,0.47762191048764197
random,p14,3,6,1x3,0.8864395457581831
random,p14,3,6,2x2,0.7869071476285905
random,p14,3,6,3x3,0.575818303273213
random,p14,3,6,4x4,0.42618570474281897
random,p14,3,7,1x3,0.8984635938543755
random,p14,3,7,2x2,0.811623246492986
random,p14,3,7,3x3,0.5898463593854375
random,p14,3,7,4x4,0.45958583834335337
random,p14,3,8,1x3,0.8997995991983968
random,p14,3,8,2x2,0.749498997995992
random,p14,3,8,3x3,0.46893787575150303
random,p14,3,8,4x4,0.2999331997327989
random,p14,3,9,1x3,0.8991315965263861
random,p14,3,9,2x2,0.8483633934535738
random,p14,3,9,3x3,0.635938543754175
random,p14,3,9,4x4,0.5190380761523046
random,p14,3,10,1x3,0.8997995991983968
random,p14,3,10,2x2,0.8490313961255845
random,p14,3,10,3x3,0.6352705410821643
random,p14,3,10,4x4,0.5177020708082832
random,p14,3,11,1x3,0.8690714762859052
random,p14,3,11,2x2,0.8162992651970608
random,p14,3,11,3x3,0.603874415497662
random,p14,3,11,4x4,0.45357381429525717
random,p14,3,12,1x3,0.8944555778223113
random,p14,3,12,2x2,0.8336673346693386
random,p14,3,12,3x3,0.6179024716098864
random,p14,3,12,4x4,0.509686038744155
random,p14,3,13,1x3,0.8911155644622578
random,p14,3,13,2x2,0.8256513026052105
random,p14,3,13,3x3,0.6112224448897795
random,p14,3,13,4x4,0.4408817635270541
random,p14,3,14,1x3,0.8249832999331997
random,p14,3,14,2x2,0.6352705410821643
random,p14,3,14,3x3,0.3907815631262525
random,p14,3,14,4x4,0.28122912491649965
random,p14,3,15,1x3,0.8991315965263861
random,p14,3,15,2x2,0.8129592518370073
random,p14,3,15,3x3,0.5731462925851704
random,p14,3,15,4x4,0.40547762191048764
random,p14,3,16,1x3,0.8724114896459586
random,p14,3,16,2x2,0.8316633266533067
random,p14,3,16,3x3,0.612558450233801
random,p14,3,16,4x4,0.47695390781563124
random,p14,3,17,1x3,0.8162992651970608
random,p14,3,17,2x2,0.7461589846359385
random,p14,3,17,3x3,0.5063460253841016
random,p14,3,17,4x4,0.3380093520374082
random,p14,3,18,1x3,0.8690714762859052
random,p14,3,18,2x2,0.8036072144288577
random,p14,3,18,3x3,0.5858383433533734
random,p14,3,18,4x4,0.46693386773547096
random,p14,3,19,1x3,0.8924515698062793
random,p14,3,19,2x2,0.7755511022044088
random,p14,3,19,3x3,0.554442217768871
random,p14,3,19,4x4,0.4001336005344021
random,p14,5,0,1x3,0.8454849498327759
random,p14,5,0,2x2,0.8100334448160535
random,p14,5,0,3x3,0.5993311036789297
random,p14,5,0,4x4,0.4802675585284281
random,p14,5,1,1x3,0.9016722408026756
random,p14,5,1,2x2,0.834113712374582
random,p14,5,1,3x3,0.6260869565217392
random,p14,5,1,4x4,0.47759197324414715
random,p14,5,2,1x3,0.8816053511705686
random,p14,5,2,2x2,0.8361204013377926
random,p14,5,2,3x3,0.6220735785953178
random,p14,5,2,4x4,0.48494983277591974
random,p14,5,3,1x3,0.8949832775919733
random,p14,5,3,2x2,0.7632107023411371
random,p14,5,3,3x3,0.5244147157190635
random,p14,5,3,4x4,0.37525083612040133
random,p14,5,4,1x3,0.905685618729097
random,p14,5,4,2x2,0.8408026755852843
random,p14,5,4,3x3,0.640133779264214
random,p14,5,4,4x4,0.5197324414715719
random,p14,5,5,1x3,0.8414715719063545
random,p14,5,5,2x2,0.8260869565217391
random,p14,5,5,3x3,0.5886287625418061
random,p14,5,5,4x4,0.4140468227424749
random,p14,5,6,1x3,0.8682274247491639
random,p14,5,6,2x2,0.82876254180602
random,p14,5,6,3x3,0.6167224080267558
random,p14,5,6,4x4,0.47759197324414715
random,p14,5,7,1x3,0.8441471571906355
random,p14,5,7,2x2,0.7725752508361204
random,p14,5,7,3x3,0.4508361204013378
random,p14,5,7,4x4,0.3337792642140468
random,p14,5,8,1x3,0.903010033444816
random,p14,5,8,2x2,0.8441471571906355
random,p14,5,8,3x3,0.6334448160535117
random,p14,5,8,4x4,0.5050167224080268
random,p14,5,9,1x3,0.8836120401337793
random,p14,5,9,2x2,0.8127090301003345
random,p14,5,9,3x3,0.5591973244147157
random,p14,5,9,4x4,0.40735785953177256
random,p14,5,10,1x3,0.8909698996655518
random,p14,5,10,2x2,0.7926421404682275
random,p14,5,10,3x3,0.5471571906354515
random,p14,5,10,4x4,0.4080267558528428
random,p14,5,11,1x3,0.9083612040133779
random,p14,5,11,2x2,0.8488294314381271
random,p14,5,11,3x3,0.5812709030100335
random,p14,5,11,4x4,0.4
random,p14,5,12,1x3,0.9070234113712374
random,p14,5,12,2x2,0.842809364548495
random,p14,5,12,3x3,0.6321070234113713
random,p14,5,12,4x4,0.5016722408026756
random,p14,5,13,1x3,0.8822742474916387
random,p14,5,13,2x2,0.7739130434782608
random,p14,5,13,3x3,0.44949832775919735
random,p14,5,13,4x4,0.29698996655518395
random,p14,5,14,1x3,0.8795986622073578
random,p14,5,14,2x2,0.7866220735785954
random,p14,5,14,3x3,0.5625418060200669
random,p14,5,14,4x4,0.40869565217391307
random,p14,5,15,1x3,0.8996655518394648
random,p14,5,15,2x2,0.8421404682274247
random,p14,5,15,3x3,0.6354515050167224
random,p14,5,15,4x4,0.48963210702341137
random,p14,5,16,1x3,0.9063545150501672
random,p14,5,16,2x2,0.6187290969899666
random,p14,5,16,3x3,0.4668896321070234
random,p14,5,16,4x4,0.3431438127090301
random,p14,5,17,1x3,0.894314381270903
random,p14,5,17,2x2,0.8294314381270903
random,p14,5,17,3x3,0.6307692307692307
random,p14,5,17,4x4,0.46220735785953176
random,p14,5,18,1x3,0.8642140468227425
random,p14,5,18,2x2,0.8147157190635451
random,p14,5,18,3x3,0.6086956521739131
random,p14,5,18,4x4,0.494314381270903
random,p14,5,19,1x3,0.8876254180602007
random,p14,5,19,2x2,0.8414715719063545
random,p14,5,19,3x3,0.6287625418060201
random,p14,5,19,4x4,0.5023411371237458
random,p14,9,0,1x3,0.9027498323272971
random,p14,9,0,2x2,0.8490945674044266
random,p14,9,0,3x3,0.6324614352783366
random,p14,9,0,4x4,0.4869215291750503
random,p14,9,1,1x3,0.8839704896042925
random,p14,9,1,2x2,0.8142186452045607
random,p14,9,1,3x3,0.6042924211938296
random,p14,9,1,4x4,0.5090543259557344
random,p14,9,2,1x3,0.9074446680080482
random,p14,9,2,2x2,0.8390342052313883
random,p14,9,2,3x3,0.6156941649899397
random,p14,9,2,4x4,0.4909456740442656
random,p14,9,3,1x3,0.903420523138833
random,p14,9,3,2x2,0.8430583501006036
random,p14,9,3,3x3,0.6391683433936955
random,p14,9,3,4x4,0.5231388329979879
random,p14,9,4,1x3,0.9054325955734407
random,p14,9,4,2x2,0.6344735077129443
random,p14,9,4,3x3,0.4694835680751174
random,p14,9,4,4x4,0.352112676056338
random,p14,9,5,1x3,0.9000670690811536
random,p14,9,5,2x2,0.8410462776659959
random,p14,9,5,3x3,0.5640509725016767
random,p14,9,5,4x4,0.3843058350100604
random,p14,9,6,1x3,0.9020791415157612
random,p14,9,6,2x2,0.8430583501006036
random,p14,9,6,3x3,0.6277665995975855
random,p14,9,6,4x4,0.505700871898055
random,p14,9,7,1x3,0.8926894701542589
random,p14,9,7,2x2,0.738430583501006
random,p14,9,7,3x3,0.4520456069751844
random,p14,9,7,4x4,0.3306505700871898
random,p14,9,8,1x3,0.8933601609657947
random,p14,9,8,2x2,0.8142186452045607
random,p14,9,8,3x3,0.5848423876592891
random,p14,9,8,4x4,0.4138162307176392
random,p14,9,9,1x3,0.8940308517773307
random,p14,9,9,2x2,0.8390342052313883
random,p14,9,9,3x3,0.635814889336016
random,p14,9,9,4x4,0.4936284372904091
random,p14,9,10,1x3,0.9087860496311201
random,p14,9,10,2x2,0.8470824949698189
random,p14,9,10,3x3,0.6317907444668008
random,p14,9,10,4x4,0.4782025486250838
random,p14,9,11,1x3,0.8940308517773307
random,p14,9,11,2x2,0.8329979879275654
random,p14,9,11,3x3,0.6331321260898726
random,p14,9,11,4x4,0.528504359490275
random,p14,9,12,1x3,0.9061032863849765
random,p14,9,12,2x2,0.8363514419852448
random,p14,9,12,3x3,0.6277665995975855
random,p14,9,12,4x4,0.5050301810865191
random,p14,9,13,1x3,0.8913480885311871
random,p14,9,13,2x2,0.8363514419852448
random,p14,9,13,3x3,0.6264252179745138
random,p14,9,13,4x4,0.5305164319248826
random,p14,9,14,1x3,0.8993963782696177
random,p14,9,14,2x2,0.8430583501006036
random,p14,9,14,3x3,0.635814889336016
random,p14,9,14,4x4,0.5217974513749162
random,p14,9,15,1x3,0.8779342723004695
random,p14,9,15,2x2,0.8054996646545942
random,p14,9,15,3x3,0.5848423876592891
random,p14,9,15,4x4,0.4413145539906103
random,p14,9,16,1x3,0.89738430583501
random,p14,9,16,2x2,0.8323272971160295
random,p14,9,16,3x3,0.6109993293091884
random,p14,9,16,4x4,0.49161636485580146
random,p14,9,17,1x3,0.8779342723004695
random,p14,9,17,2x2,0.8410462776659959
random,p14,9,17,3x3,0.6163648558014755
random,p14,9,17,4x4,0.48826291079812206
random,p14,9,18,1x3,0.8987256874580818
random,p14,9,18,2x2,0.7967806841046278
random,p14,9,18,3x3,0.5754527162977867
random,p14,9,18,4x4,0.44198524480214624
random,p14,9,19,1x3,0.9061032863849765
random,p14,9,19,2x2,0.8437290409121395
random,p14,9,19,3x3,0.6398390342052314
random,p14,9,19,4x4,0.5177733065057009
random,p14,16,0,1x3,0.8928571428571429
random,p14,16,0,2x2,0.8133423180592992
random,p14,16,0,3x3,0.5862533692722371
random,p14,16,0,4x4,0.47035040431266845
random,p14,16,1,1x3,0.9029649595687331
random,p14,16,1,2x2,0.8463611859838275
random,p14,16,1,3x3,0.6327493261455526
random,p14,16,1,4x4,0.5256064690026954
random,p14,16,2,1x3,0.8867924528301887
random,p14,16,2,2x2,0.8160377358490566
random,p14,16,2,3x3,0.6064690026954178
random,p14,16,2,4x4,0.5047169811320755
random,p14,16,3,1x3,0.8975741239892183
random,p14,16,3,2x2,0.8389487870619946
random,p14,16,3,3x3,0.6172506738544474
random,p14,16,3,4x4,0.49663072776280326
random,p14,16,4,1x3,0.8982479784366577
random,p14,16,4,2x2,0.8409703504043127
random,p14,16,4,3x3,0.6320754716981132
random,p14,16,4,4x4,0.5026954177897575
random,p14,16,5,1x3,0.8921832884097035
random,p14,16,5,2x2,0.8328840970350404
random,p14,16,5,3x3,0.5902964959568733
random,p14,16,5,4x4,0.42048517520215634
random,p14,16,6,1x3,0.9076819407008087
random,p14,16,6,2x2,0.8463611859838275
random,p14,16,6,3x3,0.6327493261455526
random,p14,16,6,4x4,0.5161725067385444
random,p14,16,7,1x3,0.894878706199461
random,p14,16,7,2x2,0.8274932614555256
random,p14,16,7,3x3,0.612533692722372
random,p14,16,7,4x4,0.49932614555256066
random,p14,16,8,1x3,0.9083557951482479
random,p14,16,8,2x2,0.8477088948787062
random,p14,16,8,3x3,0.6408355795148248
random,p14,16,8,4x4,0.5121293800539084
random,p14,16,9,1x3,0.8982479784366577
random,p14,16,9,2x2,0.8477088948787062
random,p14,16,9,3x3,0.6347708894878706
random,p14,16,9,4x4,0.5336927223719676
random,p14,16,10,1x3,0.8982479784366577
random,p14,16,10,2x2,0.8335579514824798
random,p14,16,10,3x3,0.6078167115902965
random,p14,16,10,4x4,0.4339622641509434
random,p14,16,11,1x3,0.9056603773584906
random,p14,16,11,2x2,0.8504043126684636
random,p14,16,11,3x3,0.6415094339622641
random,p14,16,11,4x4,0.5303234501347709
random,p14,16,12,1x3,0.8982479784366577
random,p14,16,12,2x2,0.8409703504043127
random,p14,16,12,3x3,0.6361185983827493
random,p14,16,12,4x4,0.4743935309973046
random,p14,16,13,1x3,0.887466307277628
random,p14,16,13,2x2,0.8362533692722371
random,p14,16,13,3x3,0.6300539083557951
random,p14,16,13,4x4,0.5128032345013477
random,p14,16,14,1x3,0.9009433962264151
random,p14,16,14,2x2,0.8409703504043127
random,p14,16,14,3x3,0.626010781671159
random,p14,16,14,4x4,0.5289757412398922
random,p14,16,15,1x3,0.9002695417789758
random,p14,16,15,2x2,0.8450134770889488
random,p14,16,15,3x3,0.6300539083557951
random,p14,16,15,4x4,0.5161725067385444
random,p14,16,16,1x3,0.9049865229110512
random,p14,16,16,2x2,0.8274932614555256
random,p14,16,16,3x3,0.5882749326145552
random,p14,16,16,4x4,0.41576819407008087
random,p14,16,17,1x3,0.898921832884097
random,p14,16,17,2x2,0.8416442048517521
random,p14,16,17,3x3,0.6273584905660378
random,p14,16,17,4x4,0.5101078167115903
random,p14,16,18,1x3,0.9029649595687331
random,p14,16,18,2x2,0.8382749326145552
random,p14,16,18,3x3,0.6354447439353099
random,p14,16,18,4x4,0.5107816711590296
random,p14,16,19,1x3,0.8982479784366577
random,p14,16,19,2x2,0.8362533692722371
random,p14,16,19,3x3,0.6206199460916442
random,p14,16,19,4x4,0.4568733153638814
first session,p14,1,0,1x3,0.7467741935483871
first session,p14,1,0,2x2,0.7790322580645161
first session,p14,1,0,3x3,0.5129032258064516
first session,p14,1,0,4x4,0.33306451612903226
first session,p14,1,1,1x3,0.817741935483871
first session,p14,1,1,2x2,0.8330645161290322
first session,p14,1,1,3x3,0.5991935483870968
first session,p14,1,1,4x4,0.45161290322580644
first session,p14,1,2,1x3,0.9048387096774193
first session,p14,1,2,2x2,0.8403225806451613
first session,p14,1,2,3x3,0.6080645161290322
first session,p14,1,2,4x4,0.4475806451612903
first session,p14,1,3,1x3,0.8459677419354839
first session,p14,1,3,2x2,0.45806451612903226
first session,p14,1,3,3x3,0.29274193548387095
first session,p14,1,3,4x4,0.21854838709677418
first session,p14,1,4,1x3,0.9064516129032258
first session,p14,1,4,2x2,0.8282258064516129
first session,p14,1,4,3x3,0.614516129032258
first session,p14,1,4,4x4,0.49112903225806454
first session,p14,1,5,1x3,0.8056451612903226
first session,p14,1,5,2x2,0.7266129032258064
first session,p14,1,5,3x3,0.4120967741935484
first session,p14,1,5,4x4,0.2645161290322581
first session,p14,1,6,1x3,0.8169354838709677
first session,p14,1,6,2x2,0.8008064516129032
first session,p14,1,6,3x3,0.5612903225806452
first session,p14,1,6,4x4,0.4056451612903226
first session,p14,1,7,1x3,0.885483870967742
first session,p14,1,7,2x2,0.8362903225806452
first session,p14,1,7,3x3,0.5911290322580646
first session,p14,1,7,4x4,0.4258064516129032
first session,p14,1,8,1x3,0.6693548387096774
first session,p14,1,8,2x2,0.6379032258064516
first session,p14,1,8,3x3,0.32016129032258067
first session,p14,1,8,4x4,0.1685483870967742
first session,p14,1,9,1x3,0.8983870967741936
first session,p14,1,9,2x2,0.6629032258064517
first session,p14,1,9,3x3,0.40725806451612906
first session,p14,1,9,4x4,0.30806451612903224
first session,p14,1,10,1x3,0.896774193548387
first session,p14,1,10,2x2,0.7975806451612903
first session,p14,1,10,3x3,0.5306451612903226
first session,p14,1,10,4x4,0.3725806451612903
first session,p14,1,11,1x3,0.9040322580645161
first session,p14,1,11,2x2,0.5024193548387097
first session,p14,1,11,3x3,0.3395161290322581
first session,p14,1,11,4x4,0.2306451612903226
first session,p14,1,12,1x3,0.8661290322580645
first session,p14,1,12,2x2,0.8282258064516129
first session,p14,1,12,3x3,0.635483870967742
first session,p14,1,12,4x4,0.4814516129032258
first session,p14,1,13,1x3,0.8451612903225807
first session,p14,1,13,2x2,0.5701612903225807
first session,p14,1,13,3x3,0.34596774193548385
first session,p14,1,13,4x4,0.24596774193548387
first session,p14,1,14,1x3,0.896774193548387
first session,p14,1,14,2x2,0.8088709677419355
first session,p14,1,14,3x3,0.6064516129032258
first session,p14,1,14,4x4,0.4798387096774194
first session,p14,1,15,1x3,0.8725806451612903
first session,p14,1,15,2x2,0.8016129032258065
first session,p14,1,15,3x3,0.6008064516129032
first session,p14,1,15,4x4,0.4798387096774194
first session,p14,1,16,1x3,0.8588709677419355
first session,p14,1,16,2x2,0.728225806451613
first session,p14,1,16,3x3,0.4693548387096774
first session,p14,1,16,4x4,0.3241935483870968
first session,p14,1,17,1x3,0.5637096774193548
first session,p14,1,17,2x2,0.7580645161290323
first session,p14,1,17,3x3,0.4088709677419355
first session,p14,1,17,4x4,0.21370967741935484
first session,p14,1,18,1x3,0.8830645161290323
first session,p14,1,18,2x2,0.7346774193548387
first session,p14,1,18,3x3,0.48629032258064514
first session,p14,1,18,4x4,0.357258064516129
first session,p14,1,19,1x3,0.9048387096774193
first session,p14,1,19,2x2,0.7032258064516129
first session,p14,1,19,3x3,0.43709677419354837
first session,p14,1,19,4x4,0.325
first session,p14,3,0,1x3,0.9008064516129032
first session,p14,3,0,2x2,0.7879032258064517
first session,p14,3,0,3x3,0.5645161290322581
first session,p14,3,0,4x4,0.41451612903225804
first session,p14,3,1,1x3,0.8895161290322581
first session,p14,3,1,2x2,0.8346774193548387
first session,p14,3,1,3x3,0.6209677419354839
first session,p14,3,1,4x4,0.5
first session,p14,3,2,1x3,0.8983870967741936
first session,p14,3,2,2x2,0.6266129032258064
first session,p14,3,2,3x3,0.36693548387096775
first session,p14,3,2,4x4,0.267741935483871
first session,p14,3,3,1x3,0.8983870967741936
first session,p14,3,3,2x2,0.8048387096774193
first session,p14,3,3,3x3,0.5975806451612903
first session,p14,3,3,4x4,0.4661290322580645
first session,p14,3,4,1x3,0.9024193548387097
first session,p14,3,4,2x2,0.839516129032258
first session,p14,3,4,3x3,0.6258064516129033
first session,p14,3,4,4x4,0.5137096774193548
first session,p14,3,5,1x3,0.7580645161290323
first session,p14,3,5,2x2,0.8129032258064516
first session,p14,3,5,3x3,0.5524193548387096
first session,p14,3,5,4x4,0.38467741935483873
first session,p14,3,6,1x3,0.8887096774193548
first session,p14,3,6,2x2,0.7645161290322581
first session,p14,3,6,3x3,0.5362903225806451
first session,p14,3,6,4x4,0.38467741935483873
first session,p14,3,7,1x3,0.9032258064516129
first session,p14,3,7,2x2,0.864516129032258
first session,p14,3,7,3x3,0.6524193548387097
first session,p14,3,7,4x4,0.5564516129032258
first session,p14,3,8,1x3,0.9008064516129032
first session,p14,3,8,2x2,0.7846774193548387
first session,p14,3,8,3x3,0.5629032258064516
first session,p14,3,8,4x4,0.41451612903225804
first session,p14,3,9,1x3,0.8903225806451613
first session,p14,3,9,2x2,0.7169354838709677
first session,p14,3,9,3x3,0.4669354838709677
first session,p14,3,9,4x4,0.34274193548387094
first session,p14,3,10,1x3,0.8919354838709678
first session,p14,3,10,2x2,0.7379032258064516
first session,p14,3,10,3x3,0.49193548387096775
first session,p14,3,10,4x4,0.3588709677419355
first session,p14,3,11,1x3,0.8354838709677419
first session,p14,3,11,2x2,0.7862903225806451
first session,p14,3,11,3x3,0.5491935483870968
first session,p14,3,11,4x4,0.40241935483870966
first session,p14,3,12,1x3,0.8725806451612903
first session,p14,3,12,2x2,0.6338709677419355
first session,p14,3,12,3x3,0.36612903225806454
first session,p14,3,12,4x4,0.2645161290322581
first session,p14,3,13,1x3,0.8596774193548387
first session,p14,3,13,2x2,0.8040322580645162
first session,p14,3,13,3x3,0.5717741935483871
first session,p14,3,13,4x4,0.43306451612903224
first session,p14,3,14,1x3,0.9008064516129032
first session,p14,3,14,2x2,0.7475806451612903
first session,p14,3,14,3x3,0.48951612903225805
first session,p14,3,14,4x4,0.3540322580645161
first session,p14,3,15,1x3,0.9064516129032258
first session,p14,3,15,2x2,0.8491935483870968
first session,p14,3,15,3x3,0.6435483870967742
first session,p14,3,15,4x4,0.5370967741935484
first session,p14,3,16,1x3,0.9032258064516129
first session,p14,3,16,2x2,0.8669354838709677
first session,p14,3,16,3x3,0.6612903225806451
first session,p14,3,16,4x4,0.5088709677419355
first session,p14,3,17,1x3,0.8766129032258064
first session,p14,3,17,2x2,0.6717741935483871
first session,p14,3,17,3x3,0.40483870967741936
first session,p14,3,17,4x4,0.29516129032258065
first session,p14,3,18,1x3,0.7766129032258065
first session,p14,3,18,2x2,0.7080645161290322
first session,p14,3,18,3x3,0.4241935483870968
first session,p14,3,18,4x4,0.2629032258064516
first session,p14,3,19,1x3,0.9040322580645161
first session,p14,3,19,2x2,0.7346774193548387
first session,p14,3,19,3x3,0.4806451612903226
first session,p14,3,19,4x4,0.3532258064516129
first session,p14,5,0,1x3,0.7975806451612903
first session,p14,5,0,2x2,0.7475806451612903
first session,p14,5,0,3x3,0.4830645161290323
first session,p14,5,0,4x4,0.32016129032258067
first session,p14,5,1,1x3,0.8419354838709677
first session,p14,5,1,2x2,0.7612903225806451
first session,p14,5,1,3x3,0.5266129032258065
first session,p14,5,1,4x4,0.36693548387096775
first session,p14,5,2,1x3,0.632258064516129
first session,p14,5,2,2x2,0.7620967741935484
first session,p14,5,2,3x3,0.425
first session,p14,5,2,4x4,0.3032258064516129
first session,p14,5,3,1x3,0.896774193548387
first session,p14,5,3,2x2,0.8435483870967742
first session,p14,5,3,3x3,0.6427419354838709
first session,p14,5,3,4x4,0.5169354838709678
first session,p14,5,4,1x3,0.707258064516129
first session,p14,5,4,2x2,0.8443548387096774
first session,p14,5,4,3x3,0.36532258064516127
first session,p14,5,4,4x4,0.21048387096774193
first session,p14,5,5,1x3,0.8298387096774194
first session,p14,5,5,2x2,0.7911290322580645
first session,p14,5,5,3x3,0.525
first session,p14,5,5,4x4,0.3685483870967742
first session,p14,5,6,1x3,0.8782258064516129
first session,p14,5,6,2x2,0.7564516129032258
first session,p14,5,6,3x3,0.5233870967741936
first session,p14,5,6,4x4,0.38064516129032255
first session,p14,5,7,1x3,0.8653225806451613
first session,p14,5,7,2x2,0.8540322580645161
first session,p14,5,7,3x3,0.48629032258064514
first session,p14,5,7,4x4,0.3225806451612903
first session,p14,5,8,1x3,0.875
first session,p14,5,8,2x2,0.8225806451612904
first session,p14,5,8,3x3,0.5951612903225807
first session,p14,5,8,4x4,0.45403225806451614
first session,p14,5,9,1x3,0.8411290322580646
first session,p14,5,9,2x2,0.7943548387096774
first session,p14,5,9,3x3,0.5379032258064517
first session,p14,5,9,4x4,0.3241935483870968
first session,p14,5,10,1x3,0.9129032258064517
first session,p14,5,10,2x2,0.8604838709677419
first session,p14,5,10,3x3,0.667741935483871
first session,p14,5,10,4x4,0.55
first session,p14,5,11,1x3,0.8685483870967742
first session,p14,5,11,2x2,0.7637096774193548
first session,p14,5,11,3x3,0.45564516129032256
first session,p14,5,11,4x4,0.34758064516129034
first session,p14,5,12,1x3,0.9145161290322581
first session,p14,5,12,2x2,0.8596774193548387
first session,p14,5,12,3x3,0.45564516129032256
first session,p14,5,12,4x4,0.3532258064516129
first session,p14,5,13,1x3,0.8870967741935484
first session,p14,5,13,2x2,0.8580645161290322
first session,p14,5,13,3x3,0.425
first session,p14,5,13,4x4,0.3016129032258065
first session,p14,5,14,1x3,0.8879032258064516
first session,p14,5,14,2x2,0.792741935483871
first session,p14,5,14,3x3,0.5983870967741935
first session,p14,5,14,4x4,0.4645161290322581
first session,p14,5,15,1x3,0.8548387096774194
first session,p14,5,15,2x2,0.8629032258064516
first session,p14,5,15,3x3,0.5983870967741935
first session,p14,5,15,4x4,0.4161290322580645
first session,p14,5,16,1x3,0.8927419354838709
first session,p14,5,16,2x2,0.8080645161290323
first session,p14,5,16,3x3,0.589516129032258
first session,p14,5,16,4x4,0.45
first session,p14,5,17,1x3,0.9008064516129032
first session,p14,5,17,2x2,0.8040322580645162
first session,p14,5,17,3x3,0.5096774193548387
first session,p14,5,17,4x4,0.3685483870967742
first session,p14,5,18,1x3,0.9153225806451613
first session,p14,5,18,2x2,0.8314516129032258
first session,p14,5,18,3x3,0.6298387096774194
first session,p14,5,18,4x4,0.5080645161290323
first session,p14,5,19,1x3,0.907258064516129
first session,p14,5,19,2x2,0.8258064516129032
first session,p14,5,19,3x3,0.557258064516129
first session,p14,5,19,4x4,0.40241935483870966
first session,p14,9,0,1x3,0.8959677419354839
first session,p14,9,0,2x2,0.8008064516129032
first session,p14,9,0,3x3,0.47661290322580646
first session,p14,9,0,4x4,0.3814516129032258
first session,p14,9,1,1x3,0.9040322580645161
first session,p14,9,1,2x2,0.8104838709677419
first session,p14,9,1,3x3,0.6129032258064516
first session,p14,9,1,4x4,0.4717741935483871
first session,p14,9,2,1x3,0.8991935483870968
first session,p14,9,2,2x2,0.7975806451612903
first session,p14,9,2,3x3,0.48951612903225805
first session,p14,9,2,4x4,0.33225806451612905
first session,p14,9,3,1x3,0.9145161290322581
first session,p14,9,3,2x2,0.8564516129032258
first session,p14,9,3,3x3,0.5798387096774194
first session,p14,9,3,4x4,0.3911290322580645
first session,p14,9,4,1x3,0.885483870967742
first session,p14,9,4,2x2,0.8556451612903225
first session,p14,9,4,3x3,0.6459677419354839
first session,p14,9,4,4x4,0.532258064516129
first session,p14,9,5,1x3,0.9088709677419354
first session,p14,9,5,2x2,0.8637096774193549
first session,p14,9,5,3x3,0.6653225806451613
first session,p14,9,5,4x4,0.5403225806451613
first session,p14,9,6,1x3,0.9032258064516129
first session,p14,9,6,2x2,0.8104838709677419
first session,p14,9,6,3x3,0.6016129032258064
first session,p14,9,6,4x4,0.47580645161290325
first session,p14,9,7,1x3,0.8806451612903226
first session,p14,9,7,2x2,0.8032258064516129
first session,p14,9,7,3x3,0.5862903225806452
first session,p14,9,7,4x4,0.4403225806451613
first session,p14,9,8,1x3,0.9056451612903226
first session,p14,9,8,2x2,0.6975806451612904
first session,p14,9,8,3x3,0.475
first session,p14,9,8,4x4,0.3556451612903226
first session,p14,9,9,1x3,0.8935483870967742
first session,p14,9,9,2x2,0.85
first session,p14,9,9,3x3,0.4596774193548387
first session,p14,9,9,4x4,0.325
first session,p14,9,10,1x3,0.9024193548387097
first session,p14,9,10,2x2,0.8362903225806452
first session,p14,9,10,3x3,0.6161290322580645
first session,p14,9,10,4x4,0.5040322580645161
first session,p14,9,11,1x3,0.9145161290322581
first session,p14,9,11,2x2,0.6967741935483871
first session,p14,9,11,3x3,0.4612903225806452
first session,p14,9,11,4x4,0.3782258064516129
first session,p14,9,12,1x3,0.9024193548387097
first session,p14,9,12,2x2,0.8032258064516129
first session,p14,9,12,3x3,0.5645161290322581
first session,p14,9,12,4x4,0.43306451612903224
first session,p14,9,13,1x3,0.8814516129032258
first session,p14,9,13,2x2,0.7758064516129032
first session,p14,9,13,3x3,0.5274193548387097
first session,p14,9,13,4x4,0.3903225806451613
first session,p14,9,14,1x3,0.8540322580645161
first session,p14,9,14,2x2,0.8120967741935484
first session,p14,9,14,3x3,0.5637096774193548
first session,p14,9,14,4x4,0.41774193548387095
first session,p14,9,15,1x3,0.8983870967741936
first session,p14,9,15,2x2,0.7991935483870968
first session,p14,9,15,3x3,0.592741935483871
first session,p14,9,15,4x4,0.45403225806451614
first session,p14,9,16,1x3,0.9137096774193548
first session,p14,9,16,2x2,0.8596774193548387
first session,p14,9,16,3x3,0.6330645161290323
first session,p14,9,16,4x4,0.4629032258064516
first session,p14,9,17,1x3,0.8564516129032258
first session,p14,9,17,2x2,0.7564516129032258
first session,p14,9,17,3x3,0.5282258064516129
first session,p14,9,17,4x4,0.3580645161290323
first session,p14,9,18,1x3,0.896774193548387
first session,p14,9,18,2x2,0.864516129032258
first session,p14,9,18,3x3,0.6556451612903226
first session,p14,9,18,4x4,0.5459677419354839
first session,p14,9,19,1x3,0.8983870967741936
first session,p14,9,19,2x2,0.742741935483871
first session,p14,9,19,3x3,0.5096774193548387
first session,p14,9,19,4x4,0.38225806451612904
first session,p14,16,0,1x3,0.9088709677419354
first session,p14,16,0,2x2,0.7346774193548387
first session,p14,16,0,3x3,0.4661290322580645
first session,p14,16,0,4x4,0.38225806451612904
first session,p14,16,1,1x3,0.9064516129032258
first session,p14,16,1,2x2,0.839516129032258
first session,p14,16,1,3x3,0.6153225806451613
first session,p14,16,1,4x4,0.5024193548387097
first session,p14,16,2,1x3,0.9161290322580645
first session,p14,16,2,2x2,0.8370967741935483
first session,p14,16,2,3x3,0.6411290322580645
first session,p14,16,2,4x4,0.5185483870967742
first session,p14,16,3,1x3,0.9129032258064517
first session,p14,16,3,2x2,0.8330645161290322
first session,p14,16,3,3x3,0.617741935483871
first session,p14,16,3,4x4,0.5
first session,p14,16,4,1x3,0.9112903225806451
first session,p14,16,4,2x2,0.839516129032258
first session,p14,16,4,3x3,0.6258064516129033
first session,p14,16,4,4x4,0.5201612903225806
first session,p14,16,5,1x3,0.8911290322580645
first session,p14,16,5,2x2,0.8290322580645161
first session,p14,16,5,3x3,0.6169354838709677
first session,p14,16,5,4x4,0.4959677419354839
first session,p14,16,6,1x3,0.9040322580645161
first session,p14,16,6,2x2,0.8419354838709677
first session,p14,16,6,3x3,0.6274193548387097
first session,p14,16,6,4x4,0.5112903225806451
first session,p14,16,7,1x3,0.9096774193548387
first session,p14,16,7,2x2,0.864516129032258
first session,p14,16,7,3x3,0.6629032258064517
first session,p14,16,7,4x4,0.5258064516129032
first session,p14,16,8,1x3,0.896774193548387
first session,p14,16,8,2x2,0.8354838709677419
first session,p14,16,8,3x3,0.6306451612903226
first session,p14,16,8,4x4,0.5379032258064517
first session,p14,16,9,1x3,0.907258064516129
first session,p14,16,9,2x2,0.792741935483871
first session,p14,16,9,3x3,0.4975806451612903
first session,p14,16,9,4x4,0.36451612903225805
first session,p14,16,10,1x3,0.8943548387096775
first session,p14,16,10,2x2,0.8346774193548387
first session,p14,16,10,3x3,0.6233870967741936
first session,p14,16,10,4x4,0.5032258064516129
first session,p14,16,11,1x3,0.9153225806451613
first session,p14,16,11,2x2,0.839516129032258
first session,p14,16,11,3x3,0.6306451612903226
first session,p14,16,11,4x4,0.5185483870967742
first session,p14,16,12,1x3,0.8983870967741936
first session,p14,16,12,2x2,0.7774193548387097
first session,p14,16,12,3x3,0.557258064516129
first session,p14,16,12,4x4,0.41854838709677417
first session,p14,16,13,1x3,0.8951612903225806
first session,p14,16,13,2x2,0.8580645161290322
first session,p14,16,13,3x3,0.646774193548387
first session,p14,16,13,4x4,0.507258064516129
first session,p14,16,14,1x3,0.9120967741935484
first session,p14,16,14,2x2,0.8548387096774194
first session,p14,16,14,3x3,0.6637096774193548
first session,p14,16,14,4x4,0.5266129032258065
first session,p14,16,15,1x3,0.9064516129032258
first session,p14,16,15,2x2,0.8588709677419355
first session,p14,16,15,3x3,0.6548387096774193
first session,p14,16,15,4x4,0.5580645161290323
first session,p14,16,16,1x3,0.9129032258064517
first session,p14,16,16,2x2,0.7459677419354839
first session,p14,16,16,3x3,0.49193548387096775
first session,p14,16,16,4x4,0.3782258064516129
first session,p14,16,17,1x3,0.9137096774193548
first session,p14,16,17,2x2,0.839516129032258
first session,p14,16,17,3x3,0.6241935483870967
first session,p14,16,17,4x4,0.5161290322580645
first session,p14,16,18,1x3,0.8935483870967742
first session,p14,16,18,2x2,0.8016129032258065
first session,p14,16,18,3x3,0.5725806451612904
first session,p14,16,18,4x4,0.43790322580645163
first session,p14,16,19,1x3,0.910483870967742
first session,p14,16,19,2x2,0.8387096774193549
first session,p14,16,19,3x3,0.6153225806451613
first session,p14,16,19,4x4,0.47258064516129034
