R00,R01,R02,R10,R11,R12,R20,R21,R22,R_scale,bs_eyeBlinkLeft,bs_eyeBlinkRight,bs_eyeLookDownLeft,bs_eyeLookDownRight,bs_eyeLookInLeft,bs_eyeLookInRight,bs_eyeLookOutLeft,bs_eyeLookOutRight,bs_eyeLookUpLeft,bs_eyeLookUpRight,bs_eyeSquintLeft,bs_eyeSquintRight,detected,interocular_norm,is_laptop,leye_h,leye_open,leye_v,leye_vlid,leye_width_px,m0_cx,m0_cy,m0_px,m0_py,mp_lin_x,mp_lin_y,mp_lout_x,mp_lout_y,mp_rin_x,mp_rin_y,mp_rout_x,mp_rout_y,n_landmarks,nose_x,nose_y,pass,pitch,px_raw,py_raw,reye_h,reye_open,reye_v,reye_vlid,reye_width_px,roll,target_x,tx,ty,tz,yaw
0.9898875951766968,-0.034054554998874664,-0.13770534098148346,0.017532752826809883,0.9926844835281372,-0.11945776641368866,0.14076603949069977,0.11583543568849564,0.9832431077957153,0.9999999403953552,0.1792261153459549,0.05767479166388512,0.18469347059726715,0.11499697715044022,0.06137517839670181,0.11144507676362991,0.07938159257173538,0.026996120810508728,0.049291715025901794,0.09339585900306702,0.3204305171966553,0.70428466796875,1,0.10893838054279734,1,0.5269056699824859,0.30507480514557445,-0.02369377543461939,0.4689384764793529,31.568720063474526,0.5010440409183502,0.38438370227813723,0.5749524891376495,0.5193025708198548,388.0015563964844,252.32837677001953,419.46704864501953,249.7775173187256,349.1212463378906,251.50294303894043,317.4821472167969,247.89545059204102,478,0.5739084482192993,0.6349188685417175,0,6.719019889831543,0.748336014657826,0.7443663625597696,0.4898054001970574,0.2649164137860542,-0.044236845355425845,0.42475209908982003,31.844098276015288,1.0147088766098022,0.08,4.852899074554443,-3.2876930236816406,-39.10617446899414,-8.092175483703613
0.974855363368988,-0.03995960205793381,-0.2192264050245285,0.04903542995452881,0.9981439709663391,0.0361134335398674,0.21737642586231232,-0.04595523327589035,0.9750054478645325,1.000000238418579,0.08423429727554321,0.17214524745941162,0.5909650325775146,0.5695303678512573,0.011467290110886097,0.22266168892383575,0.21763896942138672,0.02080574259161949,0.008253210224211216,0.00613396568223834,0.22882556915283203,0.4144606590270996,1,0.11862073639340602,1,0.5022513571854776,0.27686630897214765,-0.017063868966062677,0.6128439413370859,32.40719321312629,0.5121245622634888,0.4239846050739288,0.5662164926528931,0.49804653525352477,384.329833984375,239.21698093414307,416.5032196044922,235.3311824798584,340.85750579833984,242.50797271728516,308.20556640625,242.97554969787598,478,0.5540919303894043,0.574061930179596,0,-2.698542594909668,0.9555401036168545,0.6569089855965453,0.49979970146369185,0.21321004462160034,-0.039980770051980814,0.5918138330199652,32.65528708131039,2.8795628547668457,0.08,4.550944805145264,-2.6131672859191895,-39.15462875366211,-12.554984092712402
0.9846519231796265,-0.01727491430938244,-0.17367243766784668,0.0076639349572360516,0.9984092712402344,-0.055858761072158813,0.17436112463474274,0.05367041379213333,0.9832179546356201,1.0000005960464478,0.22281043231487274,0.1711764633655548,0.32062244415283203,0.28043556213378906,0.06153839826583862,0.06483141332864761,0.06395521014928818,0.06612035632133484,0.021380441263318062,0.029576392844319344,0.4020124673843384,0.5812993049621582,1,0.11352943059418308,1,0.5171930221449078,0.24877198312482574,-0.01666933666619042,0.47666157097559536,31.51870360135594,0.5093544721603394,0.40721549093723297,0.5684027075767517,0.5044923573732376,385.03578186035156,244.0407943725586,416.4120101928711,241.04730606079102,342.70252227783203,245.34307479858398,313.6713218688965,243.41497421264648,478,0.5590482354164124,0.5972768664360046,0,3.124474287033081,0.8730103322570523,0.5668000436153972,0.4709788089074362,0.24284075133908964,-0.06835443670561749,0.3630934251889326,29.09515714189326,0.44594666361808777,0.08,4.603564739227295,-2.780458450317383,-39.70217514038086,-10.041481018066406
0.9941883087158203,0.06944575905799866,0.08226070553064346,-0.05351587384939194,0.9818248152732849,-0.18208830058574677,-0.09341085702180862,0.17662779986858368,0.9798352122306824,0.9999995231628418,0.13098692893981934,0.168858140707016,0.12953492999076843,0.13930249214172363,0.23989178240299225,0.0034011572133749723,0.02784924954175949,0.4213780462741852,0.06342138350009918,0.05472492799162865,0.6079148054122925,0.4036816656589508,1,0.12640902820236846,1,0.4898688233238677,0.2707669237229688,-0.012082319520656784,0.44256189608944474,32.86664316089577,0.49155701398849483,0.3796406209468841,0.5976849913597106,0.5122195899486541,406.2346649169922,249.49467658996582,439.0520477294922,247.695894241333,362.3407745361328,247.65775680541992,328.47129821777344,243.50360870361328,478,0.6061279773712158,0.63257896900177,0,10.218554496765137,0.3276130049902861,0.7798323409471009,0.39934071412571626,0.2379872588533818,-0.043335388545947186,0.4220428013234051,34.12328197286856,-3.081183910369873,0.08,4.994999885559082,-2.5649242401123047,-37.151939392089844,5.359861850738525
0.9989759922027588,0.0314786396920681,-0.03249789774417877,-0.031325072050094604,0.9994955658912659,0.005224062595516443,0.032645951956510544,-0.004200713708996773,0.9994581937789917,1.0000003576278687,0.14850720763206482,0.07828563451766968,0.3636884391307831,0.3709735572338104,0.49950480461120605,0.003134749364107847,0.002584834350273013,0.5261255502700806,0.005940028000622988,0.011661671102046967,0.5906072854995728,0.09413324296474457,1,0.11559976415867249,1,0.7125859644979367,0.39406830793132186,0.009117994287025071,0.43762799040317407,26.08195546145611,0.5009011209011078,0.3987459182739258,0.5832899987697602,0.5083956360816956,402.72560119628906,246.78757667541504,428.66416931152344,244.05644416809082,355.1322937011719,246.29902839660645,321.97608947753906,242.81384468078613,478,0.5823888778686523,0.6096497178077698,0,-0.24081221222877502,0.8423415894252786,0.36942236733419415,0.4256980425692488,0.32769714172746195,-0.07661864142060804,0.39338174990067276,33.33887196830365,-1.7960455417633057,0.08,5.00742244720459,-3.14740252494812,-38.943504333496094,-1.8708075284957886
0.9763723611831665,-0.0042953090742230415,-0.21605242788791656,0.026939615607261658,0.994422197341919,0.1019739955663681,0.21440936625003815,-0.10538498312234879,0.9710420370101929,0.9999999403953552,0.14573365449905396,0.14670829474925995,0.5758020877838135,0.5069538354873657,0.3016881048679352,0.01129591092467308,0.012634688057005405,0.30849891901016235,0.006794682703912258,0.0070428098551929,0.15777190029621124,0.31454145908355713,1,0.10678628751651678,1,0.6346618467028361,0.3049254924104803,-0.05679271210011289,0.47267092582814696,29.377489469365987,0.5114133715629577,0.4236819386482239,0.5645364284515381,0.496579909324646,385.0618362426758,241.1791706085205,414.1633605957031,237.16193675994873,343.4558868408203,241.57021522521973,316.25070571899414,239.83128547668457,478,0.5531230568885803,0.5728979706764221,0,-6.193938255310059,0.9844451545347549,0.3518076515988001,0.3953845669749712,0.30205131226508425,-0.06780907778793686,0.5014179313657736,27.260699855217016,1.5804775953292847,0.08,4.814907073974609,-2.920084238052368,-40.18732833862305,-12.380877494812012
0.9992332458496094,0.00603186059743166,-0.03868404030799866,-0.009829376824200153,0.9950644969940186,-0.09874220192432404,0.03789751976728439,0.0990467518568039,0.9943608641624451,0.9999995231628418,0.1429603099822998,0.1401151716709137,0.27898409962654114,0.233322411775589,0.28616684675216675,0.010008235462009907,0.01904314197599888,0.24322792887687683,0.02864825539290905,0.03585390746593475,0.460733026266098,0.5850316286087036,1,0.12066404989601923,1,0.5114003295613412,0.29866716411724636,-0.014246431568711738,0.5163619061101495,30.11176660069724,0.4942786395549774,0.3929425567388535,0.5787189304828644,0.5091945618391037,394.3793487548828,247.2414207458496,424.4044876098633,244.95898246765137,350.17383575439453,246.3233757019043,318.0831527709961,242.97194480895996,478,0.584440290927887,0.6162520051002502,0,5.688380241394043,0.6068935768729032,0.6866714729173277,0.42463954440331725,0.2295547696083433,-0.03620797640339142,0.44217423845309195,32.265213829071236,-0.5635957717895508,0.08,4.746865749359131,-2.811138153076172,-38.30642318725586,-2.1718878746032715
0.9994359612464905,-0.008518469519913197,-0.03248356655240059,0.005907311569899321,0.9968054294586182,-0.07964938133955002,0.033058248460292816,0.07941257953643799,0.9962934851646423,1.0000001192092896,0.062445562332868576,0.09260360896587372,0.16000741720199585,0.14558114111423492,0.3398591876029968,0.006161170545965433,0.011773903854191303,0.30379581451416016,0.04651923105120659,0.05161599814891815,0.23687058687210083,0.4981345236301422,1,0.12407033450154248,1,0.5479813309258175,0.3540073058123477,-0.03383536115081218,0.424798491437923,32.44229881346754,0.491506552696228,0.39393601119518284,0.5820870757102966,0.5052033990621567,397.83302307128906,245.20877838134766,430.07972717285156,241.65169715881348,353.3477783203125,245.33077239990234,319.05078887939453,242.71159172058105,478,0.5905805230140686,0.6112673878669739,0,4.557297706604004,0.8020471866906509,0.48647978984691903,0.400884105676937,0.259052817681498,-0.03207274467283451,0.4957833483114902,34.39685439411811,0.3386510908603668,0.08,4.953641891479492,-2.6517961025238037,-38.12260055541992,-1.894443154335022
0.998986542224884,-0.008904613554477692,-0.044119298458099365,0.005935328081250191,0.9977365732192993,-0.06698092073202133,0.04461587592959404,0.06665115803480148,0.9967783689498901,0.9999997019767761,0.11304911226034164,0.09577391296625137,0.30507922172546387,0.2588261067867279,0.18713752925395966,0.015699919313192368,0.024100176990032196,0.18212084472179413,0.024579355493187904,0.0272014569491148,0.37845468521118164,0.4497411251068115,1,0.11645844892143117,1,0.5248835033992203,0.3086529781796047,-0.014589674265028236,0.486707009893656,31.84031452375263,0.49349861145019536,0.39714454114437103,0.5842515110969544,0.5062712877988815,396.22066497802734,245.13161659240723,427.9358673095703,242.31176376342773,355.34420013427734,245.32296180725098,322.51991271972656,242.88434028625488,478,0.590752899646759,0.6091267466545105,0,3.8254778385162354,0.6923291567405623,0.6450430086182165,0.4301392416905687,0.269690174338366,-0.03151276955192596,0.4921416118827941,32.91474926627167,0.3404102325439453,0.08,5.164624214172363,-2.7242093086242676,-39.125064849853516,-2.55715012550354
0.9986094236373901,0.052591901272535324,0.0036620432510972023,-0.05205081030726433,0.9945929050445557,-0.08986491709947586,-0.008368387818336487,0.08954937756061554,0.9959472417831421,1.000000238418579,0.13591599464416504,0.1096523180603981,0.18742899596691132,0.1950935572385788,0.5266737937927246,0.0011445659911260009,0.008724281564354897,0.6090686321258545,0.042289890348911285,0.035351186990737915,0.39457759261131287,0.15205004811286926,1,0.12986873380502933,1,0.5221536488355478,0.28855808033396496,-0.04499320291050135,0.39629409169516977,33.91801008839545,0.4867482662200928,0.39431808292865755,0.5883753776550293,0.5044714003801346,401.9145202636719,245.7029628753662,435.8323287963867,245.58603286743164,359.30896759033203,244.18353080749512,320.54351806640625,240.4405689239502,478,0.6016271114349365,0.610153317451477,0,5.137863636016846,0.8045117189966001,0.6356384655562747,0.3713576179524071,0.259381373454262,-0.04025255905450115,0.4121322828441663,38.945729426107796,-2.9837443828582764,0.08,5.030336380004883,-2.4652161598205566,-37.23253631591797,0.4794788658618927
0.9757680296897888,-0.009639919735491276,-0.21859510242938995,0.00789968017488718,0.9999297857284546,-0.008833608590066433,0.21866491436958313,0.006892711855471134,0.9757756590843201,0.9999999403953552,0.07780251652002335,0.12019957602024078,0.14767861366271973,0.15004600584506989,0.19233174622058868,0.023491516709327698,0.022350752726197243,0.18573853373527527,0.05245957523584366,0.05489860475063324,0.3962780833244324,0.36469903588294983,1,0.11195234867806096,1,0.591300984961638,0.3211296614379638,-0.07080164452012899,0.4336283879941034,30.907914285628024,0.50852330327034,0.4001980274915695,0.5601306140422821,0.4975188225507736,382.03590393066406,242.09298133850098,412.6997375488281,238.21632385253906,339.5770263671875,242.80194282531738,309.7627639770508,240.26461601257324,478,0.5516073107719421,0.5973207950592041,0,0.40472081303596497,0.9646367614420002,0.3299793839446094,0.42688996886071257,0.30402872865674685,-0.06404010019964904,0.44436310285518216,29.92203651629406,0.463848352432251,0.08,4.419924736022949,-2.730428695678711,-38.95294189453125,-12.63062858581543
0.9281895756721497,-0.13434554636478424,-0.34700915217399597,0.11249716579914093,0.9902247190475464,-0.08245772868394852,0.3546949028968811,0.0374988429248333,0.9342297911643982,1.0000001192092896,0.15688741207122803,0.1902126669883728,0.3297237157821655,0.25747188925743103,0.0899406298995018,0.10066480934619904,0.08202888816595078,0.043544042855501175,0.02326800301671028,0.031547050923109055,0.11260590702295303,0.5555293560028076,1,0.10175434151402636,1,0.5842901952427837,0.3252554734523529,-0.07610066893749028,0.42260552775400834,28.564559048075182,0.5094084173440934,0.4064834415912628,0.5450117021799088,0.49591824412345886,369.85076904296875,238.97582530975342,397.978515625,233.99949073791504,330.1032257080078,242.84626007080078,303.9827346801758,243.99450302124023,478,0.5356032848358154,0.589434802532196,0,2.298548698425293,0.7877635823907725,0.32811045503589675,0.4780267301521401,0.2535144323548499,-0.07955605528547308,0.36040131770823264,26.145716923820984,6.910577774047852,0.08,4.271504878997803,-2.307072877883911,-38.75154495239258,-20.774744033813477
0.9534775018692017,-0.06750443577766418,-0.29380929470062256,0.05193224176764488,0.9968168139457703,-0.06049288436770439,0.2969575524330139,0.04242047667503357,0.953947901725769,1.0000003576278687,0.16986773908138275,0.1637789011001587,0.09276417642831802,0.07589501142501831,0.03182018920779228,0.14381448924541473,0.1508655697107315,0.03147951140999794,0.08028616011142731,0.11016103625297546,0.2668391168117523,0.4178362190723419,1,0.11423422789173625,1,0.5246581036844573,0.2912393306362193,-0.05906666806615437,0.39609194161635486,32.85582524977187,0.5144108772277832,0.3932352393865586,0.5523721218109131,0.5094406932592392,374.6589660644531,246.59603118896484,407.25589752197266,242.4795627593994,331.5406036376953,249.29826736450195,304.14539337158203,249.36012268066406,478,0.5379612445831299,0.6162054538726807,0,2.546170473098755,0.9438936988295765,0.48490654991359994,0.4657315460119215,0.3091067884439618,-0.10400497152072019,0.31757280372514674,27.39528009821193,3.1175994873046875,0.08,4.102087020874023,-3.0595576763153076,-38.0168571472168,-17.27495574951172
0.9977275133132935,0.02868984267115593,-0.06096434220671654,-0.03301610052585602,0.9969165921211243,-0.07118415832519531,0.05873410776257515,0.07303519546985626,0.9955984354019165,0.9999995827674866,0.05448061227798462,0.1261482536792755,0.04981353506445885,0.05790003761649132,0.30111944675445557,0.007828311994671822,0.01784897968173027,0.2651141285896301,0.19207462668418884,0.19263896346092224,0.6445563435554504,0.5694987773895264,1,0.12095361868520985,1,0.5293842264610292,0.3071652834464916,-0.045876995891965505,0.4843319045066547,31.027677953944234,0.4982028067111969,0.38843896985054016,0.5780437648296356,0.49661198258399963,394.2166519165039,241.61373138427734,425.17555236816406,239.54895973205566,349.8041534423828,240.75602531433105,318.00817489624023,238.48840713500977,478,0.5798409581184387,0.6081730127334595,0,4.195593357086182,0.6765825302555177,0.3355111731756688,0.4139773155207375,0.24425858772341313,-0.055635873531324424,0.4786500119401678,31.876736720964725,-1.8953001499176025,0.08,4.726135730743408,-2.5630006790161133,-38.61796569824219,-3.367154121398926
0.9785636067390442,0.04013962298631668,-0.20199507474899292,-0.02839038148522377,0.9977502822875977,0.060731809586286545,0.20397840440273285,-0.053695227950811386,0.9775017499923706,1.0000003576278687,0.10290613025426865,0.21952660381793976,0.19571225345134735,0.18994425237178802,0.023284556344151497,0.1439354419708252,0.15053272247314453,0.025573931634426117,0.04654363542795181,0.041573405265808105,0.4905640184879303,0.3501638174057007,1,0.10947427347043177,1,0.49769249022419265,0.27742270865937824,-0.046836781962382446,0.46922152182506766,31.657563312415554,0.5154069125652313,0.4133385717868805,0.5682764708995819,0.5050503313541412,382.96180725097656,245.9278392791748,414.55684661865234,243.93917083740234,343.5871887207031,245.2203369140625,314.5216751098633,243.0271053314209,478,0.5528695583343506,0.5917117595672607,0,-3.1441590785980225,0.9524957304811047,0.44629667141531476,0.4811783114289699,0.2666655030381873,-0.08916375560790853,0.4189730275192023,29.148144817386047,-1.661816120147705,0.08,4.601197719573975,-3.2429957389831543,-40.041446685791016,-11.769701957702637
0.975183367729187,-0.002684159204363823,-0.22138257324695587,0.016579875722527504,0.998004138469696,0.060933467000722885,0.22077716886997223,-0.06309180706739426,0.9732814431190491,0.999999463558197,0.17822176218032837,0.07112669944763184,0.2644803822040558,0.18452058732509613,0.14881394803524017,0.031161870807409286,0.02953123301267624,0.15400730073451996,0.032293595373630524,0.04844675958156586,0.27523452043533325,0.5788851976394653,1,0.10667498853063025,1,0.5632109674465513,0.31386338174414685,-0.030197022609245658,0.467666715213486,29.724472360765752,0.5046255052089691,0.4082432597875595,0.5601198136806488,0.5045325964689255,379.7628402709961,245.1423454284668,409.3621063232422,242.4169635772705,340.3366470336914,244.5187282562256,312.14651107788086,242.689847946167,478,0.5554943084716797,0.596289336681366,0,-3.7089409828186035,0.9463529022845888,0.2808479091399954,0.42846034476678907,0.30496646791077003,-0.07176565815640153,0.4567973079710822,28.24939943524643,0.9740376472473145,0.08,4.519414901733398,-3.248473882675171,-39.877685546875,-12.754683494567871
0.9968771934509277,0.03981659933924675,-0.06819440424442291,-0.0388694629073143,0.9991292953491211,0.01516028493642807,0.068738654255867,-0.012462317012250423,0.9975568056106567,1.0,0.10848025232553482,0.17347431182861328,0.21947534382343292,0.21482256054878235,0.2079860270023346,0.009722317568957806,0.024260105565190315,0.2300131618976593,0.034591514617204666,0.02764529548585415,0.48845839500427246,0.30015477538108826,1,0.11868731917220068,1,0.4786962818299786,0.3113934500871696,-0.03593159459166353,0.4738526386354759,32.39740714346816,0.4958578884601593,0.40544912219047546,0.5840974390506745,0.5053301751613617,395.07564544677734,245.80487251281738,427.408447265625,243.7598991394043,354.93133544921875,245.63361167907715,321.1006546020508,242.79879570007324,478,0.5882395505905151,0.5998810529708862,0,-0.7157496809959412,0.6178013778789653,0.41513056827027156,0.43220391394238733,0.2551707392859863,-0.0704792794449243,0.44956427352243455,33.94924370712331,-2.2329013347625732,0.08,5.182648181915283,-3.060818672180176,-39.8961067199707,-3.941542625427246
0.9925647377967834,-0.022071754559874535,-0.11969985067844391,0.014301368966698647,0.9977572560310364,-0.065390445291996,0.12087468057870865,0.06319238990545273,0.9906543493270874,1.0000001192092896,0.09635463356971741,0.09080491960048676,0.19349750876426697,0.20354405045509338,0.40985938906669617,0.005176444072276354,0.01101673860102892,0.36100754141807556,0.04121674969792366,0.0387263223528862,0.4562815725803375,0.3131602704524994,1,0.12003504256778139,1,0.547257804186263,0.3062630029660824,-0.05917949248238008,0.4435079132963924,31.873225250831872,0.49938177764415737,0.3945417761802673,0.569095429778099,0.4966372013092041,388.50589752197266,241.00665092468262,420.1432418823242,237.13613033294678,346.3512420654297,242.1360969543457,313.72013092041016,239.9955940246582,478,0.5697136521339417,0.6020954251289368,0,3.6498684883117676,0.9009695323976455,0.44580188632679646,0.36748770252087243,0.2918795225141877,-0.04307780520672508,0.49513399108335854,32.70124106843685,0.8254891037940979,0.08,4.4982476234436035,-2.4144175052642822,-37.78948974609375,-6.942584991455078
0.9993970990180969,0.0009764725691638887,-0.034704919904470444,-0.006085919216275215,0.9890540242195129,-0.1474277675151825,0.03418108448386192,0.1475500911474228,0.988463819026947,0.9999997019767761,0.0642908364534378,0.11084291338920593,0.06889665126800537,0.0586680993437767,0.44318991899490356,0.003440777538344264,0.007778357248753309,0.3844251334667206,0.11279716342687607,0.12045217305421829,0.4688616394996643,0.4717440903186798,1,0.12433835127297473,1,0.576704665975307,0.31787909024572236,-0.04961182716683171,0.45235759191924174,35.14617143679145,0.4953419387340545,0.38800445199012756,0.582901519536972,0.5080625116825104,398.19339752197266,247.45448112487793,433.2081604003906,244.41807746887207,355.1450729370117,247.27904319763184,320.08575439453125,244.36137199401855,478,0.5875595808029175,0.6200580596923828,0,8.489974021911621,0.8675369863151915,0.4544543218346018,0.3719501202699419,0.26144552361276824,-0.05760468582262299,0.4290019237730755,35.18051480558336,-0.34890350699424744,0.08,4.934146404266357,-2.6000990867614746,-37.848331451416016,-1.9588134288787842
0.9974570274353027,-0.0008894078200682998,-0.07126504182815552,-0.0047975871711969376,0.9968162178993225,-0.07958968728780746,0.07110892981290817,0.07972919940948486,0.9942770600318909,0.9999999403953552,0.08494429290294647,0.0720968097448349,0.27387920022010803,0.2334733009338379,0.1924753487110138,0.021120727062225342,0.009094727225601673,0.22744746506214142,0.023556504398584366,0.030499231070280075,0.43220287561416626,0.4801785349845886,1,0.11677312924033803,1,0.6195190823088083,0.2785165707687528,-0.01555740277576685,0.530269509497322,36.024406723452195,0.49949706792831416,0.3898840308189392,0.5821385502815246,0.5094924926757812,396.35387420654297,247.03685760498047,432.28797912597656,244.48774337768555,352.84523010253906,246.52896881103516,319.63476181030273,243.87173652648926,478,0.5826414823532104,0.619608461856842,0,4.584630012512207,0.8247994073743279,0.5364446327042569,0.4676121110935858,0.28199442941848235,-0.040439192310261295,0.47075312070220227,33.31660378355364,-0.27558016777038574,0.08,4.995043754577637,-2.83235502243042,-38.55171203613281,-4.077682971954346
0.99887615442276,0.0196855291724205,-0.04311509057879448,-0.018863283097743988,0.9996339678764343,0.019394773989915848,0.04348112270236015,-0.018559735268354416,0.9988818168640137,1.0000005960464478,0.11276933550834656,0.08612500131130219,0.4072006642818451,0.4073866903781891,0.052323486655950546,0.03770335391163826,0.07982289791107178,0.10864406824111938,0.014619661495089531,0.016507495194673538,0.38697704672813416,0.4644853472709656,1,0.12325167099702719,1,0.470206789235829,0.29069306516303983,0.011721855829500853,0.5959887745792716,32.3070508032155,0.49540051221847536,0.40529660880565643,0.5872807145118714,0.5120925754308701,398.27613830566406,247.3107147216797,430.54351806640625,245.71017265319824,355.15228271484375,246.82534217834473,321.02710723876953,244.9837875366211,478,0.591880202293396,0.6067959666252136,0,-1.064462423324585,0.5560765047288723,0.6539445091611281,0.4529540645686308,0.24641419576123186,-0.025881367387822228,0.5380931224069181,34.174828819463904,-1.081873893737793,0.08,5.1807169914245605,-3.2484214305877686,-39.56525802612305,-2.492070436477661
0.9928874969482422,0.0030309688299894333,-0.11901772022247314,0.006349243223667145,0.9969053268432617,0.0783553496003151,0.11888688057661057,-0.07855373620986938,0.9897955656051636,0.9999998211860657,0.10359150916337967,0.22141563892364502,0.5903162956237793,0.34223076701164246,0.3279406726360321,0.2172997146844864,0.01064805407077074,0.01620449125766754,0.004332643002271652,0.013528119772672653,0.41002172231674194,0.2948901653289795,1,0.10324759159827705,1,0.6445891740509376,0.29339210877569744,-0.023124094837189826,0.5574618895071405,35.998066090823535,0.49440516829490666,0.4266336917877197,0.5663166224956513,0.5127259850502014,381.83773040771484,248.2844066619873,417.81604766845703,247.09216117858887,339.4917297363281,247.68942832946777,309.7359848022461,246.27954483032227,478,0.5719114542007446,0.5860922932624817,0,-4.5376877784729,0.7326757610820449,0.45397808416154783,0.6290438594733562,0.26818783392538265,-0.061650258210365155,0.4446709453974529,29.789127683147914,0.3663857877254486,0.3,4.475961208343506,-3.3070647716522217,-39.70784378051758,-6.827865123748779
0.9989429116249084,0.0431823655962944,-0.015757489949464798,-0.043160825967788696,0.9990666508674622,0.0017045587301254272,0.015816383063793182,-0.0010225804289802909,0.9998743534088135,0.9999998211860657,0.13248008489608765,0.1831662654876709,0.4758640229701996,0.4217507243156433,0.32581788301467896,0.005138020031154156,0.013859163038432598,0.289040207862854,0.012478259392082691,0.009759071283042431,0.4124685525894165,0.2887004315853119,1,0.12286303874543014,1,0.5334853942048745,0.27872843092654376,-0.020503259585947647,0.5538554802310525,32.40092123714836,0.48786546587944035,0.41503015458583836,0.5836269438266755,0.5108000963926316,397.62413024902344,248.05950164794922,430.01304626464844,247.17756271362305,353.80603790283203,246.21148109436035,318.9467239379883,243.7429904937744,478,0.5957614779472351,0.5957699418067932,0,-0.058596882969141006,0.6385257958490121,0.6369237218312622,0.4337982441367888,0.21664577351306513,-0.036782934833461504,0.4936836540149568,34.94660521445001,-2.474011182785034,0.3,4.951940059661865,-2.9892001152038574,-39.14801788330078,-0.9062497019767761
0.9966644048690796,0.08074716478586197,-0.011830922216176987,-0.08158200234174728,0.9895546436309814,-0.11885296553373337,0.0021103026811033487,0.11942170560359955,0.992841362953186,0.9999999403953552,0.11346744745969772,0.12300543487071991,0.2516041100025177,0.2592169940471649,0.11818564683198929,0.004588639829307795,0.047785572707653046,0.38033127784729004,0.027821389958262444,0.023025518283247948,0.46742209792137146,0.3868492543697357,1,0.13096096941210153,1,0.4972501505403476,0.272429012957013,-0.019038505201218213,0.518938313610298,34.87690907276115,0.495575737953186,0.3948825269937515,0.5883800506591796,0.5128234297037124,400.8051300048828,250.4699993133545,435.68164825439453,250.6351089477539,355.9971237182617,246.21159553527832,319.9716567993164,240.7785701751709,478,0.5928043127059937,0.6179409027099609,0,6.858743667602539,0.46931833928745953,0.7928831545388582,0.41111446963532267,0.23084041229742863,-0.011685223699541123,0.5157959054900025,36.43284275711215,-4.679515361785889,0.3,4.809878349304199,-2.6879401206970215,-37.26416778564453,-0.12091152369976044
0.9910128116607666,0.07293251901865005,-0.11213558167219162,-0.05693092197179794,0.9885406494140625,0.13980810344219208,0.12104713171720505,-0.13216765224933624,0.9838086366653442,0.9999995231628418,0.15012583136558533,0.09320860356092453,0.5469647645950317,0.5436040163040161,0.1325802206993103,0.026596711948513985,0.0353432297706604,0.136293426156044,0.008398188278079033,0.00924264919012785,0.25555291771888733,0.44541439414024353,1,0.11140273014461308,1,0.536638428836009,0.3078263356689056,-0.02295951445458402,0.5976221600333504,28.996811720314625,0.5021437883377076,0.4201790541410446,0.5704414129257203,0.5136567205190659,387.23365783691406,250.35584449768066,416.23046875,250.3626823425293,346.0588836669922,246.30669593811035,315.53808212280273,242.9337501525879,478,0.5682976245880127,0.5934776663780212,0,-7.651465892791748,1.010104684671407,0.6961837940598957,0.45881852181209276,0.25398164569500753,-0.021340394665219784,0.586003925882368,30.706613135174713,-3.2878689765930176,0.3,4.651183605194092,-3.6988441944122314,-40.60564041137695,-6.952538967132568
0.9895908832550049,0.054620396345853806,-0.13314081728458405,-0.0509960912168026,0.9982334971427917,0.030483825132250786,0.1345706731081009,-0.023376841098070145,0.9906282424926758,0.9999997615814209,0.09894654154777527,0.10926230251789093,0.4023926258087158,0.36238893866539,0.40016311407089233,0.005547236185520887,0.010014411993324757,0.3603363335132599,0.01873309537768364,0.015751030296087265,0.324184387922287,0.28449663519859314,1,0.11479955785460375,1,0.5576241905573658,0.3241261919521937,-0.02090801355413723,0.487198443008827,30.022165469078864,0.4991709291934967,0.4070820182561874,0.5691337883472443,0.5171913474798202,387.66963958740234,251.49487495422363,417.68856048583984,251.05350494384766,346.6028594970703,248.9919090270996,315.2231979370117,245.3496265411377,478,0.5699628591537476,0.6101093292236328,0,-1.3518146276474,0.9412976745763495,0.683516600736605,0.3922299784671365,0.27292663980446996,-0.02206751576741346,0.4835072285228028,31.590336835724695,-2.9499850273132324,0.3,4.704831123352051,-3.5385115146636963,-40.01850891113281,-7.733794689178467
0.9998698234558105,-0.012080159038305283,-0.010699556209146976,0.01134162861853838,0.9977163672447205,-0.06658406555652618,0.011479468084871769,0.06645406037569046,0.9977235198020935,0.9999999403953552,0.07467905431985855,0.05111929774284363,0.07195942848920822,0.06743108481168747,0.207680344581604,0.00933558214455843,0.02796720340847969,0.2787489891052246,0.12820453941822052,0.13356547057628632,0.4692884683609009,0.3838921785354614,1,0.11892306164996888,1,0.48671090105235176,0.33486252379029624,-0.03938719741300156,0.47780099771560003,30.341048797205715,0.48601045012474064,0.3922055006027222,0.5783302366733551,0.5082663536071778,392.8828811645508,246.7998218536377,423.10089111328125,244.07014846801758,351.4400863647461,246.33193016052246,318.0809020996094,244.62209701538086,478,0.5923197865486145,0.6160608530044556,0,3.810595989227295,0.5721355570893986,0.43419444627592135,0.42029922224482735,0.2992303687333186,-0.04332921300862155,0.46999993941322576,33.402974482617196,0.6498841643333435,0.3,4.851808071136475,-3.0050015449523926,-39.412471771240234,-0.657739520072937
0.9630059599876404,-0.03530081734061241,-0.2671580910682678,0.031658612191677094,0.999337911605835,-0.01792953535914421,0.26761409640312195,0.00880840141326189,0.9634858965873718,0.9999995231628418,0.10116928070783615,0.08662915229797363,0.2170131653547287,0.2052195966243744,0.11172543466091156,0.03627685829997063,0.033387523144483566,0.12368082255125046,0.03051629848778248,0.032626453787088394,0.3745620548725128,0.28433355689048767,1,0.10822061277287467,1,0.5840131374216688,0.2995131608994685,-0.052825255944037246,0.46648131006683236,31.35542942385118,0.5142308413982392,0.4017934948205948,0.5544453799724579,0.5063774138689041,376.7608642578125,245.56815147399902,407.81429290771484,241.2267780303955,336.12903594970703,246.37141227722168,308.0124282836914,244.87844467163086,478,0.5402145385742188,0.6045839190483093,0,0.5237960815429688,0.9541138092752338,0.40609451310649874,0.4311942172378581,0.3233344751749559,-0.05266057834780619,0.4481448991035009,28.15621741236391,1.8829079866409302,0.3,4.327494144439697,-3.0552618503570557,-40.045257568359375,-15.522339820861816
0.9516763091087341,-0.07408231496810913,-0.2980337142944336,0.06915304809808731,0.99723881483078,-0.027065599337220192,0.29921582341194153,0.005147721618413925,0.9541715979576111,1.0000001192092896,0.11600906401872635,0.07892501354217529,0.14658354222774506,0.11069075763225555,0.008890855126082897,0.3506983518600464,0.34216129779815674,0.009200272150337696,0.05913041532039642,0.07589986175298691,0.2731410264968872,0.6308106184005737,1,0.10832029026374834,1,0.48608319455529575,0.2721164577216324,-0.06628941627181197,0.48765418202549826,30.644454415154478,0.5189171433448792,0.4083653002977371,0.5500525832176208,0.5113848358392715,371.6321563720703,248.73621940612793,401.6280746459961,242.46505737304688,330.1616668701172,250.39180755615234,304.3564224243164,248.9333438873291,478,0.5311354398727417,0.6030195355415344,0,0.30910566449165344,1.0013378410799048,0.35820015666895644,0.5017705784306075,0.3040759279270332,-0.08180835940700165,0.42455124565156077,25.846426391911557,4.156062126159668,0.3,4.072541236877441,-3.2240757942199707,-40.433597564697266,-17.410507202148438
0.9637148976325989,-0.06400902569293976,-0.2591455578804016,0.058213505893945694,0.9978538155555725,-0.029984790831804276,0.26050865650177,0.013811025768518448,0.9653726816177368,1.0,0.1585426777601242,0.17171351611614227,0.36996546387672424,0.35359758138656616,0.03428364917635918,0.10112099349498749,0.11713320761919022,0.053514305502176285,0.014512769877910614,0.021406633779406548,0.16991683840751648,0.7012383341789246,1,0.11306223236666472,1,0.4971334678056577,0.28308449263502244,-0.039942849640021406,0.5452465473213919,29.57416749910545,0.5094794571399689,0.4144188553094864,0.5552570760250092,0.5102839261293411,376.92821502685547,246.41301155090332,406.2685012817383,242.70100593566895,334.3408966064453,247.63647079467773,306.0878562927246,248.33636283874512,478,0.5457776188850403,0.5958650708198547,0,0.8196414113044739,0.9369571710292506,0.55405655972495,0.4668789019376627,0.19485564913923625,-0.05477964705080952,0.5256536234596385,28.261707943763756,3.4567694664001465,0.3,4.329058647155762,-3.0368025302886963,-40.28183364868164,-15.100244522094727
0.9596651196479797,-0.007653106469660997,-0.2810414135456085,0.021641388535499573,0.9986743927001953,0.046703096479177475,0.2803114354610443,-0.050901468843221664,0.9585585594177246,1.0,0.1373251974582672,0.3288927376270294,0.31379422545433044,0.272481232881546,0.013319575227797031,0.17740190029144287,0.19954223930835724,0.03128799796104431,0.026799986138939857,0.023221269249916077,0.22334185242652893,0.3234268128871918,1,0.11302926367430748,1,0.4891093877674568,0.27253610585971416,-0.04212145484684006,0.4210686080689498,32.7733055434318,0.5191422432661057,0.4127461344003677,0.5584794610738755,0.498055699467659,377.17174530029297,241.66471481323242,409.71099853515625,237.7549123764038,336.0763931274414,242.55784034729004,307.5264358520508,242.1602439880371,478,0.5393372178077698,0.5853095650672913,0,-3.039670944213867,0.9177527148819529,0.5263965818393798,0.4817017788131322,0.2300271539552507,-0.0829679955254092,0.3061812348976351,28.552725672842982,1.2918568849563599,0.3,4.387511730194092,-2.8114020824432373,-40.101280212402344,-16.278791427612305
0.9066657423973083,-0.17302542924880981,-0.3847329914569855,0.13531213998794556,0.9831069111824036,-0.12325339764356613,0.3995595872402191,0.05969052389264107,0.9147618412971497,0.9999998211860657,0.16215261816978455,0.15877000987529755,0.19284705817699432,0.1606494039297104,0.09252997487783432,0.06322183459997177,0.061493147164583206,0.09582287073135376,0.03722366318106651,0.05057256296277046,0.1819928139448166,0.5896581411361694,1,0.10581333881349057,1,0.5719624239060679,0.29305537865238246,-0.09886083985214845,0.4188970054676209,29.66475775310738,0.5120400309562683,0.39883001148700714,0.5358691334724426,0.5010642558336258,364.6491241455078,241.35915756225586,393.65257263183594,235.13036727905273,324.8200988769531,246.53008460998535,298.4270668029785,247.6395034790039,478,0.5238291025161743,0.6022342443466187,0,3.7334017753601074,0.9680638873168821,0.33099960430077385,0.41769039505030886,0.24828027953122517,-0.07925957219056713,0.34531090192938935,26.416338738319123,8.48825740814209,0.3,3.965646982192993,-2.4072980880737305,-38.85823059082031,-23.550647735595703
0.9662063717842102,-0.02635534666478634,-0.256418913602829,0.012854601256549358,0.9984481334686279,-0.05418580025434494,0.25744903087615967,0.04905850440263748,0.9650457501411438,1.0000005960464478,0.06189426779747009,0.4506612718105316,0.19376465678215027,0.22819460928440094,0.00654184864833951,0.33582577109336853,0.35566478967666626,0.009595648385584354,0.04624459147453308,0.0275428406894207,0.3914957344532013,0.18851172924041748,1,0.11057455631152821,1,0.46651126792515973,0.2902289181520518,-0.059939045699839204,0.4738973118041505,32.82673663639328,0.5191317856311798,0.4082435071468353,0.5603728353977203,0.4984119236469269,376.8385314941406,241.3564682006836,409.4479751586914,237.58568286895752,337.3588180541992,244.02989387512207,307.6922035217285,244.1850185394287,478,0.5412410497665405,0.5901684165000916,0,2.910149574279785,0.8128692211696765,0.4237285391121541,0.5279616418396648,0.22342240950244072,-0.1008998337749487,0.29630940361837155,29.667020098739478,0.7622293829917908,0.3,4.199028015136719,-2.4671382904052734,-38.73663330078125,-14.918749809265137
0.9758285880088806,-0.001083330251276493,-0.21853497624397278,-0.00020905284327454865,0.9999826550483704,-0.005890666041523218,0.21853755414485931,0.005793959368020296,0.9758113026618958,1.000000238418579,0.11991435289382935,0.16486984491348267,0.32490265369415283,0.2547784149646759,0.01438063196837902,0.20459800958633423,0.1807306855916977,0.028327399864792824,0.027596982195973396,0.03101513162255287,0.3272739052772522,0.37605127692222595,1,0.11561043569366689,1,0.4960284327642492,0.28155307162019094,-0.025733143031468255,0.5262140404499491,31.016743902374202,0.5114060074090958,0.41338545083999634,0.5667611986398697,0.5056389570236206,384.20501708984375,244.7783660888672,415.1631546020508,242.8725528717041,342.0770263671875,245.4650115966797,311.102294921875,244.70930099487305,478,0.5553551912307739,0.5922535061836243,0,0.34019437432289124,0.9257961500241162,0.4989929366007043,0.4715654438791386,0.25600039900073396,-0.07866558604904478,0.3832765134488744,30.983948855574912,-0.012274538166821003,0.3,4.475902557373047,-2.8608574867248535,-38.81391906738281,-12.623149871826172
0.9674036502838135,0.01282903365790844,-0.25291410088539124,0.001655981526710093,0.9983741044998169,0.056976620107889175,0.25323382019996643,-0.05553821846842766,0.9658095836639404,0.9999997019767761,0.11190352588891983,0.2225659191608429,0.2732864320278168,0.22562113404273987,0.022132812067866325,0.14499591290950775,0.14620685577392578,0.03779931738972664,0.031934868544340134,0.027939364314079285,0.3107090890407562,0.29654181003570557,1,0.11200391864900061,1,0.5243007988370672,0.27612598078778977,-0.04113906783453787,0.47472772577814315,31.60485780733212,0.513398340344429,0.415280869603157,0.5596144706010818,0.5048453122377395,379.17720794677734,244.9606990814209,410.60733795166016,241.64196968078613,337.69569396972656,245.87204933166504,308.6667251586914,244.79647636413574,478,0.5462161302566528,0.5895644426345825,0,-3.2911298274993896,0.9334506777509396,0.4428742414135404,0.467001039481334,0.26246517805416425,-0.08398325810793544,0.37418245174277104,29.048887887467043,0.09807763248682022,0.3,4.433952808380127,-3.171670913696289,-40.1531982421875,-14.66895580291748
0.9928950071334839,0.07225806266069412,-0.09454234689474106,-0.07529348880052567,0.9967414140701294,-0.02893867716193199,0.092143215239048,0.03585148975253105,0.9951001405715942,1.0000001192092896,0.18194647133350372,0.17739829421043396,0.322324275970459,0.29450395703315735,0.03968823701143265,0.06777933239936829,0.07527478039264679,0.05431179329752922,0.02364208921790123,0.017963675782084465,0.3628076910972595,0.20551630854606628,1,0.12250831228915368,1,0.49520784132294704,0.2762931920961131,-0.02585077746268863,0.41019186642477695,32.70608515932494,0.5063123345375061,0.40971691310405733,0.5779113411903382,0.5196836084127426,392.52201080322266,252.61090278625488,425.2275848388672,252.79375076293945,348.15589904785156,250.59760093688965,314.7258949279785,246.9326877593994,478,0.571599006652832,0.6099666953086853,0,2.0633609294891357,0.68812565969391,0.5907482821628458,0.47522061192259135,0.26455611122011224,-0.041302802210433295,0.38200226463583853,33.630295332044454,-4.336569309234619,0.3,4.575649738311768,-3.2963974475860596,-38.89409637451172,-5.286916732788086
0.9967874884605408,0.05407733470201492,-0.059078723192214966,-0.05166493356227875,0.9977965354919434,0.041626133024692535,0.06119958311319351,-0.03844011574983597,0.9973850846290588,0.9999998211860657,0.11718051880598068,0.10050137341022491,0.12143604457378387,0.13040713965892792,0.05150877311825752,0.0759633481502533,0.07133446633815765,0.04368560388684273,0.06568599492311478,0.06941704452037811,0.4516995847225189,0.11562785506248474,1,0.11441191374433808,1,0.4990978037305933,0.3061712676518435,-0.05436068033904694,0.3990273921152214,30.623268688737028,0.5021455764770508,0.41107196509838106,0.5770193815231324,0.5115359514951706,390.62889099121094,249.60848808288574,421.24183654785156,248.81340980529785,349.437255859375,248.33879470825195,315.70194244384766,244.0670871734619,478,0.5748738050460815,0.6004639863967896,0,-2.2071380615234375,0.5623918494357043,0.43158325784712903,0.4971384565707943,0.3076958901304324,-0.07738068781587976,0.3232280179456695,34.00468874397544,-2.9670677185058594,0.3,4.620866775512695,-3.3079030513763428,-39.318302154541016,-3.5086700916290283
0.9975111484527588,0.053766991943120956,-0.04561266675591469,-0.05566208064556122,0.9975931644439697,-0.04134692624211311,0.04327978566288948,0.04378291592001915,0.998103141784668,0.9999998211860657,0.12588068842887878,0.10313954204320908,0.20626093447208405,0.2082294076681137,0.20756308734416962,0.013077939860522747,0.01974739134311676,0.18954025208950043,0.0373658649623394,0.03740628808736801,0.4786285161972046,0.1925472915172577,1,0.1183801222952631,1,0.5395183227567597,0.2924794067561805,-0.0342048299737192,0.44349848721119595,32.26403312593019,0.4974249124526977,0.398769599199295,0.5795435428619384,0.5118665516376495,393.9153289794922,249.1549587249756,426.1793518066406,249.12918090820312,352.42164611816406,247.33094215393066,317.16379165649414,243.3852767944336,478,0.5821186304092407,0.6130969524383545,0,2.5117335319519043,0.7569805638028922,0.5611208724803695,0.44783912556071914,0.29371366615373407,-0.050043311494943926,0.3824421831905018,35.477944929778396,-3.193847179412842,0.3,4.7113566398620605,-2.9876503944396973,-38.675872802734375,-2.4805238246917725
0.9967716932296753,0.08026495575904846,-0.0019407443469390273,-0.08021596074104309,0.9945544600486755,-0.06653477996587753,-0.0034102408681064844,0.06647571921348572,0.9977821707725525,0.9999998211860657,0.14937880635261536,0.038126006722450256,0.3785431385040283,0.3540613651275635,0.08645810931921005,0.04095721244812012,0.0389300175011158,0.08918942511081696,0.014575433917343616,0.019366465508937836,0.2581462562084198,0.21428483724594116,1,0.11867657394226121,1,0.4983213765431029,0.3226297164670643,-0.010040850023157084,0.49976771055345043,30.795591208195113,0.49555301666259766,0.39940743148326874,0.5859285593032837,0.5208679288625717,397.3789978027344,253.91186714172363,428.1552505493164,255.00306129455566,355.05420684814453,249.62190628051758,320.75096130371094,244.44342613220215,478,0.590375542640686,0.621460497379303,0,3.8116111755371094,0.48478384280822495,0.7414618166180085,0.47889132429553716,0.3046341662103537,-0.025180298501349296,0.4548300039084637,34.69191997565981,-4.601005554199219,0.3,4.772024154663086,-3.2366602420806885,-38.601966857910156,0.19539277255535126
0.9975454211235046,0.06655552238225937,0.021757492795586586,-0.06464026123285294,0.9947547316551208,-0.07927530258893967,-0.026919575408101082,0.07767423987388611,0.9966152906417847,1.0000003576278687,0.09371024370193481,0.03423266112804413,0.3567831814289093,0.31099534034729004,0.37500137090682983,0.006201517768204212,0.007813574746251106,0.35800400376319885,0.02061573788523674,0.018862299621105194,0.38494035601615906,0.11342325061559677,1,0.12190576191800766,1,0.5527084431167012,0.3077400170971759,-0.025115712697224936,0.4787523469684955,32.745029673871414,0.4869576215744018,0.39781933426856997,0.5840648531913757,0.5176213920116425,398.0704879760742,252.55013465881348,430.8152770996094,252.6756477355957,354.7456359863281,249.3431568145752,319.41762924194336,243.55525016784668,478,0.5971072316169739,0.6198020577430725,0,4.456511497497559,0.7660985911553011,0.6427913243244503,0.4364946604213726,0.31169114753070293,-0.023586543710769615,0.49079963352090267,35.798993337161555,-3.7075438499450684,0.3,4.778709411621094,-3.022153377532959,-37.84401321411133,1.5425642728805542
0.996359646320343,0.07085838168859482,0.04739851877093315,-0.06687948852777481,0.9944814443588257,-0.08083198219537735,-0.052864570170640945,0.07736776024103165,0.9956000447273254,0.9999997019767761,0.13137155771255493,0.07203535735607147,0.35984787344932556,0.3339117765426636,0.29458004236221313,0.007386074401438236,0.014698094688355923,0.259492427110672,0.022308053448796272,0.017743626609444618,0.410198837518692,0.24701163172721863,1,0.12168629426078285,1,0.5050443250988577,0.2842085099598583,-0.027795943409624414,0.47226704197902364,31.764669222974828,0.4891984581947326,0.3992130041122437,0.5866448998451232,0.5158377170562745,398.5553741455078,251.71245574951172,430.3194046020508,251.9139003753662,357.3224639892578,247.67741203308105,321.5082550048828,242.93240547180176,478,0.5974464416503906,0.6166247129440308,0,4.443506240844727,0.5742591391917273,0.7986336833167044,0.421600870465593,0.27207462171012403,-0.014622578177918176,0.4805665366963122,36.127173325840545,-3.8401525020599365,0.3,4.726716995239258,-2.9293370246887207,-37.7716064453125,3.0303292274475098
0.9935263395309448,0.10822980105876923,0.03452230244874954,-0.10695154219865799,0.9935775399208069,-0.03694731369614601,-0.03829940780997276,0.03301591798663139,0.9987207055091858,1.0000001192092896,0.11129385232925415,0.10468984395265579,0.34111288189888,0.3242628276348114,0.06745769083499908,0.04022631049156189,0.05222896486520767,0.07921458035707474,0.023112475872039795,0.019042547792196274,0.4109598994255066,0.32837602496147156,1,0.12231076132305493,1,0.4805228213366999,0.28920288599468064,-0.021545239367586556,0.5012298599758679,32.204998317317795,0.49708763957023616,0.4011832147836685,0.5901828229427337,0.515574899315834,399.91458892822266,251.8801975250244,432.0808410644531,253.45948219299316,357.0763397216797,246.91288948059082,321.8081283569336,241.5384006500244,478,0.5930951833724976,0.6143916845321655,0,1.8934062719345093,0.45438243981963167,0.7092946163217859,0.47987371058670636,0.26333264382270627,-0.02911482768432959,0.477496007691314,35.6753677364318,-6.144139289855957,0.3,4.711184978485107,-3.0650687217712402,-37.825992584228516,2.1949310302734375
0.9959732294082642,0.08843808621168137,0.014696179889142513,-0.08745108544826508,0.9944833517074585,-0.05792396143078804,-0.019737787544727325,0.05640551447868347,0.9982128739356995,1.0000001192092896,0.19645781815052032,0.05527357757091522,0.3126137852668762,0.2622222304344177,0.10708803683519363,0.031221387907862663,0.037042535841464996,0.1069258451461792,0.02553233876824379,0.033253833651542664,0.3003242313861847,0.48399147391319275,1,0.12016121177206762,1,0.5021431206175061,0.2761981367131732,-0.026147911568264053,0.4860547862048041,32.06335790919389,0.49712724089622495,0.396043398976326,0.5864437878131866,0.515304782986641,397.6278305053711,251.6092872619629,429.65240478515625,253.18585395812988,355.7200241088867,247.12014198303223,320.4583740234375,241.82544708251953,478,0.5893165469169617,0.6192613840103149,0,3.234144449234009,0.4913547940661221,0.7257726751181474,0.46918297723947183,0.2667130933564374,-0.02858569305545747,0.5016675399032213,35.656945479239944,-5.0179667472839355,0.3,4.707648277282715,-2.998216390609741,-38.36068344116211,1.130965232849121
0.9789947271347046,0.004164530895650387,-0.20384284853935242,-0.0033226509112864733,0.9999845027923584,0.0044721439480781555,0.20385830104351044,-0.003700878005474806,0.9789933562278748,1.0000003576278687,0.055224865674972534,0.041581135243177414,0.11876542866230011,0.10011325031518936,0.2787246108055115,0.010719992220401764,0.014172219671308994,0.2824503481388092,0.06758762896060944,0.08457215130329132,0.28049755096435547,0.5239055156707764,1,0.12017315640556234,1,0.6077150461387915,0.32700846331447125,-0.07337737004915687,0.4518249887175515,32.338394455914866,0.5080138593912125,0.3948753416538239,0.5583522468805313,0.5025712788105011,383.39988708496094,245.23309707641602,415.5846405029297,242.08454132080078,338.4185028076172,244.04010772705078,306.70013427734375,241.56620979309082,478,0.5503383874893188,0.6076959371566772,0,-0.21659356355667114,0.90627246249201,0.3259855084688697,0.38047585235431514,0.30451945752491794,-0.04774272422959427,0.5081151486955519,31.814699012775858,-0.1944577693939209,0.3,4.191985130310059,-2.985292673110962,-38.32553482055664,-11.762672424316406
0.9992323517799377,0.02085786871612072,-0.033162884414196014,-0.02414241060614586,0.9944970607757568,-0.10194481909275055,0.030854035168886185,0.1026671901345253,0.9942371249198914,0.9999988079071045,0.03980045020580292,0.03217761963605881,0.1035018041729927,0.10088123381137848,0.788630485534668,0.00011147637997055426,0.0033603606279939413,0.9293308258056641,0.06069863587617874,0.06159394234418869,0.43799319863319397,0.26636677980422974,1,0.13515613846104688,1,0.6071729107209463,0.32064122866099215,-0.05103468004911693,0.4233928869836297,34.707014849346905,0.4845908522605896,0.38893493115901945,0.5740579605102539,0.5075390547513962,397.3515319824219,248.42642784118652,431.7557907104492,243.8521671295166,350.80577850341797,247.28673934936523,313.8095474243164,242.15340614318848,478,0.5894671082496643,0.6186041235923767,0,5.895596504211426,0.8953834945869753,0.34115901676755167,0.27585108189349367,0.283370853259979,-0.02945918734586544,0.5640164122282929,37.350665642510556,-1.3840515613555908,0.3,4.681075096130371,-2.709843397140503,-37.35066604614258,-1.7680864334106445
0.9970325231552124,0.07340570539236069,-0.023189399391412735,-0.07472150772809982,0.9952645897865295,-0.062169887125492096,0.01851596310734749,0.06371814757585526,0.9977961778640747,0.9999999403953552,0.07645009458065033,0.05680699273943901,0.2500271201133728,0.2392234057188034,0.38883814215660095,0.0021394628565758467,0.013615082949399948,0.47967323660850525,0.03057064488530159,0.027874816209077835,0.46635815501213074,0.3159962296485901,1,0.12744372042734345,1,0.5260162516033952,0.29838575017540964,-0.02150993125775331,0.5196233280413984,33.58980371654956,0.4925056636333466,0.397038659453392,0.582419627904892,0.5089532345533371,397.5179672241211,248.45160484313965,431.10748291015625,248.31250190734863,354.3263626098633,245.47213554382324,318.06705474853516,240.04260063171387,478,0.5899139642715454,0.6119145750999451,0,3.6538829803466797,0.64391428209452,0.4913299168497404,0.383694726079585,0.27060084931260203,-0.02957187228179773,0.5242818789545937,36.663568511776276,-4.285956859588623,0.3,4.720345973968506,-2.810811758041382,-37.55949783325195,-1.060947060585022
0.9953573942184448,0.0960964635014534,-0.00539676146581769,-0.09624775499105453,0.99369877576828,-0.057437725365161896,-0.00015680355136282742,0.05769048631191254,0.998334527015686,0.9999999403953552,0.09576187282800674,0.022683020681142807,0.386055052280426,0.34573420882225037,0.28414687514305115,0.00661134161055088,0.01731904037296772,0.27105194330215454,0.01656842790544033,0.016828155145049095,0.32985714077949524,0.1051349863409996,1,0.12550397795427704,1,0.5274702417317209,0.31037424019230797,-0.017653838550749472,0.5346806039339941,33.00367410823781,0.49512664079666135,0.3998738586902618,0.5825635552406311,0.5166977703571319,397.14771270751953,252.3072624206543,430.07293701171875,254.58148956298828,353.8526153564453,247.5989055633545,318.31844329833984,241.90790176391602,478,0.5874369144439697,0.6168239116668701,0,3.3072574138641357,0.486968917557415,0.6547687308285921,0.40870116780319277,0.32600507811485724,-0.02388290651313544,0.5225605498067427,35.98701026998826,-5.523139953613281,0.3,4.660330295562744,-3.05259108543396,-38.14207077026367,0.008984181098639965
0.9967888593673706,0.07098312675952911,0.03705964237451553,-0.06909823417663574,0.9963620901107788,-0.049880482256412506,-0.04046548157930374,0.04715951159596443,0.998067319393158,1.000000238418579,0.0997365191578865,0.06667330116033554,0.305914968252182,0.309080570936203,0.246768519282341,0.009155157953500748,0.021860554814338684,0.24047508835792542,0.02746405452489853,0.02087233029305935,0.4128822982311249,0.1275392472743988,1,0.1274991673377096,1,0.5201518299345423,0.28319616170282974,-0.018743898350099954,0.4612688862785641,33.450999553088664,0.49194395542144775,0.40554122626781464,0.5853881239891052,0.5120196789503098,399.3175506591797,249.21564102172852,432.75413513183594,250.19757270812988,353.79222869873047,246.48533821105957,318.10909271240234,241.67086601257324,478,0.5934441685676575,0.6064784526824951,0,2.705260992050171,0.5381591913397804,0.5584148115551253,0.4418932379019045,0.28442506735181133,-0.0326662825761729,0.5025553155587429,36.00646242608118,-3.965447187423706,0.3,4.744894504547119,-2.817829132080078,-38.22351837158203,2.319134473800659
0.9969411492347717,0.022812237963080406,-0.07475262880325317,-0.023791465908288956,0.999642014503479,-0.012235240079462528,0.07444676011800766,0.013976292684674263,0.9971269965171814,0.9999998211860657,0.0756620466709137,0.15145350992679596,0.22148166596889496,0.219650000333786,0.1805237978696823,0.015149896033108234,0.026840034872293472,0.18327483534812927,0.041767049580812454,0.03135868161916733,0.3564612567424774,0.2041080743074417,1,0.12009722123995077,1,0.5536270329249746,0.3120596178038669,-0.046589078746807636,0.46078711809420186,32.33009640043311,0.5012849569320679,0.40877798199653625,0.5718152523040771,0.4982898533344269,390.1093292236328,242.22118377685547,422.3894500732422,240.42426109313965,345.755615234375,241.7310905456543,312.4104881286621,239.4109296798706,478,0.5705302953720093,0.5895118713378906,0,0.8030372262001038,0.8947850628147261,0.3944300008371813,0.4510162515907985,0.2732187292528002,-0.058417488763585386,0.4417824830246979,33.42574828191755,-1.3670735359191895,0.3,4.579258918762207,-2.51833438873291,-39.69062423706055,-4.269434928894043
0.9575117826461792,-0.06852682679891586,-0.2801344692707062,0.035387251526117325,0.9919367432594299,-0.12169355154037476,0.2862149477005005,0.10660986602306366,0.9522159695625305,0.9999998211860657,0.19735927879810333,0.15907728672027588,0.10280925780534744,0.09801454842090607,0.16430778801441193,0.023271020501852036,0.03644346445798874,0.15372724831104279,0.06638526171445847,0.0789593905210495,0.33260735869407654,0.39047256112098694,1,0.1140909168984136,1,0.5399467638798882,0.2857098600491041,-0.0836791969645986,0.35273947868713995,30.746886399408904,0.5059769600629807,0.39266490936279297,0.548102542757988,0.4959186315536499,373.6153793334961,241.23510360717773,404.06982421875,237.00452327728271,331.6246795654297,242.84379959106445,301.6391372680664,240.4309844970703,478,0.5421255826950073,0.6032537221908569,0,6.388217449188232,0.9649732349781304,0.4215977679774888,0.41633926962478346,0.2788936982661101,-0.07225663151387629,0.3490782689498647,30.082460398127896,2.1165459156036377,0.3,4.030200958251953,-2.257317543029785,-38.37250518798828,-16.631484985351562
0.9082484841346741,0.011364998295903206,-0.41827672719955444,0.05217476189136505,0.9887535572052002,0.1401580572128296,0.4151654541492462,-0.14912183582782745,0.8974409699440002,1.0000003576278687,0.1540459543466568,0.09737173467874527,0.48407211899757385,0.48071566224098206,0.008041570894420147,0.30013135075569153,0.2938140332698822,0.018847225233912468,0.0077143097296357155,0.011527150869369507,0.05523926392197609,0.33680975437164307,1,0.10645416512901577,1,0.5236099744138648,0.28061159856781526,-0.05747872345994106,0.49608797870006044,32.45201111910659,0.5276117384433746,0.42405055761337285,0.5423123300075531,0.5160946726799012,365.9237289428711,250.23276329040527,398.2049560546875,246.9077968597412,327.5489044189453,250.51640510559082,300.3616714477539,250.76354026794434,478,0.5147005915641785,0.5920441150665283,0,-9.434263229370117,1.0106914124586581,0.4082634783919205,0.465795246350142,0.3065012301893834,-0.0705988596733217,0.49790331791560555,27.188356192912533,3.287769317626953,0.3,3.8569681644439697,-3.7340469360351562,-39.844486236572266,-24.529735565185547
0.9786723256111145,-0.02651510201394558,-0.20370925962924957,0.010980632156133652,0.9969696402549744,-0.07701324671506882,0.20513392984867096,0.07313387095928192,0.9759976863861084,0.9999997019767761,0.08980968594551086,0.15439769625663757,0.149598628282547,0.13205115497112274,0.49490317702293396,0.004163552541285753,0.005164484493434429,0.47792524099349976,0.04644634202122688,0.05976947396993637,0.36495348811149597,0.4129278361797333,1,0.11924038028987798,1,0.6343570801574265,0.3026196338025598,-0.05489388581550029,0.4223037507388019,33.76889262516918,0.5027716070413589,0.3987723052501678,0.5584584385156631,0.5079339206218719,383.4516143798828,247.32816696166992,417.01011657714844,243.56451988220215,339.3021774291992,246.79993629455566,307.33226776123047,244.38448905944824,478,0.5556868314743042,0.6091616153717041,0,4.285302639007568,0.9300212596762313,0.47993108188014294,0.3671685252180216,0.25687399927651045,-0.05521742455434146,0.39511908091730796,32.0610278935001,0.6428275108337402,0.5,4.504940509796143,-2.8005309104919434,-39.017269134521484,-11.8373384475708
0.9863134622573853,-0.02126108482480049,-0.1635047048330307,0.007667035795748234,0.9964927434921265,-0.08332736045122147,0.1647028774023056,0.08093328028917313,0.9830172061920166,0.9999997615814209,0.10135158896446228,0.13910053670406342,0.2098560482263565,0.21904850006103516,0.1075756624341011,0.0225136186927557,0.0449661985039711,0.14559505879878998,0.0335281677544117,0.03410498797893524,0.36676040291786194,0.29665637016296387,1,0.1280972934615028,1,0.5345880037279989,0.27412752669627044,-0.030525638330645397,0.4640316237417689,36.23723241142336,0.5061791777610779,0.40657970607280736,0.5659399271011353,0.5109672278165818,386.4995574951172,247.54268646240234,422.59849548339844,244.37982559204102,340.8226776123047,248.66683959960938,307.9618453979492,246.76586151123047,478,0.5597607493400574,0.6043875217437744,0,4.706631660461426,0.8907995872083205,0.5444036675858293,0.40022692775522134,0.2798638332055938,-0.05814858193322734,0.4056963812650132,32.91577147171778,0.44537556171417236,0.5,4.4693779945373535,-2.7855632305145264,-38.7009391784668,-9.479973793029785
0.9797632098197937,-0.040990058332681656,-0.19591806828975677,0.04468419775366783,0.9988963603973389,0.014470886439085007,0.19510868191719055,-0.02293248288333416,0.9805135130882263,1.0,0.17264047265052795,0.11724979430437088,0.4195241630077362,0.388145387172699,0.06643421947956085,0.05684486776590347,0.05955202877521515,0.07231125235557556,0.012837917543947697,0.0166619922965765,0.20123796164989471,0.3539978861808777,1,0.11625126344432106,1,0.5298862186156401,0.3007399112970653,-0.02297846667201305,0.5028105639599377,31.118116930907902,0.5034165859222413,0.41168210506439207,0.5599495649337769,0.5099752306938171,381.0863494873047,246.19108200073242,412.09129333496094,243.53954315185547,338.86009216308594,246.84931755065918,307.59450912475586,246.66366577148438,478,0.5565329790115356,0.598293125629425,0,-1.3398029804229736,0.9075760327635239,0.64052703849395,0.43527837546179304,0.2773510273476777,-0.03999457183742892,0.4101918688065854,31.26613422494627,2.6112871170043945,0.5,4.324665546417236,-3.098616361618042,-38.7076301574707,-11.25107192993164
0.9959209561347961,0.033333782106637955,-0.08384670317173004,-0.032032862305641174,0.9993453621864319,0.0168137364089489,0.0843522697687149,-0.014059270732104778,0.996336817741394,1.000000238418579,0.09653850644826889,0.11220299452543259,0.3545127809047699,0.35995161533355713,0.030593547970056534,0.05202367156744003,0.11560222506523132,0.08453533798456192,0.023256290704011917,0.015478878282010555,0.42192646861076355,0.162826269865036,1,0.1233807857658791,1,0.47504788175448953,0.29640725511850874,-0.020083622974831246,0.5138818981618534,33.40227209418012,0.5027924954891205,0.40966018736362453,0.5773909270763398,0.5094745427370071,391.55540466308594,246.8283176422119,424.91832733154297,245.20746231079102,349.3254089355469,246.14553451538086,315.32155990600586,244.1297435760498,478,0.5745984315872192,0.5998143553733826,0,-0.8084448575973511,0.6196842928264954,0.6074440731821621,0.43222695837332153,0.2858036884038889,-0.033391438549294904,0.45930870069721497,34.06354593994926,-1.8422297239303589,0.5,4.524618148803711,-3.0159080028533936,-38.14070129394531,-4.838778495788574
0.9432574510574341,-0.0025058959145098925,-0.3320527970790863,0.025420667603611946,0.997581958770752,0.06468366086483002,0.33108776807785034,-0.06945434957742691,0.9410403370857239,0.999999463558197,0.1404353529214859,0.08897172659635544,0.3370898365974426,0.3088265657424927,0.3837173283100128,0.017847567796707153,0.006587326992303133,0.40223371982574463,0.019190918654203415,0.026041295379400253,0.10341580957174301,0.2322598099708557,1,0.10076258418264392,1,0.6584360249976178,0.33719506644595043,-0.06991490795568489,0.383377656509378,28.046324058905945,0.5143547624349594,0.4164666801691055,0.5447111099958419,0.5080654889345169,371.39278411865234,246.80545806884766,399.36840057373047,244.81518745422363,332.3253631591797,246.14439010620117,306.4959716796875,244.20693397521973,478,0.5303563475608826,0.5915988087654114,0,-4.221114158630371,0.9732252628337487,0.4686371177231042,0.37693800101137914,0.3452041385042285,-0.046703300783196136,0.44971274319759097,25.901953604161697,1.543740153312683,0.5,4.2054009437561035,-3.269578218460083,-40.355472564697266,-19.33481216430664
0.9643430113792419,-0.022353539243340492,-0.26370999217033386,0.01645546220242977,0.9995630383491516,-0.024553678929805756,0.26414361596107483,0.019338710233569145,0.9642894864082336,0.9999997615814209,0.19724932312965393,0.10940485447645187,0.19002799689769745,0.14678387343883514,0.39677101373672485,0.007660058792680502,0.010127749294042587,0.3846582770347595,0.040214795619249344,0.05878796800971031,0.1848028302192688,0.42048370838165283,1,0.11243916792465787,1,0.5883165445322932,0.30836529057686646,-0.08212676298363356,0.39036927887226897,30.726402729146752,0.5094358265399933,0.41168186664581297,0.5525911390781403,0.504575228691101,377.3342514038086,245.89470863342285,407.95093536376953,243.30039024353027,336.4158248901367,245.39998054504395,307.2402000427246,243.7873935699463,478,0.543155312538147,0.5928933620452881,0,1.1489059925079346,0.9429802095396224,0.3291785893970566,0.35659126009993786,0.28540258089943654,-0.07481933017745934,0.41067963308337974,29.220156092116035,0.9775950908660889,0.5,4.265090465545654,-2.8658902645111084,-39.659568786621094,-15.316071510314941
0.9992039799690247,0.033639002591371536,-0.021445607766509056,-0.03386646881699562,0.9993728995323181,-0.010332847014069557,0.02108457311987877,0.011050904169678688,0.9997166395187378,1.0000001192092896,0.17297324538230896,0.13803695142269135,0.33081138134002686,0.2799977958202362,0.33295753598213196,0.004804401192814112,0.01547762006521225,0.33689016103744507,0.02171142026782036,0.022817622870206833,0.2752378582954407,0.3799111843109131,1,0.12422809374053609,1,0.490257430469409,0.2952449679582408,-0.03986309499790192,0.47292032226211866,32.77649511462202,0.49092617630958557,0.40360398888587956,0.5736537277698517,0.5098191678524018,390.15228271484375,248.17171096801758,422.92537689208984,248.64386558532715,348.76380920410156,245.80721855163574,312.340087890625,243.73303413391113,478,0.5827275514602661,0.6062151789665222,0,0.6333237886428833,0.6130279220817679,0.5443271031001855,0.4130869261011991,0.24472409854845964,-0.06486363167131987,0.3970270997131107,36.48273174247652,-1.9412083625793457,0.5,4.435056209564209,-3.0260062217712402,-38.66728591918945,-1.208146572113037
0.9969165921211243,0.0742519274353981,0.02537594735622406,-0.071750707924366,0.9935075044631958,-0.08828719705343246,-0.03176669031381607,0.0861942321062088,0.9957718253135681,0.9999997615814209,0.09285122901201248,0.08492042869329453,0.2559804320335388,0.2029368132352829,0.4248298704624176,0.0037907264195382595,0.007902654819190502,0.3690558075904846,0.03201235085725784,0.03710310906171799,0.35794833302497864,0.30131039023399353,1,0.12632145433658384,1,0.5307067833138154,0.3105202015539372,-0.015366030546167432,0.5190979824205607,33.40836129784177,0.48782620429992674,0.39326051175594334,0.5860187768936157,0.513514193892479,399.67552185058594,250.33656120300293,433.07247161865234,251.2096881866455,356.66664123535156,246.62830352783203,319.3739318847656,243.3628749847412,478,0.598192572593689,0.6202536821365356,0,4.947204113006592,0.6317317027716879,0.5120969428983903,0.41076469277763467,0.2677236605543867,-0.05397084424266135,0.41432833648983763,37.435400283050036,-4.116629600524902,0.5,4.741377830505371,-2.8913471698760986,-37.571441650390625,1.8204034566879272
0.973540723323822,0.0014099838444963098,-0.2285093516111374,0.01546091865748167,0.9972831010818481,0.07202323526144028,0.22799009084701538,-0.07365050911903381,0.9708739519119263,1.0000004768371582,0.047527071088552475,0.03787396103143692,0.2992169260978699,0.2828303575515747,0.18851569294929504,0.018183331936597824,0.030799496918916702,0.1989080011844635,0.01921715773642063,0.027616163715720177,0.07779186218976974,0.3180506229400635,1,0.114026043615351,1,0.5780071341262725,0.3665224294271943,-0.070189462859388,0.4876727318137829,30.307785845121902,0.5075526684522629,0.4170792192220688,0.5504708141088486,0.5067916005849838,376.231689453125,246.9572353363037,406.43531799316406,244.44671630859375,333.1417465209961,245.90838432312012,304.59224700927734,243.70585441589355,478,0.5429181456565857,0.589712381362915,0,-4.338149070739746,0.956633146678345,0.21158656161207812,0.38880740530686925,0.3305805492219342,-0.06317204247666215,0.4484713754080394,28.634333594814553,0.9098447561264038,0.5,4.06156063079834,-3.3572654724121094,-40.42607116699219,-13.178768157958984
0.9904071688652039,0.04516945034265518,-0.13058827817440033,-0.04710398614406586,0.9988207817077637,-0.011761683039367199,0.12990301847457886,0.017800085246562958,0.9913669228553772,1.0000005960464478,0.041894879192113876,0.09473966062068939,0.052000947296619415,0.27500444650650024,0.17033079266548157,0.00047681506839580834,0.05272524803876877,0.804401159286499,0.13560520112514496,0.022288145497441292,0.58481764793396,0.19478388130664825,1,0.13442684095281288,1,0.5347588404954832,0.3229707960743977,-0.04396311774102033,0.5022451591100999,35.575089972491504,0.49621050953865053,0.39542672634124754,0.5671532094478607,0.5073970913887024,389.62013244628906,247.2260570526123,425.1078796386719,244.7347068786621,344.20421600341797,245.92329025268555,308.47177505493164,243.00599098205566,478,0.5709426999092102,0.6119703650474548,0,1.0286403894424438,0.849102982428236,0.32321917806498385,0.31993890184388474,0.267366063991232,-0.03542702901795631,0.4960181608635085,35.85133151283481,-2.7229480743408203,0.5,4.367505073547363,-2.964963436126709,-37.91938018798828,-7.463987827301025
0.9955032467842102,0.013208158314228058,-0.09380164742469788,-0.021911371499300003,0.9954838156700134,-0.09236840158700943,0.0921579971909523,0.09400836378335953,0.9912968277931213,0.9999997615814209,0.020926086232066154,0.03776911646127701,0.06825021654367447,0.06530259549617767,0.2785975933074951,0.008297767490148544,0.016653118655085564,0.25395718216896057,0.13359186053276062,0.1459898054599762,0.41762882471084595,0.33637890219688416,1,0.12167727291817407,1,0.543026894408389,0.34057650999634104,-0.031919652374708486,0.5129705360059649,34.63441354392995,0.4942474961280823,0.3916934102773666,0.572239100933075,0.5091547936201095,389.55501556396484,248.0167579650879,424.0515899658203,244.92985725402832,347.04139709472656,246.92593574523926,313.56964111328125,243.36859703063965,478,0.5779916048049927,0.6174613833427429,0,5.417370319366455,0.8791655982437655,0.4298170761100929,0.4080011566928848,0.30775411338391173,-0.04182844662751483,0.4797129068033646,33.66026005958851,-1.2608963251113892,0.5,4.566411018371582,-2.853123426437378,-38.324607849121094,-5.287766933441162
0.9981861710548401,0.052342489361763,-0.029742730781435966,-0.0542416125535965,0.9962702989578247,-0.06710760295391083,0.02611921913921833,0.068599171936512,0.9973023533821106,0.9999998211860657,0.03782837092876434,0.06787311285734177,0.12528066337108612,0.11270409822463989,0.30659380555152893,0.0055670966394245625,0.015053647570312023,0.28542929887771606,0.06914078444242477,0.08370722830295563,0.41394564509391785,0.4583147168159485,1,0.12472143042007425,1,0.5447401632213846,0.33904341294754187,-0.02757020743868646,0.5231860915720185,32.79259375259223,0.4952527165412903,0.3952554166316986,0.5788881659507752,0.5058501064777374,395.5006790161133,247.18402862548828,428.22498321533203,245.06881713867188,351.6473388671875,244.46348190307617,316.64257049560547,240.87246894836426,478,0.5836354494094849,0.6105946898460388,0,3.9348764419555664,0.6774604755609225,0.4555857390225205,0.39521671378697026,0.2848775953033481,-0.053557286629509274,0.4764385403832944,35.18848082625045,-3.110403537750244,0.5,4.522756576538086,-2.7565693855285645,-37.71894836425781,-1.496691107749939
0.9987398386001587,0.02039969712495804,0.04585554450750351,-0.020027391612529755,0.999762773513794,-0.008563854731619358,-0.04601936414837837,0.007634683512151241,0.9989113807678223,1.0000001192092896,0.08912743628025055,0.06701568514108658,0.2778284549713135,0.2169303297996521,0.37124308943748474,0.005213551223278046,0.012463895604014397,0.33613321185112,0.02796783670783043,0.03483404964208603,0.26439493894577026,0.3430750370025635,1,0.12426516665477864,1,0.5250706554457093,0.3246334955395699,-0.03226921685640296,0.5070970742553145,31.156224904761036,0.4841596782207489,0.40396823585033415,0.5790451467037201,0.5068116992712021,395.5766296386719,247.18972206115723,426.70143127441406,245.79076766967773,350.9584045410156,244.60979461669922,316.3112449645996,242.07544326782227,478,0.5948854684829712,0.6028434634208679,0,0.4379033148288727,0.6083314567181584,0.4264322758880878,0.4170109854983472,0.2807494692542656,-0.056541146051794354,0.4456578308195867,34.73972658992396,-1.1487787961959839,0.5,4.601768493652344,-2.9157519340515137,-38.35833740234375,2.6376466751098633
0.9996570348739624,0.025197073817253113,0.007135225459933281,-0.024906668812036514,0.9989588260650635,-0.038221266120672226,-0.008090861141681671,0.038030415773391724,0.9992437958717346,0.9999998211860657,0.14738601446151733,0.10863660275936127,0.3146747648715973,0.2689827084541321,0.2231588363647461,0.006353077478706837,0.024181542918086052,0.29856395721435547,0.021149350330233574,0.02236860990524292,0.316284716129303,0.2685200572013855,1,0.1262036599368571,1,0.5137237541731141,0.285254420286245,-0.027357910664106293,0.46658973106644275,33.44006741035371,0.49071713089942937,0.4002421200275421,0.5790663540363312,0.5185622274875641,394.75685119628906,252.2632884979248,428.17943572998047,251.18210792541504,350.46165466308594,250.42139053344727,316.202392578125,247.20213890075684,478,0.5883492231369019,0.618320107460022,0,2.179579257965088,0.5699654154774049,0.6724411444465147,0.4076099711525598,0.26954195622205807,-0.03867949302519268,0.4368075396234945,34.41018191973768,-1.427241325378418,0.5,4.659262180328369,-3.2180020809173584,-38.649227142333984,0.4635772407054901
0.9999978542327881,0.0020336632151156664,-0.000394900533137843,-0.0020648895297199488,0.9938451051712036,-0.11075946688652039,0.00016722176223993301,0.11076005548238754,0.9938471913337708,1.0000001192092896,0.0984380766749382,0.12447234988212585,0.15205936133861542,0.13618560135364532,0.48483848571777344,0.0009669376304373145,0.009652623906731606,0.6065919399261475,0.04543237388134003,0.04751737788319588,0.5490712523460388,0.3743685483932495,1,0.13053024703164495,1,0.5690237963133409,0.27250724402868676,-0.037063144868810564,0.4805257187010076,34.95512436997517,0.48711490929126744,0.3913525760173797,0.5767132073640824,0.5076054751873016,395.91636657714844,246.41718864440918,430.7989501953125,244.1663932800293,350.5461883544922,246.08216285705566,314.5119857788086,243.7892246246338,478,0.5895982980728149,0.6162528991699219,0,6.359130859375,0.8513934428426836,0.4980234186999853,0.35341322085530563,0.23889913218454642,-0.03704282896037982,0.4705151678508694,36.10708131482408,-0.11830952763557434,0.5,4.562589645385742,-2.593106508255005,-37.22811508178711,-0.00958110112696886
0.9935485124588013,0.021299002692103386,-0.11138977855443954,-0.0237444918602705,0.9995042681694031,-0.02067396230995655,0.11089423298835754,0.023185478523373604,0.9935617446899414,0.9999999403953552,0.125875785946846,0.17684046924114227,0.32345184683799744,0.3251783847808838,0.04293925687670708,0.058285314589738846,0.08209332078695297,0.06408361345529556,0.02374119870364666,0.020203500986099243,0.41562968492507935,0.2871376872062683,1,0.12191621062277928,1,0.4897511768763767,0.2775077418726396,-0.010987765519601124,0.500183915695588,33.129812204345185,0.5044018447399139,0.4065074741840362,0.5721395432949066,0.5166714608669281,388.32763671875,249.9110984802246,421.44832611083984,249.1336727142334,345.0183868408203,249.43628311157227,311.2920570373535,247.22654342651367,478,0.5677376985549927,0.6101639866828918,0,1.3367955684661865,0.7202845947933293,0.5949896299425772,0.46989314482177424,0.2537378443233268,-0.0370757555995364,0.44909673446986165,33.79864304310948,-1.3690325021743774,0.5,4.508285999298096,-3.235375165939331,-39.115013122558594,-6.366866588592529
0.9978698492050171,0.03701533377170563,-0.05371757224202156,-0.03810837119817734,0.999083936214447,-0.019467918202280998,0.052947744727134705,0.021473515778779984,0.9983664155006409,0.9999995827674866,0.14622490108013153,0.20960699021816254,0.4035271108150482,0.39140787720680237,0.08853638172149658,0.02157130092382431,0.05576835200190544,0.16624468564987183,0.018266521394252777,0.013744382187724113,0.4001006484031677,0.3672029376029968,1,0.12481207975553625,1,0.4756285996957995,0.2888757443198841,-0.006867836834672854,0.5365003176572181,31.116447671239047,0.4949239909648895,0.40510162711143494,0.5769076764583587,0.5152946412563324,392.93052673339844,249.81717109680176,424.01641845703125,248.43852996826172,348.6307907104492,249.35019493103027,313.3578872680664,245.04979133605957,478,0.5819836854934692,0.6101930141448975,0,1.2321648597717285,0.5194445036931967,0.6192450132261496,0.4510653668526338,0.19293636866616182,-0.029687978117348784,0.48209120352666907,35.53408488207296,-2.187047004699707,0.5,4.632513523101807,-3.206606864929199,-39.2044792175293,-3.0351014137268066
0.9925249218940735,0.051460616290569305,-0.1106615737080574,-0.04864322021603584,0.9984233379364014,0.028012152761220932,0.11192861944437027,-0.022419830784201622,0.9934632778167725,1.0,0.18504118919372559,0.23618854582309723,0.4002818465232849,0.36071643233299255,0.17280451953411102,0.018374774605035782,0.028707874938845634,0.17100051045417786,0.01850637048482895,0.016045300289988518,0.3236504793167114,0.34003129601478577,1,0.12105571361867942,1,0.538721441365766,0.2706260162890735,-0.030673543791024216,0.445978893104512,31.84152666350725,0.5049949795007705,0.4060033440589905,0.5687685519456863,0.5168116569519043,388.09104919433594,251.49965286254883,419.92210388183594,250.6830883026123,342.70843505859375,249.63927268981934,311.5778160095215,245.75737953186035,478,0.5637735724449158,0.6108083128929138,0,-1.2927942276000977,0.8686606736099435,0.6248253749359374,0.4380111348102533,0.22601718996972914,-0.042025070255141905,0.43007359917367605,31.37171555607078,-2.8057963848114014,0.5,4.349583625793457,-3.494832992553711,-39.020565032958984,-6.426503658294678
0.9939740300178528,0.004252518527209759,-0.10953298956155777,-0.004335964564234018,0.9999904632568359,-0.0005236069555394351,0.10952971130609512,0.0009953927947208285,0.9939829707145691,0.9999999403953552,0.148421049118042,0.10832323133945465,0.36908361315727234,0.348793625831604,0.19396942853927612,0.015856310725212097,0.021790025755763054,0.18904465436935425,0.016388513147830963,0.020385565236210823,0.2519244849681854,0.4363378882408142,1,0.11996070789170477,1,0.5400916176148748,0.30023755302115746,-0.02960909273432867,0.4828275777943279,31.47372484104649,0.49697023034095766,0.40924036502838135,0.5663557589054108,0.5140648484230042,386.5006637573242,249.72204208374023,417.90821075439453,247.68210411071777,342.76039123535156,248.77178192138672,310.08352279663086,245.4675006866455,478,0.5693855285644531,0.6048244833946228,0,0.05737702175974846,0.9224527004411779,0.5952630062843919,0.42673060170835436,0.25053565342821593,-0.03329663577279977,0.4937871627678754,32.84350781365186,-0.2499369978904724,0.5,4.379936695098877,-3.2083590030670166,-39.16997146606445,-6.288206100463867
0.9935615062713623,-0.001286994433030486,-0.11328690499067307,-0.0015105316415429115,0.9996960759162903,-0.024604851379990578,0.1132841408252716,0.024617554619908333,0.9932575821876526,1.0,0.15041875839233398,0.17188787460327148,0.25323835015296936,0.23979024589061737,0.07395251840353012,0.04481460154056549,0.056302499026060104,0.07874799519777298,0.031454991549253464,0.0353214293718338,0.3460029661655426,0.5124714374542236,1,0.11633407819597194,1,0.5148135809733968,0.29931017132612475,-0.03345007311241553,0.4261910544286912,31.1172526790266,0.4994714856147766,0.3989120811223984,0.5683371424674988,0.5081756204366684,386.0703659057617,246.47051811218262,417.0838928222656,243.93190383911133,343.36429595947266,246.23282432556152,312.7695655822754,244.0239143371582,478,0.5688656568527222,0.60926353931427,0,1.419765830039978,0.7845076884923942,0.5290359032885368,0.44845293983796103,0.22731438564906575,-0.04093155690034232,0.42387863127942155,30.67436731624002,-0.08710785955190659,0.5,4.426570415496826,-3.0531864166259766,-39.5021858215332,-6.504666328430176
0.9989029169082642,0.032995305955410004,-0.033229850232601166,-0.03653924539685249,0.9929906725883484,-0.11240282654762268,0.029288174584507942,0.11349370330572128,0.9931069612503052,1.0,0.10856866836547852,0.149938702583313,0.12102960795164108,0.12930181622505188,0.1178511455655098,0.005905812606215477,0.057807013392448425,0.33883264660835266,0.06735917180776596,0.054639507085084915,0.5035907626152039,0.3077082335948944,1,0.12719489089656058,1,0.48660791957505245,0.2828585350848692,-0.0255314502436256,0.4521427922285887,32.721123157559155,0.4953301906585693,0.39326321780681606,0.5787575006484985,0.5067479580640792,394.47574615478516,246.75158500671387,427.0879364013672,244.08382415771484,350.32459259033203,245.1584815979004,315.75794219970703,242.6869010925293,478,0.5834273099899292,0.6134847402572632,0,6.51956033706665,0.5750861765063097,0.6614910872333981,0.4023956733628159,0.2515814794846621,-0.04723765546302193,0.4195836238190166,34.65489906912925,-2.09490966796875,0.5,4.5121541023254395,-2.6071250438690186,-38.0544319152832,-1.6783287525177002
0.9936467409133911,0.044029708951711655,-0.10357369482517242,-0.04812605679035187,0.9981412887573242,-0.03738837689161301,0.10173496603965759,0.042135436087846756,0.9939188361167908,1.0000001192092896,0.14684829115867615,0.10502851009368896,0.3230228126049042,0.2673974335193634,0.335768461227417,0.008092906326055527,0.011339247226715088,0.3026280105113983,0.021826012060046196,0.02683771401643753,0.3060297667980194,0.36346036195755005,1,0.11890776741076128,1,0.5574027797519443,0.30106969600977407,-0.01906872984553971,0.4636548697631228,31.32875950371565,0.5010875940322876,0.39889948368072514,0.568015742301941,0.5123841643333436,387.69519805908203,249.60064888000488,419.01527404785156,248.8630771636963,342.7708053588867,246.95806503295898,312.32553482055664,243.14475059509277,478,0.5669281482696533,0.6134846806526184,0,2.427500009536743,0.9052439482886631,0.61984210715368,0.4310848286030895,0.2908294807911423,-0.04653445261323568,0.4513637880045237,30.683152791320428,-2.772883653640747,0.5,4.394553184509277,-3.099790334701538,-39.120941162109375,-5.839086055755615
0.9996145963668823,0.02629248984158039,0.008907555602490902,-0.025094056501984596,0.9930391907691956,-0.11508017778396606,-0.011871295049786568,0.11481232941150665,0.9933162331581116,0.9999999403953552,0.20827257633209229,0.15740124881267548,0.18223260343074799,0.17721594870090485,0.4941348135471344,0.00296260928735137,0.005688074976205826,0.473600834608078,0.04320521652698517,0.039523810148239136,0.42816421389579773,0.25165146589279175,1,0.12801987631652484,1,0.557832850855603,0.2617727861382687,-0.03783304850224276,0.34154910903475066,33.66997725684573,0.4863150000572205,0.38891018331050875,0.5778547406196595,0.5083417981863022,395.95603942871094,246.9613265991211,429.6155548095703,246.12204551696777,350.5797576904297,246.1453914642334,314.28348541259766,243.0849266052246,478,0.591539740562439,0.6194316148757935,0,6.59326696395874,0.7117645535050205,0.7124005580575697,0.39971672594529833,0.2505486084340862,-0.03874608997310253,0.408698607754136,36.42507139996565,-1.4380357265472412,0.5,4.542129993438721,-2.5695717334747314,-37.37118911743164,0.6801910400390625
0.9992018342018127,-0.03681251034140587,-0.015510141849517822,0.036287955939769745,0.998801589012146,-0.032843295484781265,0.01670059747993946,0.032254256308078766,0.9993401169776917,1.0000004768371582,0.08799738436937332,0.1004510298371315,0.1434173434972763,0.11584644019603729,0.35585156083106995,0.006357973907142878,0.010854718275368214,0.3133852481842041,0.05780563876032829,0.07291463762521744,0.3682548701763153,0.404756098985672,1,0.12110412359731046,1,0.5567051240038885,0.3193864265605927,-0.03412437319918222,0.4632324353360137,31.823422464901814,0.4837088912725449,0.4010563433170319,0.5718337625265122,0.5019026339054108,390.8453369140625,243.01085472106934,422.49996185302734,239.73748683929443,348.2813262939453,244.17669296264648,313.57879638671875,242.80231475830078,478,0.5881248712539673,0.6008462905883789,0,1.8486113548278809,0.8412815445986683,0.531424647095581,0.3922791370907174,0.27499406034327467,-0.05374398859485514,0.41520862401536707,34.72973506204725,2.0798933506011963,0.5,4.604669094085693,-2.6622836589813232,-38.565921783447266,-0.9569181799888611
0.9709271788597107,-0.02906947396695614,-0.23760312795639038,0.02315547503530979,0.9993496537208557,-0.027643928304314613,0.2382521778345108,0.021338436752557755,0.9709689021110535,1.0000005960464478,0.25207284092903137,0.15633763372898102,0.1600991189479828,0.12406190484762192,0.05219818279147148,0.09659506380558014,0.08850470185279846,0.04213480278849602,0.0494312047958374,0.07270149886608124,0.443385511636734,0.6138579845428467,1,0.1107611841498107,1,0.5567917456842525,0.2168481039582761,-0.04818422688403344,0.3885475541995203,31.37699724744117,0.5166678458452225,0.4028438925743103,0.5560444623231888,0.5055497288703918,377.81063079833984,245.84612846374512,408.7892150878906,240.86182594299316,335.54420471191406,246.8422508239746,306.8312072753906,244.8094081878662,478,0.5393766164779663,0.6027058362960815,0,1.258954405784607,0.8664737247153235,0.4436212616177493,0.46719502582761524,0.2397111946660969,-0.08677291983832602,0.32912464938001645,28.78486878605757,1.3661781549453735,0.5,4.176848888397217,-3.0204880237579346,-40.22050094604492,-13.783404350280762
0.9988714456558228,0.027838345617055893,-0.038482584059238434,-0.03063504584133625,0.9967796802520752,-0.07410561293363571,0.036295682191848755,0.0752008929848671,0.9965075850486755,1.0000001192092896,0.10096443444490433,0.156669482588768,0.13639357686042786,0.1574345976114273,0.025851674377918243,0.09175781160593033,0.11143095791339874,0.04278160631656647,0.06099466234445572,0.058256424963474274,0.5129338502883911,0.37802255153656006,1,0.11941114879815704,1,0.4700590360161601,0.29641274335810575,-0.03543199071427682,0.476941750432612,31.941575182616873,0.5012444317340851,0.40215320885181427,0.5782658517360687,0.508920207619667,391.5616226196289,247.78281211853027,423.3961486816406,245.16992568969727,350.02830505371094,247.05124855041504,316.72435760498047,244.43830490112305,478,0.5770214200019836,0.6067669987678528,0,4.315614223480225,0.5084236719480109,0.525033433133073,0.4514613898095039,0.25839115893796033,-0.06963533062019374,0.39740868089063425,33.40629267441972,-1.7566912174224854,0.5,4.351964950561523,-2.770134210586548,-38.262672424316406,-2.0800461769104004
0.9971644878387451,0.062112338840961456,-0.04248455539345741,-0.06503251194953918,0.9953392148017883,-0.07120876759290695,0.037863604724407196,0.0737697184085846,0.996556282043457,0.9999999403953552,0.09432688355445862,0.11570567637681961,0.1736362725496292,0.1872023046016693,0.3880581855773926,0.002641906961798668,0.013285520486533642,0.4065696597099304,0.044047947973012924,0.040611088275909424,0.5072160959243774,0.21851550042629242,1,0.12726956781285043,1,0.5601407944352599,0.289853443762798,-0.04452914011684196,0.4449974590854067,34.357220856640765,0.4960942268371582,0.40149092376232143,0.574193000793457,0.5087648004293441,393.0411911010742,248.1321144104004,427.3936462402344,247.55988121032715,348.9849090576172,246.30414962768555,314.4670104980469,242.56061553955078,478,0.5780987739562988,0.6072738766670227,0,4.233577728271484,0.8063941661791639,0.44338024601170034,0.35129032126423065,0.2764226073891843,-0.05094367567290084,0.44912754263637744,34.720301964517155,-3.7313995361328125,0.5,4.323290824890137,-2.732729196548462,-37.65153503417969,-2.169943332672119
0.999348521232605,0.035818520933389664,0.004421422258019447,-0.03546953201293945,0.9973847270011902,-0.06297267973423004,-0.006665444932878017,0.06277484446763992,0.9980055093765259,1.0,0.08078012615442276,0.044177163392305374,0.2125726193189621,0.1874253898859024,0.32929083704948425,0.0072130621410906315,0.012040862813591957,0.29899927973747253,0.03859109431505203,0.04269403591752052,0.35993391275405884,0.21235358715057373,1,0.12374135207258466,1,0.54533836453029,0.31433404969563755,-0.03592389779578967,0.46094376857854275,33.47530767201,0.490412974357605,0.39927372336387634,0.5752265691757202,0.5068374574184418,392.5623321533203,246.92745208740234,425.99945068359375,245.32891273498535,348.96018981933594,245.11256217956543,314.19361114501953,241.26362800598145,478,0.5848135948181152,0.6075637340545654,0,3.599179983139038,0.7483578580907472,0.49701224687048334,0.41022891610659706,0.3021733648071543,-0.0326224066267626,0.47397439261843216,34.97898350524172,-2.0327258110046387,0.5,4.285390377044678,-2.6765286922454834,-37.387088775634766,0.381904661655426
0.9979685544967651,0.055105216801166534,0.031970277428627014,-0.05153823271393776,0.9933121204376221,-0.1033189669251442,-0.03744988143444061,0.10146138817071915,0.9941343069076538,1.0,0.1879424750804901,0.0600585974752903,0.2954278588294983,0.24759328365325928,0.19409632682800293,0.008154138922691345,0.02708977274596691,0.2495768815279007,0.023960715159773827,0.03003905527293682,0.38343682885169983,0.3013290464878082,1,0.12697734661917662,1,0.5003083953261835,0.27534849096054237,-0.02155483506281208,0.4803113065157756,32.62876935307823,0.49169859290122986,0.39161375463008885,0.582296758890152,0.5096248120069504,396.92298889160156,248.28560829162598,429.5515441894531,248.4037971496582,352.55287170410156,245.1331615447998,316.86573028564453,241.3216781616211,478,0.5905981659889221,0.6180110573768616,0,5.827431678771973,0.5757083217905131,0.717726023413562,0.425518098906146,0.2901492338621036,-0.03291357612040735,0.46788843231441096,35.89010265063307,-2.9563076496124268,0.5,4.379002094268799,-2.6114602088928223,-36.902462005615234,2.146221876144409
0.9973053932189941,0.041405122727155685,-0.06056017801165581,-0.04778847470879555,0.9929941296577454,-0.10806867480278015,0.05566130205988884,0.11067155748605728,0.9922971725463867,1.0,0.16097193956375122,0.05875023454427719,0.27718913555145264,0.22693437337875366,0.47935113310813904,0.0036014223005622625,0.005633625201880932,0.44081372022628784,0.0237513966858387,0.03333156928420067,0.40004366636276245,0.3222534954547882,1,0.12274979098819472,1,0.5797995792664462,0.2768225850929237,-0.023057558585982598,0.47722164135387934,33.29003483926248,0.4953166157007217,0.3913109868764877,0.5714468866586685,0.5094262331724166,390.9321594238281,248.2895278930664,424.2208480834961,247.99015045166016,347.77587890625,245.40693283081055,313.16226959228516,241.3121509552002,478,0.5761302709579468,0.618115246295929,0,6.363935470581055,0.8975189036622649,0.7248176306140229,0.3831877347299879,0.2916591308664894,-0.03074305950580474,0.47956758047597536,34.85497365396122,-2.743377447128296,0.5,4.354870796203613,-2.6579296588897705,-37.57107162475586,-3.1908066272735596
0.9946406483650208,-0.007801637053489685,-0.10309743881225586,0.0034185401163995266,0.9990853667259216,-0.042622681707143784,0.10333569347858429,0.04204180836677551,0.9937576055526733,1.0000003576278687,0.14532043039798737,0.13226783275604248,0.24117839336395264,0.24639517068862915,0.027952993288636208,0.09612704068422318,0.11571789532899857,0.048616115003824234,0.03563249483704567,0.033442482352256775,0.47513288259506226,0.4056869149208069,1,0.12453340139350792,1,0.49956127496470315,0.2992099526315404,-0.02217505306158571,0.5067165849430016,29.635930307980203,0.5012858271598816,0.39911560416221614,0.5700568914413452,0.5094750940799713,390.15846252441406,246.54682159423828,419.64046478271484,243.53021621704102,342.696533203125,247.4205493927002,310.2415466308594,245.7831859588623,478,0.5687710642814636,0.6103594899177551,0,2.4225046634674072,0.6950346413535445,0.5670564079708835,0.4566059484397505,0.2639781534810212,-0.05179424112751866,0.46634942040473837,32.496263054163684,0.19692252576351166,0.7,4.283214569091797,-2.9361562728881836,-38.283260345458984,-5.931286811828613
0.9883959293365479,-0.022550366818904877,-0.15021654963493347,0.012883898802101612,0.9978010654449463,-0.0650152862071991,0.15135237574577332,0.06232546642422676,0.9865130186080933,0.9999995231628418,0.11238225549459457,0.14124515652656555,0.15423135459423065,0.15924644470214844,0.19629104435443878,0.0181686133146286,0.01916649378836155,0.19314156472682953,0.05454826354980469,0.054402999579906464,0.4909763038158417,0.38331156969070435,1,0.11518637031831054,1,0.5627288175169567,0.3005367454268816,-0.04456718906602031,0.45273953253050364,31.463950783817744,0.500360780954361,0.3986895322799683,0.5617566645145416,0.5077470183372498,382.92198181152344,245.93976974487305,414.2081069946289,242.5993251800537,340.9467315673828,247.3791217803955,308.79873275756836,245.61238288879395,478,0.5613958835601807,0.6090574860572815,0,3.615001678466797,0.9635944270796044,0.45104142801777264,0.4304708384379493,0.27646698892221994,-0.06143477904460216,0.4532980206696053,32.1965090320569,0.7468173503875732,0.7,4.243525505065918,-2.865058660507202,-38.63509750366211,-8.705306053161621
0.9971153736114502,0.0005826191045343876,-0.07589869946241379,0.0022931306157261133,0.9992828965187073,0.03779660165309906,0.07586628943681717,-0.03786161541938782,0.99639892578125,1.0000001192092896,0.11420595645904541,0.13288329541683197,0.2951965034008026,0.28323429822921753,0.14950934052467346,0.019787771627306938,0.033212557435035706,0.17949289083480835,0.024153733626008034,0.02313901297748089,0.23843330144882202,0.318183571100235,1,0.11724771670518848,1,0.5049311545547465,0.34127753676215433,-0.04704612724802942,0.46169094535210564,29.194865470797463,0.4976555079221725,0.4086539089679718,0.5675243109464645,0.510307902097702,386.4914321899414,247.52652168273926,415.6169891357422,245.51602363586426,343.7432098388672,247.70373344421387,311.4737319946289,245.5576229095459,478,0.569868803024292,0.6016539931297302,0,-2.1761035919189453,0.8150772614359734,0.43365702732214834,0.43974229945938675,0.27387768006432683,-0.05332471794074649,0.46717757603918114,32.34076360928232,0.13176655769348145,0.7,4.404916286468506,-3.306823492050171,-39.78407287597656,-4.350998401641846
0.9879942536354065,-0.05715291202068329,-0.14353004097938538,0.0556863471865654,0.9983470439910889,-0.01421761978417635,0.14410537481307983,0.006054260302335024,0.9895438551902771,1.0000003576278687,0.07202883064746857,0.07193375378847122,0.2706359624862671,0.22761791944503784,0.157481387257576,0.028054947033524513,0.02872457355260849,0.15663555264472961,0.028795592486858368,0.035806987434625626,0.17426641285419464,0.4402378797531128,1,0.11179664094442143,1,0.550652858183744,0.34161589477013776,-0.04179951721282641,0.4711864398446011,30.394234241161413,0.495895454287529,0.40475620627403264,0.5571331471204758,0.5072876989841462,379.0712356567383,245.87465286254883,409.13185119628906,241.38367652893066,338.1632995605469,246.51463508605957,307.27245330810547,245.47845840454102,478,0.5612376928329468,0.6025314927101135,0,0.3505445420742035,0.9497523207906845,0.3893825042390421,0.4385960927760882,0.29715428660122556,-0.04500512607354588,0.47895981687886185,30.908219689414537,3.225950241088867,0.7,4.23546838760376,-2.9988999366760254,-39.697086334228516,-8.285476684570312
0.9839650392532349,-0.04609617590904236,-0.17230170965194702,0.04225868731737137,0.998771607875824,-0.025875631719827652,0.17328280210494995,0.018179485574364662,0.984704315662384,1.0000001192092896,0.09263762086629868,0.09408193826675415,0.3325757384300232,0.30966997146606445,0.1499287337064743,0.022989407181739807,0.030820099636912346,0.14397183060646057,0.018763303756713867,0.022652989253401756,0.191655233502388,0.3496043086051941,1,0.11406421495440662,1,0.5471742058795747,0.32773592449596983,-0.04049588499425802,0.46995863759953393,30.762239689960353,0.4998456299304962,0.408723059296608,0.5589497148990631,0.507284763455391,380.6109619140625,245.64199447631836,411.1394500732422,241.85691833496094,339.0470886230469,246.5079402923584,307.56689071655273,245.38272857666016,478,0.5591040849685669,0.598561704158783,0,1.0576671361923218,0.9512784808943284,0.506641444694331,0.43471673165514535,0.28461747594153053,-0.04472544561929929,0.4748424774036393,31.500300977930088,2.4591903686523438,0.7,4.350037097930908,-2.878103733062744,-39.60409164428711,-9.978742599487305
0.9942894577980042,-0.01962035894393921,-0.10489767044782639,0.02328396961092949,0.9991568326950073,0.03381570801138878,0.10414573550224304,-0.036065034568309784,0.9939079284667969,0.9999999403953552,0.18611310422420502,0.14569221436977386,0.261592298746109,0.22762693464756012,0.2102380394935608,0.012495053000748158,0.022965041920542717,0.22491970658302307,0.026890508830547333,0.0267596747726202,0.2181708663702011,0.3003668785095215,1,0.11681572174204854,1,0.5371044361343658,0.2978471981902983,-0.0582902819369806,0.4079295563559218,31.364995610024845,0.4981500893831253,0.4128901273012161,0.5679745465517044,0.5082747250795364,386.61346435546875,246.70034408569336,417.8584289550781,243.95896911621094,345.2285385131836,247.2249984741211,312.7627182006836,246.2113094329834,478,0.5698244571685791,0.5953845977783203,0,-2.0781280994415283,0.9465168758136239,0.48679263172225373,0.41052516814488427,0.27477505809164876,-0.06760648678553043,0.4182094162384241,32.481641801187074,1.3414899110794067,0.7,4.662177085876465,-3.167799711227417,-40.291900634765625,-5.977950572967529
0.9810668230056763,-0.0007709632045589387,-0.19366778433322906,-0.0023998680990189314,0.9998668432235718,-0.016137415543198586,0.19365443289279938,0.016296682879328728,0.9809344410896301,1.0000001192092896,0.16819529235363007,0.12464064359664917,0.2387172430753708,0.2072615921497345,0.35165920853614807,0.009572121314704418,0.008013290353119373,0.3619976043701172,0.02882997691631317,0.036466311663389206,0.20010875165462494,0.30558162927627563,1,0.11087099945240911,1,0.6210603026202375,0.3124765818802569,-0.07117141624728772,0.3957299941305057,29.67090482048107,0.5051190555095673,0.4116205304861069,0.5591462552547455,0.5064697593450547,382.28748321533203,246.42797470092773,411.8534469604492,243.93470764160156,340.31700134277344,246.36780738830566,310.62862396240234,244.34042930603027,478,0.5540271997451782,0.5948492288589478,0,0.9517915844917297,0.95257459140819,0.3089096346052742,0.3899450401994931,0.2929060919876532,-0.07521103287246235,0.3983001419064335,29.757520283574298,-0.1401556134223938,0.7,4.373645782470703,-2.9074039459228516,-39.819297790527344,-11.166129112243652
0.9892770051956177,0.01747570000588894,-0.14500205218791962,-0.01167434174567461,0.9991006255149841,0.040763743221759796,0.14558401703834534,-0.03863382339477539,0.9885912537574768,1.0000003576278687,0.1577640175819397,0.13756400346755981,0.16461750864982605,0.17362524569034576,0.019358642399311066,0.09605292230844498,0.16396436095237732,0.06028279289603233,0.05577961355447769,0.04827866703271866,0.35074475407600403,0.28773605823516846,1,0.11268018621697935,1,0.45740767012784606,0.29811195348014186,-0.06251655419096858,0.4446319786876186,30.632644246636787,0.5027781128883362,0.41153189539909363,0.5681084990501404,0.5072760283946991,383.2350540161133,247.20099449157715,413.8079071044922,245.28800010681152,344.6642303466797,246.6877555847168,313.87516021728516,244.16742324829102,478,0.5653303861618042,0.5957441329956055,0,-2.2379612922668457,0.6611503168441053,0.4396342278935081,0.4393118192912093,0.2912544540625289,-0.08017318751363267,0.40474701212831543,30.89205261196789,-0.6761093139648438,0.7,4.5152716636657715,-3.2037858963012695,-39.90898513793945,-8.371099472045898
0.961580216884613,-0.014103168621659279,-0.27416160702705383,0.0391366146504879,0.9955214262008667,0.08605501055717468,0.2717200815677643,-0.09347856044769287,0.9578256607055664,0.9999999403953552,0.1397315412759781,0.17309504747390747,0.46942269802093506,0.4287170171737671,0.05960169434547424,0.06738743185997009,0.07329553365707397,0.06756406277418137,0.017271768301725388,0.011872931383550167,0.28283190727233887,0.26632046699523926,1,0.1039411700248016,1,0.5630460283152362,0.29081051716698936,-0.060062783376193675,0.45636812084519973,29.520951636591608,0.5109877228736878,0.4204555004835129,0.5513479351997376,0.499300941824913,373.4803771972656,241.37706756591797,402.7997589111328,237.93316841125488,335.28358459472656,242.85947799682617,307.5701332092285,242.56776809692383,478,0.5403602123260498,0.5788454413414001,0,-5.574102878570557,0.9676478116400508,0.5460792596526906,0.4349940619568903,0.28536658440046486,-0.04962879756944513,0.49396972830690095,27.714986603234983,2.330669641494751,0.7,4.1760687828063965,-2.98432993888855,-40.538299560546875,-15.766647338867188
0.981867790222168,0.03414271026849747,-0.1864670217037201,-0.0399199053645134,0.9988294839859009,-0.02731489948928356,0.18531613051891327,0.034263357520103455,0.982081413269043,1.0000005960464478,0.1763167679309845,0.10043502599000931,0.18632231652736664,0.1526869684457779,0.05825784057378769,0.04890583083033562,0.07740248739719391,0.08468292653560638,0.045601677149534225,0.06841562688350677,0.35527682304382324,0.5940786600112915,1,0.11883669265165249,1,0.5099457282153197,0.2831158212792278,-0.040652264935114375,0.45964484677370204,33.385243450352604,0.5089218765497208,0.39922767579555507,0.5648052841424942,0.512300905585289,383.1523132324219,250.2780818939209,416.5055465698242,248.81647109985352,341.6815948486328,247.7194118499756,310.6595230102539,244.28532600402832,478,0.5558834075927734,0.6130732297897339,0,1.998153805732727,0.87297024170232,0.5419258011787764,0.4072647256602882,0.26239944567166573,-0.06557408929224448,0.4365445825954977,31.211566554809455,-2.3281984329223633,0.7,4.251701831817627,-3.1480250358581543,-38.89814376831055,-10.679563522338867
0.9936301708221436,-0.023885348811745644,-0.11012928187847137,0.019823908805847168,0.9990876317024231,-0.03782752901315689,0.1109323650598526,0.035403382033109665,0.9931971430778503,1.0000001192092896,0.19906896352767944,0.11171534657478333,0.17026497423648834,0.1454644352197647,0.21112361550331116,0.014431532472372055,0.02287718467414379,0.20427604019641876,0.05188993737101555,0.0710630714893341,0.3404347002506256,0.5623379349708557,1,0.12132769624869186,1,0.5323729349477309,0.2805696314676273,-0.03578083524263458,0.4327621795426891,31.58572807211998,0.49326327145099635,0.39684921503067017,0.5663262277841568,0.5068502426147461,386.56349182128906,245.56818008422852,418.1132125854492,244.06042098999023,342.7758026123047,245.3514289855957,310.417537689209,243.82023811340332,478,0.5730629563331604,0.6100010275840759,0,2.0414936542510986,0.8981669001203828,0.5707208489464689,0.4057176320069956,0.2532199945614532,-0.04679968695534799,0.40882684849235046,32.39447259001325,1.142956018447876,0.7,4.4621262550354,-2.8674778938293457,-38.87296676635742,-6.369064807891846
0.9909155368804932,-0.04022327810525894,-0.12832941114902496,0.03450899198651314,0.9983245134353638,-0.04644607752561569,0.1299826204776764,0.041595619171857834,0.9906434416770935,1.0000001192092896,0.20592883229255676,0.08930119127035141,0.20853061974048615,0.0969989001750946,0.07182630151510239,0.034983523190021515,0.05130267143249512,0.0954013392329216,0.038526564836502075,0.08068365603685379,0.2037419229745865,0.5823327302932739,1,0.12052948767625178,1,0.5171676726410125,0.295528698176932,-0.04504866192006119,0.4276311608969917,33.16291312213752,0.4983934164047241,0.4015002489089966,0.5681833028793335,0.5110534071922302,386.4307403564453,248.41054916381836,419.4561004638672,245.3931999206543,344.2414093017578,248.3031463623047,310.4178810119629,246.58095359802246,478,0.5697898864746094,0.6095531582832336,0,2.404350757598877,0.8310709405128148,0.6104992963054303,0.4310512089562753,0.2577499527350422,-0.060583688896993323,0.3807222153092374,33.86734435936243,1.9945399761199951,0.7,4.585509300231934,-3.023491382598877,-39.24353790283203,-7.468587875366211
0.9965870976448059,-0.022005494683980942,-0.07956015318632126,0.018896838650107384,0.9990362524986267,-0.03961707651615143,0.08035527169704437,0.037978436797857285,0.9960424900054932,0.9999999403953552,0.05660077929496765,0.031236888840794563,0.15319646894931793,0.12292709946632385,0.2974078357219696,0.007854335010051727,0.016603311523795128,0.2676965594291687,0.05616813153028488,0.06501258164644241,0.3263806402683258,0.19252122938632965,1,0.12023687756113081,1,0.5177447736440818,0.34803960407489865,-0.033057677170798064,0.4892711039852402,31.640769808406887,0.48887194395065303,0.40019239485263824,0.5752322793006897,0.5093352943658829,391.68785095214844,247.21386909484863,423.07682037353516,243.23003768920898,349.7864532470703,248.17151069641113,315.45581817626953,245.43628692626953,478,0.5863603353500366,0.6091428995132446,0,2.183591842651367,0.7605849979644725,0.43381332094657,0.4123203577698929,0.3090839868995431,-0.048846553082058715,0.5049129826133494,34.43942440729988,1.0862866640090942,0.7,4.88064432144165,-2.966595411300659,-39.19865417480469,-4.608986854553223
0.9849191904067993,0.0213144700974226,-0.17169727385044098,-0.012380069121718407,0.9985210299491882,0.05293956771492958,0.17257170379161835,-0.050015561282634735,0.9837262630462646,0.9999997615814209,0.10660555213689804,0.060563959181308746,0.25823238492012024,0.2695066034793854,0.001099521410651505,0.2672783136367798,0.6123201847076416,0.026826361194252968,0.02715337835252285,0.021199893206357956,0.43508991599082947,0.10002737492322922,1,0.12045812823411514,1,0.39359422341368955,0.27717228480784223,-0.01781800524492071,0.5074606817605261,34.027761153838505,0.5130207061767578,0.41250014305114746,0.5742460012435913,0.5097461342811584,386.01879119873047,247.18737602233887,419.9064254760742,244.10244941711426,344.94075775146484,248.01918983459473,313.7249755859375,245.3455352783203,478,0.5612252950668335,0.597245991230011,0,-2.910581111907959,0.6679558423726414,0.46554768952027553,0.4974550843759552,0.313200955260096,-0.06240720896352421,0.4396477960179057,31.330073171867983,-0.7201487421989441,0.7,4.549900054931641,-3.2303085327148438,-39.53258514404297,-9.937376976013184
0.9753196835517883,0.054140083491802216,-0.2140568643808365,-0.030929595232009888,0.9934134483337402,0.11033160984516144,0.21862031519412994,-0.10098788887262344,0.9705702066421509,1.0000001192092896,0.10792136937379837,0.13702459633350372,0.3617129325866699,0.35477572679519653,0.1764294058084488,0.01741734705865383,0.027310514822602272,0.1795523762702942,0.021057605743408203,0.016894204542040825,0.4171222448348999,0.09598510712385178,1,0.11124355614246957,1,0.5659715035363542,0.29712304708156534,-0.048183402164667585,0.4532802665429568,31.38733493126598,0.5119277000427246,0.4172708749771118,0.5591487050056457,0.5088277816772461,380.0038528442383,247.1590805053711,411.3133239746094,244.94959831237793,340.4490280151367,247.0162296295166,309.8224449157715,245.16423225402832,478,0.5472210049629211,0.5915569067001343,0,-5.940253257751465,0.929414910488896,0.4033888110974889,0.4032263418931613,0.2943585821673263,-0.06674096669752026,0.44306242186937433,30.682527384205244,-1.8163700103759766,0.7,4.210456371307373,-3.4235894680023193,-39.8635139465332,-12.628009796142578
0.9833642840385437,0.02691410854458809,-0.1796393096446991,-0.013309525325894356,0.9969797134399414,0.07651285082101822,0.18115602433681488,-0.0728490948677063,0.9807525277137756,1.0000001192092896,0.06783729791641235,0.16666822135448456,0.28530561923980713,0.2891293466091156,0.09699729084968567,0.028994139283895493,0.043112169951200485,0.12191450595855713,0.03388499468564987,0.024573158472776413,0.5179293155670166,0.2860651910305023,1,0.11355813235632772,1,0.5454090267666472,0.30284724540897306,-0.04638774381299094,0.4983583347746151,31.94764117926502,0.5068269848823548,0.41512184739112856,0.5608343958854676,0.5017360985279083,380.9762191772461,243.17845344543457,412.803955078125,240.4131317138672,340.53184509277344,243.71134757995605,309.0842056274414,242.9344654083252,478,0.5540074110031128,0.5866142511367798,0,-4.248058795928955,0.9331779206012336,0.41282813836533616,0.4297016757041234,0.25160730613219784,-0.0612360540501287,0.48850524262496636,31.457234047401897,-0.7754329442977905,0.7,4.2501349449157715,-3.0218586921691895,-40.09811019897461,-10.437101364135742
0.9966807961463928,-0.028574597090482712,-0.0762297734618187,0.025418756529688835,0.9987919926643372,-0.04205309972167015,0.07733933627605438,0.039975833147764206,0.9962030649185181,1.0000005960464478,0.06373821943998337,0.05842767283320427,0.07818173617124557,0.07479360699653625,0.40494462847709656,0.007019990589469671,0.006919072940945625,0.4097594618797302,0.10979268699884415,0.10946545004844666,0.48451435565948486,0.21478436887264252,1,0.11322616870343424,1,0.583585066340466,0.35866651725378557,-0.05859031394394264,0.43389907406112377,30.831253783727544,0.4940123230218887,0.3948253512382507,0.5643086701631546,0.5049464225769043,384.8296356201172,244.54596519470215,415.5005645751953,241.4058494567871,344.1440963745117,245.76138496398926,311.7131042480469,245.2126407623291,478,0.5702963471412659,0.6101210713386536,0,2.297943353652954,0.9606302480608844,0.21049504356679627,0.4079937996695412,0.3349057108756919,-0.06280147690645646,0.4084661495311917,32.435634271130745,1.460920810699463,0.7,4.279222011566162,-2.9330787658691406,-39.02971649169922,-4.4356465339660645
0.9992687106132507,-0.009041836485266685,-0.03715246543288231,0.005725298076868057,0.9960665106773376,-0.08842366933822632,0.037805844098329544,0.08814630657434464,0.9953898787498474,0.9999992847442627,0.08603458851575851,0.12616749107837677,0.12496960908174515,0.14656348526477814,0.12190160155296326,0.005330372601747513,0.05137653276324272,0.36968114972114563,0.05131576955318451,0.03770080953836441,0.4388025104999542,0.15027599036693573,1,0.13730357921858544,1,0.49766552768033984,0.2939806068382482,-0.03261638173779955,0.44291036784406074,35.6423263729323,0.48837913870811467,0.3916241198778152,0.5774972617626191,0.5054785281419754,395.77404022216797,244.77364540100098,431.33079528808594,242.305326461792,346.9795227050781,245.5510139465332,311.59610748291016,243.97184371948242,478,0.5891181230545044,0.6138544082641602,0,5.060601234436035,0.6588434031388403,0.607330147463887,0.396173217259343,0.2917535470759307,-0.04378460864694582,0.4084806035790757,35.41863706385649,0.32827186584472656,0.7,4.478367805480957,-2.5795669555664062,-36.721824645996094,-2.1666314601898193
0.9838864803314209,-0.01439384464174509,-0.17821387946605682,-0.0012609834084287286,0.9961708188056946,-0.08741968125104904,0.17878973484039307,0.08623577654361725,0.9801008105278015,0.9999997615814209,0.07137381285429001,0.10717882215976715,0.10100764036178589,0.11221281439065933,0.3035522997379303,0.00915149599313736,0.010132880881428719,0.3047031760215759,0.07301327586174011,0.07309065759181976,0.39569541811943054,0.25351715087890625,1,0.11891013319084742,1,0.5875655496547173,0.3158285530513703,-0.048572860719271374,0.41230975129770214,33.76735829604743,0.5028833091259003,0.3955285340547562,0.5604103147983551,0.5054835468530655,382.9335403442383,245.22665977478027,416.6168212890625,242.84525871276855,339.64088439941406,245.6729793548584,307.325439453125,243.54583740234375,478,0.5575270056724548,0.6099550127983093,0,5.028313636779785,0.9299729193514055,0.4209912038339892,0.40775600245028715,0.31540709892291746,-0.04961568858196593,0.4156262007651277,32.38537810536659,-0.07343223690986633,0.7,4.254303455352783,-2.6603927612304688,-38.24680709838867,-10.299272537231445
0.9921265244483948,-0.00648373132571578,-0.12507210671901703,0.001987476833164692,0.9993483424186707,-0.036040596663951874,0.1252242773771286,0.03550826013088226,0.9914928078651428,0.9999998211860657,0.06860397011041641,0.11350192129611969,0.13571853935718536,0.142614483833313,0.30898112058639526,0.008664566092193127,0.012657527811825275,0.2922883927822113,0.05959010869264603,0.05335322022438049,0.4123933017253876,0.21300818026065826,1,0.12211972938554119,1,0.5442301091315785,0.31145500712233254,-0.03600550031270193,0.45351582789633615,34.89027845301916,0.4967008590698242,0.3987781167030334,0.5628306031227112,0.5063647985458374,383.59352111816406,245.39491653442383,418.40919494628906,243.11448097229004,339.8115539550781,245.90715408325195,307.79672622680664,244.34746742248535,478,0.566129744052887,0.607586681842804,0,2.051053047180176,0.9307872057279255,0.4393132275441676,0.41660729704504956,0.30422464458172677,-0.056694713666081524,0.42982323082609736,32.05279733525265,0.114777572453022,0.7,4.241515636444092,-2.8543529510498047,-38.32622528076172,-7.193707466125488
0.9835273623466492,-0.029221298173069954,-0.17838208377361298,0.031340450048446655,0.9994675517082214,0.009072881191968918,0.17802199721336365,-0.01451406441628933,0.9839195013046265,0.9999998211860657,0.0856255441904068,0.0617164671421051,0.1987065225839615,0.17823061347007751,0.09329280257225037,0.034187886863946915,0.045823920518159866,0.11240231245756149,0.037884265184402466,0.04524935409426689,0.2515494227409363,0.3411221206188202,1,0.11557264553552835,1,0.5489066664207235,0.315313055453581,-0.03452907305088639,0.4697054892862534,31.93566833903172,0.5035037875175477,0.4031718492507934,0.5604531645774842,0.5072111010551452,381.5171432495117,245.47179222106934,413.30387115478516,242.39107131958008,339.41001892089844,246.49117469787598,308.1002426147461,245.2328109741211,478,0.5569493770599365,0.6040392518043518,0,-0.8451243042945862,0.9471258037149621,0.4456720753890057,0.43519069387567294,0.2992878681553926,-0.05250027622299174,0.4611606314963945,31.335053401346407,1.8251327276229858,0.7,4.4328389167785645,-3.127370595932007,-40.48399353027344,-10.25456714630127
0.9909729361534119,0.014406797476112843,-0.13328556716442108,-0.012020650319755077,0.9997530579566956,0.018689952790737152,0.1335219442844391,-0.01691906340420246,0.9909014105796814,0.9999999403953552,0.14549963176250458,0.09319476038217545,0.3941793143749237,0.3741748034954071,0.11932598054409027,0.02629171870648861,0.03240307420492172,0.12142447382211685,0.014729957096278667,0.01697119139134884,0.34714841842651367,0.24841967225074768,1,0.11524330428065284,1,0.5274980949218818,0.27979653191874665,-0.012248520552966057,0.5066183416445468,32.05640441713559,0.49983714520931244,0.40997416079044346,0.5686710923910141,0.5106036692857743,385.7622528076172,247.03242301940918,417.8005599975586,245.95541954040527,345.3378677368164,246.52642250061035,312.12890625,245.02750396728516,478,0.5688339471817017,0.6006295084953308,0,-0.978196918964386,0.8817786124905224,0.559881284960181,0.45046872131411675,0.27741751533162823,-0.0459901695616833,0.45368187032879953,33.24277184394957,-0.6949722766876221,0.7,4.58781623840332,-3.1115541458129883,-39.972496032714844,-7.673159599304199
0.9982486963272095,0.019133614376187325,-0.05597653239965439,-0.020952168852090836,0.9992654919624329,-0.03208336606621742,0.055321551859378815,0.033200010657310486,0.9979164600372314,0.9999998211860657,0.15984709560871124,0.14565794169902802,0.39125490188598633,0.35663536190986633,0.14253997802734375,0.017862508073449135,0.03134845942258835,0.15225863456726074,0.01795714907348156,0.015117702074348927,0.3404945433139801,0.2505623400211334,1,0.12180839025290328,1,0.5108398314777195,0.2863859545215,-0.019209904981830807,0.4878380346542207,31.669175505915536,0.49498570263385777,0.409773388504982,0.5730116397142411,0.5102581173181534,390.28717041015625,247.01173782348633,421.9472122192383,246.2511920928955,346.8906784057617,246.34746551513672,311.9955062866211,244.71253395080566,478,0.5780259370803833,0.6004847288131714,0,1.9054893255233765,0.595990464153968,0.623596363954347,0.4517548372546533,0.2548821559284529,-0.042897939592688915,0.4503036731643779,34.93345156886679,-1.2024003267288208,0.7,4.483917713165283,-2.8714230060577393,-39.207733154296875,-3.1713101863861084
0.9983863234519958,0.04430004581809044,0.03552640601992607,-0.041762031614780426,0.9967246055603027,-0.06925293803215027,-0.038477953523397446,0.06765750795602798,0.9969663023948669,1.0,0.24415381252765656,0.15737096965312958,0.1469910889863968,0.13678337633609772,0.21158325672149658,0.015787983313202858,0.02532440610229969,0.2102653831243515,0.07204434275627136,0.07475019246339798,0.28711867332458496,0.30689138174057007,1,0.12275218947018296,1,0.4857534998729858,0.28410371250905997,-0.04905216931420046,0.3363991992178214,31.012063437390292,0.4868262350559235,0.40018621683120725,0.5809175312519074,0.5152993559837341,395.15567779541016,251.50365829467773,426.16390228271484,251.01571083068848,352.24864959716797,248.92656326293945,316.5228843688965,245.593843460083,478,0.5940912961959839,0.6151131391525269,0,3.8823325634002686,0.5140910434431069,0.5578447237679913,0.44631918686862215,0.24934336772300222,-0.05550736772290649,0.3335904189528036,35.88087683574197,-2.395259141921997,0.7,4.530168056488037,-3.0178751945495605,-38.13170623779297,2.2051684856414795
0.9999958276748657,0.0019687660969793797,-0.0021268397103995085,-0.002091740956529975,0.9982287287712097,-0.05945547670125961,0.002006018767133355,0.05945966765284538,0.9982287287712097,0.9999999403953552,0.1150263175368309,0.11190573126077652,0.1563033163547516,0.13810478150844574,0.20121696591377258,0.014611016027629375,0.023034075275063515,0.18938660621643066,0.0650261640548706,0.06917380541563034,0.424638956785202,0.4201330542564392,1,0.12115160946420897,1,0.5262931286326347,0.2865392061518481,-0.01610054930933867,0.4610928520308764,33.115519510980164,0.49136894941329956,0.3964111387729645,0.5776152610778809,0.5108379304409028,392.8191375732422,246.96255683898926,425.8964538574219,245.3723430633545,352.1160125732422,247.03579902648926,316.40161514282227,245.56394577026367,478,0.5862463116645813,0.6144267916679382,0,3.4088053703308105,0.6252827433799786,0.5976467824140709,0.40532152277838635,0.2572553423526597,-0.035266730828356206,0.4103256608029437,35.74471339789055,-0.11984824389219284,0.7,4.540772438049316,-2.907238245010376,-38.574398040771484,-0.11493648588657379
0.9879860877990723,-0.05083972588181496,-0.14594092965126038,0.030518876388669014,0.9899278879165649,-0.1382438987493515,0.15149927139282227,0.13212907314300537,0.979586660861969,1.0000003576278687,0.11166296154260635,0.15321406722068787,0.08707945048809052,0.09153809398412704,0.09531544893980026,0.03430412337183952,0.04440346732735634,0.09623382240533829,0.09468084573745728,0.10626117885112762,0.47452715039253235,0.5128206014633179,1,0.1177053727263588,1,0.5554718150353674,0.2936896996600734,-0.05421476145089066,0.4598537527956159,32.4561764835315,0.5012060970067977,0.3941229790449142,0.5642528504133224,0.506036302447319,384.6855926513672,245.40607452392578,416.92005157470703,241.61885261535645,341.4871597290039,246.55943870544434,310.12195587158203,245.27752876281738,478,0.5630467534065247,0.6119133234024048,0,7.681833744049072,0.9348723702546425,0.5217611445273401,0.4241614880682932,0.2517272858468284,-0.06037707027746373,0.4162973040125549,31.3913890451095,1.7693030834197998,0.7,4.331945896148682,-2.5407683849334717,-38.24472427368164,-8.713820457458496
0.992466926574707,0.006723138969391584,-0.12232820689678192,-0.02162727527320385,0.9924264550209045,-0.12092164158821106,0.1205887645483017,0.12265636026859283,0.9850958585739136,1.0000004768371582,0.0806044265627861,0.18081603944301605,0.16567929089069366,0.1699938178062439,0.19117024540901184,0.015848498791456223,0.019587023183703423,0.18642914295196533,0.053829386830329895,0.04535733163356781,0.5120186805725098,0.3295651078224182,1,0.12064389949690879,1,0.5570401012798037,0.3010885968164782,-0.048277453371591283,0.46042046551055565,32.80649665846254,0.5002667814493179,0.39785196185112004,0.5666927009820938,0.5094624936580658,386.87110900878906,247.83465385437012,419.6337127685547,246.13818168640137,342.1366500854492,246.7741584777832,310.2986145019531,244.48668479919434,478,0.5664259195327759,0.6116105318069458,0,7.097489833831787,0.9341800335312229,0.4164067763486877,0.42984582247765296,0.261653550760805,-0.05521958901067462,0.4339841083008191,31.920104099298307,-1.2483594417572021,0.7,4.316811561584473,-2.6554911136627197,-38.14065170288086,-6.926082611083984
0.9994210004806519,0.0011833738535642624,0.03400376811623573,0.003675547894090414,0.9897915124893188,-0.14247563481330872,-0.03382524102926254,0.14251814782619476,0.9892140030860901,0.9999998211860657,0.09914412349462509,0.09196735173463821,0.18927238881587982,0.1714838445186615,0.5282562375068665,0.0022856099531054497,0.005870170891284943,0.4936314523220062,0.03939814120531082,0.04007595777511597,0.3487912118434906,0.280808687210083,1,0.1310505121414311,1,0.5567500942372058,0.2959167165956431,-0.0431601274021656,0.4462299147927568,33.69590797764435,0.4806920051574707,0.3959222674369812,0.5797325134277344,0.5074185371398926,398.1263732910156,246.70137405395508,431.7874526977539,245.16972541809082,352.0773696899414,245.76845169067383,314.3013381958008,243.1424045562744,478,0.5990405082702637,0.6114962697029114,0,8.198310852050781,0.8204252237085332,0.5479889167851558,0.3898155217636782,0.25663235554889435,-0.03887325146875842,0.44649613417642603,37.867197930057166,0.2107144147157669,0.7,4.644589900970459,-2.361915111541748,-37.13591766357422,1.938413143157959
0.964523434638977,-0.037805456668138504,-0.2612762451171875,0.04113220423460007,0.9991272687911987,0.007273957598954439,0.2607731819152832,-0.017762765288352966,0.9652366638183594,0.9999999403953552,0.1748695969581604,0.06668491661548615,0.3233904242515564,0.30041688680648804,0.06871781498193741,0.06971082836389542,0.05919623747467995,0.08301867544651031,0.0215702373534441,0.030876358970999718,0.18888600170612335,0.5793575048446655,1,0.10584057315901371,1,0.5592415506851025,0.31395228224447563,-0.0415977965717727,0.4552276572633608,31.27534192180775,0.5096924811601639,0.4053215712308884,0.5459095150232315,0.510126206278801,369.5842742919922,246.8697738647461,400.7837677001953,244.69293594360352,331.30210876464844,246.3292121887207,303.5007667541504,245.40982246398926,478,0.5362170338630676,0.6048046350479126,0,-1.0542664527893066,0.9711631087225436,0.7014385196359105,0.4312280432745964,0.3083326652201948,-0.021988177585573653,0.518196802182451,27.81653995568569,2.4419050216674805,0.7,3.8793652057647705,-3.214728593826294,-39.916080474853516,-15.115943908691406
0.9876514077186584,0.029239600524306297,-0.15391454100608826,-0.030792564153671265,0.9994959831237793,-0.007715042680501938,0.15361139178276062,0.0123591972514987,0.9880540370941162,0.9999998211860657,0.1254858821630478,0.11426031589508057,0.2349860519170761,0.285832017660141,0.020719237625598907,0.03972141817212105,0.19299620389938354,0.13437452912330627,0.028433166444301605,0.02513294108211994,0.42241016030311584,0.305242657661438,1,0.12289218407436416,1,0.46441525248014554,0.297715262808516,-0.03164288409601777,0.47669658547076105,33.505597046745756,0.5051229387521744,0.4011801064014435,0.5705575734376908,0.5086206376552582,386.66725158691406,246.8726634979248,420.1197814941406,244.98764991760254,344.99027252197266,245.9846305847168,311.1444091796875,243.75085830688477,478,0.5654346346855164,0.6074405312538147,0,0.7166540026664734,0.7268775511277421,0.5760134985972131,0.4332115503991716,0.28627103178038876,-0.03412888462701518,0.4560653939856296,33.919495928472934,-1.785764217376709,0.7,4.3090596199035645,-3.042295455932617,-38.772010803222656,-8.836270332336426
0.999029815196991,-0.002127340529114008,-0.04398606717586517,-0.000505461823195219,0.9982127547264099,-0.05975785478949547,0.044034577906131744,0.05972211807966232,0.997243344783783,1.0000004768371582,0.17269285023212433,0.12424073368310928,0.2709004878997803,0.23459503054618835,0.20862245559692383,0.00636229757219553,0.0303043182939291,0.33842164278030396,0.02939724177122116,0.026967281475663185,0.2828710377216339,0.3052663207054138,1,0.12517483138911695,1,0.496866834026878,0.30024001873835665,-0.03312607322581478,0.4447101125866415,32.01524092248005,0.4890425860881805,0.3991759151220322,0.5736100137233734,0.5080381363630295,391.17401123046875,246.50347709655762,423.15013885498047,244.92141723632812,348.2320022583008,245.45408248901367,313.08719635009766,243.66190910339355,478,0.5845674276351929,0.6088622212409973,0,3.4271907806396484,0.6243316140251783,0.6298321338991566,0.39729443881653526,0.2631788750525206,-0.03441055107531638,0.43510820600849437,35.190471264815066,-0.028988948091864586,0.7,4.511312484741211,-2.7509396076202393,-38.06663131713867,-2.5238113403320312
0.9972448945045471,0.022784046828746796,-0.07059348374605179,-0.024859581142663956,0.9992799758911133,-0.028663387522101402,0.06988958269357681,0.030339358374476433,0.9970932006835938,0.9999998211860657,0.20047235488891602,0.15105301141738892,0.2902231514453888,0.2584165036678314,0.1859201341867447,0.012176730670034885,0.026416298002004623,0.23508189618587494,0.027884529903531075,0.02693183720111847,0.3288337290287018,0.29254159331321716,1,0.12527423391055248,1,0.4737966219653836,0.274171481924639,-0.02628608931768237,0.43655773796138064,33.64662462818924,0.49469799101352696,0.4031300753355026,0.5729442268610001,0.5092331975698471,389.39979553222656,247.2403621673584,423.0429458618164,246.75684928894043,347.83973693847656,245.4514503479004,312.49698638916016,243.25215339660645,478,0.5782462358474731,0.6061031222343445,0,1.742846965789795,0.5827169954143796,0.6058106685375072,0.40755171345830454,0.2520116128611105,-0.03531146168321406,0.4314801944838879,35.411112994962444,-1.4279882907867432,0.7,4.6086812019348145,-2.8458328247070312,-38.7540283203125,-4.0076446533203125
0.9988093376159668,0.008390409871935844,-0.04805762693285942,-0.009220353327691555,0.9998117089271545,-0.017074212431907654,0.0479053258895874,0.017496997490525246,0.9986985921859741,1.0000001192092896,0.14156094193458557,0.13694460690021515,0.2608286440372467,0.2509627044200897,0.20786143839359283,0.002521881368011236,0.03161463513970375,0.49841073155403137,0.019520027562975883,0.02070653811097145,0.35315415263175964,0.1601104587316513,1,0.13128313742747189,1,0.518094607634455,0.2588892860940269,-0.036665657110096526,0.42938196892396663,36.766198432573574,0.4912575960159302,0.4093672454357147,0.5739420533180237,0.5048420846462249,391.89083099365234,245.35097122192383,428.6223602294922,243.75469207763672,347.5920867919922,245.03376960754395,311.3338279724121,242.6323127746582,478,0.5826844573020935,0.5954748392105103,0,1.003707766532898,0.7199564816762667,0.5204227925199588,0.38777063966955905,0.25533990976696436,-0.056756318603362645,0.38297242128755066,36.33769843592939,-0.528901994228363,0.92,4.619199752807617,-2.669682264328003,-38.73737716674805,-2.745823860168457
0.9941719174385071,0.03340313583612442,-0.10250131785869598,-0.032247722148895264,0.999396562576294,0.012909152545034885,0.10287066549062729,-0.009528477676212788,0.9946491122245789,0.9999997019767761,0.17847172915935516,0.0999947115778923,0.24836862087249756,0.24969716370105743,0.2841150164604187,0.008314239792525768,0.015674276277422905,0.26612815260887146,0.03026898019015789,0.031578999012708664,0.36321496963500977,0.17525863647460938,1,0.11726600476112656,1,0.5458203486249832,0.2715522554819656,-0.04414765754456802,0.4056518503328953,32.18921546218366,0.4991118848323822,0.4097345501184464,0.5674079596996308,0.5076683789491654,386.0447311401367,246.51975631713867,418.2280731201172,247.13464736938477,346.1330032348633,245.42804718017578,311.5188217163086,242.97306060791016,478,0.5682960748672485,0.597933828830719,0,-0.5488616824150085,0.9426272328393245,0.5847567244168188,0.4061045305041728,0.2715612773322826,-0.0560291199635247,0.4128136907307323,34.701131412950495,-1.8578382730484009,0.92,4.471346378326416,-2.993726968765259,-39.623939514160156,-5.9045000076293945
0.9989041686058044,0.04452897235751152,-0.014407545328140259,-0.04545329511165619,0.9963756203651428,-0.07189957797527313,0.011153715662658215,0.07247572392225266,0.9973077774047852,1.000000238418579,0.12834253907203674,0.09755188971757889,0.11828169226646423,0.11652639508247375,0.3110949397087097,0.005798324942588806,0.013980798423290253,0.29657989740371704,0.0736793652176857,0.07638711482286453,0.5545250177383423,0.345144659280777,1,0.12290256549352616,1,0.5358750066193144,0.28088851203163906,-0.036215921588695014,0.41957925709907185,33.91574097639118,0.4932353019714355,0.3917235881090164,0.5733015060424804,0.5094429403543472,390.45867919921875,248.0280590057373,424.37427520751953,248.12722206115723,349.44732666015625,245.6857967376709,313.0978012084961,243.1699275970459,478,0.5800662040710449,0.6177193522453308,0,4.156455993652344,0.7541172062414431,0.6221495328201376,0.3975304701614367,0.27397561281418925,-0.05118522624215301,0.4133855305134173,36.43648718203377,-2.605341672897339,0.92,4.308727264404297,-2.853034257888794,-38.22895431518555,-0.6390740275382996
0.9996392130851746,0.02568274363875389,-0.00786819402128458,-0.026420066133141518,0.9929578304290771,-0.11548425257205963,0.004846833646297455,0.11565043777227402,0.9932782053947449,1.0,0.07525989413261414,0.024900134652853012,0.09446784108877182,0.07118721306324005,0.4463465213775635,0.0033345052506774664,0.00779273035004735,0.39395979046821594,0.08776891231536865,0.11301018297672272,0.4278475046157837,0.2416650652885437,1,0.12792660973348952,1,0.5626153584916033,0.3129662008612794,-0.04517983274664071,0.48371624736121915,34.51412928131765,0.4889688193798065,0.38764239549636836,0.5754357278347015,0.5072104454040527,394.1913604736328,247.73300170898438,428.66512298583984,246.06422424316406,350.07129669189453,245.75840950012207,313.1453323364258,241.99828147888184,478,0.586466908454895,0.6195680499076843,0,6.641220569610596,0.8876286905072754,0.41396722892686016,0.38125949115200664,0.3093492335764941,-0.05027785086293095,0.47949796167435527,37.116915367412986,-1.5139521360397339,0.92,4.407847881317139,-2.6047191619873047,-37.41211700439453,-0.2777041792869568
0.9923537969589233,0.09063450992107391,-0.08378083258867264,-0.08248452097177505,0.9919485449790955,0.09609531611204147,0.09181582927703857,-0.08844992518424988,0.9918399453163147,1.0,0.08703316003084183,0.11668705940246582,0.42686331272125244,0.38707324862480164,0.11622249335050583,0.017844006419181824,0.03921523690223694,0.17530457675457,0.019653424620628357,0.010521653108298779,0.4860672056674957,0.088018037378788,1,0.12618257875448396,1,0.4959979807105135,0.29961866192506315,-0.02854967845659032,0.5464435348771015,32.58324657261576,0.5000966370105744,0.41722626686096187,0.5711877524852753,0.5092443943023681,389.4296646118164,247.91722297668457,422.00950622558594,248.38826179504395,344.65858459472656,245.3987216949463,310.40069580078125,242.08316802978516,478,0.5710911154747009,0.5920181274414062,0,-5.096020698547363,0.7210070334042595,0.47660610070438497,0.42974839480596244,0.2938894548564407,-0.05053720747307179,0.479622234651818,34.41795811482318,-4.751506805419922,0.92,4.222305774688721,-3.2475781440734863,-38.240291595458984,-5.268078804016113
0.9933512806892395,0.05692139267921448,-0.10006605088710785,-0.04636009782552719,0.9934045076370239,0.10487183183431625,0.10537552088499069,-0.0995355099439621,0.9894385933876038,0.999999463558197,0.07108132541179657,0.05123485252261162,0.39362823963165283,0.34596559405326843,0.30280742049217224,0.008089928887784481,0.015942176803946495,0.2718419134616852,0.018218612298369408,0.015475085005164146,0.37376341223716736,0.13157829642295837,1,0.11751245613696208,1,0.5709379198360491,0.324304245410367,-0.03932610615791607,0.5247233353431007,31.292658117796183,0.49863608181476593,0.4123546928167343,0.560883954167366,0.5099422186613083,383.12339782714844,248.14862251281738,414.41383361816406,247.77568817138672,340.27557373046875,246.3515281677246,308.59119415283203,243.1827735900879,478,0.5622478723526001,0.597587525844574,0,-5.744512557983398,0.8273307211964729,0.4666227408682075,0.400084277064292,0.31957738626858384,-0.05066031691122551,0.5125198383311732,31.842438896176613,-2.6720776557922363,0.92,4.0590314865112305,-3.4199628829956055,-39.38481521606445,-6.048801898956299
0.9998777508735657,0.014820455573499203,-0.004962036851793528,-0.015078380703926086,0.9982736706733704,-0.056765567511320114,0.004112176597118378,0.05683344975113869,0.9983752369880676,0.9999999403953552,0.08511869609355927,0.07473094016313553,0.2726168930530548,0.24382402002811432,0.3287302553653717,0.00627995515242219,0.016258109360933304,0.2994242012500763,0.03211287036538124,0.03242957219481468,0.40934526920318604,0.33351582288742065,1,0.1236882591999506,1,0.4977635513288137,0.311419200583269,-0.017929460966017136,0.51579822403417,31.529322864722328,0.4836749613285065,0.3946134686470032,0.5752536237239838,0.5104365587234497,392.0344924926758,247.9203701019287,423.51001739501953,246.07930183410645,348.8931655883789,246.72955513000488,313.8007164001465,243.86836051940918,478,0.5915786623954773,0.6158230900764465,0,3.2580997943878174,0.5762761208387288,0.5321700105021794,0.4213391660668481,0.27098649180445683,-0.037784590069414814,0.47451281361989267,35.20889695373591,-0.8639676570892334,0.92,4.575782775878906,-2.906100273132324,-38.78508758544922,-0.23561102151870728
0.9995733499526978,-0.00606357678771019,-0.028570236638188362,0.005472372751682997,0.9997702240943909,-0.02072603814303875,0.028689347207546234,0.020560845732688904,0.9993768930435181,0.9999997019767761,0.1727418601512909,0.13167184591293335,0.28137725591659546,0.23495174944400787,0.09814726561307907,0.008628920651972294,0.06298888474702835,0.29435476660728455,0.025159481912851334,0.028933782130479813,0.3338288366794586,0.4307992160320282,1,0.12645281159528804,1,0.4687033286594424,0.2786983744710868,-0.022410186042523428,0.4858729961831664,31.96019063339341,0.4894251525402069,0.4005123287439346,0.5764681398868561,0.5010592252016067,392.5885772705078,242.89861679077148,424.48314666748047,240.85161209106445,348.47023010253906,242.0412826538086,313.5524559020996,241.33506774902344,478,0.5870429873466492,0.6005468964576721,0,1.1786178350448608,0.5671113387828506,0.5800530325680041,0.42901957145566866,0.23250193114070197,-0.046134001775712065,0.41170796690985384,34.924915099030166,0.31367453932762146,0.92,4.583562850952148,-2.627516031265259,-38.52069091796875,-1.644003987312317
0.9831261038780212,-0.014784024097025394,-0.1823306828737259,0.0007958231726661325,0.9970651268959045,-0.07655451446771622,0.18292734026908875,0.07511764019727707,0.9802525043487549,1.0,0.16394105553627014,0.16333600878715515,0.2008865922689438,0.16402553021907806,0.1469547599554062,0.03310034051537514,0.01852252706885338,0.16295373439788818,0.041820771992206573,0.0560743473470211,0.386350154876709,0.4281875789165497,1,0.11430465803424175,1,0.5811345809941614,0.28919820299275006,-0.030101998060060215,0.4583928967039999,31.799767379889058,0.5056805223226547,0.39223861992359166,0.5640221446752548,0.5026161700487137,384.3518829345703,243.89039039611816,416.10546112060547,242.17706680297852,341.0738754272461,243.51213455200195,309.721622467041,241.91265106201172,478,0.5583416223526001,0.6103775501251221,0,4.382062911987305,0.8701554774373578,0.44481407382357085,0.466693206291111,0.27042487589749714,-0.07158335401640706,0.3423898336892797,31.393026505550967,0.04637990519404411,0.92,4.367365837097168,-2.6147236824035645,-38.15454864501953,-10.540314674377441
0.9982214570045471,0.020732194185256958,-0.05589393898844719,-0.02827554941177368,0.990064263343811,-0.13774381577968597,0.05248285084962845,0.139079287648201,0.9888895750045776,0.9999995231628418,0.12449189275503159,0.14622889459133148,0.19472457468509674,0.19149231910705566,0.24070920050144196,0.008868365548551083,0.01779880002140999,0.23263993859291077,0.043172962963581085,0.0383538194000721,0.5552976131439209,0.3988228440284729,1,0.13123430936724875,1,0.516231162685411,0.27981101266427116,-0.028981715870266187,0.4675253602671419,35.16237998527918,0.4946813821792603,0.3868135005235672,0.5781259179115296,0.501992204785347,395.0731658935547,244.30749893188477,430.19641876220703,242.6491641998291,349.31156158447266,243.0406665802002,312.1977233886719,239.53598499298096,478,0.5834445357322693,0.6151787042617798,0,8.005677223205566,0.6572134520791941,0.6622506822602406,0.4241553420082982,0.2413012985071873,-0.039337478691176625,0.43173257276257615,37.27894551521585,-1.622522234916687,0.92,4.452012538909912,-2.261986017227173,-36.583465576171875,-3.008427858352661
0.9968888759613037,0.026402438059449196,-0.0742664784193039,-0.038302816450595856,0.9857671856880188,-0.16369470953941345,0.06888751685619354,0.16603004932403564,0.9837116003036499,1.0000004768371582,0.1792207956314087,0.13285619020462036,0.1844864785671234,0.1513424962759018,0.21293288469314575,0.012096412479877472,0.019875498488545418,0.19272279739379883,0.04545965418219566,0.05247056111693382,0.49123328924179077,0.5045950412750244,1,0.12819310809096443,1,0.520659830187027,0.2693783254799532,-0.02832681845997948,0.4823524401483447,34.10720130388814,0.4989343404769897,0.3856015890836716,0.5764963150024414,0.5084571927785874,393.67820739746094,248.08568000793457,427.7515411376953,246.56610488891602,348.85581970214844,245.9428310394287,312.2053527832031,241.5406608581543,478,0.5775619745254517,0.6228556036949158,0,9.580048561096191,0.7700665599615037,0.8176891331404254,0.42721402057732666,0.2366984703360764,-0.042214686947554855,0.441029429507372,36.91389748801166,-2.2003562450408936,0.92,4.456898212432861,-2.4139862060546875,-36.887481689453125,-3.950092077255249
0.9906342625617981,0.023824915289878845,-0.13444726169109344,-0.025794435292482376,0.9995836615562439,-0.01292591542005539,0.1340833306312561,0.016272850334644318,0.990836501121521,1.0000003576278687,0.23789523541927338,0.1798131763935089,0.35001420974731445,0.28663116693496704,0.08558902144432068,0.05701880156993866,0.041786663234233856,0.08988732099533081,0.021007327362895012,0.028152570128440857,0.2467106133699417,0.4855228364467621,1,0.1111081727378714,1,0.5327527201663265,0.2817589799368788,-0.03161608919178872,0.4573262708075844,30.51157414949248,0.504537147283554,0.40918835699558254,0.5669206202030181,0.5120598345994949,384.1803741455078,249.31262969970703,414.6689224243164,248.12747955322266,343.8911437988281,247.32885360717773,311.9755172729492,244.03143882751465,478,0.5623834729194641,0.6028714776039124,0,0.9409037828445435,0.7796323835486481,0.5374364740154883,0.47731240928286056,0.22999418396547477,-0.05387625555049995,0.40401664051276875,32.08551325493636,-1.4915478229522705,0.92,4.4137163162231445,-3.1674726009368896,-39.568416595458984,-7.705616474151611
0.9995211958885193,0.0002757580659817904,0.030944153666496277,0.003312512766569853,0.993261456489563,-0.11584818363189697,-0.03076758421957493,0.11589521169662476,0.9927847981452942,1.0,0.18557687103748322,0.11761043220758438,0.251008540391922,0.18349234759807587,0.12674753367900848,0.012863886542618275,0.03886127471923828,0.208706334233284,0.028032805770635605,0.04037635400891304,0.3232576847076416,0.5305525660514832,1,0.1276873545194511,1,0.4990376825486606,0.2817358804143062,-0.03031986048063794,0.4715658688607643,32.89054323840968,0.4859355092048645,0.3941092550754547,0.5770076513290405,0.5119241535663605,393.7271499633789,248.99860382080078,426.6012191772461,247.9577350616455,348.86341094970703,247.24285125732422,313.00708770751953,244.58138465881348,478,0.591072142124176,0.6178148984909058,0,6.658428192138672,0.5590220665974688,0.7368829127357358,0.429094907006796,0.23541995997320364,-0.04608630578208893,0.4460430082862067,35.95496239707578,0.18988321721553802,0.92,4.31953239440918,-2.7253167629241943,-37.343353271484375,1.7631309032440186
0.9995067715644836,-0.03137965500354767,-0.0011993643129244447,0.03133885934948921,0.999182939529419,-0.02552144043147564,0.00199923780746758,0.02547125518321991,0.99967360496521,0.9999998211860657,0.12630487978458405,0.12006194144487381,0.35494211316108704,0.31763145327568054,0.1414763331413269,0.011273615062236786,0.03371216356754303,0.23500455915927887,0.018172292038798332,0.016080284491181374,0.28419870138168335,0.2781659960746765,1,0.1264990720020642,1,0.49410580525038045,0.29528006982443517,-0.03765483601387613,0.48615560195460966,33.11066147082432,0.48843691945075984,0.4131009966135025,0.5762316405773162,0.5027512699365616,392.83973693847656,243.48833084106445,425.8264923095703,240.6265354156494,348.57627868652344,244.56398963928223,312.1195983886719,243.05608749389648,478,0.5877947211265564,0.5896502733230591,0,1.4595561027526855,0.5211154736242725,0.5520545574605398,0.44645316520338657,0.2529503608321762,-0.04839957052230884,0.4657529554126218,36.487851502833,1.795881986618042,0.92,4.556599140167236,-2.4606335163116455,-38.67242431640625,-0.114547960460186
0.9999356269836426,-0.0016663154819980264,-0.011223078705370426,0.0007355374400503933,0.9965962767601013,-0.08243338763713837,0.011322238482534885,0.08241983503103256,0.9965333938598633,1.0000004768371582,0.2930498421192169,0.31579259037971497,0.5211225748062134,0.5330501794815063,0.12263474613428116,0.022686216980218887,0.03908830136060715,0.13848143815994263,0.009040744043886662,0.009734459221363068,0.3250206410884857,0.3620277941226959,1,0.12187732541804264,1,0.511889330959186,0.21808051465389539,0.011387296747944418,0.4919721401695538,33.64566157713205,0.4914109826087951,0.40447176098823545,0.5778908848762512,0.5177323281764984,392.493896484375,249.49710845947266,426.09649658203125,247.79540061950684,351.44287109375,248.9315700531006,314.80459213256836,247.65887260437012,478,0.586479902267456,0.6132605671882629,0,4.727974891662598,0.5659676272192774,0.7803200737369946,0.43974987984997815,0.16239037287368419,-0.0019934658185203334,0.38529192658332756,36.66037703170401,0.04214589297771454,0.92,4.589455604553223,-2.8434205055236816,-38.52936935424805,-0.6487303376197815
0.9843508005142212,0.003675798187032342,-0.1761818379163742,0.013486243784427643,0.9952788949012756,0.09611453115940094,0.17570336163043976,-0.09698645025491714,0.9796540141105652,1.0,0.2043188065290451,0.31721144914627075,0.5534846186637878,0.5439438819885254,0.050860319286584854,0.06571488827466965,0.07385048270225525,0.07083000987768173,0.008794603869318962,0.008862223476171494,0.15299640595912933,0.2527804672718048,1,0.11584255419405323,1,0.521723958710754,0.2703304045070805,-0.019828626179300098,0.4698987825435353,32.46958427760009,0.5067764014005661,0.4226123064756393,0.5641521900892258,0.5036535233259201,382.6879119873047,242.7908706665039,415.12622833251953,241.36625289916992,341.85096740722656,243.36974143981934,309.5475769042969,242.98396110534668,478,0.5573757886886597,0.5810412168502808,0,-5.653899192810059,0.8792277348811909,0.6920984181544168,0.448174335116747,0.20091818744539988,-0.03250257677555202,0.40586421097709036,32.30569399526723,0.7849401235580444,0.92,4.458396911621094,-2.9578518867492676,-39.85163116455078,-10.11959171295166
0.9893587827682495,0.051275596022605896,-0.13616196811199188,-0.04472504183650017,0.9977098703384399,0.050741638988256454,0.13845200836658478,-0.04411176219582558,0.989386260509491,1.0000001192092896,0.24000884592533112,0.21656936407089233,0.3195421099662781,0.27593305706977844,0.1230631172657013,0.029476623982191086,0.037592120468616486,0.11951583623886108,0.02442377619445324,0.0261834803968668,0.22503988444805145,0.3042798638343811,1,0.11705561268389075,1,0.5223418308563625,0.27366089374309904,-0.04563225894594399,0.4232439765156687,30.728614326272634,0.5026265352964401,0.4180574387311935,0.5653952926397323,0.5159803003072738,384.5387268066406,251.88918113708496,415.26622772216797,252.15076446533203,342.60589599609375,249.00824546813965,310.04323959350586,245.48094749450684,478,0.5627687573432922,0.5979228615760803,0,-2.552839994430542,0.8165072138014632,0.5232036223997123,0.4376822077336646,0.23911083895646934,-0.0701270931169626,0.3413880597919199,32.75314371252473,-2.588355779647827,0.92,4.337596416473389,-3.4614455699920654,-39.22431564331055,-7.958280086517334
0.998065173625946,0.06037149578332901,-0.01487118098884821,-0.06064581125974655,0.9979833364486694,-0.018742401152849197,0.013709686696529388,0.01960800588130951,0.9997137188911438,0.9999997019767761,0.3065526485443115,0.2447410374879837,0.43352484703063965,0.35650375485420227,0.26703089475631714,0.010924340225756168,0.017455825582146645,0.24130196869373322,0.017990339547395706,0.01594957709312439,0.2316208928823471,0.21724353730678558,1,0.1243292834717152,1,0.48700983174380197,0.25778921243191294,-0.0324079818023631,0.34393448877038385,32.23629787852593,0.4875486999750137,0.40720415115356445,0.5744381457567215,0.519033670425415,390.80406188964844,252.88207054138184,423.0221939086914,253.96413803100586,347.73929595947266,249.504976272583,312.06933975219727,245.92761039733887,478,0.5868894457817078,0.6118295192718506,0,1.123633623123169,0.5665224627043052,0.5600887986854273,0.44384125435256805,0.22018010567899424,-0.042615436518580546,0.30784011930016303,35.84889569437255,-3.4772095680236816,0.92,4.458300590515137,-3.240415096282959,-38.87918472290039,-0.785531759262085
0.9757023453712463,0.03799493610858917,-0.2157808244228363,-0.029762577265501022,0.9987044334411621,0.04127470776438713,0.21706950664520264,-0.03384961187839508,0.9755690693855286,1.0000001192092896,0.08452323824167252,0.1360362321138382,0.21124546229839325,0.22353410720825195,0.046319879591464996,0.07605985552072525,0.08892243355512619,0.060060590505599976,0.03970285505056381,0.040770966559648514,0.3055632710456848,0.3936994671821594,1,0.10934680596055382,1,0.5175536750011573,0.33350575277596783,-0.05095742199985067,0.45715985866759584,29.79340511508827,0.5093840450048447,0.4080579221248627,0.5556965559720993,0.5136516630649567,376.41613006591797,250.4612159729004,406.1314392089844,248.30543518066406,336.81529998779297,248.73762130737305,307.325439453125,245.20079612731934,478,0.5463125109672546,0.605593740940094,0,-1.9872114658355713,0.9355569227330419,0.4475338194864408,0.4482406828120642,0.2773870061737823,-0.04501399128383199,0.4493087663145121,29.701195376075887,-1.7471940517425537,0.92,4.092801094055176,-3.553218126296997,-40.554107666015625,-12.536968231201172
0.9831060767173767,0.014058157801628113,-0.18249595165252686,-0.01055309921503067,0.9997410178184509,0.020163143053650856,0.18273213505744934,-0.017896592617034912,0.9829998016357422,0.9999999403953552,0.19780603051185608,0.2898309528827667,0.34708037972450256,0.3117623031139374,0.08600542694330215,0.03229319304227829,0.055534668266773224,0.12075196206569672,0.025102730840444565,0.01737343892455101,0.4851475954055786,0.41564616560935974,1,0.11518885597899944,1,0.5023236300412683,0.25872821528707807,-0.03418291800331116,0.48716895933041454,30.445227991798564,0.5068364262580871,0.40824883580207827,0.5605321049690246,0.5091732680797577,380.6377410888672,246.8766689300537,410.99037170410156,244.50396537780762,339.67960357666016,247.15401649475098,309.30816650390625,245.1778793334961,478,0.5536956787109375,0.6009244322776794,0,-1.0430173873901367,0.8904655764015869,0.5601109868046512,0.4125335864537966,0.2138576469410544,-0.05296090467111396,0.4478300181695304,30.435658494687022,-0.6150147914886475,0.92,4.276522636413574,-3.190793991088867,-40.21333694458008,-10.528939247131348
0.9855157136917114,0.03314632177352905,-0.1663128286600113,-0.033667199313640594,0.9994330406188965,-0.0003128456010017544,0.1662081629037857,0.00590760912746191,0.9860730171203613,0.9999992847442627,0.18828456103801727,0.24655430018901825,0.3783687651157379,0.35491693019866943,0.05399873107671738,0.0232222992926836,0.08922073990106583,0.16019178926944733,0.01604470983147621,0.012069383636116982,0.3609105050563812,0.3772256672382355,1,0.1237475695404969,1,0.5001216923502212,0.26263612633806066,-0.025313795502145024,0.47485001266416654,32.54699829710728,0.5098142087459564,0.40374307334423065,0.5651351273059845,0.5068452209234238,384.9899673461914,246.3069248199463,417.49156951904297,244.58850860595703,339.81468200683594,245.09593963623047,309.6004867553711,241.81182861328125,478,0.5553209185600281,0.6031021475791931,0,0.3432575464248657,0.8755267172736151,0.657153900323704,0.40773275839830836,0.23050146521808876,-0.03525910823946173,0.44668377754058974,30.392153263062518,-1.956578016281128,0.92,4.276612758636475,-2.983152151107788,-39.155845642089844,-9.567425727844238
0.9815924167633057,0.045739803463220596,-0.18542978167533875,-0.04644063115119934,0.9989209175109863,0.0005644814227707684,0.1852554976940155,0.008057396858930588,0.9826573133468628,1.0000001192092896,0.12314003705978394,0.251823753118515,0.2533569037914276,0.2628380060195923,0.12199404090642929,0.02122318185865879,0.03927300125360489,0.154413104057312,0.028911026194691658,0.023190615698695183,0.33702710270881653,0.3908551037311554,1,0.11850361959353342,1,0.49629795871259014,0.3081520462273128,-0.038643124986936034,0.44123712833730694,31.18879965030926,0.5062608152627945,0.4036409288644791,0.5634070664644242,0.5085783630609513,382.80017852783203,248.03707122802734,413.9495849609375,246.47000312805176,340.8171081542969,246.07495307922363,309.95935440063477,242.15397834777832,478,0.5571462512016296,0.6049374341964722,0,0.4697919189929962,0.8670106243949778,0.5581977867162562,0.4059365938861765,0.22730764960735508,-0.05126462060618169,0.4323136476035887,31.105867768453148,-2.708730459213257,0.92,4.322322845458984,-3.139249324798584,-39.189369201660156,-10.67602825164795
0.9980207681655884,0.04080340266227722,-0.04784919694066048,-0.0424518920481205,0.9985212683677673,-0.03395681455731392,0.046392884105443954,0.0359208807349205,0.9982772469520569,1.0,0.11941841244697571,0.1355902999639511,0.31051602959632874,0.2839878797531128,0.2716687023639679,0.008356338366866112,0.01627710834145546,0.24088215827941895,0.024353688582777977,0.02292276732623577,0.3845634162425995,0.35811635851860046,1,0.1247141650530829,1,0.5189487718544181,0.2873016821743734,-0.027208788025815802,0.4717388929974313,32.75173383867549,0.49017801880836487,0.40126369893550873,0.5758251845836639,0.5074069947004318,392.6793670654297,246.94504737854004,425.4218292236328,246.16579055786133,349.1780471801758,244.73505020141602,313.53763580322266,241.34571075439453,478,0.5856471657752991,0.6061432957649231,0,2.060777425765991,0.6030827275915677,0.5919631187535872,0.4220831705213393,0.23972486377391802,-0.03526266805184061,0.46299159439633897,35.80120870972358,-2.435669422149658,0.92,4.555294036865234,-2.845973014831543,-38.08961486816406,-2.6590707302093506
0.9967190027236938,0.04830097779631615,-0.06494753807783127,-0.04846157133579254,0.9988247156143188,-0.0008986245957203209,0.0648277997970581,0.004043138585984707,0.9978882670402527,1.0000003576278687,0.11654435098171234,0.11290299892425537,0.3923661410808563,0.3342018723487854,0.14071397483348846,0.023940371349453926,0.032890308648347855,0.1448436975479126,0.021078553050756454,0.020789464935660362,0.3468388617038727,0.370882123708725,1,0.120781541010371,1,0.5078403169200226,0.2988722662111868,-0.014500117403180959,0.5009295852828681,32.15688635827193,0.49609976410865786,0.4048899710178375,0.5747296750545502,0.506695419549942,390.65982818603516,246.337308883667,422.80235290527344,245.3763484954834,347.91419982910156,243.9503574371338,314.33658599853516,240.79370498657227,478,0.5786299109458923,0.6018054485321045,0,0.23214371502399445,0.6541127241295117,0.6374043940493845,0.44217553955649075,0.2574673039053112,-0.031173182698081687,0.48397947041375894,33.725666862431815,-2.7835912704467773,0.92,4.497735977172852,-2.9075114727020264,-38.50468063354492,-3.716965675354004
0.9971108436584473,0.04852293059229851,-0.058442190289497375,-0.0527123399078846,0.9959805607795715,-0.07241597026586533,0.054693449288606644,0.075287364423275,0.9956608414649963,1.0000001192092896,0.12171202152967453,0.08889242261648178,0.2586689293384552,0.24104973673820496,0.19488917291164398,0.014418413862586021,0.020333241671323776,0.1852211207151413,0.028127212077379227,0.03166128695011139,0.39925259351730347,0.3662484884262085,1,0.12201853630095108,1,0.5282957907207487,0.28393736819953835,-0.02922847802710009,0.4582975998854129,33.85676063169817,0.49744682312011723,0.3960127294063568,0.5746682763099671,0.5139961302280426,390.8495330810547,250.50227165222168,424.6995162963867,249.82486724853516,347.9364776611328,248.00436973571777,313.9695739746094,243.565092086792,478,0.5772214531898499,0.6179834008216858,0,4.324218273162842,0.6938460733353214,0.6861095377748273,0.4338745756420413,0.27044974333232424,-0.03329408526789355,0.4688429330688347,34.25576932667434,-3.0261285305023193,0.92,4.449985980987549,-2.9609994888305664,-38.379486083984375,-3.135268211364746
0.9988741278648376,0.03414047509431839,0.032939665019512177,-0.03221037983894348,0.9978289008140564,-0.05744555965065956,-0.03482936695218086,0.05631985142827034,0.997805118560791,1.0,0.136435866355896,0.09333888441324234,0.3399233818054199,0.29455915093421936,0.36608806252479553,0.005539444740861654,0.010485385544598103,0.34446027874946594,0.019272737205028534,0.02235846035182476,0.34532827138900757,0.30418887734413147,1,0.12776643179239794,1,0.5448027241317387,0.27444997154473394,-0.025265852818538014,0.452258391847937,34.79259478471796,0.48333994746208186,0.39557973146438596,0.5772511184215545,0.5135504961013794,394.5977783203125,249.9844264984131,429.3811798095703,249.18465614318848,349.2269515991211,247.66900062561035,313.93489837646484,243.98022651672363,478,0.5939111709594727,0.6179707646369934,0,3.230560064315796,0.764990220395305,0.6273657287047055,0.41651190487994266,0.2648497113448577,-0.03416628982065164,0.47663327003034534,35.48430744946508,-1.846958875656128,0.92,4.403337001800537,-2.940955638885498,-37.446189880371094,1.9959791898727417
0.99982750415802,0.01852221041917801,-0.0013453818392008543,-0.01856476254761219,0.994986355304718,-0.0982721745967865,-0.00048158183926716447,0.09828019142150879,0.9951586723327637,1.0000003576278687,0.11627858132123947,0.14021077752113342,0.1789809912443161,0.1767769306898117,0.3101520538330078,0.0066123404540121555,0.0139654241502285,0.2748384177684784,0.04606493562459946,0.04550961032509804,0.6153990030288696,0.3572824001312256,1,0.1252852175211389,1,0.5320744559983815,0.2719115983685246,-0.023220222084025473,0.47734369871307253,33.88503343100494,0.48884945511817934,0.38921530544757843,0.575939828157425,0.5049268752336502,393.0028533935547,245.01688957214355,426.82872772216797,243.01546096801758,348.74515533447266,244.42809104919434,314.226131439209,242.03990936279297,478,0.5870903730392456,0.6157115697860718,0,5.640145301818848,0.687832931896633,0.5308399636763916,0.41398629774601675,0.26135818251931864,-0.044056754258374214,0.44444009944879864,34.60153786348592,-1.0637437105178833,0.92,4.380600452423096,-2.5426552295684814,-37.30327224731445,0.027592606842517853
0.9931699633598328,-0.051167819648981094,-0.10485830903053284,0.04780286177992821,0.9982657432556152,-0.03435790538787842,0.10643447935581207,0.0291107427328825,0.9938934445381165,0.9999998211860657,0.1457299292087555,0.08602121472358704,0.3040783405303955,0.242770254611969,0.09300536662340164,0.05131598189473152,0.037482600659132004,0.09811033308506012,0.02722172439098358,0.03415610268712044,0.2615550458431244,0.3742215633392334,1,0.11738862136540669,1,0.5333877618418068,0.3291960459007952,-0.027634054113570478,0.4840204799028868,30.431081644564927,0.49498000442981716,0.40220498442649844,0.5672052770853042,0.507459157705307,386.5840530395508,245.0141716003418,416.85482025146484,241.89465522766113,342.96924591064453,245.7040500640869,311.064453125,246.10316276550293,478,0.5722252726554871,0.6052541732788086,0,1.677690863609314,0.892920343204168,0.5844418965861689,0.45349629800492136,0.30855917718744585,-0.04324313544870852,0.45030415255782963,31.90728903725858,2.755610942840576,0.92,4.468290328979492,-2.838486433029175,-38.65006637573242,-6.109818935394287
0.9937867522239685,-0.03593076765537262,-0.10534153133630753,0.030252547934651375,0.9980272054672241,-0.055014241486787796,0.1071104109287262,0.0514855682849884,0.9929131865501404,1.000000238418579,0.13551072776317596,0.0953570082783699,0.2334342747926712,0.17983992397785187,0.08197298645973206,0.03478314355015755,0.04633020982146263,0.10466922074556351,0.031457576900720596,0.042703695595264435,0.246367409825325,0.43919655680656433,1,0.12361315426598281,1,0.49164369506444267,0.2922385661293406,-0.021692662082688184,0.48935233483039614,34.63146846004928,0.4978955537080765,0.40039564371109004,0.5716963559389114,0.5065528273582458,388.0713653564453,245.15687942504883,422.54974365234375,241.90418243408203,345.2083206176758,245.6355857849121,312.13403701782227,245.1006031036377,478,0.573800802230835,0.6061571836471558,0,2.968301773071289,0.7519297687219179,0.591514944334214,0.43111622110034314,0.2792491160292384,-0.05155613800268087,0.4352064897269103,33.078610040008634,1.74364173412323,0.92,4.586609840393066,-2.7299036979675293,-38.49993133544922,-6.148769855499268
0.9918566942214966,-0.038476746529340744,-0.12140777707099915,0.024789193645119667,0.9933650493621826,-0.11230027675628662,0.12492319196462631,0.1083761528134346,0.9862295985221863,1.0000003576278687,0.11648786067962646,0.1237134113907814,0.08501645177602768,0.06785618513822556,0.2430848926305771,0.011224455200135708,0.01952841877937317,0.2152634710073471,0.10850969702005386,0.11960946768522263,0.49020302295684814,0.474550724029541,1,0.12091359360722946,1,0.5233085527677513,0.29490039986866873,-0.050772802298796826,0.44295028102130957,32.4247747091617,0.4959266930818558,0.39265026748180387,0.5668181329965591,0.49976774156093595,386.32606506347656,242.74274826049805,418.5393524169922,239.0454339981079,343.3120346069336,243.45654487609863,310.1591110229492,242.30667114257812,478,0.5708914399147034,0.6071174740791321,0,6.271035194396973,0.8496913459856231,0.4749518396715546,0.41868935226299486,0.27101517294187516,-0.06829996618828986,0.39610497317940974,33.17285866238985,1.431679129600525,0.92,4.417930603027344,-2.366569757461548,-37.97586441040039,-7.176319599151611
0.9736754894256592,0.013790247030556202,-0.2275211066007614,-0.015403767116367817,0.9998672008514404,-0.005317568778991699,0.22741755843162537,0.008682265877723694,0.9737586379051208,1.0000001192092896,0.09889636188745499,0.1630689650774002,0.28149181604385376,0.2827426791191101,0.0327003188431263,0.0876527726650238,0.10529861599206924,0.04907943308353424,0.026174340397119522,0.028490647673606873,0.47715020179748535,0.4556644856929779,1,0.11550858763889278,1,0.5145357216794776,0.29047803321139326,-0.02149068361611204,0.5418402231387832,32.18717263841047,0.5117684990167618,0.39945407807826994,0.56400445997715,0.5050724953413009,382.4966049194336,245.18609046936035,414.5417022705078,242.16519355773926,340.8570861816406,244.43821907043457,309.92422103881836,242.8095817565918,478,0.5522359609603882,0.605618417263031,0,0.5108493566513062,0.9529063777199542,0.4965425204768198,0.4546409631528982,0.2438315967404333,-0.05090395217974052,0.48653604701542497,30.97570992739345,-0.9063565731048584,0.92,4.3414459228515625,-2.9446659088134766,-38.673152923583984,-13.145078659057617
0.9913570284843445,0.006397224497050047,-0.13103541731834412,-0.006626999471336603,0.999977171421051,-0.001317487214691937,0.13102400302886963,0.002174470806494355,0.9913767576217651,1.0,0.1722261756658554,0.14037156105041504,0.2572513818740845,0.21796093881130219,0.1378612369298935,0.022060181945562363,0.033841412514448166,0.13831868767738342,0.030744988471269608,0.037683092057704926,0.3167772889137268,0.506709098815918,1,0.11779311271622728,1,0.5287797422451987,0.27295378162078376,-0.03441255529152651,0.4804482217437994,31.871195978702993,0.5009458839893342,0.41257852911949155,0.5645919024944306,0.5111033380031585,384.14146423339844,248.29230308532715,415.99456787109375,247.21856117248535,342.2284698486328,247.47153282165527,309.14966583251953,245.19962310791016,478,0.5636460185050964,0.598524808883667,1,0.12567149102687836,0.8548322886433306,0.4820243157428266,0.4375978204555038,0.22442785637408022,-0.06560110061864688,0.43818666360585384,33.15673157822035,-0.38300371170043945,0.92,4.380885601043701,-3.140591621398926,-39.74319839477539,-7.528769493103027
0.9995477795600891,-0.001822553458623588,-0.03001650981605053,-0.0005159454303793609,0.9969754219055176,-0.0777156874537468,0.030067363753914833,0.07769600301980972,0.9965236186981201,0.9999998211860657,0.20209366083145142,0.10266273468732834,0.26090630888938904,0.20186790823936462,0.3712325990200043,0.004334597382694483,0.012604706920683384,0.36495158076286316,0.027080247178673744,0.039316337555646896,0.26868191361427307,0.5109743475914001,1,0.12378491113140296,1,0.5322086752625661,0.2696258055558884,-0.0314006526251106,0.44707857615418967,32.06428623912026,0.4861910045146942,0.4045949041843414,0.572338193655014,0.5114486277103424,390.9544372558594,248.4542942047119,423.00662994384766,247.57372856140137,347.43072509765625,247.40644454956055,312.81494140625,245.01520156860352,478,0.5861471891403198,0.606853723526001,1,4.458163738250732,0.7504430789561745,0.6167118425455277,0.3988084595699189,0.23481945532588838,-0.057213717707320005,0.42348979300447187,34.69827839581669,-0.029574863612651825,0.92,4.537544250488281,-2.795971155166626,-38.67888259887695,-1.7229926586151123
0.9943742156028748,0.0724322572350502,-0.07728755474090576,-0.07436826080083847,0.996977686882019,-0.02246868796646595,0.07542651146650314,0.028090044856071472,0.9967556595802307,0.9999992251396179,0.18413779139518738,0.18793950974941254,0.3205520212650299,0.32960793375968933,0.08147924393415451,0.024640630930662155,0.05835139751434326,0.13716016709804535,0.02425399422645569,0.0194533783942461,0.3705483675003052,0.2895154654979706,1,0.11989785225346114,1,0.4909163193705863,0.2775831984644418,-0.03560786936687002,0.43115606181774346,31.67597838701587,0.5026673316955567,0.4072856217622757,0.5718056201934815,0.5142306596040725,388.08021545410156,250.42264938354492,419.73602294921875,251.5528964996338,346.7893600463867,247.37757682800293,313.37289810180664,244.02920722961426,478,0.5691382884979248,0.6069450378417969,1,1.6142522096633911,0.7012536238711918,0.5445656961617861,0.42503471570849544,0.24487475846636922,-0.04972089908109827,0.4051901032916234,33.583798295132574,-4.2771315574646,0.92,4.243495464324951,-3.1257543563842773,-38.639137268066406,-4.325728893280029
0.9975431561470032,0.06840413063764572,-0.015115133486688137,-0.06889654695987701,0.9970133304595947,-0.034895602613687515,0.012682986445724964,0.03585120663046837,0.9992765784263611,0.9999998211860657,0.20283815264701843,0.08938170969486237,0.441491961479187,0.41809651255607605,0.1552329808473587,0.01675880141556263,0.02928224951028824,0.1678665429353714,0.012109167873859406,0.01196182519197464,0.27120834589004517,0.17353802919387817,1,0.12744471577227479,1,0.4829954054606604,0.2862614641499727,-0.008555154758738696,0.44516811579439,32.44608545649061,0.49189551472663884,0.4053271591663361,0.5762348353862763,0.5119041383266449,392.6610565185547,249.07021522521973,425.06595611572266,250.70451736450195,347.5511932373047,245.4287052154541,313.03943634033203,241.77666664123535,478,0.5843393206596375,0.6065769791603088,1,2.0547285079956055,0.539758439032053,0.6375331146576116,0.4357483001638627,0.28456699813979586,-0.03882900974888746,0.4545978224132355,34.70444856113882,-3.9509291648864746,0.92,4.2585344314575195,-2.8815598487854004,-37.559913635253906,-0.726701021194458
0.9976745843887329,0.06190400943160057,-0.028519662097096443,-0.06343889981508255,0.9963855743408203,-0.0564911887049675,0.024919552728533745,0.058169055730104446,0.9979957342147827,1.0000001192092896,0.1236996278166771,0.03729835897684097,0.29978078603744507,0.27739500999450684,0.18722982704639435,0.014527842402458191,0.02466212958097458,0.18414343893527985,0.025371510535478592,0.024469491094350815,0.38472989201545715,0.10209502279758453,1,0.12483289724547206,1,0.49435034336692096,0.30208472340030484,-0.01775547100952077,0.4596112169239972,32.42705448200124,0.4938260316848755,0.39960165321826935,0.5751937031745911,0.5126902610063553,391.57005310058594,249.6855640411377,423.99112701416016,250.30832290649414,348.07777404785156,246.45618438720703,313.19692611694336,242.41527557373047,478,0.5813676714897156,0.6130886077880859,1,3.3357603549957275,0.5933522049609797,0.6124748628470077,0.4302392537829516,0.32810870311147,-0.03540183124419227,0.4615857574804505,35.114135280371116,-3.638355016708374,0.92,4.277305603027344,-2.9123432636260986,-37.67505645751953,-1.4279329776763916
0.9979950189590454,0.0592469796538353,0.022264793515205383,-0.059328820556402206,0.9982338547706604,0.003032778622582555,-0.022045791149139404,-0.004347644746303558,0.9997475147247314,0.9999998211860657,0.2073243409395218,0.0992414727807045,0.2720813751220703,0.23437659442424774,0.2788808047771454,0.009163583628833294,0.017327506095170975,0.24323798716068268,0.028725339099764824,0.029644610360264778,0.2857923209667206,0.20416319370269775,1,0.12570493996269275,1,0.49738555013096925,0.295075296156122,-0.04552232778653675,0.4070582494481025,32.23786309064528,0.49136025905609126,0.40218991637229917,0.575248372554779,0.507596081495285,392.0667266845703,247.96051025390625,424.2984390258789,248.5902214050293,348.1386947631836,244.64118003845215,313.12280654907227,241.2026023864746,478,0.5838881134986877,0.6054061651229858,1,-0.24916301667690277,0.5626968121772934,0.6018936193971343,0.4215023277332618,0.28535511354551757,-0.059683355145139186,0.3963518355962356,35.18431815116201,-3.402116060256958,0.92,4.159629821777344,-2.9690394401550293,-37.593719482421875,1.2632330656051636
0.9942407011985779,0.07460380345582962,-0.07694040983915329,-0.07982254028320312,0.9945452809333801,-0.06714226305484772,0.0715116560459137,0.07289714366197586,0.9947723746299744,0.9999998211860657,0.17187249660491943,0.10538272559642792,0.27808547019958496,0.25062456727027893,0.14566051959991455,0.016922565177083015,0.0328683964908123,0.16374225914478302,0.02593354880809784,0.02789393812417984,0.3265977203845978,0.27198973298072815,1,0.12978402644150522,1,0.5067110177410195,0.2917343934426734,-0.03842510109268952,0.4473554375536016,32.546229031101966,0.503310963511467,0.3986603170633316,0.5724957436323166,0.5096386224031448,391.66858673095703,249.39082145690918,424.20162200927734,250.31744956970215,344.92015838623047,244.82794761657715,310.52825927734375,240.6236171722412,478,0.5691847801208496,0.6109783053398132,1,4.191155910491943,0.7695650161872456,0.6204301006837507,0.416816138334572,0.2783989602931579,-0.047316963840126354,0.4150669041655295,34.64793094645492,-4.590141773223877,0.92,4.056097030639648,-2.7255475521087646,-36.701656341552734,-4.100816249847412
0.9988315105438232,0.04830486699938774,-0.0015269912546500564,-0.048328790813684464,0.9982348084449768,-0.034519702196121216,-0.0001431737473467365,0.0345531664788723,0.9994028806686401,1.0000001192092896,0.08280598372220993,0.05018041655421257,0.2926320731639862,0.22822843492031097,0.3675242066383362,0.004160471260547638,0.012662654742598534,0.3764479160308838,0.02325150929391384,0.03172323852777481,0.2191908210515976,0.1938844919204712,1,0.13067506494664158,1,0.5307488637004246,0.3348111775434891,-0.03326869388908198,0.5115762399263618,32.638822280137916,0.4867313504219055,0.39777620136737823,0.5732263326644897,0.5086761862039566,393.24485778808594,248.59342575073242,425.88367462158203,248.61227989196777,346.9911575317383,244.9559211730957,310.66308975219727,240.72901725769043,478,0.5864949822425842,0.6108999848365784,1,1.9801445007324219,0.6871359188256383,0.5370068157989006,0.3950352233009277,0.2976094154642526,-0.04354601343395374,0.41703788413259674,36.57314896721556,-2.7701146602630615,0.92,4.237697601318359,-2.834542751312256,-37.360748291015625,0.008203251287341118
0.9969618320465088,-0.01876845769584179,-0.0755961686372757,0.01264007855206728,0.9966546893119812,-0.08074481040239334,0.07685872912406921,0.07954398542642593,0.9938638806343079,1.0,0.13042350113391876,0.06078239530324936,0.14826413989067078,0.09485698491334915,0.6121410131454468,0.0031167948618531227,0.0029253701213747263,0.6157106757164001,0.0645412728190422,0.08546558022499084,0.31099146604537964,0.3136916756629944,1,0.11988532153991933,1,0.6132822695144597,0.3170851186436971,-0.03978338240524234,0.42077529072658537,32.55753601248066,0.4890921145677567,0.39123277366161346,0.5590981274843216,0.5043712705373764,383.74813079833984,245.46618461608887,416.1894989013672,242.71831512451172,340.78941345214844,244.77853775024414,306.9635009765625,241.48000717163086,478,0.5700060129165649,0.6131384968757629,1,4.575918674468994,0.9439901878025867,0.6472589150066197,0.3654778436374371,0.3094189209762654,-0.04834441942699616,0.40551640464316185,33.98635989411075,0.7263911962509155,0.92,4.123730659484863,-2.626762866973877,-38.29057693481445,-4.408027648925781
0.9956618547439575,-0.03617352247238159,-0.08572632819414139,0.030028829351067543,0.9969586730003357,-0.07191424816846848,0.08806699514389038,0.06902802735567093,0.9937199950218201,0.9999995827674866,0.07456925511360168,0.04862840101122856,0.13105729222297668,0.10945899784564972,0.4287573993206024,0.005027574487030506,0.009090361185371876,0.38822340965270996,0.0650092363357544,0.07721718400716782,0.41950711607933044,0.2545633018016815,1,0.12244632581749904,1,0.5596983655333018,0.3266093482640743,-0.0381529422103006,0.4915389954452773,32.67804323355653,0.49140682518482204,0.3927300691604614,0.5630531579256057,0.504542601108551,385.4375457763672,244.62472915649414,417.9070281982422,240.9386444091797,341.7319869995117,245.21309852600098,307.9116439819336,243.8964557647705,478,0.5716463327407837,0.6118125319480896,1,3.973625898361206,0.9351941592107523,0.4141542706200819,0.391815772532065,0.31415033688725946,-0.05272989621577396,0.4732990662819572,33.84596209380135,1.7274978160858154,0.92,4.230503082275391,-2.6275010108947754,-38.2394905090332,-5.052412509918213
0.9947465658187866,0.010125042870640755,-0.10186593234539032,-0.009450876154005527,0.9999300837516785,0.007098631002008915,0.10193069279193878,-0.0060986103489995,0.9947728514671326,0.9999999403953552,0.07923337817192078,0.10561838746070862,0.286539226770401,0.2702541649341583,0.2354128211736679,0.0066390144638717175,0.022123465314507484,0.2891881465911865,0.02459535002708435,0.020184725522994995,0.4315686523914337,0.21336425840854645,1,0.13060449770152655,1,0.5138803332996779,0.289416029782786,-0.019520238914835022,0.5255143946592316,35.786180928425594,0.4937720954418182,0.4037445247173309,0.5709297716617584,0.509076064825058,389.93404388427734,246.78760528564453,425.66051483154297,244.7212028503418,344.9020767211914,246.35164260864258,308.2438087463379,244.4509792327881,478,0.5771576762199402,0.605331540107727,1,-0.3512563109397888,0.7792187489663024,0.5190637642253801,0.41906525556927177,0.2760385295495141,-0.041755865105032895,0.4812705455491615,36.70750784591485,-0.5443386435508728,0.92,4.512753486633301,-2.969698429107666,-38.06448745727539,-5.850358963012695
0.9996182322502136,0.008328256197273731,-0.02634197100996971,-0.009507882408797741,0.9989427328109741,-0.04497767239809036,0.02593953162431717,0.045210957527160645,0.9986406564712524,1.0,0.1306534707546234,0.09095007181167603,0.33123642206192017,0.29540589451789856,0.22148436307907104,0.01190261635929346,0.020204881206154823,0.1997581124305725,0.02143719047307968,0.021378347650170326,0.376830130815506,0.29484498500823975,1,0.126618028571186,1,0.5095928378519247,0.27814308935783216,-0.019565970676798043,0.49842904529902976,34.48378907880282,0.4895539373159409,0.3994565010070801,0.5743153780698776,0.5101338624954224,391.25396728515625,247.35600471496582,425.7122802734375,246.0307216644287,347.3469543457031,246.41029357910156,310.7583999633789,244.29299354553223,478,0.5847614407539368,0.6106773614883423,1,2.5921528339385986,0.5996964929099461,0.6591411079865429,0.44496656460318484,0.2683977514711552,-0.038964113904753225,0.4698919453943974,36.649764955504814,-0.5449531078338623,0.92,4.383477210998535,-2.8230745792388916,-37.671669006347656,-1.4863922595977783
0.9785601496696472,-0.016145406290888786,-0.20532743632793427,0.027539877220988274,0.9982274770736694,0.052757859230041504,0.20411169528961182,-0.05728140473365784,0.9772703051567078,0.9999997019767761,0.18200641870498657,0.11173902451992035,0.32678815722465515,0.26790815591812134,0.17791928350925446,0.02305597998201847,0.022950507700443268,0.1769554764032364,0.020866531878709793,0.02674681507050991,0.2195729911327362,0.42124465107917786,1,0.11141621834533333,1,0.5863713509613369,0.29387631605788433,-0.049642357084940816,0.4318976823171839,32.043097859346034,0.5070984989404679,0.40676233172416687,0.5496347576379776,0.5106701552867889,374.27818298339844,247.5802230834961,406.24454498291016,245.36396026611328,333.4963607788086,247.45579719543457,303.6146545410156,246.45283699035645,478,0.5425362586975098,0.6039078235626221,1,-3.354477882385254,0.9655262444855064,0.5698872055864086,0.41549474310261336,0.27890683861810306,-0.05372688912294982,0.455034702550489,29.89853335724886,1.6120647192001343,0.92,3.9520418643951416,-3.4018449783325195,-40.318641662597656,-11.77750301361084
0.9943186640739441,0.007961422204971313,-0.10614673793315887,-0.002581354696303606,0.9987092018127441,0.050726547837257385,0.1064135730266571,-0.0501643531024456,0.9930557608604431,1.0000001192092896,0.20428207516670227,0.14134305715560913,0.4386189877986908,0.4038839340209961,0.13639327883720398,0.011847448535263538,0.04002266377210617,0.24047532677650452,0.013773439452052116,0.011294702999293804,0.30059632658958435,0.25528937578201294,1,0.12809827661372017,1,0.49390732142476185,0.26456302598149756,-0.01946641313181085,0.4969072209755824,33.28104328452541,0.4884991109371185,0.40960271358489986,0.5664909541606903,0.5199456930160522,386.82727813720703,251.38981819152832,420.0762939453125,249.93009567260742,341.866455078125,251.29526138305664,306.47998809814453,250.01861572265625,478,0.5779918432235718,0.6103429794311523,1,-2.891846179962158,0.7634878528681555,0.6467830629077694,0.42730855673414125,0.2454590046537836,-0.03524799281280251,0.47393283378666606,35.409488411134745,-0.14874546229839325,0.92,4.461925029754639,-3.6198019981384277,-39.83273696899414,-6.108614444732666
0.990576982498169,-0.004210942424833775,-0.13689258694648743,0.01216026209294796,0.9982837438583374,0.05728546157479286,0.13641642034053802,-0.05841029807925224,0.9889281392097473,0.9999997019767761,0.1502288579940796,0.27145636081695557,0.5144912004470825,0.46991032361984253,0.06576532870531082,0.03334188833832741,0.062214046716690063,0.11431998014450073,0.013457471504807472,0.007075188215821981,0.26881998777389526,0.1767578274011612,1,0.11992398752038827,1,0.5000253817116462,0.2878462535321309,-0.02953181899257547,0.46784870300668707,31.8990840861635,0.4996548146009445,0.42110510766506193,0.5620318502187729,0.5094958156347275,382.29164123535156,246.04013442993164,414.10255432128906,243.67003440856934,340.2393341064453,247.18480110168457,306.77337646484375,246.56856536865234,478,0.5623770356178284,0.5883907079696655,1,-3.380204916000366,0.8383924519859477,0.6161137173768277,0.4357951458863184,0.23717496141230196,-0.04712545878031711,0.4308885662013666,33.47163078511531,0.7033241391181946,0.92,4.271266460418701,-3.118208408355713,-40.04778289794922,-7.840532302856445
0.9543163776397705,0.028307123109698296,-0.2974540889263153,0.005756664089858532,0.9935758113861084,0.1130223199725151,0.29874250292778015,-0.10957138240337372,0.9480226635932922,1.0000001192092896,0.11837645620107651,0.3214333653450012,0.5355477929115295,0.5210570096969604,0.002227670745924115,0.35161033272743225,0.47297558188438416,0.021579788997769356,0.012338144704699516,0.007813521660864353,0.1382404863834381,0.1706332415342331,1,0.11989383533149081,1,0.46219875104034863,0.2558377744679344,-0.024576215051527437,0.5046279398950784,34.92161851944653,0.5287152200937271,0.4312720030546189,0.5505429178476333,0.509851548075676,372.0590591430664,246.33404731750488,406.92176818847656,244.30649757385254,329.1168975830078,247.26957321166992,299.5817184448242,246.98387145996094,478,0.5218276977539062,0.5785795450210571,1,-6.5929274559021,0.9771502774763646,0.5956198649022375,0.48861843409295663,0.23376592730985274,-0.06337448870846707,0.4244721731196474,29.53656094190043,0.3456176221370697,0.92,3.6847872734069824,-3.2482991218566895,-39.43439865112305,-17.382089614868164
0.9933737516403198,-0.08946055173873901,-0.07214812189340591,0.09197268635034561,0.9952382445335388,0.03227658569812775,0.06891709566116333,-0.03869837149977684,0.9968715310096741,1.0000001192092896,0.22119934856891632,0.23712383210659027,0.41255930066108704,0.3646109104156494,0.10298413783311844,0.03186957910656929,0.05045517906546593,0.14200162887573242,0.019281622022390366,0.021249478682875633,0.18218207359313965,0.319877564907074,1,0.1230147900295229,1,0.5049426949454536,0.2621270763937988,-0.015577297854969053,0.4291519315247822,32.473752689047195,0.4845863461494446,0.4193378180265427,0.5647578716278077,0.5039704531431198,384.8775863647461,241.5798568725586,417.16102600097656,238.06928157806396,341.99745178222656,244.7779941558838,307.21323013305664,246.9221019744873,478,0.580171525478363,0.5846326351165771,1,-2.223095417022705,0.7212168831039553,0.6722776689863766,0.4348026862908673,0.212992948793469,-0.038576365905012844,0.36983945430493975,34.850240661236164,5.289717197418213,0.92,4.517385482788086,-2.670990467071533,-39.50191879272461,-3.9517910480499268
0.9435172080993652,-0.029314937070012093,-0.3300240635871887,0.0664299950003624,0.9925894737243652,0.10175063461065292,0.3245956003665924,-0.11792696267366409,0.9384726285934448,1.0,0.08931910991668701,0.2487841099500656,0.30431118607521057,0.2724003791809082,0.00618197675794363,0.339057981967926,0.33883020281791687,0.011832669377326965,0.03080783039331436,0.03077315166592598,0.16862300038337708,0.46287164092063904,1,0.11027253014659513,1,0.49315529589507867,0.28750259081740986,-0.06598426093687938,0.3613174947093017,32.032785457374366,0.5217172056436539,0.41811269819736485,0.552163615822792,0.5060143500566483,372.64217376708984,243.63447189331055,404.48108673095703,240.11552810668945,332.79117584228516,247.0491886138916,304.25365447998047,248.06496620178223,478,0.5304464101791382,0.5879016518592834,1,-7.162155628204346,0.9622541584780012,0.4737922808427123,0.491365011541497,0.21688432369723576,-0.0763375758497687,0.3890149441895671,28.55559366690121,4.027364253997803,0.92,4.190098285675049,-3.311336040496826,-40.737361907958984,-18.94107437133789
0.957248330116272,-0.08315445482730865,-0.27705758810043335,0.05978545546531677,0.9939842224121094,-0.0917668342590332,0.2830216586589813,0.0712796300649643,0.9564611911773682,1.0,0.19240787625312805,0.12299971282482147,0.1973518431186676,0.1592194139957428,0.10553476959466934,0.03590632602572441,0.04736838862299919,0.11032979935407639,0.03770003095269203,0.05574905872344971,0.24188131093978882,0.567317008972168,1,0.11785967091135074,1,0.5506487988163292,0.28946791904790203,-0.05400777474389725,0.37680603976956656,30.878082142948212,0.5056054204702377,0.3999470949172974,0.5437908977270126,0.5073073983192444,371.9685745239258,243.6888313293457,402.7254104614258,240.95515251159668,327.45960235595703,247.68722534179688,297.31985092163086,247.8991985321045,478,0.5381854772567749,0.607360303401947,1,4.262050628662109,0.9466971226345757,0.5557656705858883,0.43381612480523585,0.2536843930883157,-0.06463635376348786,0.42104385984815473,30.140496830952483,3.573796510696411,0.92,3.7233197689056396,-2.730424642562866,-38.82386016845703,-16.440628051757812
0.9931477308273315,-0.02671978995203972,-0.1137704849243164,0.030671501532197,0.9989804029464722,0.033126186579465866,0.11276937276124954,-0.03638870641589165,0.9929546117782593,1.0000003576278687,0.15021395683288574,0.1892198622226715,0.1982365846633911,0.19231709837913513,0.05572193115949631,0.032418426126241684,0.07520412653684616,0.12972469627857208,0.03918913006782532,0.04116586968302727,0.2881149649620056,0.4335307478904724,1,0.1194297161732197,1,0.480363402964896,0.29002617021180577,-0.0483903618773296,0.42227105700942963,32.21619692631754,0.4980156153440476,0.40719579756259916,0.5627937644720078,0.5098410755395889,381.8470001220703,246.16310119628906,414.00306701660156,244.1956901550293,340.16197204589844,247.84303665161133,307.31937408447266,247.79540061950684,478,0.5647781491279602,0.6026452779769897,1,-2.09877347946167,0.6775082494260999,0.48634244832094886,0.4486805123438387,0.2312863166971924,-0.06163087451938765,0.42242640099912265,32.84263250887615,1.7689101696014404,0.92,4.250965595245361,-3.163149118423462,-39.90867233276367,-6.474982261657715
0.9974651336669922,0.002596092876046896,-0.07110905647277832,-0.009827334433794022,0.9947837591171265,-0.10153216868638992,0.0704745426774025,0.10197361558675766,0.9922876954078674,0.9999997019767761,0.18623985350131989,0.22547505795955658,0.14950145781040192,0.14292903244495392,0.08595164120197296,0.033381082117557526,0.04537363350391388,0.09510055929422379,0.05334773659706116,0.055303215980529785,0.3237699568271637,0.3300180733203888,1,0.12298234251602017,1,0.4968663235120817,0.2827637262447991,-0.04349285456929225,0.37372951853420905,32.60367222165962,0.4976446598768234,0.3968022555112839,0.5708501905202865,0.5118493527173996,388.4334182739258,248.34383010864258,421.01356506347656,247.10549354553223,344.67761993408203,247.9599666595459,310.19771575927734,246.34889602661133,478,0.5732055306434631,0.6150470972061157,1,5.867470741271973,0.6713747420662733,0.6309575232413892,0.45784148976472894,0.23247672661414526,-0.05346054642363038,0.3866152327092085,34.51752222505336,-0.5644774436950684,0.92,4.306480884552002,-2.789125442504883,-38.5289306640625,-4.041243553161621
0.9941027164459229,0.05034257844090462,-0.09604931622743607,-0.059788595885038376,0.9933742880821228,-0.0981472060084343,0.09047194570302963,0.10331104695796967,0.9905259609222412,0.9999997615814209,0.12005192041397095,0.10281551629304886,0.16055120527744293,0.15269629657268524,0.13115082681179047,0.022284066304564476,0.03257177770137787,0.13739708065986633,0.053963661193847656,0.05905722826719284,0.35422027111053467,0.40038999915122986,1,0.11969850103979222,1,0.5131298840425618,0.2985617002927947,-0.038287775881937686,0.43077529465784303,33.1661396001905,0.5001771926879883,0.39416588842868805,0.5700961232185364,0.5148947387933731,386.9966506958008,251.5280055999756,420.15743255615234,250.93188285827637,345.3880310058594,248.1299114227295,311.78287506103516,243.645658493042,478,0.5699189305305481,0.6207288503646851,1,5.954373836517334,0.7852491455553614,0.7186060671104051,0.43965372084158383,0.2616580323542873,-0.033533166534432036,0.41655690228655334,33.903023913526816,-3.441809892654419,0.92,4.261948108673096,-3.0117173194885254,-38.3287467956543,-5.190758228302002
0.9811841249465942,0.03877488523721695,-0.18914084136486053,-0.050535060465335846,0.997050940990448,-0.05775405466556549,0.18634364008903503,0.06622561067342758,0.9802501201629639,1.0000003576278687,0.0638677179813385,0.09974934905767441,0.1543622612953186,0.1380264312028885,0.0737534612417221,0.06643408536911011,0.050409648567438126,0.06062156707048416,0.053808826953172684,0.07072875648736954,0.1608460396528244,0.5886847972869873,1,0.11149274430875726,1,0.5733502892865922,0.3538989210210648,-0.05217993706360128,0.45555906360801507,30.982173306673968,0.5108477175235748,0.3986200004816055,0.5589705407619476,0.5105134755373001,380.21575927734375,249.41030502319336,411.17977142333984,248.3496379852295,338.1098175048828,246.34692192077637,307.41872787475586,242.4869728088379,478,0.5481228232383728,0.6118934750556946,1,3.8650240898132324,0.7656650120578926,0.3961294558115472,0.4743139237816722,0.26621426822141747,-0.046191494075190624,0.4696765175703665,30.93286585321681,-2.9483654499053955,0.92,4.046022891998291,-3.0681357383728027,-39.2921028137207,-10.739479064941406
0.998275876045227,0.02591921016573906,-0.05266240984201431,-0.029863009229302406,0.9966956973075867,-0.07553738355636597,0.050530530512332916,0.07697980850934982,0.9957513809204102,1.0,0.22426332533359528,0.11224410682916641,0.21630224585533142,0.1633467674255371,0.13688421249389648,0.024371707811951637,0.03373033180832863,0.1364678293466568,0.04417276382446289,0.053696680814027786,0.2811133861541748,0.5790711045265198,1,0.11945248834963121,1,0.5007694989900601,0.28096044269710324,-0.041554604815056316,0.4155970982326771,32.093578001106614,0.49638927578926084,0.3968954354524612,0.5650585949420929,0.5113528043031692,383.7990188598633,249.51075553894043,415.89134216308594,249.22697067260742,342.7015686035156,246.4658260345459,308.59375,242.54267692565918,478,0.568669319152832,0.614457368850708,1,4.420644283294678,0.6566136403644183,0.7066856077466916,0.43354288011568987,0.23493459568030003,-0.037137910987389666,0.4262966199158916,34.33270145050562,-1.7134684324264526,0.92,4.0011749267578125,-2.923527479171753,-38.50450134277344,-2.8964195251464844
0.9988158345222473,0.03471164405345917,-0.034088343381881714,-0.03602445870637894,0.9986019134521484,-0.03868428245186806,0.0326978899538517,0.03986648470163345,0.9986698627471924,1.0000001192092896,0.22687172889709473,0.11400502920150757,0.18983706831932068,0.15474088490009308,0.19474369287490845,0.015157675370573997,0.02516273967921734,0.182077556848526,0.048325277864933014,0.05721573159098625,0.3186373710632324,0.47109636664390564,1,0.12326048552996467,1,0.5034248659746728,0.2785628145832356,-0.043474695705207296,0.4079245035450038,31.96643224523737,0.49170092642307284,0.3959474295377732,0.5695827394723892,0.5110562771558762,388.08963775634766,249.22428131103516,420.0556945800781,249.06935691833496,345.1439666748047,246.4079761505127,310.18924713134766,242.7575969696045,478,0.5778818130493164,0.615108847618103,1,2.2860097885131836,0.6431886373117236,0.6174691414295161,0.42603712456602283,0.24471818977011173,-0.03434898353196878,0.4082534489928146,35.1448102370241,-2.065601110458374,0.92,4.152501106262207,-3.052172899246216,-38.3137092590332,-1.8737850189208984
0.9992932677268982,0.03523196652531624,-0.013096342794597149,-0.03620191290974617,0.9958745241165161,-0.08320652693510056,0.010110786184668541,0.08362183719873428,0.9964462518692017,1.0000005960464478,0.19133859872817993,0.12575821578502655,0.26521527767181396,0.2383776605129242,0.2035699486732483,0.006368734408169985,0.02712307684123516,0.2753821015357971,0.028748562559485435,0.030467389151453972,0.43565595149993896,0.4025236964225769,1,0.12729016387812847,1,0.5212021679385193,0.2651923897945385,-0.026366400606131234,0.4630277777677124,32.9728224081939,0.49293861389160154,0.39458093643188474,0.5745827913284302,0.509122884273529,392.65403747558594,247.5680923461914,425.6255340576172,247.27240562438965,348.30883026123047,245.23801803588867,312.618465423584,242.22021102905273,478,0.5816441774368286,0.6145419478416443,1,4.797025680541992,0.6185276046166565,0.6825147729275393,0.40253795688624,0.25026077027395416,-0.02954599556489066,0.43044509089684985,35.81772328675367,-2.0747764110565186,0.92,4.24724006652832,-2.72174072265625,-37.31149673461914,-0.5793152451515198
0.9987158179283142,0.04184504970908165,-0.0285615473985672,-0.04366172477602959,0.9968465566635132,-0.06626246124505997,0.025698723271489143,0.06742440909147263,0.9973933696746826,0.9999995827674866,0.13735908269882202,0.12218242138624191,0.20598748326301575,0.1946326196193695,0.24918486177921295,0.005569774657487869,0.022161083295941353,0.30376526713371277,0.03840123116970062,0.04043900966644287,0.4136790633201599,0.32982146739959717,1,0.12686649086249774,1,0.5226760924739227,0.2881532311120744,-0.033754372213454384,0.4444637011240707,33.43764649530473,0.49398980140686033,0.39531379044055937,0.5737511873245239,0.5052295237779617,391.8147659301758,246.0092067718506,425.2461624145508,245.36273002624512,348.20507049560547,243.86326789855957,312.7974319458008,240.77373504638672,478,0.5797613859176636,0.6099157333374023,1,3.8673460483551025,0.7268509069404321,0.647488298335152,0.38787611921604553,0.2676483754615586,-0.0404525839149228,0.4238081466965686,35.54217327330103,-2.5032551288604736,0.92,4.230837345123291,-2.6523091793060303,-37.2998161315918,-1.472590446472168
0.9988222718238831,0.04559684172272682,0.016585227102041245,-0.04188478738069534,0.9828433394432068,-0.17962342500686646,-0.024490945041179657,0.17871727049350739,0.983595609664917,0.9999997615814209,0.12487645447254181,0.12049826979637146,0.25076961517333984,0.23195257782936096,0.2936398684978485,0.007513443473726511,0.013613021932542324,0.25708526372909546,0.032436661422252655,0.03137844428420067,0.41559290885925293,0.25169986486434937,1,0.12856548038869672,1,0.5145678402594613,0.29382430197778997,-0.022900844043790673,0.44510724874032026,33.95410569497387,0.4888407170772553,0.38632830381393435,0.5780587375164032,0.5059736609458924,394.59999084472656,246.05375289916992,428.55064392089844,245.56955337524414,350.4205322265625,244.21225547790527,313.0995750427246,240.38938522338867,478,0.589218020439148,0.619645357131958,1,10.298174858093262,0.5637831271762209,0.6970215393591779,0.4200920918209866,0.26060700090047667,-0.03038362575368843,0.4234733813996901,37.51623891297955,-2.4012441635131836,0.92,4.142755031585693,-2.144758939743042,-36.01871109008789,1.4033679962158203
0.9989870190620422,0.0403587706387043,-0.019900672137737274,-0.043018825352191925,0.9862982034683228,-0.15926431119441986,0.013200287707149982,0.15995906293392181,0.9870353937149048,0.9999995231628418,0.10925272107124329,0.15201885998249054,0.2983283996582031,0.2739352881908417,0.3214356601238251,0.006150338798761368,0.011795132420957088,0.28555500507354736,0.02754911221563816,0.02517828904092312,0.4663335680961609,0.319744735956192,1,0.12789382813981237,1,0.5387509793531654,0.2794211172069307,-0.013698559863687235,0.4745886707783971,33.9473502588858,0.491896653175354,0.3919791877269745,0.5762341260910034,0.5118906199932098,393.9457702636719,249.16013717651367,427.8878402709961,248.56141090393066,349.56443786621094,246.8617057800293,312.3944091796875,242.1833896636963,478,0.5843374729156494,0.6199114322662354,1,9.205328941345215,0.7601684328737885,0.7283903464915611,0.4142946939385309,0.2366585969144781,-0.02395964710748989,0.44003354627109986,37.46328435036419,-2.465772867202759,0.92,4.321263790130615,-2.423088788986206,-36.86280822753906,-0.7563427090644836
0.9980866312980652,0.05304848775267601,-0.0317641906440258,-0.05456626042723656,0.9973075985908508,-0.04899146035313606,0.029079729691147804,0.05063096061348915,0.9982939958572388,1.0,0.115452341735363,0.1282368153333664,0.2994363605976105,0.2690808176994324,0.3471664786338806,0.0059067667461931705,0.009704755619168282,0.3111084997653961,0.02537180483341217,0.025127965956926346,0.3728029131889343,0.3707468807697296,1,0.12583113782154007,1,0.5324038048231634,0.29864236184743226,-0.029842379962747235,0.4759324857083244,32.10377747437106,0.4923860460519791,0.4019855290651322,0.5746336609125138,0.512499812245369,392.8999710083008,249.7449016571045,425.0032424926758,249.92514610290527,348.56449127197266,247.0253849029541,312.17538833618164,242.73004531860352,478,0.5822476148605347,0.6105142831802368,1,2.903409957885742,0.76276177307353,0.6057644900123645,0.4192613800935421,0.24183900528465135,-0.03410587653346568,0.4379139579531349,36.64173514845833,-3.1292946338653564,0.92,4.424633026123047,-2.95589280128479,-38.37529373168945,-1.666380524635315
0.9987117052078247,0.04169970005750656,-0.028912130743265152,-0.04326120391488075,0.9975115656852722,-0.05567013472318649,0.02651875652372837,0.05684919282793999,0.9980305433273315,1.0000001192092896,0.11886916309595108,0.07174525409936905,0.19469043612480164,0.16346432268619537,0.30126890540122986,0.007876523770391941,0.013724112883210182,0.26103082299232483,0.03970823436975479,0.04900994524359703,0.32239076495170593,0.33373379707336426,1,0.12291188797270332,1,0.5181379093315753,0.3147261042163762,-0.04141863856060459,0.4656204452357468,32.55640349804814,0.4913262546062469,0.39622472822666166,0.5734330832958221,0.5100716263055801,390.6291198730469,248.95623207092285,423.1781005859375,248.26106071472168,348.09242248535156,246.3123893737793,312.6997947692871,242.39845275878906,478,0.5821068286895752,0.6138468980789185,1,3.2601234912872314,0.6620851225004711,0.5394445930420763,0.4209122992219512,0.2783015896817353,-0.04246080176939014,0.44259631429107915,35.60838379574832,-2.4803311824798584,0.92,4.385087966918945,-2.935290575027466,-38.77000045776367,-1.5195908546447754
0.9844163656234741,0.009498795494437218,-0.17559650540351868,-0.023432716727256775,0.9967209100723267,-0.07744970172643661,0.17428502440452576,0.08035746961832047,0.9814109206199646,1.0000004768371582,0.11200036853551865,0.08187496662139893,0.11710737645626068,0.08562885224819183,0.15527981519699097,0.02219434082508087,0.021313117817044258,0.168824702501297,0.06278886646032333,0.08752913028001785,0.2687256634235382,0.4925563931465149,1,0.11787594542208213,1,0.5875694299856103,0.29944580368509155,-0.049209734915404625,0.4491069652027767,34.00494505401319,0.5083831518888473,0.39573474824428556,0.556293186545372,0.5110776036977768,379.80567932128906,249.6192455291748,413.75267028808594,247.6347827911377,335.84068298339844,248.0866527557373,304.3423080444336,244.01247024536133,478,0.5479100346565247,0.6153428554534912,1,4.680909156799316,0.9234044222992606,0.38856483637627703,0.43582872991168736,0.2977340501609276,-0.0685512109788743,0.41786626804761057,31.76077119635138,-1.3635919094085693,0.92,3.9909684658050537,-2.9692604541778564,-39.20905303955078,-10.037053108215332
0.998279333114624,0.05486398935317993,-0.020696379244327545,-0.055724889039993286,0.9974933862686157,-0.043608661741018295,0.01825195923447609,0.04468688368797302,0.9988343119621277,1.0,0.14465749263763428,0.04423973336815834,0.3439635932445526,0.2820165157318115,0.2609742283821106,0.010183991864323616,0.016819315031170845,0.23989149928092957,0.02086317166686058,0.02475581131875515,0.34392696619033813,0.2816980183124542,1,0.12211144142758153,1,0.4972135887840078,0.30340038881251563,-0.020843680815779572,0.4923309627800688,31.979518258032034,0.49333951175212865,0.3989879131317139,0.571773561835289,0.5097483634948731,388.8243103027344,248.53912353515625,420.8031463623047,248.7480068206787,346.4823913574219,245.32705307006836,312.1341896057129,241.26920700073242,478,0.5784340500831604,0.6107604503631592,1,2.5616495609283447,0.5843042292633657,0.6352436756008235,0.4283754452520536,0.2957645992283742,-0.04270547786293957,0.47993648819749707,34.58706518870462,-3.194988250732422,0.7,4.184452533721924,-2.8961219787597656,-38.175758361816406,-1.0458182096481323
0.9987486600875854,0.049110040068626404,0.009447050280869007,-0.04873239994049072,0.9981359839439392,-0.03673895075917244,-0.01123369112610817,0.036232613027095795,0.9992802143096924,0.999999463558197,0.14327341318130493,0.06855214387178421,0.3532821238040924,0.3025536835193634,0.21007086336612701,0.007794485427439213,0.026454398408532143,0.2731916010379791,0.018810918554663658,0.0207135658711195,0.28187158703804016,0.3006875216960907,1,0.12631949029928125,1,0.4867054129450472,0.3112047093330977,-0.022187173669242194,0.48159552157498364,31.847175532794708,0.489006119966507,0.398961266875267,0.5742514908313752,0.5095616787672043,391.53350830078125,248.22418212890625,423.38035583496094,248.36872100830078,347.9179382324219,245.06083488464355,312.553653717041,241.7720890045166,478,0.5852453708648682,0.6106004118919373,1,2.076561450958252,0.5854699015647297,0.6387920483065225,0.41194461961430306,0.2809419061689915,-0.03972508115057458,0.47106763629803716,35.516875831355044,-2.793443441390991,0.7,4.235206604003906,-2.886892318725586,-38.072811126708984,0.6436566114425659
0.9969902038574219,0.03676149621605873,-0.06825827807188034,-0.02962101809680462,0.994258463382721,0.10282372683286667,0.0716463103890419,-0.10049234330654144,0.9923548102378845,0.9999993443489075,0.08220556378364563,0.05572209507226944,0.4658913314342499,0.4437602460384369,0.05066848173737526,0.01146689523011446,0.1275329440832138,0.3226805031299591,0.0103895403444767,0.011403858661651611,0.19654300808906555,0.24119779467582703,1,0.1230698044019756,1,0.46880402479776,0.33433904393692143,-0.02353980993521465,0.5992345235688427,29.840736480438384,0.4923883318901062,0.42232672274112704,0.5690487861633301,0.5087976843118668,387.7764129638672,247.14646339416504,417.60459899902344,246.28108978271484,344.54795837402344,245.31744003295898,311.0097885131836,243.62603187561035,478,0.5766604542732239,0.5864709615707397,1,-5.782433032989502,0.5578648142891728,0.530500212414776,0.41182123504377216,0.28246126763596,-0.0527923022786357,0.530182019580698,33.58079360641218,-1.7017821073532104,0.7,4.372684478759766,-3.3052492141723633,-39.871376037597656,-4.108551025390625
0.9829141497612,0.033778201788663864,-0.1809385120868683,-0.031647033989429474,0.9993916749954224,0.01465320773422718,0.18132340908050537,-0.008676672354340553,0.9833852648735046,1.0000001192092896,0.06915248185396194,0.07229346036911011,0.27776727080345154,0.2638907730579376,0.12088441103696823,0.016719559207558632,0.040830641984939575,0.19555045664310455,0.028750628232955933,0.021860267966985703,0.4769873321056366,0.1315855234861374,1,0.11674025196077571,1,0.5316516020468599,0.3208516592953422,-0.033501087016222904,0.555587618326182,31.64401105055777,0.507325279712677,0.40598443448543553,0.5632108926773072,0.5100745886564255,383.094482421875,247.65872955322266,414.6885299682617,245.88120460510254,342.00767517089844,247.36584663391113,310.4890441894531,245.09410858154297,478,0.5558856129646301,0.60409015417099,1,-0.5055229067802429,0.865559853354149,0.36860069338550205,0.3968232882084314,0.31789726018519926,-0.06259935910233648,0.4733485721749346,31.600393870746338,-1.8441236019134521,0.7,4.349030017852783,-3.249094247817993,-39.935142517089844,-10.446853637695312
0.9988018274307251,0.03985690325498581,-0.02839645929634571,-0.04309416562318802,0.9912957549095154,-0.12440112978219986,0.023191047832369804,0.12547577917575836,0.9918255805969238,1.0000001192092896,0.056989673525094986,0.09216121584177017,0.15798866748809814,0.15816892683506012,0.22994005680084229,0.009994751773774624,0.018185485154390335,0.2038823366165161,0.0517755001783371,0.046942438930273056,0.5823123455047607,0.214445561170578,1,0.12631401957198352,1,0.5300167096316754,0.31399303309493587,-0.030741979719593793,0.5356589096127761,34.11462160338494,0.496765261888504,0.3910386174917221,0.5749904572963714,0.5088721126317978,392.41539001464844,247.6801586151123,426.48765563964844,245.98071098327637,348.8037872314453,246.55583381652832,312.8895568847656,243.2310962677002,478,0.5782251954078674,0.6178334951400757,1,7.21018123626709,0.6295435503284286,0.45203546749426826,0.404748724653369,0.2953852586585515,-0.05061290306138578,0.46291955910594806,36.06779479307116,-2.470543384552002,0.7,4.231553554534912,-2.5341684818267822,-37.090518951416016,-1.3288681507110596
0.998803436756134,0.010254072025418282,-0.047818783670663834,-0.01237940788269043,0.998938798904419,-0.04436345770955086,0.047313131392002106,0.044902339577674866,0.9978704452514648,1.0,0.07703553140163422,0.04449937492609024,0.2594091296195984,0.2334957718849182,0.15170219540596008,0.018433956429362297,0.028529219329357147,0.14467114210128784,0.03195982798933983,0.03246091678738594,0.4025566577911377,0.184477761387825,1,0.12191641506704717,1,0.5035917924070205,0.3286928133811135,-0.0247466765610798,0.5279574898780803,31.569193979674306,0.49409194886684416,0.400225219130516,0.5722733944654464,0.510180589556694,389.659423828125,247.4263572692871,421.1896514892578,245.8583164215088,347.26051330566406,246.4551830291748,312.19329833984375,244.01598930358887,478,0.5781814455986023,0.609955370426178,1,2.5764667987823486,0.6087381972850355,0.5260256781638708,0.4278007755561089,0.3067763495648798,-0.029937947439151718,0.47694563521496675,35.15194491860007,-0.7101011872291565,0.7,4.404835224151611,-2.8570146560668945,-38.50831604003906,-2.711854934692383
0.9974111914634705,0.01527565810829401,-0.07026738673448563,-0.015209217555820942,0.999883234500885,0.0014804897364228964,0.07028180360794067,-0.0004079449863638729,0.9975271224975586,1.0,0.12951968610286713,0.09673865139484406,0.24300944805145264,0.2440408319234848,0.06968531757593155,0.033084023743867874,0.06191352754831314,0.1065099909901619,0.03550807386636734,0.0313752107322216,0.41919177770614624,0.24831774830818176,1,0.11842567583394677,1,0.47826403447641846,0.29297870129570963,-0.033256499032475594,0.49167673414379254,32.085683611168875,0.49684634804725647,0.4063063770532608,0.5696249902248383,0.511239817738533,385.7759094238281,248.2038402557373,417.8430938720703,247.11444854736328,345.8943176269531,247.11175918579102,311.9109535217285,245.00287055969238,478,0.5727786421775818,0.6049334406852722,1,-0.02343146689236164,0.6057664105802067,0.5062009504519324,0.4325755313942519,0.2871377623169244,-0.04777349052886484,0.4344357105567153,34.048736352670325,-0.8736180067062378,0.7,4.32829475402832,-3.110548496246338,-39.20888900756836,-4.030172824859619
0.9991990327835083,0.034908317029476166,-0.019564040005207062,-0.03484480828046799,0.9993863701820374,0.0035776409786194563,0.019676921889185905,-0.0028930786065757275,0.9998022317886353,0.9999998211860657,0.12550652027130127,0.15663155913352966,0.18155252933502197,0.17999616265296936,0.1523599773645401,0.009694530628621578,0.03743966296315193,0.2623235583305359,0.0449523888528347,0.03847738355398178,0.4567107856273651,0.1816703975200653,1,0.12916187427235185,1,0.48595728088153434,0.287786312529166,-0.039855433493795174,0.4575833436640998,33.24388264008869,0.4921462833881378,0.40215912163257594,0.5728197395801544,0.510471311211586,390.89393615722656,248.23256492614746,424.13036346435547,247.5285530090332,345.4839324951172,246.97803497314453,309.9782371520996,244.81355667114258,478,0.5806734561920166,0.60831218957901,1,-0.1657935082912445,0.5974478070271615,0.47858602290516394,0.42895292844131305,0.2767577451873243,-0.0610508864894867,0.3801861060997126,35.57160901874078,-1.9972513914108276,0.7,4.228086471557617,-3.0551087856292725,-37.99331283569336,-1.1274772882461548
0.9987965822219849,0.04904451593756676,-4.334345430834219e-05,-0.04903377965092659,0.9985586404800415,-0.021824928000569344,-0.0010271117789670825,0.021800806745886803,0.9997618198394775,1.0000001192092896,0.13758045434951782,0.08942055702209473,0.3108004033565521,0.2841499149799347,0.18287299573421478,0.012834836728870869,0.02489171177148819,0.19034796953201294,0.025836938992142677,0.021732572466135025,0.39247390627861023,0.13647009432315826,1,0.12868065737446938,1,0.5000403900574891,0.2901759027900375,-0.03225700124165815,0.4691435212485823,32.312628747902316,0.49144279956817627,0.4013549476861954,0.5802507400512695,0.5086525470018387,396.37367248535156,247.4216651916504,428.68614196777344,247.3202133178711,350.0869369506836,244.95054244995117,314.23038482666016,242.1848201751709,478,0.5888079404830933,0.6072975993156433,1,1.2491936683654785,0.5665378792689182,0.5373046841306782,0.4446904452434861,0.29229450354990577,-0.03829781276208401,0.42382153068771616,35.96305812908506,-2.8105568885803223,0.7,4.442846298217773,-2.826246976852417,-37.429710388183594,0.05884918197989464
0.9967357516288757,0.0016149836592376232,-0.0807163268327713,-0.008567675948143005,0.9962698817253113,-0.08586541563272476,0.08027657866477966,0.08627668023109436,0.9930316805839539,1.0000005960464478,0.12067128717899323,0.04985266551375389,0.1682875007390976,0.12542982399463654,0.35013729333877563,0.007490373216569424,0.008258403278887272,0.34477299451828003,0.049044981598854065,0.07007140666246414,0.3800539970397949,0.4919997453689575,1,0.11923707061720865,1,0.5915069241664631,0.30855906539672934,-0.037663425704454474,0.4859726964913118,30.54678943834739,0.4950573921203614,0.39280051589012144,0.5670674920082093,0.5119713604450226,388.6819076538086,249.2786693572998,419.1808319091797,247.56929397583008,343.7725067138672,247.2846508026123,310.9663391113281,244.2348289489746,478,0.5720100998878479,0.6191708445549011,1,4.965508460998535,0.9605184234435125,0.6150640659537209,0.41887756151905703,0.30065453395418684,-0.0416740661971302,0.4697996045106882,32.947625804763305,-0.4924871325492859,0.7,4.375542640686035,-2.9702367782592773,-38.585506439208984,-4.604463577270508
0.994968593120575,-0.032265663146972656,-0.09484916925430298,0.02733561024069786,0.9982295632362366,-0.052825599908828735,0.09638570249080658,0.04996703192591667,0.9940890669822693,0.9999999403953552,0.1075538620352745,0.08860325068235397,0.10854178667068481,0.10569538921117783,0.24715565145015717,0.012310309335589409,0.017803329974412918,0.22626931965351105,0.07383033633232117,0.08053988963365555,0.43259361386299133,0.30271849036216736,1,0.11698490878915571,1,0.5405341042933786,0.3091498294263766,-0.053454209940507216,0.4284130204662926,32.16003778416595,0.4955606460571289,0.3981846034526825,0.5660957098007202,0.49902737736701963,385.2779006958008,242.2763729095459,417.2693634033203,238.98785591125488,344.0843963623047,243.5588550567627,310.60638427734375,241.12910270690918,478,0.5705350637435913,0.6008427739143372,1,2.8775010108947754,0.9482898322087467,0.3996038900644334,0.4236012802551058,0.30248609306316393,-0.06181027903590488,0.4221306786279346,33.56606902378563,1.5737391710281372,0.7,4.39308500289917,-2.5048563480377197,-38.72783660888672,-5.53108024597168
0.9938539266586304,-0.01615566574037075,-0.10951429605484009,0.013018242083489895,0.9994857907295227,-0.02930324338376522,0.10993138700723648,0.027697453275322914,0.9935531616210938,0.9999998211860657,0.15498493611812592,0.09748280793428421,0.1417548507452011,0.11861392110586166,0.1013910323381424,0.03281618282198906,0.044005416333675385,0.10532322525978088,0.05721476674079895,0.07169157266616821,0.3045681416988373,0.49297207593917847,1,0.11871988989897035,1,0.4953671864341817,0.30724242367677773,-0.051707670150300374,0.45055116605142864,32.508598416942135,0.4980152785778046,0.39804205298423767,0.5670500338077545,0.5167882144451141,384.6910095214844,251.57421112060547,417.15675354003906,249.90554809570312,343.25042724609375,250.76471328735352,310.48587799072266,248.34059715270996,478,0.56903475522995,0.6187461614608765,1,1.5968307256698608,0.7910397317558672,0.38224273792526875,0.4388732923671352,0.28209450205309955,-0.06816103959337101,0.4141579981378196,32.854102133639046,0.7504600286483765,0.7,4.386936187744141,-3.3739564418792725,-38.827972412109375,-6.311359882354736
0.9925691485404968,0.025288976728916168,-0.11902544647455215,-0.020198233425617218,0.9988368153572083,0.04378430172801018,0.11999425292015076,-0.04105484485626221,0.9919253587722778,0.999999463558197,0.2727423310279846,0.16204045712947845,0.5154043436050415,0.5043704509735107,0.10368523746728897,0.027489695698022842,0.0423596166074276,0.11976911872625351,0.009199473075568676,0.009180446155369282,0.1888866126537323,0.21231238543987274,1,0.11578566957626266,1,0.5020117660566908,0.2728983041624314,-0.032420218353870364,0.41208873795650963,31.692301738800513,0.5005631446838379,0.4183313399553299,0.5657225847244263,0.5116511732339859,383.36517333984375,247.67784118652344,415.0572967529297,247.7841567993164,343.50746154785156,246.90622329711914,310.57918548583984,245.12529373168945,478,0.5651594400405884,0.593319833278656,1,-2.3700647354125977,0.8317895474631466,0.6407261489857926,0.43813177928905966,0.2653725511663138,-0.04112236545273867,0.41853222023907605,32.97640178368508,-1.1657764911651611,0.7,4.379424095153809,-3.174431562423706,-39.67820358276367,-6.891770839691162
0.9932475090026855,0.06418991088867188,-0.09663897007703781,-0.05681321769952774,0.995392382144928,0.07724170386791229,0.10115183144807816,-0.07122975587844849,0.992317795753479,1.0000001192092896,0.13689512014389038,0.15209926664829254,0.390878289937973,0.37985390424728394,0.03885934129357338,0.03543076664209366,0.09758786112070084,0.1206061914563179,0.014623994939029217,0.013693101704120636,0.2577905058860779,0.2605041563510895,1,0.12025518797354462,1,0.4955281309628556,0.29159386684497046,-0.031439299927065935,0.5051763360278338,33.3985468333421,0.5007450401782989,0.41912515461444855,0.5679938614368438,0.5141328126192093,385.10406494140625,249.94460105895996,418.4992218017578,250.42044639587402,343.8683319091797,247.23978996276855,310.65481185913086,245.0064182281494,478,0.5672488212585449,0.5950076580047607,1,-4.105717182159424,0.7300165651011835,0.599506664461523,0.43320538739960224,0.26335840029089796,-0.04482731361398193,0.43407586454238883,33.288524501494024,-3.2737202644348145,0.7,4.264554500579834,-3.4348602294921875,-39.137664794921875,-5.805501461029053
0.995940625667572,0.06944204121828079,-0.05727235600352287,-0.06495199352502823,0.9949248433113098,0.07684852927923203,0.062318217009305954,-0.07281661778688431,0.9953964948654175,0.999999463558197,0.11634304374456406,0.11269336193799973,0.3125567138195038,0.29049408435821533,0.04099089652299881,0.05319931358098984,0.08079349249601364,0.07819804549217224,0.024562586098909378,0.0218605138361454,0.34602802991867065,0.2705197036266327,1,0.12181955857551788,1,0.46142451957515923,0.2982613079615424,-0.0331435318555519,0.4978495418213448,32.64217058901555,0.49826750755310056,0.41420324742794035,0.5733721017837524,0.5126308411359787,388.3233642578125,249.6774673461914,420.9653854370117,249.77622985839844,346.2464904785156,246.84310913085938,312.6497459411621,243.88280868530273,478,0.5751045942306519,0.5984275937080383,1,-4.183927059173584,0.5312735939104144,0.5509683040962017,0.455747859948228,0.2754214501901377,-0.04957222234021501,0.4439835300400435,33.72691243359833,-3.7313590049743652,0.7,4.317996978759766,-3.4215121269226074,-39.00941467285156,-3.572885751724243
0.9858246445655823,0.03162352740764618,-0.16477198898792267,-0.0307096466422081,0.9994955658912659,0.008091314695775509,0.16494475305080414,-0.0029165265150368214,0.9862985014915466,0.9999999403953552,0.1876733899116516,0.13775712251663208,0.34409067034721375,0.33671149611473083,0.08314476907253265,0.045064788311719894,0.04584372416138649,0.08535891771316528,0.014955954626202583,0.023079410195350647,0.1751706898212433,0.38755735754966736,1,0.11365951714587426,1,0.5331668319653422,0.3046920071246153,-0.0249870986380595,0.4869976498683751,31.926389560451906,0.5060336202383041,0.41352123618125913,0.5634768813848495,0.5129929840564728,382.09083557128906,249.56914901733398,414.00718688964844,248.7686061859131,341.4402389526367,247.04046249389648,310.04947662353516,244.20395851135254,478,0.5574432611465454,0.5994717478752136,1,-0.16942554712295532,0.9449853025730537,0.5940011071228536,0.4518182520444007,0.263762524568232,-0.04196333984101055,0.4086444025000948,31.518656610143882,-1.7842566967010498,0.7,4.314053058624268,-3.183457374572754,-39.570533752441406,-9.494024276733398
0.9950364828109741,0.03451552987098694,-0.09333398193120956,-0.04068346694111824,0.997054934501648,-0.06501001119613647,0.09081524610519409,0.06848445534706116,0.9935101866722107,1.0,0.19116081297397614,0.10368796437978745,0.291324257850647,0.23085922002792358,0.0967523381114006,0.01187365222722292,0.060173824429512024,0.25151076912879944,0.02178519032895565,0.029971342533826828,0.2786433696746826,0.4245958626270294,1,0.12914102602352234,1,0.4966667224443565,0.2880129108850562,-0.02662905039042245,0.49674544299207424,32.103977497066914,0.49515219032764435,0.39916870594024656,0.571668341755867,0.516409969329834,391.00502014160156,251.4462661743164,423.10691833496094,251.08088493347168,344.4715118408203,248.66829872131348,310.7002258300781,245.4832363128662,478,0.5765161514282227,0.6172412633895874,1,3.9432640075683594,0.7531254106555447,0.6812703280898801,0.40941426682101495,0.2590429430693475,-0.03874513946901294,0.45267283280046217,33.921149470984865,-2.3413145542144775,0.7,4.446998596191406,-3.075141429901123,-38.51197052001953,-5.210508823394775
0.9969795346260071,0.07051555812358856,-0.032548390328884125,-0.0723712220788002,0.995578944683075,-0.05987470597028732,0.028182387351989746,0.06204944849014282,0.9976751208305359,1.0000001192092896,0.12529465556144714,0.13038823008537292,0.2971530556678772,0.28079524636268616,0.1521553248167038,0.0038129324093461037,0.042588479816913605,0.40039265155792236,0.021962173283100128,0.016862902790308,0.4346737563610077,0.2571790814399719,1,0.13307134483226005,1,0.5085382881474765,0.27977043077311137,-0.030841206587509298,0.4856422763740815,33.88700176616767,0.49180241823196413,0.39860669970512386,0.5774944663047791,0.5163440525531768,395.4473876953125,251.8135929107666,429.33101654052734,252.29169845581055,348.5645294189453,248.475980758667,312.2112464904785,244.3626880645752,478,0.5856920480728149,0.617737352848053,1,3.5588719844818115,0.6282132500045543,0.5418058964952719,0.4078246252394541,0.24147733147384415,-0.03267248642673748,0.45877167231049476,36.585247799319255,-4.151845455169678,0.7,4.420420169830322,-3.032891035079956,-37.4621467590332,-1.614945650100708
0.9979548454284668,0.0639212504029274,0.000350774556864053,-0.0632070004940033,0.9875927567481995,-0.14375488460063934,-0.009535438381135464,0.14343875646591187,0.9896132349967957,1.0000001192092896,0.1314127892255783,0.11516129970550537,0.21682853996753693,0.19428619742393494,0.4761533737182617,0.0024294599425047636,0.008580859750509262,0.46049433946609497,0.03711864724755287,0.03761792927980423,0.42796799540519714,0.21711786091327667,1,0.13178814788728124,1,0.5305356580525656,0.27887188923995915,-0.032138656559465205,0.4522563924067375,33.965822784097575,0.48568539321422577,0.38950928747653957,0.5763889402151108,0.5138756304979324,395.03013610839844,251.39622688293457,428.9940643310547,251.7549705505371,349.1708755493164,247.81079292297363,312.09362030029297,242.03679084777832,478,0.590703547000885,0.6243663430213928,1,8.247259140014648,0.7237250561202503,0.764321359924924,0.39573465504276095,0.24980539864308665,-0.0363006311567932,0.39880139471194476,37.5241516471811,-3.624075174331665,0.7,4.359606742858887,-2.613708019256592,-36.86177444458008,0.5463486313819885
0.9979867339134216,0.06206304952502251,0.01306277047842741,-0.059560757130384445,0.9878957271575928,-0.1432294398546219,-0.021793898195028305,0.14216303825378418,0.9896033406257629,0.9999999403953552,0.18610061705112457,0.15470559895038605,0.290696918964386,0.24281543493270874,0.23822636902332306,0.012928769923746586,0.016143977642059326,0.2212330549955368,0.029783599078655243,0.031899016350507736,0.34014108777046204,0.32249686121940613,1,0.1252698295260396,1,0.5214281161394828,0.26410400985358234,-0.028306287555600575,0.4372404958447904,33.4775431245259,0.48969483375549316,0.39239811599254604,0.5782984495162964,0.5139553517103195,394.0473175048828,251.3096809387207,427.52418518066406,251.52234077453613,349.7111511230469,246.8269157409668,314.03553009033203,242.22599029541016,478,0.5886036157608032,0.6215572357177734,1,8.174985885620117,0.5278994763435544,0.7714665307820284,0.44985545625214884,0.239068600226203,-0.03507513406809415,0.336803365236115,35.97107798075279,-3.4154129028320312,0.7,4.294475555419922,-2.611893892288208,-36.97294616699219,1.2487971782684326
0.9992076754570007,0.03813844546675682,-0.011376422829926014,-0.03942174091935158,0.987705409526825,-0.1512743979692459,0.005467183422297239,0.15160301327705383,0.9884263277053833,0.9999999403953552,0.14712560176849365,0.07738836109638214,0.2634405493736267,0.22931568324565887,0.23815590143203735,0.011650019325315952,0.01788218691945076,0.21084636449813843,0.03397665172815323,0.035427529364824295,0.4479709267616272,0.27136728167533875,1,0.12679899982028736,1,0.5208013716845065,0.26893193750880334,-0.02104497905594899,0.4919032894412374,33.45832180977724,0.4904538929462433,0.38945508897304537,0.5764921844005585,0.5178006380796433,393.45436096191406,252.14261054992676,426.91200256347656,251.92926406860352,347.8211212158203,249.25174713134766,312.79544830322266,245.04833221435547,478,0.5860382914543152,0.6283455491065979,1,8.719965934753418,0.5433507320942483,0.7615914225385692,0.44530547586978264,0.28633314216686434,-0.02840324946866965,0.45324247438279314,35.27699618753308,-2.2593183517456055,0.7,4.3200578689575195,-2.7339425086975098,-36.982147216796875,-0.31324806809425354
0.9990319609642029,0.020826853811740875,0.038746077567338943,-0.01983928307890892,0.9994728565216064,-0.025700435042381287,-0.03926089033484459,0.02490692213177681,0.9989185929298401,0.9999999403953552,0.22537972033023834,0.12086773663759232,0.3846227526664734,0.37822359800338745,0.07790575176477432,0.011391828767955303,0.06875530630350113,0.28335461020469666,0.014004074037075043,0.016056304797530174,0.23128092288970947,0.19444110989570618,1,0.1344241498069279,1,0.46531284945713136,0.27179709082016096,-0.02630998733020815,0.45892249276598074,34.650312924935484,0.48709459304809566,0.4072413861751556,0.5805954456329345,0.5122822344303131,396.0667037963867,248.83438110351562,430.7164001464844,248.62767219543457,349.7998809814453,246.48951530456543,312.7799606323242,244.31405067443848,478,0.5935008525848389,0.6050408482551575,1,1.4283103942871094,0.5221527146047125,0.6135911846654531,0.42650318135828424,0.26583625935512833,-0.03173597609136094,0.4213622752850024,37.08378552799553,-1.1376590728759766,0.7,4.348775863647461,-2.806723117828369,-36.77174377441406,2.250061511993408
0.9996155500411987,0.02514999359846115,-0.011669942177832127,-0.025559239089488983,0.9990119338035583,-0.03635556995868683,0.010744069702923298,0.03663988783955574,0.9992707967758179,0.9999999403953552,0.19853518903255463,0.10339131206274033,0.3986439108848572,0.3827400207519531,0.09514757245779037,0.029275109991431236,0.04656381905078888,0.12392992526292801,0.015495012514293194,0.01834515668451786,0.2532447874546051,0.20987485349178314,1,0.12836236838513365,1,0.47832972417831493,0.2831894756487588,-0.026035063757624124,0.46680927920148235,33.05895926061105,0.4928831458091736,0.4043074160814285,0.5774460434913635,0.5124834090471267,393.4066390991211,248.95651817321777,426.46522521972656,248.79944801330566,348.0266571044922,246.53769493103027,312.3793029785156,244.30346488952637,478,0.5845628976821899,0.6081759929656982,1,2.0999021530151367,0.5146756430530087,0.6627450978947684,0.45259312365997684,0.27688263383515216,-0.03487328342928826,0.432431138177107,35.717301691653184,-1.464680552482605,0.7,4.311120510101318,-2.831470489501953,-37.13236618041992,-0.615601658821106
0.9996468424797058,0.01598084717988968,-0.02123131975531578,-0.016802208498120308,0.9990944862365723,-0.03908850997686386,0.02058742754161358,0.039431437849998474,0.9990101456642151,1.0000001192092896,0.1342199295759201,0.08365003019571304,0.3375903367996216,0.28908848762512207,0.4799045920372009,0.0031215583439916372,0.007411828264594078,0.4370851218700409,0.020569363608956337,0.024913132190704346,0.30539095401763916,0.28831952810287476,1,0.12844425272583443,1,0.5553061672563286,0.2922085912945113,-0.03824632883414782,0.472139926674134,33.380179438486955,0.4879406690597534,0.40067177414894106,0.5724292397499084,0.5095691025257111,392.6375961303711,247.8157138824463,426.00685119628906,246.96178436279297,347.43385314941406,245.8381462097168,311.6038513183594,243.55782508850098,478,0.584488570690155,0.60889732837677,1,2.2603201866149902,0.8848466503252079,0.6629934387413167,0.3798247330019307,0.270559798290443,-0.036369381514637575,0.4841913793011462,35.90249149712385,-0.9629449844360352,0.7,4.3615546226501465,-2.804072618484497,-37.355281829833984,-1.1796560287475586
0.9998481273651123,0.017386822029948235,-0.0011738863540813327,-0.017399460077285767,0.9922904968261719,-0.1227061003446579,-0.0009686328703537583,0.12270793318748474,0.9924423694610596,1.0000001192092896,0.09265892952680588,0.06028442084789276,0.30996018648147583,0.26880472898483276,0.3090660572052002,0.0076056900434195995,0.014543053694069386,0.27086833119392395,0.026434678584337234,0.02817324735224247,0.4010705351829529,0.2777031660079956,1,0.12586672730928022,1,0.5227561659120976,0.31554259048045924,-0.017685986419521793,0.5020308863968619,31.835661811276157,0.489125645160675,0.39105788171291356,0.5776294231414795,0.5058023065328598,394.86095428466797,245.99249839782715,426.62113189697266,243.80149841308594,350.09552001953125,244.16828155517578,314.8723793029785,241.05640411376953,478,0.5885037779808044,0.6147444248199463,1,7.0484137535095215,0.5816979369021444,0.5987699553794148,0.41227032269355507,0.29009057854861464,-0.028540925923236437,0.48667875458579396,35.36033686518171,-0.9969663619995117,0.7,4.336208820343018,-2.4060027599334717,-36.65205764770508,0.05549858137965202
0.9983572363853455,0.030104689300060272,-0.04874962940812111,-0.03242042288184166,0.9983482956886292,-0.04743006452918053,0.047241244465112686,0.04893258959054947,0.9976842403411865,0.9999998211860657,0.13981598615646362,0.09115374833345413,0.3536955714225769,0.3013770580291748,0.24337375164031982,0.01211682427674532,0.019524743780493736,0.2182072103023529,0.02212945558130741,0.02261601760983467,0.30391043424606323,0.2973501682281494,1,0.12480177623624453,1,0.5104909392118657,0.31252618976995444,-0.021377058999953225,0.48725859424444806,31.337779145231416,0.49404238164424896,0.3992798775434494,0.5739551037549973,0.5061658471822739,391.9727325439453,246.30666732788086,423.27754974365234,244.86971855163574,347.04063415527344,244.13509368896484,312.68619537353516,241.10435485839844,478,0.5799127221107483,0.6068859696388245,1,2.8078882694244385,0.6279788464944719,0.6335646375481474,0.4274730085969941,0.2795133215851491,-0.03673967478780181,0.4572092771813857,34.487865140311044,-1.8599562644958496,0.7,4.387578010559082,-2.6969680786132812,-37.84210205078125,-2.7077317237854004
0.9975445866584778,0.06668318063020706,-0.021406862884759903,-0.06873749941587448,0.9907701015472412,-0.1168321818113327,0.013418533839285374,0.11801677197217941,0.9929208755493164,1.0000004768371582,0.17289799451828003,0.12182389199733734,0.33473655581474304,0.29842063784599304,0.5550379753112793,0.0025342025328427553,0.003979885950684547,0.5243827104568481,0.022299345582723618,0.020602326840162277,0.3381492793560028,0.27297770977020264,1,0.12760095630269425,1,0.5778465718002409,0.27835401200388504,-0.03111668267298724,0.4060310340980225,33.15935122846553,0.4905986875295639,0.39454424083232875,0.5744110435247421,0.5087341636419296,394.29039001464844,248.26223373413086,427.4380874633789,249.14128303527832,348.8256072998047,244.29991722106934,312.7793502807617,240.4050064086914,478,0.5838123559951782,0.6141899228096008,1,6.778271675109863,0.7910764156743142,0.7079891429582166,0.3893080236448067,0.2572211894326127,-0.027479963946531624,0.445148120290255,36.25607501360006,-3.9418318271636963,0.7,4.341612339019775,-2.544774293899536,-37.04109573364258,-0.7688483595848083
0.9976857304573059,0.06684266030788422,-0.012454832904040813,-0.06747457385063171,0.9959044456481934,-0.060179196298122406,0.008381289429962635,0.060880351811647415,0.9981098771095276,1.0000003576278687,0.15160253643989563,0.07752135396003723,0.3962220251560211,0.3502437174320221,0.3093915283679962,0.0079765310510993,0.012261350639164448,0.2759278416633606,0.01592952385544777,0.018127495422959328,0.3018503785133362,0.3666631579399109,1,0.12294855177376421,1,0.5221051426154282,0.30453318178717037,-0.022134275550514233,0.4927459270749904,31.66374393943985,0.4919379413127899,0.39532733857631686,0.5747276604175567,0.514423081278801,391.8494415283203,250.9314250946045,423.48793029785156,252.19582557678223,348.98162841796875,246.37327194213867,313.3729553222656,242.42122650146484,478,0.5827897191047668,0.6190957427024841,1,3.4904680252075195,0.6047166663907464,0.7284571741826251,0.42706255920293723,0.26986602102341345,-0.02675839850210976,0.46766880848247394,35.82731168917725,-3.869083881378174,0.7,4.319664478302002,-2.9934372901916504,-37.910667419433594,-0.4802180826663971
0.9900710582733154,0.02102740854024887,-0.1389862447977066,-0.017295245081186295,0.9994581341743469,0.02800634875893593,0.13949982821941376,-0.02532443404197693,0.9898982048034668,0.9999997615814209,0.14835277199745178,0.14636512100696564,0.4201872944831848,0.35129696130752563,0.43688929080963135,0.006288527976721525,0.005356821697205305,0.44361862540245056,0.017342355102300644,0.013197497464716434,0.1535632610321045,0.14808501303195953,1,0.11001530300653468,1,0.6213034853817004,0.3326561414128498,-0.052013456981654556,0.3930580431877676,30.82201883337989,0.5004721492528915,0.4165053784847259,0.5575604051351547,0.5049892485141754,380.3823471069336,245.0057029724121,411.2022018432617,244.64046478271484,339.90806579589844,244.01856422424316,309.15246963500977,241.9255542755127,478,0.5570882558822632,0.5884838700294495,1,-1.465470552444458,0.9599863563385848,0.5631000397444398,0.4036181607374461,0.3033178439065822,-0.03730103477275311,0.43938128004275756,30.82673167753611,-1.0007803440093994,0.7,4.219008445739746,-2.904658794403076,-40.21577072143555,-8.018903732299805
0.9934427738189697,0.02744349092245102,-0.11098761856555939,-0.03060668334364891,0.9991695284843445,-0.026897497475147247,0.11015728861093521,0.03011809103190899,0.9934577345848083,0.9999998211860657,0.16098429262638092,0.11771740764379501,0.2440248429775238,0.19525447487831116,0.4514891803264618,0.00454992800951004,0.0073096840642392635,0.40162917971611023,0.030641140416264534,0.03920983523130417,0.2984395921230316,0.43091848492622375,1,0.11940537082226052,1,0.5743452553233173,0.30559525795991066,-0.0403619072784098,0.4403284954308233,31.847489165309785,0.4964247405529022,0.3985675752162934,0.5625232517719269,0.5139908969402314,384.4902801513672,250.58547019958496,416.33052825927734,249.9063777923584,342.3854064941406,247.89567947387695,309.8240089416504,245.0859260559082,478,0.5660985112190247,0.615423321723938,1,1.73647141456604,0.9139642086954423,0.5448499028947107,0.361410977714801,0.2673843070548238,-0.04852586551737326,0.42174338179534354,32.68240084367225,-1.7646503448486328,0.7,4.247236728668213,-3.257394552230835,-38.96165466308594,-6.324382305145264
0.9881923794746399,0.022379964590072632,-0.15157514810562134,-0.024761676788330078,0.9995974898338318,-0.013843577355146408,0.15120433270931244,0.01743336208164692,0.9883488416671753,0.9999997019767761,0.08698973059654236,0.10213281959295273,0.13936270773410797,0.14107279479503632,0.13910852372646332,0.01796981878578663,0.03544383868575096,0.16760864853858948,0.06114795804023743,0.056723225861787796,0.48227134346961975,0.41521257162094116,1,0.11983869531889221,1,0.52418594492239,0.32217563648095354,-0.04258772815802951,0.49234039487079895,32.152221466466024,0.5012855857610703,0.39356649816036227,0.5633893936872483,0.5088119000196457,383.69285583496094,247.47742652893066,415.79471588134766,245.67855834960938,341.74816131591797,246.25665664672852,309.38709259033203,244.1831874847412,478,0.562103807926178,0.6152454018592834,1,1.0105282068252563,0.8563250789167036,0.3771289222069847,0.39314690546883435,0.28957767108725885,-0.05275083135326526,0.47692775883344385,32.42742733385834,-1.4353913068771362,0.7,4.210017681121826,-3.1994194984436035,-38.750911712646484,-8.696725845336914
0.9848968386650085,-0.03837863355875015,-0.16883522272109985,0.04095683619379997,0.9990910291671753,0.011813294142484665,0.1682283729314804,-0.018549831584095955,0.9855735301971436,1.0000004768371582,0.1609838753938675,0.15556375682353973,0.38454970717430115,0.37708616256713867,0.042793042957782745,0.057727232575416565,0.09598316997289658,0.08494769036769867,0.018775660544633865,0.013869593851268291,0.29013553261756897,0.27671998739242554,1,0.12456834088019357,1,0.498832071681425,0.26668933693936636,-0.050365380841810935,0.44836924153465285,32.66675969378808,0.5046232789754868,0.4087353527545929,0.560422882437706,0.4994703710079193,382.4857711791992,241.32044792175293,414.89013671875,237.18834400177002,336.4423370361328,244.03404235839844,305.01209259033203,242.77902603149414,478,0.5557996034622192,0.5907350182533264,1,-1.0782569646835327,0.8702227294803702,0.6083240406264109,0.4403073574468672,0.2587055152347546,-0.04582928288963606,0.4528164261895354,31.45529100114157,2.3812673091888428,0.5,4.103745460510254,-2.6220738887786865,-38.585113525390625,-9.684828758239746
0.8542471528053284,-0.001654654974117875,-0.5198644995689392,0.04084208235144615,0.9971176981925964,0.06393849849700928,0.5182603597640991,-0.07585161924362183,0.851852536201477,1.0000005960464478,0.20027336478233337,0.2157139778137207,0.3437965214252472,0.3174135982990265,0.016126759350299835,0.34343546628952026,0.33629655838012695,0.013637449592351913,0.0230866726487875,0.022480400279164314,0.2476593255996704,0.3854541480541229,1,0.09327514361822416,1,0.5179281775549676,0.2783983789400381,-0.0667614561922076,0.4650862338835267,29.858930971780296,0.5414231300354004,0.4093856573104858,0.5299778461456299,0.517661190032959,354.95677947998047,251.57238006591797,384.5687484741211,247.74001121520996,320.3663635253906,251.90448760986328,298.5926818847656,250.86968421936035,478,0.4885547161102295,0.6082755327224731,1,-5.088376045227051,1.0120860959709763,0.47836342775476154,0.4872936904952615,0.31233417967259147,-0.0944292308735177,0.39537280032677263,21.79825750577057,2.737262010574341,0.5,3.3703184127807617,-3.7458765506744385,-39.86204528808594,-31.21562957763672
0.9906343817710876,0.010693107731640339,-0.13612182438373566,-0.015113257803022861,0.9993900656700134,-0.0314800962805748,0.1357021927833557,0.03324247524142265,0.9901918768882751,1.0,0.1201585978269577,0.4037714898586273,0.09836601465940475,0.2620601952075958,0.254448264837265,0.003203463740646839,0.022206950932741165,0.4331221580505371,0.08005727827548981,0.02180132083594799,0.6449451446533203,0.15741105377674103,1,0.12462367017514535,1,0.519344460058263,0.26195345707232104,-0.08092969271387732,0.41992218562575745,33.45921276001744,0.49644489288330074,0.4080184787511826,0.565841269493103,0.5114494651556015,386.60472869873047,249.9063491821289,419.6331024169922,244.5542049407959,343.38489532470703,250.32814979553223,308.29044342041016,248.82691383361816,478,0.5693963766098022,0.603430986404419,1,1.922797441482544,0.8089592987658514,0.3881569868295975,0.3955536513784064,0.20582261299178442,-0.08841672470336398,0.33073387774330304,35.12654642783152,-0.87404465675354,0.5,4.466753005981445,-3.0285227298736572,-39.142066955566406,-7.7992262840271
0.9935195446014404,0.008191225118935108,-0.11336580663919449,-0.0019238132517784834,0.998468816280365,0.055284179747104645,0.11364506930112839,-0.054707832634449005,0.9920139908790588,0.9999997019767761,0.10241686552762985,0.3177589476108551,0.23569458723068237,0.24457471072673798,0.019147519022226334,0.11473526805639267,0.14262905716896057,0.04214060679078102,0.04154232144355774,0.027275515720248222,0.46738600730895996,0.2518354654312134,1,0.12024061615157053,1,0.472741563340004,0.2858531209721731,-0.047472304083308964,0.5148365864702295,31.569596410090096,0.5017288982868194,0.4181952059268952,0.5682546555995941,0.5110995948314667,385.76942443847656,247.71998405456543,417.2188186645508,244.96770858764648,341.9963073730469,248.94061088562012,309.67273712158203,248.54458808898926,478,0.5665257573127747,0.5929043889045715,1,-3.1565639972686768,0.6338394924012074,0.4750364912721637,0.4817390771327583,0.2311971163507024,-0.08320234453485931,0.4562233874158974,32.32599616286382,-0.1109452098608017,0.5,4.345915794372559,-3.245944023132324,-39.426631927490234,-6.525480270385742
0.9810698628425598,-0.006573386024683714,-0.19354248046875,0.02446221187710762,0.9956246018409729,0.09018437564373016,0.19210284948349,-0.09321165084838867,0.9769381284713745,1.0000004768371582,0.07536831498146057,0.24242261052131653,0.5926828384399414,0.5552523136138916,0.1729414016008377,0.014837474562227726,0.030139563605189323,0.22802715003490448,0.011373601853847504,0.0060857199132442474,0.28604474663734436,0.2022629976272583,1,0.11741345047396683,1,0.5697088137222311,0.2777689160709862,-0.03355256592173448,0.5589219045992203,33.26853500102381,0.5066715478897095,0.4249565869569778,0.5568336844444275,0.5050162941217422,379.8416519165039,243.74041557312012,412.91595458984375,240.15071868896484,336.7510986328125,245.3020477294922,306.6244888305664,245.9286403656006,478,0.550162136554718,0.5800597071647644,1,-5.450207710266113,0.9072029008439726,0.6457287819241027,0.40741747185598215,0.256927162558296,-0.057248882822834773,0.561210686366486,30.133125237331125,1.4283294677734375,0.5,4.255340576171875,-3.0273349285125732,-40.034210205078125,-11.075529098510742
0.9960571527481079,-0.0076268441043794155,-0.08838506042957306,-0.002785254269838333,0.9931179285049438,-0.11708579212427139,0.0886697843670845,0.11687024682760239,0.9891809821128845,1.0,0.06215217709541321,0.12208235263824463,0.10026407986879349,0.11141961067914963,0.18018434941768646,0.010465757921338081,0.02469777502119541,0.20791491866111755,0.08544602990150452,0.07933676987886429,0.6103775501251221,0.4024255871772766,1,0.13073331309679115,1,0.5145268613444818,0.2728270893616738,-0.028914073895466536,0.48140634398385634,36.84214279105619,0.49620077610015867,0.38851206302642827,0.5734149575233459,0.5046302556991578,391.1661148071289,244.50977325439453,427.86617279052734,241.27724647521973,346.40811920166016,245.17693519592285,309.91199493408203,244.26532745361328,478,0.5772141814231873,0.6161181926727295,1,6.738173007965088,0.804605245828972,0.4032917150956471,0.418271475457993,0.24629532060152903,-0.052041171763965895,0.48889059360319803,36.50750765669109,-0.1602145880460739,0.5,4.385519027709961,-2.4904842376708984,-37.22407150268555,-5.087084770202637
0.9933802485466003,0.00045514319208450615,-0.11487127840518951,-0.007561853155493736,0.9980822205543518,-0.061438482254743576,0.11462302505970001,0.06190047040581703,0.9914786219596863,1.0000001192092896,0.14952696859836578,0.1270298808813095,0.2944425642490387,0.28782373666763306,0.11160475760698318,0.020208681002259254,0.03710358962416649,0.14210829138755798,0.02282768301665783,0.022036030888557434,0.36326339840888977,0.34114500880241394,1,0.12580038128899582,1,0.5042520336786143,0.261772860220555,-0.02222009501610967,0.47225177270187635,34.357657605094346,0.4975746512413025,0.40303303003311153,0.5702642440795899,0.5149941563606262,388.2825469970703,249.68602180480957,422.6129913330078,248.3188247680664,344.15882110595703,248.71416091918945,309.60851669311523,246.41407012939453,478,0.5726895928382874,0.6119611263275146,1,3.5724806785583496,0.8001702671099209,0.6450835122307703,0.437066966317934,0.2440412380846404,-0.03161386910955074,0.46981775024228006,34.626780860059576,-0.4361410140991211,0.5,4.499349594116211,-2.976740837097168,-38.57798385620117,-6.581881999969482
0.9981275796890259,0.03534793108701706,-0.04991890862584114,-0.03599456325173378,0.9992785453796387,-0.012114359065890312,0.04945467785000801,0.013888400048017502,0.9986798167228699,0.9999998211860657,0.10216619074344635,0.12059909105300903,0.22926798462867737,0.2403305321931839,0.1585438996553421,0.013905247673392296,0.029578696936368942,0.20575879514217377,0.03902200236916542,0.031273894011974335,0.4480401575565338,0.30242830514907837,1,0.12209784803385759,1,0.512595783907128,0.2945262726367407,-0.033631464413873345,0.47925372052006243,32.0971402366958,0.49471048712730403,0.40267006158828733,0.5740405738353729,0.5137879610061645,390.87589263916016,249.4661808013916,422.9603958129883,248.56558799743652,347.69447326660156,248.16621780395508,314.18630599975586,245.05182266235352,478,0.5793300867080688,0.6111178994178772,1,0.7967472076416016,0.6552827911198981,0.4923866049640192,0.4209262346657054,0.26328284337989116,-0.02992783970684939,0.47400833913903373,33.65258876740757,-2.06531023979187,0.5,4.420773506164551,-3.1747045516967773,-38.49811553955078,-2.834700345993042
0.9991225004196167,0.03986797109246254,-0.012836579233407974,-0.04058961570262909,0.9972517490386963,-0.061979327350854874,0.010330303572118282,0.0624459944665432,0.9979949593544006,1.0,0.12770023941993713,0.09443099796772003,0.3467487692832947,0.3196779191493988,0.1289999783039093,0.019991056993603706,0.03340620547533035,0.14236809313297272,0.021609140560030937,0.02014758624136448,0.33752909302711487,0.26443547010421753,1,0.1253071871084684,1,0.49550908551258016,0.3079064979455485,-0.021843641128678738,0.475048581369782,32.86567173579711,0.49396755099296574,0.39992735087871556,0.576012271642685,0.5087678760290146,392.12913513183594,246.71364784240723,424.98279571533203,247.60210990905762,348.1624984741211,244.66795921325684,313.67849349975586,241.7190170288086,478,0.5820447206497192,0.6088405251502991,1,3.5804121494293213,0.5795633023225455,0.6945792500217268,0.4317436584317889,0.2822429657439512,-0.02682819603328851,0.4622802008276452,34.60986650000956,-2.3263769149780273,0.5,4.281795024871826,-2.7538955211639404,-37.50987243652344,-0.5918932557106018
0.9984800219535828,0.042168110609054565,-0.03548892214894295,-0.042100537568330765,0.9991098642349243,0.0026500707026571035,0.03556907922029495,-0.0011519339168444276,0.9993665218353271,1.0000004768371582,0.18891212344169617,0.09419535100460052,0.4232614040374756,0.3789289593696594,0.17355921864509583,0.018018802627921104,0.025690551847219467,0.16273680329322815,0.013828182592988014,0.01606050319969654,0.2415829747915268,0.2586685121059418,1,0.12275320193701256,1,0.5114423040549791,0.2886744104377576,-0.01731457528733799,0.4589499227661565,33.24823966623439,0.4897338926792145,0.4091287583112717,0.5747360169887543,0.5094417661428452,390.81775665283203,247.35637664794922,424.0574645996094,248.10954093933105,347.7163314819336,244.72978591918945,313.29639434814453,241.99645042419434,478,0.5850021243095398,0.6003130078315735,1,-0.06604275852441788,0.5722390149222001,0.6575552430922641,0.4440802696497348,0.27589182484507485,-0.034014895900478966,0.4451565093788703,34.52829557466235,-2.4144248962402344,0.5,4.4320268630981445,-2.999662399291992,-38.085384368896484,-2.0383877754211426
0.9989804625511169,0.04181164503097534,-0.017024800181388855,-0.04157620668411255,0.9990378618240356,0.013955974020063877,0.017591943964362144,-0.013233913108706474,0.9997576475143433,1.0,0.16285857558250427,0.09583648294210434,0.43397992849349976,0.3785880208015442,0.2718079388141632,0.00989304669201374,0.019031204283237457,0.23752497136592865,0.013908687978982925,0.01661333441734314,0.26302385330200195,0.3410950005054474,1,0.12280434427776325,1,0.5240670565054496,0.298577536006572,-0.01948161646790247,0.525550626877734,32.38409487819132,0.4893531799316406,0.4087994784116745,0.5737484097480774,0.5092077940702439,391.01097106933594,247.2279167175293,423.38619232177734,247.9859733581543,347.3884582519531,244.71247673034668,313.8978958129883,242.15575218200684,478,0.5843952298164368,0.6004083156585693,1,-0.7583868503570557,0.5616187362945122,0.6284103964912862,0.41816299626120357,0.27259770914851156,-0.03660041859382544,0.48277762538203267,33.58801293559151,-2.3831968307495117,0.5,4.415908336639404,-3.0665664672851562,-38.68227005004883,-1.0079960823059082
0.9991004467010498,0.042384225875139236,0.0013913573930040002,-0.042150720953941345,0.9961286783218384,-0.07714299857616425,-0.004655615892261267,0.07701496034860611,0.9970190525054932,1.0000001192092896,0.12625457346439362,0.07210785150527954,0.27915138006210327,0.23579202592372894,0.15837591886520386,0.01929529197514057,0.027947479858994484,0.14420616626739502,0.028503818437457085,0.03335919603705406,0.34938883781433105,0.33012765645980835,1,0.11940149776401074,1,0.5126937416277078,0.3030556948257117,-0.01752688934096249,0.48238583951767455,33.24864497125167,0.495477843284607,0.39359401464462285,0.5776536941528321,0.5098318934440613,391.6973876953125,247.8750228881836,424.94258880615234,247.39648818969727,350.72521209716797,245.42584419250488,316.03973388671875,242.2734832763672,478,0.5821758508682251,0.6162378787994385,1,4.417053699493408,0.5278870338527166,0.6820903276345361,0.44579829526335757,0.28107251952501056,-0.03321610803482072,0.43953270119395527,34.82843347184591,-2.415800094604492,0.5,4.378085613250732,-2.8083572387695312,-38.29587936401367,0.2667481005191803
0.9990119934082031,0.043228454887866974,-0.0103093096986413,-0.04374731704592705,0.9974170327186584,-0.056967947632074356,0.007820045575499535,0.05736265331506729,0.9983227849006653,0.9999995231628418,0.13927218317985535,0.08243713527917862,0.3162076473236084,0.27238285541534424,0.16925162076950073,0.01830633170902729,0.028002776205539703,0.16664406657218933,0.024150794371962547,0.024885863065719604,0.3325515389442444,0.26120540499687195,1,0.12077265636892387,1,0.51457708100616,0.2874194365575391,-0.01880597373089099,0.45805950295820896,33.58831368532299,0.4940181910991669,0.398208013176918,0.5764750182628632,0.5095345288515091,391.2991714477539,247.7988052368164,424.88014221191406,247.09650993347168,349.6382522583008,245.3756332397461,315.2083396911621,242.0774745941162,478,0.5824568271636963,0.6113265156745911,1,3.288543701171875,0.6003501525168504,0.6498912185795338,0.4387468694419206,0.2823869593202942,-0.030573303225321154,0.43501329976764574,34.58752274884299,-2.507413625717163,0.5,4.418028831481934,-2.8245246410369873,-38.516048431396484,-0.44806018471717834
0.9964670538902283,0.08214672654867172,0.01747501827776432,-0.08093732595443726,0.9948333501815796,-0.06128336861729622,-0.02241896092891693,0.059652481228113174,0.9979674220085144,0.9999998211860657,0.08790279924869537,0.03534529358148575,0.240509495139122,0.20516400039196014,0.20026704668998718,0.014507724903523922,0.02377484366297722,0.1750047355890274,0.03360087424516678,0.03746379166841507,0.35494422912597656,0.11677967011928558,1,0.12340330430207776,1,0.5109778238308257,0.3311856814071196,-0.024922138083215487,0.4762339077072676,31.809663441287984,0.495406711101532,0.39740107357501986,0.5845955848693848,0.5085213571786881,397.96756744384766,248.40482711791992,429.77710723876953,248.31613540649414,354.73960876464844,245.0046730041504,319.63497161865234,240.1493740081787,478,0.5891888737678528,0.6111202836036682,1,3.4207262992858887,0.5344050700228838,0.63069903701995,0.42720495419820576,0.32382561200377746,-0.04311735062975944,0.4485044975007597,35.43881315116534,-4.643614292144775,0.5,4.548096656799316,-2.7617950439453125,-37.853271484375,1.2846193313598633
0.9993074536323547,0.036805346608161926,-0.0054651349782943726,-0.03713349625468254,0.995812177658081,-0.08354233205318451,0.0023674427065998316,0.083687424659729,0.9964892864227295,0.9999998211860657,0.08950590342283249,0.055361926555633545,0.1616767793893814,0.13956768810749054,0.36802080273628235,0.0029150613117963076,0.01399191189557314,0.4060215353965759,0.04674422740936279,0.05373435840010643,0.4186335504055023,0.27911365032196045,1,0.1260227652456803,1,0.5451839023673707,0.32580028616937556,-0.037475150806320336,0.4489389504087967,31.558528684116176,0.48793784379959104,0.39274194836616516,0.5749691486358642,0.5043624341487885,394.0436553955078,246.26675605773926,425.55049896240234,244.46133613586426,349.1143035888672,243.7953758239746,313.49517822265625,239.73056316375732,478,0.5870313048362732,0.6116204857826233,1,4.800563812255859,0.7733203820557693,0.5029325998740832,0.3963978069687481,0.2892018874389011,-0.03604553059915355,0.4712270372011906,35.85031093154165,-2.1280879974365234,0.5,4.427270412445068,-2.6105101108551025,-37.7236328125,-0.1356445848941803
0.946150541305542,0.015014354139566422,-0.32337847352027893,-0.008177278563380241,0.9997135400772095,0.02249106951057911,0.32362356781959534,-0.018635548651218414,0.9460024237632751,1.0000001192092896,0.13164009153842926,0.15855692327022552,0.16893009841442108,0.1530744880437851,0.11600002646446228,0.0467303991317749,0.03361246734857559,0.124302938580513,0.05194724351167679,0.05286796763539314,0.20158594846725464,0.2768695652484894,1,0.10370395677536781,1,0.5979566832020453,0.32175486355976257,-0.08404481439146805,0.3602812516344252,30.451129258979435,0.5175965994596481,0.40888527035713196,0.5434682339429855,0.49716636538505554,369.0662384033203,242.41965293884277,399.34661865234375,239.1994285583496,330.12279510498047,242.00812339782715,303.00750732421875,239.92777347564697,478,0.5258716344833374,0.5882810950279236,1,-1.1285384893417358,0.9366792260698493,0.21540038026839275,0.42183621121720893,0.3160063277567089,-0.07390064378025323,0.3700563841899229,27.19497540514848,-0.49517685174942017,0.5,3.7962396144866943,-2.7683186531066895,-39.68626403808594,-18.882204055786133
0.9770154356956482,-0.03282483294606209,-0.21062606573104858,0.04454413801431656,0.9976977109909058,0.05113828927278519,0.20846250653266907,-0.05934504047036171,0.9762282371520996,1.0000005960464478,0.09237756580114365,0.12022958695888519,0.11046313494443893,0.2507689297199249,0.8418747186660767,0.055347491055727005,0.0002684600476641208,0.1967662274837494,0.049526311457157135,0.015082201920449734,0.21591879427433014,0.38177287578582764,1,0.10202994941254877,1,0.703795662038629,0.35162830806888395,-0.10536262042477018,0.32113251887363936,30.716789246871297,0.5069509863853454,0.41011834144592285,0.5493057489395141,0.5018516182899475,375.7175827026367,243.35589408874512,406.29261016845703,240.40821075439453,331.01951599121094,244.96044158935547,303.97756576538086,243.88375282287598,478,0.5423547625541687,0.5917332768440247,1,-3.478736639022827,0.8277641264841628,0.15781033444591305,0.5615203322437317,0.32202757708533675,-0.07490567415713952,0.4409291666856244,27.063376189423618,2.610424280166626,0.5,4.046316623687744,-3.029374361038208,-40.25324249267578,-12.032265663146973
0.9842018485069275,-0.03302620351314545,-0.17394249141216278,0.04271026700735092,0.9977214336395264,0.0522274486720562,0.1718212366104126,-0.05883149057626724,0.9833698272705078,0.9999993443489075,0.08192554861307144,0.12817183136940002,0.23292015492916107,0.2197902649641037,0.18805012106895447,0.01959266886115074,0.0207910668104887,0.18258345127105713,0.03266443684697151,0.03147737681865692,0.38841527700424194,0.44546571373939514,1,0.11216758969267929,1,0.5639377642480188,0.32589382558467767,-0.06270030290969754,0.4433840500415496,30.365510901913613,0.506435003876686,0.4064184486865997,0.5572998791933059,0.49728400111198423,379.7325134277344,240.7558822631836,409.8301696777344,236.731538772583,336.80747985839844,242.67391204833984,305.8865737915039,242.38826751708984,478,0.5508648753166199,0.5908655524253845,1,-3.423720121383667,0.8240242607991523,0.3228247637518045,0.4845343626851549,0.2742604035549259,-0.07125106968068966,0.46975862700888976,30.922225418908525,2.48483943939209,0.5,4.1617960929870605,-2.894306182861328,-39.71323013305664,-9.893725395202637
0.9871484637260437,0.022979706525802612,-0.1581449657678604,-0.01628139615058899,0.9989198446273804,0.043521612882614136,0.15897423028945923,-0.040387481451034546,0.9864563345909119,1.0,0.04818878322839737,0.2671934962272644,0.26701292395591736,0.2913875877857208,0.21583636105060577,0.010603484697639942,0.021596496924757957,0.2249699980020523,0.03503918647766113,0.01801607944071293,0.5926427841186523,0.14142078161239624,1,0.12123980917126347,1,0.5555072897652178,0.2955084485460483,-0.03127026194760619,0.4660263103491069,34.298634906982734,0.5053004205226899,0.4084727466106415,0.562018769979477,0.49854549765586853,383.560791015625,241.6651725769043,417.5702667236328,237.2208595275879,338.97884368896484,242.70463943481445,306.69525146484375,242.36068725585938,478,0.5567183494567871,0.590072751045227,1,-2.3444933891296387,0.9171960079451683,0.35710179415630394,0.44101851458633934,0.2658846258912624,-0.07544348416693812,0.4414103972985374,32.28542442123551,-0.9449142217636108,0.5,4.206103324890137,-2.7253756523132324,-39.39933776855469,-9.147360801696777
0.9880813956260681,0.02975584752857685,-0.15102896094322205,-0.026100194081664085,0.9993178248405457,0.02613029256463051,0.15170344710350037,-0.021876977756619453,0.988183856010437,1.0000001192092896,0.22561532258987427,0.2594926953315735,0.4386851191520691,0.3874443471431732,0.15678024291992188,0.02277189865708351,0.022873807698488235,0.169680655002594,0.014212087728083134,0.014702094718813896,0.312471479177475,0.32317662239074707,1,0.11506565968934439,1,0.5671386011147445,0.2391519989004442,-0.02803911512801239,0.42804579866110987,32.694867123000385,0.5085317939519882,0.4192321807146072,0.5655246824026108,0.5088679701089859,384.66636657714844,247.22454071044922,417.32940673828125,245.78227043151855,342.1383285522461,246.19935035705566,311.3856887817383,243.56343269348145,478,0.5569928884506226,0.5896357893943787,1,-1.2682393789291382,0.958141567941777,0.5686553787351464,0.4433161829957623,0.21122697776451443,-0.05907957076582989,0.391078418963915,30.865399962506434,-1.5131174325942993,0.5,4.525296211242676,-2.9675192832946777,-40.72319793701172,-8.725655555725098
0.9942601323127747,0.09428096562623978,-0.05057525634765625,-0.09253174066543579,0.9950628876686096,0.03588453680276871,0.053708791732788086,-0.030998751521110535,0.9980754256248474,0.9999999403953552,0.21922898292541504,0.29219067096710205,0.45918184518814087,0.4221310019493103,0.21255835890769958,0.011155485175549984,0.022597186267375946,0.19759370386600494,0.01557574886828661,0.01121307723224163,0.3582158386707306,0.25359201431274414,1,0.11929722640993641,1,0.5205244863177032,0.2587429804404169,-0.03475518136952766,0.44406401669761764,31.57803102636873,0.49899308085441585,0.4150570839643478,0.573523861169815,0.5129248708486557,389.9115753173828,249.91141319274902,421.4197540283203,252.0106315612793,348.30379486083984,246.19912147521973,314.6134948730469,243.209867477417,478,0.5745307803153992,0.5978677868843079,1,-1.778950572013855,0.6719022112118237,0.6271931855469127,0.4245622636829635,0.21002039861124286,-0.05437518422221762,0.41379279587401,33.82265443158635,-5.316969394683838,0.5,4.474086761474609,-3.2200400829315186,-39.83539581298828,-3.078768253326416
0.9973005056381226,0.036818768829107285,-0.06353039294481277,-0.035914912819862366,0.9992375373840332,0.01531138177961111,0.06404569745063782,-0.012988370843231678,0.9978624582290649,1.0000003576278687,0.0727895125746727,0.10919414460659027,0.22678041458129883,0.1900821179151535,0.23364496231079102,0.013036516495049,0.01500181294977665,0.2152174860239029,0.02972790040075779,0.04118703678250313,0.11315888911485672,0.5704310536384583,1,0.11157877474848144,1,0.5548576202945431,0.3738292937997297,-0.061760556218791424,0.44408454470447417,31.108147110773302,0.4971629619598389,0.40062222182750706,0.5689702868461609,0.5103683799505234,386.11698150634766,249.82624053955078,417.21290588378906,248.95428657531738,347.52681732177734,246.02717399597168,313.81521224975586,243.12586784362793,478,0.571807324886322,0.6097461581230164,1,-0.7457308173179626,0.907146235616948,0.3209872096422756,0.43585999327707875,0.252168005626148,-0.05584261660126085,0.44418996932883265,33.83622162696722,-2.0624516010284424,0.5,4.404763221740723,-3.284167528152466,-39.84004211425781,-3.6720614433288574
0.9910972118377686,0.030733147636055946,-0.12954483926296234,-0.023786550387740135,0.9982120990753174,0.05483367666602135,0.130998432636261,-0.05126408860087395,0.9900562763214111,0.9999999403953552,0.1352398693561554,0.21932056546211243,0.21981987357139587,0.2553469240665436,0.019508739933371544,0.11098888516426086,0.14501850306987762,0.0400611087679863,0.02710302360355854,0.026807039976119995,0.2998502552509308,0.3095225393772125,1,0.1163652064450861,1,0.4952762379349432,0.2926010089225543,-0.04795157972054621,0.4404696695385076,32.59213233267344,0.5093340903520585,0.40821827650070186,0.5664678245782853,0.5131881356239318,383.45970153808594,249.65426445007324,416.02062225341797,248.22824478149414,342.25536346435547,248.9406681060791,310.54636001586914,246.41867637634277,478,0.5571337342262268,0.60496985912323,1,-2.96406888961792,0.7145800813200219,0.4722923172642445,0.46217656565150833,0.24401854419570865,-0.0705360993402809,0.4080202566676667,31.80913928487526,-1.374847173690796,0.5,4.331577301025391,-3.468125581741333,-40.34561538696289,-7.527291297912598
0.9992452263832092,0.018235690891742706,0.03429832309484482,-0.016254199668765068,0.998231053352356,-0.057188935577869415,-0.035280536860227585,0.056588295847177505,0.997774064540863,1.0000001192092896,0.132833793759346,0.1533503234386444,0.27337974309921265,0.2870154082775116,0.18701927363872528,0.011929144151508808,0.026201719418168068,0.19583748281002045,0.030954696238040924,0.02371605858206749,0.4326510429382324,0.22565390169620514,1,0.11869890291422543,1,0.4963956954463467,0.2851050663757834,-0.02528377925086749,0.4485697705436585,32.43143173110537,0.4897821247577667,0.3994235098361969,0.5808380544185638,0.5100862681865692,393.4748077392578,246.88344955444336,425.87879180908203,245.54944038391113,353.58985900878906,245.87785720825195,318.90918731689453,245.18912315368652,478,0.5910559296607971,0.6106627583503723,1,3.246026039123535,0.5517120239275475,0.6124116804750501,0.4287230128258469,0.2655092548496535,-0.030948152596640435,0.4295921250734254,34.68750990873037,-0.931918203830719,0.5,4.657195568084717,-2.860806941986084,-39.0213508605957,2.0218453407287598
0.9831794500350952,-0.012308089062571526,-0.18222694098949432,0.006869541946798563,0.9995128512382507,-0.030446084216237068,0.18251287937164307,0.028682176023721695,0.9827849864959717,0.9999998211860657,0.14032532274723053,0.09862810373306274,0.32231709361076355,0.28431999683380127,0.07677498459815979,0.0615268349647522,0.04651564732193947,0.07335264980792999,0.018385929986834526,0.026030149310827255,0.27059441804885864,0.3055659234523773,1,0.11146129678903674,1,0.5707442826366012,0.293585707178679,-0.030976426618379713,0.4584267070859027,32.76930238933163,0.5134073436260224,0.4085967689752579,0.5634872853755951,0.509979858994484,382.34100341796875,247.011079788208,415.0469207763672,244.9738883972168,339.8838424682617,247.16958045959473,311.717472076416,245.54583549499512,478,0.5500799417495728,0.6013830900192261,1,1.6716792583465576,0.8404830641248435,0.5061391864621454,0.4673813584710255,0.32113282924333736,-0.0630956271761524,0.4321927004372342,28.21313468611971,0.4003230035305023,0.5,4.486540794372559,-3.0536348819732666,-40.29901885986328,-10.516161918640137
0.9857141375541687,0.01662709377706051,-0.16760428249835968,-0.01067260280251503,0.9992815852165222,0.03636547178030014,0.16808852553367615,-0.03405718132853508,0.9851833581924438,0.9999998211860657,0.12663701176643372,0.17811019718647003,0.45784035325050354,0.4087628722190857,0.06873492896556854,0.05428992584347725,0.05425909906625748,0.07850471138954163,0.014269794337451458,0.011850657872855663,0.3611762225627899,0.27257776260375977,1,0.11437957082089116,1,0.5499718114678591,0.27515345085277365,-0.026737517573302963,0.5098579512654902,32.374264470238685,0.5105575829744339,0.4140838086605072,0.564222326874733,0.5039457976818085,383.25260162353516,243.54769706726074,415.5424118041992,241.21078491210938,340.6523895263672,244.54587936401367,310.62875747680664,243.40335845947266,478,0.5536647439002991,0.5898619890213013,1,-1.9798911809921265,0.9295304433541633,0.5913006174477036,0.4606098793573898,0.2754525348824032,-0.055418223826151664,0.46618967157579355,30.045362962107866,-0.620333194732666,0.5,4.303135395050049,-2.91100811958313,-39.49100875854492,-9.6766996383667
0.9865610003471375,-0.012376534752547741,-0.16292423009872437,0.012624425813555717,0.9999202489852905,0.0004862004716414958,0.16290520131587982,-0.002536518732085824,0.9866384267807007,0.9999992251396179,0.15106341242790222,0.18079480528831482,0.3228064775466919,0.2856191098690033,0.04380510747432709,0.09911860525608063,0.0805356502532959,0.04383936524391174,0.022605152800679207,0.030322233214974403,0.2792379558086395,0.4297679364681244,1,0.11267980336770902,1,0.5276141492670632,0.2993469095594119,-0.025218452685366165,0.5139898519699553,31.055184479292148,0.5094958215951919,0.40331306457519533,0.5652877360582351,0.5045394539833069,383.3010482788086,243.7990951538086,414.2921829223633,241.80559158325195,341.21448516845703,244.71078872680664,311.35406494140625,243.5910701751709,478,0.5557919144630432,0.6012263894081116,1,-0.1472996473312378,0.8374360898669685,0.5229575824353832,0.4808048903449087,0.26374323365794683,-0.05811767363331542,0.3967363433074974,29.881406690962585,0.7331394553184509,0.5,4.394443511962891,-2.863647699356079,-39.35367202758789,-9.375564575195312
0.9724375605583191,0.04555424302816391,-0.22866995632648468,-0.01103832758963108,0.9886234402656555,0.15000620484352112,0.2329019159078598,-0.14334750175476074,0.9618774652481079,0.9999995827674866,0.16377735137939453,0.30156949162483215,0.5586768388748169,0.5203111171722412,0.014519154094159603,0.17249614000320435,0.18464793264865875,0.03435061126947403,0.01027971226722002,0.007770481985062361,0.19612978398799896,0.23156289756298065,1,0.1138087880680573,1,0.5055145707870291,0.2755712823047076,-0.047113587407789356,0.506880832873592,31.611862923496876,0.5181044846773147,0.42891651093959804,0.5607997089624405,0.5008447736501693,379.8678970336914,242.8777027130127,411.40899658203125,240.76372146606445,338.38645935058594,243.32468032836914,308.3341979980469,242.37215995788574,478,0.5426952242851257,0.5719282627105713,1,-8.476339340209961,0.9149143229866435,0.5663068569041075,0.46988239586456576,0.23244296159325184,-0.07592021339237687,0.4499887495744255,30.067352851849687,-0.6503475904464722,0.5,4.209628582000732,-3.1105740070343018,-39.80746841430664,-13.467979431152344
0.976260244846344,0.08350063860416412,-0.19985908269882202,-0.06299015879631042,0.9922747015953064,0.10687926411628723,0.20723959803581238,-0.09175281971693039,0.9739780426025391,1.0000003576278687,0.18713758885860443,0.30710479617118835,0.2033948302268982,0.20468683540821075,0.006801453419029713,0.2913054823875427,0.2739677429199219,0.013894587755203247,0.04211314767599106,0.03693690150976181,0.29489654302597046,0.2721307575702667,1,0.11586759167459759,1,0.4355388065681007,0.2902953581613877,-0.055827711044313034,0.3987259357453869,32.149295201303566,0.5197254061698914,0.4114334106445312,0.5668205857276917,0.5119367361068725,381.70433044433594,250.10951042175293,413.85257720947266,249.84987258911133,340.80650329589844,247.72530555725098,309.07262802124023,244.63946342468262,478,0.5470951795578003,0.6005033254623413,1,-5.381620407104492,0.7086285667840508,0.4997197507462243,0.5194452747953364,0.23770898107249425,-0.09095943767980515,0.28460830341232113,31.883557857906393,-3.6917145252227783,0.5,4.275482654571533,-3.5717551708221436,-40.243385314941406,-11.960634231567383
0.9991298913955688,0.026198837906122208,-0.0324513241648674,-0.02784021385014057,0.9983000159263611,-0.05120554566383362,0.031054623425006866,0.052064452320337296,0.9981607794761658,0.9999997019767761,0.2551385462284088,0.1263175904750824,0.32384219765663147,0.2678784728050232,0.26679983735084534,0.006586297880858183,0.018416479229927063,0.2819230258464813,0.016342993825674057,0.030263660475611687,0.26424771547317505,0.3374466896057129,1,0.1297473298448446,1,0.5262835852406437,0.2513796345666605,-0.019046773549359727,0.463521784671103,33.104918949774934,0.4874211430549622,0.39855036735534666,0.579329538345337,0.5109755158424377,396.5985107421875,248.7432861328125,429.7032928466797,248.648099899292,350.54222106933594,245.99796295166016,313.66262435913086,243.56966972351074,478,0.5919083952903748,0.6124251484870911,1,2.9858639240264893,0.6575684718476998,0.6237292259621654,0.4237266778622181,0.24042035253235222,-0.04894264738185709,0.3834831402899384,36.9594542922804,-1.5961028337478638,0.5,4.843502998352051,-2.8978991508483887,-38.66782760620117,-1.7795848846435547
0.9983643889427185,0.023483477532863617,-0.052124831825494766,-0.025532793253660202,0.9989127516746521,-0.039004240185022354,0.05115220695734024,0.040271349251270294,0.9978786110877991,1.0000003576278687,0.17757534980773926,0.08795725554227829,0.29867804050445557,0.2634088397026062,0.16235065460205078,0.018906423822045326,0.030261479318141937,0.1557837426662445,0.021824045106768608,0.03222717344760895,0.22648188471794128,0.32581353187561035,1,0.12406166786727935,1,0.5234739707572037,0.30075661230286677,-0.015037360788205046,0.4750353128957555,32.420393428780756,0.4962948620319366,0.4018324196338654,0.576210206747055,0.5098492085933686,393.0335235595703,248.14252853393555,425.44384002685547,247.33426094055176,348.6776351928711,245.71060180664062,314.0156555175781,242.80752182006836,478,0.5799153447151184,0.6080167889595032,1,2.3110294342041016,0.616046818429265,0.6055132467098663,0.4345568515891801,0.27811872856972014,-0.0452673523018414,0.4067750826760305,34.78333952466936,-1.4649986028671265,0.5,4.6493988037109375,-2.910102128982544,-38.901336669921875,-2.9320850372314453
0.9994350671768188,0.03231721743941307,-0.009222598746418953,-0.0332086905837059,0.9918109178543091,-0.12332189828157425,0.00516165466979146,0.12355847656726837,0.9923238158226013,1.0000005960464478,0.13442674279212952,0.07920672744512558,0.21463486552238464,0.18183596432209015,0.2842729389667511,0.007700696121901274,0.014530519023537636,0.24895575642585754,0.03818539157509804,0.04611368849873543,0.3781091570854187,0.35345005989074707,1,0.12694657013981675,1,0.5186673602987812,0.28196271325108035,-0.026092592627088015,0.45766929872951545,35.1910388365153,0.4928767263889313,0.3924766331911087,0.5812784016132355,0.5083051472902298,395.7093048095703,247.87556648254395,430.8837890625,246.79627418518066,352.50083923339844,245.06881713867188,316.3875961303711,240.9253692626953,478,0.5884016752243042,0.6158285140991211,1,7.097612380981445,0.6214282451700253,0.727066394056953,0.4156446517125173,0.2753411005724516,-0.02509355339292408,0.44240495679689823,36.350164893601054,-1.9030930995941162,0.5,4.634519577026367,-2.5058794021606445,-37.42155838012695,-0.29574233293533325
0.9535317420959473,0.01355986949056387,-0.3009873628616333,0.002373468829318881,0.9986177086830139,0.0525081530213356,0.3012832701206207,-0.05078262463212013,0.9521813988685608,0.9999997615814209,0.09574420005083084,0.12135011702775955,0.2424817681312561,0.2174765020608902,0.05222116783261299,0.057300642132759094,0.0802820548415184,0.08128368109464645,0.027421502396464348,0.03177756443619728,0.190066859126091,0.38021108508110046,1,0.11306514356005568,1,0.5405563000709754,0.30008244472394646,-0.06263594352475597,0.4584384291569184,32.645671596521915,0.5156188279390335,0.4086164921522141,0.5516354113817215,0.5055142134428025,374.47471618652344,246.24887466430664,406.97498321533203,243.17112922668457,333.58776092529297,245.88443756103516,304.7516441345215,243.49193572998047,478,0.536016583442688,0.5968977212905884,1,-3.052859306335449,0.9621303301937237,0.4219963740105499,0.41418432502883595,0.28197067063158887,-0.06582900803259933,0.4345458995135657,28.935198230537207,0.1426166146993637,0.3,4.185342311859131,-3.2050015926361084,-40.36372375488281,-17.53469467163086
0.997878909111023,0.02030147798359394,-0.06185106560587883,-0.018024707213044167,0.9991471767425537,0.03714881092309952,0.06255249679088593,-0.03595517575740814,0.9973938465118408,0.9999997019767761,0.13901521265506744,0.1598338484764099,0.33235177397727966,0.3074147403240204,0.334894597530365,0.007072773762047291,0.010605000890791416,0.3161444067955017,0.022091446444392204,0.01714351773262024,0.3781896233558655,0.29109033942222595,1,0.11932365597218134,1,0.5217258727845037,0.27544277078611945,-0.048958766832477164,0.4580153668653671,33.06454892860371,0.4928767681121826,0.4136901706457138,0.5694806575775146,0.5068170636892319,386.96563720703125,246.1860466003418,419.97955322265625,244.35690879821777,346.42738342285156,245.79136848449707,311.25783920288086,243.5507583618164,478,0.576603889465332,0.5931268930435181,1,-2.064568519592285,0.7841227159599722,0.598242659692776,0.42492352749939183,0.2422180574463135,-0.04475755917077881,0.4453424878008123,35.24084525707088,-1.0348222255706787,0.3,4.487731456756592,-2.9622387886047363,-39.403472900390625,-3.5863354206085205
0.9993643164634705,0.03158073499798775,-0.01654094271361828,-0.03092927858233452,0.9987890124320984,0.03826117888092995,0.017729226499795914,-0.03772524371743202,0.99913090467453,0.9999997615814209,0.21460987627506256,0.10894639790058136,0.3993346095085144,0.3969135284423828,0.12113817781209946,0.029774848371744156,0.033631131052970886,0.12402188032865524,0.013932027854025364,0.017524369060993195,0.196620374917984,0.2955388128757477,1,0.11958862726071315,1,0.5001524755169718,0.2980659097789326,-0.03707060449629299,0.46919516028414965,31.38942560709015,0.49445698261260984,0.4150210916996002,0.5784346222877502,0.5138237178325653,392.77477264404297,249.74902153015137,424.15904998779297,250.31750679016113,350.2649688720703,247.49430656433105,316.068115234375,245.01917839050293,478,0.5839776396751404,0.5988026261329651,1,-2.1623499393463135,0.55013847284503,0.626142341359448,0.4644484364684584,0.26944457207896894,-0.04832006509124945,0.4302741775222722,34.28631007068864,-1.7726783752441406,0.3,4.638180732727051,-3.22682523727417,-38.97587966918945,-1.015863060951233
0.9912910461425781,0.06821462512016296,-0.11264465004205704,-0.055521175265312195,0.992131769657135,0.11221367120742798,0.11941295117139816,-0.10498225688934326,0.9872787594795227,0.9999995231628418,0.20124921202659607,0.12208356708288193,0.5642238855361938,0.5820297002792358,0.016353828832507133,0.14545118808746338,0.15598951280117035,0.03322518616914749,0.007414744235575199,0.0068838451988995075,0.11764635145664215,0.14785541594028473,1,0.1193649662218379,1,0.5043022678795831,0.2916853157873546,-0.03063541886794184,0.43984412804218925,31.35462266617279,0.5093978345394135,0.4285554409027099,0.5774109065532684,0.5057220578193664,392.0444869995117,245.2631950378418,423.3870315551758,246.13340377807617,348.377685546875,243.11379432678223,315.102481842041,240.7111930847168,478,0.568013072013855,0.5771666169166565,1,-6.069736003875732,0.7463830934516663,0.6249661185891211,0.48495611111316816,0.2546904239650259,-0.029744275848200115,0.44765343690569226,33.36182960200617,-3.2057271003723145,0.3,4.6956305503845215,-3.0712928771972656,-39.57730484008789,-6.8582234382629395
0.9959967732429504,0.03521432355046272,-0.08216065913438797,-0.026619156822562218,0.9942774772644043,0.10345849394798279,0.08533371984958649,-0.10085728019475937,0.991234540939331,1.0000001192092896,0.17628423869609833,0.11891049146652222,0.5272107124328613,0.5238640308380127,0.054702017456293106,0.051371749490499496,0.06786682456731796,0.08612223714590073,0.008643989451229572,0.009082108736038208,0.17753565311431885,0.2536255419254303,1,0.11899396914577323,1,0.4995614890930351,0.2859230018406825,-0.020944518214085026,0.48549399386278513,31.709325427355225,0.5009840369224549,0.42121900916099553,0.576703691482544,0.5053550779819489,391.2971878051758,245.09425163269043,423.00270080566406,244.6025562286377,348.88526916503906,243.48870277404785,315.823974609375,241.0807228088379,478,0.5757196545600891,0.5841360688209534,1,-5.809802532196045,0.7490335268452822,0.6254237949437212,0.45845448667462163,0.26131302094889236,-0.032630326236459194,0.4521447997939952,33.14886974356037,-1.5309308767318726,0.3,4.761880874633789,-3.0985004901885986,-39.54493713378906,-4.895215034484863
0.9979280233383179,-0.02101394161581993,-0.06081145629286766,0.016824888065457344,0.9975026249885559,-0.0685962438583374,0.06210106238722801,0.06743094325065613,0.9957894086837769,0.999999463558197,0.1625165045261383,0.13746684789657593,0.19951815903186798,0.19261737167835236,0.20459046959877014,0.015460402704775333,0.018671011552214622,0.19726213812828064,0.042812734842300415,0.045105941593647,0.42459243535995483,0.42015862464904785,1,0.11594774712837741,1,0.5401802379154829,0.28535247710933287,-0.03759916810627482,0.4351338255812139,30.92434962115428,0.49589126706123354,0.39356129467487333,0.5721265614032746,0.4990700989961624,389.22386169433594,241.60380363464355,420.0632095336914,239.31251049041748,347.26890563964844,241.845703125,314.63443756103516,240.8268928527832,478,0.576235294342041,0.6055088043212891,1,3.8739306926727295,0.8804113263007494,0.6567924297331832,0.44231145501303737,0.26965762907160085,-0.04334536715462647,0.39455177083245596,32.65036724464373,0.9659050107002258,0.3,4.49114990234375,-2.444150447845459,-38.45690155029297,-3.5604195594787598
0.999285101890564,0.030021561309695244,-0.02297460101544857,-0.030516184866428375,0.9993031620979309,-0.021490231156349182,0.022313421592116356,0.022175969555974007,0.9995049834251404,0.9999992251396179,0.14366655051708221,0.15990138053894043,0.24813230335712433,0.2620723843574524,0.1468372792005539,0.007114658132195473,0.038742195814847946,0.2982267737388611,0.031035730615258217,0.022186513990163803,0.5425914525985718,0.28046733140945435,1,0.12668641415235832,1,0.49711965812656567,0.2626837504296492,-0.03914576110651266,0.48640536961737724,33.15702145162334,0.4937896609306336,0.39839684367179873,0.5795392274856568,0.5014136970043183,394.87022399902344,243.6357593536377,427.9833984375,241.93113327026367,350.7910919189453,242.1649932861328,316.3981056213379,240.51735877990723,478,0.5857495665550232,0.6030168533325195,1,1.2710100412368774,0.6014924486505334,0.5405526155433247,0.4051738319656648,0.2530113923977674,-0.0341550656323078,0.4356951736334405,34.432429568683965,-1.7491557598114014,0.3,4.537395000457764,-2.620476245880127,-37.55667495727539,-1.2785708904266357
0.9987282752990723,0.01604735106229782,-0.04779508709907532,-0.013751382939517498,0.9987533688545227,0.047985125333070755,0.04850553721189499,-0.047266844660043716,0.9977039098739624,1.0000001192092896,0.11405818909406662,0.14636480808258057,0.2925242483615875,0.2910034656524658,0.14041922986507416,0.0054708076640963554,0.05088737979531288,0.38036391139030457,0.02497280202805996,0.01857168972492218,0.5040620565414429,0.28143203258514404,1,0.12350427631115832,1,0.5054511250230765,0.30458024589777194,-0.036181496211249144,0.5480361806780419,29.106855877918196,0.49122452139854433,0.40943306386470796,0.5746265590190888,0.4994544357061386,392.98667907714844,241.9900131225586,422.0519256591797,240.43421745300293,349.38575744628906,241.91651344299316,315.2415084838867,240.61177253723145,478,0.5834020376205444,0.5900213718414307,1,-2.712394952774048,0.706467303740716,0.494068040811046,0.37955606612575804,0.26315884208280305,-0.04915862107909175,0.47184263182691333,34.169168648154425,-0.7888495326042175,0.3,4.645512580871582,-2.784137010574341,-38.949371337890625,-2.7802534103393555
0.9984570145606995,0.04741140455007553,-0.028907474130392075,-0.04639227315783501,0.9983112812042236,0.03496137633919716,0.03051622584462166,-0.03356634080410004,0.9989704489707947,1.0,0.16287152469158173,0.13472166657447815,0.352236807346344,0.3243398666381836,0.08435316383838654,0.009764911606907845,0.0739445835351944,0.2936570346355438,0.01848444528877735,0.017361730337142944,0.3838363289833069,0.3157481551170349,1,0.1274593300552938,1,0.46777198248944357,0.2693711667931192,-0.018057425643638197,0.5477828783352575,32.03267926234911,0.49349267482757564,0.40895857810974123,0.5835739493370056,0.5034291386604309,397.27195739746094,244.6230697631836,429.29969787597656,244.0605926513672,352.4351501464844,242.8513526916504,317.43932723999023,240.67574501037598,478,0.5900812745094299,0.5944705605506897,1,-1.9244675636291504,0.5076343069193023,0.5801651569237283,0.4364789031856673,0.24626648755009756,-0.055708039370974655,0.46799221262566515,35.063383889117816,-2.66027569770813,0.3,4.9371538162231445,-2.871608257293701,-39.19497299194336,-1.7487223148345947
0.9851648807525635,0.02744901180267334,-0.16940084099769592,-0.013540786691009998,0.9964809417724609,0.08271808922290802,0.171075239777565,-0.07919711619615555,0.982069730758667,1.0000001192092896,0.13050593435764313,0.1237310916185379,0.3376033306121826,0.32528620958328247,0.020317723974585533,0.16310331225395203,0.16396212577819824,0.020410438999533653,0.018059467896819115,0.02272542379796505,0.34788376092910767,0.3132851719856262,1,0.11158926190594753,1,0.5366870394404077,0.278213183619182,-0.030165541277643808,0.5135034889099218,32.68166888609614,0.5141355514526367,0.408553346991539,0.5637722730636596,0.5055473297834396,381.44737243652344,245.26960372924805,414.10778045654297,244.0909481048584,340.35179138183594,244.35965538024902,310.45528411865234,242.80423164367676,478,0.549636721611023,0.5969939827919006,1,-4.610529899597168,0.7543100416572985,0.49373089863022535,0.48849165571730513,0.29899984282695286,-0.06138169805014566,0.44112726500031185,29.93694188787084,-0.7874631285667419,0.3,4.262628555297852,-3.253889560699463,-39.86595916748047,-9.850340843200684
0.9914759993553162,-0.00901026837527752,-0.1299775093793869,0.011962211690843105,0.9996874928474426,0.021948304027318954,0.12973915040493011,-0.023316096514463425,0.9912740588188171,1.0000001192092896,0.17130665481090546,0.15176509320735931,0.3267976939678192,0.27714481949806213,0.014112783595919609,0.16844061017036438,0.18852508068084717,0.03792252391576767,0.026988862082362175,0.02834205888211727,0.3137839138507843,0.39198988676071167,1,0.12275841767305942,1,0.4469491916556332,0.2602846871931672,-0.03112971736693155,0.48768700336815624,34.2722095698072,0.49830906391143803,0.40864999294281,0.5707686424255372,0.5017730116844177,385.88829040527344,243.14858436584473,420.1200485229492,241.4839267730713,340.8879852294922,242.94304847717285,311.55029296875,242.14101791381836,478,0.5724595785140991,0.5931230187416077,1,-1.347425103187561,0.5488801142878913,0.5106804728131421,0.4977865017873221,0.27673408825393414,-0.062466143200088954,0.44402798451429215,29.348653125301407,0.6912431120872498,0.3,4.464848041534424,-2.7222506999969482,-38.38869094848633,-7.4545183181762695
0.9978569746017456,0.01696140691637993,-0.06319624930620193,-0.017049817368388176,0.9998542666435242,-0.0008599314605817199,0.06317245960235596,0.0019355758558958769,0.9980008006095886,1.000000238418579,0.104873888194561,0.12312179803848267,0.22993317246437073,0.2276250272989273,0.20056918263435364,0.005871422588825226,0.029550980776548386,0.31690114736557007,0.03238062560558319,0.027571214362978935,0.4640520215034485,0.2836289405822754,1,0.12619094240342096,1,0.4889505919125576,0.27840080203125545,-0.028436146773762657,0.4957703396191265,33.472291926031666,0.4911328852176666,0.4044690430164337,0.5750105679035187,0.4999344050884247,391.4470672607422,242.61448860168457,424.88277435302734,241.0499382019043,347.3345184326172,241.89634323120117,313.36849212646484,240.21005630493164,478,0.583877682685852,0.595465362071991,1,0.11112233251333237,0.646306627801706,0.4702916165511502,0.42073612141295597,0.2662077554236906,-0.05085348281555865,0.46319998334403023,34.0078594841833,-0.9788852334022522,0.3,4.588886737823486,-2.6131114959716797,-38.3332633972168,-3.62192702293396
0.9977578520774841,0.06551063060760498,-0.013700131326913834,-0.06636426597833633,0.9949149489402771,-0.07576248794794083,0.008667225949466228,0.07650177925825119,0.9970318078994751,0.9999997615814209,0.05825607478618622,0.048935845494270325,0.18557924032211304,0.17179761826992035,0.7250685691833496,0.0006245200056582689,0.002550986595451832,0.7342548370361328,0.036735087633132935,0.03709275275468826,0.41034939885139465,0.11476897448301315,1,0.13375061908586225,1,0.6055225929330071,0.3084250363976327,-0.044415258656651274,0.4907998356982468,36.06349948356199,0.4846191436052323,0.39074755311012266,0.5782049328088761,0.5066167175769806,398.51806640625,248.10613632202148,434.5815658569336,248.10765266418457,351.84852600097656,244.58773612976074,313.6166763305664,240.30017852783203,478,0.5935857892036438,0.6158691644668579,1,4.387680530548096,0.8004656884435437,0.32803588762978614,0.35492531464295385,0.2936307053115842,-0.04841799190085256,0.4647121053772349,38.47151517015727,-3.8053317070007324,0.3,4.629188537597656,-2.6759979724884033,-37.03952407836914,-0.4966016709804535
0.9959020018577576,0.089737668633461,0.011238829232752323,-0.0889025405049324,0.9942044615745544,-0.06044768542051315,-0.01659812405705452,0.059200823307037354,0.9981080293655396,1.0000001192092896,0.12625673413276672,0.06274789571762085,0.28168222308158875,0.26623210310935974,0.680420994758606,0.00043205960537306964,0.004631676245480776,0.7941813468933105,0.022787829861044884,0.02025027386844158,0.42693549394607544,0.16894806921482086,1,0.13183195875401063,1,0.5800690303364947,0.28485878810703513,-0.041381298052532454,0.4705422526253404,33.2909726339421,0.48836031556129456,0.3964841783046722,0.5777627527713776,0.5062299191951751,397.64312744140625,248.03566932678223,430.86498260498047,250.17977714538574,352.12703704833984,243.76261711120605,316.13086700439453,238.11148166656494,478,0.589402437210083,0.6097457408905029,1,3.3944101333618164,0.848274566390453,0.6350121815035048,0.3180144236823048,0.28243515623635057,-0.03854341957350626,0.48431936890947547,36.437063406909985,-5.1011786460876465,0.3,4.482281684875488,-2.7046425342559814,-37.08460235595703,0.9510460495948792
0.9960098266601562,0.08879581838846207,-0.008932244963943958,-0.08919909596443176,0.9936832785606384,-0.06809594482183456,0.002829184988513589,0.06862099468708038,0.9976387619972229,0.9999999403953552,0.10261937975883484,0.03323640301823616,0.3938843011856079,0.36083507537841797,0.4535761773586273,0.0038893467281013727,0.007525873836129904,0.4102444052696228,0.015617669560015202,0.01695018634200096,0.3313491642475128,0.15797752141952515,1,0.12784075552958207,1,0.5484538804135078,0.30857058490711875,-0.02119838220261622,0.531047502191113,32.93661767871337,0.4896856486797333,0.397345170378685,0.5809373795986176,0.5160454958677292,397.6041793823242,252.5247573852539,430.51544189453125,253.81688117980957,353.08799743652344,247.75643348693848,316.55736923217773,241.19622230529785,478,0.5912517309188843,0.6187003254890442,1,3.9348013401031494,0.6654421393897406,0.8267647578750207,0.39764785590778756,0.2901373437356094,-0.017471333694598117,0.5158811610241267,37.11499922977354,-5.1175537109375,0.3,4.596071720123291,-2.9527623653411865,-37.369544982910156,-0.16210056841373444
0.9967580437660217,0.07248847186565399,0.03491297364234924,-0.07152971625328064,0.997046172618866,-0.02797086164355278,-0.03683740273118019,0.025382891297340393,0.9989988803863525,1.0000001192092896,0.10298456996679306,0.0836445689201355,0.519110918045044,0.3844187557697296,0.33320555090904236,0.0025964011438190937,0.014451145194470882,0.4559694528579712,0.006232345011085272,0.018324842676520348,0.09360458701848984,0.29825031757354736,1,0.1287511268905543,1,0.5151306673703316,0.333321541427488,0.0007847587143965586,0.5876062745491939,31.800936962227844,0.48399930596351626,0.4093720465898514,0.5822029054164887,0.5141148716211319,398.19984436035156,250.68048477172852,429.8761749267578,253.49289894104004,352.98057556152344,245.7286262512207,317.1873474121094,240.89847564697266,478,0.5982035994529724,0.6047428250312805,1,1.4554767608642578,0.5308907011329254,0.683965113489983,0.40429217203783463,0.24917333852892531,-0.024162656937267116,0.47344333191743043,36.11766238681513,-4.104644298553467,0.3,4.756988048553467,-2.966099262237549,-38.60948944091797,2.11110520362854
0.9971396327018738,0.06754522025585175,0.033912770450115204,-0.06279788911342621,0.9900967478752136,-0.12555833160877228,-0.04205778241157532,0.12306953966617584,0.9915064573287964,1.0000001192092896,0.11364955455064774,0.09201536327600479,0.30776333808898926,0.27916520833969116,0.2166890949010849,0.01221833098679781,0.018684888258576393,0.20742912590503693,0.02311767265200615,0.02568127028644085,0.28835999965667725,0.2461511790752411,1,0.12409014163773709,1,0.5107823101661628,0.3160237318353187,-0.010303411709397811,0.4956409733538731,32.071853319857766,0.4894734025001526,0.39141713082790375,0.5880319476127625,0.515883669257164,400.2751922607422,251.30887985229492,432.33753204345703,252.08999633789062,356.3267135620117,247.4117946624756,320.81199645996094,243.0043888092041,478,0.5985585451126099,0.6244665384292603,1,7.07558012008667,0.5402041940453518,0.7823659377723614,0.44952578764217505,0.26220209425095437,-0.022303064017875393,0.4261561325104854,35.78715352281771,-3.6036157608032227,0.3,4.819989204406738,-2.808471202850342,-38.07449722290039,2.4104442596435547
0.9921584725379944,0.0770840048789978,0.0983850434422493,-0.06182071939110756,0.9867940545082092,-0.149718776345253,-0.10862669348716736,0.14246250689029694,0.983821451663971,1.0000001192092896,0.12183880060911179,0.060217082500457764,0.40119752287864685,0.38109883666038513,0.24100983142852783,0.01024800818413496,0.015648847445845604,0.22662077844142914,0.015625031664967537,0.016692183911800385,0.3385750949382782,0.13278214633464813,1,0.12382103285109318,1,0.5164996507996287,0.29863399520482964,0.00871619806150217,0.5006545791515471,32.459423039797066,0.48787099719047544,0.39545839130878446,0.5906315505504608,0.5138590842485428,401.81373596191406,249.7239589691162,434.26197052001953,250.5761432647705,359.1506576538086,245.99255561828613,322.3836135864258,241.42207145690918,478,0.6027605533599854,0.6184006929397583,1,8.239457130432129,0.3398160578562255,0.8275701825077766,0.4396741353982232,0.29264520090897106,-0.007249967680749472,0.45072805309065217,37.05003178131386,-3.5654513835906982,0.3,4.655720233917236,-2.5282928943634033,-37.1125602722168,6.236155986785889
0.98147052526474,0.009975893422961235,-0.1913534253835678,-0.0025847014039754868,0.9992422461509705,0.038836684077978134,0.1915958672761917,-0.03762247785925865,0.9807525873184204,0.9999997615814209,0.1340363621711731,0.08454622328281403,0.39589962363243103,0.3633524775505066,0.06063114106655121,0.08488745242357254,0.06947994977235794,0.05187671631574631,0.0150111373513937,0.018148627132177353,0.1881716549396515,0.2758365571498871,1,0.10504993666722215,1,0.5513626731547042,0.316912280587801,-0.04383405954163509,0.47832673295344563,29.384765955161708,0.5085855543613433,0.4175077468156815,0.558107179403305,0.5063550859689713,377.7109146118164,246.2160301208496,407.04200744628906,244.44079399108887,338.8050079345703,244.7823143005371,310.2439498901367,241.47116661071777,478,0.5495216250419617,0.5888473391532898,1,-2.196835994720459,0.8609719418916422,0.6394760447642286,0.4635508488025424,0.30794770616552974,-0.03272337095280161,0.44494015238049694,28.75235182900358,-0.15088801085948944,0.3,4.315338134765625,-3.0611672401428223,-40.8071403503418,-11.045931816101074
0.9939790368080139,0.04506959393620491,-0.09987197071313858,-0.04578184708952904,0.9989396929740906,-0.004850116092711687,0.09954748302698135,0.009393245913088322,0.9949885010719299,1.0000001192092896,0.12970899045467377,0.09084063768386841,0.3501947820186615,0.29381754994392395,0.2355501800775528,0.013583076186478138,0.014612923376262188,0.2329036444425583,0.019122524186968803,0.023273339495062828,0.29392799735069275,0.32261335849761963,1,0.11589604102542268,1,0.5390469348101886,0.30306740404027344,-0.03275350742712639,0.5161870488342568,31.2029391652124,0.49818423986434934,0.41286278963088985,0.5686999320983886,0.5167418241500854,386.61243438720703,251.9575595855713,417.8148651123047,251.77943229675293,344.9831008911133,249.23429489135742,312.88305282592773,245.45268058776855,478,0.5705156922340393,0.6038790345191956,1,0.5408880114555359,0.8751020189528548,0.5304950891599264,0.43395908250529347,0.2751311842769497,-0.05566366688828745,0.46332697469803796,32.322031071592235,-2.637132167816162,0.3,4.52878999710083,-3.288999557495117,-40.11825180053711,-5.713112831115723
0.9951234459877014,0.07973942160606384,0.0580599382519722,-0.0702601969242096,0.9861615300178528,-0.1501631736755371,-0.06923040747642517,0.1453516036272049,0.9869549870491028,0.9999995231628418,0.10954354703426361,0.03155027702450752,0.23953433334827423,0.18631331622600555,0.506316065788269,0.0014126235619187355,0.007044683676213026,0.5671353936195374,0.02733202837407589,0.0336964912712574,0.4203631579875946,0.12778693437576294,1,0.13158121755382182,1,0.5443140620323053,0.2845552616157193,-0.03509977089372719,0.5001417990968599,33.83340564695101,0.4828612387180329,0.398039311170578,0.5843761742115021,0.5122326910495758,400.5101013183594,251.39963150024414,434.3425750732422,251.65074348449707,355.45631408691406,248.14759254455566,317.2466468811035,240.16485214233398,478,0.6015149354934692,0.6141933798789978,1,8.377884864807129,0.7156700009832827,0.6644306672499755,0.3818243594177943,0.27120033849005415,-0.043288221278956374,0.49277418826129554,39.03463606063371,-4.038637638092041,0.3,4.633261680603027,-2.524918556213379,-37.4323844909668,3.969785451889038
0.9998840093612671,0.015036280266940594,-0.002412057016044855,-0.015205194242298603,0.9945129156112671,-0.10350241512060165,0.0008425290579907596,0.10352708399295807,0.9946262836456299,1.0000001192092896,0.07888872176408768,0.02218271978199482,0.1284039169549942,0.06532779335975647,0.13006281852722168,0.022568000480532646,0.03171681985259056,0.1423172950744629,0.0738571509718895,0.11417260766029358,0.2419690489768982,0.3380002975463867,1,0.12222830618476943,1,0.5141019469145659,0.32460089480901205,-0.022645150528556854,0.49207484545080615,33.91501010819821,0.4926237881183624,0.39532309770584106,0.5784771263599395,0.508538544178009,392.9151916503906,248.18804740905762,426.78890228271484,246.51483535766602,351.1520004272461,246.564302444458,315.62957763671875,240.63199996948242,478,0.5858533382415771,0.613215446472168,1,5.9423136711120605,0.5828023640802381,0.5671867441147257,0.43313849012110855,0.2936886538580483,-0.04173235215316366,0.4440798096571942,36.01436843310745,-0.8712272644042969,0.3,4.589015960693359,-2.681056261062622,-38.44464111328125,-0.04827336221933365
0.9979842901229858,0.06061854213476181,-0.018780138343572617,-0.061278149485588074,0.9974420666694641,-0.03680206462740898,0.01650121621787548,0.03787865489721298,0.9991461038589478,1.0000003576278687,0.06605305522680283,0.05808280408382416,0.14547286927700043,0.15728284418582916,0.051064640283584595,0.04535456746816635,0.07459700107574463,0.08363258093595505,0.058307942003011703,0.05702943354845047,0.48059502243995667,0.21234412491321564,1,0.12082702953050353,1,0.49360563464190405,0.3159343419912552,-0.0237882656876276,0.49311017003612223,33.71281901046762,0.4989519894123078,0.4045143693685531,0.5805823385715485,0.5084550946950912,393.15563201904297,248.19454193115234,426.8455505371094,246.9521427154541,352.2657775878906,245.94966888427734,317.4800109863281,240.52797317504883,478,0.5816303491592407,0.6039407253265381,1,2.1711020469665527,0.5170886182188095,0.506233743881889,0.4407124025572697,0.286070280713559,-0.04242452064663247,0.4419345274911416,35.20574303281013,-3.5136592388153076,0.3,4.554874420166016,-2.8691699504852295,-38.47511672973633,-0.9454929232597351
0.9919272661209106,0.03426973894238472,-0.12208984792232513,-0.03850720077753067,0.9987290501594543,-0.03251837566494942,0.12082028388977051,0.036957159638404846,0.9919862151145935,1.0000005960464478,0.07670930027961731,0.09815090149641037,0.3592143654823303,0.3547258973121643,0.036135897040367126,0.07800054550170898,0.09949677437543869,0.05639595910906792,0.02040037140250206,0.01754024438560009,0.2365720421075821,0.38338974118232727,1,0.11762310011037787,1,0.53225747471504,0.3289762535885516,-0.025317353224055213,0.5012806906751915,31.077164956682136,0.5066507577896118,0.41025338172912595,0.5701117634773254,0.5115023016929626,388.0250549316406,248.23190689086914,419.08119201660156,247.08887100219727,343.7528991699219,246.65030479431152,312.9277038574219,243.70594024658203,478,0.5634610056877136,0.6012489199638367,1,2.13360857963562,0.8266211520501081,0.5822635959715845,0.4632617793306049,0.2765166832877227,-0.029045031857602207,0.5083407649104428,30.965496099782243,-2.2231392860412598,0.3,4.46811580657959,-2.987502336502075,-39.69548797607422,-6.939445495605469
0.998895525932312,0.04359199106693268,0.01753336191177368,-0.042018212378025055,0.9957578182220459,-0.08185878396034241,-0.02102736569941044,0.08103159070014954,0.9964897036552429,0.9999998211860657,0.1086956337094307,0.08925406634807587,0.22754546999931335,0.21100620925426483,0.3546692430973053,0.002643156098201871,0.017039844766259193,0.4694170355796814,0.03562920540571213,0.0315820537507534,0.3399708569049835,0.3517739772796631,1,0.1260431248413944,1,0.517467957485636,0.3051254635206717,-0.03409525084935341,0.4413648720589072,32.28249491039078,0.4851582825183869,0.3971965998411179,0.5781207263469696,0.5113194078207016,394.79076385498047,248.5012435913086,427.0651626586914,247.7782917022705,350.13866424560547,246.60304069519043,315.886173248291,243.4339427947998,478,0.5929624438285828,0.6141228079795837,1,4.6488938331604,0.5298484011778609,0.7151686883336723,0.40235790061888344,0.2650737135488196,-0.018668700600098117,0.5431811623518172,34.39878371530257,-2.408707857131958,0.3,4.6360087394714355,-2.862485408782959,-38.79169845581055,1.2048680782318115
0.9920444488525391,0.04028576239943504,-0.11926819384098053,-0.046248361468315125,0.9977927207946777,-0.047653891146183014,0.11708514392375946,0.05279070511460304,0.9917178153991699,0.9999997019767761,0.141187846660614,0.11626841127872467,0.2463509738445282,0.2302938997745514,0.21051481366157532,0.015793414786458015,0.016824843361973763,0.2010619193315506,0.034890446811914444,0.03404805809259415,0.3935261070728302,0.4079383313655853,1,0.11215617362293032,1,0.5398898942178476,0.30560508847629486,-0.03241840826510084,0.41990026889707965,30.45058760768761,0.5014133155345917,0.39828144013881683,0.5700971186161041,0.5112690180540085,386.78768157958984,248.49363327026367,417.2303009033203,247.79706001281738,347.05493927001953,246.5529727935791,314.34030532836914,243.25395584106445,478,0.5686838030815125,0.6129875779151917,1,3.0470685958862305,0.9646719395019483,0.6076563217194844,0.447433145143926,0.2667803636484714,-0.028610609560709554,0.4710992765214399,32.88055332343,-2.6691532135009766,0.3,4.536075115203857,-3.0824899673461914,-39.413814544677734,-6.723906993865967
0.9978243708610535,0.06020249426364899,-0.026874592527747154,-0.062040459364652634,0.9953411221504211,-0.07380454242229462,0.0223061703145504,0.07531128078699112,0.996910572052002,1.0000004768371582,0.1293254792690277,0.08246518671512604,0.2724592685699463,0.2666671574115753,0.11295721679925919,0.023625992238521576,0.03358413279056549,0.12021467834711075,0.02709258161485195,0.02450704760849476,0.44199299812316895,0.20495717227458954,1,0.12546781586948852,1,0.506289430703688,0.2802135012117426,-0.027976002315563346,0.45087512044494005,33.75600552833844,0.49714657068252566,0.39587070047855377,0.5846200823783875,0.5084411650896072,397.6008987426758,247.83863067626953,431.3559341430664,247.5827121734619,353.95263671875,245.08423805236816,317.5352478027344,240.77204704284668,478,0.5874735116958618,0.6125704646110535,1,4.320184707641602,0.49900794413517535,0.6827007448841053,0.4517026217975801,0.28048644442247506,-0.03508070090177595,0.4466040113087795,36.67180397575607,-3.5578267574310303,0.3,4.634335517883301,-2.667661428451538,-37.159950256347656,-1.2781553268432617
0.998070240020752,0.054292865097522736,-0.030135607346892357,-0.05689126253128052,0.994003415107727,-0.09338393062353134,0.02488483116030693,0.09491817653179169,0.995173990726471,1.0,0.1455354243516922,0.0673024132847786,0.22440911829471588,0.20728738605976105,0.18924446403980255,0.009045294485986233,0.02758200839161873,0.2526319921016693,0.03382937237620354,0.03396403789520264,0.3759564161300659,0.285007119178772,1,0.1281447403896075,1,0.509629040432076,0.3002879875919671,-0.03366403813138582,0.453145111918785,32.02054730943057,0.4955410242080689,0.391600102186203,0.5816723585128785,0.5094265639781952,397.50171661376953,248.7158489227295,429.5218276977539,248.54870796203613,352.85839080810547,245.60136795043945,315.67129135131836,240.87512969970703,478,0.5861313343048096,0.6178264617919922,1,5.448302268981934,0.607756547832218,0.6662119882722672,0.41877128610914466,0.27320281873909086,-0.03281431815989538,0.47136919090535473,37.48623339422934,-3.2624013423919678,0.3,4.595529556274414,-2.69101619720459,-37.26004409790039,-1.4259428977966309
0.9986048340797424,0.05168904364109039,-0.010800566524267197,-0.05229064077138901,0.996454119682312,-0.06591622531414032,0.007355122361332178,0.06638903170824051,0.9977666735649109,1.0000001192092896,0.10343749076128006,0.05911393091082573,0.24821648001670837,0.2269808053970337,0.10980583727359772,0.02886558137834072,0.04210728406906128,0.12260005623102188,0.03735824674367905,0.03658043593168259,0.3641163110733032,0.2750733494758606,1,0.12063607819590275,1,0.4796453331607418,0.3571922737694493,-0.02303907004560965,0.4876993037592806,28.320881563126726,0.49613101482391353,0.39263241589069364,0.5826608657836914,0.5074142128229141,396.6899871826172,247.19246864318848,425.0065612792969,246.69854164123535,353.6471939086914,244.45695877075195,319.553279876709,240.63729286193848,478,0.5865298509597778,0.6147817969322205,1,3.8067140579223633,0.5284656179457653,0.5988392956381928,0.4308382439365606,0.3007962863177023,-0.038421687768291114,0.46899648883052536,34.30721238666549,-2.997481107711792,0.3,4.571630954742432,-2.774784564971924,-37.72917175292969,-0.42142122983932495
0.9988188743591309,0.047704581171274185,-0.009220157749950886,-0.047846823930740356,0.9987284541130066,-0.015877429395914078,0.0084510063752532,0.016299813985824585,0.9998314380645752,0.9999995827674866,0.12434814870357513,0.028108712285757065,0.3287981450557709,0.3377332389354706,0.06762544065713882,0.00729568162932992,0.09909813851118088,0.3476221263408661,0.01616353914141655,0.016663584858179092,0.2530330717563629,0.10270938277244568,1,0.1270790573738414,1,0.45780578339946376,0.3168763173948431,-0.026262809622713018,0.4675324766875688,32.75763446682918,0.4962256848812103,0.40988627374172215,0.5792193114757538,0.5084799855947495,393.58325958251953,247.3575496673584,426.34063720703125,247.22783088684082,352.3668670654297,244.85029220581055,315.7765197753906,241.73091888427734,478,0.5829936265945435,0.5985937118530273,1,0.93398517370224,0.5927178582646394,0.6237740716765247,0.38992260152754643,0.30719489609754114,-0.031460211316484826,0.4695673744857881,36.723071832271984,-2.7425663471221924,0.3,4.474076747894287,-2.8422253131866455,-38.168495178222656,-0.484212726354599
0.9967787265777588,0.01972164586186409,-0.07773879915475845,-0.013967174105346203,0.997169017791748,0.07388360798358917,0.07897583395242691,-0.07255982607603073,0.9942323565483093,1.000000238418579,0.13297578692436218,0.04545564204454422,0.46879273653030396,0.43488791584968567,0.08155225962400436,0.034520335495471954,0.05802953243255615,0.12472765892744064,0.011430203914642334,0.013484491966664791,0.1719760149717331,0.13236717879772186,1,0.11780036147860835,1,0.4917682730349174,0.31324187322956054,-0.022909509285530247,0.5026172168430497,30.621496323616224,0.49980307221412656,0.42311526238918307,0.5716847240924835,0.5067629307508469,388.0802536010742,245.9187412261963,418.67225646972656,244.5750904083252,346.24324798583984,244.8501205444336,314.4344711303711,242.38629341125488,478,0.5718816518783569,0.5836476683616638,1,-4.174088954925537,0.7015218895824429,0.6056691023770976,0.43068803801474737,0.3052492544370119,-0.04655125553649762,0.45874716205137006,31.904055059615857,-0.8027936816215515,0.3,4.572721004486084,-3.078265428543091,-40.068084716796875,-4.529698848724365
0.9993167519569397,0.024455491453409195,-0.02771211415529251,-0.027027277275919914,0.9949575662612915,-0.09658695012331009,0.025210300460457802,0.09726991504430771,0.9949386715888977,1.0000004768371582,0.13138234615325928,0.14383800327777863,0.16292595863342285,0.20488952100276947,0.3753546476364136,0.003219070378690958,0.015042340382933617,0.43106865882873535,0.05388582870364189,0.03771562874317169,0.5110765695571899,0.2748046815395355,1,0.12788841172688373,1,0.5121239377335748,0.27393816251580894,-0.047612790816776,0.4046909977851793,33.88290822156988,0.48751132488250737,0.3933941006660462,0.5795794010162354,0.5065379023551941,395.4930877685547,246.50221824645996,429.3030548095703,244.28014755249023,351.1206817626953,245.626802444458,316.0169982910156,242.8897762298584,478,0.592068076133728,0.613143801689148,1,5.583761692047119,0.6333088375133771,0.6810151087807685,0.3964569513384449,0.2518328567122894,-0.03979945929307622,0.4594933703535197,35.21022445043064,-1.5492299795150757,0.08,4.723297595977783,-2.59037709236145,-37.455970764160156,-1.444596767425537
0.9992420673370361,0.03514726087450981,-0.01673373207449913,-0.036513686180114746,0.9952794909477234,-0.08991919457912445,0.013494319282472134,0.09046201407909393,0.9958085417747498,1.0000005960464478,0.13292697072029114,0.08085142821073532,0.15937575697898865,0.1501561552286148,0.2384234368801117,0.005433427635580301,0.02179412730038166,0.3033905327320099,0.0431864894926548,0.0517452172935009,0.41765233874320984,0.27716463804244995,1,0.12944280829057303,1,0.5183188902100947,0.2831191313403244,-0.041397862731514856,0.4173561530139963,34.908687373931734,0.49298735260963444,0.39385550618171694,0.5804205715656281,0.5003209054470062,396.1522674560547,244.5637035369873,431.0133361816406,242.74097442626953,352.2189712524414,242.45753288269043,315.1930236816406,237.96084880828857,478,0.5874332189559937,0.6064653992652893,1,5.19066047668457,0.6655238032806897,0.6505583419273628,0.39807269395413036,0.2721876857422238,-0.04324363908077032,0.4353988642762027,37.298002108092376,-2.092735767364502,0.08,4.566868305206299,-2.3432257175445557,-37.04682540893555,-0.773190975189209
0.999792754650116,0.013832963071763515,-0.014940614812076092,-0.014875395223498344,0.9972882270812988,-0.07207620143890381,0.01390307117253542,0.07228349149227142,0.9972872138023376,1.0000001192092896,0.121523916721344,0.10517951846122742,0.20288944244384766,0.16808775067329407,0.3497849404811859,0.005932277999818325,0.012121196836233139,0.29682469367980957,0.04171368107199669,0.04931940510869026,0.4666072428226471,0.3505328595638275,1,0.12516049790455705,1,0.5396655369630957,0.2662669875197128,-0.025913623877671058,0.45634464077720616,34.47521988759503,0.4905938863754272,0.39439424574375154,0.5765704274177551,0.499809530377388,393.22025299072266,243.15731048583984,427.65209197998047,241.42836570739746,349.6693420410156,241.6801357269287,314.6356773376465,238.75020503997803,478,0.5859765410423279,0.6054152846336365,1,4.14555549621582,0.7786816731777049,0.6491076515081435,0.40592878842872776,0.2652786368175133,-0.041519740051663395,0.4277434644868781,35.15596900170353,-0.8524110913276672,0.08,4.603111267089844,-2.402920961380005,-38.06330490112305,-0.7966129183769226
0.9995362162590027,0.027964560315012932,0.012048862874507904,-0.02635243907570839,0.9926837682723999,-0.11783289909362793,-0.01525584701448679,0.11746074259281158,0.9929603338241577,1.0,0.13136324286460876,0.07539787888526917,0.2866159677505493,0.25617337226867676,0.16908161342144012,0.01621098443865776,0.026658307760953903,0.16010749340057373,0.02823677472770214,0.030281346291303635,0.39913374185562134,0.31243300437927246,1,0.1253259360892797,1,0.4999364425891445,0.2920461534772789,-0.010239132299264379,0.4868435301158494,33.318495779148364,0.49129924178123474,0.39028145074844356,0.5849519670009613,0.5068785667419433,397.8475570678711,246.4544677734375,431.12300872802734,244.76140022277832,354.6971130371094,244.3733024597168,318.68173599243164,240.68158149719238,478,0.5936527252197266,0.6165971159934998,1,6.746365547180176,0.5441419767524881,0.7646548561610806,0.43285575349462946,0.27692618284237536,-0.021080344654103616,0.45288982196351885,36.20409075515984,-1.5102341175079346,0.08,4.708127975463867,-2.466607093811035,-37.662109375,0.8741294741630554
0.9866138696670532,-0.0006347824819386005,-0.1630726307630539,0.023739738389849663,0.9898985624313354,0.13977572321891785,0.16133664548397064,-0.1417759656906128,0.9766626954078674,0.9999997615814209,0.0012683215318247676,0.001866973121650517,0.9867205619812012,0.9953083395957947,0.33850839734077454,0.2200743556022644,0.014933731406927109,0.042586032301187515,0.00014125811867415905,1.5500554582104087e-05,0.37882187962532043,0.2707655131816864,1,0.10941385865594247,1,0.7051548216289725,0.33744747678823955,0.27869909664105696,1.5713234320418517,32.494757324080624,0.5079144060611724,0.4483602285385132,0.5660935461521148,0.5186992526054383,386.44859313964844,239.16940212249756,418.63536834716797,234.70613479614258,340.5494689941406,242.1811580657959,310.3196716308594,240.66710472106934,478,0.5581791400909424,0.570339024066925,1,-8.25957202911377,0.8037340105399357,0.6183172513459276,0.5774437860463266,0.31851970357009285,0.3187148638077293,1.7475263982786138,30.267689145626218,1.3783754110336304,0.08,4.472845554351807,-3.01371693611145,-39.97036361694336,-9.284488677978516
0.989304780960083,-0.015410449355840683,-0.14504694938659668,0.023559894412755966,0.9982283711433411,0.0546359121799469,0.1439480185508728,-0.05746885761618614,0.9879151582717896,0.9999997019767761,0.02207031659781933,0.08681294322013855,0.9131224751472473,0.9223981499671936,0.13674312829971313,0.11824513971805573,0.04188251867890358,0.033421143889427185,0.001292199594900012,0.0002624116314109415,0.9370835423469543,0.411071240901947,1,0.11000370511344049,1,0.6096369184405183,0.20938793871386635,0.14619450865686126,1.5397440099088082,31.801969689461032,0.505303543806076,0.4289391607046127,0.5698368966579437,0.5128961771726608,386.89125061035156,241.73237800598145,418.20838928222656,236.20046138763428,343.1166076660156,245.6865119934082,314.2289733886719,245.63770294189453,478,0.5645333528518677,0.5839570164680481,1,-3.329249620437622,0.7686608766385231,0.595939807371785,0.5337113823184243,0.24780291952759123,0.0896334029009087,1.177201076995152,28.887675512627364,1.36421799659729,0.08,4.594496250152588,-2.9346706867218018,-40.052490234375,-8.276365280151367
0.9741746187210083,-0.05278268828988075,-0.21954019367694855,0.03726208209991455,0.9965433478355408,-0.07424827665090561,0.2227003425359726,0.06415028870105743,0.9727739691734314,1.0000003576278687,0.14288929104804993,0.04596922546625137,0.34774652123451233,0.3471492528915405,0.1332402378320694,0.03349626436829567,0.022928176447749138,0.14227207005023956,0.015529544092714787,0.02256963402032852,0.44278618693351746,0.6970276236534119,1,0.11012752313903122,1,0.5759891044746227,0.2585540038942049,-0.010343047319207451,0.5773380007051369,31.63371494060402,0.5067157447338104,0.3984663724899292,0.5606384575366974,0.5132398247718811,380.7466506958008,247.53313064575195,412.16426849365234,243.8418960571289,339.9443817138672,248.35862159729004,310.76807022094727,246.3676643371582,478,0.553922712802887,0.6147734522819519,1,3.772948980331421,0.9535895257443293,0.8038994560027878,0.4384439649533295,0.2844998010280351,-0.0023229158657422943,0.6038831787612393,29.24416289111472,2.1904897689819336,0.08,4.498449802398682,-3.0062291622161865,-39.597164154052734,-12.86768627166748
0.9999471306800842,-0.002065339358523488,-0.010071394965052605,0.0006504565244540572,0.9903606176376343,-0.13851171731948853,0.010260387323796749,0.13849781453609467,0.9903095364570618,1.0000004768371582,0.12453778833150864,0.14826343953609467,0.09622479975223541,0.08404216170310974,0.49066680669784546,0.0025395755656063557,0.007320217788219452,0.45512425899505615,0.0791412740945816,0.0885431170463562,0.5566903352737427,0.3477272391319275,1,0.12601833258574274,1,0.5355439816610639,0.27418161350172215,-0.0499421436732364,0.4484183279866709,33.086297375659655,0.4864010393619538,0.39206449985504155,0.578547614812851,0.5059520483016968,395.47607421875,247.31200218200684,428.36185455322266,243.674898147583,352.3214340209961,245.99859237670898,316.8619918823242,242.98413276672363,478,0.5921465754508972,0.6138875484466553,1,7.961352348327637,0.7967905534672872,0.5145350929677681,0.36357707430541214,0.2590172475384391,-0.06338287905340484,0.33959039919298467,35.58734330625463,0.03727037459611893,0.08,4.6559953689575195,-2.4268622398376465,-37.44010543823242,-0.587887167930603
0.9549422264099121,-0.053114522248506546,-0.29200029373168945,0.059436969459056854,0.9981497526168823,0.01281716302037239,0.2907792627811432,-0.029595252126455307,0.9563323259353638,0.9999992251396179,0.12236027419567108,0.07648792862892151,0.20693109929561615,0.1455698162317276,0.027323933318257332,0.19224268198013306,0.18621695041656494,0.015973033383488655,0.0443321168422699,0.05781635269522667,0.2477612942457199,0.4158240258693695,1,0.1087127114146172,1,0.5396306292377475,0.294233514776502,-0.05364535141174071,0.4774424413710531,32.96162741164798,0.5171738624572754,0.4083864241838455,0.5501140713691711,0.5012093335390091,372.0680618286133,243.25575828552246,404.6974182128906,238.5873556137085,331.3125228881836,244.41224098205566,303.9471435546875,243.3035945892334,478,0.5329402089118958,0.5928229093551636,1,-1.7725448608398438,0.7962025298378438,0.40647580550705786,0.48581853035195705,0.3126120858799149,-0.06588622146813736,0.36220576684441175,27.387827276825533,3.5615766048431396,0.08,4.0311279296875,-2.8667867183685303,-39.388919830322266,-16.90461540222168
0.9421659708023071,-0.03112923726439476,-0.3336978852748871,0.014311461709439754,0.9985057711601257,-0.05273917689919472,0.3348410129547119,0.04491335526108742,0.9412036538124084,1.0000005960464478,0.2805076539516449,0.24722202122211456,0.07309993356466293,0.07856179773807526,0.05240877717733383,0.10084253549575806,0.08975405991077423,0.04420655965805054,0.10410318523645401,0.10414227843284607,0.26157689094543457,0.23051676154136658,1,0.10756004188214825,1,0.5434578889310709,0.24337139742238392,-0.09787662727840901,0.15559267689412,33.07941885838152,0.5202217876911164,0.3994977861642838,0.554959374666214,0.5017298847436905,375.09788513183594,244.98696327209473,407.8396224975586,240.2724552154541,336.30027770996094,245.99590301513672,306.8308448791504,243.78275871276855,478,0.5347375869750977,0.6022320985794067,1,2.7320282459259033,0.8648100293838297,0.29080510333907134,0.46725002588770526,0.2746050169065948,-0.08790424409308764,0.26571144614354114,29.552419175625268,0.8702535033226013,0.08,4.391704559326172,-2.7452731132507324,-39.38338851928711,-19.562870025634766
0.9997193217277527,-0.007978013716638088,-0.022307677194476128,0.0055235037580132484,0.994135320186615,-0.10800255089998245,0.023038504645228386,0.10784903168678284,0.9939003586769104,1.0000004768371582,0.2028195708990097,0.14822989702224731,0.15245726704597473,0.12701848149299622,0.30126142501831055,0.009577877819538116,0.008508984930813313,0.3020462393760681,0.05228811129927635,0.06618089228868484,0.3735538721084595,0.39009928703308105,1,0.11640894062246177,1,0.5402779644867268,0.26917549709992183,-0.043301879168769195,0.33673860674208456,32.73586171603917,0.48959594368934634,0.398543256521225,0.5831378638744354,0.5051152288913727,395.6575012207031,245.70802688598633,428.2632064819336,242.79175758361816,355.2736282348633,245.93124389648438,319.7640037536621,242.74120330810547,478,0.5935419201850891,0.6065719723701477,1,6.192986011505127,0.8135011351107517,0.5600418186953502,0.45277100733992304,0.23336394794651133,-0.056902784874424316,0.3022385684005085,35.65262668896545,0.3165590763092041,0.08,5.054136276245117,-2.503034830093384,-38.896366119384766,-1.3201258182525635
0.9851444959640503,5.606685226666741e-05,-0.17172713577747345,0.008987490087747574,0.998612642288208,0.05188446491956711,0.171491801738739,-0.05265708267688751,0.9837772250175476,0.9999999403953552,0.13120205700397491,0.10054778307676315,0.25460073351860046,0.2263346165418625,0.36435815691947937,0.009525426663458347,0.006946695037186146,0.40020614862442017,0.028459491208195686,0.039940573275089264,0.17260925471782684,0.35873690247535706,1,0.1189046361181327,1,0.6144215820422511,0.3033430535318244,-0.05713085904990182,0.41536066725207305,33.87149677926593,0.507459408044815,0.41373168230056767,0.5722761809825897,0.5055207490921021,391.50501251220703,245.63867568969727,425.2442932128906,242.6488208770752,347.62855529785156,246.10353469848633,314.71094131469727,244.02291297912598,478,0.5648167729377747,0.5917890667915344,1,-3.063856363296509,0.8973673310267043,0.4551538953418779,0.4072900344758524,0.2576301154752697,-0.06104655077008509,0.3894968524634904,32.98330330862868,0.5226958394050598,0.08,4.985267162322998,-3.1104676723480225,-39.750244140625,-9.874566078186035
0.9998025894165039,0.01875840313732624,0.006558415479958057,-0.01839355379343033,0.9984853267669678,-0.05185230076313019,-0.007521150168031454,0.05172143131494522,0.9986332058906555,0.9999997615814209,0.24314986169338226,0.1530427485704422,0.4110749363899231,0.3800373077392578,0.2288603037595749,0.011327764950692654,0.02233940176665783,0.21269461512565613,0.016146400943398476,0.016785306856036186,0.2242889553308487,0.2405584752559662,1,0.12586688629955906,1,0.48654809736213883,0.2740154828586659,-0.016349628101341558,0.44711946030728617,32.778744755624146,0.4876902997493744,0.40950446724891665,0.5867147147655487,0.5132323443889618,399.0099334716797,248.3894920349121,431.78680419921875,248.03898811340332,355.09483337402344,248.01203727722168,318.8661575317383,245.9832000732422,478,0.5990244150161743,0.6037278771400452,1,2.9648263454437256,0.5332668739257747,0.6151872219286277,0.4514512483861117,0.23563221716588445,-0.04683448766256231,0.39514693060136497,36.285439693604346,-1.0539621114730835,0.08,5.089643478393555,-2.8810601234436035,-39.16959762573242,0.43093419075012207
0.9984758496284485,0.03822050988674164,0.03981468454003334,-0.03552718833088875,0.9971678853034973,-0.06628772616386414,-0.04223547503352165,0.06477216631174088,0.9970059394836426,0.9999997019767761,0.27915725111961365,0.16781634092330933,0.3520354926586151,0.3332752585411072,0.14537280797958374,0.013106082566082478,0.03172866627573967,0.1868019998073578,0.016965582966804504,0.01870851032435894,0.28263193368911743,0.2789500057697296,1,0.12615238034176796,1,0.4919306785473468,0.2510974463571598,-0.02700186030081127,0.39922305817310083,33.210242011847626,0.48924775719642644,0.40496989786624904,0.5895249426364899,0.5177329450845718,400.7939147949219,251.5686321258545,434.0022277832031,251.92657470703125,357.3984146118164,249.13673400878906,320.7737731933594,246.3585662841797,478,0.6002771854400635,0.6127630472183228,1,3.717092990875244,0.5098835748440551,0.702826509556195,0.44220674983568065,0.22947413087802498,-0.03463496054754685,0.372943600333955,36.72985944718655,-2.0378053188323975,0.08,5.011999130249023,-3.01690411567688,-38.50281524658203,2.4206342697143555
0.9988261461257935,0.03771663457155228,0.030394654721021652,-0.036526408046483994,0.9985789656639099,-0.03880635276436806,-0.03181510791182518,0.037650611251592636,0.9987843632698059,0.9999998211860657,0.15866641700267792,0.11393547803163528,0.27662715315818787,0.27208372950553894,0.21857886016368866,0.010248971171677113,0.021257206797599792,0.2222425937652588,0.026698915287852287,0.0249033123254776,0.402679443359375,0.174458310008049,1,0.12441478384888886,1,0.5102334925161562,0.275944624035894,-0.024303687666326713,0.44965838583087003,31.808283533863815,0.4886217474937439,0.40026027858257296,0.5876667857170105,0.5152812689542771,400.3927230834961,250.27559280395508,432.1933364868164,249.5771026611328,356.99859619140625,248.75598907470703,320.74275970458984,245.39477348327637,478,0.5990450382232666,0.6150209903717041,1,2.1588244438171387,0.5539301706928355,0.6078616003444998,0.4288365268802311,0.24988711908241165,-0.033877740238219274,0.4107427590345547,36.41130936513636,-2.0943353176116943,0.08,5.0183024406433105,-3.1237967014312744,-38.81919479370117,1.8231788873672485
0.9798673987388611,-0.010368737392127514,-0.19937963783740997,0.03416582569479942,0.9926276206970215,0.1162891536951065,0.1967039853334427,-0.12075992673635483,0.9729977250099182,0.9999995231628418,0.06656990945339203,0.12023065239191055,0.28023386001586914,0.24342039227485657,0.18749167025089264,0.02537081390619278,0.019429316744208336,0.19429217278957367,0.034531574696302414,0.03560622036457062,0.1876317709684372,0.3470994830131531,1,0.10708283951928017,1,0.5935403053478077,0.3302791113947157,-0.07944675752000412,0.45607595879240886,30.513910778342478,0.5078799873590469,0.419700825214386,0.5593014508485794,0.4915576219558716,380.0847625732422,238.6160373687744,410.4517364501953,235.6251096725464,340.35545349121094,239.3193483352661,311.0271644592285,239.26185607910156,478,0.5514214634895325,0.5718567967414856,1,-7.0748701095581055,0.9619688472614728,0.21009844309416031,0.431476335941691,0.27626122171180617,-0.07852912764598544,0.4379852657148228,29.32834538397412,1.9969689846038818,0.08,4.448370933532715,-2.8431789875030518,-40.42089080810547,-11.344282150268555
0.9771760106086731,-0.021106431260704994,-0.21138018369674683,0.006180468946695328,0.9974552989006042,-0.07102527469396591,0.21234138309955597,0.06809776276350021,0.9748198986053467,1.0000001192092896,0.1874660849571228,0.31148746609687805,0.362322598695755,0.3591265082359314,0.03368791565299034,0.10060550272464752,0.10478202253580093,0.044620949774980545,0.02309294417500496,0.01624397560954094,0.45015865564346313,0.25968557596206665,1,0.11470595525339296,1,0.5160028253159993,0.24169451947088846,-0.02983360925022603,0.4134089111128197,32.00094042478821,0.5099586129188538,0.4017736136913299,0.5623862624168396,0.5010374009609222,381.2502670288086,241.61690711975098,413.15242767333984,239.10447120666504,339.08607482910156,243.26851844787598,309.56920623779297,242.17812538146973,478,0.5524276494979858,0.5992637872695923,1,3.9960057735443115,0.9369667711575453,0.7443662513558877,0.46165833775140697,0.24087486207259073,-0.03648939787464179,0.35998760708837835,29.537002023477612,0.3623810410499573,0.08,4.286019325256348,-2.48366379737854,-38.33580017089844,-12.259597778320312
0.9946905970573425,0.00018537297728471458,-0.10291052609682083,-0.009862605482339859,0.995567262172699,-0.09353446960449219,0.10243700444698334,0.09405282884836197,0.9902831315994263,1.0000001192092896,0.09768541902303696,0.13612818717956543,0.09232763946056366,0.08194366097450256,0.1842595785856247,0.01672271080315113,0.024900630116462708,0.18129754066467285,0.10394146293401718,0.116448774933815,0.5022187232971191,0.5044301748275757,1,0.12395769109707593,1,0.5030346652464627,0.3048237520319981,-0.034444507495698704,0.4492039094200139,33.870775795957094,0.49434872269630437,0.3847625494003296,0.5764575779438019,0.5056835651397705,391.95919036865234,245.79554557800293,425.7221221923828,243.0948257446289,348.03680419921875,245.3661060333252,314.46081161499023,242.7945041656494,478,0.5821088552474976,0.6209210157394409,1,5.425432205200195,0.7755333285754835,0.4909266319616549,0.43858908531999974,0.25717637567413937,-0.05174923382548341,0.3835600158874714,33.67432871267592,-0.5680832862854004,0.08,4.6699090003967285,-2.6983351707458496,-37.23869705200195,-5.879521369934082
0.97515869140625,0.02478584460914135,-0.22011639177799225,-0.021488219499588013,0.9996183514595032,0.01736322045326233,0.22046273946762085,-0.012201981619000435,0.9753190875053406,1.0000001192092896,0.10951337218284607,0.19267964363098145,0.23163321614265442,0.2352602332830429,0.058428823947906494,0.0766918808221817,0.07596489042043686,0.060804929584264755,0.039971329271793365,0.039915721863508224,0.42849797010421753,0.32550981640815735,1,0.10676189710013548,1,0.544580405373699,0.31057948770442895,-0.03775205932863263,0.4415795049940389,30.53445883298337,0.5170206487178802,0.4036083221435547,0.5667578637599945,0.505112886428833,383.28601837158203,245.10858535766602,413.70555877685547,242.46193885803223,344.8226547241211,245.19046783447266,313.88208389282227,242.9502296447754,478,0.5497372150421143,0.6015045642852783,1,-0.7167762517929077,0.7927625206229771,0.45063806832043884,0.47506517939782306,0.2548423749701029,-0.05972765642292014,0.36707667258072324,31.021566539671092,-1.262343168258667,0.08,4.555724143981934,-3.122175931930542,-39.77111053466797,-12.736212730407715
0.9901440739631653,0.03241068124771118,-0.13625016808509827,-0.035036735236644745,0.9992427825927734,-0.016919346526265144,0.13559861481189728,0.0215263981372118,0.9905299544334412,1.0000003576278687,0.1518304944038391,0.34412285685539246,0.14529217779636383,0.17031526565551758,0.10078033059835434,0.024852588772773743,0.04386795312166214,0.14283718168735504,0.06626392155885696,0.049225613474845886,0.5252772569656372,0.2489531934261322,1,0.12162208001236101,1,0.48869718300143056,0.2776947724278757,-0.039235188185794245,0.40944884451598507,32.801664041435316,0.5017683744430542,0.40160587131977077,0.5774276494979859,0.5033852130174636,391.86580657958984,244.82388496398926,424.61578369140625,242.9831886291504,349.5376968383789,244.52736854553223,316.00576400756836,241.77809715270996,478,0.5756592750549316,0.6017793416976929,1,1.2449674606323242,0.7496545888881914,0.4659973794576124,0.4333821893371967,0.224702937151006,-0.06756029994209788,0.30157243205210416,33.64444995283278,-2.0265936851501465,0.08,4.8494038581848145,-2.8076729774475098,-38.269561767578125,-7.793236255645752
0.9873954653739929,-0.015300100669264793,-0.15753164887428284,0.01977287046611309,0.999443531036377,0.0268647912889719,0.15703295171260834,-0.029641013592481613,0.9871484637260437,0.9999995231628418,0.20260027050971985,0.1408189982175827,0.20906277000904083,0.1409112513065338,0.13854622840881348,0.033859167248010635,0.02464338205754757,0.14697495102882385,0.04123680293560028,0.06360480934381485,0.18202440440654755,0.4349516034126282,1,0.10881246023884003,1,0.5685674591264661,0.34377247728030585,-0.048322138703348574,0.4402391043888015,28.757522862820668,0.49932363629341125,0.40296885967254636,0.5700329840183258,0.5031625986099243,387.4048614501953,244.69433784484863,416.0695266723633,242.38520622253418,348.074951171875,244.51260566711426,315.16849517822266,242.0474338531494,478,0.5707093477249146,0.6001937389373779,1,-1.7198981046676636,0.9161979851667836,0.3577602590848703,0.4464251251472069,0.2623091305435497,-0.07247294688449929,0.28680514442773253,32.998665400293724,1.1472105979919434,0.08,4.788038730621338,-3.0121145248413086,-38.59421157836914,-9.034719467163086
0.9832972884178162,0.00607917970046401,-0.18190519511699677,-0.010774096474051476,0.9996335506439209,-0.024832626804709435,0.18168756365776062,0.026377709582448006,0.9830024838447571,0.9999999403953552,0.3313291072845459,0.3124140202999115,0.26060694456100464,0.2182483673095703,0.13899025321006775,0.03123127669095993,0.02802560292184353,0.13834229111671448,0.030877331271767616,0.043619249016046524,0.2165374457836151,0.355617493391037,1,0.11114526819971304,1,0.5502959590816768,0.2694713584966844,-0.032754535070811816,0.3293612209459136,30.47569269719486,0.5078439116477966,0.4003058671951294,0.5686629414558411,0.5092166662216187,385.8460235595703,247.23383903503418,416.30115509033203,246.11454963684082,347.00294494628906,246.53406143188477,314.1581344604492,244.03939247131348,478,0.5608190298080444,0.6089107990264893,1,1.537095546722412,0.9491637899958636,0.49198613195634294,0.42976701390475053,0.22098306597128417,-0.05696951486085103,0.1929240046610477,32.93941330897457,-0.6277709603309631,0.08,4.693003177642822,-3.0201363563537598,-38.88591766357422,-10.468070030212402
0.9950847029685974,0.03063000552356243,-0.094170942902565,-0.034890297800302505,0.9984251260757446,-0.04393117502331734,0.09267701953649521,0.04700089618563652,0.9945862889289856,0.9999999403953552,0.23570719361305237,0.23260214924812317,0.28424328565597534,0.23752090334892273,0.12451054900884628,0.027274305000901222,0.03766721114516258,0.12715581059455872,0.029361730441451073,0.04183994233608246,0.3614702820777893,0.47104546427726746,1,0.12165167584503653,1,0.4837058799268017,0.2730636708081021,-0.010769592763296502,0.4974160136153505,31.416029706187203,0.49824900627136226,0.3967778980731964,0.5768643736839294,0.5123911201953888,391.85462951660156,248.8264560699463,423.26995849609375,249.036283493042,349.1994094848633,246.4585304260254,315.8131790161133,243.94457817077637,478,0.5786153674125671,0.6156132221221924,1,2.7055983543395996,0.621864387925781,0.5823210197219412,0.4330342709241945,0.21343976696702638,-0.04700036136097583,0.2718646094860999,33.480745823848125,-2.0081186294555664,0.08,4.651217937469482,-3.0301294326782227,-38.12085723876953,-5.317632675170898
0.9632418751716614,-0.015340144746005535,-0.26819711923599243,0.019072510302066803,0.9997540712356567,0.011316497810184956,0.26795750856399536,-0.016015710309147835,0.9632976055145264,1.0000001192092896,0.08233427256345749,0.08742453902959824,0.23842154443264008,0.20038944482803345,0.30831265449523926,0.012011679820716381,0.010806218720972538,0.31373631954193115,0.03392768278717995,0.037878625094890594,0.42517516016960144,0.48161277174949646,1,0.11152446907656488,1,0.6064915412689035,0.29444053849585833,-0.048543865981598475,0.5187031357477145,32.23104230199897,0.5087753057479858,0.40467661321163173,0.5542219996452331,0.5024492710828781,377.8916931152344,243.79205703735352,410.0008010864258,240.99111557006836,336.8292999267578,244.2868995666504,307.32608795166016,242.3250389099121,478,0.5454466938972473,0.5977726578712463,1,-0.9525072574615479,0.9106551493362512,0.3701566778987278,0.39227399960027787,0.294940869152046,-0.05921286088435699,0.4791974835622388,29.56836847279775,1.1343271732330322,0.08,4.273534774780273,-2.9662904739379883,-38.81946563720703,-15.54276180267334
0.9326659440994263,0.002116202376782894,-0.36073487997055054,0.013479876331984997,0.9990799427032471,0.040712662041187286,0.360489159822464,-0.042833972722291946,0.9317793250083923,1.0000001192092896,0.10516709089279175,0.14909209311008453,0.31464046239852905,0.2670629024505615,0.025240827351808548,0.14434315264225006,0.13721898198127747,0.037175245583057404,0.023640446364879608,0.03079625964164734,0.2170553356409073,0.43111610412597656,1,0.11168988453721188,1,0.5289378004278493,0.27822213097177156,-0.03977300957396955,0.49836509072167523,33.07209955024515,0.5256834089756012,0.4115278840065002,0.5543366730213165,0.5031139373779296,375.10562896728516,243.84607315063477,408.06915283203125,241.16841316223145,334.9125289916992,244.7947597503662,306.1867141723633,243.54795455932617,478,0.5286532640457153,0.5915860533714294,1,-2.6320385932922363,0.9588726482075103,0.4485862660519778,0.4441711763030689,0.27427257833853785,-0.08124032477569029,0.4279412143745168,28.752860036467506,0.8280416131019592,0.08,4.29278039932251,-3.0117850303649902,-39.056636810302734,-21.130239486694336
0.9986071586608887,-0.009877584874629974,-0.05182776600122452,0.007626441773027182,0.999026358127594,-0.043454360216856,0.052206527441740036,0.04299861192703247,0.997710108757019,0.9999998211860657,0.131818950176239,0.1857481449842453,0.2326536327600479,0.2048051953315735,0.09527526795864105,0.0332019068300724,0.042321011424064636,0.09566430747509003,0.03633839264512062,0.03951409086585045,0.3709411025047302,0.43690887093544006,1,0.12214368521482488,1,0.4804661886473478,0.2732658030934835,-0.03675589310600188,0.49359537926152375,33.42364360663311,0.493478000164032,0.40819261968135834,0.5848654508590698,0.5032327026128769,396.2879180908203,243.91018867492676,429.61708068847656,241.39883995056152,354.3463897705078,244.6622085571289,318.1837844848633,243.3500576019287,478,0.5913874506950378,0.5950400829315186,1,2.467766284942627,0.5408460234626938,0.5002757559992849,0.47222319416858277,0.2236876995438569,-0.060713694961536134,0.42871787899453373,36.18640298851118,0.43756386637687683,0.08,5.080037593841553,-2.5672860145568848,-38.74192810058594,-2.9925739765167236
0.9905627369880676,-0.04415659233927727,-0.12975284457206726,0.045456063002347946,0.9989413022994995,0.0070693097077310085,0.12930335104465485,-0.012900647707283497,0.9915211200714111,1.000000238418579,0.16295196115970612,0.05136435851454735,0.2572929561138153,0.19896256923675537,0.26665112376213074,0.01413537934422493,0.01853528805077076,0.27511143684387207,0.03063725121319294,0.049606338143348694,0.24816104769706726,0.5768572092056274,1,0.11587312916550989,1,0.5660978814607014,0.3126583194418195,-0.04819626690777357,0.5224100712873321,30.649842045898886,0.48626661896705625,0.4051821261644364,0.5682622253894806,0.5041251808404923,387.7037811279297,244.02637481689453,418.2145309448242,241.10970497131348,344.0679168701172,245.2573013305664,313.5158920288086,244.38254356384277,478,0.5819956064224243,0.5989430546760559,1,-0.7454313039779663,0.9099924668761729,0.27129836742663427,0.42818157612175506,0.2767051570578431,-0.06724845426295091,0.5256383328962929,30.564545197262625,2.6274101734161377,0.08,4.833725452423096,-2.9538309574127197,-39.86796951293945,-7.429337024688721
0.9912876486778259,-0.0407160185277462,-0.12526358664035797,0.05226729065179825,0.9945369958877563,0.09035616368055344,0.12090035527944565,-0.09611610323190689,0.9880003929138184,1.0,0.012701163068413734,0.005116986110806465,0.9640174508094788,0.96076899766922,0.1610647290945053,0.029094668105244637,0.031253352761268616,0.17067153751850128,0.0002839583030436188,0.00024961421149782836,0.1940261572599411,0.564058780670166,1,0.11848332446127192,1,0.5906918116297284,0.29843986063170463,0.15098783039557542,1.1807308124595133,33.34420497583657,0.49587463140487675,0.4410605907440186,0.5703073620796204,0.5178723812103272,388.72901916503906,243.35177421569824,421.83528900146484,239.37548160552979,342.65167236328125,246.04863166809082,311.3490867614746,245.0533676147461,478,0.5744327306747437,0.5768117904663086,1,-5.5564470291137695,0.8409219947076374,0.6451481156221682,0.50940799913273,0.2764978703977907,0.1550292481970398,1.3886300501536268,31.31840379005529,3.0182201862335205,0.08,4.885959148406982,-3.186218023300171,-40.813961029052734,-6.944067478179932
0.9982609748840332,-0.04185818135738373,-0.04150894284248352,0.04302163049578667,0.9986944198608398,0.027542898431420326,0.0403018556535244,-0.02928077057003975,0.9987584352493286,1.0000005960464478,0.17999659478664398,0.13942284882068634,0.6754602789878845,0.6677106022834778,0.08140560984611511,0.02510795369744301,0.055016715079545975,0.13239993155002594,0.005157629027962685,0.0042511820793151855,0.4540763199329376,0.44866421818733215,1,0.11890616677461892,1,0.49593486314557955,0.222966809275481,0.017388197306147074,0.7058095034881742,33.35250298888225,0.49598366022109985,0.4255199700593948,0.5784722566604614,0.5143738657236099,391.49951934814453,246.18807792663574,424.79930877685547,244.3136501312256,350.83499908447266,248.03893089294434,317.1089744567871,248.19308280944824,478,0.5824885964393616,0.5888538956642151,1,-1.6792690753936768,0.6018698160884134,0.7956365624284195,0.4488946565397639,0.2145875220999194,-0.004610883509724219,0.6724965386653615,33.72637691878667,2.4677248001098633,0.08,4.973021984100342,-3.0613856315612793,-39.972312927246094,-2.3097517490386963
0.9699923396110535,-0.023670867085456848,-0.24198034405708313,0.047172099351882935,0.9946601390838623,0.09179302304983139,0.23851539194583893,-0.10045328736305237,0.9659293293952942,1.0,0.21619726717472076,0.1431148797273636,0.6271064281463623,0.5934356451034546,0.06110473722219467,0.06958728283643723,0.07807832956314087,0.06993883103132248,0.0069063096307218075,0.008898917585611343,0.2574934661388397,0.5694258213043213,1,0.1076012885377384,1,0.544587830605038,0.2538024795202694,-0.019575605885535613,0.5810558887495505,28.63038414430044,0.5102095544338227,0.42789919972419743,0.5589718759059906,0.5041964232921601,379.2550277709961,243.2694911956787,407.73014068603516,240.29176712036133,339.6307373046875,244.20367240905762,310.39846420288086,242.97640800476074,478,0.548762321472168,0.5762972235679626,1,-5.93721866607666,0.9475429764454872,0.6303538483105857,0.4405159324783888,0.22299380191867624,-0.02956849325839547,0.5547079254007741,29.2580240049662,2.7841811180114746,0.08,4.662635326385498,-3.1552464962005615,-41.66431427001953,-13.798933029174805
