R00,R01,R02,R10,R11,R12,R20,R21,R22,R_scale,bs_eyeBlinkLeft,bs_eyeBlinkRight,bs_eyeLookDownLeft,bs_eyeLookDownRight,bs_eyeLookInLeft,bs_eyeLookInRight,bs_eyeLookOutLeft,bs_eyeLookOutRight,bs_eyeLookUpLeft,bs_eyeLookUpRight,bs_eyeSquintLeft,bs_eyeSquintRight,detected,interocular_norm,is_laptop,leye_h,leye_open,leye_v,leye_vlid,leye_width_px,m0_cx,m0_cy,m0_px,m0_py,mp_lin_x,mp_lin_y,mp_lout_x,mp_lout_y,mp_rin_x,mp_rin_y,mp_rout_x,mp_rout_y,n_landmarks,nose_x,nose_y,pass,pitch,px_raw,py_raw,reye_h,reye_open,reye_v,reye_vlid,reye_width_px,roll,target_x,tx,ty,tz,yaw
0.9966350197792053,-0.00741204246878624,0.08163094520568848,0.007901235483586788,0.9999527335166931,-0.005671476013958454,-0.08158504217863083,0.006297326181083918,0.9966464638710022,1.0,0.22235321998596191,0.05658623203635216,0.4214174747467041,0.4237369894981384,0.10642685741186142,0.03366972878575325,0.038480743765830994,0.11324209719896317,0.014022271148860455,0.016162460669875145,0.2355702519416809,0.20677591860294342,1,0.09533483166593902,1,0.45764061548296087,0.28669816508612117,-0.026501495687199478,0.4307593770765927,50.04069081734939,0.4895607173442841,0.40322116017341614,0.5622804701328278,0.42943891882896423,753.6740875244141,313.83753061294556,803.6962890625,312.47735023498535,687.3815155029297,311.12961530685425,633.2000732421875,305.0607204437256,478,0.5727197527885437,0.5262177586555481,0,0.362019419670105,0.3084226017041425,0.6686193107018238,0.47093743610902833,0.29671984363086423,-0.020500959367491092,0.44231059137562156,54.520273022270246,0.45422640442848206,0.08,4.24839448928833,0.284224271774292,-35.7665901184082,4.6796793937683105
0.9956657886505127,-0.0022069939877837896,0.09297768026590347,-0.0003399926645215601,0.9996253252029419,0.027368800714612007,-0.09300324320793152,-0.027281785383820534,0.9952919483184814,0.9999997019767761,0.21349987387657166,0.08856311440467834,0.5007054209709167,0.48650825023651123,0.06732495874166489,0.06076926738023758,0.05193054676055908,0.06993763148784637,0.012179817073047161,0.010340751148760319,0.24389290809631348,0.21358367800712585,1,0.09358396374954221,1,0.46256803525438467,0.2916992328643488,-0.023182563686812936,0.4397871518381375,50.118108789614354,0.49050725698471065,0.40429589450359343,0.563986313343048,0.4304797977209091,754.9816131591797,313.8072109222412,805.0881195068359,312.7288556098938,689.5557403564453,311.12892866134644,634.9575805664062,306.9403052330017,478,0.5734790563583374,0.5261839032173157,0,-1.5701320171356201,0.35039188795594195,0.6765313681627142,0.4969230172580284,0.2896178405696137,-0.01869684946580968,0.4504101743729106,54.75859401767574,-0.01956494152545929,0.08,4.163820266723633,0.0969475582242012,-35.27207565307617,5.336404800415039
0.9964409470558167,-0.006071103736758232,0.08407492190599442,0.004418589640408754,0.9997936487197876,0.01982744410634041,-0.08417794108390808,-0.019385356456041336,0.9962620735168457,0.9999998211860657,0.18519087135791779,0.08857880532741547,0.5546232461929321,0.5311692953109741,0.07216812670230865,0.062443118542432785,0.05037768930196762,0.062242694199085236,0.009890744462609291,0.008063014596700668,0.22489027678966522,0.20653532445430756,1,0.0917833557714211,1,0.4720690219406177,0.30827853568261043,-0.018257738190566156,0.4721232195112274,50.81419360900182,0.4908970296382904,0.40451673567295077,0.5630030333995819,0.42974654734134676,752.6944732666016,312.50412940979004,803.5001373291016,311.57312393188477,689.3141174316406,310.40664196014404,634.5580291748047,307.04212188720703,478,0.5721060037612915,0.525229811668396,0,-1.1147257089614868,0.3923611742077414,0.7388710810745975,0.5013747728862308,0.2946534705722809,-0.013851125905730233,0.46227116044900185,54.85935833220546,0.25406911969184875,0.08,4.136449813842773,0.17272543907165527,-35.34649658203125,4.828754901885986
0.9956739544868469,0.0015535069396719337,0.09290309995412827,-0.005425564479082823,0.9991261959075928,0.04144042357802391,-0.09275754541158676,-0.0417652428150177,0.9948124289512634,1.0,0.14809881150722504,0.07063397020101547,0.5783923864364624,0.5482571125030518,0.06423450261354446,0.07355105876922607,0.06311479210853577,0.0466429777443409,0.009657228365540504,0.006278226617723703,0.2647469937801361,0.10019434988498688,1,0.09173664328188506,1,0.4712937909750748,0.3260660260232403,-0.017715100982401005,0.4873160946508041,49.732967181699095,0.49147284030914307,0.40530136227607727,0.5638706684112549,0.4301227629184723,754.3170928955078,312.53429889678955,804.0391540527344,311.49282932281494,690.1472473144531,310.98625659942627,634.6627044677734,307.4518346786499,478,0.5723978281021118,0.524821400642395,0,-2.404038667678833,0.39779576724060006,0.7501517838319763,0.51329345303608,0.3170497880841527,-0.014503102097183366,0.46277186257049446,55.59700201746756,-0.31220948696136475,0.08,4.093263626098633,0.05928243696689606,-35.18820571899414,5.322266101837158
0.9959837198257446,0.00044584248098544776,0.08953376114368439,-0.00500852195546031,0.9986992478370667,0.05074220895767212,-0.08939466625452042,-0.0509868748486042,0.9946903586387634,0.9999997019767761,0.14252851903438568,0.07392789423465729,0.5760141611099243,0.545853853225708,0.0972314104437828,0.06553497165441513,0.0447288453578949,0.05371680110692978,0.011199677363038063,0.006044161505997181,0.2869764566421509,0.11574909836053848,1,0.0889568833232622,1,0.4830452679435238,0.32772379802700763,-0.018180092990093565,0.4853847433855472,49.244550730352685,0.49184266328811643,0.40554285049438477,0.5626239538192749,0.43042486906051636,751.7698669433594,312.5304365158081,801.0031890869141,311.4788818359375,690.1017761230469,311.2107038497925,634.9550628662109,307.7998995780945,478,0.5707812905311584,0.5248820185661316,0,-2.9343583583831787,0.40323036027345865,0.7595757279650265,0.5143224824550595,0.31353927419593125,-0.011741968416565834,0.4751802400385446,55.252091081895,-0.28812190890312195,0.08,4.078352928161621,0.022043883800506592,-35.401275634765625,5.128783226013184
0.9958968162536621,0.003370069433003664,0.09043283015489578,-0.007447383366525173,0.998968780040741,0.04478717967867851,-0.0901886373758316,-0.045276910066604614,0.9948949813842773,1.0,0.13659848272800446,0.05982298031449318,0.5844800472259521,0.5603638887405396,0.06991401314735413,0.07752547413110733,0.065334253013134,0.043745119124650955,0.010336081497371197,0.006064028479158878,0.286948561668396,0.09543652832508087,1,0.0905843655091491,1,0.4665662994766751,0.33060462488550996,-0.015312057317766414,0.49604168040020385,49.19807430707722,0.4924312770366669,0.4056842505931854,0.563358598947525,0.4305684745311737,752.9640197753906,312.5434613227844,802.1540832519531,311.6556715965271,690.1670837402344,311.16469860076904,635.013313293457,307.7813172340393,478,0.5709273219108582,0.5248842239379883,0,-2.60568904876709,0.4055510946227615,0.7410472778740325,0.51158879329628,0.32410405169084133,-0.011254017411798142,0.4888952490636047,55.25744894653623,-0.4284536838531494,0.08,4.083914756774902,0.04930172115564346,-35.37980270385742,5.174459457397461
0.9961320757865906,0.010044151917099953,0.08729232102632523,-0.015933675691485405,0.9976232647895813,0.067036472260952,-0.08641152828931808,-0.06816807389259338,0.993924617767334,1.0,0.1380177140235901,0.0685635656118393,0.5626770257949829,0.5307469367980957,0.04045100137591362,0.13048109412193298,0.12446513026952744,0.019516758620738983,0.011234641075134277,0.006328352261334658,0.30674389004707336,0.09423103928565979,1,0.09168217034317813,1,0.4605118604594627,0.3281453026759154,-0.018530847375571192,0.5040468488122251,49.057851528690605,0.4939155578613281,0.4055676221847534,0.564782977104187,0.43064812421798704,755.2674865722656,312.96443939208984,804.3169403076172,312.0567584037781,690.1954650878906,311.34271144866943,635.3270721435547,307.7591300010681,478,0.5708674192428589,0.5250805020332336,0,-3.9234726428985596,0.4097362107736068,0.7086579600463856,0.5286593576934082,0.3290064378907449,-0.016510734241569847,0.4862176685315053,54.98529440128166,-0.9163990616798401,0.08,4.099522113800049,-0.044961117208004,-35.28886413574219,4.957197666168213
0.9959697723388672,0.009750403463840485,0.08915752917528152,-0.01631380245089531,0.9971848130226135,0.07318635284900665,-0.08819293975830078,-0.0743459016084671,0.9933250546455383,0.9999995827674866,0.138956218957901,0.05660587176680565,0.5678534507751465,0.5551469922065735,0.041323620826005936,0.14349928498268127,0.13737404346466064,0.016469573602080345,0.009978915564715862,0.005926851648837328,0.2809474766254425,0.07736354321241379,1,0.09097253802392621,1,0.46124941927629515,0.3325201522195088,-0.018630062110942282,0.5089577500858713,49.127585069865916,0.49432935118675236,0.40919436812400817,0.5651022970676423,0.4307341754436493,755.2019500732422,313.1993794441223,804.3218231201172,312.32892751693726,690.5171203613281,311.3416385650635,636.0872650146484,307.6766896247864,478,0.5707729458808899,0.5215398073196411,0,-4.280350208282471,0.4155540560160078,0.7683662050332127,0.5345081653715286,0.33801963453421474,-0.01831040899168616,0.49207693666279106,54.553102605666886,-0.9384104013442993,0.08,4.1025390625,-0.0559086799621582,-35.30681610107422,5.059656620025635
0.9959311485290527,0.010843062773346901,0.08946259319782257,-0.016381174325942993,0.9979785680770874,0.06140416860580444,-0.08861593902111053,-0.06261984258890152,0.9940955638885498,1.0000001192092896,0.17246241867542267,0.06172538921236992,0.5495103597640991,0.5461649894714355,0.05595383420586586,0.11135762929916382,0.10049930214881897,0.022004222497344017,0.009704411029815674,0.006649702321738005,0.28356143832206726,0.09930206835269928,1,0.09022586550518356,1,0.47553580482624236,0.3168072610870199,-0.019283923830209264,0.4982032169257978,49.17921588927019,0.49407579302787785,0.4075997442007065,0.5646523416042328,0.4287772744894028,754.7785186767578,311.6505432128906,803.9555358886719,312.11557388305664,690.4633331298828,309.2406964302063,636.0853958129883,306.23014211654663,478,0.570576548576355,0.5211775302886963,0,-3.604400396347046,0.4567608726772287,0.7397281805310121,0.5336653969956899,0.33082029218570624,-0.020995744552326258,0.48677679662038265,54.46121100585744,-0.9423216581344604,0.08,4.088931560516357,0.02334803342819214,-35.24790954589844,5.083987712860107
0.9952906370162964,0.010162689723074436,0.09640160948038101,-0.015394700691103935,0.9984392523765564,0.053685512393713,-0.095705546438694,-0.05491677671670914,0.9938936829566956,0.9999999403953552,0.16857267916202545,0.061818256974220276,0.5380580425262451,0.5347241759300232,0.04422102868556976,0.12324365228414536,0.11968383938074112,0.020099462941288948,0.010495279915630817,0.007351189851760864,0.2930021286010742,0.10981811583042145,1,0.09085553612362973,1,0.46310357935122476,0.3170475041648951,-0.018483089659022282,0.5005936197255496,49.349061646554496,0.494116199016571,0.4064225286245346,0.5649518489837646,0.42865202128887175,754.8713684082031,311.59127712249756,804.219970703125,311.8042016029358,690.6885528564453,309.24164056777954,636.119499206543,306.18486642837524,478,0.5708356499671936,0.5222294926643372,0,-3.1626150608062744,0.46772582830739085,0.7276998373404101,0.5307957719506253,0.3305027383666471,-0.021019226841420408,0.488372905940784,54.65460167721068,-0.8861542344093323,0.08,4.060541152954102,0.04326906427741051,-35.17622756958008,5.491929531097412
0.9956660866737366,0.009701607748866081,0.09249266237020493,-0.014414370991289616,0.9986239671707153,0.05042175576090813,-0.09187621623277664,-0.05153645575046539,0.9944358468055725,1.0000001192092896,0.1694737672805786,0.06901510059833527,0.5454045534133911,0.5434026718139648,0.043678730726242065,0.12020312994718552,0.11858908832073212,0.020746011286973953,0.010302338749170303,0.006990026216953993,0.30354392528533936,0.10711870342493057,1,0.09101247469347958,1,0.4647554997228447,0.3144702351502349,-0.016727791743485994,0.4965153929759397,49.33786730052469,0.49443255662918095,0.4064924091100693,0.5648616433143616,0.4285026162862778,754.9577331542969,311.47064208984375,804.2951965332031,311.27099990844727,690.322265625,309.3026661872864,636.288948059082,306.1930203437805,478,0.5704290866851807,0.5220102071762085,0,-2.966689109802246,0.4700857276159819,0.7209427700988186,0.5288288155838968,0.32822995552886036,-0.021429696809018902,0.47929062994184435,54.122724474656835,-0.8294194936752319,0.08,4.076998233795166,0.07734028249979019,-35.23442840576172,5.2715535163879395
0.9954706430435181,0.018849162384867668,0.0931825265288353,-0.025077087804675102,0.9974963068962097,0.06612323969602585,-0.09170284122228622,-0.06816048175096512,0.993450939655304,0.999999463558197,0.17522354423999786,0.07247770577669144,0.5782183408737183,0.5708295106887817,0.0369449220597744,0.1308470070362091,0.1298360675573349,0.020776063203811646,0.009226716123521328,0.006524770520627499,0.2972443401813507,0.1070995032787323,1,0.09153831259975975,1,0.45512445572621985,0.3114236242354199,-0.009213010772624049,0.5166649948215565,49.56730277323419,0.4949847817420959,0.40784279108047483,0.5653666019439697,0.4296375274658203,755.308837890625,312.0766496658325,804.8709106445312,312.7966833114624,690.8592987060547,309.3835401535034,637.1958160400391,306.20211839675903,478,0.5703818202018738,0.5217947363853455,0,-3.9249014854431152,0.4700857276159819,0.7179641739082476,0.5219389828074126,0.32815016230154764,-0.01943911868792022,0.48346344041678235,53.7577047161387,-1.4430434703826904,0.08,4.086744785308838,0.013408193364739418,-35.30413818359375,5.261577606201172
0.9960912466049194,0.005619810428470373,0.08815193176269531,-0.011672125197947025,0.9975970387458801,0.06829337775707245,-0.08755630999803543,-0.06905535608530045,0.9937632083892822,0.9999999403953552,0.5330100059509277,0.5068669319152832,0.8115491271018982,0.7961798906326294,0.08498231321573257,0.07426139712333679,0.05592559278011322,0.056736744940280914,0.0035759760066866875,0.0015409690095111728,0.3198460638523102,0.23234423995018005,1,0.09247930452238583,1,0.49647872347355865,0.15274556321523006,0.014991967400076526,0.3746389427788892,50.89708297045441,0.49251875281333923,0.41580043733119965,0.5628707706928253,0.43933598697185516,754.1770172119141,315.75618982315063,805.0186920166016,318.1304597854614,689.1181945800781,313.9253783226013,631.8721771240234,313.27396631240845,478,0.5703520178794861,0.5235355496406555,0,-3.9750218391418457,0.4700857276159819,0.5890331500727511,0.5160144617780782,0.1305260989747617,0.028895030915145704,0.34281709799319965,57.24972360020999,-0.6713570356369019,0.08,4.1097517013549805,-0.12755413353443146,-35.47343063354492,5.023038864135742
0.9743039608001709,-0.009926144964993,0.22501836717128754,-0.007477718871086836,0.9970523118972778,0.07636021077632904,-0.22511303424835205,-0.07608067244291306,0.9713577032089233,1.0000003576278687,0.1923542320728302,0.106417216360569,0.49118250608444214,0.4851722717285156,0.2081746608018875,0.018888337537646294,0.020396260544657707,0.2160499542951584,0.01506350003182888,0.009313545189797878,0.2572326064109802,0.11739636957645416,1,0.09117500034818402,1,0.48606392299138707,0.32071119497616346,-0.031060259237746957,0.4597307032861364,45.645198976504204,0.4837083578109741,0.4092834830284119,0.580195939540863,0.4243114829063416,777.6319885253906,308.7438654899597,823.2761383056641,308.43438148498535,713.9699554443359,307.47058868408203,659.8995208740234,304.5715928077698,478,0.5964875817298889,0.5150279998779297,0,-4.478494167327881,0.3162377720182554,0.6966425172029551,0.45161055959677604,0.3119893221297374,-0.035059396169113105,0.45807868693661663,54.148093889089175,-0.4397326707839966,0.3,4.883925914764404,0.12422282248735428,-35.11241912841797,13.00952434539795
0.9806984066963196,-0.0012522765900939703,0.19552263617515564,-0.016553837805986404,0.9958575367927551,0.08940863609313965,-0.19482460618019104,-0.09091958403587341,0.9766150712966919,0.9999998211860657,0.18948356807231903,0.09423215687274933,0.5303004384040833,0.5222525596618652,0.23276396095752716,0.015455314889550209,0.01831178553402424,0.23243974149227142,0.01157030463218689,0.007324865087866783,0.2503477931022644,0.08917994052171707,1,0.09343354124554623,1,0.4946898162376539,0.31501354506232077,-0.02117402085485127,0.4751738694316054,47.34404355861814,0.4864169538021088,0.4108009397983551,0.5761352360248566,0.4259484469890594,773.3865356445312,309.457311630249,820.7305145263672,309.3790555000305,708.4535217285156,308.0977749824524,653.1822204589844,305.30147552490234,478,0.5897182822227478,0.5151475071907043,0,-5.318714141845703,0.3466631447985896,0.7511032213097961,0.44334650479686416,0.308173942172323,-0.025939834445017403,0.4684255842710961,55.341991604876895,-0.9670403003692627,0.3,4.706725597381592,0.08216030895709991,-35.24034118652344,11.234477043151855
0.9873303771018982,-0.0025554054882377386,0.1586574912071228,-0.008371382020413876,0.997639000415802,0.06816370040178299,-0.15845708549022675,-0.06862831115722656,0.9849779009819031,1.0000003576278687,0.20751939713954926,0.09063562750816345,0.5475879907608032,0.5348067283630371,0.10585565865039825,0.04221965745091438,0.0397728830575943,0.10620490461587906,0.010451865382492542,0.007863299921154976,0.2164352387189865,0.09900917112827301,1,0.09313126302142423,1,0.48017062218944667,0.3183803882146202,-0.017985179050825965,0.47443640135201887,47.907367497429306,0.48930398821830745,0.4108333379030228,0.5735261261463165,0.42608694136142733,768.9059448242188,309.4749069213867,816.8130493164062,309.3161630630493,703.5417938232422,307.9843068122864,648.5292816162109,305.2392911911011,478,0.584222137928009,0.5152536034584045,0,-3.985640525817871,0.3607685646265939,0.6833363695174964,0.4735140541426763,0.3104327128007638,-0.024207030779265323,0.4670893911099222,55.08095505889013,-0.48578810691833496,0.3,4.58927059173584,0.17188434302806854,-35.35343551635742,9.117350578308105
0.9883534908294678,-0.001251433975994587,0.15217004716396332,-0.008927803486585617,0.99776691198349,0.06619216501712799,-0.15191307663917542,-0.06677981466054916,0.9861353635787964,1.0000001192092896,0.18990163505077362,0.0837220624089241,0.5991305112838745,0.5867575407028198,0.10329847782850266,0.04571327939629555,0.03949730843305588,0.1026044562458992,0.008138507604598999,0.00563940592110157,0.21196267008781433,0.08416040986776352,1,0.09287685305299405,1,0.4845715070653419,0.3237881283848402,-0.016391076872459838,0.4803120241209808,46.768970063549496,0.4892909944057464,0.41060559153556825,0.5703393638134002,0.42630885243415834,765.4595947265625,309.55350637435913,812.2278594970703,309.296658039093,698.0623626708984,308.0069661140442,644.8399353027344,305.06301641464233,478,0.5810483694076538,0.5157032608985901,0,-3.8740813732147217,0.3726042201496147,0.7443704875031857,0.4851807487164455,0.3184525342000387,-0.020819616092216848,0.47466745287454026,53.303786121613484,-0.5175390243530273,0.3,4.442187309265137,0.19034667313098907,-35.540008544921875,8.737807273864746
0.9932539463043213,0.0028666495345532894,0.11592458188533783,-0.010274137370288372,0.9979382753372192,0.06335228681564331,-0.1155039593577385,-0.06411591917276382,0.991235613822937,1.0000003576278687,0.16407744586467743,0.09951021522283554,0.5974704027175903,0.5712113380432129,0.03985002636909485,0.10733477026224136,0.1015142872929573,0.03356848657131195,0.009139491245150566,0.0059782410971820354,0.25951912999153137,0.1370042860507965,1,0.09339503867668607,1,0.45357865112094153,0.310622970165265,-0.010830382058530303,0.492154514021568,50.05611514066755,0.49323232173919673,0.4084391206502914,0.5682717084884643,0.4270411342382431,759.9244689941406,309.9009704589844,809.9765777587891,309.26766872406006,694.8198699951172,308.282675743103,640.2799987792969,305.1464867591858,478,0.5750393867492676,0.5186020135879517,0,-3.700897216796875,0.3726042201496147,0.7176382185052456,0.5031390143914726,0.30241787942852494,-0.011422200360924525,0.4838143087658923,54.62996644416293,-0.5926416516304016,0.3,4.2634358406066895,0.1486499160528183,-35.214866638183594,6.632692813873291
0.9940173029899597,-0.009617714211344719,0.10879847407341003,0.002236380707472563,0.9976989030838013,0.06776364892721176,-0.10919985175132751,-0.0671149268746376,0.991751492023468,0.9999995231628418,0.18375329673290253,0.1523927003145218,0.5834546685218811,0.5656164884567261,0.08604598045349121,0.0540047325193882,0.04362598806619644,0.08229519426822662,0.010472264140844345,0.006287809461355209,0.2860495150089264,0.15762776136398315,1,0.09240763057432201,1,0.4829966544101859,0.30492877107783445,-0.017211617581746275,0.4750711853851374,49.14764261940251,0.4908786237239837,0.40815245509147646,0.5650952279567718,0.4273458063602448,757.2039794921875,309.99905347824097,806.322021484375,308.29355478286743,692.0563507080078,309.7765803337097,638.4660720825195,307.0204710960388,478,0.5742166042327881,0.5191933512687683,0,-3.8714816570281982,0.3726042201496147,0.7213314859360702,0.4808822030133956,0.28912194352495346,-0.019763231568806352,0.46503750409901956,53.66110417606745,0.12890614569187164,0.3,4.1989288330078125,0.10203392803668976,-35.22352600097656,6.269192218780518
0.9946326613426208,-0.0029787495732307434,0.10342564433813095,-0.0029503710102289915,0.9983625411987305,0.05712710693478584,-0.10342645645141602,-0.05712563171982765,0.9929952621459961,1.0000003576278687,0.17062167823314667,0.09639547020196915,0.5909185409545898,0.57549649477005,0.12829039990901947,0.04438154026865959,0.02828303910791874,0.10684701055288315,0.009470416232943535,0.006008104886859655,0.2515893876552582,0.12145745754241943,1,0.09166034949423564,1,0.5080377563272656,0.3205419118419758,-0.013674063351859167,0.4845760662459896,49.22346145399193,0.49115706682205196,0.4079273194074631,0.5632194399833679,0.429468497633934,755.5034637451172,311.8489623069763,804.6883392333984,309.9003267288208,690.1638793945312,311.24340534210205,636.2759399414062,307.5271511077881,478,0.5720623731613159,0.521541178226471,0,-3.2925169467926025,0.3970043590817674,0.7527954849980065,0.4829145782809932,0.3061472084971848,-0.017096702907584804,0.46843590187835676,54.01592880017665,-0.16995550692081451,0.3,4.094386577606201,0.08205770701169968,-35.20673370361328,5.9365153312683105
0.995560348033905,-0.00798563938587904,0.09378620237112045,0.002936591161414981,0.9985446929931641,0.05385080724954605,-0.09407974779605865,-0.05333632230758667,0.9941349029541016,1.0000005960464478,0.17378337681293488,0.104655921459198,0.6030718088150024,0.5831084251403809,0.10236670821905136,0.06461773067712784,0.04516187682747841,0.06253416836261749,0.009872302412986755,0.00615756306797266,0.2415420114994049,0.13934150338172913,1,0.09070160101284272,1,0.492099904259843,0.3215608365206538,-0.013864068245697936,0.48255717292915257,48.636731237580804,0.4915219068527221,0.40814882814884185,0.5625192046165466,0.4294865161180496,753.5237884521484,311.78946018218994,802.1232604980469,309.8860573768616,688.9168548583984,311.13982915878296,635.4074096679688,307.8495740890503,478,0.5709972977638245,0.5213376879692078,0,-3.071030855178833,0.3970043590817674,0.7174196406441217,0.4976024508289483,0.30289087669127635,-0.018528082757677023,0.46556805628227865,53.61050739471434,0.16900409758090973,0.3,4.072272777557373,0.09331486374139786,-35.24515151977539,5.398355960845947
0.9968589544296265,-0.008960002101957798,0.07868847250938416,0.0043555498123168945,0.9982783198356628,0.05849276855587959,-0.0790771096944809,-0.057966310530900955,0.9951817393302917,0.999999463558197,0.18760880827903748,0.11633259057998657,0.5805261135101318,0.5540610551834106,0.07012230157852173,0.08885576575994492,0.07204686105251312,0.03607587516307831,0.010520371608436108,0.006211294326931238,0.2399654984474182,0.13471530377864838,1,0.09151625016918342,1,0.4848413161809139,0.31404598126794203,-0.023250673696678,0.45679309843786897,48.82414076532497,0.4925295531749725,0.40812361240386963,0.5620776236057281,0.4289149045944214,753.0492401123047,311.4964556694031,801.8424987792969,309.7601866722107,687.0783996582031,311.0749411582947,633.7868118286133,307.8466558456421,478,0.5695480704307556,0.5207912921905518,0,-3.333538293838501,0.4223812166855555,0.7150072529028518,0.5095154991550389,0.30387457143191077,-0.02172201338285366,0.45218619565132795,53.38927944415016,0.2503393590450287,0.3,4.071343421936035,0.08882543444633484,-35.33942413330078,4.535520076751709
0.9963386058807373,-0.016948651522397995,0.08379794657230377,0.013309498317539692,0.9989517331123352,0.043797221034765244,-0.08445240557193756,-0.042521558701992035,0.9955198168754578,1.0000001192092896,0.19963209331035614,0.10798673331737518,0.5508723258972168,0.5419174432754517,0.07957639545202255,0.07154158502817154,0.056602392345666885,0.05026999115943909,0.011101924814283848,0.0076506552286446095,0.27284032106399536,0.17859910428524017,1,0.09130947655081517,1,0.48024945979401457,0.29934097160083856,-0.020816265219844823,0.46297709936280945,49.459154803509826,0.491395252943039,0.4053398221731186,0.5612076699733735,0.428759440779686,751.2690734863281,311.4793109893799,800.6674194335938,309.0274930000305,686.7585754394531,311.0900902748108,633.2706832885742,307.9154062271118,478,0.5698124170303345,0.5234196186065674,0,-2.4457831382751465,0.44809562993695873,0.7195726218627345,0.4988792443721443,0.2997423706443697,-0.0203307051621996,0.45405520702314833,53.58202334415836,0.7653348445892334,0.3,4.039015293121338,0.12287403643131256,-35.353641510009766,4.844536304473877
0.9960336685180664,-0.01788414642214775,0.08716057986021042,0.014313417486846447,0.9990392327308655,0.04142148420214653,-0.08781763166189194,-0.04000963270664215,0.9953327775001526,1.0000005960464478,0.2073981910943985,0.10214951634407043,0.5748417377471924,0.5537325739860535,0.06768748164176941,0.09007950127124786,0.07635721564292908,0.0375521183013916,0.010801821015775204,0.007263919338583946,0.25487157702445984,0.16490410268306732,1,0.09103203203514282,1,0.46271275616742924,0.3026193256049055,-0.01968894766183405,0.4695917636024073,49.966008083819084,0.4915192604064942,0.4056457936763763,0.5612444758415223,0.4287406861782074,750.0045013427734,311.45047187805176,799.9116516113281,309.02594804763794,686.7355346679688,311.05964183807373,632.5537109375,307.9264783859253,478,0.5697252154350281,0.523094892501831,0,-2.3018929958343506,0.44809562993695873,0.6940485750622163,0.5100222910148867,0.29876785729176397,-0.02078188160802781,0.45261418423907807,54.272338590538084,0.823307454586029,0.3,3.965311050415039,0.10878421366214752,-35.140899658203125,5.038069248199463
0.9963997006416321,-0.015293719246983528,0.08338896930217743,0.011403286829590797,0.9988329410552979,0.046932294964790344,-0.08400941640138626,-0.045812442898750305,0.9954112768173218,0.9999998211860657,0.197557732462883,0.11330156773328781,0.6206575632095337,0.6054790019989014,0.07588452845811844,0.07787203043699265,0.06322487443685532,0.04643633961677551,0.008234558627009392,0.0056838723830878735,0.21092014014720917,0.17138850688934326,1,0.09103856062078548,1,0.4732101232213216,0.3149170204949339,-0.013656067252940949,0.4796011741039909,49.55019358870674,0.4918945670127869,0.40774327218532563,0.5610845923423767,0.4298380583524704,750.4922485351562,311.65652990341187,800.0212097167969,310.2061200141907,686.8808746337891,311.02346420288086,632.8194046020508,308.55432987213135,478,0.5691900253295898,0.5220947861671448,0,-2.6351003646850586,0.44809562993695873,0.7255308555483956,0.5028019823455857,0.2958878413805112,-0.01621523386181265,0.4647237491342664,54.11782669734676,0.6556923389434814,0.3,3.983875274658203,0.08191928267478943,-35.17598342895508,4.819064617156982
0.9968928098678589,-0.0036224680952727795,0.07868675142526627,0.0006629779818467796,0.9992924928665161,0.03760464861989021,-0.07876729965209961,-0.03743564710021019,0.9961898922920227,1.0,0.23635254800319672,0.14223815500736237,0.6203616857528687,0.6046913862228394,0.0682174488902092,0.08113367110490799,0.06649944186210632,0.04885520413517952,0.008007553406059742,0.006401657592505217,0.2101982682943344,0.21640075743198395,1,0.09188575678656227,1,0.4752899122138483,0.29527818358710767,-0.01374586025731291,0.47299154413077443,49.578341905763885,0.49356704354286196,0.4078303098678589,0.5607881486415863,0.42992205619812013,750.6807708740234,312.3127484321594,800.2480316162109,311.26458406448364,685.8108520507812,310.8595061302185,632.6565551757812,307.7718758583069,478,0.5672211050987244,0.5220917463302612,0,-2.152095317840576,0.4518162071740993,0.6959832246453186,0.4961946716131319,0.2842570537692159,-0.021205424250303896,0.4533513576234247,53.24389859014972,0.03810422867536545,0.3,3.9315903186798096,0.12913598120212555,-35.16397476196289,4.51771354675293
0.9966722130775452,-0.0018941482994705439,0.0814926028251648,-0.002312309108674526,0.998670756816864,0.05149242654442787,-0.08148181438446045,-0.05150950700044632,0.9953428506851196,0.9999997019767761,0.19537129998207092,0.11221963912248611,0.6010622978210449,0.5843195915222168,0.061772823333740234,0.09155665338039398,0.07929301261901855,0.03773360699415207,0.009033066220581532,0.006254922598600388,0.22927258908748627,0.16067583858966827,1,0.09186523453317212,1,0.4731569006732733,0.31014782623304205,-0.01470609647166917,0.478779554405214,49.63428933700349,0.49355783462524416,0.40839685797691344,0.5608301401138306,0.4306624114513397,750.6272888183594,313.05758714675903,800.2342224121094,311.4099168777466,685.7158660888672,311.52671098709106,632.3227691650391,308.2677626609802,478,0.5672723054885864,0.5222655534744263,0,-2.9624433517456055,0.4468466489556689,0.7025523106612246,0.5018050998336262,0.30013793349612294,-0.01954152674875696,0.4644559078627722,53.49246249161231,-0.13292767107486725,0.3,3.927445650100708,0.0544402152299881,-35.26526641845703,4.673745155334473
0.9970093965530396,-0.004792825318872929,0.07713130861520767,0.001276966417208314,0.9989604353904724,0.04556771740317345,-0.07726951688528061,-0.045332957059144974,0.9959791302680969,1.0000003576278687,0.2173428237438202,0.11653446406126022,0.609398603439331,0.5938918590545654,0.06286553293466568,0.09118402004241943,0.079647496342659,0.03707544505596161,0.009109490551054478,0.00593473669141531,0.2718423306941986,0.15085968375205994,1,0.09155990126343846,1,0.4710049132337425,0.2947834755386639,-0.016798655289328262,0.4881921473062905,49.050009147595986,0.493119889497757,0.408320951461792,0.5601288616657257,0.4304195523262024,749.7508239746094,312.68935203552246,798.7800598144531,311.2619662284851,684.6898651123047,311.5168833732605,631.5331268310547,308.2680630683899,478,0.5670089721679688,0.5220986008644104,0,-2.606074094772339,0.4256774466107018,0.6680058842208987,0.5058741743424845,0.2975506519693774,-0.019779078229317237,0.45994506843354777,53.25592603815242,0.07338420301675797,0.3,3.9120757579803467,0.07499340921640396,-35.25315856933594,4.431634426116943
0.997123122215271,-0.0031137634068727493,0.07573476433753967,-0.002409194363281131,0.9973491430282593,0.07272445410490036,-0.07576045393943787,-0.0726976990699768,0.9944723844528198,0.9999999403953552,0.18380048871040344,0.07628568261861801,0.6333377957344055,0.6259328126907349,0.0718589499592781,0.0826769471168518,0.06978584825992584,0.04326135665178299,0.006834922358393669,0.005662493407726288,0.1857655644416809,0.14892935752868652,1,0.0915245182440368,1,0.47489713485911256,0.3244827719162653,-0.008504625419105802,0.4991646350524263,49.571666027912656,0.4936369001865387,0.41019914448261263,0.5599210202693939,0.4312541276216507,749.3447113037109,313.37387323379517,798.9026641845703,312.20794916152954,684.8722839355469,311.5075922012329,631.4666748046875,308.0743646621704,478,0.5662841200828552,0.5210549831390381,0,-4.180985927581787,0.4468466489556689,0.7231740045676921,0.5005242055659163,0.31327880317623696,-0.017845714203242196,0.4777110041367558,53.515849410059246,-0.13843464851379395,0.3,3.924065351486206,-0.02286391519010067,-35.364356994628906,4.344916820526123
0.9992340207099915,-0.015317519195377827,0.036008741706609726,0.014845900237560272,0.999800980091095,0.013328555971384048,-0.036205727607011795,-0.012783743441104889,0.9992625713348389,0.9999999403953552,0.18735170364379883,0.1137184277176857,0.567634105682373,0.5390632748603821,0.0855744481086731,0.05441126599907875,0.043546196073293686,0.07644244283437729,0.010514502413570881,0.007431340869516134,0.2636709213256836,0.13910947740077972,1,0.09197165417196204,1,0.49646610575096284,0.2994463483154443,-0.020340022597034355,0.4488715480210524,51.13241639110408,0.494953989982605,0.40441772937774656,0.5552170872688293,0.42851189374923704,743.9318084716797,310.64173221588135,795.0230407714844,308.5899066925049,680.4469299316406,310.947482585907,626.4315032958984,308.6844491958618,478,0.5602630972862244,0.5240941643714905,0,-0.7329550385475159,0.4721651042531546,0.7257301604589951,0.47050871484271056,0.3041397466370587,-0.0204660446997802,0.44839587261267316,54.062811940129706,0.851196825504303,0.5,3.7764394283294678,0.23158468306064606,-35.271175384521484,2.0748889446258545
0.9991278052330017,-0.002126400824636221,0.04170329496264458,0.001144164358265698,0.9997217059135437,0.023562708869576454,-0.04174179583787918,-0.02349444478750229,0.9988521933555603,1.0000001192092896,0.1683853715658188,0.09298024326562881,0.5831025838851929,0.5621788501739502,0.08179732412099838,0.05742332339286804,0.045404110103845596,0.07535370439291,0.008467737585306168,0.00743724824860692,0.22311826050281525,0.15675798058509827,1,0.09328251317842956,1,0.49135073418975894,0.319104637020552,-0.010528134854306226,0.5021607591100663,51.10826816660878,0.49585861265659337,0.4043240278959274,0.554856362938881,0.43043437898159026,744.0288543701172,312.4084496498108,795.1167297363281,310.96482038497925,679.896240234375,311.3985228538513,624.7412872314453,308.65387201309204,478,0.5589977502822876,0.5261103510856628,0,-1.3474308252334595,0.4721651042531546,0.758038906132819,0.46820212420252166,0.30377410566547147,-0.020098658101171618,0.46141373448461076,55.223201184859875,0.06561297923326492,0.5,3.684583902359009,0.1354135423898697,-35.174259185791016,2.3923234939575195
0.9994065761566162,-0.006501802243292332,0.03382633253931999,0.005846237298101187,0.9997938871383667,0.019443312659859657,-0.03394577279686928,-0.019234033301472664,0.9992384910583496,0.9999997019767761,0.18549981713294983,0.11200091987848282,0.5926533341407776,0.5663641095161438,0.0806032195687294,0.06024744734168053,0.048306677490472794,0.06776746362447739,0.00859286729246378,0.007071491796523333,0.24306154251098633,0.17568449676036835,1,0.0923802829874569,1,0.49141753063138083,0.3056338401846745,-0.012921544977052973,0.4957945347342661,51.26957581888365,0.4952061831951141,0.4036346346139908,0.5540033042430877,0.4302389889955521,742.2777557373047,312.0772933959961,793.5327911376953,310.8563303947449,678.7863922119141,311.3980722427368,624.3147659301758,308.75500202178955,478,0.5587971210479736,0.5266043543815613,0,-1.102732539176941,0.4721651042531546,0.7450307805005708,0.4723434981749292,0.2984189296097473,-0.020355377278495037,0.44735969253634855,54.5357120617242,0.3351597785949707,0.5,3.663180112838745,0.1393594890832901,-35.12547302246094,1.94532310962677
0.9994621872901917,-0.013991362415254116,0.029657868668437004,0.013215758837759495,0.9995696544647217,0.026188287883996964,-0.03001151792705059,-0.025782303884625435,0.9992169141769409,1.0,0.1751621812582016,0.12469469755887985,0.5443078279495239,0.5261677503585815,0.05882461369037628,0.07855120301246643,0.06927457451820374,0.047555312514305115,0.01051139086484909,0.008015868254005909,0.26174768805503845,0.17355996370315552,1,0.09359488417650608,1,0.4853852784234096,0.3058742272151968,-0.024400567287159766,0.47680816593366676,51.439709605040015,0.495811665058136,0.40368073880672456,0.553637707233429,0.42922591865062715,742.2615814208984,311.65865421295166,793.6447906494141,309.24835681915283,677.3149108886719,311.59844398498535,623.243522644043,309.4408321380615,478,0.557826042175293,0.5255451798439026,0,-1.4780468940734863,0.47315772961925806,0.7023464726959011,0.47242281102086375,0.30081621164092903,-0.025879525755337487,0.4486075189449413,54.11441874114151,0.7575704455375671,0.5,3.636641263961792,0.11806227266788483,-35.08131408691406,1.7197915315628052
0.999476969242096,-0.010828327387571335,0.0304712001234293,0.01046399399638176,0.9998721480369568,0.012090649455785751,-0.03059825859963894,-0.01176547259092331,0.9994624853134155,1.000000238418579,0.16699948906898499,0.1312105506658554,0.5585410594940186,0.5256650447845459,0.06211838498711586,0.07413800060749054,0.0644279345870018,0.049109939485788345,0.010685332119464874,0.007756046950817108,0.2902584373950958,0.18010729551315308,1,0.093080244878502,1,0.4872995333859455,0.3031550127776689,-0.019346696834587247,0.4821464364648822,51.524466217056414,0.4956175148487091,0.4024168193340302,0.5535063803195953,0.42963104844093325,741.8036651611328,311.7199373245239,793.2733154296875,309.3438649177551,677.2615051269531,311.7277479171753,623.3015823364258,309.5075011253357,478,0.5578888654708862,0.5272142291069031,0,-0.674443244934082,0.47315772961925806,0.7232362551972815,0.47535387230525716,0.29865839572536645,-0.023437386874217706,0.4529376899539886,54.00558085498532,0.5998345017433167,0.5,3.5974745750427246,0.15076148509979248,-34.98739242553711,1.7534246444702148
0.9993547797203064,-0.011352607980370522,0.03407613933086395,0.011008350178599358,0.9998865127563477,0.010273314081132412,-0.03418890759348869,-0.009891564026474953,0.9993664026260376,0.9999999403953552,0.151506245136261,0.11220889538526535,0.5607182383537292,0.5366135239601135,0.06865742802619934,0.07545120269060135,0.06299211084842682,0.0495656318962574,0.01041362527757883,0.007613583002239466,0.25239527225494385,0.17293989658355713,1,0.09306832653591647,1,0.4870343074403664,0.316842188964925,-0.018647389905087255,0.482641450254669,51.48497736782638,0.4954504549503327,0.4028623580932617,0.5535506784915925,0.4299260854721069,741.8711853027344,312.14844703674316,793.2907867431641,309.5547080039978,676.9405364990234,312.03137397766113,623.1440353393555,309.45319175720215,478,0.5581002235412598,0.5270637273788452,0,-0.5670856833457947,0.47315772961925806,0.7471401662149267,0.4807974348138541,0.30495755370926214,-0.02467664085588522,0.46226490238474344,53.85824505766748,0.6311136484146118,0.5,3.589700222015381,0.15598078072071075,-34.98945236206055,1.9592618942260742
0.9994942545890808,-0.011714025400578976,0.029562514275312424,0.011461886577308178,0.9998965859413147,0.008683468215167522,-0.02966120094060898,-0.008340220898389816,0.9995251893997192,0.9999998211860657,0.15210658311843872,0.10911595076322556,0.5631058812141418,0.5373609066009521,0.06384671479463577,0.07860387861728668,0.06645595282316208,0.04650382697582245,0.00998858641833067,0.007443894166499376,0.22237122058868408,0.17934446036815643,1,0.0933500320709023,1,0.48133098337192076,0.3184820047851328,-0.019614664980160977,0.47717002201362213,51.75000557889812,0.4956086128950119,0.4034076899290085,0.553321048617363,0.4302328795194626,741.3211059570312,312.504665851593,793.0162048339844,310.1214265823364,676.1192321777344,312.04766035079956,622.314338684082,309.4575905799866,478,0.5577124357223511,0.5268251895904541,0,-0.4780753254890442,0.47951894169603465,0.7277550674108622,0.48740472521189065,0.30226251371299384,-0.024252411834455104,0.4597562577914564,53.867198046572696,0.6570212244987488,0.5,3.5968549251556396,0.16621702909469604,-35.04838943481445,1.6997108459472656
0.999536395072937,-0.009394846856594086,0.028959965333342552,0.00842253863811493,0.9994027018547058,0.033515240997076035,-0.029257526621222496,-0.03325578197836876,0.9990185499191284,0.9999998211860657,0.16208454966545105,0.09637052565813065,0.548285961151123,0.5386534929275513,0.05238876864314079,0.09506855905056,0.08430017530918121,0.03759501501917839,0.010356461629271507,0.00790044479072094,0.24196042120456696,0.14608921110630035,1,0.09311980494036548,1,0.47782899296940223,0.31720666497095795,-0.020809167037097717,0.47932055541990876,51.15824002004025,0.49736937582492824,0.4036089777946472,0.5532704263925552,0.43049681186676025,741.2272644042969,312.58184909820557,792.3417663574219,310.46685218811035,676.1514282226562,312.3805332183838,622.6972579956055,309.6878957748413,478,0.555901050567627,0.526887834072113,0,-1.9065837860107422,0.4917615229872771,0.7473471779114949,0.4848433958398311,0.3151994617593362,-0.025571398377660322,0.45625539778797874,53.52194513628903,0.4827882647514343,0.5,3.585904359817505,0.053459081798791885,-35.21735382080078,1.6765719652175903
0.999561071395874,-0.012724516913294792,0.02675461210310459,0.011851776391267776,0.9994005560874939,0.03252953663468361,-0.02715250290930271,-0.03219817578792572,0.999112606048584,0.9999998211860657,0.16595891118049622,0.08502727746963501,0.5608742833137512,0.5370777249336243,0.05651911348104477,0.08738137781620026,0.07530543953180313,0.04355475306510925,0.010373090393841267,0.007834739983081818,0.24420413374900818,0.11793053895235062,1,0.09298167482511935,1,0.4804395141175988,0.31663605419567425,-0.022489776017778053,0.48301141072369147,50.67935042379479,0.49677261114120486,0.40474032759666445,0.5528638005256653,0.43049036860466006,740.9848785400391,312.34562158584595,791.6276550292969,310.4205894470215,676.1759948730469,312.3828721046448,622.6956176757812,310.23208379745483,478,0.5560911893844604,0.5257500410079956,0,-1.8458192348480225,0.49483899542526427,0.7294095714515251,0.47650917829865164,0.32428564351327765,-0.02704956453660428,0.45815573062325604,53.523608208072076,0.679323136806488,0.5,3.588533639907837,0.05819431692361832,-35.18988800048828,1.5559149980545044
0.999545693397522,-0.010190866887569427,0.02836463414132595,0.009244508109986782,0.9994027018547058,0.033297549933195114,-0.028687022626399994,-0.033020198345184326,0.9990428686141968,1.0000003576278687,0.15844383835792542,0.07589524984359741,0.5417760610580444,0.5255531668663025,0.07243533432483673,0.07398992031812668,0.05923786386847496,0.05464676022529602,0.010450776666402817,0.008769632317125797,0.20970667898654938,0.13164296746253967,1,0.09297318558736482,1,0.4844648580684203,0.32722937625416176,-0.024505422793057,0.47561326093505,50.952480088430434,0.4963399410247803,0.40497844517230985,0.5527500152587891,0.4311714082956314,740.9171295166016,313.55581283569336,791.8190002441406,311.2853980064392,676.2046813964844,312.8238272666931,622.3341751098633,310.1623249053955,478,0.5564100742340088,0.5261929631233215,0,-1.8930412530899048,0.5027360863052682,0.6415136438355392,0.4769152801451704,0.3220394442779881,-0.029602381603083452,0.45623756597311543,53.93621271932195,0.5298968553543091,0.5,3.5963191986083984,0.04929417371749878,-35.260704040527344,1.6438707113265991
0.9996782541275024,-0.006890608463436365,0.02441074699163437,0.006457155104726553,0.99982088804245,0.01779286377131939,-0.024528976529836655,-0.017629515379667282,0.9995436072349548,0.9999999403953552,0.18264809250831604,0.09575916826725006,0.5582846403121948,0.5464423894882202,0.06667310744524002,0.07219687104225159,0.06084465980529785,0.05690044164657593,0.009573300369083881,0.008068633265793324,0.21972422301769257,0.15919815003871918,1,0.09315428054907862,1,0.4833409619852504,0.313752856182157,-0.021371630570188486,0.47943820435008655,50.97468515886837,0.49654799699783325,0.4051352083683014,0.55268394947052,0.43073206543922427,740.8571624755859,313.2213091850281,791.7909240722656,311.1791396141052,676.0775756835938,312.44213819503784,622.404670715332,309.1066074371338,478,0.5561359524726868,0.5255968570709229,0,-1.010453224182129,0.5027360863052682,0.7388151826784904,0.473514501294564,0.3088530725687965,-0.0254197520433494,0.4500622599879873,53.77644924385144,0.3700816333293915,0.5,3.5923912525177,0.12025856226682663,-35.225704193115234,1.4055477380752563
0.9996116161346436,-0.0028873609844595194,0.027716265991330147,0.0026567946188151836,0.9999615550041199,0.008352103643119335,-0.02773933671414852,-0.008275222964584827,0.9995809197425842,1.0000004768371582,0.15711873769760132,0.10481584072113037,0.5391615033149719,0.5218029022216797,0.054049424827098846,0.08241978287696838,0.07007557898759842,0.05123018100857735,0.011768135242164135,0.008854001760482788,0.262525737285614,0.1725536435842514,1,0.09409668889249131,1,0.47543803833541143,0.31183488431625267,-0.02031114108630513,0.48241201532344274,51.34574817424355,0.4962303370237351,0.4034437745809555,0.5531704157590867,0.4310260623693466,741.4999389648438,313.2806396484375,792.8011322021484,311.14208221435547,676.2751007080078,312.7147150039673,622.4651336669922,309.26721811294556,478,0.5569400787353516,0.5275822877883911,0,-0.4743232727050781,0.5029124954425074,0.7280854766534842,0.47185870207393216,0.30218277127640103,-0.02197535675191931,0.45875745917742056,53.920291058901306,0.15228189527988434,0.5,3.602766275405884,0.15260201692581177,-35.25495147705078,1.5895507335662842
0.9996950030326843,-0.002671237336471677,0.02455204352736473,0.002483766758814454,0.9999675154685974,0.007662894204258919,-0.024571720510721207,-0.007599584758281708,0.9996691942214966,0.9999997019767761,0.16071850061416626,0.10918206721544266,0.550430417060852,0.5220973491668701,0.05237032100558281,0.08146214485168457,0.07106558978557587,0.04916573688387871,0.01107056811451912,0.008461369201540947,0.270427405834198,0.1770993322134018,1,0.09429153036661143,1,0.47783049856843063,0.30602355454641306,-0.01834145445865065,0.4813264643726263,51.41930434202049,0.49695147871971135,0.40367072224617007,0.5532152235507966,0.4311994254589081,741.7600250244141,313.3189630508423,793.1336975097656,311.15317583084106,676.2007904052734,312.76398181915283,622.39013671875,309.34480905532837,478,0.5562637448310852,0.527528703212738,0,-0.43555980920791626,0.5027360863052682,0.7324910724249949,0.4720102385218769,0.30101205298417866,-0.02103889880235271,0.4603550281618908,53.919172774326526,0.14235247671604156,0.5,3.599210023880005,0.14873765408992767,-35.18864822387695,1.407997488975525
0.9998400807380676,-0.0032782438211143017,0.017580481246113777,0.0029876602347940207,0.9998589158058167,0.016529802232980728,-0.017632193863391876,-0.016474632546305656,0.9997088313102722,0.9999998211860657,0.17537188529968262,0.09214792400598526,0.5545969009399414,0.5392894744873047,0.049755651503801346,0.09517351537942886,0.08441086113452911,0.03956867381930351,0.009305302985012531,0.008428098633885384,0.1880873143672943,0.17683784663677216,1,0.09411706500618536,1,0.47489984681986436,0.31700245527811727,-0.01833825363695156,0.4744362970503783,51.77024402981902,0.4979858279228211,0.40458332300186156,0.5528545260429383,0.43206470012664794,740.83740234375,314.28412914276123,792.5728607177734,312.3866271972656,675.2806091308594,313.10412883758545,621.9355392456055,309.4454884529114,478,0.5548686981201172,0.5274813771247864,0,-0.9441162943840027,0.5001060673205666,0.7340315899360521,0.47808350367090924,0.30990639885740234,-0.022737430990731586,0.4527157435968869,53.47038554783322,0.17120717465877533,0.5,3.5910496711730957,0.09854361414909363,-35.25362777709961,1.0103026628494263
0.999882161617279,-0.00699981115758419,0.013663778081536293,0.006520360708236694,0.9993721842765808,0.034823790192604065,-0.013898961246013641,-0.034730590879917145,0.9993000626564026,1.0000001192092896,0.19088216125965118,0.1182015985250473,0.5732424855232239,0.5523449778556824,0.051648616790771484,0.08844111859798431,0.07688596844673157,0.04414120689034462,0.009144882671535015,0.007708391640335321,0.21345818042755127,0.17902345955371857,1,0.09371628719661058,1,0.47683672662835613,0.30201507139161593,-0.015641753442718346,0.4605590517164991,52.241375066051674,0.49754793047904966,0.4046838402748108,0.5523996412754059,0.43170530796051027,739.8401641845703,313.1451344490051,792.0590209960938,311.61142587661743,675.2906799316406,312.934935092926,621.5834808349609,310.0315189361572,478,0.5548517107963562,0.5270214676856995,0,-1.9905086755752563,0.5001060673205666,0.7213527564389625,0.47555178255692,0.2992485238747749,-0.020886437999501545,0.4450051525103871,53.785621315527706,0.3736278712749481,0.5,3.599046468734741,0.05304691568017006,-35.300148010253906,0.796377420425415
0.9998629689216614,-0.007928155362606049,0.014534523710608482,0.007444476243108511,0.9994264245033264,0.03303544968366623,-0.014788093976676464,-0.03292272239923477,0.999348521232605,0.9999997019767761,0.18493711948394775,0.11986639350652695,0.5800670981407166,0.5624880790710449,0.05070403218269348,0.08752628415822983,0.07775843143463135,0.04337427765130997,0.008545913733541965,0.007371057290583849,0.19839884340763092,0.18096494674682617,1,0.09373006656808444,1,0.47469093367809856,0.3065485193974194,-0.015162730443075248,0.46261187429854256,52.4746645402905,0.49748793542385106,0.40567063391208646,0.5523811310529709,0.43130271732807157,739.5942687988281,312.91345596313477,792.0425415039062,311.2493920326233,675.2999877929688,312.4569010734558,621.5806198120117,309.8610806465149,478,0.5548931956291199,0.5256320834159851,0,-1.8868801593780518,0.5029124954425074,0.7181967142574167,0.475043802735835,0.29877006854618754,-0.020373024765450852,0.4461732239450488,53.782048864560366,0.42658764123916626,0.5,3.5907766819000244,0.07636299729347229,-35.26131057739258,0.8473262190818787
0.9995473027229309,0.0023456939961761236,0.029993779957294464,-0.0034655239433050156,0.9992966651916504,0.037338197231292725,-0.029885103926062584,-0.03742518648505211,0.9988524317741394,1.0000001192092896,0.19713614881038666,0.11801949143409729,0.5978647470474243,0.5671162605285645,0.12387704104185104,0.03340610861778259,0.028269104659557343,0.12642626464366913,0.008083534426987171,0.006531026680022478,0.24155262112617493,0.1561301052570343,1,0.09481671883394842,1,0.49828899498829343,0.299346931804289,-0.01967013467698071,0.4669925262585804,51.47858036534227,0.4952876985073089,0.4062107652425766,0.5516812026500701,0.4312502592802048,741.07666015625,313.33497047424316,792.5471496582031,312.42231130599976,674.9759674072266,312.25515604019165,621.3031005859375,309.0419340133667,478,0.5563935041427612,0.5250394940376282,0,-2.1457648277282715,0.49569492539248267,0.7358295324996159,0.4503016081127909,0.2967985707083662,-0.022375360615800133,0.460546788788197,53.76896343353703,-0.19864900410175323,0.7,3.534928798675537,0.045852791517972946,-35.007633209228516,1.7125451564788818
0.9989261627197266,-0.0003900647279806435,0.0463285967707634,-0.0018684070091694593,0.9988119006156921,0.048695649951696396,-0.04629255458712578,-0.04872993379831314,0.9977385997772217,1.0,0.18088482320308685,0.11402516067028046,0.575286865234375,0.5415550470352173,0.17424730956554413,0.022377803921699524,0.020861219614744186,0.17456990480422974,0.009021024219691753,0.0067850383929908276,0.24114033579826355,0.14018414914608002,1,0.0951236165627875,1,0.5046765113291091,0.309935384612833,-0.02585109353436559,0.46350162966822184,51.185977803277936,0.49338724911212917,0.40532805025577545,0.5518325239419937,0.430898979306221,741.9666290283203,313.3272457122803,793.1315612792969,311.8595838546753,676.0432434082031,312.59888648986816,621.734733581543,309.2552876472473,478,0.5584452748298645,0.5255709290504456,0,-2.796125650405884,0.5348961150283864,0.7435711101298393,0.43658050701955176,0.2985560331743354,-0.025175144745656238,0.45841451439550873,54.411339745696765,-0.10716678202152252,0.7,3.5333187580108643,-0.012732374481856823,-35.01182556152344,2.6533162593841553
0.9993701577186584,-0.00262806611135602,0.03538764268159866,0.001419581356458366,0.9994163513183594,0.034131817519664764,-0.035456687211990356,-0.03406008332967758,0.9987906217575073,1.0,0.1930883377790451,0.13619934022426605,0.5639339685440063,0.5277343988418579,0.17069309949874878,0.022144807502627373,0.021254412829875946,0.17022697627544403,0.009939923882484436,0.00737083749845624,0.26879721879959106,0.15642304718494415,1,0.09464371770028912,1,0.5024912242126826,0.29801861967877635,-0.026080106200300643,0.4585877507002719,51.49619471376965,0.4932092189788818,0.4046335518360138,0.5515904784202575,0.4306105673313141,741.0891723632812,312.7435326576233,792.5651550292969,311.3008689880371,676.0813140869141,312.5520658493042,621.7681884765625,309.8014497756958,478,0.5583812594413757,0.5259770154953003,0,-1.953105092048645,0.5348961150283864,0.7221434026083681,0.4359864953376003,0.29131633367996196,-0.027245146557080005,0.45137644252943016,54.382731656831886,0.0813872218132019,0.7,3.5646021366119385,0.044062502682209015,-35.06626510620117,2.0319442749023438
0.9997262358665466,-0.0028327826876193285,0.023225441575050354,0.002262315945699811,0.9996959567070007,0.024551566690206528,-0.023287925869226456,-0.024492314085364342,0.9994288086891174,0.9999995231628418,0.20543284714221954,0.1444711834192276,0.5529488325119019,0.5145594477653503,0.14609241485595703,0.027265401557087898,0.02411123365163803,0.1476636379957199,0.010859988629817963,0.008143674582242966,0.2809116244316101,0.16680128872394562,1,0.09402096897967462,1,0.5009521705665982,0.2895576339893611,-0.028442175873343394,0.4504635583594815,51.03289725632256,0.4941903591156006,0.4038595914840698,0.5518441438674927,0.4305888175964355,741.1811828613281,312.852623462677,792.1939849853516,311.42062425613403,676.0787200927734,312.6757478713989,622.5777053833008,309.80499029159546,478,0.5576537847518921,0.5267292261123657,0,-1.40382719039917,0.49569492539248267,0.7015899756071372,0.4410291083876613,0.2912070658009389,-0.029273710207136,0.4457969174633586,53.577978910484894,0.12965641915798187,0.7,3.621023416519165,0.08048630505800247,-35.172080993652344,1.3344204425811768
0.9995247721672058,-0.006267228163778782,0.03018309734761715,0.006204252131283283,0.9999783635139465,0.0021796857472509146,-0.03019610419869423,-0.0019913786090910435,0.9995419979095459,1.0000001192092896,0.20313867926597595,0.1527528166770935,0.556242823600769,0.5205316543579102,0.14733992516994476,0.026720942929387093,0.025108741596341133,0.1465325653553009,0.01047952938824892,0.008036764338612556,0.26412665843963623,0.19723668694496155,1,0.09438202111648811,1,0.49360547195176124,0.28887017150917765,-0.02405408574543812,0.45211053325199857,51.897879510846984,0.49390563070774074,0.40304909348487855,0.5523716479539871,0.4310527265071869,741.2760925292969,313.1424307823181,793.1495666503906,311.55102252960205,677.1665954589844,312.68722772598267,622.672004699707,309.9432635307312,478,0.5584660172462463,0.5280036330223083,0,-0.11414971947669983,0.48553631168893663,0.7283245531931544,0.4397253328672556,0.27996611511661507,-0.025475027923765572,0.4391000734916697,54.56363039273564,0.3556419014930725,0.7,3.6396806240081787,0.1604909896850586,-35.208255767822266,1.7303723096847534
0.9997071623802185,-0.0006115506985224783,0.02418903075158596,-0.00027518076240085065,0.9993285536766052,0.0366380475461483,-0.024195196107029915,-0.03663397952914238,0.9990357756614685,0.999999463558197,0.19012442231178284,0.13527537882328033,0.561620831489563,0.5281995534896851,0.14187291264533997,0.02747965231537819,0.02589082159101963,0.14309482276439667,0.009833310730755329,0.00812163483351469,0.2594461739063263,0.19968941807746887,1,0.09425811875916426,1,0.49371640690522983,0.2924958682693854,-0.022148634175445932,0.4610712332699519,51.90576162597827,0.4944444954395294,0.4046167105436325,0.5524401724338531,0.4310911864042282,741.2807464599609,313.4842300415039,793.1553649902344,311.68644189834595,677.3847961425781,312.6930642127991,623.0083084106445,309.4344162940979,478,0.5579956769943237,0.5264744758605957,0,-2.1000571250915527,0.48553631168893663,0.7326374470333745,0.43729286997069616,0.2839538529606828,-0.02539336781934669,0.44485277122633016,54.474041565025516,-0.01577131263911724,0.7,3.6727418899536133,0.0516500324010849,-35.41167449951172,1.3864178657531738
0.9994189739227295,-0.0027908161282539368,0.0339684821665287,0.0012290442828088999,0.9989447593688965,0.04591133072972298,-0.0340607687830925,-0.045842915773391724,0.9983678460121155,0.9999999403953552,0.19800381362438202,0.11345259845256805,0.5843490362167358,0.5591121912002563,0.13118933141231537,0.033604949712753296,0.028507357463240623,0.13003717362880707,0.009098121896386147,0.007242857478559017,0.2353958636522293,0.16393448412418365,1,0.0946122217532204,1,0.4926023110965595,0.2991775863827814,-0.020883233914491765,0.46204376226854693,51.60501485916382,0.49453994333744045,0.40507638156414033,0.5525164872407913,0.4311890572309494,741.6990661621094,313.4785223007202,793.2732391357422,311.69463872909546,676.48193359375,312.69997358322144,622.2227096557617,309.1944980621338,478,0.5579765439033508,0.5261126756668091,0,-2.6290528774261475,0.483999315912488,0.7274907164340558,0.45042729604632337,0.2943480857095258,-0.0228674020749135,0.45183909269809297,54.37234353134367,0.07045994699001312,0.7,3.628157138824463,0.017412248998880386,-35.27669906616211,1.9519157409667969
0.9996167421340942,-0.002970923902466893,0.027524670585989952,0.001188446069136262,0.997913658618927,0.06455180048942566,-0.027659019455313683,-0.06449434906244278,0.9975346922874451,0.9999998211860657,0.1464095264673233,0.07631503790616989,0.5721431970596313,0.534780740737915,0.12476006150245667,0.03540431708097458,0.028922080993652344,0.12671177089214325,0.009430737234652042,0.007661537732928991,0.23763100802898407,0.12432084232568741,1,0.09483492462907726,1,0.49313042037664395,0.3208337935660993,-0.021433534353554513,0.482476202518827,51.63384533446309,0.49456449449062345,0.40658330321311953,0.5524560421705246,0.4315375030040741,741.8022155761719,313.872549533844,793.3834075927734,311.5413236618042,676.3108825683594,313.14346075057983,621.8430709838867,309.3142104148865,478,0.5578915476799011,0.5249541997909546,0,-3.699237585067749,0.48553631168893663,0.7719283879578746,0.45161336121505785,0.31499165520949407,-0.020451245355330355,0.4720333362265963,54.60224956029033,0.06811901181936264,0.7,3.6561622619628906,-0.04748988151550293,-35.318336486816406,1.584947109222412
0.9998584985733032,-0.008595459163188934,0.01445846352726221,0.008026931434869766,0.9992097020149231,0.03893062844872475,-0.014781665988266468,-0.038809049874544144,0.9991373419761658,1.0,0.13448943197727203,0.08474970608949661,0.5532984137535095,0.5110357999801636,0.09156836569309235,0.045812156051397324,0.04069007188081741,0.09172938764095306,0.011001138016581535,0.008113395422697067,0.2775265872478485,0.12071867287158966,1,0.09411467836424682,1,0.48777718824246574,0.31378809985068407,-0.019435992267331375,0.46798977714569995,51.9013366634532,0.4959505915641784,0.40515810549259185,0.5520346879959106,0.43004322350025176,740.428466796875,312.2188711166382,792.2419738769531,309.20072078704834,675.8076477050781,312.68439531326294,621.7521286010742,309.1033673286438,478,0.5560840964317322,0.5248851180076599,0,-2.224396228790283,0.4869182543923784,0.7533726546691586,0.45554979880442437,0.31446989494777566,-0.018427815081568794,0.46856061499070345,54.174005825103094,0.45996448397636414,0.7,3.6533985137939453,0.10176834464073181,-35.41709518432617,0.8469578623771667
0.9997637271881104,-0.0055768853053450584,0.021008765324950218,0.004957760684192181,0.999555230140686,0.029407575726509094,-0.021163422614336014,-0.029296470806002617,0.9993466734886169,0.9999995231628418,0.13719844818115234,0.07828085124492645,0.5531121492385864,0.513510525226593,0.12228231132030487,0.035398323088884354,0.02885977178812027,0.12354977428913116,0.01044615637511015,0.00823241751641035,0.24729877710342407,0.11990125477313995,1,0.09393646009654898,1,0.4986621424810054,0.321235292481455,-0.02098329444249113,0.46884999035005454,52.26952976309562,0.49525569975376127,0.4047910898923874,0.5521100670099258,0.430788192152977,740.7929992675781,313.22027921676636,792.9824066162109,310.32727003097534,676.5064239501953,313.00280570983887,622.1013641357422,309.14312839508057,478,0.5568543672561646,0.5259971022605896,0,-1.6791805028915405,0.5036720907154781,0.7720825415775059,0.45001272773221285,0.3156247328494704,-0.01996111090722049,0.46541120243043704,54.5417972063386,0.2841235399246216,0.7,3.6371686458587646,0.07539118826389313,-35.24299621582031,1.2126652002334595
0.9997318983078003,-0.009636488743126392,0.02105501852929592,0.009368027560412884,0.9998739957809448,0.012812077067792416,-0.02117582969367504,-0.012611386366188526,0.9996961951255798,0.9999998211860657,0.14548902213573456,0.08195964992046356,0.5592095851898193,0.530608057975769,0.09157241135835648,0.045809585601091385,0.04124944657087326,0.09102335572242737,0.009837150573730469,0.008176393806934357,0.2542988955974579,0.12950371205806732,1,0.09464673009504139,1,0.4855874008618469,0.3156132083187635,-0.01720036053770811,0.4803949698407972,51.93209376120146,0.4956452757120132,0.40490972101688383,0.5525049477815628,0.4307501822710037,741.2070465087891,312.7467727661133,793.0845642089844,310.36653757095337,676.5285491943359,312.8037428855896,622.0684051513672,309.25206899642944,478,0.5568596720695496,0.5258404612541199,0,-0.7227604389190674,0.517541213254082,0.7693535306792804,0.45115885042771575,0.31305675742348194,-0.01943589229048987,0.46337438567709355,54.57583418240163,0.5368766188621521,0.7,3.63177227973938,0.1463586986064911,-35.13248062133789,1.2133762836456299
0.9991699457168579,-0.004825939889997244,0.040450319647789,0.0037151954602450132,0.9996151328086853,0.02748982608318329,-0.04056742414832115,-0.027316730469465256,0.9988033175468445,1.0000008344650269,0.13860219717025757,0.0676884576678276,0.5804892778396606,0.5628899335861206,0.14345334470272064,0.029578812420368195,0.02660839632153511,0.14261946082115173,0.007944534532725811,0.007393808104097843,0.18533852696418762,0.1317846179008484,1,0.09445544269432588,1,0.4941468579134202,0.3307772925924441,-0.012509335004779108,0.4898799643368789,51.953507367289994,0.49468923509120943,0.4063825696706772,0.5523251384496689,0.4318643301725388,741.2266540527344,313.72899770736694,793.1508636474609,311.9844675064087,677.3297119140625,312.8082060813904,622.3000335693359,309.2500305175781,478,0.5576359033584595,0.5254817605018616,0,-1.5666179656982422,0.520108088998906,0.748287500158546,0.44024614826331987,0.3161314629867778,-0.018183928396881238,0.4692385705854254,55.14459277370055,0.21304085850715637,0.7,3.596745491027832,0.05845924839377403,-35.21010971069336,2.3249800205230713
0.9993208050727844,-0.004053798504173756,0.03662487119436264,0.0029845780227333307,0.9995690584182739,0.029201466590166092,-0.03672746568918228,-0.02907232753932476,0.9989023804664612,0.9999999403953552,0.14108143746852875,0.07760098576545715,0.6021537780761719,0.5824943780899048,0.12263909727334976,0.03609528765082359,0.030976373702287674,0.12199831008911133,0.00764139648526907,0.006533523090183735,0.18878042697906494,0.1407148689031601,1,0.09431693476589974,1,0.4935143855599086,0.3276501021980845,-0.010840553008035322,0.4906510706936734,51.97236110621929,0.4949729681015015,0.4066280901432037,0.5522454619407654,0.43234922289848327,741.0008239746094,313.9492177963257,792.9395294189453,312.07913875579834,676.781005859375,312.8373456001282,621.9425201416016,309.5405888557434,478,0.5572724938392639,0.5257211327552795,0,-1.667081356048584,0.520108088998906,0.7532242867919349,0.44847192811793535,0.30877062491794627,-0.013440850879393968,0.4761862632464573,54.93749285287746,0.17111942172050476,0.7,3.5747461318969727,0.04276471585035324,-35.1517448425293,2.104802131652832
0.9993712306022644,-0.0034147941041737795,0.03529293090105057,0.0022770145442336798,0.9994779825210571,0.032228171825408936,-0.035384517163038254,-0.03212752565741539,0.9988572597503662,0.9999998211860657,0.1446782350540161,0.09026938676834106,0.5761124491691589,0.5553576946258545,0.1501028835773468,0.029787201434373856,0.022973567247390747,0.15188497304916382,0.008957252837717533,0.007203353103250265,0.21989622712135315,0.16554898023605347,1,0.09358692893232985,1,0.50479525321604,0.3277538109023572,-0.019933045661811897,0.48765472358869544,51.33177444870606,0.49426867067813873,0.40557660162448883,0.5518472343683243,0.4312949925661087,740.9684753417969,313.6991286277771,792.2514343261719,311.46100759506226,676.3884735107422,312.6457929611206,622.1858596801758,309.2209553718567,478,0.5575785636901855,0.5257183909416199,0,-1.8422423601150513,0.517541213254082,0.7954851605623696,0.4480735039241167,0.3030317082679584,-0.020809598559277855,0.48163652962518505,54.31070666716614,0.13054516911506653,0.7,3.588491439819336,0.052662260830402374,-35.216033935546875,2.0278067588806152
0.9993743300437927,-0.011030360125005245,0.03360534831881523,0.009717108681797981,0.9991921782493591,0.03899433836340904,-0.034008320420980453,-0.03864339739084244,0.9986741542816162,0.9999998211860657,0.1629324108362198,0.08945254981517792,0.5496432781219482,0.5238810777664185,0.11944641917943954,0.037753619253635406,0.029032643884420395,0.11689737439155579,0.010336852632462978,0.00843576155602932,0.24185810983181,0.15508216619491577,1,0.09351847502441454,1,0.49458461428818823,0.3099569678807119,-0.02402723492395898,0.46332692422988103,52.18035854293732,0.49412208795547485,0.40545364618301394,0.5516903400421143,0.43062361478805544,739.8027801513672,313.0033206939697,791.9252014160156,310.5450654029846,676.2351989746094,312.76434659957886,621.5178298950195,309.57123041152954,478,0.5575682520866394,0.5251699686050415,0,-2.215937376022339,0.5014213086520144,0.7169208617962506,0.4531064013734668,0.305124140308415,-0.02364095190657829,0.4640017753718857,54.81045949535597,0.5570802688598633,0.7,3.578784704208374,0.058088015764951706,-35.20638656616211,1.948909044265747
0.9997698664665222,-0.007158488500863314,0.02022298239171505,0.0064252158626914024,0.9993277192115784,0.03609428182244301,-0.020467767491936684,-0.03595607355237007,0.9991437792778015,0.9999995827674866,0.16828715801239014,0.08827169984579086,0.5653142333030701,0.536921501159668,0.12057982385158539,0.03699086233973503,0.026878969743847847,0.1196381077170372,0.00931379571557045,0.007778654806315899,0.232916921377182,0.15991823375225067,1,0.09261981384130749,1,0.4989381822132991,0.3096043824926211,-0.022209592924815936,0.4699302969395938,52.23526438565977,0.49487207233905794,0.4055522710084915,0.5509075313806534,0.43081760704517363,738.392333984375,313.0317950248718,790.59814453125,311.2778878211975,675.4061889648438,312.47623443603516,620.823974609375,309.34892892837524,478,0.5560354590415955,0.5252653360366821,0,-2.061007022857666,0.49916598011915303,0.6686880314481674,0.45932821891767045,0.3052859933734636,-0.023137363956230502,0.4618351648156176,54.67173093833706,0.368217408657074,0.7,3.5770552158355713,0.05714941397309303,-35.30363845825195,1.17279851436615
0.9997245073318481,-0.004212254658341408,0.02309240773320198,0.0033733679447323084,0.9993371963500977,0.0362471267580986,-0.023229779675602913,-0.03615923225879669,0.9990760087966919,0.9999995231628418,0.15516994893550873,0.10442190617322922,0.5412764549255371,0.4994692802429199,0.11665073037147522,0.03682472184300423,0.027738042175769806,0.11646413058042526,0.011774169281125069,0.008682841435074806,0.29615914821624756,0.1576833873987198,1,0.09264041531652523,1,0.49918729442393817,0.3048652540030257,-0.025755344049383604,0.4663039166316724,52.08674988372087,0.4948419094085693,0.4042527973651886,0.5509530663490295,0.4301987588405609,738.5826110839844,312.78271436691284,790.6153869628906,310.4121136665344,675.3768920898438,312.47814416885376,621.1381912231445,309.22674894332886,478,0.5561111569404602,0.5259459614753723,0,-2.072782516479492,0.4960118007401225,0.6840026496719503,0.4569646555320736,0.3038770741936035,-0.024739827298420645,0.4583503593614363,54.336067604571056,0.1933322697877884,0.7,3.5651674270629883,0.06269697844982147,-35.306732177734375,1.3310879468917847
0.999807596206665,-0.016371456906199455,0.010805072262883186,0.01619303598999977,0.9997344017028809,0.016398219391703606,-0.011070674285292625,-0.016220103949308395,0.9998071193695068,1.0000001192092896,0.19506290555000305,0.0905611589550972,0.5479201674461365,0.5246061682701111,0.22942307591438293,0.014660038985311985,0.021808607503771782,0.19897893071174622,0.00976885948330164,0.007356815040111542,0.248800590634346,0.14905115962028503,1,0.09687213626127435,1,0.4918425994658326,0.2972738569346768,-0.03191430113509231,0.46599860021508704,52.28131374628476,0.4948028594255447,0.40260518789291383,0.5482065945863723,0.4312601208686829,737.2467041015625,313.23169469833374,789.4827270507812,311.0559940338135,672.8811645507812,313.2879567146301,617.4748992919922,310.81560373306274,478,0.5534037351608276,0.528654932975769,0,-0.9294412136077881,0.5198457292725576,0.6759163366924883,0.4006664213319373,0.3051060669813168,-0.020586883400099745,0.47010034526803607,55.461398822096825,0.9278900027275085,0.92,3.4594128131866455,0.05084085837006569,-34.99329376220703,0.6343158483505249
0.9998489618301392,-0.01448288094252348,0.009611768648028374,0.014284375123679638,0.9996896386146545,0.02040928602218628,-0.009904350154101849,-0.020268909633159637,0.9997454881668091,0.9999999403953552,0.22407740354537964,0.10605697333812714,0.5436602830886841,0.5245934128761292,0.24857628345489502,0.013448856770992279,0.019020648673176765,0.2208244353532791,0.009875756688416004,0.007683585397899151,0.23856206238269806,0.15760792791843414,1,0.096281884775366,1,0.496791844301623,0.28863250999287743,-0.03040168132377598,0.447826090176447,51.93920404835046,0.49459666907787325,0.4034732669591904,0.5479771584272385,0.43158663213253023,736.9794464111328,313.5439682006836,788.8784790039062,311.50158405303955,672.8636169433594,313.4941005706787,617.9816818237305,310.8634543418884,478,0.5533804893493652,0.5281133651733398,0,-1.1614594459533691,0.5046506972456487,0.6706755074919329,0.3963360146173784,0.2979257150464619,-0.02261523176237723,0.45262620022169103,54.94494610213113,0.8185023069381714,0.92,3.48618483543396,0.06256753206253052,-35.23387145996094,0.5674867033958435
0.9998211860656738,-0.016840485855937004,0.008599299006164074,0.01665213517844677,0.9996296167373657,0.021523959934711456,-0.008958587422966957,-0.021376917138695717,0.9997313022613525,1.0000001192092896,0.20930546522140503,0.1421109437942505,0.5340800285339355,0.5099930763244629,0.24302583932876587,0.0138649120926857,0.018154609948396683,0.22607097029685974,0.011575278826057911,0.008108735084533691,0.28629669547080994,0.18839755654335022,1,0.0955518837011404,1,0.5004630457909011,0.28814187695800697,-0.031119596903981944,0.4472435030471507,51.81421390033099,0.494659548997879,0.40086332261562346,0.5479295909404754,0.4322416514158249,736.7243957519531,313.677499294281,788.4876251220703,311.37948989868164,672.8736877441406,314.42630767822266,618.4329986572266,311.9677519798279,478,0.5532700419425964,0.5313783288002014,0,-1.2249494791030884,0.5007599001826505,0.6932899711548113,0.3988555441294406,0.2890180046638901,-0.024100819700744156,0.4486787623518884,54.49617531982538,0.9541794061660767,0.92,3.485727071762085,-0.0013051502173766494,-35.21842575073242,0.5132961273193359
0.9998324513435364,-0.013160980306565762,0.01271818857640028,0.012873339466750622,0.999665379524231,0.022439448162913322,-0.013009253889322281,-0.022271959111094475,0.9996672868728638,1.0000003576278687,0.19568228721618652,0.09917525202035904,0.5699033737182617,0.5496976375579834,0.22653785347938538,0.01465136930346489,0.02148480713367462,0.20474539697170258,0.008524852804839611,0.006816983688622713,0.2827480435371399,0.19830049574375153,1,0.09674669123690474,1,0.5012188208035938,0.29270874879763437,-0.020869169659169642,0.4823353863600902,51.61889655883323,0.495129668712616,0.40157133936882017,0.5485875844955445,0.43244982361793516,738.4349060058594,313.7974262237549,790.0079345703125,311.6218328475952,672.8874206542969,313.99704694747925,618.435173034668,310.8729600906372,478,0.5534579157829285,0.530878484249115,0,-1.276302695274353,0.5046506972456487,0.7472794788549296,0.4002110442550007,0.29651569579889864,-0.016149109060708537,0.48559199970226824,54.541793054753505,0.7376707792282104,0.92,3.4717154502868652,-0.008828430436551571,-35.053157806396484,0.7453963160514832
0.9998346567153931,-0.01397391315549612,0.01163878571242094,0.013693464919924736,0.999622106552124,0.023836495354771614,-0.011967480182647705,-0.02367318980395794,0.9996481537818909,1.0000001192092896,0.1612272411584854,0.0809832513332367,0.5986378192901611,0.5662453174591064,0.17507457733154297,0.020883135497570038,0.02567586861550808,0.16237030923366547,0.008036251179873943,0.005693652667105198,0.27234363555908203,0.128377765417099,1,0.09611803605202826,1,0.4971817690813516,0.3066182424198174,-0.01632516365018759,0.482683400590423,52.04020017495281,0.49491022825241093,0.4029214918613434,0.5488416433334351,0.43364339470863345,737.9814910888672,314.1561985015869,789.9642181396484,311.71109676361084,672.8802490234375,314.5844507217407,618.3565521240234,312.0990300178528,478,0.5539314150810242,0.53072190284729,0,-1.3565975427627563,0.5046506972456487,0.7521659695749825,0.4156783579819661,0.31222159076540024,-0.011364321073767345,0.4926723187009313,54.580315497106184,0.7846583724021912,0.92,3.46893048286438,-0.02644198387861252,-35.0124397277832,0.6857024431228638
0.9999009966850281,-0.008201261050999165,0.01143669057637453,0.007888901978731155,0.9996017813682556,0.027094684541225433,-0.011654346249997616,-0.027001773938536644,0.999567449092865,0.9999997615814209,0.22258993983268738,0.0859839990735054,0.6246205568313599,0.6052695512771606,0.18859541416168213,0.021059254184365273,0.022931013256311417,0.17899243533611298,0.006338431965559721,0.005554732400923967,0.185434490442276,0.15209780633449554,1,0.09618402088241262,1,0.5011920615939165,0.3030700720387548,-0.01042117354164563,0.46895246635264687,51.98574329674202,0.4951777994632721,0.4051568120718002,0.5486485302448273,0.43527009189128874,737.9582977294922,315.4289174079895,789.9350738525391,314.46338653564453,672.7299499511719,314.61376190185547,618.1668853759766,312.09171295166016,478,0.5534707307815552,0.5301132798194885,0,-1.547380805015564,0.5679454003177634,0.7210673165820464,0.4138096698329159,0.30525868207883844,-0.01098563766869076,0.47606005270220236,54.62132135762881,0.45203614234924316,0.92,3.4595017433166504,-0.07234006375074387,-34.99076843261719,0.667759895324707
0.9998673796653748,-0.013913602568209171,0.00846097245812416,0.013670741580426693,0.9995112419128418,0.02811511792242527,-0.008848022669553757,-0.027995727956295013,0.9995688796043396,1.0000003576278687,0.19461576640605927,0.1392313688993454,0.6021479368209839,0.5702745318412781,0.16229015588760376,0.023663504049181938,0.027884630486369133,0.15036922693252563,0.008334110490977764,0.005598333664238453,0.2549388110637665,0.1470656543970108,1,0.09616809636622468,1,0.4985487483040885,0.29408431779036065,-0.017903878437580144,0.46103012975176866,51.75912485330965,0.4951412051916122,0.4050231069326401,0.5486341685056686,0.43401736915111544,737.9664611816406,314.4042706489563,789.6755218505859,312.1282982826233,672.0589447021484,314.75497484207153,618.1734085083008,312.87590503692627,478,0.5534929633140564,0.5289942622184753,0,-1.6043094396591187,0.56804185934748,0.7422376625132826,0.41861192498145255,0.2953884779874052,-0.016188470785204245,0.4608542205450024,53.918289237872806,0.7833307981491089,0.92,3.46226167678833,-0.05206314101815224,-34.980262756347656,0.506960928440094
0.9998571872711182,-0.013867316767573357,0.009660410694777966,0.013619503937661648,0.999588131904602,0.02526254951953888,-0.010006755590438843,-0.025127384811639786,0.9996341466903687,0.9999999403953552,0.20436488091945648,0.14778950810432434,0.5809613466262817,0.5617079734802246,0.16636721789836884,0.02287229336798191,0.025504132732748985,0.15610548853874207,0.00818087998777628,0.006697746459394693,0.22933238744735718,0.17331765592098236,1,0.09561350154837986,1,0.4965084453284747,0.29061720933506835,-0.019660753007421764,0.45064434333947445,52.374456897685235,0.49519228041172025,0.4055011808872223,0.5485716968774795,0.43323456645011904,737.1138000488281,314.29288387298584,789.4437408447266,312.1339416503906,672.2181701660156,314.4157075881958,618.1082153320312,311.89282178878784,478,0.5533794164657593,0.5277333855628967,0,-1.439916729927063,0.56804185934748,0.744140512400648,0.4227220914991897,0.28642813582492654,-0.02083015863908817,0.42992523393730453,54.16873789374292,0.7804032564163208,0.92,3.4643797874450684,-0.010318310931324959,-35.06429672241211,0.5733543634414673
0.9997869729995728,-0.018464822322130203,0.009228596463799477,0.018358107656240463,0.999765157699585,0.011517485603690147,-0.00943909864872694,-0.011345612816512585,0.9998911023139954,1.0,0.1817520558834076,0.1326327621936798,0.5768649578094482,0.5624537467956543,0.18574035167694092,0.02084311470389366,0.022052431479096413,0.1760568767786026,0.008247766643762589,0.007068000268191099,0.21070262789726257,0.17766863107681274,1,0.09538656554700396,1,0.5020226448866437,0.3057942834665315,-0.01784422418971665,0.4681812283241369,52.27881946867459,0.49501585662364955,0.4044208526611328,0.5484091013669967,0.43304961919784546,737.1140289306641,314.0958595275879,789.3276977539062,311.48669242858887,672.2120666503906,314.3186545372009,618.2126998901367,311.90157651901245,478,0.5533932447433472,0.5286287665367126,0,-0.6500986218452454,0.5792389335426499,0.7433741375999522,0.42064848914808184,0.2911932427234156,-0.01921339647779425,0.4409298156975662,54.05343538353997,1.0519479513168335,0.92,3.468874454498291,0.06002549082040787,-35.06321334838867,0.54082852602005
0.9996950030326843,-0.01455102488398552,0.019954543560743332,0.013962186872959137,0.9994720220565796,0.029336942359805107,-0.020370885729789734,-0.02904939278960228,0.9993703961372375,0.9999999403953552,0.18316957354545593,0.14459051191806793,0.5785542726516724,0.5538849830627441,0.21287690103054047,0.01841743290424347,0.016949208453297615,0.2071814090013504,0.008917879313230515,0.006909587886184454,0.2328357845544815,0.19305017590522766,1,0.09475804552638172,1,0.5058485095395846,0.2994189742939537,-0.01976184465810099,0.4694750264961781,52.34960024505652,0.4939343452453613,0.4044779509305954,0.5487173318862915,0.4327890843153,737.2761535644531,314.05300855636597,789.5637512207031,311.5058970451355,673.1625366210938,314.2772841453552,618.3552169799805,311.4534544944763,478,0.5547829866409302,0.5283111333847046,0,-1.6649872064590454,0.56804185934748,0.7645890711066443,0.42630332454474396,0.2810726347261593,-0.019068357553362995,0.445074499624501,54.88001731277154,0.8001663684844971,0.92,3.4658234119415283,0.006942023057490587,-35.072078704833984,1.1672464609146118
0.9998078942298889,-0.015371429733932018,0.012161255814135075,0.014956255443394184,0.9993260502815247,0.03352341428399086,-0.012668360024690628,-0.03333509340882301,0.9993639588356018,1.0,0.19189544022083282,0.14286328852176666,0.5840840339660645,0.5548223257064819,0.20182421803474426,0.019566182047128677,0.01829489879310131,0.19772495329380035,0.008707971312105656,0.006767737213522196,0.2331579178571701,0.19397646188735962,1,0.09509980616818298,1,0.5029920900853656,0.29489634152332356,-0.02108584495635902,0.4642312171956194,52.16379655833116,0.4938340693712234,0.4045033633708954,0.5487279206514358,0.4328342854976654,737.4555206298828,314.1141629219055,789.5632171630859,311.6955614089966,672.6546478271484,314.28942918777466,617.9595947265625,311.51638984680176,478,0.5548938512802124,0.52833092212677,0,-1.9104671478271484,0.5282604233582716,0.7680139603007822,0.43075219473094234,0.28199324747876836,-0.019924249503616404,0.4460051147961275,54.76530453646751,0.857030987739563,0.92,3.5060136318206787,0.0006879938300698996,-35.177406311035156,0.7258629202842712
0.9997419714927673,-0.01521346066147089,0.016869299113750458,0.01472616009414196,0.9994811415672302,0.028644239529967308,-0.01729632169008255,-0.02838842384517193,0.9994472861289978,0.9999998211860657,0.1843637228012085,0.11455314606428146,0.5754717588424683,0.5473477244377136,0.27014032006263733,0.012101714499294758,0.01563986763358116,0.24991078674793243,0.00861917994916439,0.006640375591814518,0.23826110363006592,0.15322443842887878,1,0.09650218872748485,1,0.5074323917196849,0.30443281054551097,-0.022317477155076124,0.4693032174886107,51.508363985484095,0.49351384043693547,0.40466087460517886,0.548386174440384,0.43276005387306216,738.4312438964844,314.0250492095947,789.8872375488281,311.70292139053345,672.7328491210938,314.2856955528259,617.9618453979492,311.5334701538086,478,0.5548723340034485,0.5280991792678833,0,-1.626998782157898,0.5282604233582716,0.7003737995362859,0.40509186092157246,0.2972160709028951,-0.01930148145972946,0.4635835264730802,54.840109350705966,0.8439034819602966,0.92,3.500852346420288,0.015730904415249825,-35.193016052246094,0.9910556077957153
0.9997755289077759,-0.016155552119016647,0.013709221966564655,0.015718162059783936,0.9993822574615479,0.03143421933054924,-0.014208587817847729,-0.031211677938699722,0.9994118213653564,0.9999997019767761,0.17862284183502197,0.10674791038036346,0.5606076717376709,0.5433379411697388,0.2764142155647278,0.011547346599400043,0.014193173497915268,0.26192355155944824,0.008441438898444176,0.007174248807132244,0.22278080880641937,0.17297258973121643,1,0.0962152284050028,1,0.5143686236713161,0.30934485311345067,-0.022556279178897264,0.46727138070918056,51.69268156049593,0.49398551583290096,0.4047002762556076,0.5481450378894805,0.43286883533000947,738.2109832763672,314.2644739151001,789.8433685302734,311.7684531211853,672.6715087890625,314.2842364311218,618.0039596557617,311.53480052948,478,0.5541595220565796,0.5281685590744019,0,-1.7887684106826782,0.5447437344914399,0.7156016363358143,0.4027444450982793,0.2988836745301118,-0.01921890300795373,0.4658349025474737,54.73664518518252,0.900712251663208,0.92,3.4981279373168945,-0.008373691700398922,-35.17717361450195,0.8141194581985474
0.9998372197151184,-0.00914079137146473,0.015552699565887451,0.00865120068192482,0.9994738101959229,0.031260859221220016,-0.0158302653580904,-0.03112122230231762,0.9993902444839478,0.9999997019767761,0.1628943383693695,0.07680794596672058,0.5720400810241699,0.5460851192474365,0.28159984946250916,0.01156545802950859,0.013467431999742985,0.2671476900577545,0.008455551229417324,0.007088265381753445,0.2344699651002884,0.14721621572971344,1,0.09617708161938664,1,0.5135079936778073,0.3126586873682776,-0.021037520473700583,0.4758015426954072,51.88574422438125,0.4939987093210221,0.4048709899187088,0.5481229454278946,0.432497563958168,738.0091094970703,314.1254925727844,789.8408508300781,311.7588400840759,672.6494598388672,313.83090019226074,617.9335784912109,310.80328702926636,478,0.5541242361068726,0.5276265740394592,0,-1.7836260795593262,0.5447437344914399,0.7555915424037091,0.4036094419817927,0.30958119533700257,-0.017755709793186768,0.48257460928801676,54.79958132344747,0.49574556946754456,0.92,3.4703025817871094,0.01453318353742361,-35.12059783935547,0.9070452451705933
0.9997807145118713,-0.007827210240066051,0.01942322961986065,0.007143042050302029,0.999360203742981,0.0350470133125782,-0.01968512311577797,-0.034900590777397156,0.9991968870162964,0.9999999403953552,0.17795228958129883,0.10295214504003525,0.5798287391662598,0.5565176010131836,0.2592346668243408,0.013017822988331318,0.015018570236861706,0.24837060272693634,0.008005757816135883,0.006816028617322445,0.20447368919849396,0.17514897882938385,1,0.09615890817137188,1,0.5073555134498674,0.31232539281022775,-0.02259659491024678,0.4714001027264094,52.02675965837655,0.49414185285568235,0.4061767399311066,0.5484193325042724,0.43361234068870547,737.9897308349609,315.2255630493164,789.9714660644531,313.0615568161011,673.0979919433594,314.45791482925415,617.9342651367188,311.4398503303528,478,0.5542774796485901,0.5274356007575989,0,-2.000450372695923,0.5705020902928805,0.7007918432424388,0.40749137891999293,0.29599903653501786,-0.020314747312930634,0.4657731636578636,55.246225831523574,0.4093489348888397,0.92,3.4593186378479004,-0.03322980925440788,-35.08882522583008,1.1279473304748535
0.9997119307518005,-0.003742876695469022,0.02370890974998474,0.0027090939693152905,0.9990503191947937,0.04348615184426308,-0.023849159479141235,-0.04340938478708267,0.9987726807594299,1.0000003576278687,0.17030882835388184,0.09397441893815994,0.5943266749382019,0.5637657642364502,0.21500223875045776,0.01736517995595932,0.01967199146747589,0.20216871798038483,0.007973754778504372,0.005989287979900837,0.21850955486297607,0.1282626986503601,1,0.09590806123836688,1,0.5025382728054874,0.31225931070397844,-0.01900821595460003,0.4823592631230606,52.00403262650381,0.494694572687149,0.4068955957889557,0.5487304151058197,0.4341022551059723,737.9622650146484,315.22494077682495,789.937744140625,313.50186824798584,673.1602478027344,314.5497536659241,617.9357147216797,311.4779591560364,478,0.5540358424186707,0.5272066593170166,0,-2.488664388656616,0.5705020902928805,0.7404458146158589,0.41733126755197275,0.3052319281339118,-0.01617759933687451,0.4689635216830863,55.30989943619586,0.1552639901638031,0.92,3.4421825408935547,-0.07075781375169754,-35.186397552490234,1.366585612297058
0.9997456669807434,-0.010886924341320992,0.019750982522964478,0.010312085039913654,0.9995269179344177,0.028976401314139366,-0.02005710080265999,-0.028765371069312096,0.9993849396705627,1.0000001192092896,0.2160259634256363,0.11463663727045059,0.5439997911453247,0.5140331983566284,0.22826889157295227,0.014807351864874363,0.018129989504814148,0.2144770473241806,0.01105650793761015,0.007805168628692627,0.3061481714248657,0.17032833397388458,1,0.09598168087703873,1,0.49763524896034916,0.27652494039425496,-0.023705437189354202,0.42742504831756084,52.9307081837638,0.4938085108995438,0.4027262359857559,0.5480401545763016,0.431904736161232,736.4488983154297,313.32655906677246,789.3289947509766,311.0124135017395,672.5718688964844,313.7477517127991,617.292366027832,311.21862173080444,478,0.5542316436767578,0.5291785001754761,1,-1.6486934423446655,0.476007064526987,0.696088897329399,0.41173081410740897,0.2912187858057919,-0.019850102770174766,0.47010661569809786,55.337328594555785,0.5909682512283325,0.92,3.443990707397461,0.03499792516231537,-35.24192428588867,1.1492642164230347
0.9998010993003845,-0.01742127165198326,0.009705431759357452,0.017243947833776474,0.9996881484985352,0.018063800409436226,-0.010017097927629948,-0.017892835661768913,0.9997896552085876,1.0,0.1979050189256668,0.10732688754796982,0.5181198120117188,0.49161475896835327,0.22951695322990417,0.014902673661708832,0.01655706577003002,0.22180995345115662,0.011480734683573246,0.009779549203813076,0.2642780542373657,0.1828555166721344,1,0.09492627705276946,1,0.5044955255413419,0.2934689271972324,-0.0249685188568715,0.4406335525857004,52.05863188802666,0.4936894714832306,0.40156782865524293,0.5475365459918976,0.43096543550491334,735.9202575683594,312.5074553489685,787.9389953613281,310.4697918891907,672.4015808105469,313.0176115036011,617.3056030273438,310.8607506752014,478,0.553847074508667,0.5293976068496704,1,-1.0252901315689087,0.476007064526987,0.6891250725939868,0.41356809776142917,0.2964110433642056,-0.022325251103773727,0.45661273671367,55.13817930101222,0.988103985786438,0.92,3.4722354412078857,0.10467863082885742,-35.308502197265625,0.573947012424469
0.9998288750648499,-0.017626618966460228,0.005605811253190041,0.01760106161236763,0.9998345971107483,0.004576321691274643,-0.005685548298060894,-0.004476854577660561,0.9999737739562988,0.9999995827674866,0.17928718030452728,0.09378717839717865,0.48902463912963867,0.4808664619922638,0.22206956148147583,0.013516217470169067,0.022233031690120697,0.2023039311170578,0.010907634161412716,0.010176323354244232,0.25966569781303406,0.18269948661327362,1,0.09789205116781645,1,0.4956875559776779,0.30250484520577314,-0.02475170080305836,0.4574291450613025,52.64175761886259,0.49479409158229826,0.40032819509506223,0.5477630704641342,0.43087772130966184,737.3426818847656,312.60223388671875,789.9318695068359,310.2502155303955,671.8798065185547,313.2129192352295,616.2851715087891,310.7549214363098,478,0.5529689788818359,0.5305495262145996,1,-0.2565098702907562,0.476007064526987,0.6916683341737269,0.39867194623211244,0.30081823709035,-0.022526272789672484,0.46664082684778724,55.64894603817622,1.0085349082946777,0.92,3.4677317142486572,0.12104068696498871,-35.18067932128906,0.3257596790790558
0.9996989965438843,-0.02260603755712509,0.009540029801428318,0.022565951570868492,0.9997361302375793,0.004288763739168644,-0.009634466841816902,-0.004072180483490229,0.9999452233314514,0.9999998211860657,0.19198817014694214,0.09414668381214142,0.5089147090911865,0.4995351731777191,0.20757977664470673,0.016799580305814743,0.02173415943980217,0.18934300541877747,0.010613048449158669,0.009590660221874714,0.2423299103975296,0.16877424716949463,1,0.09616244686622201,1,0.4953360114759342,0.3032829710061266,-0.024811985354079698,0.4570306202418776,51.957055844533855,0.49414283633232114,0.4011648207902908,0.5479821622371673,0.43118458092212675,736.85546875,312.67611265182495,788.7601470947266,310.3437280654907,672.1555328369141,313.29132556915283,617.3688888549805,311.4530897140503,478,0.5538393259048462,0.5300197601318359,1,-0.23333023488521576,0.476007064526987,0.6736920117667957,0.4105031247070838,0.3058394499340859,-0.02535520126288854,0.45182740573940355,54.81747412980426,1.2931034564971924,0.92,3.477714776992798,0.11561927944421768,-35.239688873291016,0.5520228147506714
0.9997097849845886,-0.02049766480922699,0.012654704973101616,0.020345352590084076,0.9997203946113586,0.012049445882439613,-0.012898155488073826,-0.011788490228354931,0.9998473525047302,1.0000008344650269,0.18024902045726776,0.09102584421634674,0.5233405828475952,0.5111374258995056,0.18855610489845276,0.01892275922000408,0.023330729454755783,0.17632770538330078,0.009895998984575272,0.00902295671403408,0.24162325263023376,0.16443051397800446,1,0.09609569190998861,1,0.4954207745777734,0.3075281432370199,-0.02135183932280754,0.46996228038220794,52.021478899634154,0.4947065651416779,0.4018216013908386,0.5479505598545075,0.4316072940826416,736.74072265625,313.01598072052,788.7116241455078,310.72258472442627,671.9893646240234,313.37679147720337,617.1167755126953,311.4345717430115,478,0.5532439947128296,0.529785692691803,1,-0.6755025386810303,0.5215256006223745,0.694803971526787,0.4145699384468121,0.3061495708015915,-0.024453781333552225,0.4537214574895007,54.90695086586346,1.1658802032470703,0.92,3.4506466388702393,0.0824560821056366,-35.27653503417969,0.7390303015708923
0.9998408555984497,-0.017018115147948265,0.005355230066925287,0.01706795208156109,0.9998101592063904,-0.009402048774063587,-0.005194210447371006,0.009491986595094204,0.9999414682388306,1.0,0.15725994110107422,0.08377716690301895,0.5190452337265015,0.48930442333221436,0.2804325222969055,0.010029494762420654,0.015297330915927887,0.2534908950328827,0.010508188046514988,0.008856751024723053,0.2628801763057709,0.1442866176366806,1,0.09827185772627738,1,0.5048661952077614,0.31110511154936143,-0.02023222566216318,0.4781617361338775,51.87400515947021,0.4936501145362854,0.4004175871610641,0.5469546675682068,0.43198235929012296,737.4031829833984,313.23205947875977,789.2254638671875,310.9161114692688,670.8475494384766,313.73077869415283,615.0239181518555,311.4304518699646,478,0.5533045530319214,0.5315647721290588,1,0.5438662171363831,0.5215256006223745,0.6855697885934356,0.396862924740514,0.30539068316989454,-0.021351684123552525,0.46606109973189486,55.87100601953076,0.9779821634292603,0.92,3.4594147205352783,0.17355717718601227,-35.241455078125,0.2976076602935791
0.9998191595077515,-0.018996426835656166,0.0008493635687045753,0.018990833312273026,0.9998006224632263,0.006171600427478552,-0.0009664197568781674,-0.006154348142445087,0.9999805688858032,1.0000001192092896,0.15570634603500366,0.09646537899971008,0.5149399638175964,0.4904124438762665,0.183773934841156,0.019914479926228523,0.02163037844002247,0.17744392156600952,0.01088919211179018,0.009567121975123882,0.2434217780828476,0.15353386104106903,1,0.096565199932644,1,0.4968026147233762,0.31447551217816544,-0.021552250327305355,0.4723790097342615,52.152332253960786,0.4944151848554611,0.40073649287223817,0.5477120488882065,0.43197248578071595,736.7585754394531,313.2590961456299,788.8588714599609,310.92995166778564,670.8714294433594,313.7398338317871,615.937385559082,311.79531812667847,478,0.5532968640327454,0.5312359929084778,1,-0.35262054204940796,0.5342039838486492,0.7055266769036502,0.4247744187259769,0.30609407636211866,-0.025681096217030807,0.45350565319769526,54.968448394666005,1.088160514831543,0.92,3.491177558898926,0.12849947810173035,-35.35379409790039,0.05537177994847298
0.9997196197509766,-0.015822021290659904,0.017615191638469696,0.01563405431807041,0.9998199343681335,0.01075711753219366,-0.017782222479581833,-0.010478693060576916,0.9997869729995728,0.9999999403953552,0.1560688465833664,0.08382558822631836,0.5002437829971313,0.4854106903076172,0.2514023780822754,0.013167591765522957,0.015810241922736168,0.2370157688856125,0.010905278846621513,0.009962239302694798,0.250615656375885,0.14598047733306885,1,0.09711136793125999,1,0.5021703212525199,0.3126765732176293,-0.02348551425019827,0.46940239593970545,51.98820898232394,0.4939776927232742,0.40206057727336886,0.5473821431398391,0.4313668102025986,737.0279693603516,313.2741379737854,788.9646911621094,310.9609580039978,671.0185241699219,313.60458612442017,616.0396194458008,310.89263677597046,478,0.5534044504165649,0.5293062329292297,1,-0.6004907488822937,0.5342039838486492,0.6299326654334199,0.40759722040589863,0.31116471430442977,-0.02908887078567697,0.45725854058658333,55.04575037223702,0.8959435224533081,0.92,3.4398999214172363,0.12092960625886917,-35.313655853271484,1.018899917602539
0.9996374249458313,-0.017268652096390724,0.020659901201725006,0.016764530912041664,0.999563455581665,0.02433035708963871,-0.02107103355228901,-0.023975186049938202,0.99949049949646,0.9999999403953552,0.1369580775499344,0.08815895766019821,0.5103105902671814,0.48661497235298157,0.2319854199886322,0.015292339026927948,0.016890769824385643,0.22016669809818268,0.010828081518411636,0.00942359957844019,0.23833169043064117,0.14932328462600708,1,0.09612598313397616,1,0.5015597899872558,0.3244979363534611,-0.025622240589103822,0.47322518892653626,51.91969490562918,0.49385141432285307,0.40303770899772645,0.5478265792131424,0.4311197817325592,736.9882965087891,313.10904264450073,788.8446807861328,310.5458164215088,671.4579772949219,313.5054302215576,617.2124481201172,311.05035066604614,478,0.5539751648902893,0.5280820727348328,1,-1.3741135597229004,0.5013707904911971,0.622719706619176,0.4137053312014644,0.31348205076676555,-0.030380276636471748,0.4571130419835376,54.30105755127683,0.9607951641082764,0.92,3.442039728164673,0.060898710042238235,-35.26552963256836,1.2073705196380615
0.9997040629386902,-0.010872071608901024,0.021764004603028297,0.010311528109014034,0.9996164441108704,0.025704603642225266,-0.022035125643014908,-0.02547258697450161,0.9994326829910278,1.0000003576278687,0.1491512656211853,0.08519014716148376,0.5382669568061829,0.5158240795135498,0.2609928548336029,0.013009305112063885,0.013600905425846577,0.25364577770233154,0.009222622960805893,0.008244507014751434,0.20994634926319122,0.14134371280670166,1,0.09573191346516183,1,0.5130428621222477,0.3262665508595653,-0.020766513040733955,0.4711460104160472,52.211859479033855,0.4936707884073257,0.4034512221813202,0.5476286083459854,0.43203272223472594,736.8795013427734,313.6361289024353,789.0617370605469,311.87756538391113,671.7027282714844,313.56759309768677,617.1425628662109,310.93782663345337,478,0.5539578199386597,0.5285815000534058,1,-1.4599840641021729,0.5013707904911971,0.6921633475898944,0.41254536040637807,0.3136517616441869,-0.02695254360318924,0.461193946235968,54.623505204412226,0.5909609794616699,0.92,3.42966628074646,0.025388112291693687,-35.17962646484375,1.2626218795776367
0.9997329115867615,-0.011957238428294659,0.019777022302150726,0.011295048519968987,0.9993827939033508,0.0332622192800045,-0.020162541419267654,-0.03302997723221779,0.9992509484291077,0.9999993443489075,0.16910669207572937,0.09731590747833252,0.5290312767028809,0.5066126585006714,0.2516757845878601,0.013933554291725159,0.014920388348400593,0.2412499338388443,0.009914605878293514,0.008866257034242153,0.21344274282455444,0.18444448709487915,1,0.09608337119636749,1,0.5034277502182352,0.31616735528470885,-0.024918051390021623,0.4587799449132169,52.183943888148846,0.4936669528484344,0.4029963731765747,0.5478637874126434,0.43203450441360475,736.9509887695312,314.05221462249756,789.0957641601562,312.03073024749756,671.7164611816406,313.77386569976807,617.165641784668,310.8467173576355,478,0.554196834564209,0.52903813123703,1,-1.8932075500488281,0.5013707904911971,0.5910785693284799,0.413649035926474,0.3048370861780628,-0.02846016861678665,0.4613706073234103,54.62929703380079,0.6473039388656616,0.92,3.4394729137420654,-0.01500057801604271,-35.12476348876953,1.1553068161010742
0.9997497200965881,-0.014331257902085781,0.017177237197756767,0.013943840749561787,0.9996504187583923,0.02246575616300106,-0.017493192106485367,-0.022220615297555923,0.9995999932289124,1.0000001192092896,0.18175993859767914,0.10680953413248062,0.5495834350585938,0.5339065790176392,0.20625776052474976,0.01809093728661537,0.019958408549427986,0.1979992836713791,0.009426217526197433,0.007945052348077297,0.21125465631484985,0.16308553516864777,1,0.09593411224651979,1,0.4966223989406846,0.3101243328928789,-0.023227559122658552,0.45600539046691074,52.38732511506488,0.49460645318031315,0.40378578305244445,0.5481233179569245,0.43239094614982604,736.7377471923828,313.98706912994385,789.0851593017578,311.94249629974365,671.9387817382812,313.79738330841064,617.2010040283203,311.21551036834717,478,0.5535168647766113,0.5286051630973816,1,-1.2734471559524536,0.5013707904911971,0.6469352729963501,0.41993176386679015,0.30123757683482283,-0.023260947053972553,0.44955828460882896,54.79863480610923,0.7990713715553284,0.92,3.4408507347106934,0.02645445428788662,-35.1216926574707,1.002337098121643
0.9997989535331726,-0.008723684586584568,0.018052080646157265,0.00814182497560978,0.9994528293609619,0.03205856680870056,-0.018321875482797623,-0.03190514072775841,0.9993230104446411,0.9999993443489075,0.21638080477714539,0.1110299676656723,0.5504751205444336,0.5449782013893127,0.20942345261573792,0.017036261036992073,0.019677376374602318,0.2041652351617813,0.008532777428627014,0.008046326227486134,0.20457705855369568,0.17384377121925354,1,0.09591827061082289,1,0.49775176955236033,0.29831678915583326,-0.02274515883199695,0.45024822682238097,52.283132413268305,0.4946159482002258,0.40463093519210813,0.548138952255249,0.43292776346206663,736.82373046875,314.5817255973816,789.0863037109375,313.1156516075134,672.0009613037109,313.7536096572876,617.6378631591797,311.13500118255615,478,0.5535230040550232,0.5282968282699585,1,-1.8286471366882324,0.5139381271686302,0.6786207889461328,0.4152567334345788,0.2989751333687687,-0.024405041681802114,0.446926501937935,54.42612929765192,0.4665756821632385,0.92,3.4417777061462402,-0.008928630501031876,-35.24031066894531,1.049824833869934
0.9998016357421875,-0.012484917417168617,0.015519987791776657,0.011779229156672955,0.9989283680915833,0.044758155941963196,-0.016062159091234207,-0.04456641152501106,0.998877227306366,0.9999999403953552,0.19695520401000977,0.08473101258277893,0.5850250720977783,0.5751614570617676,0.21998372673988342,0.017130618914961815,0.0183852706104517,0.21132609248161316,0.007569754496216774,0.006624824367463589,0.19903124868869781,0.15374408662319183,1,0.09618643864850542,1,0.4996597764498858,0.3032389497753756,-0.019593296970865294,0.4643960144533106,52.39345865662252,0.49395140707492824,0.40551347732543946,0.5479926735162735,0.4337417006492615,736.8580627441406,314.8283386230469,789.2290496826172,313.2939863204956,672.00927734375,313.995566368103,616.7595291137695,311.50124073028564,478,0.5540412664413452,0.528228223323822,1,-2.554642915725708,0.5139381271686302,0.7316148942267066,0.41849988941029537,0.30347483635811223,-0.015404970379190277,0.4712692089528617,55.306024445572966,0.6750027537345886,0.92,3.4564502239227295,-0.06852854788303375,-35.1771354675293,0.9203334450721741
0.9997740983963013,-0.010765105485916138,0.0183278676122427,0.010600768961012363,0.9999030232429504,0.009039735421538353,-0.0184234119951725,-0.008843404240906239,0.9997912049293518,0.9999998211860657,0.19193869829177856,0.09475728124380112,0.5623571276664734,0.5497156381607056,0.24175883829593658,0.015075105242431164,0.01727331429719925,0.2285066694021225,0.009037447161972523,0.007368332706391811,0.20517566800117493,0.15312205255031586,1,0.0963394551647231,1,0.49960054791417374,0.30500658589875795,-0.02264479011494433,0.4572344668998652,52.41912904732609,0.49387176930904386,0.4047792673110962,0.5479102939367294,0.4336180806159973,736.8359375,314.8325228691101,789.2314147949219,313.2580232620239,672.2969055175781,314.1510057449341,616.8568801879883,311.7095732688904,478,0.5540385246276855,0.5288388133049011,1,-0.5067822933197021,0.5065858324911359,0.6818259264692853,0.41139804989278783,0.297610102869885,-0.018517087365250047,0.4592407485067756,55.493756416299945,0.6074937582015991,0.92,3.4427082538604736,0.06274604052305222,-35.19804000854492,1.0556434392929077
0.9998829960823059,-0.008941393345594406,0.012407424859702587,0.008726561442017555,0.99981290102005,0.017262578010559082,-0.012559454888105392,-0.01715228520333767,0.9997739791870117,0.9999997615814209,0.18648748099803925,0.10247398912906647,0.558934211730957,0.5406270623207092,0.19012486934661865,0.02135663479566574,0.01965446211397648,0.18699759244918823,0.009524721652269363,0.007767299190163612,0.2122272104024887,0.16103613376617432,1,0.09515415669102067,1,0.5043353179766391,0.3066666268249262,-0.02329102386118869,0.45568434888707454,52.230067901830246,0.4948538601398468,0.40433946549892424,0.5480760991573334,0.4335960477590561,736.6496276855469,314.8994493484497,788.8504791259766,313.1527090072632,672.017822265625,314.32419061660767,617.2900390625,311.77536249160767,478,0.5532222390174866,0.5292565822601318,1,-0.9828792214393616,0.5139381271686302,0.6847270985710093,0.42659880486693136,0.30005989670756944,-0.02118452140856061,0.45378172912514425,54.78710413271188,0.5000409483909607,0.92,3.447436809539795,0.00465153343975544,-35.22123336791992,0.7196226716041565
0.9995244145393372,-0.0028101636562496424,0.03071059100329876,0.0015540759777650237,0.9991641044616699,0.04084831476211548,-0.030799711123108864,-0.040781207382678986,0.9986932873725891,1.0000003576278687,0.1573622077703476,0.10092397779226303,0.548348069190979,0.5137473940849304,0.12542307376861572,0.032984379678964615,0.028915807604789734,0.12754836678504944,0.01010595541447401,0.008490580134093761,0.22394613921642303,0.15621107816696167,1,0.09549340125053847,1,0.5010442733203523,0.32016725137176666,-0.02603276431311159,0.46596237764200094,51.24838377676853,0.4950811833143234,0.4037511944770813,0.5518966883420944,0.43432003259658813,742.1063232421875,315.908625125885,793.3053588867188,313.66016149520874,675.4017639160156,315.30791759490967,621.1217498779297,312.0769929885864,478,0.556815505027771,0.5305688381195068,1,-2.3383491039276123,0.5400225188325986,0.7192114653911894,0.4451869457814172,0.30720108651695377,-0.025709150105735944,0.46433760874883284,54.3760866364554,0.08908428251743317,0.7,3.5642716884613037,-0.10126462578773499,-35.095916748046875,1.764972448348999
0.9996177554130554,-0.005063067190349102,0.027180343866348267,0.0039625028148293495,0.9991759061813354,0.04039371758699417,-0.027362465858459473,-0.040270593017339706,0.9988141655921936,1.0000004768371582,0.15197744965553284,0.08281880617141724,0.5252557992935181,0.4974556863307953,0.12076475471258163,0.03520035371184349,0.02754700556397438,0.12006228417158127,0.01062933448702097,0.009316769428551197,0.2436773180961609,0.14628048241138458,1,0.09470633057790964,1,0.5002776020640541,0.310025267163528,-0.02419427365039706,0.466626214454403,53.39273034866396,0.49471559226512907,0.40413745045661925,0.5514211863279342,0.434597510099411,739.8841857910156,316.0555028915405,793.2231140136719,313.65917444229126,675.3602600097656,315.4797291755676,620.730094909668,312.3795461654663,478,0.5567055940628052,0.5304600596427917,1,-2.308823585510254,0.5400225188325986,0.735573559201618,0.447634982754157,0.3142111561464632,-0.02515440172960738,0.4637014450945275,54.71805984928088,0.2271202951669693,0.7,3.56000018119812,-0.11383704841136932,-35.140953063964844,1.5679494142532349
0.9995066523551941,-0.007462732493877411,0.030509542673826218,0.007058684714138508,0.9998862743377686,0.013329663313925266,-0.03060554713010788,-0.013107744045555592,0.9994456171989441,0.9999999403953552,0.16487301886081696,0.08233634382486343,0.5445197224617004,0.5172507166862488,0.13825567066669464,0.02929668501019478,0.02514568157494068,0.1399226188659668,0.00990379974246025,0.008495133370161057,0.2613683044910431,0.14656274020671844,1,0.09484828626038423,1,0.4989751359821582,0.3020069809964441,-0.021087192340495733,0.4753263359547856,53.09347710648922,0.4944224148988724,0.4022009789943695,0.5513275057077408,0.4343931496143341,739.9108123779297,315.57405710220337,792.958984375,313.3811688423157,675.4666900634766,315.1995778083801,620.7393264770508,312.10952281951904,478,0.5569050908088684,0.5321921706199646,1,-0.7513918876647949,0.5400225188325986,0.7741784400311292,0.4428655244599248,0.3100138938654058,-0.02118649649526982,0.47237133410588916,54.81453060151711,0.40462571382522583,0.7,3.5545716285705566,-0.010162834078073502,-35.13556671142578,1.7538424730300903
0.9994919896125793,-0.002692518988624215,0.031757038086652756,0.0016952631995081902,0.999505877494812,0.031387872993946075,-0.03182585537433624,-0.03131810575723648,0.9990026354789734,0.9999999403953552,0.16924293339252472,0.09811142086982727,0.5331192016601562,0.49980103969573975,0.1278141438961029,0.0313609354197979,0.027850165963172913,0.12872537970542908,0.010994737036526203,0.008993618190288544,0.2680286467075348,0.15144875645637512,1,0.0949844326996853,1,0.49712973968494867,0.30063044143993944,-0.023526008336750788,0.46597566039529786,52.941085630610296,0.4944801092147827,0.40199391841888427,0.5513669013977051,0.4340600252151489,740.0185394287109,315.39780378341675,792.9187774658203,313.3185338973999,675.4579925537109,314.9641013145447,620.7223510742188,312.10458755493164,478,0.5568867921829224,0.5320661067962646,1,-1.7955986261367798,0.520288349171988,0.7208896811685271,0.44225627769899195,0.3040659492768118,-0.023122501720330587,0.4634788004228763,54.810284319847696,0.09718070179224014,0.7,3.5364279747009277,-0.058770935982465744,-35.145362854003906,1.8237950801849365
0.9995152354240417,-0.005687018856406212,0.030609238892793655,0.0049208709970116615,0.9996742010116577,0.02504729852080345,-0.03074171021580696,-0.024884531274437904,0.9992175698280334,0.9999998211860657,0.17777076363563538,0.11277300864458084,0.5328195095062256,0.5002907514572144,0.1212940514087677,0.03336731716990471,0.03136365860700607,0.11956771463155746,0.011247922666370869,0.009088411927223206,0.2593912184238434,0.17072832584381104,1,0.09472635702251722,1,0.48825770479457625,0.30344390249015374,-0.025370921404298252,0.4490622801125461,51.826697290217986,0.4946641117334366,0.40193299055099485,0.5512245684862137,0.43358502388000486,739.7966003417969,315.1689147949219,791.5702056884766,312.82363414764404,674.9549865722656,314.8189401626587,620.73974609375,312.03339099884033,478,0.5565604567527771,0.53165203332901,1,-1.4266000986099243,0.5137033726914191,0.7375752359380501,0.4458630723332392,0.29964759562737153,-0.025971588027343572,0.4502452550423441,54.28675330498133,0.2820796072483063,0.7,3.526831865310669,-0.02788713574409485,-35.16545867919922,1.7616477012634277
0.9996299743652344,-0.006911805830895901,0.026306385174393654,0.0062618860974907875,0.9996751546859741,0.024708200246095657,-0.02646862342953682,-0.024534346535801888,0.9993485808372498,0.9999995827674866,0.20376300811767578,0.1070525050163269,0.5421384572982788,0.515752911567688,0.1011933758854866,0.040657371282577515,0.037614606320858,0.10109326988458633,0.010454811155796051,0.008789985440671444,0.2624829113483429,0.17397736012935638,1,0.09439733910877887,1,0.48083970967827333,0.2925673564225524,-0.02359696454447789,0.45262766293877,52.10463954626537,0.4953214645385742,0.4022284150123596,0.5511655926704406,0.43400847911834717,738.96484375,315.2877473831177,791.041259765625,313.5730004310608,674.9512481689453,314.944703578949,620.6745147705078,312.0416307449341,478,0.5558441281318665,0.5317800641059875,1,-1.4063482284545898,0.5137033726914191,0.696000397630954,0.4493469362136059,0.30018237984573554,-0.025581351811432684,0.4495138310313458,54.35431556365478,0.3589077591896057,0.7,3.534573554992676,-0.04114489257335663,-35.216644287109375,1.5167174339294434
0.9996048808097839,-0.006377289537340403,0.027372773736715317,0.005409716162830591,0.9993629455566406,0.035277653485536575,-0.027580304071307182,-0.035115666687488556,0.9990026354789734,0.9999993443489075,0.19809289276599884,0.10732115805149078,0.570111870765686,0.5382431745529175,0.10274922102689743,0.038645703345537186,0.03678077459335327,0.10351868718862534,0.009365750476717949,0.007665417622774839,0.2715103030204773,0.16640788316726685,1,0.09457280907823959,1,0.4834018465488744,0.29258253055804373,-0.02018936934373189,0.4654822658693799,51.7081948239524,0.494929900765419,0.4036987960338593,0.5512424618005752,0.43428229689598086,739.5121765136719,315.33669233322144,791.1906433105469,313.5835576057434,674.91943359375,314.94311571121216,620.6211090087891,312.1200156211853,478,0.5563125610351562,0.5305835008621216,1,-2.0131592750549316,0.49678455031559343,0.707765390927209,0.45011554836310225,0.29935099039882707,-0.0231931406449406,0.4590964389690029,54.37166492724704,0.3100733757019043,0.7,3.531818151473999,-0.08297685533761978,-35.15634536743164,1.5804353952407837
0.9996834993362427,-0.009129667654633522,0.023443670943379402,0.008742407895624638,0.9998245239257812,0.016568530350923538,-0.023590851575136185,-0.016358332708477974,0.999587893486023,0.9999997615814209,0.19226184487342834,0.11965937167406082,0.549797534942627,0.5186798572540283,0.09323275089263916,0.04202163219451904,0.041218262165784836,0.09447024762630463,0.010645503178238869,0.008413326926529408,0.29043281078338623,0.18897368013858795,1,0.09461973199265906,1,0.47944340225206133,0.29111565056014643,-0.025660832598275223,0.46223430995289455,51.65542752210925,0.4951156973838806,0.40167129337787627,0.5513352155685425,0.43353295624256133,739.5149230957031,314.90150928497314,791.1276245117188,312.80097484588623,674.7853088378906,314.91811752319336,620.7620239257812,312.0865845680237,478,0.5562195181846619,0.5318616628646851,1,-0.9375661611557007,0.49678455031559343,0.6971394702032354,0.45128484152573245,0.29420219046469687,-0.026268399200170475,0.45726748332586786,54.09743886432472,0.5010488629341125,0.7,3.5307538509368896,-0.014290032908320427,-35.06449508666992,1.3517816066741943
0.9996933937072754,-0.0046706111170351505,0.024317966774106026,0.004184532444924116,0.9997912049293518,0.020001064985990524,-0.02440631203353405,-0.01989317685365677,0.9995041489601135,1.0,0.18964813649654388,0.08530246466398239,0.5799167156219482,0.5568798780441284,0.09041305631399155,0.04646666720509529,0.04582832381129265,0.0893976241350174,0.008545533753931522,0.007324689067900181,0.21460621058940887,0.1324629932641983,1,0.09523248084729197,1,0.4749165521881706,0.30614810652788965,-0.01587722688107913,0.4777500851340538,51.819858818022816,0.4954532980918884,0.4055681139230728,0.5515964031219482,0.4353835493326187,739.8704528808594,316.06393575668335,791.6700744628906,314.615843296051,675.2396392822266,315.3970956802368,620.6395721435547,312.3934078216553,478,0.5561431050300598,0.5298154354095459,1,-1.1402099132537842,0.4931241413105634,0.7304059612079975,0.448024108795408,0.3088927108395446,-0.020466236004937924,0.46120947928340794,54.68262495901812,0.2398281842470169,0.7,3.539210081100464,-0.03308964520692825,-35.16971969604492,1.3985174894332886
0.9995836615562439,-0.005288325250148773,0.0283657256513834,0.004716781433671713,0.999785304069519,0.02017831988632679,-0.02846633270382881,-0.020036160945892334,0.999393880367279,1.0000004768371582,0.18564076721668243,0.08958954364061356,0.5752474665641785,0.5586650371551514,0.10408254712820053,0.040105897933244705,0.039402954280376434,0.10253065079450607,0.008705465123057365,0.007206232286989689,0.23285922408103943,0.12880952656269073,1,0.09530876602914938,1,0.48109676769480303,0.30794046239728373,-0.017782907706406902,0.4838988788720198,51.520215568056955,0.494926992058754,0.40551254749298093,0.5515503317117691,0.4349368572235107,740.3446960449219,315.75241327285767,791.8440246582031,314.285523891449,675.4372406005859,315.1115155220032,620.7230377197266,312.2351145744324,478,0.5566233396530151,0.5294243097305298,1,-1.1485297679901123,0.49678455031559343,0.7545944825335713,0.443686786229461,0.30996847454378024,-0.02060978888869169,0.46626417399360853,54.78975889168162,0.2703622281551361,0.7,3.5341622829437256,-0.03594966232776642,-35.09571075439453,1.631221055984497
0.9993837475776672,-0.006787859369069338,0.034438032656908035,0.005936801433563232,0.9996759295463562,0.024755079299211502,-0.034594904631376266,-0.024535372853279114,0.9991002082824707,0.9999997019767761,0.17245708405971527,0.11802423000335693,0.5432298183441162,0.49698540568351746,0.15006956458091736,0.025549447163939476,0.025314128026366234,0.14848162233829498,0.012320191599428654,0.007782038766890764,0.2914401590824127,0.132744699716568,1,0.09455211354384911,1,0.49244840923113714,0.30192240559119893,-0.033203692579001305,0.4448157997298966,51.444964805569725,0.4937250852584839,0.4034195184707642,0.5508557796478272,0.4330174565315247,739.6406555175781,314.5927333831787,791.0495758056641,312.667293548584,675.3834533691406,314.7195053100586,620.6893920898438,311.90548181533813,478,0.5571306943893433,0.5295979380607605,1,-1.4067565202713013,0.4988473575871861,0.7406253309895983,0.4366575341408409,0.3009152671040741,-0.025168847060246788,0.4536804569142166,54.766404552077844,0.3403594195842743,0.7,3.506821870803833,-0.03678291290998459,-35.08269500732422,1.9825373888015747
0.9993438124656677,-0.00484276982024312,0.03589552268385887,0.0039296383038163185,0.9996680021286011,0.0254655871540308,-0.036006927490234375,-0.02530781924724579,0.9990310668945312,0.9999995827674866,0.17058946192264557,0.09820713102817535,0.5399861335754395,0.5121123790740967,0.14161910116672516,0.030231406912207603,0.02610507607460022,0.1408064067363739,0.011187099851667881,0.008385836146771908,0.2480638027191162,0.13458697497844696,1,0.0943971427136482,1,0.49604167670456606,0.309713926767306,-0.021421928584886517,0.45634065108184924,51.87110378241719,0.4940363705158234,0.4042195737361908,0.5509485542774201,0.4341728150844574,739.6162414550781,315.4705238342285,791.4456939697266,313.39224100112915,675.3755187988281,315.0943064689636,620.467643737793,311.90314292907715,478,0.5569121837615967,0.5299532413482666,1,-1.4511271715164185,0.5142807367175282,0.7509507226099826,0.4430752079670286,0.30588000163565604,-0.02317553517446235,0.45246962711031646,55.00052971169048,0.22529835999011993,0.7,3.5022740364074707,-0.049827151000499725,-35.09934616088867,2.063490867614746
0.999459445476532,-0.0002858975203707814,0.03287433460354805,-0.0008934509241953492,0.9993566274642944,0.03585423529148102,-0.03286343067884445,-0.03586418554186821,0.9988162517547607,1.0000001192092896,0.14252465963363647,0.08730498701334,0.5339085459709167,0.49808046221733093,0.13729099929332733,0.028099825605750084,0.02591560035943985,0.14147831499576569,0.010859900154173374,0.00856745894998312,0.2631080746650696,0.12283100187778473,1,0.09440902302416695,1,0.49919428024530627,0.3204789641442616,-0.02369896263588562,0.46735454972598894,51.50931140826656,0.494389945268631,0.4048166036605835,0.5509616076946259,0.4339526057243347,739.9900054931641,315.5787134170532,791.4512634277344,313.3542823791504,675.3669738769531,315.1924967765808,620.7583618164062,311.7181134223938,478,0.5565716624259949,0.5291360020637512,1,-2.0564184188842773,0.514719152434351,0.7381001659782542,0.4399181514272841,0.3153911582801458,-0.026758003191085553,0.4575910523455181,54.71902640746265,-0.05121864005923271,0.7,3.506685972213745,-0.0943358987569809,-35.1217041015625,1.8832749128341675
0.9996000528335571,-0.0071733854711055756,0.02735469490289688,0.006332020275294781,0.9995079040527344,0.030721202492713928,-0.027561604976654053,-0.03053569607436657,0.9991535544395447,1.0000004768371582,0.16503632068634033,0.07861895114183426,0.5226536393165588,0.48999840021133423,0.12168128043413162,0.032324980944395065,0.030990000814199448,0.12155904620885849,0.010984212160110474,0.009318512864410877,0.2745265066623688,0.12700533866882324,1,0.09479909514755229,1,0.4932043709112143,0.30943777842580805,-0.026842292509738342,0.46659169241573106,51.42333201040978,0.4944607108831406,0.40341607928276063,0.5510268896818161,0.4336505353450775,740.0865173339844,315.31641483306885,791.4535522460938,312.91083812713623,675.1848602294922,315.19723892211914,620.4796600341797,311.8369245529175,478,0.5565661787986755,0.5302344560623169,1,-1.7505037784576416,0.5314682551983454,0.7246115802557043,0.44137174265728185,0.31610300540026764,-0.02670802518196881,0.45995373319345745,54.80830814008674,0.3629383444786072,0.7,3.5396275520324707,-0.06612613052129745,-35.18745422363281,1.5793635845184326
0.9995079636573792,-0.006956698372960091,0.030584456399083138,0.006268742494285107,0.9997264742851257,0.022532301023602486,-0.03073284588754177,-0.022329511120915413,0.99927818775177,0.9999991059303284,0.1646796613931656,0.08419408649206161,0.5271559953689575,0.49491754174232483,0.0979432612657547,0.03827705606818199,0.03958037868142128,0.09920486807823181,0.010759623721241951,0.009143577888607979,0.27089378237724304,0.12941710650920868,1,0.09577522384516604,1,0.4810797435683031,0.3073134075777199,-0.025338062316013543,0.4700495722619901,51.895594856425085,0.4945790559053421,0.4031350791454315,0.5515013724565506,0.4336654722690582,740.4545593261719,315.3632140159607,792.2959899902344,312.99280643463135,675.0016784667969,315.1602244377136,620.1021575927734,311.76064252853394,478,0.5569223165512085,0.5305303931236267,1,-1.2800977230072021,0.5314682551983454,0.6827436353774957,0.4465122431672862,0.3121342287022727,-0.027270956758467125,0.4586148206155631,55.00467752350309,0.3593445420265198,0.7,3.5285725593566895,-0.034527361392974854,-35.12240982055664,1.7611395120620728
0.9996344447135925,-0.011752248741686344,0.024347389116883278,0.01122968178242445,0.9997060298919678,0.021489616483449936,-0.024592779576778412,-0.021208347752690315,0.9994725584983826,1.0000003576278687,0.1766713261604309,0.07997706532478333,0.5245909690856934,0.5067970156669617,0.10234248638153076,0.03944516181945801,0.03896266967058182,0.10127417743206024,0.00993779394775629,0.009723538532853127,0.21307936310768127,0.16008828580379486,1,0.09589478723057823,1,0.4795308620254413,0.3128031283960822,-0.022226353342930164,0.47065438259841447,52.109457902745895,0.4947054803371429,0.40205022394657136,0.5515758216381073,0.43424120247364045,740.4048156738281,315.48627376556396,792.4800109863281,313.59692573547363,675.1835632324219,315.1558470726013,620.1742553710938,312.23462104797363,478,0.5568703413009644,0.5321909785270691,1,-1.2156075239181519,0.514719152434351,0.6802555502395196,0.4449494355039433,0.31008169207935365,-0.026311615174586255,0.4611725866810972,55.08681796019363,0.643621563911438,0.7,3.5765769481658936,-0.03299946337938309,-35.18991470336914,1.4092044830322266
0.9993608593940735,-0.01062657032161951,0.034132663160562515,0.010328451171517372,0.9999070167541504,0.008898653090000153,-0.03422405198216438,-0.008540376089513302,0.9993777275085449,1.0000004768371582,0.17696893215179443,0.12988485395908356,0.5455179214477539,0.5300949811935425,0.048572659492492676,0.09224911034107208,0.08813589811325073,0.03699791803956032,0.011488222517073154,0.007923144847154617,0.34830334782600403,0.16641102731227875,1,0.09255769182373272,1,0.469283537889706,0.2874880418846802,-0.019141759421141723,0.4809091338847744,51.01046291379594,0.4963892579078675,0.4028883993625641,0.553924310207367,0.4338570058345795,741.3689422607422,315.03658533096313,792.2934722900391,312.07692861557007,677.0632934570312,315.33130645751953,624.501953125,312.5232267379761,478,0.5575350522994995,0.5309686064720154,1,-0.48962026834487915,0.4803403958628654,0.6870865403216686,0.4810502335495884,0.3005765687743815,-0.027905742092990325,0.45037402043292885,52.636297450677496,0.5921340584754944,0.5,3.6251330375671387,0.017897285521030426,-35.345211029052734,1.9612765312194824
0.9992510080337524,-0.004700411111116409,0.0384090319275856,0.004342254251241684,0.9999463558197021,0.009402955882251263,-0.038451164960861206,-0.009229146875441074,0.9992178678512573,0.9999997615814209,0.2084602415561676,0.1498972475528717,0.5516822338104248,0.5442984104156494,0.05272498354315758,0.09102471172809601,0.08506282418966293,0.037329837679862976,0.011141727678477764,0.007670547813177109,0.3155668377876282,0.1784464418888092,1,0.09278117567032967,1,0.474085440274993,0.284327681460648,-0.023850844767524033,0.46790933297590065,50.82861450919333,0.49647219777107243,0.4022259145975113,0.5543438971042634,0.4339011937379837,742.3513793945312,314.9892067909241,793.1465911865234,313.1467866897583,677.4683380126953,314.7153854370117,624.5685958862305,312.4190282821655,478,0.5578716993331909,0.5316752791404724,1,-0.5291900038719177,0.47062970762007517,0.712180257325436,0.48460180545393805,0.292644540091131,-0.025826854271932417,0.4479162965509757,52.94956065289863,0.24897775053977966,0.5,3.610227584838867,0.016461674124002457,-35.24795150756836,2.2036325931549072
0.9989343881607056,-0.0008491097250953317,0.04614674672484398,9.737248910823837e-05,0.99986732006073,0.016289878636598587,-0.046154461801052094,-0.016268042847514153,0.9988018274307251,1.0,0.18416999280452728,0.1527678519487381,0.5487865209579468,0.523794412612915,0.05462667718529701,0.08433786034584045,0.07654952257871628,0.04177255928516388,0.011615480296313763,0.007662114221602678,0.28526270389556885,0.17363949120044708,1,0.09348386018267535,1,0.47488353343441053,0.293464246248936,-0.02644869344602801,0.4586255608316004,51.48506759892196,0.4955897480249405,0.40270829796791074,0.5546420365571976,0.43410993218421934,742.8935241699219,315.34375190734863,794.3535614013672,313.73852491378784,677.6568603515625,314.7709608078003,624.373664855957,312.4066686630249,478,0.5590522885322571,0.5314016342163086,1,-0.9331257939338684,0.4660879127298841,0.6905219831340147,0.4838631570530907,0.29099907819389226,-0.026674289049899807,0.44607367631412015,53.33562411442683,0.005584983620792627,0.5,3.596832275390625,-0.015997925773262978,-35.14421844482422,2.645395517349243
0.9991351366043091,-0.003228620858862996,0.041454337537288666,0.0018204357475042343,0.9994214177131653,0.033962398767471313,-0.041540008038282394,-0.0338575653731823,0.9985629916191101,1.0000003576278687,0.1894020289182663,0.13377395272254944,0.5421233177185059,0.5333418250083923,0.05120588839054108,0.08479893952608109,0.07859151065349579,0.04378444701433182,0.010068743489682674,0.00816652737557888,0.23221218585968018,0.17737846076488495,1,0.093804005385662,1,0.4717268478061058,0.3021023951224735,-0.027754763582963783,0.4569737532410191,51.37704097317507,0.49544841349124913,0.4049775719642639,0.5547489553689957,0.43458367586135865,743.1116485595703,315.93231439590454,794.4703674316406,314.5603322982788,677.6769256591797,314.9089765548706,624.439582824707,312.5533103942871,478,0.5593005418777466,0.5296061038970947,1,-1.9419432878494263,0.4660879127298841,0.6767739190251048,0.48160227893303237,0.29677108828413623,-0.028955704617867603,0.43896618971985923,53.289434555471445,0.10439345240592957,0.5,3.6608633995056152,-0.0798899233341217,-35.36585235595703,2.380751848220825
0.999255359172821,0.003562214085832238,0.038420114666223526,-0.004996284376829863,0.9992918372154236,0.037294600158929825,-0.03826005384325981,-0.037458714097738266,0.9985654950141907,1.0000004768371582,0.16956143081188202,0.11978248506784439,0.5318964719772339,0.5141713619232178,0.06442324072122574,0.07035555690526962,0.05956614390015602,0.05872868373990059,0.010857554152607918,0.008906465955078602,0.25651276111602783,0.18732811510562897,1,0.09364393035973109,1,0.4813816262859696,0.304274375309082,-0.023199054405667056,0.4675912595976787,51.75376191361746,0.49563669562339785,0.40425962805747984,0.5541634500026703,0.43535817265510557,742.5720977783203,317.10280895233154,794.2807769775391,314.94309425354004,677.6234436035156,315.37763357162476,623.98193359375,312.17992544174194,478,0.5585267543792725,0.5310985445976257,1,-2.1483020782470703,0.4692989013798811,0.6891290417535291,0.47414927986463185,0.2949472190427364,-0.02665957596752668,0.4449006053246417,53.73673728018084,-0.2864769399166107,0.5,3.646196126937866,-0.12791015207767487,-35.38246536254883,2.1926746368408203
0.999263346195221,0.0006862282170914114,0.03837067261338234,-0.002192642306908965,0.99922776222229,0.0392310731112957,-0.03831412270665169,-0.039286330342292786,0.9984931945800781,1.0000001192092896,0.18100352585315704,0.12849225103855133,0.5378962755203247,0.5170249342918396,0.061472028493881226,0.07555960863828659,0.06407869607210159,0.05263366550207138,0.010456281714141369,0.008545844815671444,0.23485378921031952,0.17631544172763824,1,0.09353553052624068,1,0.4821392297498148,0.3059448243000167,-0.02551250133181191,0.46187321294397615,51.34704651827005,0.4955053091049194,0.4054795056581497,0.5541568160057068,0.435393288731575,742.7314758300781,316.9878816604614,794.0408325195312,315.0208783149719,677.6188659667969,315.3824830055237,623.9683151245117,313.00817012786865,478,0.5586515069007874,0.5299137830734253,1,-2.2531752586364746,0.4692989013798811,0.6254784317315984,0.4753744287877315,0.29762320629104133,-0.03162410682914677,0.4421628884025207,53.70306292409241,-0.1257215440273285,0.5,3.6364376544952393,-0.13374163210391998,-35.32010269165039,2.195774793624878
0.9988851547241211,-0.0007618485251441598,0.04720164090394974,0.00019836165301967412,0.9999287724494934,0.011941423639655113,-0.04720735177397728,-0.011918747797608376,0.9988139867782593,0.9999997615814209,0.2037292867898941,0.12087340652942657,0.5379558205604553,0.5262982845306396,0.06579356640577316,0.06833530962467194,0.05859997868537903,0.06151460111141205,0.010622710920870304,0.008702008053660393,0.2424554079771042,0.1662556678056717,1,0.09382695793715233,1,0.4780485220501894,0.3005829905185869,-0.021298812366123226,0.45750653556038773,51.17418259477749,0.49525505900382993,0.4039879500865936,0.5541429579257965,0.43539119362831114,742.7402496337891,316.4235019683838,793.8973999023438,315.10329723358154,678.1452941894531,315.2426218986511,623.9581298828125,312.92789697647095,478,0.5588878989219666,0.5314032435417175,1,-0.683672308921814,0.477259376214559,0.6430361931442282,0.46708798721726175,0.29622332021422815,-0.029021307428932396,0.44360845544906724,54.23658107927437,0.01137796975672245,0.5,3.6045148372650146,-0.04150556027889252,-35.255672454833984,2.705787420272827
0.9989257454872131,-0.0010150485904887319,0.04632854089140892,0.00025100691709667444,0.9998639225959778,0.016494663432240486,-0.04633897915482521,-0.016465315595269203,0.9987901449203491,1.0,0.2902125418186188,0.2661016285419464,0.687809944152832,0.6829575300216675,0.06854172050952911,0.07000645995140076,0.057359643280506134,0.06166227534413338,0.005632649641484022,0.0037687693256884813,0.25936880707740784,0.2268085926771164,1,0.09348703198410711,1,0.4862871643954753,0.25686364292904507,-0.0005367605998814486,0.48010106773080824,50.48656758438338,0.4952628165483475,0.40811840295791624,0.5541935712099075,0.43959484100341795,743.3290100097656,317.7595853805542,793.8127136230469,317.2218346595764,677.6796722412109,316.60587072372437,624.0031051635742,315.1638078689575,478,0.5589307546615601,0.5314764380455017,1,-0.9444501996040344,0.4783158680346771,0.6595737725942831,0.477041150430678,0.2314824025656588,-0.001663216067312771,0.4633474509515951,53.69593465640135,0.014397102408111095,0.5,3.636817693710327,-0.10038404166698456,-35.420188903808594,2.6559789180755615
0.9990792274475098,-0.003733614459633827,0.04274177923798561,0.0030868470203131437,0.9998798966407776,0.015187649056315422,-0.04279334470629692,-0.015041695907711983,0.9989706873893738,1.0,0.3413015305995941,0.3624821603298187,0.7618443369865417,0.7462619543075562,0.07013145089149475,0.07182267308235168,0.060310546308755875,0.06419084221124649,0.004348292481154203,0.002395875984802842,0.2817598581314087,0.215816468000412,1,0.09306820259393375,1,0.4870056217182579,0.22389881740860546,0.007718794628459726,0.46211308936632345,50.05199469083088,0.49533495903015134,0.4113751739263535,0.5543575048446655,0.443003186583519,743.5289764404297,319.2213463783264,793.5767364501953,318.57027769088745,678.0035400390625,318.51330757141113,624.4107818603516,317.84056663513184,478,0.5590225458145142,0.5316280126571655,1,-0.8626484870910645,0.4783158680346771,0.6464500922601384,0.47916220171795665,0.19557931539907622,0.013038220808714151,0.4334043727531336,53.59698041565707,0.17702573537826538,0.5,3.678356409072876,-0.1571669578552246,-35.58528518676758,2.452626943588257
0.9992261528968811,0.004883360583335161,0.039028383791446686,-0.005899069365113974,0.9996458292007446,0.025952409952878952,-0.03888782113790512,-0.02616254985332489,0.9989010691642761,0.9999998211860657,0.2935415208339691,0.2918108105659485,0.7485457062721252,0.7223832607269287,0.09507599472999573,0.05143819749355316,0.044316332787275314,0.09122926741838455,0.00494187418371439,0.0025539000052958727,0.28640973567962646,0.19801215827465057,1,0.09370597865890984,1,0.49249429253417415,0.2384379138006795,0.001047005190268652,0.46233481522001085,50.268360690494276,0.4951473861932755,0.41027853190898894,0.5540501266717911,0.4422811597585678,743.7218475341797,319.1741609573364,793.9863586425781,318.5520601272583,677.8847503662109,318.3248019218445,624.17724609375,316.6117286682129,478,0.5589027404785156,0.5320026278495789,1,-1.500309705734253,0.4806139680086796,0.6405850490093715,0.4680486349423381,0.22675435472334385,0.01421495492609483,0.46940482707372794,53.734817718646696,-0.3382495939731598,0.5,3.665537118911743,-0.17219728231430054,-35.489803314208984,2.2286698818206787
0.999279797077179,-0.0023390818387269974,0.03787330910563469,0.001438491977751255,0.9997159838676453,0.023788828402757645,-0.037918198853731155,-0.023717215284705162,0.9989993572235107,1.0000001192092896,0.3002324104309082,0.2717374563217163,0.6232251524925232,0.6014572381973267,0.08465153723955154,0.05418042466044426,0.04503673315048218,0.08315948396921158,0.00899741891771555,0.005528011824935675,0.3225654363632202,0.18274274468421936,1,0.09358701961876954,1,0.4907888953207964,0.23519198125690302,-0.020805442974192817,0.40688039148782756,50.129725762600785,0.49483247101306915,0.4071661978960037,0.5543306618928909,0.43797583878040314,744.0143585205078,317.2473478317261,794.1368103027344,316.39339685440063,677.8882598876953,317.35107421875,624.5542526245117,315.0690507888794,478,0.5594981908798218,0.5308096408843994,1,-1.3600019216537476,0.477259376214559,0.6501193549818594,0.4711908528313365,0.2455914511204501,-0.019860895459710745,0.3980508674434624,53.38280586284842,0.08247885853052139,0.5,3.701066493988037,-0.1001460924744606,-35.459999084472656,2.1730737686157227
0.9991536736488342,-0.0002560469729360193,0.04113228991627693,-0.0015170888509601355,0.9990708827972412,0.04307093843817711,-0.04110510274767876,-0.04309689253568649,0.9982249140739441,1.0000001192092896,0.2705596387386322,0.17470166087150574,0.5701766014099121,0.5633202791213989,0.0689801424741745,0.06313586980104446,0.05277666449546814,0.0677303895354271,0.009956559166312218,0.007256237789988518,0.28644222021102905,0.17731206119060516,1,0.09331903908677916,1,0.48232412091955457,0.2578474894772857,-0.01910480113105161,0.4236523730149315,51.841359059374376,0.49580159187316897,0.4061982870101929,0.5545795202255249,0.437409782409668,742.8184509277344,317.3111844062805,794.652099609375,316.4171075820923,679.1557312011719,317.06961393356323,624.3698883056641,314.14684295654297,478,0.558777928352356,0.5312114953994751,1,-2.47212553024292,0.4806139680086796,0.6937734284710878,0.47014756620727066,0.27505758175672906,-0.023994259036259694,0.4215063598662557,54.863750984280166,-0.08699633926153183,0.5,3.6749820709228516,-0.18516239523887634,-35.39970397949219,2.3558125495910645
0.9989315867424011,-0.0031523702200502157,0.04610560089349747,0.0008936087833717465,0.9988018274307251,0.04892986640334129,-0.04620460048317909,-0.048836369067430496,0.9977375268936157,0.9999999403953552,0.24240055680274963,0.2006789743900299,0.5068427324295044,0.4874165654182434,0.06287180632352829,0.07021831721067429,0.06099250540137291,0.05604639649391174,0.013911807909607887,0.009426390752196312,0.30142244696617126,0.1803129017353058,1,0.09330246189808096,1,0.47414065222295426,0.27140245958231785,-0.03789180257088415,0.41397141294521156,51.192697366081966,0.49550648331642155,0.40421804785728455,0.5546782791614533,0.43478867411613464,742.8726196289062,316.08972787857056,794.0544128417969,315.0331735610962,678.5430145263672,316.0636568069458,624.462890625,313.5383892059326,478,0.5591717958450317,0.5305706262588501,1,-2.8022263050079346,0.47161856978715916,0.6285048875027962,0.4763826501346745,0.2758388445015518,-0.0387743248581436,0.4020732588185015,54.13905039573774,0.0512547567486763,0.5,3.6441988945007324,-0.17734958231449127,-35.27044677734375,2.648271322250366
0.9992465972900391,-0.0002930228947661817,0.038807570934295654,-0.0007412217673845589,0.9996449947357178,0.026633460074663162,-0.03880159556865692,-0.02664218842983246,0.9988917112350464,1.0000003576278687,0.23807314038276672,0.18866784870624542,0.5059677362442017,0.4642029106616974,0.059272103011608124,0.07594984769821167,0.06492476910352707,0.04939746856689453,0.014789513312280178,0.010236045345664024,0.31324827671051025,0.19809365272521973,1,0.09263030650576391,1,0.4766405054126199,0.27390830473724076,-0.03333813721393033,0.4210000247349469,50.96703401319924,0.49561893641948696,0.4023177683353424,0.5544101566076278,0.43499249815940855,742.3638153076172,316.12200021743774,793.3174133300781,314.9517846107483,678.6140441894531,316.0544729232788,624.4675827026367,313.32589387893677,478,0.5587912201881409,0.5326747298240662,1,-1.5278162956237793,0.480006333432024,0.646604389010572,0.47771652166234857,0.27869931174111917,-0.035091792769968315,0.4126153591923313,54.21516794452402,-0.04250089079141617,0.5,3.6276371479034424,-0.1044146791100502,-35.2050666809082,2.2237257957458496
0.9991167187690735,0.004018798004835844,0.041828904300928116,-0.004628962837159634,0.9998841285705566,0.014500551857054234,-0.04176578298211098,-0.014681396074593067,0.9990195631980896,1.0000001192092896,0.22075004875659943,0.17523205280303955,0.5302916765213013,0.4775576889514923,0.06379253417253494,0.06788681447505951,0.05745885893702507,0.05993683263659477,0.01481408067047596,0.0093330517411232,0.31860244274139404,0.16580525040626526,1,0.0929129646334245,1,0.4741907897270596,0.2786774182667247,-0.030518344718838315,0.4210477448377955,50.924934811712454,0.4951409220695495,0.40212217569351194,0.5545430302619934,0.4351306319236755,742.6112365722656,316.15427255630493,793.5227203369141,314.9838852882385,679.1555786132812,315.9244394302368,624.6613693237305,313.06400299072266,478,0.5594021081924438,0.5330084562301636,1,-0.8419468998908997,0.4700010980248076,0.6054886906887331,0.4711480850293633,0.2813620999973317,-0.030331719655829915,0.42315025703006576,54.56923073332628,-0.2654525935649872,0.5,3.6301865577697754,-0.045122191309928894,-35.19157409667969,2.3936991691589355
0.999164879322052,0.003886099671944976,0.04067543148994446,-0.004110710229724646,0.9999766945838928,0.005439676344394684,-0.04065334051847458,-0.00560234347358346,0.9991576075553894,0.9999999403953552,0.2058057188987732,0.15312065184116364,0.5084115266799927,0.4563172459602356,0.06347103416919708,0.06538952887058258,0.05625154450535774,0.061695829033851624,0.014919890090823174,0.010662965476512909,0.31362614035606384,0.19161441922187805,1,0.09312308395521654,1,0.4751936532842458,0.2854108852927289,-0.029455896095398306,0.4300141786287135,51.004123615282744,0.49531176984310155,0.4009156674146652,0.5544307559728623,0.4343118518590927,742.6289367675781,315.97885608673096,793.6100769042969,314.4478511810303,679.1468811035156,315.4268789291382,624.567756652832,311.9199872016907,478,0.5591189861297607,0.5333961844444275,1,-0.32125788927078247,0.4794708468113206,0.6616346589569495,0.4668396064604421,0.28516292304140967,-0.030653746395413833,0.42364440464468933,54.691673182493055,-0.23572184145450592,0.5,3.618281602859497,-0.005249960348010063,-35.096439361572266,2.329906702041626
0.9992067217826843,-0.002932501258328557,0.03971653804183006,0.002360490383580327,0.9998929500579834,0.014441628940403461,-0.039754632860422134,-0.014336413703858852,0.9991065859794617,0.9999998211860657,0.17952927947044373,0.10380212217569351,0.5631814002990723,0.5465675592422485,0.030691182240843773,0.18140120804309845,0.18942415714263916,0.010811413638293743,0.009658081457018852,0.006863865070044994,0.26210835576057434,0.15867237746715546,1,0.09205786334777345,1,0.45904343385800817,0.3045334976757032,-0.017374637694456702,0.49564021519346874,50.93859477066966,0.4975305080413819,0.40385101437568666,0.5570109367370606,0.4345933020114899,744.5201110839844,315.7225012779236,795.4255676269531,313.88540267944336,679.2008972167969,314.8580574989319,625.6550216674805,311.7850613594055,478,0.5594804286956787,0.5307422876358032,1,-0.8220940828323364,0.4247973422075615,0.6569484121803045,0.5317820144000779,0.3091290221356513,-0.024292743601144553,0.460069765383876,53.63398263902926,0.13535325229167938,0.3,3.688251256942749,-0.012796363793313503,-35.169960021972656,2.2783730030059814
0.9990580081939697,0.002182837575674057,0.04333830997347832,-0.002860388020053506,0.9998745322227478,0.015578249469399452,-0.0432988665997982,-0.01568753644824028,0.9989389777183533,1.0000003576278687,0.16250164806842804,0.08721835166215897,0.5549333691596985,0.5284754633903503,0.03975076973438263,0.14497709274291992,0.13990099728107452,0.015842974185943604,0.010250353254377842,0.007218025624752045,0.2576102614402771,0.13822580873966217,1,0.09172401635357655,1,0.4637098845479227,0.314687113692326,-0.018470981695563934,0.4839466096410393,50.96408531770273,0.4971890389919281,0.40352177023887636,0.5570272147655487,0.43424206376075747,744.5356750488281,315.72438955307007,795.4702758789062,313.991060256958,680.0247192382812,314.5583152770996,626.3199615478516,311.140558719635,478,0.5598381757736206,0.5307202935218811,1,-0.8997103571891785,0.4247973422075615,0.6835601658190039,0.5219250144582298,0.31762806660589965,-0.02473514572557934,0.46119691556134584,53.8134003625629,-0.16404223442077637,0.3,3.698861598968506,-0.013198284432291985,-35.2292594909668,2.4816179275512695
0.9988647103309631,0.0039184801280498505,0.04747684299945831,-0.005167562048882246,0.9996429681777954,0.02621520683169365,-0.04735717177391052,-0.02643073908984661,0.998528242111206,1.000000238418579,0.19269530475139618,0.09746043384075165,0.549294114112854,0.5326493978500366,0.0331650972366333,0.16040219366550446,0.1643403321504593,0.014483120292425156,0.010452368296682835,0.00770923076197505,0.25011077523231506,0.14416149258613586,1,0.0924561440297336,1,0.4547571322608486,0.3035172849681378,-0.0209127391897286,0.4700585560749662,50.90738675333106,0.49740635156631474,0.4035192161798477,0.5573028206825257,0.4344269663095474,744.9186706542969,315.8691644668579,795.8097839355469,314.5820689201355,680.1220703125,314.54029083251953,626.2758636474609,311.1738181114197,478,0.5598964691162109,0.5309077501296997,1,-1.5162477493286133,0.4133580369962745,0.7120949442512771,0.5193291448101348,0.31052453879659764,-0.024532820388411848,0.45256627416725986,53.951340214158805,-0.2964133620262146,0.3,3.691908597946167,-0.04779317229986191,-35.236351013183594,2.714380979537964
0.9987355470657349,0.0033395146019756794,0.05016184225678444,-0.00535563426092267,0.9991808533668518,0.04011187329888344,-0.049986809492111206,-0.04032982140779495,0.9979352951049805,1.0000001192092896,0.19571281969547272,0.10456852614879608,0.5587613582611084,0.5423402786254883,0.03217116743326187,0.16024857759475708,0.1607970893383026,0.01484596636146307,0.009619491174817085,0.007536566350609064,0.24007971584796906,0.16243448853492737,1,0.09225388494129125,1,0.4554694475354021,0.3023075495137806,-0.016972221888478262,0.4711359242135898,50.791615079112574,0.4972705721855164,0.4049560368061066,0.5571911215782166,0.4354106724262238,744.7279357910156,316.39193773269653,795.5068969726562,315.25824308395386,680.1365661621094,314.95386600494385,626.2882614135742,311.7993092536926,478,0.5599205493927002,0.5304546356201172,1,-2.3142497539520264,0.4058162865957327,0.7004516441463197,0.5189670751641752,0.3048673570323813,-0.022644197953090795,0.4475695807316794,53.94062618004966,-0.3072407841682434,0.3,3.6979668140411377,-0.11402318626642227,-35.3587760925293,2.865226984024048
0.9993093013763428,0.0013661428820341825,0.037135686725378036,-0.0024406621232628822,0.999579131603241,0.028904998674988747,-0.03708057105541229,-0.028975682333111763,0.9988921880722046,0.9999998211860657,0.19682635366916656,0.13664741814136505,0.5537256002426147,0.5176476240158081,0.02897607535123825,0.16721341013908386,0.17038807272911072,0.013625788502395153,0.011241497471928596,0.007289453875273466,0.2807466387748718,0.15559643507003784,1,0.0920373851527668,1,0.45802184887363584,0.2984812985759208,-0.021457217903600483,0.4597268303036402,50.478931324196914,0.4969800531864166,0.40421501398086546,0.5568011820316314,0.4345479369163513,744.4337463378906,315.70823192596436,794.8799896240234,313.89190435409546,679.2665863037109,315.06430864334106,626.005744934082,311.9179701805115,478,0.5598211288452148,0.5303329229354858,1,-1.6615595817565918,0.40132486830127656,0.6732036174389756,0.5229614955730459,0.3005048318953659,-0.024341077899437857,0.4361287901535775,53.353694054209235,-0.13993600010871887,0.3,3.6982581615448,-0.06494409590959549,-35.23844909667969,2.125047206878662
0.9984322786331177,-0.00020251092792022973,0.055972252041101456,-0.00016713191871531308,0.999978244304657,0.006599283777177334,-0.05597240850329399,-0.006598321255296469,0.9984105229377747,1.0000004768371582,0.19906896352767944,0.13585445284843445,0.5468822717666626,0.519121527671814,0.04486249387264252,0.11480718106031418,0.10796742141246796,0.024335647001862526,0.011237633414566517,0.00789597723633051,0.26598232984542847,0.1583285629749298,1,0.09273486280959235,1,0.4704573690409162,0.3008041826209054,-0.020780771699475713,0.4582107833473648,50.259204325450526,0.4950953900814057,0.40396188497543334,0.5567373812198639,0.4344432234764099,745.5286407470703,315.7136821746826,795.7511901855469,313.7945294380188,679.6741485595703,315.02047061920166,625.9390258789062,311.8016052246094,478,0.5616419911384583,0.5304813385009766,1,-0.37865230441093445,0.4058162865957327,0.7089030599659503,0.5094510472363004,0.29516526481255706,-0.024364994933407498,0.4347377880326994,53.831445308872986,-0.009590988978743553,0.3,3.6682140827178955,0.03626052290201187,-35.17238998413086,3.2086594104766846
0.9987764358520508,0.0004309224314056337,0.04945146292448044,-0.0010904764058068395,0.9999107718467712,0.013311179354786873,-0.04944131523370743,-0.01334884762763977,0.9986878633499146,0.9999999403953552,0.2004096359014511,0.12531311810016632,0.5373788475990295,0.5249300003051758,0.03729601576924324,0.13427948951721191,0.13258440792560577,0.01973653770983219,0.011499918065965176,0.008037094958126545,0.27835413813591003,0.16144239902496338,1,0.09240633898622466,1,0.4654586984454157,0.3003563307343326,-0.01971215885929176,0.461898523460298,50.53178259746868,0.4966468274593353,0.40381414294242857,0.5566058814525604,0.4345217406749725,744.74853515625,315.6944990158081,795.2449035644531,313.80298376083374,679.6788787841797,315.0005578994751,625.9616088867188,311.8019700050354,478,0.5599590539932251,0.530707597732544,1,-0.7657918334007263,0.4058162865957327,0.6965980414796759,0.5100462132684591,0.30149374896419195,-0.022782175052254137,0.4448298627999311,53.81241538774062,-0.06255621463060379,0.3,3.664210081100464,-0.007606085389852524,-35.25944900512695,2.8339338302612305
0.9988631010055542,0.0027877583634108305,0.04758873209357262,-0.0034058084711432457,0.9999108910560608,0.012911182828247547,-0.04754849523305893,-0.013058574870228767,0.9987835884094238,1.0000003576278687,0.17934119701385498,0.11191681027412415,0.5442260503768921,0.5438233613967896,0.03844524174928665,0.1385822296142578,0.13430020213127136,0.019061708822846413,0.009643898345530033,0.00807900819927454,0.24511028826236725,0.18532519042491913,1,0.09312211954884811,1,0.4654073251833473,0.310717898349838,-0.014569176435961253,0.4921186253587892,50.23883376239729,0.4970961570739746,0.4050010949373245,0.5568536877632141,0.43571739494800565,745.6831359863281,317.18273878097534,795.8567047119141,314.6227741241455,679.1525268554688,315.8310556411743,625.840950012207,311.82767629623413,478,0.5597575306892395,0.5307163000106812,1,-0.7490697503089905,0.40909610839924115,0.7092642789131856,0.5131303537690934,0.30078706858282267,-0.025721978130905425,0.45076708850912656,53.46168040570195,-0.19535979628562927,0.3,3.6695175170898438,-0.02773091569542885,-35.2047119140625,2.725355386734009
0.9988709092140198,0.0034587776754051447,0.04738058149814606,-0.004171138163655996,0.9998795986175537,0.014944246970117092,-0.047323208302259445,-0.015124993398785591,0.9987650513648987,0.9999997019767761,0.17466604709625244,0.11367443948984146,0.5400214791297913,0.5310616493225098,0.02792261354625225,0.16104620695114136,0.16727744042873383,0.016473861411213875,0.009770327247679234,0.008358844555914402,0.24758118391036987,0.168157696723938,1,0.09389917806246428,1,0.4565385978137201,0.31094556604267926,-0.015349772903679502,0.49178966046955763,50.28110695971654,0.4974404513835907,0.4045246452093124,0.5568203270435333,0.43575741946697233,745.6688690185547,317.13443756103516,795.8925628662109,314.7322940826416,678.9231872558594,315.90463399887085,625.4971313476562,312.1419882774353,478,0.5593798756599426,0.5312327742576599,1,-0.8676034808158875,0.44091086517605804,0.731627444574899,0.5083777752925395,0.30364923271342237,-0.027461285108304263,0.4449106941965467,53.55838825841009,-0.239257350564003,0.3,3.643787145614624,-0.04915044084191322,-35.12550354003906,2.712432861328125
0.9991256594657898,-0.0022456638980656862,0.041747964918613434,0.0016518636839464307,0.9998970627784729,0.01425252202898264,-0.04177567735314369,-0.014171097427606583,0.9990265369415283,0.9999998211860657,0.1800663322210312,0.11548258364200592,0.5587109923362732,0.5499760508537292,0.02303631603717804,0.19920876622200012,0.216216042637825,0.011302171275019646,0.009502466768026352,0.007812002673745155,0.2198197841644287,0.17501506209373474,1,0.09351492849472742,1,0.44010638918591505,0.30449520836054605,-0.0146547350248825,0.4791698918115244,51.66401785631396,0.4973453640937805,0.4056117296218872,0.5566828608512878,0.43551007509231565,743.6378479003906,316.56357765197754,795.26611328125,314.64187145233154,678.7269592285156,315.38806200027466,625.2864837646484,312.25112199783325,478,0.5593374967575073,0.5298983454704285,1,-0.8126806616783142,0.44091086517605804,0.6933441995859742,0.514103104947776,0.3029994715674356,-0.024245974494779055,0.44399751154135836,53.53246501414046,0.0947275459766388,0.3,3.661046028137207,-0.0204754788428545,-35.186824798583984,2.3942666053771973
0.9988025426864624,0.0003795147640630603,0.04892074689269066,-0.0016604489646852016,0.9996568560600281,0.02614588290452957,-0.04889403656125069,-0.026195809245109558,0.9984604120254517,1.0000003576278687,0.18499913811683655,0.11129849404096603,0.542471706867218,0.5294672250747681,0.025617852807044983,0.16975104808807373,0.1816408783197403,0.015506850555539131,0.010705922730267048,0.008493494242429733,0.23488201200962067,0.176946222782135,1,0.09343245953939633,1,0.44036053913792556,0.30391680975407,-0.018796345549129526,0.47881086933148626,51.60066758456005,0.4969550192356109,0.4045310109853745,0.556721431016922,0.4356961935758591,743.6712646484375,316.7146611213684,795.2516174316406,315.26686906814575,679.7006225585938,315.55598974227905,625.7585525512695,312.3069763183594,478,0.559766411781311,0.5311651825904846,1,-1.5028787851333618,0.42906592503503616,0.7318026765015806,0.5024181206091676,0.30102589017683457,-0.024376093818984125,0.4482776392023426,54.03982795135414,-0.0952506810426712,0.3,3.6568315029144287,-0.08508865535259247,-35.237091064453125,2.802539110183716
0.9989488124847412,-0.00010395405843155459,0.04583962261676788,-0.0012327443109825253,0.9995747804641724,0.029131410643458366,-0.04582315310835838,-0.02915729209780693,0.9985239505767822,0.9999998211860657,0.1293286681175232,0.1071472316980362,0.5237758159637451,0.48605549335479736,0.030000407248735428,0.17137576639652252,0.17568998038768768,0.012511254288256168,0.013225054368376732,0.008125653490424156,0.27975887060165405,0.15158119797706604,1,0.09212320181993158,1,0.45555508032992315,0.32018061665718756,-0.021363630184326122,0.48718998674051084,51.5606559428993,0.49722095727920534,0.4039625346660614,0.556704068183899,0.43459461331367494,743.6746978759766,315.98883390426636,795.1663208007812,313.32162380218506,679.5867156982422,315.5313992500305,625.8470916748047,312.2439980506897,478,0.5594831109046936,0.5306320786476135,1,-1.6725839376449585,0.42872787966341647,0.7047943605841664,0.5173957792346096,0.3106115780973734,-0.02617467120993071,0.45790475998637586,53.8400798377336,-0.07070533186197281,0.3,3.6651034355163574,-0.07256565243005753,-35.2730598449707,2.6263928413391113
0.9988673329353333,-0.0004066085966769606,0.04758172109723091,-0.0009619289776310325,0.9995865821838379,0.028735460713505745,-0.047573741525411606,-0.02874869294464588,0.9984539747238159,0.9999999403953552,0.15762944519519806,0.11317906528711319,0.5238742828369141,0.49173131585121155,0.03394729644060135,0.16271145641803741,0.16061672568321228,0.01356816478073597,0.013157217763364315,0.007992863655090332,0.28070393204689026,0.15252280235290527,1,0.09193621518248504,1,0.45992347522501564,0.30919011873745594,-0.02392998854640319,0.46828656434147137,51.493867591413334,0.497128301858902,0.404052671790123,0.5566283404827118,0.4345993369817734,743.7046813964844,315.92581272125244,795.147705078125,313.63808155059814,679.586181640625,315.31429052352905,625.8481597900391,312.2994017601013,478,0.5595000386238098,0.5305466651916504,1,-1.6492735147476196,0.42906592503503616,0.6591370320965364,0.5179810989763004,0.30880688159902664,-0.024886232216823866,0.45545428411545813,53.82252824587061,-0.05517694726586342,0.3,3.6639130115509033,-0.07327798753976822,-35.26091766357422,2.726803779602051
0.9988558292388916,-0.00040419428842142224,0.04782148078083992,-0.0014877411304041743,0.999217689037323,0.03952012583613396,-0.04780004173517227,-0.03954605385661125,0.9980737566947937,1.000000238418579,0.1524045169353485,0.11115799844264984,0.5468742251396179,0.5137104988098145,0.02234865352511406,0.1955157220363617,0.2079707533121109,0.011966640129685402,0.011629918590188026,0.00816302839666605,0.2773551940917969,0.17139846086502075,1,0.09305356642118144,1,0.4397980631093267,0.30577994940010933,-0.0163260360608003,0.4857798287192873,51.77096005698859,0.4969099938869477,0.40434725284576417,0.5570830881595612,0.43525214195251466,743.7889099121094,316.15362882614136,795.521240234375,314.154052734375,679.8467254638672,315.34546852111816,625.7515716552734,312.4155306816101,478,0.5601730942726135,0.5309048891067505,1,-2.269007921218872,0.42872787966341647,0.7058860663286438,0.5142996051311515,0.3031521116300903,-0.022005024967376417,0.4610641568562998,54.174442326867975,-0.08533886075019836,0.3,3.68778657913208,-0.10685639083385468,-35.27985382080078,2.7397844791412354
0.9994379281997681,0.0018729205476120114,0.03347192704677582,-0.0030147312209010124,0.9994140863418579,0.03409445285797119,-0.03338845446705818,-0.03417623043060303,0.9988579750061035,1.0000001192092896,0.15289613604545593,0.11515051126480103,0.5392010807991028,0.5040057897567749,0.02807527408003807,0.18022993206977844,0.18183943629264832,0.012306272983551025,0.012918738648295403,0.008144475519657135,0.30623945593833923,0.16797564923763275,1,0.09206976291362567,1,0.4494908708235796,0.29988389612405514,-0.014928114242531555,0.4795473444937429,52.34110108763128,0.4972768068313599,0.40370291471481323,0.556590223312378,0.43511301279067993,742.7032470703125,315.65789222717285,795.0169372558594,313.9641737937927,679.8744201660156,315.3128743171692,625.66162109375,312.42083072662354,478,0.5593134164810181,0.5314100980758667,1,-1.9596278667449951,0.42872787966341647,0.707282623458684,0.514855020576756,0.2999616139678577,-0.020823532188338014,0.45888252138630226,54.28988395169067,-0.17282798886299133,0.3,3.7298271656036377,-0.07027719914913177,-35.431156158447266,1.9133729934692383
0.9993119239807129,-0.0008895208011381328,0.037080295383930206,-0.0001549945882288739,0.9996035099029541,0.028156625106930733,-0.037090644240379333,-0.02814299613237381,0.9989154934883118,0.9999999403953552,0.15175484120845795,0.09028614312410355,0.5223531126976013,0.514024019241333,0.026980914175510406,0.17498861253261566,0.18436969816684723,0.01332905888557434,0.011746300384402275,0.009041170589625835,0.26910400390625,0.16460436582565308,1,0.09238932417875392,1,0.4449470458993055,0.311796168088672,-0.015231253851550953,0.4844666388293697,52.069839323155456,0.49733829498291016,0.40351524353027346,0.5567518472671509,0.43528505563735964,743.0342102050781,316.1669111251831,795.0696563720703,314.2746877670288,679.8752593994141,315.3393316268921,625.926628112793,312.0693325996399,478,0.5594135522842407,0.5317698121070862,1,-1.6137986183166504,0.37921796032295724,0.7221009379074136,0.5124873229200853,0.310067788610134,-0.020433027093202324,0.46520252270948637,54.047642977711035,-0.008886650204658508,0.3,3.7324841022491455,-0.06591083109378815,-35.44499588012695,2.125624656677246
0.9986943006515503,-0.011797405779361725,0.04970528557896614,0.011146235279738903,0.9998486042022705,0.013357359915971756,-0.049855347722768784,-0.01278591062873602,0.9986745715141296,0.9999999403953552,0.1422753781080246,0.11185748875141144,0.5292415618896484,0.5003591179847717,0.022450095042586327,0.28923436999320984,0.29239729046821594,0.004151838831603527,0.014002243988215923,0.006397010292857885,0.3248000741004944,0.14389584958553314,1,0.09080737361187463,1,0.4499256171773509,0.310094818189105,-0.02139310416722709,0.4729718708556581,50.64182706946556,0.49689097404479976,0.4036295235157013,0.5600249886512756,0.43343780636787416,747.3418426513672,314.04288053512573,797.9067230224609,311.25226736068726,681.7955017089844,315.2189326286316,628.4076690673828,312.4609136581421,478,0.5631340146064758,0.5298082828521729,1,-0.7335109114646912,0.24085212171181433,0.7336195909521964,0.5695331766027182,0.3114723287822199,-0.02126192677637005,0.4707438434816588,53.459024896795064,0.6394405961036682,0.08,3.795168399810791,0.00432873610407114,-35.05875778198242,2.8576855659484863
0.9985536336898804,-0.007013918831944466,0.053303737193346024,0.005956272594630718,0.9997827410697937,0.01997489295899868,-0.05343225598335266,-0.019628524780273438,0.9983786344528198,1.0,0.1346387416124344,0.1018424853682518,0.5684964656829834,0.5348430871963501,0.026971299201250076,0.237778440117836,0.24360182881355286,0.006083346903324127,0.011336012743413448,0.005735658574849367,0.2801903486251831,0.12052115797996521,1,0.09073112461190082,1,0.4548940397810977,0.3259532293473822,-0.014384561902763342,0.49305574829892845,50.501335475324545,0.4967611491680145,0.40569897592067716,0.5598520696163177,0.43443497121334074,747.3518371582031,314.71654415130615,797.8074645996094,312.56839513778687,682.0448303222656,315.258092880249,628.9915084838867,312.57172107696533,478,0.5630909204483032,0.5287359952926636,1,-1.1263128519058228,0.24085212171181433,0.7497933258810126,0.5586721163668673,0.3178942853162157,-0.021550322648605128,0.46941235495941225,53.121290944952875,0.34175950288772583,0.08,3.8014612197875977,-0.014050017111003399,-35.1656494140625,3.062901258468628
0.9985063672065735,-0.0024210652336478233,0.054582107812166214,0.0012277716305106878,0.9997597336769104,0.021885234862565994,-0.05462197586894035,-0.021785570308566093,0.9982693791389465,0.9999999403953552,0.10006227344274521,0.07782623171806335,0.5592621564865112,0.545411229133606,0.01567729376256466,0.2974284291267395,0.33168527483940125,0.004979454912245274,0.009616519324481487,0.006943620275706053,0.20037437975406647,0.13158069550991058,1,0.09293512437959224,1,0.435390499935769,0.3469099845223849,-0.012488384078838816,0.529267227952149,50.06161125191963,0.4976817846298218,0.4053762495517731,0.5608734369277955,0.4356351435184479,749.3354034423828,316.3462543487549,799.34326171875,314.02698040008545,682.1846771240234,315.63244342803955,629.0180587768555,312.57790088653564,478,0.5631916522979736,0.5302588939666748,1,-1.2501866817474365,0.1906227462041046,0.7465452764274422,0.5549356179513104,0.32640985960810687,-0.022929404767981693,0.47842790753446873,53.25429125167082,0.07045132666826248,0.08,3.8205416202545166,-0.053077951073646545,-35.181007385253906,3.131166934967041
0.998504102230072,0.0070498972199857235,0.05422038212418556,-0.008159816265106201,0.9997611045837402,0.020276524126529694,-0.05406448617577553,-0.02068863809108734,0.9983230829238892,1.0000001192092896,0.12653440237045288,0.08078543096780777,0.5643603801727295,0.5501106381416321,0.012117178179323673,0.3291134536266327,0.3560970425605774,0.00477537140250206,0.008966642431914806,0.007000976242125034,0.2120693325996399,0.13084058463573456,1,0.09398765554987376,1,0.4273572579201842,0.32712365039476576,-0.007586852434880042,0.5256936912688941,51.02615956308248,0.4982461810112,0.4060399651527405,0.5613543868064881,0.4364441752433777,749.6389770507812,317.16739654541016,800.6249237060547,315.1420068740845,682.3007202148438,315.64995288848877,628.9486694335938,312.3361587524414,478,0.5631082057952881,0.5304042100906372,1,-1.1871927976608276,0.2281445157363026,0.7896716377701491,0.5533953977699042,0.32188524253479905,-0.021269050576568572,0.47918123819958564,53.45486464530698,-0.4682130217552185,0.08,3.81662917137146,-0.044986970722675323,-35.17333221435547,3.099177598953247
0.9982425570487976,0.010912112891674042,0.05824693292379379,-0.012034717947244644,0.9997478127479553,0.01895735412836075,-0.05802535265684128,-0.019624968990683556,0.9981221556663513,0.9999997019767761,0.1726989448070526,0.10792815685272217,0.5672763586044312,0.5473899841308594,0.012123161926865578,0.33078211545944214,0.3615438640117645,0.004600188694894314,0.009556339122354984,0.0067154658026993275,0.25075533986091614,0.14107610285282135,1,0.09351336630586424,1,0.42777219329943317,0.3094107999736395,-0.007988480934061489,0.5027496906668725,50.797409479430904,0.49839989542961116,0.40512709617614745,0.561498087644577,0.4365581750869751,749.6717071533203,317.1602511405945,800.4363250732422,315.3353190422058,682.9744720458984,315.7033610343933,629.2940139770508,312.37860202789307,478,0.5630981922149658,0.5314310789108276,1,-1.1263980865478516,0.2281445157363026,0.7564364371691792,0.5528025990071896,0.3089771853895156,-0.02059087455967322,0.4639344822143286,53.783320844293186,-0.6907190084457397,0.08,3.797589063644409,-0.06309632211923599,-35.171531677246094,3.3264760971069336
0.9985008239746094,0.008980976417660713,0.05399443209171295,-0.01106279157102108,0.9992018938064575,0.038381461054086685,-0.05360664054751396,-0.03892122209072113,0.997803270816803,1.0000001192092896,0.18000474572181702,0.10912783443927765,0.6077829599380493,0.5857652425765991,0.01052887924015522,0.3686818778514862,0.39895662665367126,0.003686102805659175,0.007671219762414694,0.00530081195756793,0.23679640889167786,0.15047687292099,1,0.09333717797025423,1,0.4182504137926799,0.309364266446068,-0.005771395066538375,0.5122322720186451,50.54274409198159,0.4983842253684998,0.4062314867973328,0.5614147067070008,0.4367954969406128,749.1112518310547,317.0774245262146,799.6333312988281,315.6322717666626,682.3285675048828,315.4011940956116,628.9151000976562,312.43218183517456,478,0.563030481338501,0.53056401014328,1,-2.2337987422943115,0.19096260355555547,0.7353456991437887,0.5633252961996861,0.3099245682257464,-0.01666168575221481,0.47045427100049353,53.495920726467276,-0.6347769498825073,0.08,3.7862908840179443,-0.14829054474830627,-35.071136474609375,3.072906970977783
0.9979744553565979,0.012916620820760727,0.062291715294122696,-0.015018950216472149,0.9993292093276978,0.03340090438723564,-0.06181851401925087,-0.03426885977387428,0.9974989295005798,1.0000001192092896,0.1743147373199463,0.09194450825452805,0.6041778326034546,0.593819797039032,0.012877157889306545,0.3420467972755432,0.3794691860675812,0.004011678043752909,0.0073742009699344635,0.005882761906832457,0.19614550471305847,0.1579192876815796,1,0.09355343698708049,1,0.42053830623642824,0.321497689743918,-0.008133028730382635,0.5191391863833142,50.63634719592366,0.49839157462120054,0.4060853898525238,0.5614385068416595,0.4369347870349884,749.3161010742188,317.49016284942627,799.9451446533203,316.63016080856323,682.0322418212891,315.2407121658325,628.5079193115234,311.8488121032715,478,0.563046932220459,0.5308493971824646,1,-1.9676100015640259,0.19096260355555547,0.7457635845608268,0.5677303938923258,0.31112613592478916,-0.01874725290977443,0.4844519830689128,53.63168919837476,-0.8622038960456848,0.08,3.744675397872925,-0.14557233452796936,-34.94784927368164,3.5441994667053223
0.9987940192222595,0.010387207381427288,0.04798569157719612,-0.011416079476475716,0.9997096657752991,0.02121705934405327,-0.04775139316916466,-0.021739276126027107,0.9986226558685303,1.0000001192092896,0.17134647071361542,0.11588729172945023,0.5832458734512329,0.5608224868774414,0.010142521932721138,0.39115840196609497,0.43057313561439514,0.003155117155984044,0.009722142480313778,0.006276964675635099,0.2602008879184723,0.16007579863071442,1,0.0932034321119428,1,0.4154037557241486,0.30688381794775343,-0.008248085109959582,0.5106994328189978,50.95811702531055,0.4992467284202575,0.4053954750299454,0.5616812825202941,0.43624713718891145,748.9925384521484,316.8816018104553,799.9159240722656,315.00051498413086,682.7960205078125,315.58356285095215,629.3198394775391,312.22867727279663,478,0.5624345541000366,0.5308516621589661,1,-1.2470897436141968,0.19096260355555547,0.7500713843680019,0.5624814992200909,0.30510433813621174,-0.021053301294595452,0.47352958439961684,53.58131385970537,-0.6548543572425842,0.08,3.7923145294189453,-0.08971681445837021,-34.973968505859375,2.7369937896728516
0.9984805583953857,0.007178695872426033,0.05463523045182228,-0.008513452485203743,0.9996699690818787,0.024236878380179405,-0.05444321408867836,-0.024665188044309616,0.9982121586799622,0.9999998211860657,0.1577616184949875,0.08820310980081558,0.5874208211898804,0.5688165426254272,0.015538175590336323,0.3164305090904236,0.3544498383998871,0.004297308158129454,0.009281805716454983,0.005952945910394192,0.2759093642234802,0.11708679795265198,1,0.0927132485955106,1,0.43260180168179135,0.3130761143588976,-0.006847849014715982,0.5132810004812393,50.376405509668224,0.49798449873924255,0.4058848947286606,0.5614430606365204,0.43638924062252044,749.5725250244141,316.86437129974365,799.9016571044922,314.68246936798096,683.06396484375,316.0136818885803,629.6519088745117,312.2394919395447,478,0.5634585618972778,0.5305043458938599,1,-1.4154541492462158,0.19096260355555547,0.7649719132538481,0.5566458060757237,0.31803924923446386,-0.019760076379047736,0.4700293826604745,53.545235387843185,-0.48851531744003296,0.08,3.8306641578674316,-0.08576378226280212,-35.1613655090332,3.1209092140197754
0.9986759424209595,-0.0007139599183574319,0.05143856257200241,0.000910439994186163,0.9999923706054688,-0.003796393284574151,-0.051435455679893494,0.003838198259472847,0.9986689686775208,1.0000004768371582,0.19940105080604553,0.10564849525690079,0.5988157391548157,0.5899789333343506,0.01675546169281006,0.3146649897098541,0.3522825539112091,0.003982014954090118,0.008785787038505077,0.005882150959223509,0.24534009397029877,0.1365782618522644,1,0.09221626035992667,1,0.4329960109447277,0.2964283693889016,-0.0053137264204863146,0.4820970741463971,50.95986814302794,0.49787917137146,0.40480245649814606,0.5613138318061829,0.4353056102991104,748.7625122070312,315.1458692550659,799.7077941894531,313.9266872406006,683.1626892089844,314.5188546180725,629.3754196166992,312.1820282936096,478,0.5634346604347229,0.5305031538009644,1,0.22020456194877625,0.1951043394792218,0.6760026156862992,0.5616507576176846,0.3053976408418201,-0.011898268466602382,0.4672717691484966,53.83800820583486,0.052233513444662094,0.08,3.859215497970581,0.10126650333404541,-35.26952362060547,2.9483354091644287
0.9987576007843018,-0.0008447010186500847,0.04982549324631691,0.0009873631643131375,0.9999954700469971,-0.0028389310464262962,-0.049822866916656494,0.002884617308154702,0.9987539052963257,0.9999995231628418,0.20030830800533295,0.1233087033033371,0.5956220626831055,0.5846207141876221,0.01610645465552807,0.31704655289649963,0.3557036221027374,0.003968417178839445,0.009082134813070297,0.005883405916392803,0.25540924072265625,0.14600224792957306,1,0.0921750631910303,1,0.4335090892416781,0.2963812542991362,-0.005982982976142265,0.4849697951567795,50.35574396911025,0.49800449013710024,0.4046496689319611,0.5613268554210663,0.4352965891361237,749.1254425048828,315.21047830581665,799.4631195068359,313.8616919517517,682.8660583496094,314.625027179718,629.7064208984375,312.18619108200073,478,0.5633223652839661,0.5306469202041626,1,0.16548213362693787,0.1951043394792218,0.6811765132596829,0.5627925915610063,0.3004024743901196,-0.013037312105300593,0.45760093587087647,53.21555200839314,0.05664209648966789,0.08,3.8668150901794434,0.09084532409906387,-35.2690544128418,2.8558220863342285
0.9990190267562866,0.006587599404156208,0.043790094554424286,-0.007211180403828621,0.9998745918273926,0.014097524806857109,-0.04369174316525459,-0.014399461448192596,0.9989412426948547,1.0000001192092896,0.1994655877351761,0.10446704179048538,0.5798115134239197,0.56449294090271,0.018226444721221924,0.28725120425224304,0.31523147225379944,0.004967555403709412,0.00956912524998188,0.0064534409902989864,0.27676641941070557,0.15204878151416779,1,0.0921654362914453,1,0.4423458522883966,0.29532532370096265,-0.006596660610729565,0.48850883655465616,50.34720367343692,0.49795795679092403,0.40403001606464384,0.56097252368927,0.4347581177949905,749.1066741943359,315.22921085357666,799.4367218017578,313.91497135162354,682.8810882568359,314.1372084617615,629.7123336791992,311.3468527793884,478,0.563014566898346,0.5307281017303467,1,-0.8258455395698547,0.1951043394792218,0.6841901608650922,0.5540175015505983,0.3058932786879585,-0.015292505379512086,0.47426159566971476,53.24192472363861,-0.4135687053203583,0.08,3.8852927684783936,0.040951646864414215,-35.37657165527344,2.5041496753692627
0.998751163482666,0.004977839533239603,0.04971320927143097,-0.005426079034805298,0.9999458193778992,0.008885025046765804,-0.04966628551483154,-0.009143662638962269,0.9987240433692932,1.0000004768371582,0.1726667582988739,0.08582004904747009,0.5771448612213135,0.5628252029418945,0.017888452857732773,0.30785152316093445,0.3365986943244934,0.004415388219058514,0.010090701282024384,0.0066528115421533585,0.27233678102493286,0.12889060378074646,1,0.09215994704430883,1,0.4418687353572628,0.30713013917931287,-0.004985358336618702,0.5050246330760596,50.31817664116626,0.49819155335426335,0.40346998572349546,0.5609663307666779,0.4359391391277313,749.1040802001953,316.2276577949524,799.3800354003906,314.16677713394165,683.0122375488281,315.18560886383057,629.6389770507812,312.1344995498657,478,0.5627747774124146,0.5324691534042358,1,-0.5245479345321655,0.2564054879517646,0.7910688484698037,0.5531463706397854,0.3163191715713851,-0.01300728633701099,0.48023540371815787,53.46039846788513,-0.3112770617008209,0.08,3.872981071472168,0.040615323930978775,-35.45109176635742,2.846839666366577
0.9985189437866211,0.010638288222253323,0.05335494875907898,-0.013112638145685196,0.9988441467285156,0.04624173417687416,-0.05280134826898575,-0.04687287658452988,0.9975043535232544,1.0000001192092896,0.156679168343544,0.08212942630052567,0.5946458578109741,0.583246648311615,0.0164570864289999,0.31569814682006836,0.3414202034473419,0.004674176219850779,0.008180497214198112,0.006386579945683479,0.1952846646308899,0.13861225545406342,1,0.09236770581693703,1,0.43643508179753077,0.32304414718758284,-0.001993223034752251,0.5101335283375367,50.596767165783234,0.49876867532730107,0.40651844441890717,0.5611644268035889,0.43756477534770966,749.03076171875,318.08072090148926,799.5939636230469,316.23804330825806,683.1629943847656,315.77964305877686,629.6997833251953,312.13316917419434,478,0.5623957514762878,0.5310463309288025,1,-2.6903579235076904,0.2759133111967722,0.7642915029372873,0.5534882983353197,0.31751047665190946,-0.015449597165532658,0.4747217118480014,53.587421179772015,-0.7523698806762695,0.08,3.857822895050049,-0.16055694222450256,-35.41657638549805,3.0267016887664795
0.9985105991363525,0.009339818730950356,0.05375290662050247,-0.012135922908782959,0.9985769987106323,0.05192864313721657,-0.05319143459200859,-0.05250364542007446,0.9972031116485596,0.9999997615814209,0.15645663440227509,0.07315541058778763,0.5608795285224915,0.5581254363059998,0.015292360447347164,0.3257196545600891,0.35070934891700745,0.004438395611941814,0.008337507955729961,0.007785537280142307,0.17969129979610443,0.1572476178407669,1,0.09280860889792863,1,0.433402707867284,0.3258471753698774,-0.007971917537525299,0.5130889381812803,50.41797998387565,0.49888323545455937,0.40605157911777495,0.5614536881446839,0.4365247517824173,749.6312713623047,317.7758717536926,800.0246429443359,316.20081424713135,683.0910491943359,315.2205204963684,629.6585083007812,311.41738414764404,478,0.5625704526901245,0.5304731726646423,1,-3.0138914585113525,0.2759133111967722,0.7611182795356667,0.5559095413360006,0.3225413686841785,-0.0231741682378452,0.4761559720507046,53.5677167007846,-0.696340024471283,0.08,3.8595070838928223,-0.16474482417106628,-35.26836395263672,3.0490834712982178
0.9986451268196106,0.00807281956076622,0.05140648037195206,-0.009673924185335636,0.9994733333587646,0.0309737641364336,-0.05112936347723007,-0.03142913803458214,0.9981973767280579,0.9999999403953552,0.1680491864681244,0.08192991465330124,0.600448727607727,0.589641809463501,0.01456479448825121,0.3329308032989502,0.3582892417907715,0.004378181416541338,0.007714258506894112,0.006020667497068644,0.2027590274810791,0.14048123359680176,1,0.09286128453614986,1,0.4328775791278959,0.3207027180285138,-0.003537424825479778,0.5140506698426112,50.42812760657098,0.4988594830036164,0.40648202896118163,0.5614347040653229,0.43685619831085204,749.6177673339844,317.35302686691284,800.0222015380859,315.8073663711548,683.0852508544922,315.3664755821228,629.5919799804688,311.7070412635803,478,0.5625752210617065,0.5303741693496704,1,-1.803412914276123,0.2759133111967722,0.7642915029372873,0.5558890983436989,0.31780872114575404,-0.01482387731758638,0.4775269157035805,53.61829434475333,-0.5550096035003662,0.08,3.8361153602600098,-0.09400849789381027,-35.10868835449219,2.930774450302124
