R00,R01,R02,R10,R11,R12,R20,R21,R22,R_scale,bs_eyeBlinkLeft,bs_eyeBlinkRight,bs_eyeLookDownLeft,bs_eyeLookDownRight,bs_eyeLookInLeft,bs_eyeLookInRight,bs_eyeLookOutLeft,bs_eyeLookOutRight,bs_eyeLookUpLeft,bs_eyeLookUpRight,bs_eyeSquintLeft,bs_eyeSquintRight,detected,interocular_norm,is_laptop,leye_h,leye_open,leye_v,leye_vlid,leye_width_px,m0_cx,m0_cy,m0_px,m0_py,mp_lin_x,mp_lin_y,mp_lout_x,mp_lout_y,mp_rin_x,mp_rin_y,mp_rout_x,mp_rout_y,n_landmarks,nose_x,nose_y,pass,pitch,px_raw,py_raw,reye_h,reye_open,reye_v,reye_vlid,reye_width_px,roll,target_x,tx,ty,tz,yaw
0.9989708065986633,-0.04067619889974594,-0.020070252940058708,0.040471192449331284,0.9991253614425659,-0.010517031885683537,0.02048048935830593,0.009693939238786697,0.9997432827949524,0.9999997019767761,0.14028067886829376,0.10830886662006378,0.2684747874736786,0.2703511714935303,0.009256911464035511,0.3140087127685547,0.31866225600242615,0.0074509745463728905,0.03166479244828224,0.027613269165158272,0.3506380319595337,0.28812578320503235,1,0.08782327086616526,1,0.40892945500039807,0.30642281720471237,-0.04320936953239311,0.44502691038385517,48.19661800321166,0.4987088441848755,0.4012691378593445,0.6093401908874512,0.4567897915840149,808.0796051025391,332.3597502708435,856.0764312744141,327.9758405685425,747.2358703613281,333.8715720176697,698.2719421386719,331.3436222076416,478,0.6106313467025757,0.5555206537246704,0,0.5555469989776611,0.22781207062135267,0.5281816963325836,0.5201965675197874,0.3111118454041831,-0.05134391362325045,0.4185001710667813,49.02914232712532,2.319948673248291,0.08,8.011922836303711,-0.7986271977424622,-37.38212585449219,-1.1735275983810425
0.9991129636764526,-0.0411674864590168,0.008866504766047001,0.041421618312597275,0.998670220375061,-0.03069252520799637,-0.007591153960675001,0.031032582744956017,0.9994895458221436,1.000000238418579,0.0966082513332367,0.06165292114019394,0.3384656608104706,0.31698372960090637,0.038502514362335205,0.13100968301296234,0.13062310218811035,0.01880762353539467,0.02345583587884903,0.020681606605648994,0.30268245935440063,0.2594546675682068,1,0.08737363102270868,1,0.45311365854138463,0.3466937672256115,-0.04390533473148956,0.4992733553595587,47.641489245851794,0.49534634351730344,0.40097723007202146,0.6090756416320801,0.4560550808906555,809.9663543701172,332.29095697402954,857.3776245117188,327.61303424835205,747.8768157958984,332.6246237754822,698.6766052246094,330.5265784263611,478,0.6137292981147766,0.555077850818634,0,1.7783727645874023,0.33488375252210867,0.5699865109532042,0.5098553148351622,0.3377347160537185,-0.04807484214760313,0.48457080578137973,49.24492374493682,2.3740313053131104,0.08,7.871854305267334,-0.7036266326904297,-36.805694580078125,0.4349452555179596
0.9992168545722961,-0.038775160908699036,0.007881956174969673,0.038972798734903336,0.9988836646080017,-0.0266946479678154,-0.006838067900389433,0.02698090486228466,0.9996126294136047,1.0000005960464478,0.08190732449293137,0.06288149207830429,0.42415279150009155,0.3881278932094574,0.048761628568172455,0.11110974103212357,0.10382787883281708,0.02310049906373024,0.01704934984445572,0.01408648956567049,0.2825925946235657,0.27849486470222473,1,0.08697212681824382,1,0.4675668874640579,0.3469018604046065,-0.027702490342611127,0.5222532848871215,48.13668446739435,0.49520525336265564,0.4025297164916992,0.6088836491107941,0.4573678970336914,809.8316955566406,332.88402557373047,857.7030944824219,327.8372883796692,747.923583984375,333.051974773407,698.5652160644531,330.530161857605,478,0.6136783957481384,0.5548381805419922,0,1.5461156368255615,0.41301490571210053,0.688840134719429,0.5105181598608813,0.3278620838719581,-0.0385514636287776,0.4969329789862446,49.4227480437857,2.2335946559906006,0.08,7.856507778167725,-0.7315593361854553,-36.72981643676758,0.39179545640945435
0.999352753162384,-0.035761646926403046,0.0038903234526515007,0.035824213176965714,0.9992062449455261,-0.017421383410692215,-0.003264219732955098,0.01754947565495968,0.9998406171798706,1.000000238418579,0.08737540245056152,0.059833768755197525,0.4251207113265991,0.3914111256599426,0.033166006207466125,0.15470071136951447,0.1569886952638626,0.014331094920635223,0.015742583200335503,0.014176216907799244,0.23869606852531433,0.2666921615600586,1,0.08781856597905231,1,0.4567904607835562,0.34654878576749787,-0.029122352901844888,0.5189219463749998,48.419682415711414,0.4963452994823456,0.4039343923330307,0.6094140589237214,0.45836910903453826,810.3651428222656,333.9074921607971,858.543701171875,329.08129692077637,747.7254486083984,333.77200841903687,698.3982849121094,330.8844065666199,478,0.6130687594413757,0.5544347167015076,0,1.0055677890777588,0.3965258567648827,0.7025955452678906,0.5163484858773622,0.3320633923030474,-0.04170677284792177,0.48691613804509964,49.41161121515268,2.0530264377593994,0.08,7.839233875274658,-0.803634762763977,-36.61472702026367,0.18702633678913116
0.9993108510971069,-0.037077222019433975,0.0017511325422674417,0.037101391702890396,0.9991710782051086,-0.016755202785134315,-0.001128444098867476,0.016808632761240005,0.9998580813407898,0.9999998211860657,0.17680209875106812,0.1615024358034134,0.5412828922271729,0.506191611289978,0.049433521926403046,0.12655015289783478,0.11521269381046295,0.0184825137257576,0.010933727025985718,0.008035711012780666,0.26166948676109314,0.3310130536556244,1,0.08641122066923783,1,0.47684475313523145,0.30575565796585086,-0.01984385790544353,0.49530875674906827,47.83788176724862,0.49634860754013066,0.40634147822856903,0.6087339997291565,0.4604848474264145,809.7494506835938,334.15843963623047,857.4082946777344,330.02352476119995,747.6229095458984,334.2225980758667,698.4468078613281,332.74242639541626,478,0.6123853921890259,0.5541433691978455,0,0.9631096720695496,0.41301490571210053,0.7524579239654262,0.5188437168027881,0.27222827934353044,-0.026162439719151675,0.4588765143093953,49.19837279009543,2.1262423992156982,0.08,7.836665153503418,-0.8223492503166199,-36.697566986083984,0.06465509533882141
0.9992145299911499,-0.039580658078193665,-0.0019072735449299216,0.039547089487314224,0.9991014003753662,-0.01524868793785572,0.002509111538529396,0.015161269344389439,0.9998819231987,1.0000001192092896,0.4184224307537079,0.385683536529541,0.679582953453064,0.6511498093605042,0.053476303815841675,0.16823163628578186,0.11620041728019714,0.013698752038180828,0.00664919801056385,0.004042471759021282,0.31554004549980164,0.3776494860649109,1,0.08549239630799046,1,0.49774485784721006,0.19845852119281357,-0.002520936944318337,0.41576714121491637,48.76694476711002,0.49668611288070674,0.4090048372745514,0.6078461527824401,0.4637623727321625,808.4079742431641,334.57523345947266,857.1108245849609,332.0757794380188,746.5867614746094,334.655978679657,695.6688690185547,335.0022840499878,478,0.6111600399017334,0.5547575354576111,0,0.8687127232551575,0.43850617303724837,0.6986205880222386,0.5455135567988089,0.1642199102031171,0.0015778039803677907,0.36134593729404346,50.91907009832081,2.2664794921875,0.08,7.81635856628418,-0.8628698587417603,-36.84012222290039,-0.14376163482666016
0.9993324279785156,-0.03647395968437195,-0.002063963795080781,0.03644522652029991,0.9992566108703613,-0.012571947649121284,0.002520972630009055,0.01248836424201727,0.9999188184738159,0.9999999403953552,0.27285343408584595,0.1954536736011505,0.5966640710830688,0.5747082829475403,0.05504532903432846,0.1508975327014923,0.11121301352977753,0.014613884501159191,0.008003266528248787,0.0063418741337955,0.30630528926849365,0.3778252601623535,1,0.08547620145281386,1,0.49441928546907576,0.2627427753312647,-0.00841882519230255,0.5221188230155898,48.38856381813165,0.4966206073760986,0.408698582649231,0.6078112840652465,0.46217926740646365,808.4261322021484,334.54665184020996,856.7223358154297,331.55837059020996,746.522216796875,334.42511558532715,696.6865539550781,333.75497102737427,478,0.611190676689148,0.5534806847572327,0,0.7155513763427734,0.43850617303724837,0.6859528749394873,0.5359740998952406,0.24317493430554188,-0.019524997857400774,0.47522737853159364,49.8401683856454,2.0886268615722656,0.08,7.816954135894775,-0.8545114994049072,-36.85073471069336,-0.14444123208522797
0.9992810487747192,-0.03769374638795853,-0.004066359717398882,0.037641555070877075,0.9992164373397827,-0.012229609303176403,0.004524156451225281,0.012067743577063084,0.9999169111251831,1.0000001192092896,0.15101578831672668,0.1259356141090393,0.5311013460159302,0.49977821111679077,0.044383030384778976,0.17736603319644928,0.14577490091323853,0.010460427030920982,0.010846934281289577,0.00772443413734436,0.275041788816452,0.3517764210700989,1,0.08554535245103644,1,0.4845670577987411,0.31700386907977157,-0.016132620981574607,0.5258432022320769,48.447687644203306,0.49691677689552305,0.4071050941944122,0.6081298053264618,0.4606469929218292,808.4611511230469,334.01905059814453,856.7286682128906,329.84469652175903,746.5323638916016,334.22073125839233,696.9184875488281,333.04094552993774,478,0.6112130284309387,0.553541898727417,0,0.6914546489715576,0.43850617303724837,0.7774933540134792,0.5408756773590064,0.28542151585199566,-0.024902719673127197,0.5006135582342351,49.62790163023553,2.157233715057373,0.08,7.817497253417969,-0.8350087404251099,-36.82279968261719,-0.25921595096588135
0.9992340803146362,-0.03891771659255028,-0.004080956801772118,0.03882209211587906,0.9990179538726807,-0.021352624520659447,0.004907943774014711,0.02117784321308136,0.9997636675834656,0.9999995231628418,0.06881300359964371,0.08110315352678299,0.512378990650177,0.46955448389053345,0.029785143211483955,0.1791473776102066,0.19027769565582275,0.009611903689801693,0.01224217377603054,0.008356789126992226,0.21026718616485596,0.28219732642173767,1,0.08732673916262039,1,0.46885059860630146,0.34434196284187857,-0.013945499326010276,0.5349170673727159,50.49755838093921,0.497296130657196,0.4053498268127441,0.6089119672775268,0.4596774935722351,808.7899780273438,333.2886743545532,859.0467071533203,328.3627653121948,747.2265625,333.86412620544434,696.8421173095703,332.53759145736694,478,0.6116158366203308,0.554327666759491,0,1.2135063409805298,0.43850617303724837,0.6840391310650012,0.5316434713693434,0.3095018473981485,-0.0219807731474184,0.5269736807938267,50.40190484184178,2.2249279022216797,0.08,7.808833122253418,-0.7809664011001587,-36.64390563964844,-0.28120556473731995
0.999374508857727,-0.035359613597393036,-0.0004941571387462318,0.035342443734407425,0.9991714358329773,-0.020183715969324112,0.0012074456317350268,0.020153628662228584,0.9997961521148682,0.9999998211860657,0.06389100104570389,0.05050027742981911,0.47134488821029663,0.429157555103302,0.04115026444196701,0.17455153167247772,0.14936178922653198,0.010355834849178791,0.014305919408798218,0.009837967343628407,0.22112348675727844,0.22910939157009125,1,0.08678183943777533,1,0.47603967772977346,0.3523675692268288,-0.018161428347288854,0.5289057989023628,49.456706234641985,0.4969312846660614,0.40481015145778654,0.6097894608974457,0.45931913554668424,810.5220794677734,333.57511281967163,859.6989440917969,328.321373462677,748.4542846679688,334.0516662597656,697.9824066162109,331.6634488105774,478,0.6128581762313843,0.5545089840888977,0,1.154796838760376,0.4271992082805232,0.6070720172502073,0.5365753046073137,0.3287455957808264,-0.02575772686698827,0.5200921266317773,50.52834904048593,2.0253961086273193,0.08,7.842897891998291,-0.7878971695899963,-36.581138610839844,-0.06918155401945114
0.9994608163833618,-0.03283078595995903,-0.000304762099403888,0.0328054279088974,0.9989764094352722,-0.031144658103585243,0.0013269425835460424,0.031117862090468407,0.9995148777961731,0.9999995827674866,0.07091619074344635,0.06763085722923279,0.4553312063217163,0.4112437963485718,0.020417898893356323,0.23019416630268097,0.26039019227027893,0.006824655458331108,0.015614576637744904,0.011391100473701954,0.22539480030536652,0.2808079719543457,1,0.08803496979659314,1,0.4497766343165483,0.34890792991072234,-0.020174887247393518,0.5266537158229277,48.99046053901937,0.49778938889503477,0.4039128005504608,0.6113194286823272,0.45844014286994933,812.2868347167969,333.47211599349976,860.9730529785156,328.02075147628784,749.2771911621094,333.8878583908081,699.3614959716797,330.4282808303833,478,0.6135300397872925,0.5545273423194885,0,1.783211350440979,0.42488657492332293,0.6879226779451343,0.5374159156039963,0.31813470082883727,-0.029285238514401554,0.5028493699817396,50.03544047313415,1.8799515962600708,0.08,7.887670040130615,-0.7323363423347473,-36.547183990478516,-0.07602822780609131
0.9993637204170227,-0.0356023907661438,-0.0021500191651284695,0.03552814573049545,0.9989745616912842,-0.028061240911483765,0.0031468525994569063,0.027966994792222977,0.9996039271354675,0.9999998211860657,0.0660223513841629,0.0541326068341732,0.4541565477848053,0.41285496950149536,0.04037827253341675,0.1619633436203003,0.15043368935585022,0.011142458766698837,0.015591016039252281,0.010453893803060055,0.23375827074050903,0.229294553399086,1,0.0867156287399264,1,0.4775792069929956,0.3541717348473725,-0.022869833666954675,0.5193737197480547,48.971879741028744,0.4970748066902161,0.40378591418266296,0.6108138799667359,0.4586327373981476,812.1540069580078,333.4777808189392,860.8200073242188,328.012855052948,749.5172119140625,333.9404082298279,699.7434997558594,330.5466842651367,478,0.6137390732765198,0.5548468232154846,0,1.6026074886322021,0.42488657492332293,0.618699050597459,0.5351432859798314,0.33072725666759517,-0.02607179014494474,0.5003627444757119,49.88927524484551,2.0360512733459473,0.08,7.949681282043457,-0.7507990598678589,-36.67591094970703,-0.18030165135860443
0.999505341053009,-0.031110083684325218,0.004601733759045601,0.031150834634900093,0.9994735717773438,-0.00906761921942234,-0.004317212849855423,0.009206489659845829,0.9999483227729797,1.0000001192092896,0.07580814510583878,0.06729414314031601,0.4480358362197876,0.4077211618423462,0.020221779122948647,0.2410687506198883,0.2672334313392639,0.006410171743482351,0.015239567495882511,0.011908703483641148,0.22218072414398193,0.24083451926708221,1,0.08728957421931727,1,0.44392116375087026,0.3470909278112019,-0.023970600550854516,0.5195527909998003,49.05227239141622,0.4978941082954407,0.405592143535614,0.6118058562278748,0.4581872820854187,812.0906066894531,333.4920072555542,860.9055328369141,328.67242097854614,750.0962829589844,333.50348711013794,700.0975036621094,330.3546380996704,478,0.6139117479324341,0.5525951385498047,0,0.5275053381919861,0.4034658371143546,0.695722547318234,0.5436024770744508,0.32288210041783877,-0.03623174881853692,0.4778482088858867,50.09783609467113,1.7851166725158691,0.08,7.945638656616211,-0.8007667064666748,-36.71854019165039,0.24735882878303528
0.9996097683906555,-0.027652878314256668,0.003963320050388575,0.02769303321838379,0.999561607837677,-0.010467393323779106,-0.0036721304059028625,0.010573074221611023,0.9999372959136963,1.0000001192092896,0.08646944165229797,0.06433732807636261,0.4668287932872772,0.42419561743736267,0.026232359930872917,0.22089263796806335,0.23331011831760406,0.0066725327633321285,0.014553006738424301,0.010360097512602806,0.26976296305656433,0.21186864376068115,1,0.08681211548337273,1,0.4558796673433811,0.33761710723423416,-0.021219362479596972,0.5266995923359953,49.098216471082615,0.49750247597694397,0.40522841811180116,0.6119121611118317,0.45790587067604066,812.4494934082031,332.9880738258362,861.3294982910156,328.3642244338989,750.2818298339844,333.12705516815186,700.0740814208984,330.1942849159241,478,0.6144096851348877,0.5526774525642395,0,0.605807900428772,0.36056169239691355,0.7383237919451812,0.5508002790758637,0.3251145404976099,-0.03469526106923228,0.4843888225018211,50.293330990944234,1.5869073867797852,0.08,7.948758125305176,-0.7704539895057678,-36.69779968261719,0.21039803326129913
0.9995929598808289,-0.02752521075308323,0.007505845744162798,0.027668314054608345,0.9994233846664429,-0.019679542630910873,-0.0069598304107785225,0.019879216328263283,0.999778151512146,0.9999992251396179,0.0834088921546936,0.06747452914714813,0.4302370548248291,0.38682329654693604,0.021438831463456154,0.24352163076400757,0.26572638750076294,0.006042165216058493,0.016893239691853523,0.013049155473709106,0.27005264163017273,0.2296840250492096,1,0.08719184927224972,1,0.44430275928493984,0.3396633596306039,-0.024095025187761722,0.5206869502635528,49.109141285811056,0.4977104544639588,0.4035769313573837,0.6121373653411866,0.45750304162502287,812.4413299560547,333.15707445144653,861.3138580322266,328.3421230316162,750.3121948242188,333.18758726119995,700.2666473388672,329.74652767181396,478,0.6144269108772278,0.5539261102676392,0,1.139097809791565,0.29657748166830067,0.7206153539618946,0.5489508618373091,0.3251890731886191,-0.04048186202680637,0.4650630834124227,50.163709136253175,1.58551824092865,0.08,7.929787635803223,-0.7462426424026489,-36.65111541748047,0.39877212047576904
0.9995121955871582,-0.030909931287169456,0.004455620888620615,0.03100517764687538,0.9992502927780151,-0.02318318374454975,-0.003735659411177039,0.023310020565986633,0.9997212886810303,1.0,0.07167459279298782,0.06311063468456268,0.42549195885658264,0.38634490966796875,0.08011040836572647,0.08846212923526764,0.06176522746682167,0.032154519110918045,0.015931272879242897,0.01321051362901926,0.21937981247901917,0.2573124170303345,1,0.0864170462465639,1,0.4926704193965394,0.3536404626126771,-0.0320161354499527,0.49608920762817876,49.136515321849345,0.49579071402549746,0.4029571771621704,0.6094092667102814,0.4573578596115112,810.8233642578125,333.310968875885,859.6852111816406,328.1228041648865,749.0129852294922,333.1130647659302,699.6401977539062,329.83551263809204,478,0.6136185526847839,0.5544006824493408,0,1.3356959819793701,0.45980772901802275,0.6839268323251837,0.5077502106000737,0.33000381947638024,-0.03796681205947487,0.48210262108568774,49.48145603313462,1.7767629623413086,0.3,7.886902332305908,-0.7502154111862183,-36.6285400390625,0.21403799951076508
0.9994733929634094,-0.032111577689647675,0.00465842941775918,0.032209672033786774,0.9992214441299438,-0.022783251479268074,-0.003923197276890278,0.022921325638890266,0.9997295141220093,1.0000004768371582,0.0705849900841713,0.05868395417928696,0.4319627285003662,0.393361896276474,0.08002792298793793,0.07423396408557892,0.05838906019926071,0.038515668362379074,0.015785828232765198,0.013034235686063766,0.22291377186775208,0.24757373332977295,1,0.0870387285041967,1,0.4893951930317853,0.35174255391092396,-0.03051185861530601,0.49755198887746044,49.52224485487103,0.49548719525337215,0.4028348088264465,0.6090923368930816,0.45746872425079343,810.4541778564453,333.30429553985596,859.7019195556641,328.09731245040894,748.9837646484375,333.112313747406,698.5604095458984,329.8816251754761,478,0.6136051416397095,0.5546339154243469,0,1.313420295715332,0.46791282953477054,0.6186361896213514,0.5029308034780902,0.32503904284208224,-0.03515162839739148,0.4871852806110313,50.52674626914545,1.8458117246627808,0.3,7.8722944259643555,-0.74800705909729,-36.60750961303711,0.22478322684764862
0.9994726181030273,-0.032213255763053894,0.004095342941582203,0.03229290992021561,0.9992546439170837,-0.021152034401893616,-0.0034109121188521385,0.021273121237754822,0.9997678995132446,1.0,0.07024040073156357,0.055809926241636276,0.44011780619621277,0.4053274095058441,0.08161899447441101,0.07033335417509079,0.055730387568473816,0.042496223002672195,0.014454460702836514,0.013054008595645428,0.2072419673204422,0.24965021014213562,1,0.08720979384603325,1,0.4905134310810367,0.35403859203562676,-0.02857335114186769,0.5056862252834213,49.35017982521805,0.4953601598739624,0.40312635600566865,0.6089327573776245,0.45770609080791474,810.4672241210938,333.3738613128662,859.5730590820312,328.4690451622009,748.6164855957031,333.0598711967468,698.4965515136719,330.0166368484497,478,0.6135725975036621,0.5545797348022461,0,1.218959093093872,0.46791282953477054,0.6382597655708774,0.5010448541861078,0.3273043638798541,-0.03573986624567167,0.4892435980881126,50.212240218757785,1.850579857826233,0.3,7.877570629119873,-0.7574253082275391,-36.63499069213867,0.19543123245239258
0.999470591545105,-0.0325327031314373,0.00027041317662224174,0.03252575546503067,0.9990029335021973,-0.03058219701051712,0.0007247771718539298,0.03057478927075863,0.999532163143158,1.0000001192092896,0.06934170424938202,0.05756643787026405,0.44295093417167664,0.4088749289512634,0.0814376175403595,0.06801673024892807,0.05661389231681824,0.04481681063771248,0.01464800350368023,0.01301790401339531,0.20215491950511932,0.25498029589653015,1,0.08761950469842253,1,0.489929932307927,0.35454307090293163,-0.030060166689440886,0.5062985172740824,49.266527127645105,0.4953628599643707,0.4032316654920578,0.6089263379573822,0.4578124135732651,810.7657623291016,333.6780023574829,859.7630310058594,328.5342335700989,748.2982635498047,333.2385492324829,698.4877014160156,330.0029253959656,478,0.6135634779930115,0.5545807480812073,0,1.752079963684082,0.46791282953477054,0.6424655050555135,0.4987602334657079,0.32749680915096857,-0.03682895999538579,0.4906891017069605,49.91554228690028,1.8639177083969116,0.3,7.877987384796143,-0.7300264239311218,-36.580230712890625,-0.0415266752243042
0.9994614124298096,-0.032074786722660065,0.006939445156604052,0.03219813108444214,0.9993109703063965,-0.018459778279066086,-0.006342566106468439,0.018673239275813103,0.9998055696487427,1.0000001192092896,0.06914134323596954,0.05655762180685997,0.4529919922351837,0.41400766372680664,0.08142620325088501,0.0663793757557869,0.05469609797000885,0.04725073277950287,0.014489525929093361,0.01265142671763897,0.21101197600364685,0.26075345277786255,1,0.0876142335386578,1,0.49067799798747436,0.3529043832631556,-0.028559050183912024,0.5093976524756103,49.24925242019812,0.49516395330429075,0.4050722807645798,0.6089011192321777,0.4578146427869797,810.7759094238281,333.6606216430664,859.7456359863281,328.4208941459656,748.3930206298828,333.1661295890808,698.6555480957031,329.83394622802734,478,0.613737165927887,0.5527423620223999,0,1.0699814558029175,0.46131044165823043,0.6566509077907373,0.4956301488012881,0.3275352040553515,-0.03439653320315245,0.4985077703939143,49.8489680950334,1.8451728820800781,0.3,7.882603168487549,-0.7570241093635559,-36.6804084777832,0.36340469121932983
0.9993815422058105,-0.035160329192876816,0.0004277167608961463,0.035156261175870895,0.998880922794342,-0.03163750469684601,0.0006851495709270239,0.03163297101855278,0.9994993209838867,1.0,0.06095297262072563,0.052343547344207764,0.4403011202812195,0.3938941955566406,0.09193575382232666,0.06396660208702087,0.046283598989248276,0.05058733746409416,0.016040582209825516,0.012614640407264233,0.22177688777446747,0.23883143067359924,1,0.08727480321410482,1,0.4963774621822459,0.35505130529243567,-0.029330053378525085,0.5054002340506634,49.721525437195226,0.49501660466194153,0.40373651683330536,0.6086452901363373,0.45796899497509,810.291748046875,333.6022996902466,859.7100067138672,328.11907052993774,748.431396484375,333.6053681373596,698.4340667724609,330.0659465789795,478,0.6136286854743958,0.5542324781417847,0,1.8127385377883911,0.45799473753360614,0.6486835587963053,0.49527217180654404,0.3322336718045063,-0.032198806184348124,0.49873095062021777,50.12245488191909,2.014721155166626,0.3,7.890031814575195,-0.7142773270606995,-36.64086151123047,-0.03925618156790733
0.9991225004196167,-0.041488613933324814,-0.0057357968762516975,0.04133516177535057,0.99884033203125,-0.024688540026545525,0.006753433961421251,0.02442980743944645,0.9996787309646606,0.9999998211860657,0.05602000281214714,0.04248655214905739,0.44454100728034973,0.3997384309768677,0.07918212562799454,0.08385210484266281,0.06113067641854286,0.03493404760956764,0.01595294661819935,0.011588795110583305,0.21471993625164032,0.17649300396442413,1,0.08706419433953114,1,0.4989699981295825,0.359674996075993,-0.028275381334607375,0.5061292196519004,49.4080808411225,0.49564564824104307,0.40428389608860016,0.6085146725177765,0.45860977470874786,810.2975463867188,333.60257863998413,859.3479919433594,327.6685881614685,748.1332397460938,334.49060440063477,698.3082580566406,331.2378787994385,478,0.6128690242767334,0.5543258786201477,0,1.3998959064483643,0.45799473753360614,0.6017546506244706,0.4991679396497441,0.3466745695126588,-0.031603564318224156,0.4977786726321168,49.93104269180525,2.3690593242645264,0.3,7.893641471862793,-0.7608999609947205,-36.647403717041016,-0.3869461715221405
0.9995133876800537,-0.030926592648029327,-0.004064403474330902,0.03082243911921978,0.9992467164993286,-0.02358340285718441,0.004790675360709429,0.02344665862619877,0.9997135996818542,1.0000004768371582,0.05937511846423149,0.05721462145447731,0.4269261956214905,0.37441447377204895,0.07666167616844177,0.08642515540122986,0.06240840628743172,0.03284132480621338,0.017927557229995728,0.012801360338926315,0.25813937187194824,0.22522366046905518,1,0.08705515793995589,1,0.49659961977114286,0.35187999602714726,-0.027071506772625483,0.5038790166512099,49.73170044343997,0.49603725671768184,0.4037619650363922,0.6085167050361633,0.45810256600379945,809.9964904785156,333.6010766029358,859.3956756591797,327.85977602005005,748.3341979980469,333.9845895767212,698.1619262695312,330.2983331680298,478,0.6124794483184814,0.5543406009674072,0,1.3435330390930176,0.45799473753360614,0.6686922576964929,0.49818133510807816,0.33097871199376383,-0.03421164107097428,0.48478099822125287,50.30750775790072,1.7662955522537231,0.3,7.885667324066162,-0.7515652775764465,-36.73335266113281,-0.2744865119457245
0.9994494318962097,-0.031779658049345016,-0.009529811330139637,0.03151971101760864,0.9991573691368103,-0.026287060230970383,0.010357175022363663,0.025972211733460426,0.9996090531349182,1.0000003576278687,0.05128692090511322,0.05740668997168541,0.43494874238967896,0.38601139187812805,0.06645094603300095,0.10184416174888611,0.07468138635158539,0.02540150098502636,0.016426390036940575,0.011824927292764187,0.21950343251228333,0.21207357943058014,1,0.08700791529477202,1,0.4941672541782608,0.36352855189517796,-0.028097534641106557,0.5045117941319966,49.50124239126045,0.4968591034412384,0.4036082535982132,0.608354240655899,0.4578415662050247,809.7481536865234,333.30841541290283,858.9344024658203,327.7329397201538,747.3397064208984,333.82052421569824,697.8363037109375,330.309534072876,478,0.6114951372146606,0.5542333126068115,0,1.4883451461791992,0.4695894996436779,0.6459440749252774,0.5079854988273039,0.3377478589913728,-0.035552536972156705,0.48249942782456307,49.627753643972426,1.8063424825668335,0.3,7.853912353515625,-0.7382466793060303,-36.68545150756836,-0.5934330224990845
0.9994530081748962,-0.03164543956518173,-0.009605898521840572,0.0313834473490715,0.9991613626480103,-0.026297783479094505,0.010430047288537025,0.025981921702623367,0.9996079802513123,1.0000001192092896,0.04956962913274765,0.04803997278213501,0.42693889141082764,0.3744288682937622,0.06816679984331131,0.09443511813879013,0.07109581679105759,0.027689650654792786,0.016710804775357246,0.012191864661872387,0.21529585123062134,0.19994749128818512,1,0.08715342524754949,1,0.496623027102796,0.3667030671531485,-0.028967491409392893,0.5065427884591447,49.58747609550766,0.496821665763855,0.4041269779205322,0.6081248760223389,0.4578218817710876,809.6413421630859,333.3950400352478,858.905029296875,327.73757457733154,747.3363494873047,333.81973028182983,697.2569274902344,330.28284072875977,478,0.6113032102584839,0.5536949038505554,0,1.4889029264450073,0.4955906483180217,0.6221209455609058,0.5060530367793504,0.3438271957720162,-0.035533350276192026,0.495123467729054,50.204164123822174,1.7985321283340454,0.3,7.83076286315918,-0.7426820397377014,-36.62743377685547,-0.5976085066795349
0.9994316697120667,-0.03272856026887894,-0.008075868710875511,0.03258775919675827,0.9993244409561157,-0.016990259289741516,0.008626488037407398,0.01671743206679821,0.9998230338096619,1.0,0.056786540895700455,0.05490632727742195,0.438018798828125,0.3867766857147217,0.06909298896789551,0.09801766276359558,0.07094253599643707,0.027617808431386948,0.016031991690397263,0.011490875855088234,0.21034792065620422,0.2160147726535797,1,0.08685104153875947,1,0.49631179047317936,0.3634979303714146,-0.028215804810963523,0.5046086217532292,49.33059931996855,0.4968076288700104,0.40444258153438567,0.6079785168170929,0.4577611416578293,809.3385314941406,333.09765815734863,858.3849334716797,327.8100800514221,747.3123931884766,333.552303314209,697.3030090332031,330.4954218864441,478,0.6111708879470825,0.5533185601234436,0,0.9579185247421265,0.4955906483180217,0.629494260606978,0.5063227377272245,0.3402480512221451,-0.035042489271784896,0.491239506822265,50.10272475378293,1.8675411939620972,0.3,7.813645839691162,-0.7802658081054688,-36.61324691772461,-0.49426746368408203
0.9993012547492981,-0.03522700443863869,-0.01248956099152565,0.035141486674547195,0.9993578195571899,-0.007001888006925583,0.012728197500109673,0.006558110937476158,0.9998974800109863,1.0000003576278687,0.059629883617162704,0.06508128345012665,0.4356430768966675,0.3826240599155426,0.06673140823841095,0.08936742693185806,0.07187939435243607,0.030742384493350983,0.01668608747422695,0.011959515511989594,0.22705164551734924,0.23605677485466003,1,0.08742623483041022,1,0.49127095556961203,0.36023626926639896,-0.03026687494906397,0.5045772595420464,49.250351821316606,0.4962691903114319,0.4047989159822464,0.607002341747284,0.45709549486637113,808.2926177978516,332.7567386627197,857.2198486328125,327.124400138855,745.8084106445312,333.26693773269653,696.1639404296875,330.4103636741638,478,0.610733151435852,0.5522965788841248,0,0.3757852017879486,0.4917971889342707,0.646592186450341,0.5004779408496149,0.3342373758705807,-0.03784561996572611,0.49119003455856175,49.726586836056256,2.0140366554260254,0.3,7.776630401611328,-0.7962527275085449,-36.58765411376953,-0.7292916774749756
0.9992071986198425,-0.036024581640958786,-0.01694531925022602,0.0358581505715847,0.9993065595626831,-0.010027170181274414,0.017294788733124733,0.00941161997616291,0.9998061060905457,0.9999997019767761,0.0709492564201355,0.06686630100011826,0.4448815882205963,0.40094268321990967,0.03912283852696419,0.1292790025472641,0.12667356431484222,0.01707584597170353,0.015525971539318562,0.011795593425631523,0.24785499274730682,0.26377227902412415,1,0.08744874618079779,1,0.4675152511933291,0.34124262855642756,-0.023825251751014746,0.505207926257055,50.34479732588408,0.4974733710289001,0.40487734973430634,0.6067347645759582,0.4571887105703354,806.1808776855469,332.7265691757202,856.2226104736328,327.21081018447876,745.4576110839844,332.86932706832886,695.0169372558594,330.2446246147156,478,0.6092613935470581,0.552311360836029,0,0.5393347144126892,0.4917971889342707,0.6163736100720638,0.5088280894484887,0.3250702112879219,-0.03303342027522325,0.49151298876599764,50.508916433698275,2.0552687644958496,0.3,7.724251747131348,-0.7848451137542725,-36.553287506103516,-0.9909677505493164
0.9987011551856995,-0.043737877160310745,-0.026133881881833076,0.043638937175273895,0.9990378618240356,-0.00434429245069623,0.02629874274134636,0.0031981836073100567,0.9996489882469177,0.9999999403953552,0.06663515418767929,0.052879463881254196,0.4335067570209503,0.414469838142395,0.020646706223487854,0.23581039905548096,0.25457143783569336,0.006249003577977419,0.012679512612521648,0.011954423040151596,0.1881413459777832,0.280943900346756,1,0.08814961653348308,1,0.4562242706545426,0.3449681222450157,-0.02069900313861688,0.5159237414357534,50.83603862433986,0.4984877407550812,0.40444269180297854,0.6062235534191132,0.45681979656219485,805.205078125,332.5962781906128,855.6541442871094,326.33572340011597,743.0776214599609,332.86808252334595,692.3847961425781,330.1914954185486,478,0.607735812664032,0.5523771047592163,0,0.18330612778663635,0.47709080747402893,0.6825765485236592,0.5368100849984059,0.3294263251192272,-0.03470015337316704,0.48949235972334165,50.763438194135176,2.5019869804382324,0.3,7.653186321258545,-0.7958956360816956,-36.47514724731445,-1.5069806575775146
0.9987631440162659,-0.040506038814783096,-0.02883460745215416,0.04036659002304077,0.9991703033447266,-0.0054021733812987804,0.029029499739408493,0.0042315879836678505,0.9995695948600769,0.9999998211860657,0.07671704888343811,0.053182583302259445,0.4455737769603729,0.4217836856842041,0.04861072450876236,0.16498489677906036,0.12169154733419418,0.011417075991630554,0.012498901225626469,0.010938229970633984,0.21426159143447876,0.28037604689598083,1,0.08615374833816437,1,0.48739643845006414,0.3420672378756395,-0.023272074636330256,0.513648290478246,50.07703416490437,0.4984528303146363,0.40529095828533174,0.6049012422561646,0.4565974444150925,804.1661071777344,332.26147413253784,853.8920593261719,326.34209632873535,742.5947570800781,332.6178216934204,692.5479888916016,329.8701238632202,478,0.6064484119415283,0.5513064861297607,0,0.24255508184432983,0.4760718239112538,0.7089586581693816,0.5317013814771842,0.33128984671741213,-0.034270790666307595,0.4924025104789633,50.12213931565013,2.314439535140991,0.3,7.623325824737549,-0.7741280794143677,-36.547340393066406,-1.663501501083374
0.9984866976737976,-0.03806309774518013,-0.039691679179668427,0.037754569202661514,0.9992509484291077,-0.008494351990520954,0.03998527303338051,0.006982953753322363,0.9991758465766907,1.0000004768371582,0.06548446416854858,0.05218793451786041,0.4487951099872589,0.41827914118766785,0.04919898137450218,0.15771271288394928,0.11599269509315491,0.012436779215931892,0.012847275473177433,0.010369356721639633,0.2237502783536911,0.2555006146430969,1,0.08690818379298679,1,0.493073478617429,0.34648552714270625,-0.022460975081484067,0.5191475605942785,50.17520253918782,0.4987903892993927,0.40499570965766907,0.6043632686138153,0.4565145671367645,804.2012023925781,332.1840763092041,853.9977264404297,326.0312604904175,741.5339660644531,332.639000415802,691.5428924560547,329.7865891456604,478,0.6055728793144226,0.5515188574790955,0,0.4004172682762146,0.4697143030128266,0.6513187595889185,0.5288464238087651,0.3343801238219688,-0.03356991772922783,0.495985103678632,50.07238451156971,2.165424346923828,0.3,7.609929084777832,-0.7535171508789062,-36.488826751708984,-2.291598081588745
0.9988774657249451,-0.04183841124176979,-0.022211240604519844,0.04092510789632797,0.9983574748039246,-0.04009217396378517,0.023852117359638214,0.03913818672299385,0.9989490509033203,1.0000001192092896,0.2431083619594574,0.19828727841377258,0.5430480241775513,0.527132511138916,0.1563122421503067,0.04062627628445625,0.01865733042359352,0.12062136828899384,0.01020747423171997,0.007689226418733597,0.24603791534900665,0.27924153208732605,1,0.08717182857021735,1,0.5346353919822848,0.28638343834496555,-0.024614178324702352,0.4547817119694863,48.05151414660866,0.4947032511234284,0.40830827951431276,0.6021073639392853,0.46255452632904054,804.2704772949219,334.7312092781067,852.2651672363281,332.3950266838074,740.7685852050781,335.17810821533203,691.6988372802734,334.85502004623413,478,0.6074041128158569,0.5542462468147278,0,2.243664503097534,0.4683609536453462,0.6659532411055322,0.47421210519953266,0.27036888756134364,-0.024422258575243536,0.44538530984441704,49.070811563158664,2.346158742904663,0.5,7.665126323699951,-0.7509927153587341,-36.853572845458984,-1.3667552471160889
0.998521089553833,-0.04484575241804123,-0.030733240768313408,0.04412724822759628,0.9987454414367676,-0.023671461269259453,0.03175624459981918,0.022280283272266388,0.9992472529411316,1.0,0.08900533616542816,0.09324459731578827,0.5243019461631775,0.49054473638534546,0.1187610998749733,0.0490281917154789,0.02943371795117855,0.08480891585350037,0.011722693219780922,0.007613590452820063,0.22529762983322144,0.20629079639911652,1,0.08739812383844617,1,0.5218167654343697,0.34565922187420905,-0.02663802458701676,0.4978986058127655,48.72502513219906,0.49563741087913515,0.4078646093606949,0.6021470963954926,0.460843899846077,803.6878967285156,334.10361528396606,852.1603393554688,329.14878129959106,740.4780578613281,335.10302782058716,691.5728759765625,333.9756202697754,478,0.6065096855163574,0.5529792904853821,0,1.2773162126541138,0.492766936422763,0.6903788421254682,0.4764871961242619,0.32017194773950736,-0.02395199684546695,0.5094722322012515,48.91817518127052,2.5304031372070312,0.5,7.682534217834473,-0.7754815220832825,-36.92276382446289,-1.8198045492172241
0.9981474280357361,-0.046928226947784424,-0.03872121125459671,0.04607654735445976,0.9986822009086609,-0.022602107375860214,0.039730869233608246,0.020776115357875824,0.9989944100379944,0.9999992847442627,0.06785241514444351,0.06582625210285187,0.4328211843967438,0.40278613567352295,0.11890798062086105,0.06032413989305496,0.030191969126462936,0.06388872861862183,0.014216611161828041,0.011223305948078632,0.18059581518173218,0.19463804364204407,1,0.0873929898865058,1,0.5228780211535252,0.3582203398855152,-0.03388890275663183,0.4835350848719646,49.62133570274284,0.49594994187355046,0.4061385065317154,0.6017299473285675,0.4589308172464371,802.8578948974609,333.49518299102783,852.1830749511719,328.0819058418274,739.620361328125,334.5359230041504,690.2586364746094,332.9147958755493,478,0.6057800054550171,0.5527923107147217,0,1.1914100646972656,0.5066815777904444,0.6276138331935093,0.4872147564752364,0.3353499751251115,-0.04000180419202181,0.478869010036783,49.38833803419634,2.643015146255493,0.5,7.660615921020508,-0.7570732831954956,-36.851139068603516,-2.277010440826416
0.9983588457107544,-0.045756351202726364,-0.034437522292137146,0.04466414824128151,0.9984943866729736,-0.03184355050325394,0.035842716693878174,0.03025316819548607,0.9988994002342224,0.9999998211860657,0.06675785034894943,0.05581694841384888,0.39576196670532227,0.36353713274002075,0.1208571270108223,0.057837992906570435,0.029884440824389458,0.0663163885474205,0.016577420756220818,0.0138405691832304,0.18956699967384338,0.19849447906017303,1,0.08767150676878036,1,0.5217073242005402,0.36078548859330645,-0.03811890130143185,0.4752884385609259,48.98352142069104,0.49589860439300537,0.4042746812105179,0.6021661162376404,0.45867530405521395,803.9045715332031,333.913049697876,852.5447082519531,328.1231904029846,739.8831176757812,334.61658239364624,690.7469940185547,332.1321487426758,478,0.606267511844635,0.554400622844696,0,1.7347583770751953,0.5090624097553268,0.5700402705697425,0.4863647636930717,0.340012093991716,-0.0410299089424551,0.47037337523665435,49.19889286074161,2.56156587600708,0.5,7.669095993041992,-0.7366474866867065,-36.83021926879883,-2.0540761947631836
0.9983758330345154,-0.04573816433548927,-0.033965785056352615,0.04451799392700195,0.9983651041984558,-0.03585069999098778,0.03554999455809593,0.034280382096767426,0.9987797737121582,0.9999995231628418,0.07351838052272797,0.051733169704675674,0.4143598675727844,0.38418227434158325,0.11787977069616318,0.05339542031288147,0.029969727620482445,0.07209765166044235,0.015404707752168179,0.0136125348508358,0.22239048779010773,0.20568469166755676,1,0.08773031635617914,1,0.5202779455066198,0.35108616906557366,-0.03202232896679354,0.4840075981375932,49.055357533559274,0.49616854786872866,0.40490356385707854,0.6022409737110138,0.4583201140165329,803.9054870605469,333.50923776626587,852.6084899902344,327.6401996612549,740.3144836425781,334.1571092605591,690.9706115722656,331.2522554397583,478,0.6060724258422852,0.5534165501594543,0,1.9657490253448486,0.5250332822853448,0.6528081296952611,0.4809955325817551,0.33768573157477955,-0.03349562922126985,0.48147580989311006,49.429301903935944,2.5531513690948486,0.5,7.668089866638184,-0.6979062557220459,-36.82893753051758,-2.0372936725616455
0.9981435537338257,-0.04846608638763428,-0.0368860624730587,0.04641808196902275,0.9974349141120911,-0.05448833480477333,0.039432283490896225,0.052674997597932816,0.9978328943252563,1.0000001192092896,0.054623477160930634,0.04103102907538414,0.4181361794471741,0.3852223753929138,0.12234580516815186,0.05236557871103287,0.027980299666523933,0.07492534816265106,0.015244140289723873,0.013180307112634182,0.2039428949356079,0.18702824413776398,1,0.08767506497249322,1,0.5231117342868359,0.36309925690436196,-0.03005194163058237,0.49772424419275335,49.27262026538497,0.49603365063667293,0.4033971756696701,0.6022277891635894,0.45850399434566497,803.9057922363281,333.55393409729004,852.7918243408203,327.3938226699829,740.3939056396484,334.42814111709595,691.0160827636719,331.2559461593628,478,0.6061941385269165,0.5551068186759949,0,3.0218045711517334,0.5250332822853448,0.6043352005297395,0.48022565709311726,0.3475662834462697,-0.03161611468480855,0.4902349493881265,49.479614114503164,2.662588119506836,0.5,7.654879093170166,-0.6409595608711243,-36.698150634765625,-2.2598891258239746
0.997996985912323,-0.050199031829833984,-0.03849770128726959,0.048439715057611465,0.9977962374687195,-0.04534607008099556,0.040689192712306976,0.043390415608882904,0.9982292652130127,0.9999999403953552,0.06103595346212387,0.04380524903535843,0.3862994909286499,0.3594862222671509,0.12114445865154266,0.061427678912878036,0.030457651242613792,0.06029960513114929,0.016155395656824112,0.015119541436433792,0.19338853657245636,0.1990700662136078,1,0.08713018239813632,1,0.5230621742922924,0.3619019781917925,-0.03233800122348281,0.48782592476190806,49.31719241098194,0.49630527496337895,0.40290257930755613,0.6025089502334595,0.45804009437561033,803.8829040527344,333.3431124687195,852.8497314453125,327.4749541282654,740.7079315185547,333.95339012145996,691.2907409667969,331.25053882598877,478,0.6062036752700806,0.5551375150680542,0,2.4889309406280518,0.5250332822853448,0.674438021710608,0.4885728509878703,0.3488090904448424,-0.0370652700534134,0.4709512072148898,49.49105098149719,2.778780460357666,0.5,7.685309886932373,-0.680969774723053,-36.73468780517578,-2.3319625854492188
0.9980093836784363,-0.05016998574137688,-0.038212794810533524,0.04837087541818619,0.9977402091026306,-0.04663461074233055,0.04046612232923508,0.04469338059425354,0.9981808662414551,1.0000003576278687,0.06078505516052246,0.043806903064250946,0.3946978747844696,0.3652471899986267,0.12014498561620712,0.05839112773537636,0.030772855505347252,0.0658116340637207,0.01592062972486019,0.01518738642334938,0.18203957378864288,0.21855098009109497,1,0.08762334256305916,1,0.521347428493929,0.3627974569740297,-0.03225941589053588,0.4844496975854728,49.204850372615866,0.4962540864944458,0.4026217520236969,0.6027982234954834,0.4586662113666534,804.5594024658203,334.02701139450073,853.3722686767578,327.82851219177246,740.718994140625,334.5498275756836,691.5647125244141,331.35647535324097,478,0.6065441370010376,0.5560444593429565,0,2.5636963844299316,0.5368063075519425,0.6133075552794739,0.48615877427887494,0.34535384941950936,-0.036435853988909354,0.47229577286627117,49.25790190132815,2.7748031616210938,0.5,7.705379486083984,-0.7001379728317261,-36.71725082397461,-2.319171190261841
0.9981534481048584,-0.04709528759121895,-0.038363274186849594,0.04536658152937889,0.9979676008224487,-0.04475010931491852,0.04039281979203224,0.04292706772685051,0.9982613921165466,1.0000001192092896,0.055050984025001526,0.04393606632947922,0.39089784026145935,0.35545963048934937,0.12851522862911224,0.06588443368673325,0.028631430119276047,0.05782553181052208,0.016300451010465622,0.013899391517043114,0.1953674703836441,0.21002823114395142,1,0.08731078935210261,1,0.5265635721145082,0.3628768716819528,-0.03144481658213721,0.48894193772552397,49.895837830001014,0.49606495499610903,0.40200831890106203,0.6033664882183075,0.45862277746200564,805.0229644775391,333.98566246032715,854.5172119140625,327.6679015159607,741.2824249267578,334.5100665092468,691.8302154541016,331.3539433479309,478,0.6073015332221985,0.5566144585609436,0,2.462306261062622,0.5368063075519425,0.6351220496752907,0.4967697555840493,0.34530216806085656,-0.03642385633738741,0.4758192890363372,49.5528216677514,2.6023311614990234,0.5,7.720613956451416,-0.7040204405784607,-36.63085174560547,-2.3149678707122803
0.9984398484230042,-0.04163947328925133,-0.03720368817448616,0.040011920034885406,0.9982531666755676,-0.04346998780965805,0.03894876316189766,0.041913580149412155,0.9983617663383484,1.0000003576278687,0.05111491680145264,0.043499864637851715,0.3870450258255005,0.3442026972770691,0.13487131893634796,0.05078190565109253,0.024847710505127907,0.0778994932770729,0.01805579476058483,0.015264226123690605,0.20762816071510315,0.18736635148525238,1,0.08725560535799676,1,0.5260244929412388,0.3649161286620933,-0.030827780178154088,0.48649160250566686,49.828322665328244,0.4959348738193512,0.4021640419960022,0.6032359302043915,0.45874279737472534,804.7987365722656,334.01381492614746,854.2518615722656,327.9105234146118,742.1376037597656,334.53251123428345,692.2551727294922,331.3425278663635,478,0.6073010563850403,0.5565787553787231,0,2.4040000438690186,0.5435164774551313,0.5902958444692301,0.48125555677180715,0.34581406892183375,-0.03513302156367379,0.47584372128584607,49.98432673826427,2.294868230819702,0.5,7.740827560424805,-0.7094343900680542,-36.759944915771484,-2.232164144515991
0.997968316078186,-0.04364464804530144,-0.04641510173678398,0.04136847332119942,0.9979457259178162,-0.048918578773736954,0.048454780131578445,0.04689909145236015,0.9977236986160278,0.9999999403953552,0.05000346153974533,0.04786311462521553,0.4210549592971802,0.38359227776527405,0.11639510095119476,0.05583826079964638,0.030651962384581566,0.06744007021188736,0.015272174961864948,0.01267208345234394,0.1910843402147293,0.20638000965118408,1,0.08833764498128889,1,0.5229577073754074,0.36324904956149434,-0.02933056715794647,0.49305485286371015,50.02358097467569,0.49700486063957217,0.40306943356990815,0.6027010619640351,0.4595071643590927,804.5579528808594,334.3814492225647,854.1913604736328,328.1457853317261,740.4418182373047,335.07927417755127,690.880126953125,331.85879945755005,478,0.6056962013244629,0.5564377307891846,0,2.6912693977355957,0.5435164774551313,0.5761247311773006,0.4845691481286356,0.3393228497294576,-0.031143544896412873,0.4887264757696429,49.66621286619135,2.3737051486968994,0.5,7.687509536743164,-0.6958307027816772,-36.6343994140625,-2.777341842651367
0.9979186654090881,-0.04515264928340912,-0.04603872075676918,0.042926158756017685,0.9979122877120972,-0.048254210501909256,0.04812140762805939,0.046177513897418976,0.9977735280990601,0.9999998211860657,0.05575992912054062,0.045303814113140106,0.43528246879577637,0.4015469551086426,0.10385360568761826,0.05336402356624603,0.035948269069194794,0.0678522139787674,0.014304075390100479,0.012658368796110153,0.189083531498909,0.18969233334064484,1,0.08847655134641888,1,0.518640106512929,0.36224997769667744,-0.027660360149523996,0.4971520170818745,49.50505749518972,0.497020548582077,0.40405363738536837,0.6024965703487396,0.4593368858098984,804.3840789794922,334.0781021118164,853.5273742675781,328.1042218208313,740.4112243652344,334.7600054740906,690.8680725097656,331.7985463142395,478,0.6054760217666626,0.55528324842453,0,2.649789571762085,0.5342242593476392,0.6017822903627787,0.47807192972985146,0.341815113617732,-0.029484283170262075,0.4902639420602239,49.631584059233546,2.4630987644195557,0.5,7.68038272857666,-0.6859878301620483,-36.679264068603516,-2.758218765258789
0.9981065988540649,-0.04306132718920708,-0.04391976818442345,0.041854556649923325,0.9987301826477051,-0.028036756440997124,0.0450713075697422,0.02614540047943592,0.9986414909362793,0.9999997615814209,0.049608249217271805,0.04096048325300217,0.41093340516090393,0.3817892074584961,0.08982110023498535,0.07077696919441223,0.046995315700769424,0.04251539707183838,0.014777032658457756,0.01352956984192133,0.178670272231102,0.19303953647613525,1,0.08783238521475525,1,0.5154838087869005,0.3660117080501457,-0.02705481192849774,0.499493780245553,49.896868642299154,0.49737116098403933,0.40369982421398165,0.6022530436515808,0.45816833674907687,803.3035278320312,333.26865434646606,852.8597259521484,327.4479389190674,739.6741485595703,333.9058828353882,690.3084564208984,331.0720753669739,478,0.6048818826675415,0.5544685125350952,0,1.4997162818908691,0.5342242593476392,0.6308267135497929,0.4930511805491081,0.34877467889418945,-0.03382053968285973,0.4876198373301181,49.44696173878699,2.401231527328491,0.5,7.652101516723633,-0.7278856039047241,-36.79030227661133,-2.583270788192749
0.9980549812316895,-0.045827604830265045,-0.0422622412443161,0.04452807828783989,0.9985209703445435,-0.03119487129151821,0.043629322201013565,0.02925235964357853,0.9986194372177124,1.0000001192092896,0.05039585009217262,0.041178613901138306,0.39862173795700073,0.36871451139450073,0.0893796905875206,0.07160091400146484,0.04748830944299698,0.04335734248161316,0.0156276635825634,0.014885316602885723,0.18003979325294495,0.21151641011238098,1,0.08787543495467369,1,0.5124222642624314,0.36641054498456005,-0.030608378303636833,0.4970866040394196,49.71178357259728,0.4972296535968781,0.4023945748806,0.6018557727336884,0.4581959068775177,802.8218078613281,333.63656759262085,852.1517944335938,327.48727083206177,739.1200256347656,334.3133854866028,689.9099731445312,331.10164403915405,478,0.6046261191368103,0.5558013319969177,0,1.677873969078064,0.5362419221671201,0.637247972489944,0.49147526944339265,0.34906066584122974,-0.038066957827365105,0.4848682850878634,49.31474981499462,2.554548740386963,0.5,7.62130069732666,-0.7356593012809753,-36.77385330200195,-2.5005695819854736
0.9977072477340698,-0.04831383377313614,-0.047391731292009354,0.046406522393226624,0.998099148273468,-0.04055316746234894,0.049260932952165604,0.038260865956544876,0.9980528950691223,1.0,0.04793921858072281,0.048139844089746475,0.40174975991249084,0.3602548837661743,0.0945512130856514,0.07008558511734009,0.043525028973817825,0.04544687643647194,0.017195845022797585,0.014048876240849495,0.2012140452861786,0.21131296455860138,1,0.08762096855831819,1,0.5152209028151055,0.36640964453626446,-0.03037670565654275,0.4914382341214962,49.64689246459669,0.49707751870155337,0.40240950882434845,0.6017345130443573,0.4581841379404068,802.6972961425781,333.35452795028687,851.9145202636719,326.836953163147,739.0892028808594,334.4900894165039,689.9214172363281,331.47000789642334,478,0.604656994342804,0.5557746291160583,0,2.195387601852417,0.5210814391068289,0.6518189353192511,0.4922988276406669,0.3444634635148843,-0.03506486020060353,0.48323083534285677,49.26045105023934,2.66308856010437,0.5,7.626096248626709,-0.6999616026878357,-36.730316162109375,-2.8235862255096436
0.998024046421051,-0.050015680491924286,-0.03803284838795662,0.048806749284267426,0.9982930421829224,-0.03207765892148018,0.03957231715321541,0.030158020555973053,0.9987615346908569,1.0,0.044473860412836075,0.047271210700273514,0.3971410393714905,0.3619503974914551,0.10811203718185425,0.05765877291560173,0.034234173595905304,0.060794565826654434,0.016874276101589203,0.014477520249783993,0.18694937229156494,0.21516413986682892,1,0.08758117514453506,1,0.5186330144857146,0.36960361729875624,-0.03166637710992309,0.4898462932345438,49.91902237061122,0.4965054810047149,0.40324556827545166,0.6012470543384552,0.4580810070037842,802.0893096923828,333.28343868255615,851.5730285644531,326.70541763305664,739.0538024902344,334.47603464126587,689.7457885742188,331.49837493896484,478,0.6047415733337402,0.5548354387283325,0,1.7295444011688232,0.5284391656164874,0.588442250004526,0.48228161223018956,0.3453162490931474,-0.034544169095123825,0.4846463589613919,49.39784098261272,2.799726724624634,0.5,7.58979606628418,-0.7309543490409851,-36.74477005004883,-2.267918825149536
0.9981644153594971,-0.043280526995658875,-0.04236205294728279,0.04186183214187622,0.9985507726669312,-0.03382298722863197,0.04376453533768654,0.031987547874450684,0.9985296726226807,1.0000005960464478,0.42210760712623596,0.2343057245016098,0.6440863609313965,0.6438974142074585,0.09617755562067032,0.047466862946748734,0.03661024942994118,0.09441813826560974,0.0058899689465761185,0.00586475245654583,0.31344643235206604,0.37567582726478577,1,0.08898916580775888,1,0.5121230894979621,0.19373973473652556,0.001701159507146712,0.4277221364013676,48.749405719742384,0.49663394689559937,0.4080592066049576,0.6002422571182251,0.4635619789361954,801.5733337402344,334.78039026260376,850.2484893798828,332.0908212661743,737.4317932128906,335.1611351966858,688.4735107421875,333.9198088645935,478,0.6036083102226257,0.5555027723312378,0,1.834822654724121,0.5072732917049803,0.7197173381384223,0.46857983327809344,0.22140523674696896,-0.005562861448697761,0.43862179737660956,48.97401671949984,2.4015095233917236,0.7,7.595736026763916,-0.7944748997688293,-37.03082275390625,-2.508324146270752
0.99835604429245,-0.04238561540842056,-0.03858339414000511,0.04193057864904404,0.9990420341491699,-0.01252766977995634,0.03907741233706474,0.01088921818882227,0.9991768598556519,0.9999997615814209,0.21108095347881317,0.12519967555999756,0.5242422819137573,0.5260388851165771,0.15908598899841309,0.03543679043650627,0.018420420587062836,0.12950009107589722,0.008879518136382103,0.008381222374737263,0.24584639072418213,0.3403712213039398,1,0.0872125753046452,1,0.5349011098897971,0.2935658252633081,-0.023764074770302467,0.49301035196015913,48.16206567245158,0.49598599076271055,0.40794006288051604,0.5994658529758453,0.4614931672811508,800.9098052978516,334.5221471786499,848.9652252197266,331.318838596344,737.4041748046875,334.71627473831177,688.6726379394531,333.2525396347046,478,0.6034798622131348,0.5535531044006348,0,0.624395489692688,0.580763324743546,0.6909533283756023,0.4689147539712374,0.2882834992208286,-0.022319158849401076,0.4852178782655802,48.75351480456291,2.4049875736236572,0.7,7.575861930847168,-0.8564435839653015,-37.053714752197266,-2.2395410537719727
0.9982455968856812,-0.045522138476371765,-0.037861645221710205,0.04482134431600571,0.9988113045692444,-0.019156064838171005,0.038688674569129944,0.017425445839762688,0.9990993738174438,0.9999999403953552,0.12069222331047058,0.07447777688503265,0.5123796463012695,0.5164679884910583,0.19137617945671082,0.03183973208069801,0.013500002212822437,0.15178953111171722,0.008683116175234318,0.008331159129738808,0.21935410797595978,0.31301555037498474,1,0.08748546988010807,1,0.5455369360913506,0.3312156235586769,-0.022234637029453042,0.5210198041556596,48.226770115731405,0.49542443156242366,0.40757380425930023,0.5989016115665435,0.4611630290746689,800.8954620361328,334.5064616203308,848.9414978027344,330.33515453338623,736.2532043457031,334.70962285995483,687.593994140625,332.7318048477173,478,0.6034771800041199,0.5535892248153687,0,0.9992031455039978,0.580763324743546,0.7851120096836482,0.47329036850027684,0.31328799186865003,-0.01955854600042741,0.5159656291255466,48.6993891334266,2.5708603858947754,0.7,7.542725563049316,-0.8224579691886902,-36.95673370361328,-2.2172510623931885
0.997763454914093,-0.04763548821210861,-0.04689418524503708,0.046503957360982895,0.9986068606376648,-0.024932345375418663,0.04801652580499649,0.022695815190672874,0.9985886812210083,0.9999995231628418,0.06423632055521011,0.03272610157728195,0.4670017659664154,0.4640745520591736,0.16627125442028046,0.04093122482299805,0.017536843195557594,0.11143636703491211,0.010102586820721626,0.010657668113708496,0.15261977910995483,0.23168206214904785,1,0.08724330173385744,1,0.5389446671030728,0.3596297974629547,-0.02241962424649532,0.523721916700699,48.916944229288504,0.4961219489574432,0.40610033869743345,0.5990142285823822,0.46032328009605405,800.3289794921875,334.4533324241638,848.9588165283203,329.16122674942017,736.4906311035156,334.47680711746216,687.6109313964844,332.0172643661499,478,0.602892279624939,0.5542229413986206,0,1.3019880056381226,0.6127850527745962,0.6874943120975561,0.4767102185294329,0.34591510689645805,-0.02193716082740195,0.5276409050848342,48.94154057743755,2.6685216426849365,0.7,7.558770179748535,-0.7921106815338135,-36.92424774169922,-2.752202272415161
0.9971160292625427,-0.05191219225525856,-0.055360347032547,0.04949547350406647,0.9977973103523254,-0.044167112559080124,0.057531215250492096,0.04129965603351593,0.9974890947341919,1.0000001192092896,0.06247173994779587,0.0314970538020134,0.4579160213470459,0.44953349232673645,0.13294845819473267,0.04303920641541481,0.024081602692604065,0.0998271256685257,0.010969488881528378,0.011835998855531216,0.14993810653686523,0.23213531076908112,1,0.08794152828960779,1,0.5276886996306487,0.360375825350141,-0.023892691974369065,0.516200885661891,49.20466009330429,0.49649256467819214,0.40426365435123446,0.5991840958595276,0.4599864274263382,800.3611755371094,334.42106008529663,849.2160797119141,328.56470346450806,736.4421844482422,334.5899748802185,687.3635101318359,331.9024443626404,478,0.6026915311813354,0.5557227730751038,0,2.3708980083465576,0.6127850527745962,0.6381144437337138,0.4751101896260129,0.3456094641400151,-0.02257471084288748,0.5249760171646574,49.15220333857977,2.8417513370513916,0.7,7.557494163513184,-0.721869170665741,-36.788944244384766,-3.298116683959961
0.9970904588699341,-0.054130446165800095,-0.05367012321949005,0.05251900479197502,0.9981387853622437,-0.030994655564427376,0.05524798482656479,0.028085805475711823,0.9980775117874146,1.0,0.04160361364483833,0.028691068291664124,0.43390774726867676,0.4267785847187042,0.136213019490242,0.03950147703289986,0.022822730243206024,0.10813932865858078,0.012238604947924614,0.01301790401339531,0.12470117211341858,0.2204926609992981,1,0.08802549769523811,1,0.5286570785176715,0.37638288121762264,-0.028165630976007383,0.507122221965892,49.48635809453078,0.49619947671890263,0.40487401485443114,0.5988925576210022,0.45954095125198363,800.0405883789062,334.38857316970825,849.0708923339844,327.68566846847534,736.4105224609375,334.78845834732056,687.2416687011719,331.8821454048157,478,0.6026930809020996,0.5546669363975525,0,1.6118723154067993,0.6127850527745962,0.5578940489753416,0.4677596880809122,0.35119428804291764,-0.02409287246800342,0.5193673023738944,49.25467323074531,3.0151114463806152,0.7,7.552123069763184,-0.7705796360969543,-36.79323196411133,-3.167088747024536
0.9972543120384216,-0.054637275636196136,-0.0499865859746933,0.053299956023693085,0.9981940388679504,-0.02770736999809742,0.05141016095876694,0.024967018514871597,0.9983654618263245,0.9999997019767761,0.049891404807567596,0.029387887567281723,0.441957950592041,0.42297235131263733,0.1431555300951004,0.037787239998579025,0.020519709214568138,0.11622873693704605,0.012565165758132935,0.01236275490373373,0.16040398180484772,0.17736999690532684,1,0.08806563208728298,1,0.5364196030776163,0.3713772591287451,-0.027777776144183926,0.5111239084023284,49.16820800594612,0.4960174679756164,0.4038799852132797,0.5990252614021301,0.4585321992635727,800.6804656982422,332.96438455581665,849.4911956787109,327.0461654663086,736.6722106933594,334.01950120925903,687.5514221191406,331.7763161659241,478,0.6030077934265137,0.554652214050293,0,1.43254816532135,0.6127850527745962,0.6096641323137921,0.465064269523056,0.3573954876662942,-0.025266448318170636,0.5192314085669496,49.17198134497007,3.059359550476074,0.7,7.547744274139404,-0.7589614391326904,-36.76626205444336,-2.9468841552734375
0.997431218624115,-0.054205361753702164,-0.046826574951410294,0.0530751571059227,0.9982762932777405,-0.02505233883857727,0.04810382053256035,0.022502657026052475,0.9985888004302979,1.0000004768371582,0.049511656165122986,0.028528334572911263,0.4381027817726135,0.4202665090560913,0.14894776046276093,0.030436545610427856,0.01836550235748291,0.14786188304424286,0.013217328116297722,0.013037086464464664,0.16976222395896912,0.1622195988893509,1,0.08826966961916584,1,0.5300403659255655,0.3657957421794006,-0.026853280112248516,0.5058259398920076,49.99124246339847,0.4958534836769104,0.4040252447128296,0.5988596081733704,0.45861350297927855,799.8844909667969,332.9902410507202,849.5241546630859,327.07178592681885,737.454833984375,334.032826423645,687.3381042480469,331.9067144393921,478,0.60300612449646,0.554588258266449,0,1.2909108400344849,0.6127850527745962,0.5990644357700421,0.453217966926967,0.35312868801773273,-0.024173417605629306,0.5160297079976625,50.16180770002276,3.0459415912628174,0.7,7.5490193367004395,-0.7696834206581116,-36.81961441040039,-2.7572097778320312
0.9975501894950867,-0.051632579416036606,-0.04719909653067589,0.05064541846513748,0.998477041721344,-0.0218775924295187,0.048256803303956985,0.019433584064245224,0.9986459016799927,1.0000001192092896,0.05466727167367935,0.03462328389286995,0.42163294553756714,0.40301787853240967,0.16192308068275452,0.03095046803355217,0.016282377764582634,0.14975738525390625,0.013347886502742767,0.014036391861736774,0.17039743065834045,0.19588559865951538,1,0.08792893780947938,1,0.5370090611103905,0.3649577385477603,-0.02914351095803305,0.5026165449223666,49.77529889476768,0.4958145678043365,0.4035235166549683,0.5988203346729278,0.4582288384437561,800.0675964355469,333.00283670425415,849.5121765136719,327.27449655532837,737.3307800292969,333.625066280365,687.6337432861328,331.6162419319153,478,0.6030057668685913,0.5547053217887878,0,1.1148313283920288,0.6550417554688672,0.5783444429299907,0.4541928191302993,0.35035146116477783,-0.02935024281107616,0.5044675819891898,49.73761993113259,2.9063994884490967,0.7,7.555047512054443,-0.7708451151847839,-36.839012145996094,-2.7659852504730225
0.9969519972801208,-0.05516385659575462,-0.05516854673624039,0.05393311381340027,0.9982666373252869,-0.023555291816592216,0.05637231841683388,0.020508047193288803,0.9981992244720459,1.0,0.052288707345724106,0.037661779671907425,0.39894774556159973,0.3771011531352997,0.13360141217708588,0.04394331946969032,0.023178359493613243,0.09628994762897491,0.015866491943597794,0.015111718326807022,0.19985643029212952,0.1902885138988495,1,0.08769984784603443,1,0.531478876753807,0.3597181069443762,-0.032312185432758184,0.49102216296055345,50.362761966509595,0.49677436947822573,0.40291920900344846,0.5984942853450775,0.45766321420669553,799.0577697753906,332.8389859199524,848.9754486083984,326.1581826210022,736.3215637207031,333.9822721481323,686.6436767578125,331.57386302948,478,0.6017199158668518,0.5547440052032471,0,1.1769787073135376,0.6550417554688672,0.583147617384672,0.46882661318777225,0.3492310082763899,-0.032824161869742935,0.49960966397177514,49.73623314727421,3.0965688228607178,0.7,7.51908540725708,-0.7623986005783081,-36.77118682861328,-3.2316088676452637
0.9969737529754639,-0.055052198469638824,-0.05488692224025726,0.05388220027089119,0.9982921481132507,-0.02257443033158779,0.056035954505205154,0.019548682495951653,0.9982373714447021,1.0000005960464478,0.0421481728553772,0.02992754429578781,0.42440274357795715,0.40625348687171936,0.13396604359149933,0.0449519008398056,0.023153970018029213,0.09299982339143753,0.013776032254099846,0.013053718954324722,0.158698171377182,0.16127432882785797,1,0.08772135804484694,1,0.5331632159017671,0.37128061071811763,-0.026011365471113622,0.49771731106208933,50.33942460872003,0.4967313170433044,0.4035937339067459,0.5984595775604248,0.45805807411670685,799.0836334228516,332.84286975860596,848.9836883544922,326.20644092559814,736.0956573486328,333.97042751312256,686.4352416992188,331.59298181533813,478,0.6017282605171204,0.5544643402099609,0,1.1218912601470947,0.6550417554688672,0.59804235984178,0.4723160391472399,0.356848822749724,-0.028696782197063647,0.5048860277842873,49.71729206843346,3.093583822250366,0.7,7.514830589294434,-0.7638082504272461,-36.76953125,-3.212306022644043
0.9963882565498352,-0.05803525447845459,-0.061986714601516724,0.05644616484642029,0.998038113117218,-0.027088169008493423,0.06343716382980347,0.023491423577070236,0.9977092742919922,0.9999993443489075,0.0363008975982666,0.032112061977386475,0.42552733421325684,0.41485723853111267,0.12230417132377625,0.046758294105529785,0.02735832892358303,0.08542090654373169,0.013041684404015541,0.01263916864991188,0.1364073008298874,0.18423257768154144,1,0.08800689993444658,1,0.53091212598753,0.3773647002378443,-0.02761624846882606,0.5031769220658125,50.03545171960524,0.49707031846046446,0.4048287093639374,0.5979670941829681,0.45857898592948915,798.7194061279297,333.4256601333618,848.2456207275391,326.30523204803467,734.5110321044922,334.7590398788452,686.0911560058594,331.881308555603,478,0.6008967757225037,0.5537502765655518,0,1.3488004207611084,0.6450102425898045,0.5247604038228277,0.47436524339614156,0.3596382235965253,-0.030450771001923865,0.5085300367372785,48.50531660625186,3.242384433746338,0.7,7.518209934234619,-0.756767988204956,-36.82240295410156,-3.6371238231658936
0.9966133832931519,-0.05371905118227005,-0.06225917860865593,0.053272396326065063,0.9985411167144775,-0.00881300587207079,0.06264176964759827,0.005466472823172808,0.998021125793457,0.9999998211860657,0.03445043787360191,0.028219757601618767,0.43183907866477966,0.4122749865055084,0.13431166112422943,0.048417769372463226,0.023621369153261185,0.08530271798372269,0.012834291905164719,0.012264134362339973,0.13967116177082062,0.17424103617668152,1,0.08740575616950244,1,0.537711772174675,0.3766592555802792,-0.025655729650435073,0.5090141124058827,50.071719851855576,0.4971131682395935,0.4051832318305969,0.5977849364280701,0.4587064146995544,798.4040832519531,333.4299087524414,847.9734802246094,326.3551640510559,734.5319366455078,334.79596853256226,686.0635375976562,331.75299167633057,478,0.6006717681884766,0.5535231828689575,0,0.3138236999511719,0.6395756898561692,0.5285711939423212,0.4774846487619645,0.36205367330252103,-0.029413755954728806,0.5115382343120961,48.56382825217208,3.0597434043884277,0.7,7.527154922485352,-0.8203233480453491,-36.953224182128906,-3.5914602279663086
0.9964814186096191,-0.05485498532652855,-0.06336955726146698,0.05410841852426529,0.998444676399231,-0.013439149595797062,0.0640082061290741,0.009963026270270348,0.9978996515274048,0.9999997615814209,0.04659482091665268,0.028804002329707146,0.42890235781669617,0.41169095039367676,0.13260571658611298,0.037841081619262695,0.02267630212008953,0.10900067538022995,0.013068255968391895,0.012697475031018257,0.1607101708650589,0.15271922945976257,1,0.08835054247776623,1,0.5333819549695906,0.3664429750417907,-0.026819663415292537,0.5007153718548968,50.30885715253825,0.49696116447448735,0.4046374648809433,0.5973352670669556,0.4580198019742966,798.0232238769531,332.50553369522095,847.9573059082031,326.3762140274048,734.4178009033203,334.1409945487976,685.2217102050781,331.74455881118774,478,0.6003741025924683,0.5533823370933533,0,0.5720217823982239,0.6395756898561692,0.5985898770781929,0.46382016820741023,0.3613954575251073,-0.03008821200863359,0.5040151858676253,49.25442360166926,3.1080782413482666,0.7,7.501039981842041,-0.7910123467445374,-36.89079666137695,-3.6699087619781494
0.9962358474731445,-0.059390392154455185,-0.06314246356487274,0.05813885107636452,0.9980774521827698,-0.02147846482694149,0.06429668515920639,0.017726590856909752,0.9977734088897705,0.9999997615814209,0.04248693957924843,0.026386067271232605,0.41828158497810364,0.4049290120601654,0.17255571484565735,0.023795217275619507,0.016359545290470123,0.1746816337108612,0.01344024296849966,0.013831538148224354,0.1407654732465744,0.16158217191696167,1,0.08929065306340296,1,0.5347045649309934,0.3658215738761006,-0.027320036196098116,0.49545880539162446,50.71606383359688,0.49610857963562016,0.4039238035678864,0.5964951992034913,0.458287113904953,797.4833679199219,332.9120707511902,847.724609375,325.9884309768677,734.0520477294922,334.4973421096802,684.3926239013672,331.85302734375,478,0.6003866195678711,0.5543633103370667,0,1.0178182125091553,0.6395756898561692,0.6044113563034482,0.4423819393657732,0.3565580876282255,-0.02609280434393947,0.510499131009786,49.72977755452084,3.3399085998535156,0.7,7.490296840667725,-0.7626398205757141,-36.89569091796875,-3.686471462249756
0.9944949746131897,-0.06849595159292221,-0.07929691672325134,0.0660213902592659,0.9972583651542664,-0.03342156857252121,0.08136874437332153,0.0280022993683815,0.9962906241416931,1.000000238418579,0.037081483751535416,0.025197075679898262,0.40073361992836,0.39384588599205017,0.10690472275018692,0.05523166432976723,0.03451216593384743,0.06447412073612213,0.013495886698365211,0.014080509543418884,0.12981005012989044,0.1727595180273056,1,0.0879306942407755,1,0.52992944680322,0.37025823673537256,-0.02753154005338142,0.504144000942101,50.75460080001953,0.4972461640834809,0.40353248119354246,0.5953499257564545,0.4580939173698425,794.9534606933594,332.8526973724365,845.1486206054688,325.3376841545105,731.2193298339844,334.63619470596313,682.5135803222656,332.1378993988037,478,0.5981037616729736,0.5545614361763,0,1.609963059425354,0.5777649494724515,0.5903376912222386,0.47771857729799094,0.36492001829340076,-0.03073296522264549,0.5032460892465037,48.769780756505405,3.7981131076812744,0.7,7.418628692626953,-0.71604323387146,-36.861656188964844,-4.667245388031006
0.9959864020347595,-0.05943061038851738,-0.06692611426115036,0.05820571258664131,0.998102068901062,-0.02010766975581646,0.0679941177368164,0.016131477430462837,0.9975553154945374,1.0000001192092896,0.05703697353601456,0.030662624165415764,0.4527778923511505,0.4424198567867279,0.23492686450481415,0.019632982090115547,0.009091444313526154,0.24597394466400146,0.010733649134635925,0.011751881800591946,0.16358688473701477,0.1785518079996109,1,0.08727367452925214,1,0.5573010455915415,0.35789234442232815,-0.02122136117256569,0.505969782041009,50.135046652398415,0.4955038487911224,0.40551150441169737,0.5944501221179962,0.45938957333564756,794.83642578125,333.25878381729126,844.6153259277344,327.29355096817017,732.9898834228516,334.400053024292,683.3988952636719,332.20443964004517,478,0.5989462733268738,0.5538780689239502,0,0.9264497756958008,0.8094189550262952,0.6793086850743597,0.43595362498281526,0.35345148493602985,-0.021459876520975453,0.5076564966326274,49.63956914434554,3.344576597213745,0.92,7.418115139007568,-0.7855059504508972,-36.983253479003906,-3.8987839221954346
0.996433436870575,-0.05155593156814575,-0.06680095940828323,0.050353385508060455,0.9985398054122925,-0.019563516601920128,0.06771202385425568,0.01613008975982666,0.9975744485855103,1.0000001192092896,0.5305352807044983,0.3402254283428192,0.7318017482757568,0.7379168272018433,0.0801946222782135,0.06548278778791428,0.052431195974349976,0.06155681610107422,0.0035646322648972273,0.00351528637111187,0.3319143056869507,0.3534037172794342,1,0.08914836789683003,1,0.5111449021068115,0.1500311729832611,0.015586652717735142,0.4237003088246252,50.50827650720242,0.49807072877883907,0.4111655056476593,0.5970844149589538,0.46515920758247375,796.680908203125,334.6025490760803,847.1524810791016,332.677366733551,733.0703735351562,335.4241418838501,683.3982086181641,335.60558795928955,478,0.5990136861801147,0.5539937019348145,0,0.9263523817062378,0.7875144520144675,0.6164572706451907,0.48079348840085395,0.18514714016210476,0.003006012265720169,0.37977057428473915,49.67249631655839,2.89290189743042,0.92,7.455779075622559,-0.8473201990127563,-37.04725646972656,-3.8825836181640625
0.9964814782142639,-0.05498674139380455,-0.06325371563434601,0.05368490144610405,0.998313307762146,-0.022101275622844696,0.0643623024225235,0.018627749755978584,0.9977527856826782,0.9999997615814209,0.34252604842185974,0.22953851521015167,0.6642061471939087,0.6650173664093018,0.1403319388628006,0.0388261079788208,0.023285383358597755,0.11931513249874115,0.005249946843832731,0.004943537060171366,0.28468558192253113,0.34772342443466187,1,0.08761822235677368,1,0.5326652357235447,0.22734812333490845,0.0015280286631347113,0.4831373736810567,48.433094445289164,0.4965046584606171,0.40960563719272614,0.5961784660816193,0.46437378227710724,796.6468811035156,335.17040491104126,844.9557495117188,331.703724861145,733.082275390625,335.93663692474365,684.4065093994141,335.26556968688965,478,0.5996738076210022,0.5547681450843811,0,1.0695710182189941,0.7850150332588307,0.7264646131519584,0.46594300829728963,0.23425779574347463,-0.005225539435865207,0.4584886947764709,48.680391598324356,3.0837976932525635,0.92,7.479773044586182,-0.8553388714790344,-37.16141891479492,-3.6902387142181396
0.9964863657951355,-0.05403801426291466,-0.06399025768041611,0.05311274901032448,0.9984591603279114,-0.016074616461992264,0.06476031243801117,0.012619433924555779,0.997821033000946,1.0000001192092896,0.23301322758197784,0.1540500521659851,0.6127209663391113,0.610846996307373,0.20044375956058502,0.02084665186703205,0.01399289071559906,0.21064311265945435,0.006274208892136812,0.006158073432743549,0.25937238335609436,0.3327510356903076,1,0.08819261750793266,1,0.5413225793799104,0.27639612688975695,-0.008844345778365733,0.5159070973199951,48.383173603766835,0.4956428945064545,0.40879458785057066,0.5954540312290192,0.463276332616806,796.5682220458984,334.9741530418396,844.7970581054688,331.1126947402954,733.0437469482422,335.7120394706726,684.3966674804688,334.8487329483032,478,0.5998111367225647,0.5544817447662354,0,0.7245805859565735,0.7850150332588307,0.778436188057048,0.43938988600039863,0.2708207478876813,-0.013445691973243622,0.48741581384372973,48.65473912161834,3.0509793758392334,0.92,7.4782490730285645,-0.8687001466751099,-37.138851165771484,-3.7130908966064453
0.9965304136276245,-0.05785489082336426,-0.059832863509655,0.05749793350696564,0.9983161091804504,-0.007671949919313192,0.06017596647143364,0.004205039236694574,0.9981788992881775,1.0000001192092896,0.09064394235610962,0.11249787360429764,0.5509889125823975,0.5452495813369751,0.2744487226009369,0.01768222451210022,0.007416393607854843,0.28846076130867004,0.007960088551044464,0.007182765752077103,0.20094837248325348,0.30112984776496887,1,0.08726275562837252,1,0.5686063788064173,0.33608185623492415,-0.016571917522204688,0.5173207800321779,48.63480932221173,0.49482348561286926,0.40814695358276365,0.594832569360733,0.46242687702178953,796.4817810058594,334.7250723838806,844.7974395751953,329.16253566741943,733.0451965332031,335.88146924972534,684.3724060058594,334.74989891052246,478,0.6000090837478638,0.5542799234390259,0,0.2413691133260727,0.835367462390419,0.8052840236743419,0.4353375754987864,0.30383519870792636,-0.014111579150234666,0.49603557387758707,48.68594241923041,3.3021974563598633,0.92,7.480363368988037,-0.8800607919692993,-37.193206787109375,-3.4499130249023438
0.9959937334060669,-0.06028174236416817,-0.06605042517185211,0.05913303792476654,0.9980652332305908,-0.01921205222606659,0.0670807883143425,0.015229320153594017,0.9976313710212708,1.0000001192092896,0.09609659761190414,0.08753257244825363,0.5070122480392456,0.4983264207839966,0.25568053126335144,0.01693338342010975,0.008880319073796272,0.27084335684776306,0.009396628476679325,0.009034044109284878,0.21600289642810822,0.2774968445301056,1,0.08777688409887226,1,0.5575324157097081,0.33406380313678324,-0.020284106248011555,0.5006723355395237,49.16923790916145,0.49544188380241394,0.4066999077796936,0.5945794880390167,0.46052844524383546,795.7488250732422,333.6483693122864,844.5742034912109,327.84351110458374,732.7072906494141,335.0292992591858,683.9860534667969,333.4985089302063,478,0.5991376042366028,0.5538285374641418,0,0.8745795488357544,0.8373505442741956,0.7865478777835505,0.42917853229274244,0.3161647119350766,-0.018640921789317068,0.4932578197774286,48.74527948154187,3.3977129459381104,0.92,7.442873954772949,-0.8000299334526062,-37.039791107177734,-3.846334218978882
0.996073305606842,-0.06133389472961426,-0.06384453177452087,0.06016568839550018,0.9979867935180664,-0.02006402797996998,0.06494659185409546,0.01614396460354328,0.997758150100708,0.9999998211860657,0.044130824506282806,0.03807747736573219,0.48436662554740906,0.48412904143333435,0.21275688707828522,0.026682257652282715,0.010629499331116676,0.19578668475151062,0.010112286545336246,0.009533509612083435,0.1709865927696228,0.19845566153526306,1,0.08653542942106635,1,0.5594927728557582,0.36390889064475296,-0.01932520136952928,0.5235557647176835,49.49756440064474,0.49578118324279785,0.40791564583778384,0.595200777053833,0.4601780712604523,795.7649230957031,333.61603260040283,844.8043823242188,326.8973779678345,733.5674285888672,335.0436758995056,684.6871185302734,333.0949115753174,478,0.5994195938110352,0.5522624254226685,0,0.9269784092903137,0.8464933427452476,0.6882635043553514,0.4460527823222102,0.34693857542489315,-0.01742637598741084,0.5310230708010419,48.91914138569204,3.456629514694214,0.92,7.470749855041504,-0.7813160419464111,-37.12051773071289,-3.7237865924835205
0.9965088963508606,-0.058276474475860596,-0.05978156253695488,0.05736492946743965,0.9982110261917114,-0.01685386896133423,0.06065679341554642,0.0133656682446599,0.9980692267417908,0.9999997019767761,0.03189254552125931,0.024814307689666748,0.47099003195762634,0.4590400457382202,0.2768799066543579,0.018175365403294563,0.00658262986689806,0.28779512643814087,0.010848687961697578,0.010340804234147072,0.14445705711841583,0.15909230709075928,1,0.0869134849843829,1,0.5678239616594367,0.3753878491457579,-0.02108516769161991,0.5304141756108228,50.00462038747868,0.4950465619564056,0.4075904369354248,0.5948874413967132,0.45987873077392577,795.8008575439453,333.5109543800354,845.3489685058594,326.76953315734863,733.6952209472656,334.9321389198303,684.5182800292969,332.68728017807007,478,0.5998408794403076,0.552288293838501,0,0.7672318816184998,0.8464933427452476,0.5754075682058055,0.43341420048366514,0.35752477484543554,-0.01717459131010519,0.5419239320862045,49.228151589495035,3.294646739959717,0.92,7.462405681610107,-0.7815431356430054,-37.10378646850586,-3.477512836456299
0.9963690638542175,-0.06030190736055374,-0.06010306999087334,0.059565652161836624,0.9981266856193542,-0.013968915678560734,0.06083279475569725,0.010338116437196732,0.9980944991111755,0.9999998211860657,0.03598395362496376,0.023707063868641853,0.4660284221172333,0.4545588791370392,0.3288351893424988,0.011641835793852806,0.005744699854403734,0.351793110370636,0.010555463843047619,0.01097626332193613,0.14569635689258575,0.14321811497211456,1,0.08771199114737566,1,0.5714466951819108,0.3722444108466654,-0.021731620559909626,0.5237474146764944,50.08642521699247,0.4946119070053101,0.4071471840143204,0.5944295406341553,0.45988912880420685,795.8515930175781,333.50372314453125,845.4879760742188,326.80450916290283,733.8004302978516,334.93576526641846,684.4966888427734,332.77472019195557,478,0.5998176336288452,0.5527419447898865,0,0.593440055847168,0.8373505442741956,0.6052868315494719,0.4101211629519053,0.36159702553443385,-0.01704346370034366,0.5348175713855065,49.35107939429239,3.4212253093719482,0.92,7.451120853424072,-0.8063197731971741,-37.024505615234375,-3.4876153469085693
0.997052788734436,-0.053341835737228394,-0.055139318108558655,0.053045228123664856,0.9985687732696533,-0.006830067839473486,0.055424727499485016,0.003885065671056509,0.9984553456306458,1.0000001192092896,0.03476809710264206,0.022594818845391273,0.46096378564834595,0.44689878821372986,0.30925771594047546,0.012817857787013054,0.006382587365806103,0.3323436379432678,0.010675834491848946,0.01174080464988947,0.13387492299079895,0.14448711276054382,1,0.0874643898041144,1,0.5672693330863041,0.37703122771652525,-0.022978514171306957,0.5203149057229881,49.813186094676986,0.4951821684837341,0.40714371800422666,0.5953577876091003,0.4592882454395294,796.8018341064453,333.5017490386963,846.1909484863281,327.0156955718994,734.7145080566406,334.4332480430603,685.7429504394531,332.0811438560486,478,0.6001756191253662,0.5521445274353027,0,0.2229411005973816,0.8089417106286798,0.5800462544029886,0.41450381360132976,0.36734459172299083,-0.02290961951041257,0.5295046262844753,49.02801086785113,3.0453803539276123,0.92,7.467084884643555,-0.827674925327301,-37.032310485839844,-3.1772308349609375
0.9968609809875488,-0.056442778557538986,-0.055519845336675644,0.05588366836309433,0.9983702301979065,-0.011573323979973793,0.056082583963871,0.008434295654296875,0.9983904957771301,1.0000001192092896,0.03282114863395691,0.020225010812282562,0.445719450712204,0.4303775727748871,0.30072566866874695,0.013706633821129799,0.006390757393091917,0.32360392808914185,0.011429735459387302,0.01265370287001133,0.13217191398143768,0.13531726598739624,1,0.08749586067977592,1,0.5674566265766634,0.3789247163428949,-0.024807479576440652,0.516733443427013,49.94181658753027,0.4949726700782776,0.40598517656326294,0.5953582763671875,0.4592260718345642,796.8003845214844,333.4778666496277,846.290283203125,326.7745113372803,734.6778869628906,334.62939262390137,685.3964996337891,332.11451053619385,478,0.6003856062889099,0.5532408952713013,0,0.4840170741081238,0.7777674007316274,0.5788802873084687,0.41852124441861543,0.36925907213761017,-0.022569773303315412,0.5277875951046685,49.345514173982366,3.2086222171783447,0.92,7.471334457397461,-0.8116275072097778,-37.02067565917969,-3.214982032775879
0.9969943165779114,-0.05844082683324814,-0.05086306110024452,0.05838262289762497,0.9982908368110657,-0.0026304905768483877,0.05092983320355415,-0.00034692027838900685,0.9987021684646606,1.0,0.033978983759880066,0.01991601474583149,0.4331784248352051,0.423963338136673,0.3150077164173126,0.013749832287430763,0.005818720906972885,0.33396750688552856,0.011832273565232754,0.01285837683826685,0.1331477165222168,0.13471096754074097,1,0.08720132751298214,1,0.5708610084057361,0.381062055599666,-0.028549094375023995,0.5076375431293488,49.6945168412252,0.49436125755310056,0.405923131108284,0.5951943159103393,0.45892983973026275,796.7051696777344,333.20419549942017,845.9390258789062,326.4534616470337,734.6467590332031,334.60525274276733,685.3704833984375,332.1619963645935,478,0.6008330583572388,0.5530067086219788,0,-0.019902896136045456,0.7777674007316274,0.5709955217857823,0.41890947461445677,0.369196364741631,-0.02258482187295745,0.5280359100748467,49.33681021571578,3.351335048675537,0.92,7.465080738067627,-0.843492329120636,-37.03411865234375,-2.9193272590637207
0.9968478679656982,-0.056468091905117035,-0.05572870746254921,0.05595916509628296,0.9983762502670288,-0.010652132332324982,0.056239716708660126,0.007500030566006899,0.9983891248703003,1.0000001192092896,0.032958805561065674,0.018607761710882187,0.42587170004844666,0.41353049874305725,0.31721171736717224,0.013867944478988647,0.005636150017380714,0.33581551909446716,0.012387505732476711,0.013321775011718273,0.1284685730934143,0.1312880963087082,1,0.08717848926150654,1,0.5715966185958015,0.38249350203289284,-0.028512810817055353,0.5069847589288752,49.79807515991979,0.4944950878620148,0.40561205744743345,0.5951768100261688,0.45866221785545347,796.6619873046875,333.2163619995117,846.0040283203125,326.49242877960205,734.6312713623047,334.3331050872803,685.3529357910156,331.7259120941162,478,0.600681722164154,0.55305016040802,0,0.43040531873703003,0.7931508132583097,0.5667435910504451,0.418832802655516,0.3719254295453103,-0.023482688701693153,0.5334232484790822,49.3472573916613,3.2129900455474854,0.92,7.4654645919799805,-0.8128827214241028,-36.972530364990234,-3.223999261856079
0.9966691136360168,-0.05396532267332077,-0.061141785234212875,0.053093601018190384,0.9984646439552307,-0.015794726088643074,0.06190028786659241,0.012495899572968483,0.9980041980743408,0.9999988675117493,0.03159200772643089,0.018531788140535355,0.4140739142894745,0.41088205575942993,0.292286217212677,0.01188927236944437,0.008319789543747902,0.29926779866218567,0.01289137452840805,0.014230583794414997,0.13169394433498383,0.12928324937820435,1,0.08862494497933322,1,0.558796439145898,0.3784403749243625,-0.026709103620564088,0.5099243684759592,50.367766492646346,0.49522192478179927,0.40551050901412966,0.5954218626022338,0.45857378244400027,797.0184326171875,333.2617449760437,846.9163513183594,326.3981008529663,734.6214294433594,334.3367528915405,684.8289489746094,331.6146755218506,478,0.6001999378204346,0.5530632734298706,0,0.7173565626144409,0.7931508132583097,0.5571363924062697,0.41269218824472353,0.36715848701035414,-0.02344725607467364,0.5293273189570508,49.86683082508013,3.049323320388794,0.92,7.471383094787598,-0.7843141555786133,-36.951148986816406,-3.548893928527832
0.9965992569923401,-0.0533045195043087,-0.06283645331859589,0.05270380899310112,0.9985476136207581,-0.011180100031197071,0.06334114819765091,0.00783033948391676,0.9979612231254578,1.0000001192092896,0.03223046287894249,0.02031301148235798,0.4118003249168396,0.40488335490226746,0.2706514298915863,0.014290185645222664,0.00856919214129448,0.2840495705604553,0.013417386449873447,0.014728601090610027,0.14235089719295502,0.13654440641403198,1,0.08811582109943507,1,0.5599106051467609,0.3763540546528113,-0.02697222552231038,0.5060758510450883,50.27846765631914,0.4955009460449219,0.4054858535528183,0.5956667304039002,0.4585419148206711,797.1137237548828,333.2854986190796,846.9021606445312,326.2829375267029,734.8076629638672,334.4255018234253,685.3144073486328,331.590793132782,478,0.6001657843589783,0.5530560612678528,0,0.4495527148246765,0.7931508132583097,0.5553023226636403,0.4181764998925462,0.36528324215642227,-0.02439442994882647,0.5234278337325976,49.574367619313975,3.0271899700164795,0.92,7.493844509124756,-0.8033227324485779,-37.00657653808594,-3.6316113471984863
0.9970447421073914,-0.0545615591108799,-0.054081764072179794,0.05404943972826004,0.9984789490699768,-0.010888219811022282,0.05459358170628548,0.007932943291962147,0.9984771609306335,1.0,0.206730917096138,0.14258483052253723,0.6060463190078735,0.6081985235214233,0.15363085269927979,0.046504486352205276,0.021308831870555878,0.09672564268112183,0.0066826255060732365,0.005342736840248108,0.2746214270591736,0.29274845123291016,1,0.08605002061570684,1,0.5372045638862258,0.2780349658378065,-0.005402458254327579,0.4956077037947936,49.167989534110546,0.4960429728031158,0.40950208008289335,0.5975138008594513,0.4634858876466751,797.2822570800781,334.6434259414673,846.2642669677734,330.3709673881531,735.1036834716797,336.13226652145386,686.5841674804688,335.13126611709595,478,0.6014708280563354,0.5539838075637817,0,0.45520779490470886,0.7931508132583097,0.7585804817169234,0.478725136346285,0.2774991824729673,-0.008106201917611727,0.4777159272872366,48.52984065426094,3.1029465198516846,0.92,7.551271438598633,-0.875453770160675,-37.249568939208984,-3.129537343978882
0.996339738368988,-0.06223104149103165,-0.058604344725608826,0.06081775203347206,0.9978205561637878,-0.025599954649806023,0.0600697323679924,0.021942058578133583,0.9979529976844788,1.0000001192092896,0.053381048142910004,0.03303995728492737,0.4359281063079834,0.42580604553222656,0.286372572183609,0.01397867500782013,0.008267167024314404,0.2958832383155823,0.012466823682188988,0.012572706677019596,0.17783556878566742,0.16064153611660004,1,0.088406988798679,1,0.5570169234343577,0.3623405943466458,-0.0292015793309248,0.4968365863606611,49.623491051284795,0.4949117481708527,0.4059548795223236,0.5957726418972016,0.4592919170856476,797.5699615478516,333.51256370544434,846.7366790771484,326.7950677871704,734.4164276123047,335.00378608703613,685.1758575439453,332.6096248626709,478,0.6008608937263489,0.553337037563324,1,1.2595630884170532,0.8522550268397163,0.5980107412311652,0.4225725084876459,0.35291625708648217,-0.024287742514983945,0.5133004175641589,49.29873982896379,3.493067502975464,0.92,7.4981465339660645,-0.7740067839622498,-36.9202880859375,-3.443815231323242
0.997081458568573,-0.05430716276168823,-0.053657978773117065,0.05314808338880539,0.9983264207839966,-0.022798389196395874,0.05480629578232765,0.019880035892128944,0.9982990622520447,1.0000003576278687,0.42533525824546814,0.20924000442028046,0.6817985773086548,0.6911308169364929,0.07346201688051224,0.06537632644176483,0.053036127239465714,0.06702793389558792,0.004260949324816465,0.004841723013669252,0.27809131145477295,0.3021222651004791,1,0.08971803056860392,1,0.5025212870685402,0.2003733262459369,0.0120558628076661,0.4734183974749224,49.39756332924141,0.49753430485725403,0.4110048830509186,0.5986019670963287,0.46460912823677064,799.1335296630859,334.90074634552,848.4543609619141,332.14849948883057,734.6163940429688,335.73416233062744,685.7783508300781,335.4242277145386,478,0.6010676622390747,0.553604245185852,1,1.1408320665359497,0.8522550268397163,0.7071945834795269,0.47273316420368555,0.24318080680505422,-0.008448158011324468,0.43110796598399703,48.839026653160275,3.0511865615844727,0.92,7.518707752227783,-0.8371953368186951,-37.0095100402832,-3.1417434215545654
0.9968063831329346,-0.0578838586807251,-0.055012788623571396,0.057325635105371475,0.9982872605323792,-0.011672895401716232,0.05559424310922623,0.008482015691697598,0.9984174370765686,1.000000238418579,0.38351672887802124,0.16910560429096222,0.6882764101028442,0.6994975805282593,0.07123958319425583,0.06503357738256454,0.056304994970560074,0.06885944306850433,0.00412793830037117,0.004594709724187851,0.2623697817325592,0.29804766178131104,1,0.09002664035869885,1,0.4893266223399142,0.2250841434298625,0.016280199590195256,0.53593261360702,48.40002536832182,0.49717919826507573,0.4112499952316284,0.5983149886131287,0.4645538330078125,798.8020324707031,334.53497886657715,847.1150207519531,331.633665561676,734.5738220214844,335.75257301330566,685.7613372802734,335.8551621437073,478,0.601135790348053,0.5533038377761841,1,0.4867423176765442,0.8522550268397163,0.6834131891463047,0.46170861750943004,0.26574377924892023,-0.008823780463320814,0.46925357268930945,48.81259254780729,3.291414499282837,0.92,7.51301383972168,-0.8733653426170349,-37.01716232299805,-3.1869583129882812
0.9968644380569458,-0.05617374926805496,-0.05572892352938652,0.05546572059392929,0.9983600378036499,-0.014172570779919624,0.05643365532159805,0.01103709451854229,0.9983453154563904,0.9999999403953552,0.16870388388633728,0.11154909431934357,0.5784677863121033,0.582671582698822,0.11152679473161697,0.039835404604673386,0.02959238551557064,0.11194805055856705,0.006671900395303965,0.007649862207472324,0.23341143131256104,0.3350982069969177,1,0.088445398356681,1,0.5131522538784723,0.30570735365641905,-0.0038620630933108194,0.538666683558174,49.08425834179754,0.49651325345039365,0.40812158286571504,0.597469812631607,0.4616776674985886,797.6087951660156,333.8281202316284,846.5274047851562,329.79897022247314,734.6717834472656,334.6423316001892,685.9205627441406,333.9720368385315,478,0.6009565591812134,0.5535560846328735,1,0.6334012150764465,0.5521080022794125,0.7623302195579178,0.45695824966062015,0.2929307266015131,-0.01961532559361576,0.48651676230150637,48.755828525519085,3.184663772583008,0.92,7.518143653869629,-0.8258135914802551,-37.07668685913086,-3.23512864112854
0.9971210956573486,-0.05472816899418831,-0.05248163267970085,0.05419832840561867,0.9984643459320068,-0.011467382311820984,0.05302862077951431,0.008589969016611576,0.9985560178756714,0.9999997019767761,0.13253526389598846,0.09920959919691086,0.5310221314430237,0.5243690013885498,0.29599976539611816,0.012013088911771774,0.009140579961240292,0.3062491714954376,0.008481950499117374,0.008668278343975544,0.23210109770298004,0.2995440661907196,1,0.08906133404958685,1,0.5450061854766348,0.3220448058093046,-0.01600186349840459,0.5233997337387287,49.13515414985213,0.4947877824306488,0.4078963816165924,0.5957460105419159,0.4613166868686676,797.3540496826172,333.9470601081848,846.302490234375,329.6676278114319,734.4599151611328,335.04470586776733,685.3110504150391,333.76863956451416,478,0.6009582281112671,0.5534203052520752,1,0.4928685128688812,0.5521080022794125,0.770734590530879,0.4117542036129512,0.29977132743025536,-0.021720822160113375,0.4994304682477808,49.16542739708916,3.1112396717071533,0.92,7.495141983032227,-0.842157244682312,-37.053443908691406,-3.0397417545318604
0.996716320514679,-0.05933941900730133,-0.05509378761053085,0.05780737102031708,0.997906506061554,-0.02899867668747902,0.05669921264052391,0.02571863681077957,0.9980599284172058,0.9999997615814209,0.07380687445402145,0.05709652602672577,0.4997217357158661,0.487026572227478,0.3347260057926178,0.011181240901350975,0.006953943055123091,0.34388911724090576,0.0099064651876688,0.009592626243829727,0.17899589240550995,0.24454538524150848,1,0.08865756568912854,1,0.5608034817515659,0.3520312888633598,-0.02162142945755053,0.5139698139460828,49.284553214897116,0.49434496164321895,0.40701650977134707,0.5953190445899963,0.46068029999732973,797.3503112792969,333.9463520050049,846.3115692138672,328.31053733825684,734.3613433837891,335.13622283935547,685.0973510742188,333.3485198020935,478,0.6009740829467773,0.5536637902259827,1,1.4761070013046265,0.5521080022794125,0.7082991347904493,0.4090340709804569,0.3258646701082459,-0.0194344130052992,0.5244145383226618,49.296417927932964,3.3193113803863525,0.92,7.4687700271606445,-0.7717213034629822,-36.88806915283203,-3.250368595123291
0.9967220425605774,-0.0574282705783844,-0.056983668357133865,0.05583958700299263,0.998015820980072,-0.02909216098487377,0.05854131281375885,0.025814848020672798,0.997951090335846,0.9999998211860657,0.0470452755689621,0.029139462858438492,0.476993590593338,0.4638994634151459,0.37183576822280884,0.008483229205012321,0.006342475768178701,0.3754469156265259,0.010716392658650875,0.010635794140398502,0.15815576910972595,0.16421569883823395,1,0.08907519609115742,1,0.566345117678477,0.3662259917698262,-0.022448040560887974,0.5214959989029161,49.798219849729975,0.4941157937049866,0.40683901607990264,0.5950522661209107,0.4603848487138748,797.3492431640625,333.9451503753662,846.7778015136719,327.88872241973877,734.5972442626953,335.14373302459717,685.0114440917969,332.8508949279785,478,0.6009364724159241,0.5535458326339722,1,1.4817880392074585,0.7665267008187898,0.6906883888382706,0.39551337180345064,0.34854359520100825,-0.017522517413233824,0.5453883548580608,49.63878206830678,3.206542491912842,0.92,7.478250503540039,-0.7662969827651978,-36.905601501464844,-3.356088876724243
0.9967652559280396,-0.05639466270804405,-0.0572599321603775,0.05481116846203804,0.9980795979499817,-0.028859658166766167,0.058777499943971634,0.025627808645367622,0.9979421496391296,1.0000004768371582,0.05749785155057907,0.034723106771707535,0.4347742795944214,0.43592432141304016,0.3576999306678772,0.009557575918734074,0.006531320046633482,0.3597433865070343,0.01218009740114212,0.0129424799233675,0.1676495522260666,0.18913023173809052,1,0.08882935288355655,1,0.5658078676960239,0.363247593067429,-0.027936407116218673,0.5050978490693169,49.809883271320935,0.4945651233196259,0.4055326610803604,0.5951344311237335,0.4591532975435257,797.2906494140625,333.38265895843506,846.7531585693359,327.5102949142456,734.6289825439453,334.15685176849365,685.1361083984375,332.19568490982056,478,0.6005693078041077,0.5536206364631653,1,1.4710696935653687,0.7938923362989214,0.6468621026817355,0.3989947517182261,0.34665122124143183,-0.022248923536858728,0.5259996302093891,49.53171475660515,3.147469997406006,0.92,7.465986251831055,-0.7560648322105408,-36.88115692138672,-3.3696446418762207
0.9967843294143677,-0.057019252330064774,-0.05630123242735863,0.055496882647275925,0.9980592727661133,-0.02824392355978489,0.05780242010951042,0.02502855844795704,0.9980142712593079,0.9999999403953552,0.03883462771773338,0.028204815462231636,0.44366440176963806,0.4318448603153229,0.2486514300107956,0.021443409845232964,0.007659692782908678,0.2534934878349304,0.012024559080600739,0.011596799828112125,0.15674352645874023,0.17213870584964752,1,0.08674383158591657,1,0.566966653402896,0.37502836621083785,-0.024376640451144314,0.511221932351694,49.8393342173032,0.4949989914894104,0.40488615334033967,0.5961591005325317,0.4579215317964554,797.3577880859375,332.3766803741455,846.7819213867188,325.9568452835083,735.2735137939453,333.46426248550415,685.9739685058594,331.1894917488098,478,0.6011601090431213,0.5530353784561157,1,1.4365828037261963,0.81501691503187,0.6207512181403289,0.43781311471330486,0.3594844576943995,-0.021007578552740727,0.5265126466807134,49.35199841561901,3.1867048740386963,0.92,7.48067569732666,-0.7183433771133423,-36.88048553466797,-3.3136813640594482
0.9972649216651917,-0.0530904196202755,-0.0514211431145668,0.0525146909058094,0.998542070388794,-0.012484920211136341,0.052008986473083496,0.009750398807227612,0.9985989928245544,1.0000001192092896,0.03690327703952789,0.02671460621058941,0.43289878964424133,0.418657511472702,0.25321194529533386,0.019646544009447098,0.007809778675436974,0.26012706756591797,0.0129745127633214,0.01259346678853035,0.16006502509117126,0.1642109453678131,1,0.08688400009131923,1,0.5628462471191514,0.37351249508831413,-0.02541291267961887,0.5066129617844427,49.95945946725578,0.4949852764606476,0.4046510487794876,0.596193128824234,0.4579126864671707,797.2785949707031,332.5975012779236,846.7973327636719,325.9761571884155,735.2792358398438,333.5439348220825,685.9429931640625,330.99167346954346,478,0.6012078523635864,0.5532616376876831,1,0.5594226717948914,0.8313231146757584,0.5959205744916554,0.43743154474738527,0.3595096010649168,-0.02082077129632515,0.5251623315118917,49.402215329619054,3.0143380165100098,0.92,7.494347095489502,-0.7759423851966858,-37.020843505859375,-2.9812402725219727
0.9967297315597534,-0.06052287667989731,-0.05354277417063713,0.059896014630794525,0.9981167912483215,-0.013236316852271557,0.0542430579662323,0.009986049495637417,0.9984778165817261,1.0000001192092896,0.03986155241727829,0.026076789945364,0.44124430418014526,0.42856329679489136,0.34451067447662354,0.010638795793056488,0.00585413072258234,0.355673223733902,0.012080196291208267,0.012235568836331367,0.15390731394290924,0.12875038385391235,1,0.08795440284324557,1,0.5715310948122869,0.3725147670598453,-0.02651528359567517,0.5026294552971976,50.016870912501275,0.4941282987594604,0.40556772649288175,0.5953289985656738,0.4585029691457748,797.2202301025391,332.59273767471313,846.8019104003906,326.0090947151184,735.1106262207031,333.99621963500977,685.6214904785156,331.975314617157,478,0.6012006998062134,0.5529352426528931,1,0.573011577129364,0.8313231146757584,0.6014341369598114,0.406230999326412,0.36276072192843406,-0.017765321093001395,0.5184811997980446,49.53038071425358,3.438912868499756,0.92,7.517797946929932,-0.7743260264396667,-37.064517974853516,-3.109424352645874
0.996598482131958,-0.06041979417204857,-0.05604495108127594,0.05933913215994835,0.9980221390724182,-0.020751215517520905,0.05718788132071495,0.017354974523186684,0.9982125759124756,0.9999997019767761,0.038786906749010086,0.027126621454954147,0.4462294280529022,0.4277883768081665,0.3071115016937256,0.013846746645867825,0.00613793171942234,0.3265421986579895,0.011913816444575787,0.011602557264268398,0.14945241808891296,0.12541291117668152,1,0.08774359029406284,1,0.5756596626554769,0.37828003627008605,-0.028775606092795156,0.5013264153249064,49.46479949580549,0.49472106695175166,0.4054594784975052,0.5959344029426574,0.45841629803180695,798.3096313476562,332.4677038192749,847.3426818847656,325.94648122787476,735.3413391113281,334.0266466140747,686.0905456542969,332.12674140930176,478,0.6012133359909058,0.5529568195343018,1,0.9960469603538513,0.8313231146757584,0.5751670965295128,0.41723438910957894,0.3650417544461828,-0.019536739857424518,0.5173604127572234,49.287425333779105,3.4074628353118896,0.92,7.521219253540039,-0.7483983635902405,-36.97819900512695,-3.2784128189086914
0.9962942600250244,-0.05971415340900421,-0.06190311163663864,0.05835427716374397,0.9980181455612183,-0.023549500852823257,0.06318666785955429,0.019849907606840134,0.9978043437004089,0.9999999403953552,0.0415886826813221,0.028616294264793396,0.40440526604652405,0.3961155414581299,0.2876638174057007,0.019852913916110992,0.0055779279209673405,0.28998279571533203,0.0125118438154459,0.01364961639046669,0.1403278410434723,0.15036460757255554,1,0.08720694959359598,1,0.5842870853402407,0.3782802280955435,-0.031790267737333795,0.49599267060684205,49.856326013174154,0.4954697549343109,0.40462081134319305,0.5956648051738739,0.45757268369197845,797.8948211669922,332.26104497909546,847.3513793945312,325.9600853919983,734.8735046386719,333.45763206481934,685.3819274902344,331.7529273033142,478,0.600195050239563,0.5529518723487854,1,1.1396682262420654,0.8073263585959948,0.6427924137511103,0.42898488074687346,0.365512048655188,-0.031204203059129666,0.5030428068196006,49.52092716279331,3.352060079574585,0.92,7.479085922241211,-0.7332477569580078,-36.835086822509766,-3.6227424144744873
0.9961565136909485,-0.05841932073235512,-0.06526342034339905,0.05722593516111374,0.9981606602668762,-0.020009389147162437,0.06631231307983398,0.01619773730635643,0.9976673722267151,0.9999999403953552,0.03574260324239731,0.024367740377783775,0.4014783203601837,0.395039826631546,0.2917061448097229,0.02020801045000553,0.005334224086254835,0.2927866578102112,0.01305670477449894,0.013273274526000023,0.13683901727199554,0.14450834691524506,1,0.08712778351391307,1,0.58336848356775,0.37812179577537725,-0.032666755595953154,0.4949867119086389,50.46842148614027,0.4954194962978363,0.4048560619354248,0.5954074800014496,0.45791218280792234,797.2490692138672,332.61056900024414,847.276611328125,325.9542489051819,734.3755340576172,334.06874656677246,684.6736907958984,331.75217628479004,478,0.5999879837036133,0.5530561208724976,1,0.930150032043457,0.8073263585959948,0.586220145834549,0.435635732433262,0.36501367646367405,-0.029516473539768457,0.5155267051784748,49.75580088374955,3.287841320037842,0.92,7.474379062652588,-0.7526599764823914,-36.84421920776367,-3.8022055625915527
0.9962934255599976,-0.05577189847826958,-0.06549067050218582,0.05427098646759987,0.9982261657714844,-0.02447875589132309,0.06673972308635712,0.02083379402756691,0.9975529313087463,1.0000001192092896,0.030845750123262405,0.022841138765215874,0.3950115740299225,0.37687748670578003,0.3060857355594635,0.016725212335586548,0.005171496421098709,0.31619030237197876,0.01429275143891573,0.013893942348659039,0.14177969098091125,0.14188970625400543,1,0.08711447082656341,1,0.5818724890642643,0.3805417093572386,-0.033184167600159103,0.496113870732002,50.58785667416517,0.49496535062789915,0.403537517786026,0.595394766330719,0.4579464256763458,797.1218872070312,332.79512643814087,847.2446441650391,325.9511160850525,734.8983001708984,334.068124294281,685.1158142089844,331.47181034088135,478,0.6004294157028198,0.5544089078903198,1,1.196442723274231,0.8073263585959948,0.5284427624749337,0.4259181817103322,0.36651807065763325,-0.02602240927368695,0.5234189289844369,49.85014297665041,3.117985248565674,0.92,7.492281436920166,-0.7488141655921936,-36.88167190551758,-3.8267486095428467
0.9965277314186096,-0.05234794691205025,-0.06474688649177551,0.05093840882182121,0.9984315037727356,-0.02323356457054615,0.06586156040430069,0.019854824990034103,0.9976311922073364,1.000000238418579,0.2899470329284668,0.20975930988788605,0.568611741065979,0.5641006231307983,0.17040017247200012,0.04813151806592941,0.01761995628476143,0.0991457998752594,0.007670062128454447,0.0068374150432646275,0.2716599106788635,0.33712223172187805,1,0.08586285614265383,1,0.5497356515356735,0.2481439866359641,-0.011028790206314726,0.44190415401350414,49.23032289162659,0.4969668865203858,0.4068240404129028,0.5974106073379517,0.46110700368881224,797.6310729980469,333.45284700393677,846.7074584960938,329.5627212524414,734.9729156494141,334.39026832580566,686.6220855712891,333.0985379219055,478,0.6004437208175659,0.5542829632759094,1,1.1401482820510864,0.8073263585959948,0.7268170733194483,0.4789318269797087,0.2468473039360568,-0.014105999103643584,0.40591274281130657,48.368081797574035,2.926178216934204,0.92,7.537639141082764,-0.7850802540779114,-37.040374755859375,-3.776322603225708
0.9964836239814758,-0.0551740936934948,-0.06305767595767975,0.054455988109111786,0.9984308481216431,-0.013051706366240978,0.06367885321378708,0.00957194808870554,0.9979244470596313,1.0000001192092896,0.042574524879455566,0.03172128647565842,0.4644770622253418,0.44931790232658386,0.13751237094402313,0.04650542512536049,0.023385418578982353,0.0893087312579155,0.010848556645214558,0.010560773313045502,0.1473071128129959,0.17325811088085175,1,0.08764169233511745,1,0.5346488448173004,0.36612151778181146,-0.01944219571256597,0.5273511498871339,50.241266831054745,0.4969356238842011,0.40619694292545316,0.5978051602840424,0.45906334221363065,798.2156372070312,333.08480501174927,848.0710601806641,326.8701696395874,734.7184753417969,334.6531677246094,685.7675933837891,332.09846019744873,478,0.6008695363998413,0.5528663992881775,1,0.5495560169219971,0.684935998534925,0.633961759779575,0.47619663389193756,0.35772028084155905,-0.027294376790377346,0.501474962508321,49.01750070244484,3.1279969215393066,0.7,7.517685890197754,-0.799540638923645,-36.8792724609375,-3.6509997844696045
0.9965125322341919,-0.05529254302382469,-0.06249300763010979,0.05500180274248123,0.9984659552574158,-0.006364417262375355,0.06274904310703278,0.002905028872191906,0.998025119304657,1.0000001192092896,0.04453141242265701,0.03416138514876366,0.4380593001842499,0.4167742133140564,0.13066592812538147,0.045263852924108505,0.024951713159680367,0.09040866792201996,0.01275574043393135,0.012100876308977604,0.153034508228302,0.17541885375976562,1,0.08771064764641089,1,0.5314409719735674,0.36500647836407246,-0.027868868566757018,0.5078240799521185,50.22849444346473,0.4969681084156037,0.4061041384935379,0.5978492081165314,0.4586584478616714,798.2221984863281,333.09252977371216,848.0447387695312,326.71945095062256,734.739990234375,334.7447919845581,685.963134765625,332.1842050552368,478,0.6008810997009277,0.5525543093681335,1,0.16677477955818176,0.6381543821934054,0.5986454853818837,0.4740286274098875,0.3569769124778114,-0.031083421649836702,0.4958456238257264,48.844019438817945,3.159194231033325,0.7,7.542370319366455,-0.8190518021583557,-36.990264892578125,-3.597618818283081
0.9975652694702148,-0.049154773354530334,-0.04947167634963989,0.04779316857457161,0.9984551668167114,-0.02834007516503334,0.05078829824924469,0.025906646624207497,0.9983733892440796,0.9999998211860657,0.5407056212425232,0.30301788449287415,0.6904836893081665,0.6981844902038574,0.07174333184957504,0.12841391563415527,0.07727549970149994,0.021953023970127106,0.0040684291161596775,0.004726210609078407,0.34068813920021057,0.381364107131958,1,0.0862768480333193,1,0.5179552838462477,0.148448047330216,0.013422932889100183,0.412451590572774,50.467139481996284,0.4985312223434448,0.40914486944675443,0.6003662347793579,0.4646344095468521,799.4277191162109,334.8162245750427,849.8606109619141,332.95730352401733,736.5013122558594,335.3366804122925,687.1507263183594,335.0474953651428,478,0.6018350124359131,0.5554895401000977,1,1.4864262342453003,0.5715546142557099,0.6258127460664311,0.5304075460875185,0.19169068682210164,-0.009217907572686522,0.3465583480488467,49.351433215913495,2.7429327964782715,0.7,7.5582966804504395,-0.8343439102172852,-37.05968475341797,-2.911207437515259
0.9979320764541626,-0.04701494425535202,-0.043831367045640945,0.046107981353998184,0.9987055063247681,-0.021479198709130287,0.04478446766734123,0.019413812085986137,0.9988080263137817,0.9999998211860657,0.4389219284057617,0.2816641330718994,0.693083643913269,0.6953527331352234,0.07186486572027206,0.08118578046560287,0.0671037808060646,0.04126966372132301,0.004517138935625553,0.004642290994524956,0.31470417976379395,0.3573165833950043,1,0.0885703819087912,1,0.5105831361908887,0.18983079847659604,0.007260536531997229,0.4754692880397295,48.911418350708516,0.49728448987007146,0.41036697626113894,0.6004717528820038,0.4649259686470032,801.4376068115234,335.2856969833374,850.2935791015625,332.95743227005005,736.34033203125,335.770468711853,687.2298431396484,335.4561138153076,478,0.6031872630119324,0.5545589923858643,1,1.1135166883468628,0.5597106130015574,0.7222840436283086,0.5042844416214226,0.2067530362154975,-0.007426774213894649,0.42040092984921984,49.111494970844916,2.645385503768921,0.7,7.57675838470459,-0.8586640954017639,-37.04032516479492,-2.566819429397583
0.9973477125167847,-0.05094415321946144,-0.051982901990413666,0.05011788010597229,0.9985973238945007,-0.017077594995498657,0.052779991179704666,0.01442703977227211,0.9985018968582153,0.9999988675117493,0.2442089021205902,0.2178843915462494,0.6419464349746704,0.6453583240509033,0.10931914299726486,0.05835292488336563,0.03578783944249153,0.06708422303199768,0.005635369569063187,0.005323626566678286,0.2752014994621277,0.32383644580841064,1,0.08742003719808973,1,0.5281930752025805,0.26687409686395025,-0.00010591807776387365,0.5420212530371611,48.02824249885261,0.4969338536262512,0.41002156436443327,0.5993810653686523,0.46430393159389494,800.6150817871094,335.2394771575928,848.5208892822266,331.81227922439575,736.1417388916016,336.14919662475586,687.2554016113281,335.3291702270508,478,0.6024472117424011,0.5542823672294617,1,0.8277910351753235,0.5597106130015574,0.6998057626575893,0.49228970310168957,0.24570813810637637,-0.01088297709339323,0.44390377080587373,48.893214417456456,2.8767592906951904,0.7,7.605973243713379,-0.8640345931053162,-37.15249252319336,-3.0254762172698975
0.997295081615448,-0.05239037796854973,-0.05155258625745773,0.05150102823972702,0.998502790927887,-0.01843203604221344,0.0524410717189312,0.015727169811725616,0.9985001683235168,0.9999998211860657,0.08840104937553406,0.099383644759655,0.5111821889877319,0.5021172761917114,0.1492980420589447,0.042873285710811615,0.02102205716073513,0.10587392747402191,0.009933600202202797,0.008506214246153831,0.20765846967697144,0.27422913908958435,1,0.08727189466841741,1,0.5427145698079398,0.344078922158358,-0.024977834228252477,0.5194540882064587,48.223646812976106,0.4963415384292602,0.4080011576414108,0.5987711668014526,0.46190354526042937,800.5103302001953,334.89134788513184,848.4689331054688,329.8423361778259,736.1708068847656,336.0057306289673,687.4211120605469,334.51480865478516,478,0.6024296283721924,0.5539023876190186,1,0.9023793339729309,0.5604649408969855,0.6560218311405223,0.4753762287453537,0.31274777736321024,-0.026860372017515562,0.48936290803114396,48.77248808380708,2.9561686515808105,0.7,7.584859848022461,-0.8443529605865479,-37.058921813964844,-3.006030797958374
0.9975458979606628,-0.04746471345424652,-0.051471810787916183,0.04647959768772125,0.9987155199050903,-0.02017047442495823,0.052363090217113495,0.01772858016192913,0.9984708428382874,0.9999992251396179,0.05691852420568466,0.03510166332125664,0.4526560604572296,0.44806477427482605,0.15605618059635162,0.04253443703055382,0.019878558814525604,0.10570765286684036,0.010938802734017372,0.012208483181893826,0.14052237570285797,0.23363587260246277,1,0.08723640790326496,1,0.5395990390447633,0.3706687835882896,-0.026361635109175288,0.519745496960616,48.62542402259117,0.4963396489620209,0.40565238893032074,0.5987689197063446,0.459415003657341,800.1557922363281,334.02578830718994,848.5292816162109,329.0823698043823,736.3069152832031,333.9901041984558,687.3581695556641,331.48987770080566,478,0.6024292707443237,0.5537626147270203,1,1.0172215700149536,0.5592303234809672,0.599752744592499,0.47405431191873854,0.3459961801392234,-0.029622575390402982,0.5079953435366702,49.01255799218043,2.6677067279815674,0.7,7.564418792724609,-0.7917478680610657,-36.9606819152832,-3.001556634902954
0.9974427819252014,-0.04847147315740585,-0.052520640194416046,0.04744958132505417,0.9986625909805298,-0.02053287997841835,0.05344565585255623,0.017988288775086403,0.9984087347984314,0.9999995231628418,0.0674191266298294,0.04513728991150856,0.45157390832901,0.44135159254074097,0.13795460760593414,0.04910296946763992,0.024753719568252563,0.08173351734876633,0.01129600778222084,0.011446314863860607,0.1624453216791153,0.2564705014228821,1,0.08706879166808644,1,0.5346984597194641,0.3581754532079853,-0.027336963461808615,0.5025862633990867,49.06578729009865,0.4967385470867157,0.4048945069313049,0.5991546452045441,0.4591906428337097,800.1204681396484,333.71132612228394,848.9054870605469,328.4698176383972,736.8280029296875,334.0877366065979,687.4762725830078,331.7018795013428,478,0.6024160981178284,0.5542961359024048,1,1.0321840047836304,0.5592303234809672,0.6509315469317325,0.48013529821848755,0.3357960145925454,-0.02824389945486536,0.4981062422640483,49.40936755754823,2.7235772609710693,0.7,7.572330474853516,-0.7874606251716614,-36.95326614379883,-3.0636701583862305
0.9968984723091125,-0.0549691803753376,-0.05631863325834274,0.05368731543421745,0.9982686638832092,-0.024027733132243156,0.05754191055893898,0.0209296103566885,0.9981237053871155,1.0000003576278687,0.06952280551195145,0.06460575759410858,0.40219855308532715,0.37685132026672363,0.12866432964801788,0.054793085902929306,0.02816922776401043,0.069293312728405,0.01649082638323307,0.01318657211959362,0.18096430599689484,0.2380037009716034,1,0.08672782123756816,1,0.53390987920533,0.3612234143876793,-0.04211209461512265,0.4658878548164232,48.83120825348126,0.4972814798355103,0.4037165015935898,0.599373745918274,0.45712768733501435,800.3282928466797,331.9265842437744,848.8426208496094,326.37258768081665,736.8032836914062,333.63478660583496,688.5434722900391,331.79142236709595,478,0.6020922660827637,0.5534111857414246,1,1.201256513595581,0.5592303234809672,0.5098559401870557,0.47984251436275366,0.33602934880840435,-0.03245422493208101,0.4751431745198238,48.2950037613497,3.082648515701294,0.7,7.580877304077148,-0.7313177585601807,-36.91586685180664,-3.2987306118011475
0.9967603087425232,-0.05401182174682617,-0.059593964368104935,0.05268937349319458,0.9983333945274353,-0.02354471944272518,0.06076633557677269,0.02032848261296749,0.9979450106620789,1.0000008344650269,0.06521990150213242,0.051490575075149536,0.39109814167022705,0.36003726720809937,0.12203093618154526,0.051840364933013916,0.02872198075056076,0.07451312243938446,0.01711723394691944,0.014506899751722813,0.19606491923332214,0.21422246098518372,1,0.08723318924731308,1,0.5285400791812325,0.35932451105602603,-0.043396082534561745,0.4673809692455184,49.22198239963294,0.4971323847770691,0.40326401889324187,0.5991228461265564,0.45756498277187346,799.9758911132812,332.801456451416,848.7950134277344,326.5168046951294,736.5667724609375,334.41803455352783,687.9326629638672,331.8668460845947,478,0.6019904613494873,0.5543009638786316,1,1.166973352432251,0.5592303234809672,0.5036337123859439,0.4748051092363127,0.34400300107267845,-0.036728423834273154,0.47822165215796997,48.7009770874717,3.025874376296997,0.7,7.586376667022705,-0.7554667592048645,-36.947181701660156,-3.4838006496429443
0.9968768358230591,-0.053645987063646317,-0.05795386806130409,0.05259564518928528,0.9984255433082581,-0.01950058527290821,0.058908723294734955,0.016391571611166,0.9981288313865662,1.0,0.06601645797491074,0.050235237926244736,0.3968857526779175,0.36204952001571655,0.1235431581735611,0.05243254825472832,0.02870291657745838,0.07441144436597824,0.016841091215610504,0.014132575131952763,0.2070794552564621,0.19416804611682892,1,0.08727475492914549,1,0.5275793969488671,0.35770139408677226,-0.04047268612975092,0.4727585605627673,49.44750105078465,0.49704409837722774,0.40340823233127593,0.5990505337715148,0.45769846737384795,799.7393798828125,332.83600330352783,848.7892150878906,326.5774869918823,736.4167785644531,334.4804334640503,687.7809906005859,332.05329179763794,478,0.6020064353942871,0.554290235042572,1,0.9408438801765442,0.5592303234809672,0.5160225953261869,0.4754454261218735,0.3463568395728244,-0.03886851205841807,0.473809039387618,48.696312875129216,3.0201492309570312,0.7,7.570216655731201,-0.7788620591163635,-36.91331100463867,-3.377176284790039
0.9969203472137451,-0.052186042070388794,-0.058534178882837296,0.05157710611820221,0.9985985159873962,-0.011867870576679707,0.05907142162322998,0.00881228782236576,0.9982149004936218,1.0000004768371582,0.04171079769730568,0.02786732278764248,0.40541163086891174,0.37420570850372314,0.14191074669361115,0.053395144641399384,0.0228407084941864,0.0777469351887703,0.015231054276227951,0.013135763816535473,0.1582343429327011,0.13881522417068481,1,0.08681219982366169,1,0.5408780425523108,0.3779968020877661,-0.036610293622889735,0.49944953729424224,49.486137279435376,0.4971448659896851,0.4044124633073807,0.5987995147705079,0.45763929188251495,799.7342681884766,332.6614451408386,848.8197326660156,326.37694358825684,736.0786437988281,334.2207956314087,687.6246643066406,331.7457604408264,478,0.6016546487808228,0.5532268285751343,1,0.5057966709136963,0.5791944799697317,0.5992021871720628,0.47982894844777657,0.3706541583216834,-0.03697673415308152,0.5009914140112418,48.517150863596484,2.9616386890411377,0.7,7.5650634765625,-0.7890625,-36.93326950073242,-3.38651442527771
0.9974664449691772,-0.05001859366893768,-0.05058390274643898,0.05018255487084389,0.9987381100654602,0.001975663471966982,0.050421249121427536,-0.004509082995355129,0.9987178444862366,1.0,0.03290284797549248,0.02342544123530388,0.41204532980918884,0.3855067193508148,0.1581580936908722,0.0503280870616436,0.01911727525293827,0.08790744096040726,0.014368641190230846,0.013063970021903515,0.13917919993400574,0.14044103026390076,1,0.08691522999283897,1,0.5437292092287637,0.38245695910147937,-0.03173195483069289,0.5094923953748722,49.76333301301016,0.4963991463184356,0.40479236245155337,0.5988120853900909,0.45802062153816225,799.8507690429688,333.18368196487427,849.1548156738281,326.43829107284546,736.1309814453125,334.27132844924927,687.3767852783203,331.32628440856934,478,0.6024129390716553,0.5532282590866089,1,-0.2586813271045685,0.5791944799697317,0.563419846573184,0.480720323286542,0.37014092046373837,-0.03307690926053518,0.5041500189423653,48.843064281316195,2.8801233768463135,0.7,7.56087064743042,-0.8373402953147888,-36.946964263916016,-2.890150308609009
0.9974859356880188,-0.052650175988674164,-0.04743099957704544,0.05262463167309761,0.9986128211021423,-0.0017879321239888668,0.04745933413505554,-0.0007126081618480384,0.9988728761672974,1.0000005960464478,0.03282289579510689,0.028285134583711624,0.41592875123023987,0.4041059911251068,0.11715774983167648,0.05948647856712341,0.03267848119139671,0.06112828850746155,0.013736162334680557,0.013375538401305676,0.1320825070142746,0.16288627684116364,1,0.08723899515361791,1,0.523419405021772,0.38330516844492557,-0.0294875956416268,0.5142996656381799,49.5189222656717,0.49652522802352905,0.40501172840595245,0.5995219945907593,0.45803941786289215,800.0878143310547,333.19644927978516,849.1481018066406,326.47247314453125,736.1733245849609,334.320273399353,687.9270935058594,331.4589786529541,478,0.6029967665672302,0.5530276894569397,1,-0.040875501930713654,0.5791944799697317,0.5227660705730585,0.48930954961185746,0.3648976502617295,-0.03527270697128356,0.4916239082459286,48.33100269041081,3.0199687480926514,0.7,7.577581405639648,-0.827409029006958,-36.96565246582031,-2.720241069793701
0.9968317747116089,-0.053598158061504364,-0.05876804143190384,0.05266352370381355,0.9984617233276367,-0.01734069362282753,0.05960707366466522,0.014190834946930408,0.9981210231781006,1.0000001192092896,0.03271455690264702,0.027614446356892586,0.43030112981796265,0.40770936012268066,0.1071443185210228,0.06716632843017578,0.03675658255815506,0.051478806883096695,0.013268266804516315,0.012316113337874413,0.13750320672988892,0.14423786103725433,1,0.08717520558660896,1,0.5268255479662174,0.38243881874441776,-0.027277027657179726,0.5156650412160916,49.39254954700951,0.49771904945373535,0.4060046672821045,0.5996106863021851,0.45844966173171997,800.374755859375,333.265221118927,849.3010711669922,326.4947247505188,736.2031555175781,334.73792552948,687.9615783691406,331.7126512527466,478,0.6018916368484497,0.5524449944496155,1,0.8145506381988525,0.5515183959503116,0.5683242801991958,0.4918677445489208,0.36842928347799736,-0.03389723181127425,0.490759735814656,48.336342955531755,3.0241761207580566,0.7,7.582242012023926,-0.7763866186141968,-36.89313507080078,-3.4172592163085938
0.997044563293457,-0.05269903689622879,-0.05590083450078964,0.05125105753540993,0.9983199834823608,-0.027028530836105347,0.057231299579143524,0.024083659052848816,0.9980704188346863,1.0000005960464478,0.039671145379543304,0.03180555999279022,0.4328213036060333,0.42008867859840393,0.09794154018163681,0.05865425243973732,0.039905812591314316,0.05847250670194626,0.01232526358217001,0.013773602433502674,0.1395220309495926,0.21335004270076752,1,0.08731050327218291,1,0.5208051874089631,0.3747850081104584,-0.023406184756970795,0.5239695489419974,49.62940553199511,0.49787572026252747,0.40523501932621003,0.599934309720993,0.4577197700738907,800.4072570800781,332.87426233291626,849.6283721923828,326.52133226394653,737.5541687011719,333.20374488830566,688.575439453125,330.9520626068115,478,0.6020585894584656,0.5524847507476807,1,1.3822914361953735,0.49143105947649024,0.5641531487116836,0.47901761110182256,0.3544470007168137,-0.02961883621556624,0.5040642213664578,49.030459838230534,2.9425833225250244,0.7,7.583483695983887,-0.7253442406654358,-36.85982131958008,-3.280904531478882
0.9967806935310364,-0.05638008937239647,-0.057004980742931366,0.055364176630973816,0.9982807040214539,-0.019247815012931824,0.05799218639731407,0.016029825434088707,0.998188316822052,1.0,0.05475442111492157,0.04401179030537605,0.4114915728569031,0.38995033502578735,0.06972035020589828,0.09114643186330795,0.06877081096172333,0.029412981122732162,0.014757483266294003,0.013339152559638023,0.17796380817890167,0.20120586454868317,1,0.08725550758904549,1,0.5032384214260709,0.35917151341942444,-0.030845101788002934,0.49557354726908376,50.213771730699555,0.49821701645851135,0.4044249802827835,0.600855141878128,0.45754094421863556,800.4537963867188,332.56484270095825,850.2549743652344,326.1410164833069,737.8812408447266,333.9602994918823,688.4779357910156,331.8445086479187,478,0.6026381254196167,0.553115963935852,1,0.9200292229652405,0.5388318854415439,0.6182430133029382,0.5020861634027514,0.3472622227208655,-0.03532469751428242,0.48180056214302314,49.44859068997131,3.179111957550049,0.5,7.614041328430176,-0.7596439719200134,-36.858463287353516,-3.3245725631713867
0.9970705509185791,-0.05522751808166504,-0.052917808294296265,0.054549116641283035,0.9984103441238403,-0.014180807396769524,0.053616855293512344,0.011252657510340214,0.9984982013702393,1.0000001192092896,0.04868452996015549,0.03881021589040756,0.4198552370071411,0.40032073855400085,0.07960144430398941,0.08321501314640045,0.058536723256111145,0.035207197070121765,0.014504424296319485,0.012629169039428234,0.18002091348171234,0.189975306391716,1,0.08780658937893912,1,0.5117911656045737,0.3616283839749049,-0.03142305777440046,0.5002123839052711,49.98098913041335,0.4978308200836181,0.404981455206871,0.6010652303695678,0.458080193400383,801.6575622558594,332.982816696167,851.1681365966797,326.1415958404541,737.90771484375,334.73440647125244,688.5553741455078,331.9711947441101,478,0.6032344102859497,0.553098738193512,1,0.645672082901001,0.5297848309479125,0.5955104888340372,0.4990695722512627,0.3452920215518599,-0.033833115368779754,0.49217193223516265,49.429635559482406,3.1314949989318848,0.5,7.623786926269531,-0.7853348255157471,-36.85646438598633,-3.073493242263794
0.99699866771698,-0.05476280674338341,-0.05472410470247269,0.053353872150182724,0.9982136487960815,-0.02688474953174591,0.05609864369034767,0.023884320631623268,0.9981395602226257,0.9999995231628418,0.04850902780890465,0.03890758007764816,0.430189847946167,0.3971773087978363,0.07824506610631943,0.08101849257946014,0.057585518807172775,0.03571018576622009,0.01408613845705986,0.012169355526566505,0.1826084703207016,0.2028893530368805,1,0.08771118833137896,1,0.5128999553638549,0.36381432698244603,-0.028536442600524008,0.5067878583339096,49.87811646876857,0.4977790951728821,0.4041907399892807,0.6011291384696961,0.4578330725431442,801.7518615722656,332.72592544555664,851.1835479736328,326.0674810409546,737.9286956787109,334.1098380088806,688.7846374511719,331.7535710334778,478,0.603350043296814,0.5536423325538635,1,1.3707597255706787,0.5275009528684906,0.5727403858148646,0.49969354039069863,0.3491689121972729,-0.03221412940964236,0.503131034158735,49.2005127334007,3.063232183456421,0.5,7.607692718505859,-0.7307882308959961,-36.752845764160156,-3.2159037590026855
0.9972013235092163,-0.050666626542806625,-0.054975878447294235,0.049592483788728714,0.9985543489456177,-0.020730644464492798,0.05594675615429878,0.01794624887406826,0.9982724189758301,0.9999995827674866,0.06617828458547592,0.058697063475847244,0.4159516394138336,0.38540899753570557,0.0761527270078659,0.0833372101187706,0.06134063005447388,0.03332946076989174,0.014771480113267899,0.01301316823810339,0.20491257309913635,0.2554686963558197,1,0.0879592288224941,1,0.5069287905682659,0.35244141757348363,-0.03300751150301483,0.49654204861051776,49.85721203593052,0.4979371726512909,0.4045565575361252,0.6012531220912933,0.45742015540599823,801.7692565917969,332.73959398269653,851.2546539306641,326.6620087623596,737.7017974853516,333.90538930892944,688.7784576416016,331.49255990982056,478,0.6033159494400024,0.552863597869873,1,1.0299127101898193,0.5213109871323657,0.6505697789570501,0.5014695239316233,0.3347460134062645,-0.04084277742282623,0.48675768448245654,48.98280236240293,2.8470687866210938,0.5,7.5962910652160645,-0.7536677122116089,-36.700504302978516,-3.2071874141693115
0.9979424476623535,-0.04280431941151619,-0.04773586615920067,0.04113282635807991,0.9985241293907166,-0.03546476736664772,0.04918346554040909,0.033428288996219635,0.9982302784919739,1.0000001192092896,0.5210747718811035,0.41365864872932434,0.7261744141578674,0.7059875726699829,0.0880511924624443,0.08779560029506683,0.05321922153234482,0.04023860767483711,0.004503573291003704,0.0033422079868614674,0.31379199028015137,0.35808897018432617,1,0.08780708428453958,1,0.5155929792134449,0.15567621654239527,0.007203433844036187,0.3561777415105356,49.287495861598586,0.4978710830211639,0.4092389643192291,0.6013949930667877,0.46577319502830505,802.1214294433594,335.4427456855774,851.3775634765625,333.68476152420044,737.9745483398438,335.55490493774414,688.5720062255859,336.1830139160156,478,0.6035239100456238,0.5565342307090759,1,1.9179785251617432,0.5134486863858275,0.6385750975774369,0.5066974332211656,0.15309302604189307,0.0034882330265192463,0.31302925307304336,49.40653487483629,2.360260248184204,0.5,7.607611179351807,-0.8485860228538513,-36.851680755615234,-2.8191423416137695
0.9979124069213867,-0.0412423200905323,-0.04969760775566101,0.03947341814637184,0.9985695481300354,-0.03606440871953964,0.051113907247781754,0.03402739390730858,0.9981129765510559,1.000000238418579,0.4629215896129608,0.33125007152557373,0.7831824421882629,0.7723577618598938,0.09247224777936935,0.0636202022433281,0.04708060994744301,0.06306109577417374,0.0029867158737033606,0.002370443195104599,0.36314937472343445,0.36710843443870544,1,0.08912423981808897,1,0.5204484763073117,0.1634810309034792,0.03159301486210209,0.5359962208101083,49.77210084170253,0.49783425331115727,0.41129009425640106,0.6007327318191529,0.46670012176036835,802.0897674560547,335.2369451522827,851.8233489990234,333.27916860580444,737.109375,335.4754900932312,687.2019958496094,335.56960344314575,478,0.6028984785079956,0.5554100275039673,1,1.9525556564331055,0.5093343428712515,0.6775696723388087,0.49532256674620007,0.17876902001152745,0.01923229690812477,0.47805439449010556,49.907467888917104,2.2652106285095215,0.5,7.583361625671387,-0.8190929889678955,-36.83538055419922,-2.9298877716064453
0.9973597526550293,-0.05182485654950142,-0.05086987093091011,0.050351742655038834,0.9982860684394836,-0.02982577122747898,0.05232841521501541,0.027185635641217232,0.9982598423957825,0.9999997615814209,0.2326011210680008,0.23544490337371826,0.632192850112915,0.5986587405204773,0.10866228491067886,0.05905470997095108,0.03533628210425377,0.06566644459962845,0.008097581565380096,0.004516789689660072,0.2994864583015442,0.33384788036346436,1,0.08784731068459142,1,0.5244679326133775,0.26479161125112133,-0.017832628988312973,0.4872771960487432,48.39433111290666,0.4969906389713288,0.4082975447177887,0.5999868094921113,0.463012820482254,801.3642120361328,334.2230486869812,849.6067047119141,330.3924894332886,736.6891479492188,335.43733835220337,687.4289703369141,335.3786301612854,478,0.6029961705207825,0.5547152757644653,1,1.5599517822265625,0.5093343428712515,0.6949988512499939,0.49594328926074666,0.24025173882697937,0.00030147753377606916,0.5205288602044448,49.260212597450334,2.8901257514953613,0.5,7.591400623321533,-0.7970000505447388,-36.908267974853516,-2.9995672702789307
0.9976539015769958,-0.04944539815187454,-0.04734882712364197,0.048297978937625885,0.9985180497169495,-0.025078926235437393,0.04851868748664856,0.022733215242624283,0.9985635876655579,0.9999998211860657,0.1281498819589615,0.11970267444849014,0.5287295579910278,0.5075018405914307,0.10256488621234894,0.060253020375967026,0.038521479815244675,0.060923993587493896,0.010951835662126541,0.007615900132805109,0.2878115177154541,0.310659259557724,1,0.08741195599568044,1,0.5194831244882631,0.3132389451883908,-0.02434800328551712,0.5012051979064861,48.60504528582004,0.4972290515899658,0.4067871332168579,0.600404155254364,0.4612578511238098,801.4044952392578,334.2153239250183,849.7409820556641,329.11292552948,737.3574829101562,335.41231870651245,688.7667083740234,333.8931369781494,478,0.6031751036643982,0.5544707179069519,1,1.3041654825210571,0.5073752332727968,0.7702929663305453,0.49128809590430383,0.29516130097506804,-0.017477503591460986,0.5041486604984778,48.61451720671834,2.771613836288452,0.5,7.607964038848877,-0.8026127815246582,-36.96748733520508,-2.7810075283050537
0.997458815574646,-0.05204147472977638,-0.04865723103284836,0.05096680670976639,0.9984337687492371,-0.023073462769389153,0.049781810492277145,0.02053498476743698,0.9985490441322327,0.9999999403953552,0.13580968976020813,0.11151711642742157,0.4533363878726959,0.4338955879211426,0.0761343464255333,0.09082791954278946,0.06477843970060349,0.03127489611506462,0.01392996497452259,0.011073158122599125,0.30785343050956726,0.30042633414268494,1,0.08685789807955056,1,0.5062793497700475,0.30947372340542834,-0.03026364251144739,0.48483174200225393,48.528508637108786,0.49799213409423826,0.40490627884864805,0.6012146234512329,0.4593274652957916,801.5824890136719,333.4761714935303,849.7755432128906,327.78006076812744,737.7773284912109,334.87274408340454,689.8552703857422,333.21593284606934,478,0.6032224893569946,0.5544211864471436,1,1.1781114339828491,0.49934728384535265,0.6815547073676645,0.5041370154661272,0.30753123700327817,-0.034510770482935826,0.46506168364147393,47.95069005380407,2.9250783920288086,0.5,7.614924430847168,-0.7819936275482178,-36.927650451660156,-2.8534669876098633
0.9976992607116699,-0.05036250874400139,-0.04538572207093239,0.050227247178554535,0.9987293481826782,-0.0041165961883962154,0.0455353744328022,0.0018275307957082987,0.9989610314369202,1.000000238418579,0.07148171216249466,0.058999814093112946,0.4399186372756958,0.4189935326576233,0.03114849328994751,0.16367346048355103,0.16876468062400818,0.012664912268519402,0.014600487425923347,0.012760220095515251,0.2542913556098938,0.25236472487449646,1,0.08756498599487857,1,0.46604762669702976,0.3430568116556562,-0.023900244867048486,0.5294964460224597,48.86789702991932,0.49925493597984316,0.40495283901691437,0.602504426240921,0.4591151624917984,801.5843963623047,333.4794545173645,850.0710296630859,327.38702058792114,738.7443542480469,334.89428758621216,690.1255035400391,332.96472787857056,478,0.6032494902610779,0.554162323474884,1,0.10481858253479004,0.49934728384535265,0.6757732202184821,0.5161729265335011,0.33419037501411913,-0.035553552579539974,0.4947852607594568,48.657125325384975,2.882012367248535,0.5,7.636658191680908,-0.8600998520851135,-37.020870208740234,-2.60988712310791
0.9976733326911926,-0.05081161484122276,-0.04545539990067482,0.05033784359693527,0.998665988445282,-0.011507879011332989,0.04597951099276543,0.009192976169288158,0.9989001154899597,1.0000003576278687,0.078770212829113,0.058526426553726196,0.41267478466033936,0.3940669894218445,0.04983103275299072,0.1162266731262207,0.10720363259315491,0.019993992522358894,0.015453021973371506,0.014419782906770706,0.23842740058898926,0.2499745637178421,1,0.08725588199815063,1,0.4836669562510404,0.3418634473601926,-0.027368125441603865,0.5084421340273102,49.06406488047914,0.49854511618614195,0.4043098896741867,0.6021163523197174,0.45845009982585905,801.6318511962891,333.22054624557495,850.3354644775391,327.2841739654541,738.9063262939453,334.3304443359375,690.1823425292969,332.4504089355469,478,0.6035712361335754,0.5541402101516724,1,0.527283787727356,0.4988059158173327,0.7192752136794861,0.5070409292035796,0.33422833336591995,-0.039197961397230516,0.47569267379459024,48.76024125352505,2.8884224891662598,0.5,7.649148941040039,-0.8176851868629456,-37.025020599365234,-2.6353609561920166
0.9973575472831726,-0.0546550452709198,-0.04786191135644913,0.053719617426395416,0.9983431696891785,-0.020618299022316933,0.0489095039665699,0.01799267902970314,0.9986411333084106,0.9999999403953552,0.06407999992370605,0.045616671442985535,0.40057042241096497,0.3899412155151367,0.05749565362930298,0.10207284241914749,0.09125002473592758,0.02435106597840786,0.01556161418557167,0.01510715577751398,0.20313216745853424,0.21984677016735077,1,0.08708553645146808,1,0.49180841091787353,0.35424971510675773,-0.028236967622840514,0.5028372104138487,49.138330566478196,0.4983212411403656,0.40339244306087496,0.6019015371799469,0.45822186172008517,801.6316986083984,333.08883905410767,850.357666015625,326.7362308502197,739.0952301025391,334.3359375,690.2366638183594,332.3745346069336,478,0.6035802960395813,0.5548294186592102,1,1.0321956872940063,0.4988059158173327,0.6662133978237782,0.5009501512663155,0.34555227362496477,-0.03765385246287167,0.4787763870934938,48.897920208862715,3.083082675933838,0.5,7.665058612823486,-0.7871349453926086,-37.02463912963867,-2.803426504135132
0.997259795665741,-0.05377741903066635,-0.0508032962679863,0.052391424775123596,0.9982274770736694,-0.02823123335838318,0.052231453359127045,0.025492209941148758,0.9983096122741699,1.0000008344650269,0.06296458840370178,0.051312800496816635,0.40072694420814514,0.38293948769569397,0.06485874950885773,0.09562594443559647,0.07878900319337845,0.027130456641316414,0.01588289625942707,0.015112030319869518,0.2091609537601471,0.2505546808242798,1,0.0868890894045506,1,0.497644244530003,0.3518503546930021,-0.027417262552928773,0.4986671361704734,49.16757286094161,0.4982129514217377,0.40310382544994355,0.6017964661121369,0.4580156773328781,801.6548919677734,333.08356046676636,850.3855895996094,326.5437340736389,739.0629577636719,334.28825855255127,690.3025817871094,331.76172494888306,478,0.6035835146903992,0.5549118518829346,1,1.4627511501312256,0.4988059158173327,0.6787285707302241,0.4999713800376206,0.3377585659398295,-0.036215100565028635,0.47541807103296213,48.82578865234897,3.007290840148926,0.5,7.675273418426514,-0.7493335008621216,-37.00977325439453,-2.994004011154175
0.9973458051681519,-0.05043066665530205,-0.05251818522810936,0.04903952777385712,0.9984195828437805,-0.02744942530989647,0.053819477558135986,0.02480110339820385,0.9982426166534424,1.0000004768371582,0.06569775938987732,0.05256187170743942,0.4026620388031006,0.38340193033218384,0.06930354982614517,0.07995303720235825,0.06740154325962067,0.035242874175310135,0.015474481508135796,0.015250963158905506,0.19685018062591553,0.25686097145080566,1,0.08732029560099713,1,0.4980347737772657,0.3522552221173337,-0.028228004616131733,0.494110914166204,49.41031669343493,0.49794924855232237,0.40332953035831454,0.6014653503894806,0.45823381245136263,801.3880920410156,333.37761640548706,850.4047393798828,327.15285301208496,738.9547729492188,334.27422523498535,690.0058746337891,331.63793563842773,478,0.6035161018371582,0.5549042820930481,1,1.4232072830200195,0.5042885175662062,0.6726233328330452,0.4896748782643629,0.33636096648372715,-0.036230508167093126,0.47352765924832046,49.019839547159194,2.8149681091308594,0.5,7.6567792892456055,-0.7533619403839111,-36.97026062011719,-3.0851194858551025
0.9973694682121277,-0.04943527653813362,-0.0530126616358757,0.04810243472456932,0.9985005855560303,-0.02613060548901558,0.05422494560480118,0.023511823266744614,0.9982519149780273,0.9999997019767761,0.06892307102680206,0.04229804128408432,0.36899325251579285,0.34809255599975586,0.06722970306873322,0.07678527384996414,0.06402336806058884,0.04055022448301315,0.017708690837025642,0.01860056445002556,0.19711340963840485,0.21237395703792572,1,0.0873920788703759,1,0.49443771646544804,0.35398687379631566,-0.03216955792883316,0.4828116503619842,49.385185851839225,0.49807360768318176,0.4029597043991089,0.6015561521053314,0.4576265811920166,801.397705078125,333.237669467926,850.406494140625,327.1520161628723,739.8204803466797,333.95315408706665,690.4435729980469,331.3579988479614,478,0.6034825444221497,0.5546668767929077,1,1.3492376804351807,0.5053867832573267,0.6076668303619263,0.4776175573084645,0.34782141009997297,-0.04143028538667856,0.46753028509342553,49.44505850061676,2.7611958980560303,0.5,7.67746114730835,-0.7530983686447144,-37.011871337890625,-3.1083850860595703
0.9973351359367371,-0.05030449107289314,-0.052841003984212875,0.04882235452532768,0.9983870983123779,-0.028975803405046463,0.05421338602900505,0.026318766176700592,0.9981824159622192,1.0000003576278687,0.0591164194047451,0.03517136350274086,0.40433624386787415,0.3753611743450165,0.06668125838041306,0.08208437263965607,0.06827538460493088,0.03411298990249634,0.015770839527249336,0.014679315499961376,0.18908444046974182,0.18080902099609375,1,0.08752360566451203,1,0.500985721984015,0.35883503680956064,-0.030043346461199858,0.49387732279240326,49.81896508690787,0.49813259243965147,0.403614753484726,0.6015517771244049,0.45799129605293276,801.5578460693359,333.0672311782837,851.0151672363281,327.0753479003906,739.1447448730469,333.9745259284973,689.5079040527344,331.44322872161865,478,0.6034191846847534,0.5543765425682068,1,1.510349988937378,0.5140986482789798,0.6431253799902416,0.49286242218696596,0.3517272118733477,-0.03272352022252585,0.4878584190435929,49.70134235883368,2.802551746368408,0.5,7.6299824714660645,-0.7460264563560486,-36.83490753173828,-3.1077215671539307
0.9975383877754211,-0.04741034284234047,-0.05166630446910858,0.04591929912567139,0.9985043406486511,-0.029674291610717773,0.052995894104242325,0.027228759601712227,0.9982234239578247,1.0000001192092896,0.4740908443927765,0.44011393189430237,0.7380700707435608,0.7179407477378845,0.050149932503700256,0.11418523639440536,0.10402094572782516,0.026601240038871765,0.004925646353513002,0.003050985047593713,0.3588983118534088,0.3168046176433563,1,0.08873600425882713,1,0.49935559444773897,0.15250070083558775,0.004717884836504434,0.40147915268049755,49.82628421720597,0.49893136024475093,0.4112901031970978,0.6024402499198913,0.4655121505260468,803.0497741699219,334.84371185302734,852.8115844726562,332.309775352478,739.1963195800781,335.8687448501587,688.6956787109375,336.69570207595825,478,0.6035088896751404,0.554222047328949,1,1.5624819993972778,0.46780314026541797,0.6461461191108727,0.5094466996173715,0.15365564623936973,0.00978141576763283,0.3635499592119322,50.50741120418104,2.6356139183044434,0.3,7.694247245788574,-0.8240184783935547,-37.045921325683594,-3.0378642082214355
0.9977926015853882,-0.04647926613688469,-0.04742903634905815,0.046190276741981506,0.9989069104194641,-0.007171741686761379,0.04771052673459053,0.0049651144072413445,0.9988489151000977,1.0000004768371582,0.28996598720550537,0.2510698437690735,0.6525397300720215,0.6339335441589355,0.06307263672351837,0.1096176952123642,0.08778458088636398,0.025616275146603584,0.006940668914467096,0.004531164653599262,0.3024844229221344,0.2946554720401764,1,0.08710773371243484,1,0.5004318313575692,0.24470651120717193,-0.013947632741393535,0.5283139756412358,48.17036204259383,0.49837026596069334,0.4105225890874863,0.6024614334106445,0.46398265063762667,802.9715728759766,334.6851396560669,851.0769653320312,332.18414068222046,739.2539215087891,335.94436168670654,691.2225341796875,336.2421941757202,478,0.6040911674499512,0.5534600615501404,1,0.2848055958747864,0.46780314026541797,0.667596169692361,0.5056384416105192,0.24312600214816665,-0.011071507716045603,0.48467063937041527,48.032310719407974,2.65047025680542,0.3,7.711546421051025,-0.9106757640838623,-37.1258544921875,-2.734649896621704
0.9973866939544678,-0.051085226237773895,-0.051088958978652954,0.05081130191683769,0.9986861348152161,-0.006647082511335611,0.051361411809921265,0.004033815115690231,0.9986719489097595,1.0000001192092896,0.1198587641119957,0.1067708283662796,0.5067780017852783,0.48089003562927246,0.054723385721445084,0.12541663646697998,0.10502183437347412,0.01875942386686802,0.01194071676582098,0.00834309309720993,0.26222100853919983,0.25271809101104736,1,0.08697801679173592,1,0.49657836106126324,0.3228448051345893,-0.028792463600102503,0.5112295995179186,48.621424615577176,0.49857673048973083,0.4077876776456833,0.6026630699634552,0.46068924367427827,802.9093933105469,333.9105176925659,851.2616729736328,328.80170345306396,739.2245483398438,335.5625009536743,691.1479187011719,334.4916772842407,478,0.6040863394737244,0.552901566028595,1,0.2314266413450241,0.4661585712751824,0.7294146794986303,0.5127642404250423,0.3137108285936564,-0.02996785883678427,0.49057022083231683,48.088553532428264,2.916379690170288,0.3,7.705377101898193,-0.8713292479515076,-37.0123405456543,-2.944087266921997
0.9977747797966003,-0.04728259891271591,-0.04700905829668045,0.04681260138750076,0.9988425970077515,-0.011049766093492508,0.0474771112203598,0.008824563585221767,0.9988333582878113,0.9999997019767761,0.07820627838373184,0.06626418977975845,0.42684686183929443,0.39785221219062805,0.04355234652757645,0.13831095397472382,0.13385874032974243,0.015334991738200188,0.015509748831391335,0.013617337681353092,0.21997205913066864,0.2828349471092224,1,0.0868074195110576,1,0.48267209331650673,0.3430363303207042,-0.029585318674350106,0.5070452910204816,48.89961294176082,0.4989531934261322,0.4049781531095505,0.6031779944896698,0.45837920606136323,802.7893829345703,333.641996383667,851.2898254394531,327.4066758155823,739.8490905761719,334.4622588157654,691.6289520263672,331.8409466743469,478,0.6042248010635376,0.5534010529518127,1,0.5061875581741333,0.4661585712751824,0.7287114925270811,0.5157335454697295,0.3293369283973544,-0.040817537649673816,0.47839062638842955,48.2913350322984,2.686176300048828,0.3,7.6946868896484375,-0.8190582394599915,-36.984825134277344,-2.7212610244750977
0.9977498054504395,-0.044773753732442856,-0.04990701004862785,0.044274259358644485,0.9989580512046814,-0.011069884523749352,0.05035068094730377,0.008835356682538986,0.998692512512207,1.0000003576278687,0.09232116490602493,0.06574849039316177,0.41609716415405273,0.3913886249065399,0.02935265563428402,0.1822710484266281,0.1894395798444748,0.010369532741606236,0.01533304713666439,0.014747558161616325,0.2293345332145691,0.28383392095565796,1,0.08733034975820317,1,0.46741451747572677,0.3353407624015606,-0.028360922423386562,0.5034952808636955,49.14717197469109,0.4997358977794647,0.4047486066818237,0.6036134421825409,0.4575367450714111,802.7740478515625,333.02377939224243,851.5872192382812,327.30374336242676,739.9424743652344,333.7373757362366,691.5789794921875,331.02407455444336,478,0.6038775444030762,0.5527881383895874,1,0.506878137588501,0.4661585712751824,0.7073343711994063,0.5199830731239674,0.32848330120432234,-0.04191146300886578,0.4688922164312652,48.43954623791629,2.5407822132110596,0.3,7.675117015838623,-0.7985687255859375,-36.88799285888672,-2.886101722717285
0.9971574544906616,-0.050589669495821,-0.05583624541759491,0.04920206218957901,0.9984515905380249,-0.02595333568751812,0.05706275999546051,0.023132285103201866,0.9981025457382202,0.9999998211860657,0.06992017477750778,0.06527610868215561,0.40451866388320923,0.38001036643981934,0.03187708184123039,0.16735003888607025,0.17180128395557404,0.011762047186493874,0.015832146629691124,0.015136854723095894,0.17987564206123352,0.3143794536590576,1,0.08696896594217078,1,0.4702352268021178,0.3514556063343804,-0.028542294231976142,0.5031182226430132,49.29019638506847,0.4993860960006714,0.40330009162425995,0.6034662961959839,0.45732270181179047,802.4488067626953,332.80160665512085,851.3568878173828,326.6759991645813,740.1854705810547,333.7635540962219,691.7873382568359,331.156747341156,478,0.6040802001953125,0.5540226101875305,1,1.3276641368865967,0.4661585712751824,0.6188826417736952,0.516494509274815,0.3304984783225518,-0.040139300325479625,0.4679415200822179,48.46828503287259,2.824815511703491,0.3,7.709202766418457,-0.7451858520507812,-36.90684127807617,-3.2712321281433105
0.9972637891769409,-0.051174599677324295,-0.05334887281060219,0.050025325268507004,0.9984908699989319,-0.02266065776348114,0.05442800745368004,0.019929874688386917,0.9983187317848206,1.0000003576278687,0.07018683105707169,0.06103890389204025,0.40382879972457886,0.3822017014026642,0.033594291657209396,0.1786252111196518,0.1805238574743271,0.00960584543645382,0.015689417719841003,0.014417472295463085,0.17955021560192108,0.296165406703949,1,0.08669250904978454,1,0.47250405545271745,0.35057144146314884,-0.02897597259609484,0.505450483337784,49.543107656680604,0.49934548139572144,0.4038920193910599,0.6037234663963318,0.45719234049320223,802.586669921875,332.71026134490967,851.7440032958984,326.5396785736084,740.2964782714844,333.61830711364746,691.7778015136719,331.2042546272278,478,0.6043779850006104,0.5533003211021423,1,1.1436687707901,0.4539033002104189,0.5918464057974744,0.526043182069894,0.3348738741270349,-0.040769112777592,0.47341794465827636,48.5786953698166,2.871696949005127,0.3,7.693560600280762,-0.748040497303009,-36.815086364746094,-3.1200366020202637
0.9968875646591187,-0.052866216748952866,-0.05848394334316254,0.05184691399335861,0.9984778761863708,-0.0188120286911726,0.05938943475484848,0.015721241012215614,0.9981110692024231,1.0000003576278687,0.0669633075594902,0.05649356544017792,0.39260682463645935,0.37424781918525696,0.02156851626932621,0.25331902503967285,0.2742574214935303,0.005375368986278772,0.016359807923436165,0.015095865353941917,0.17936190962791443,0.2766810953617096,1,0.08739442500295205,1,0.45673642749388993,0.34812893264473393,-0.02901058731082618,0.5058403217038703,49.960042509881355,0.5003795444965362,0.40359053313732146,0.6040556252002716,0.4570092290639877,802.4875640869141,332.62863636016846,852.0409393310547,326.2671232223511,739.9660491943359,333.715124130249,690.6505584716797,331.23996019363403,478,0.6036760807037354,0.5534186959266663,1,0.9023907780647278,0.4510428112652656,0.6660051399052378,0.5401897911625054,0.3349326968985582,-0.041667644539313126,0.46479574601382717,49.377566382196974,2.977201461791992,0.3,7.6917009353637695,-0.7591734528541565,-36.80061721801758,-3.4047672748565674
0.9969643354415894,-0.048910338431596756,-0.06057976186275482,0.04851147532463074,0.9987902641296387,-0.008038396015763283,0.06089963763952255,0.005075163207948208,0.9981309771537781,0.9999998211860657,0.06661216914653778,0.0581735260784626,0.3895120620727539,0.365225225687027,0.01774759031832218,0.2724575698375702,0.3043493628501892,0.004888408817350864,0.016457142308354378,0.015336834825575352,0.17737063765525818,0.265733003616333,1,0.0879126944424055,1,0.45041094441614943,0.3492631229746562,-0.030052317986693892,0.5089301040586751,49.98121041727039,0.5006263077259063,0.4038452565670013,0.6043068587779998,0.45709330439567564,802.7840423583984,332.6326060295105,852.4083709716797,326.67044162750244,739.9794006347656,333.6669945716858,690.9688568115234,331.338472366333,478,0.6036805510520935,0.5532480478286743,1,0.29132741689682007,0.44858954850457905,0.7057540938208775,0.53687516784206,0.33649054866423345,-0.04256902840735604,0.46458704972337606,49.06582743222512,2.785768747329712,0.3,7.720729827880859,-0.7982137203216553,-36.896751403808594,-3.49145245552063
0.9974383115768433,-0.04438905790448189,-0.05609271675348282,0.044211916625499725,0.9990125298500061,-0.004395714495331049,0.05623245611786842,0.0019044856308028102,0.9984158873558044,1.0000001192092896,0.058087434619665146,0.054805103689432144,0.4157847762107849,0.3827909529209137,0.022780459374189377,0.22650611400604248,0.23894084990024567,0.006701253820210695,0.015630003064870834,0.013342097401618958,0.19034913182258606,0.2363986372947693,1,0.08810957609755352,1,0.46301630827690377,0.35574357440549687,-0.027865021135943586,0.5132171469868612,50.042120870196605,0.5000606656074524,0.40440880358219145,0.6040936589241028,0.45750676691532133,803.2182312011719,332.65082359313965,852.9001617431641,326.6575241088867,739.7348785400391,333.88296604156494,690.8671569824219,331.42932415008545,478,0.6040329933166504,0.5530979633331299,1,0.10929197818040848,0.4469797276623839,0.6535087996548992,0.5325760501667424,0.3403600529543376,-0.03765257430161409,0.48318287255002385,48.92928130334928,2.5380005836486816,0.3,7.695108890533447,-0.8093239068984985,-36.86119842529297,-3.2235827445983887
0.9977818727493286,-0.047571469098329544,-0.04656459018588066,0.04667274281382561,0.9987059235572815,-0.02020181342959404,0.047465357929468155,0.017983729019761086,0.9987110495567322,0.9999998211860657,0.07085025310516357,0.06052526459097862,0.4250117242336273,0.40274670720100403,0.02495468594133854,0.20315302908420563,0.2144024819135666,0.008192512206733227,0.014998340047895908,0.012832781299948692,0.2350081354379654,0.22783087193965912,1,0.08812479804755959,1,0.4642063582731077,0.34180664300699953,-0.023482281476340752,0.5163798747633194,50.04043844685823,0.4997927069664001,0.40453976690769194,0.6040532708168029,0.4571728140115738,803.2018280029297,332.0857787132263,852.8907775878906,326.1651563644409,740.3120422363281,333.4701204299927,691.0134124755859,331.2618684768677,478,0.6042605638504028,0.5526330471038818,1,1.0316100120544434,0.4469797276623839,0.7141815133869703,0.5240790601879344,0.33284588188328335,-0.03428710274247437,0.4834267212699725,49.34806250577535,2.6781437397003174,0.3,7.662299633026123,-0.7271420359611511,-36.82181167602539,-2.7205867767333984
0.9972964525222778,-0.050435926765203476,-0.053442034870386124,0.049039389938116074,0.9984283447265625,-0.027129262685775757,0.054726336151361465,0.024435143917798996,0.9982023239135742,0.9999998211860657,0.06676255166530609,0.05928386375308037,0.4049997329711914,0.37921032309532166,0.0300150103867054,0.20938564836978912,0.20163846015930176,0.007090657949447632,0.016140758991241455,0.01267640758305788,0.22937682271003723,0.2561661899089813,1,0.08644016985347378,1,0.47940914655587874,0.3462047260008186,-0.026418159655753108,0.5077382369000827,49.71686249079869,0.5002137243747711,0.4023788094520569,0.6039330184459686,0.4568609118461609,802.9389953613281,331.959285736084,852.2451782226562,325.58223724365234,740.6470489501953,333.4502935409546,691.6594696044922,331.2551951408386,478,0.6037192940711975,0.554482102394104,1,1.4022717475891113,0.4469797276623839,0.6337127542687349,0.5329663798038904,0.3363329495617617,-0.03550784105315653,0.480030924522797,49.03673507928341,2.8150994777679443,0.3,7.683300495147705,-0.7120253443717957,-36.85593795776367,-3.137155294418335
0.9972785711288452,-0.0511152483522892,-0.0531291738152504,0.04978250712156296,0.9984186291694641,-0.026113439351320267,0.05437995120882988,0.023397471755743027,0.9982461333274841,1.0000003576278687,0.062401577830314636,0.058918558061122894,0.41716277599334717,0.3844112157821655,0.025592530146241188,0.22401046752929688,0.2343730330467224,0.006301867309957743,0.016447635367512703,0.012364296242594719,0.2308000922203064,0.24857747554779053,1,0.08649075677187859,1,0.472213370563287,0.34656682624762913,-0.024144857203128943,0.5149553393984025,49.88035777709665,0.5002687454223633,0.40271188914775846,0.6042355179786683,0.45702620446681974,802.9180145263672,331.9553804397583,852.3709869384766,325.43973684310913,741.1598968505859,333.55663776397705,692.0417785644531,331.5719962120056,478,0.6039667725563049,0.5543143153190613,1,1.3426858186721802,0.46070349828764756,0.6515206826097495,0.531416961931643,0.3360583446218243,-0.03437609098266393,0.4879390502301709,49.158197141053314,2.857738733291626,0.3,7.707502365112305,-0.7189624309539795,-36.90428161621094,-3.117279052734375
0.9976463317871094,-0.0475250780582428,-0.049428556114435196,0.04656936600804329,0.9987085461616516,-0.0203110259026289,0.05033000931143761,0.017961367964744568,0.9985710978507996,0.9999998211860657,0.04238526150584221,0.0520208515226841,0.44141319394111633,0.4072938859462738,0.025586804375052452,0.2188580334186554,0.2322440892457962,0.006492985878139734,0.01427917368710041,0.011239329352974892,0.17937500774860382,0.24360965192317963,1,0.08667255358590457,1,0.4714728260466197,0.3622302953297896,-0.016979811577795233,0.5369106735154282,50.145898596942146,0.5000905930995941,0.4036154180765152,0.6043575346469879,0.45769745409488677,802.9629516601562,332.39466190338135,852.701416015625,326.01529598236084,741.1418151855469,333.6915636062622,691.9054412841797,331.5683698654175,478,0.6042669415473938,0.5540820360183716,1,1.030471920967102,0.46070349828764756,0.5941618128813678,0.5333699837177709,0.3404205080299513,-0.03389066755586431,0.4954643749712838,49.28213131262647,2.6725828647613525,0.3,7.691272735595703,-0.7489445805549622,-36.86867904663086,-2.884915828704834
0.9979001879692078,-0.05035395547747612,-0.04073966294527054,0.04937736690044403,0.9984763860702515,-0.02463330328464508,0.04191797226667404,0.022569971159100533,0.9988660216331482,0.9999997615814209,0.05219612643122673,0.056484758853912354,0.4075232148170471,0.38306674361228943,0.0280802920460701,0.1989866942167282,0.21207986772060394,0.007809354458004236,0.016058458015322685,0.013586693443357944,0.19121365249156952,0.2617484927177429,1,0.08663443239383639,1,0.4656141143446547,0.3551479119683304,-0.021904662180116545,0.523825544710769,50.22184808018302,0.4990452349185943,0.4029872536659241,0.6045257866382598,0.4571811079978943,802.8421783447266,332.2590923309326,852.6742553710938,326.014244556427,741.8995666503906,333.5224986076355,692.0233154296875,331.3681697845459,478,0.6054805517196655,0.5541938543319702,1,1.2944117784500122,0.46070349828764756,0.6094300337807658,0.5288027724567195,0.33293771760395446,-0.037380916836846044,0.48133232597374764,49.92275601976046,2.8327572345733643,0.3,7.703356742858887,-0.7271509766578674,-36.91278076171875,-2.4024267196655273
0.9976872205734253,-0.051929373294115067,-0.04385719075798988,0.050873763859272,0.9983958005905151,-0.024852482602000237,0.04507741704583168,0.022563813254237175,0.9987286329269409,1.0,0.05434490367770195,0.054946959018707275,0.3798530697822571,0.3683479130268097,0.026990849524736404,0.2034653276205063,0.21528613567352295,0.007771647069603205,0.01708144135773182,0.015183151699602604,0.1977708488702774,0.2641294002532959,1,0.08673504348719643,1,0.46469388740666584,0.35425501990756025,-0.02514062606930389,0.5171419292127776,50.09361117078141,0.49921873211860657,0.40326626002788546,0.604582279920578,0.4572171658277512,803.0311584472656,332.4800634384155,852.7194976806641,326.12091064453125,741.8726348876953,333.77245903015137,692.2022247314453,331.48831129074097,478,0.6053635478019714,0.5539509057998657,1,1.2942367792129517,0.42595862961392855,0.6078645562938593,0.5273083189453619,0.33543616128966797,-0.04028861461936347,0.47379401296723833,49.72290192743181,2.9190804958343506,0.3,7.716766834259033,-0.7462112903594971,-36.907073974609375,-2.5836212635040283
0.9977449178695679,-0.04661734029650688,-0.048290129750967026,0.045582354068756104,0.9987112879753113,-0.02231721393764019,0.04926826432347298,0.020065732300281525,0.9985840916633606,0.9999997615814209,0.05924225226044655,0.04519627243280411,0.4268328547477722,0.4033159911632538,0.010863845236599445,0.37277984619140625,0.415965735912323,0.002803822746500373,0.014124027453362942,0.01272469013929367,0.17619113624095917,0.22032906115055084,1,0.08709307857376042,1,0.42896414764039603,0.34857341970548406,-0.017330731632355458,0.5247015203787462,50.80403562157768,0.5014101803302765,0.4035963863134384,0.6068836390972138,0.45813076198101044,803.9619445800781,332.8908705711365,854.4405364990234,327.1496343612671,743.3982849121094,333.7939381599426,693.5432434082031,331.5448307991028,478,0.6054734587669373,0.554534375667572,1,1.1511569023132324,0.2551185529948887,0.6803215214740567,0.553894874900614,0.3431944065902915,-0.03374735096930686,0.48347911820064704,49.905747638689974,2.615760326385498,0.08,7.765826225280762,-0.7743544578552246,-36.83970260620117,-2.8240065574645996
0.9978216290473938,-0.04578124359250069,-0.04749877750873566,0.04491441696882248,0.9988070726394653,-0.019159315153956413,0.048319265246391296,0.01698419079184532,0.9986875653266907,1.0000005960464478,0.055922992527484894,0.04500270262360573,0.41835907101631165,0.39410966634750366,0.0074320826679468155,0.40317609906196594,0.43785977363586426,0.0030644380021840334,0.015288039110600948,0.012999402359127998,0.186618372797966,0.21303729712963104,1,0.08811006915947968,1,0.4136700081632346,0.34649503338129745,-0.01622161512849085,0.5269328818814645,50.988798095689084,0.5014942824840546,0.40475224852561953,0.607107275724411,0.45782803893089297,804.0200805664062,332.6191306114197,854.6737670898438,326.78290128707886,743.4806823730469,333.74992847442627,693.4150695800781,331.4746642112732,478,0.6056129932403564,0.5530757904052734,1,0.9743072986602783,0.2551185529948887,0.6641835966899676,0.5469703437937701,0.34042444012215467,-0.03353596181683921,0.4837778587473814,50.11728655766283,2.577284812927246,0.08,7.772554397583008,-0.7727895975112915,-36.866397857666016,-2.7695682048797607
0.9978822469711304,-0.044662464410066605,-0.04728925973176956,0.043565407395362854,0.9987626671791077,-0.02398107573390007,0.04830180108547211,0.021870112046599388,0.9985933899879456,0.9999995231628418,0.06892511993646622,0.046666085720062256,0.41625702381134033,0.3925209641456604,0.008153899572789669,0.39394596219062805,0.42953646183013916,0.002980621997267008,0.015379213728010654,0.013170144520699978,0.20195117592811584,0.21318423748016357,1,0.08810124011647696,1,0.4192227370270264,0.3376749796192823,-0.01671656871623391,0.5203029591356553,50.946719411433655,0.5016644358634949,0.40485402941703796,0.6071008801460266,0.4579991400241852,804.2845916748047,332.68760204315186,854.9318695068359,327.1720361709595,743.4820556640625,333.7449288368225,693.4055328369141,331.4610815048218,478,0.6054364442825317,0.5531451106071472,1,1.2546296119689941,0.2612011519227506,0.7561393860349378,0.5467838848022634,0.33754272557132237,-0.033482352991180166,0.481622314706489,50.12857565495016,2.499823808670044,0.08,7.761386871337891,-0.7557140588760376,-36.827693939208984,-2.768566370010376
0.9979207515716553,-0.04435720294713974,-0.04676106199622154,0.04306783899664879,0.9986732006072998,-0.028229868039488792,0.04795122891664505,0.02615727111697197,0.9985071420669556,0.9999999403953552,0.07145991176366806,0.048046525567770004,0.44001278281211853,0.4119354784488678,0.013808298856019974,0.32454320788383484,0.365468829870224,0.0033978663850575686,0.01402136217802763,0.012099912390112877,0.22731328010559082,0.205381840467453,1,0.08710994584499096,1,0.437989571198476,0.3380471754392132,-0.013949378111969515,0.5254321677220535,50.35128795439449,0.5009641647338867,0.40515815913677217,0.6063879728317261,0.4583269327878952,804.0070343017578,332.83716201782227,854.0512847900391,327.28511810302734,743.1082153320312,333.77893924713135,693.1939697265625,331.44299268722534,478,0.6054238080978394,0.553168773651123,1,1.500598669052124,0.26492102644378734,0.8010511317788185,0.5470564970680647,0.33830104071747447,-0.031842528105189546,0.48673480819138754,49.96887592085427,2.4712133407592773,0.08,7.736426830291748,-0.7449281811714172,-36.78828430175781,-2.7484569549560547
0.9973877668380737,-0.045218415558338165,-0.05632800981402397,0.043671928346157074,0.9986424446105957,-0.02839062735438347,0.057535313069820404,0.025856565684080124,0.9980086088180542,0.9999999403953552,0.07246042788028717,0.05044174939393997,0.4229549765586853,0.39422357082366943,0.01222737692296505,0.3462000787258148,0.3894900381565094,0.0030647043604403734,0.014686642214655876,0.012733222916722298,0.21037420630455017,0.21580982208251953,1,0.08732270339524806,1,0.4369662270777017,0.33871062720599376,-0.017495873365596333,0.5163587128061353,50.411832985203986,0.5015110790729522,0.4047760158777237,0.6063182175159454,0.45806936323642733,803.9949798583984,332.82692670822144,854.0904235839844,327.18782901763916,742.5235748291016,333.77649307250977,693.0121612548828,331.3981246948242,478,0.6048071384429932,0.5532933473587036,1,1.4840960502624512,0.2726959606417254,0.7774526108170512,0.5505158653587789,0.34012604408331293,-0.03443365221605018,0.47968755245693395,49.56850522616598,2.507169246673584,0.08,7.764588832855225,-0.7424312233924866,-36.8216552734375,-3.298352003097534
0.9980877041816711,-0.04168662428855896,-0.045640211552381516,0.0402132049202919,0.9986546635627747,-0.03273957967758179,0.04694361612200737,0.030841626226902008,0.9984213709831238,1.0000001192092896,0.5066197514533997,0.34836137294769287,0.741769552230835,0.7087140083312988,0.06543795764446259,0.2027694582939148,0.09637722373008728,0.011126828379929066,0.003465133486315608,0.003948276396840811,0.2628672420978546,0.38318854570388794,1,0.08511938561908058,1,0.5067044190505409,0.1739361793166097,0.016781857012678158,0.41932550381234623,49.954715421054146,0.4996136605739594,0.41096644997596743,0.6047272861003876,0.46577399373054507,803.9769744873047,335.58584690093994,853.9048767089844,333.94933462142944,742.5288391113281,335.0321102142334,692.9335021972656,335.2045226097107,478,0.6051136255264282,0.5548075437545776,1,1.7693262100219727,0.27820347247784394,0.6165511993438431,0.5392976850386486,0.1739419649415523,0.005444642081344498,0.342194133950577,49.59563659993362,2.307213544845581,0.08,7.788588047027588,-0.8296434879302979,-37.06935119628906,-2.690659761428833
0.9976654648780823,-0.0458216592669487,-0.05063621699810028,0.044505275785923004,0.9986489415168762,-0.026826007291674614,0.05179702490568161,0.024509841576218605,0.9983567595481873,1.0,0.45054367184638977,0.30351197719573975,0.6899864077568054,0.6832907795906067,0.06155335530638695,0.15144464373588562,0.09509395807981491,0.016642656177282333,0.00511151785030961,0.00416200328618288,0.44938167929649353,0.35821184515953064,1,0.08528834682365447,1,0.5128131008472385,0.17340764420280902,0.008309963317566373,0.5752757443531116,49.35166478555474,0.49924179911613464,0.40956243574619294,0.6041484177112579,0.46433761417865754,803.9289855957031,334.18991804122925,853.2566070556641,332.64960050582886,742.2500610351562,335.0511860847473,693.1104278564453,335.49606800079346,478,0.6049066185951233,0.5547751784324646,1,1.4063392877578735,0.308064739071248,0.7111689560371102,0.5230509806345496,0.20481713648882588,-0.0048437689784594775,0.41163473953788937,49.14164699067153,2.5542378425598145,0.08,7.803382873535156,-0.8252430558204651,-37.12700271606445,-2.9690794944763184
0.9978230595588684,-0.04649503529071808,-0.04676913470029831,0.04563423618674278,0.998771607875824,-0.019308215007185936,0.047609422355890274,0.017131906002759933,0.9987190961837769,1.0000001192092896,0.23056553304195404,0.1613367348909378,0.5704725980758667,0.552509605884552,0.04333440959453583,0.17163363099098206,0.14174772799015045,0.011596805416047573,0.0089128902181983,0.00681770034134388,0.3659248650074005,0.3318811357021332,1,0.08589079460435659,1,0.4912196434216826,0.2635985021652045,-0.016688167997318232,0.5697151998063315,48.98999356844363,0.49893035888671877,0.40826711654663084,0.6047559022903443,0.4622157573699951,804.3111419677734,334.14944887161255,853.2266998291016,331.4498805999756,742.2936248779297,335.06751537323,693.6189270019531,334.64001417160034,478,0.6058255434036255,0.5539486408233643,1,0.9827483892440796,0.4316371164166353,0.7892163536949468,0.5259402638235215,0.2754708635269212,-0.02211126342258308,0.4734751073026677,48.67657517422877,2.6185288429260254,0.08,7.8019938468933105,-0.840619683265686,-37.06083679199219,-2.7288503646850586
0.9975869059562683,-0.05017073452472687,-0.04799151048064232,0.04928570240736008,0.9985952377319336,-0.019451111555099487,0.048899952322244644,0.017038891091942787,0.998658299446106,1.0000001192092896,0.12672898173332214,0.11475691199302673,0.5016227960586548,0.4676399230957031,0.040111277252435684,0.17886017262935638,0.157295823097229,0.010333476588129997,0.01318298652768135,0.008527565747499466,0.348158061504364,0.29969388246536255,1,0.08577557765049994,1,0.48595307060103565,0.30604643075466215,-0.021223212303747546,0.5310666209952569,48.926305879303065,0.4989220321178436,0.4065138876438141,0.6047230184078216,0.46047051548957824,804.1240692138672,333.6896753311157,852.7735900878906,328.4927988052368,742.2032165527344,335.05886793136597,693.6306762695312,333.9645051956177,478,0.605800986289978,0.5539566278457642,1,0.9774731993675232,0.4316371164166353,0.6916689873018719,0.5274192656944523,0.3053858054337494,-0.02652841974175678,0.48672202995249175,48.58486697993475,2.8283934593200684,0.08,7.79705286026001,-0.8207877278327942,-37.02384948730469,-2.8028786182403564
0.9982494115829468,-0.04370732232928276,-0.03984643891453743,0.043411511927843094,0.9990231394767761,-0.008259549736976624,0.04016852006316185,0.006515273358672857,0.9991716742515564,1.0000001192092896,0.10458308458328247,0.05099654197692871,0.44483673572540283,0.4128541350364685,0.02449350617825985,0.2325403392314911,0.24968783557415009,0.006589764263480902,0.01473770197480917,0.0126674585044384,0.3115741014480591,0.21139198541641235,1,0.08643413676600284,1,0.4605301097912601,0.3262199620698478,-0.022091552081941388,0.5444334596266845,48.956169399460286,0.4995340526103973,0.40529451966285707,0.6053564369678497,0.45894668698310853,804.1197204589844,333.38310956954956,852.8231048583984,328.4145212173462,742.3967742919922,334.0255093574524,693.5844421386719,332.3840618133545,478,0.6058223843574524,0.5536521673202515,1,0.3736018240451813,0.45922704560947475,0.7148361472021465,0.532984474982656,0.34372143829646096,-0.03780023482341502,0.48849804036818767,48.83992342729227,2.490089178085327,0.08,7.751379489898682,-0.8431047201156616,-36.972808837890625,-2.3021059036254883
0.9976345300674438,-0.0495145246386528,-0.04768269881606102,0.04829756170511246,0.9984855651855469,-0.026345305144786835,0.04891496151685715,0.02398001216351986,0.9985150098800659,0.9999997615814209,0.07284945249557495,0.05407394468784332,0.4161788523197174,0.3733110725879669,0.018381167203187943,0.28007569909095764,0.31695476174354553,0.004499632865190506,0.01822555623948574,0.013660270720720291,0.27320459485054016,0.21678166091442108,1,0.08671290094286899,1,0.4501160408539605,0.33969025007333875,-0.026595072417961968,0.5237902563037365,49.451076646674395,0.4999765157699585,0.40432588160037997,0.6057882905006409,0.4580125004053116,804.1846466064453,332.9154396057129,853.2594299316406,326.8265461921692,742.4285888671875,334.07400369644165,693.5592651367188,332.27368354797363,478,0.6058117747306824,0.5536866188049316,1,1.3757323026657104,0.45922704560947475,0.8140546256407111,0.5409083729623865,0.3424129442598294,-0.03744310369886009,0.48411814998280883,48.90247391091928,2.77164363861084,0.08,7.7675628662109375,-0.7624964714050293,-36.88861083984375,-2.803739547729492
0.997496485710144,-0.04972546920180321,-0.05028006061911583,0.04855211451649666,0.9985251426696777,-0.024295229464769363,0.05141399800777435,0.021793216466903687,0.998439610004425,1.0000003576278687,0.08000591397285461,0.05745545029640198,0.4149143695831299,0.3762636184692383,0.010021515190601349,0.3710876703262329,0.405998170375824,0.0033985930494964123,0.017233341932296753,0.01439828984439373,0.2588731646537781,0.22680847346782684,1,0.08773200013053752,1,0.42044203217349846,0.3345020003482055,-0.022607664184563104,0.5274966345149207,49.638922282428034,0.5007909595966339,0.40441614389419556,0.6063771307468414,0.4578849673271179,804.0188598632812,332.9277563095093,853.2917785644531,326.91093921661377,742.3603057861328,334.0175271034241,693.3149719238281,332.16373443603516,478,0.6055861711502075,0.5534688234329224,1,1.250412106513977,0.4308915406220432,0.8349745439046323,0.5461717329619895,0.338048671449893,-0.04103789134093003,0.46923088731483303,49.080355754790084,2.786613702774048,0.08,7.7615509033203125,-0.7641231417655945,-36.86028289794922,-2.9471044540405273
0.9975341558456421,-0.04763428494334221,-0.051542289555072784,0.04639139026403427,0.9986093044281006,-0.025048114359378815,0.05266374722123146,0.022595234215259552,0.9983566403388977,1.0000003576278687,0.08754365146160126,0.06813876330852509,0.4204604923725128,0.3871327042579651,0.011738548055291176,0.3450878858566284,0.3869982659816742,0.0033971688244491816,0.015531533397734165,0.013535096310079098,0.24060146510601044,0.27647334337234497,1,0.08777004180842286,1,0.4333760747584954,0.33149012895729757,-0.023414351391298032,0.5193487540482087,49.8612985656037,0.5011243402957917,0.4042466551065445,0.6064114153385163,0.45765599310398103,804.5860290527344,332.8638982772827,854.0937042236328,326.9360661506653,742.3088073730469,333.7036657333374,693.3149719238281,331.62967443466187,478,0.6052870750427246,0.5534093379974365,1,1.2965211868286133,0.29968387285380255,0.799710988709154,0.5466628151427485,0.32840753640737586,-0.039892507846640085,0.4722756162500113,49.037713568540084,2.6626827716827393,0.08,7.754874229431152,-0.7525393962860107,-36.79503631591797,-3.0188069343566895
0.9976276159286499,-0.04839883744716644,-0.048955585807561874,0.04710100591182709,0.998516321182251,-0.0273261871188879,0.05020548403263092,0.0249555055052042,0.9984270334243774,1.0,0.0800575539469719,0.05834447592496872,0.39340880513191223,0.3670376241207123,0.011434245854616165,0.34272459149360657,0.381430983543396,0.0036576041020452976,0.017265886068344116,0.015162873081862926,0.23606428503990173,0.26511579751968384,1,0.0876175127450167,1,0.4307567231158291,0.3362060665191993,-0.02629875478237362,0.5163166730612632,49.94555889387944,0.5010956227779388,0.40342968702316284,0.6066552102565765,0.457211434841156,804.6468353271484,332.68367528915405,854.2301940917969,326.6795611381531,742.8867340087891,333.62560272216797,693.6264038085938,331.38986349105835,478,0.6055595874786377,0.5537817478179932,1,1.4317995309829712,0.23613964139145976,0.8281176114733467,0.5455425217687507,0.33440232942854337,-0.04177845746834668,0.47458822226295294,49.311039954967676,2.703099012374878,0.08,7.764703750610352,-0.7464221119880676,-36.80461120605469,-2.877772092819214
0.9980592727661133,-0.0460333414375782,-0.041935551911592484,0.04535743221640587,0.998827338218689,-0.016929667443037033,0.04266570508480072,0.014994723722338676,0.9989768862724304,1.0000004768371582,0.06541341543197632,0.053012724965810776,0.3934096097946167,0.3680450916290283,0.01257502194494009,0.34437277913093567,0.38797464966773987,0.0031565993558615446,0.016671784222126007,0.015194092877209187,0.2024250328540802,0.25852447748184204,1,0.08716893543662871,1,0.4331193070768457,0.34424149095442047,-0.022630660311917225,0.5156549176590277,50.32106998692341,0.5009935319423675,0.40364550352096557,0.606981736421585,0.45744483470916747,804.6734619140625,332.86224603652954,854.6279144287109,326.79901599884033,743.4620666503906,333.64206075668335,693.7039947509766,331.28469944000244,478,0.6059882044792175,0.5537993311882019,1,0.8599496483802795,0.22029119129542316,0.7063277882259272,0.5526904566521011,0.3355316963353834,-0.04085530307893951,0.4728310629051268,49.813882318328396,2.6020522117614746,0.08,7.773899555206299,-0.7820834517478943,-36.87352752685547,-2.4453070163726807
0.9979974627494812,-0.04544541612267494,-0.04399785026907921,0.04443800449371338,0.9987331032752991,-0.02361084334552288,0.045015111565589905,0.0216083824634552,0.9987525343894958,1.0,0.061515700072050095,0.04638060927391052,0.39706912636756897,0.373800128698349,0.010732444003224373,0.36523932218551636,0.40381449460983276,0.003124683629721403,0.016567332670092583,0.014962215907871723,0.1916135549545288,0.22477921843528748,1,0.08760456884923813,1,0.4253674963699786,0.3471814108816743,-0.0208877730244102,0.5152652320418022,50.31969943334158,0.5011420309543609,0.4043850123882294,0.6071406662464142,0.4573831379413605,804.7593688964844,332.7876377105713,854.7235870361328,326.81695461273193,743.4160614013672,333.46424102783203,693.4822082519531,330.98394870758057,478,0.6059986352920532,0.5529981255531311,1,1.239422082901001,0.22029119129542316,0.696829990906412,0.5538373425131425,0.3399358020101925,-0.03821433755693714,0.47560445352466774,49.995415194206934,2.549534797668457,0.08,7.77235746383667,-0.7435104846954346,-36.832725524902344,-2.580047607421875
