R00,R01,R02,R10,R11,R12,R20,R21,R22,R_scale,bs_eyeBlinkLeft,bs_eyeBlinkRight,bs_eyeLookDownLeft,bs_eyeLookDownRight,bs_eyeLookInLeft,bs_eyeLookInRight,bs_eyeLookOutLeft,bs_eyeLookOutRight,bs_eyeLookUpLeft,bs_eyeLookUpRight,bs_eyeSquintLeft,bs_eyeSquintRight,detected,interocular_norm,is_laptop,leye_h,leye_open,leye_v,leye_vlid,leye_width_px,m0_cx,m0_cy,m0_px,m0_py,mp_lin_x,mp_lin_y,mp_lout_x,mp_lout_y,mp_rin_x,mp_rin_y,mp_rout_x,mp_rout_y,n_landmarks,nose_x,nose_y,pass,pitch,px_raw,py_raw,reye_h,reye_open,reye_v,reye_vlid,reye_width_px,roll,target_x,tx,ty,tz,yaw
0.999110996723175,0.018659943714737892,0.03780223801732063,-0.02453332394361496,0.9865810871124268,0.161418154835701,-0.03428291156888008,-0.16220204532146454,0.9861618280410767,0.9999998211860657,0.09595862776041031,0.06499898433685303,0.5312749743461609,0.5053285956382751,0.08585299551486969,0.05893050134181976,0.04871995374560356,0.08076903969049454,0.012804331257939339,0.00988651905208826,0.14160948991775513,0.08884648233652115,1,0.08824204695107205,1,0.48803835826544917,0.3526176100173356,-0.047571302677777774,0.46393025154319645,45.5851798827458,0.4945252716541291,0.4239446759223938,0.6107676804065705,0.43886264562606814,814.9954223632812,320.9692668914795,860.5638122558594,319.73214626312256,751.0414123535156,318.19470405578613,702.6632690429688,314.06466007232666,478,0.6162424087524414,0.5149179697036743,0,-9.340272903442383,0.489070200307888,0.46965460362849965,0.4661844910847561,0.33158777759528474,-0.04401138064291631,0.46801588959698476,48.55411428064803,-1.4066239595413208,0.08,8.050424575805664,-0.4974067211151123,-37.3428955078125,1.964651107788086
0.9989478588104248,0.016831526532769203,0.04265978932380676,-0.02408313937485218,0.9841592311859131,0.17564304172992706,-0.03902769088745117,-0.17648564279079437,0.9835292100906372,1.0,0.10020950436592102,0.08179598301649094,0.6323683261871338,0.6081882119178772,0.08161071687936783,0.06339169293642044,0.0484321303665638,0.07427188754081726,0.007365934085100889,0.005659028422087431,0.11327718198299408,0.10775184631347656,1,0.08742460425717713,1,0.49066792095953504,0.35496110144558585,-0.03472805232927897,0.4934657849858228,47.2048956354295,0.4947131454944611,0.4251224935054779,0.6101303279399872,0.4396411716938019,812.9905700683594,320.6368017196655,860.1741027832031,319.21679735183716,750.9124755859375,318.13161849975586,701.6555023193359,314.96270656585693,478,0.6154171824455261,0.514518678188324,0,-10.172956466674805,0.4109551934544668,0.6125302271265959,0.4743197428145497,0.3218829946172358,-0.032362949505374376,0.5010056941031266,49.35880284539147,-1.3810479640960693,0.08,7.906737804412842,-0.5660502314567566,-37.085411071777344,2.236689805984497
0.9988870024681091,0.01523620542138815,0.04463796317577362,-0.02254113182425499,0.9855246543884277,0.16802702844142914,-0.041431721299886703,-0.1688462197780609,0.984771192073822,1.0,0.07974812388420105,0.07872258126735687,0.6205508708953857,0.5997384786605835,0.10908272117376328,0.05277521163225174,0.035395730286836624,0.08415056765079498,0.0073826005682349205,0.005419644061475992,0.10657285153865814,0.11086264252662659,1,0.08657266390663719,1,0.5069567347613507,0.36417826304336476,-0.033227243137734494,0.5000946516774059,47.76669414506691,0.49424874782562256,0.42429285645484927,0.6097019910812378,0.4386299788951874,812.396240234375,319.8342204093933,860.1383972167969,318.30336570739746,750.9075164794922,317.583589553833,700.9555053710938,314.169716835022,478,0.6154532432556152,0.5143371224403381,0,-9.729177474975586,0.36385383028462565,0.59840561163287,0.48157183897368433,0.3197378145068763,-0.031778893160619846,0.5009994643314991,50.06853244118445,-1.2927312850952148,0.08,7.8711419105529785,-0.519336462020874,-37.00318908691406,2.374542236328125
0.9985970258712769,0.01626809686422348,0.05039159208536148,-0.02475672774016857,0.9846605062484741,0.1727161705493927,-0.04680884629487991,-0.17372138798236847,0.9836817979812622,0.9999998211860657,0.06696943193674088,0.06385577470064163,0.6393982768058777,0.6192456483840942,0.08687971532344818,0.07820640504360199,0.053952012211084366,0.04845958575606346,0.006700494792312384,0.00453941198065877,0.10780324041843414,0.08928252011537552,1,0.08655756804314384,1,0.5036669879380055,0.36970262060836273,-0.02820320833835692,0.5258041015881576,47.57973552913964,0.4949012935161591,0.424988129734993,0.6106463015079499,0.4396779924631119,813.5370635986328,320.2645540237427,861.0916900634766,318.7190008163452,751.2197875976562,318.1048822402954,700.9693908691406,314.69289779663086,478,0.6157450079917908,0.5146898627281189,0,-10.015350341796875,0.2949768634166603,0.729136861174219,0.503201290126597,0.3277847441272244,-0.026307127691041283,0.5225201125008198,50.36609980252347,-1.4201579093933105,0.08,7.868865013122559,-0.5495097637176514,-36.99911117553711,2.682929515838623
0.9986637830734253,0.01508395653218031,0.04942794889211655,-0.02344033680856228,0.984621524810791,0.17312131822109222,-0.046056441962718964,-0.17404861748218536,0.9836594462394714,0.9999999403953552,0.06585543602705002,0.06177826598286629,0.634006142616272,0.6205562949180603,0.08467650413513184,0.09010940790176392,0.05808963254094124,0.039611414074897766,0.006690064445137978,0.004521328490227461,0.10796190798282623,0.09226054698228836,1,0.08579362052381487,1,0.5039272241050795,0.368991743548658,-0.024164020068540477,0.5296424531713357,47.96547525807493,0.4953835368156433,0.4249204069375992,0.6104900002479553,0.4396174818277359,812.6609802246094,319.8893451690674,860.6082153320312,318.56667280197144,751.1496734619141,317.8935241699219,700.9518432617188,314.6985411643982,478,0.615106463432312,0.5146970748901367,0,-10.034055709838867,0.31535223678108665,0.7126486514495638,0.5101487290917711,0.32804702543659353,-0.024693896156274972,0.5215381887293788,50.2994043037671,-1.344582438468933,0.08,7.859374046325684,-0.5458180904388428,-37.041934967041016,2.639773368835449
0.9985907673835754,0.01421049702912569,0.051133446395397186,-0.02315368689596653,0.9836100935935974,0.17881576716899872,-0.04775431007146835,-0.17974770069122314,0.9825529456138611,0.9999997615814209,0.05499974638223648,0.04998736456036568,0.6543697118759155,0.6365644931793213,0.07978598773479462,0.11159912496805191,0.06988593190908432,0.02982044406235218,0.006627009715884924,0.004098340403288603,0.09978067129850388,0.08349279314279556,1,0.08477818128683988,1,0.4949064155683401,0.37852835004413227,-0.020254309335229193,0.5431275472372413,47.08618115600696,0.49549539685249333,0.425867548584938,0.6103088438510895,0.4405184298753738,811.8128967285156,320.37731409072876,858.8690185546875,318.6950969696045,750.8128356933594,318.44884872436523,700.9447479248047,315.11529207229614,478,0.6148134469985962,0.5146508812904358,0,-10.367021560668945,0.4226178191696215,0.5945215814412481,0.522468589616824,0.33727915579982964,-0.019301074003928286,0.5369896609920614,49.979383527058296,-1.328242540359497,0.08,7.852943420410156,-0.5752502083778381,-37.16183090209961,2.737161159515381
0.9988532662391663,0.014833379536867142,0.045521341264247894,-0.022026652470231056,0.9865709543228149,0.16184081137180328,-0.04250939190387726,-0.16265791654586792,0.9857663512229919,0.9999998211860657,0.059335481375455856,0.07366981357336044,0.6598680019378662,0.6363127827644348,0.043507590889930725,0.15405291318893433,0.1371099054813385,0.017842501401901245,0.007358480244874954,0.004158725030720234,0.11327715963125229,0.08950919657945633,1,0.08592189147507719,1,0.46782976895120076,0.3728481573930888,-0.019301042853238855,0.5420565276128452,46.769232126426274,0.49615424275398257,0.42608715295791627,0.610858553647995,0.44072813987731935,812.1617126464844,320.4069471359253,858.8980865478516,318.65411281585693,750.4296112060547,318.7591481208801,700.838623046875,315.35924434661865,478,0.6147043108940125,0.5146409869194031,0,-9.369750022888184,0.3295725182400454,0.6188845989029729,0.5271387095827089,0.3264086078345065,-0.0191719969987196,0.5240896919537793,49.70739836661693,-1.2632783651351929,0.08,7.8527092933654785,-0.5168514847755432,-37.146297454833984,2.43634295463562
0.9987195134162903,0.017247557640075684,0.04755835607647896,-0.025360260158777237,0.984124481678009,0.1756584495306015,-0.04377366229891777,-0.1766396313905716,0.9833016991615295,0.9999998211860657,0.06116471439599991,0.07943879067897797,0.6620321869850159,0.6395299434661865,0.039463695138692856,0.16336308419704437,0.14914853870868683,0.015659525990486145,0.006902994122356176,0.004182239528745413,0.11037784069776535,0.10078880190849304,1,0.08561314464119905,1,0.4649103864815514,0.3715633785085469,-0.01805252415197365,0.5442688426809759,46.759682144386666,0.4961397469043731,0.42717112600803375,0.6108159840106964,0.44018222391605377,811.7636108398438,320.2276682853699,858.4944915771484,318.58673572540283,750.4143524169922,318.04068088531494,700.8155059814453,314.9246621131897,478,0.6146762371063232,0.51301109790802,0,-10.183954238891602,0.32364811147396505,0.599858904633449,0.5304929158104421,0.3252354644241427,-0.02204809340527757,0.5221057287762306,49.69663108123719,-1.454586148262024,0.08,7.823072910308838,-0.5570865869522095,-37.09718322753906,2.508847713470459
0.9987430572509766,0.021245477721095085,0.045396268367767334,-0.029118064790964127,0.9831435680389404,0.18050193786621094,-0.0407961867749691,-0.18159691989421844,0.9825264811515808,0.9999999403953552,0.05917023867368698,0.07225733250379562,0.6642879247665405,0.636599600315094,0.03173023834824562,0.19142043590545654,0.18217499554157257,0.012537815608084202,0.006703367456793785,0.0042325761169195175,0.10726115107536316,0.09855962544679642,1,0.08614988789709657,1,0.45848192702311685,0.3705701174292166,-0.016604619984245325,0.5521050079485478,47.06294794875367,0.49682067632675175,0.4273910015821457,0.6111443519592286,0.4404387563467026,812.0521545410156,320.5579876899719,859.0889739990234,318.9899682998657,750.4067993164062,318.137948513031,700.7022857666016,314.6431803703308,478,0.6143236756324768,0.5130477547645569,0,-10.47160530090332,0.36631395555743534,0.6292620178800415,0.5332235015329111,0.32723121199856553,-0.02136853878331662,0.5236656052987899,49.82722219523786,-1.6699687242507935,0.08,7.809690952301025,-0.5866119265556335,-37.04098129272461,2.3380980491638184
0.9988730549812317,0.019984928891062737,0.04304919019341469,-0.027207933366298676,0.9843063354492188,0.17435823380947113,-0.03888905420899391,-0.17533300817012787,0.9837407469749451,1.0000001192092896,0.0523921363055706,0.06737859547138214,0.6556987762451172,0.6291863322257996,0.03632809966802597,0.17643733322620392,0.1637001484632492,0.013430856168270111,0.006887729279696941,0.004206534009426832,0.10251125693321228,0.09299887716770172,1,0.08612583928488142,1,0.46444263017839216,0.3734544198509207,-0.016862006942077592,0.5504028435179548,47.2851623655884,0.49659214615821834,0.42741675972938536,0.6111373126506805,0.4404309570789337,812.1943664550781,320.5673861503601,859.4470977783203,318.816397190094,750.4119873046875,318.3687472343445,700.726318359375,314.68849897384644,478,0.6145451664924622,0.5130141973495483,0,-10.105762481689453,0.34734801710814095,0.6198747616112537,0.532753918148576,0.32921260731201946,-0.02268634691605248,0.5229379374877746,49.82178164118314,-1.5602726936340332,0.08,7.842032432556152,-0.5512749552726746,-37.08718490600586,2.2287404537200928
0.9988477826118469,0.01907229796051979,0.044039286673069,-0.026309050619602203,0.9850755929946899,0.17010007798671722,-0.04013783484697342,-0.17106270790100098,0.9844422340393066,0.9999998211860657,0.0617072768509388,0.06856022775173187,0.6587557792663574,0.6333605051040649,0.026374807581305504,0.20826682448387146,0.20926176011562347,0.010891143232584,0.0065759229473769665,0.0042783282697200775,0.11772193014621735,0.09215130656957626,1,0.08674334444444717,1,0.4494864581686523,0.3650599236088525,-0.015483708533239144,0.5573011126993905,47.163342117340314,0.4969203650951386,0.4270845890045166,0.6115378320217133,0.44021650552749636,812.4642181396484,320.3062033653259,859.6006774902344,318.7140226364136,750.6138610839844,318.1192374229431,700.810546875,314.59938526153564,478,0.6146174669265747,0.5131319165229797,0,-9.857634544372559,0.27183857667794287,0.6434477994455436,0.5324648366936616,0.32744884832956317,-0.02227224257884505,0.5211105971332085,49.92754215397394,-1.5087875127792358,0.08,7.849002361297607,-0.5310356020927429,-37.1003303527832,2.3003463745117188
0.9987629055976868,0.018149608746170998,0.04629430174827576,-0.025851674377918243,0.9848220348358154,0.17163147032260895,-0.04247661307454109,-0.1726159304380417,0.9840728640556335,0.9999995827674866,0.06832018494606018,0.07411646842956543,0.6527227163314819,0.6321754455566406,0.02758190967142582,0.209060937166214,0.20835962891578674,0.01040451880544424,0.00683955941349268,0.004344315733760595,0.12669967114925385,0.09530194103717804,1,0.08633909328328385,1,0.45108757391498044,0.361399414689048,-0.014332125347155307,0.5508695535279723,47.29533843919925,0.49691715836524963,0.426871657371521,0.6116372644901276,0.4400140047073364,812.330322265625,319.9758195877075,859.6047210693359,318.56860399246216,751.0048675537109,317.90255784988403,700.9031677246094,314.51003551483154,478,0.6147201061248779,0.5131423473358154,0,-9.949020385742188,0.2565853783845806,0.6806989989357345,0.5352702883156648,0.3242410119886445,-0.021583646465815,0.5159034320577751,50.21642693043441,-1.4826953411102295,0.08,7.85240364074707,-0.5278944373130798,-37.12074279785156,2.4344630241394043
0.9988019466400146,0.017963778227567673,0.04551837965846062,-0.024282701313495636,0.9895232319831848,0.1423167735338211,-0.04248493164777756,-0.14325159788131714,0.9887740015983582,1.0000004768371582,0.06709230691194534,0.06949331611394882,0.661901593208313,0.6410833597183228,0.03465068340301514,0.17683720588684082,0.16729921102523804,0.013792936690151691,0.0068326955661177635,0.004111512564122677,0.13350574672222137,0.0875193327665329,1,0.08646169005938673,1,0.46022778401136044,0.36345068671262903,-0.012916365619153006,0.5559657597462191,47.023689041412005,0.4966321289539337,0.4263787269592285,0.6113546192646027,0.44025081396102905,812.6229095458984,320.1157236099243,859.6220397949219,318.59615564346313,750.8928680419922,318.0393934249878,700.821533203125,314.52460527420044,478,0.614722490310669,0.5138720870018005,0,-8.243539810180664,0.3389834121085084,0.6562891843003247,0.5284537740700616,0.3253867345175507,-0.019197936419265902,0.5253297423669013,50.19454460786808,-1.3926907777786255,0.08,7.817664623260498,-0.43309804797172546,-37.013431549072266,2.4349400997161865
0.998672366142273,0.019530324265360832,0.047664958983659744,-0.02663906291127205,0.987805962562561,0.15339414775371552,-0.04408789426088333,-0.15446028113365173,0.987014889717102,1.0,0.07072394341230392,0.07815232127904892,0.6437323093414307,0.6285960078239441,0.03544062003493309,0.16733203828334808,0.16045525670051575,0.01468571089208126,0.006922091357409954,0.004835943691432476,0.13369515538215637,0.12643951177597046,1,0.0864600822638111,1,0.46187343542936904,0.36041481194236646,-0.013850011105502758,0.5567257151973242,47.09986930036158,0.4966386198997498,0.42567170560359957,0.6113633751869202,0.43973071277141573,812.6567840576172,320.16690015792847,859.7306060791016,318.6007046699524,750.8824157714844,317.76906967163086,700.9489440917969,314.0428376197815,478,0.6147247552871704,0.5140590071678162,0,-8.89421272277832,0.3404886759302669,0.6139862564721623,0.5271405771775113,0.31528597609218867,-0.026552118429718233,0.5223980532708801,50.0723117040798,-1.5279725790023804,0.08,7.815008640289307,-0.4689348340034485,-37.01394271850586,2.526869058609009
0.9986372590065002,0.020601218566298485,0.04794972762465477,-0.028785519301891327,0.9838225841522217,0.17681759595870972,-0.043531354516744614,-0.17795687913894653,0.983074963092804,1.0,0.07060372829437256,0.08118685334920883,0.6457176804542542,0.6321783065795898,0.03592846915125847,0.17931212484836578,0.17082548141479492,0.012226810678839684,0.00684753805398941,0.0045913346111774445,0.12932509183883667,0.12926603853702545,1,0.08605430808366252,1,0.4647686990949207,0.3578318840801193,-0.014076862360772454,0.5542094046233751,47.37668559316679,0.4967812657356262,0.4270151287317276,0.611575698852539,0.43974834978580474,812.6593780517578,320.17157793045044,860.0080871582031,318.5436701774597,751.0855102539062,317.8084444999695,700.9761047363281,314.028697013855,478,0.6147944331169128,0.5127332210540771,0,-10.260607719421387,0.34808447618839483,0.5670035643868,0.5352979299239407,0.3132546828115386,-0.0260694732450128,0.5207302642460769,50.2517563124353,-1.651082158088684,0.08,7.835140705108643,-0.5458276271820068,-37.04694747924805,2.4949512481689453
0.9991264939308167,0.005632336251437664,0.04140697419643402,-0.012709125876426697,0.9848933815956116,0.17269496619701385,-0.03980877622961998,-0.17307031154632568,0.9841046333312988,1.0,0.08610855042934418,0.07265637069940567,0.6482528448104858,0.6371989846229553,0.0839134231209755,0.07925457507371902,0.05626261979341507,0.04660596325993538,0.00620653759688139,0.004903027787804604,0.11999209225177765,0.12417072057723999,1,0.08608941207282585,1,0.5016624796725757,0.3577536129564715,-0.018606462145109713,0.5356394301963586,47.03552523309382,0.49434282779693606,0.4271362394094467,0.6070953845977783,0.4402660697698593,808.8819122314453,320.4268169403076,855.8708190917969,318.33319187164307,746.9581604003906,318.6224627494812,697.0796203613281,315.51685094833374,478,0.6127525568008423,0.5131298303604126,0,-9.97436809539795,0.30950200364356106,0.7066644874788462,0.4998735336144472,0.31950331714946373,-0.0290051414648215,0.5122465014670468,49.9751296265226,-0.7287765741348267,0.3,7.694040298461914,-0.558491051197052,-37.07185745239258,2.281477451324463
0.9990888237953186,0.005785580258816481,0.042284756898880005,-0.012971899472177029,0.9850612878799438,0.17171502113342285,-0.04065960273146629,-0.17210708558559418,0.9842388033866882,1.0000003576278687,0.08211305737495422,0.06948933005332947,0.6484860181808472,0.6386150121688843,0.08606487512588501,0.07278301566839218,0.05398337543010712,0.05296175926923752,0.006278847809880972,0.0049635497853159904,0.11601483821868896,0.11692358553409576,1,0.08621255358176785,1,0.49963264835499016,0.3590664001405717,-0.019187787530835294,0.5338540337668153,46.99645977614234,0.4943944215774536,0.4273032695055008,0.6071934700012207,0.4402390867471695,809.010009765625,320.4233193397522,855.9626007080078,318.3931875228882,747.0785522460938,318.50614070892334,697.4110412597656,315.489342212677,478,0.6127990484237671,0.5129358172416687,0,-9.918636322021484,0.2820480328688814,0.698879609478055,0.49640014311309305,0.3217084804197827,-0.028261600381405995,0.5126895884885084,49.75904662313675,-0.7438710927963257,0.3,7.718342304229736,-0.5414260625839233,-37.14082717895508,2.330265998840332
0.9989743828773499,0.006254520267248154,0.04484551027417183,-0.01369943842291832,0.9857450723648071,0.16768740117549896,-0.0431574322283268,-0.16812977194786072,0.9848196506500244,0.999999463558197,0.08706603199243546,0.07543244957923889,0.6456737518310547,0.6279622912406921,0.08819074183702469,0.07075434923171997,0.05238932743668556,0.054606933146715164,0.006882890593260527,0.004872499033808708,0.13778100907802582,0.10894052684307098,1,0.0861286790374803,1,0.49943666706125595,0.35331231589842993,-0.021294825215263675,0.5296161878774922,47.09940265462689,0.4943470776081085,0.4269363731145859,0.6073376357555389,0.43998806178569794,809.0864562988281,320.1391553878784,856.142578125,318.1204605102539,747.4838256835938,318.4692120552063,697.6360321044922,315.52828788757324,478,0.6129905581474304,0.5130516886711121,0,-9.688211441040039,0.30115885560467953,0.7088491168892349,0.49479429413995457,0.3193612771100273,-0.027880721062717426,0.5118222171737392,49.93447265931979,-0.7856765389442444,0.3,7.707711219787598,-0.5276764035224915,-37.09971618652344,2.4735066890716553
0.998858630657196,0.006845500785857439,0.04727177694439888,-0.014635512605309486,0.9859370589256287,0.16647493839263916,-0.04546740651130676,-0.16697677969932556,0.9849119186401367,0.9999998211860657,0.08376782387495041,0.07674337178468704,0.6501264572143555,0.6248629093170166,0.08392950892448425,0.0739346295595169,0.05537231266498566,0.05183899402618408,0.006685157306492329,0.004790054634213448,0.12632617354393005,0.11301196366548538,1,0.08658878922743156,1,0.4960622690048549,0.3564655936202991,-0.022663020444518334,0.532532096214974,47.14129743029804,0.4942010104656219,0.4257389307022095,0.6072806775569916,0.4400760531425476,809.1317749023438,320.2990794181824,856.2327575683594,318.34988594055176,746.6837310791016,318.4655213356018,696.9746398925781,315.52416801452637,478,0.6130796670913696,0.5143371224403381,0,-9.622133255004883,0.2763848738283617,0.6947331149039205,0.5021962584596698,0.31940061028310307,-0.028364512109689363,0.5136032366348088,49.79603705164795,-0.8394511938095093,0.3,7.670807838439941,-0.5379181504249573,-37.0201530456543,2.6059887409210205
0.9988963007926941,0.008819373324513435,0.04613373428583145,-0.0163074042648077,0.9862334728240967,0.16455289721488953,-0.04404737800359726,-0.1651236116886139,0.9852887988090515,1.0,0.07651673257350922,0.07745588570833206,0.6357150673866272,0.6153154373168945,0.0753420889377594,0.08130431175231934,0.06338518112897873,0.044102977961301804,0.006979214958846569,0.00500583928078413,0.12070810049772263,0.10866200923919678,1,0.08646392032757996,1,0.4906529321674187,0.35990586597260577,-0.0224508864405896,0.5290587462144073,47.66872827606864,0.4949060797691345,0.4258106082677841,0.6073782563209533,0.43990627229213713,808.6500549316406,320.25206565856934,856.2787628173828,318.2991600036621,746.807861328125,318.37318897247314,697.0401000976562,315.3701448440552,478,0.6124721765518188,0.514095664024353,0,-9.513733863830566,0.2874166237051782,0.6444047207899911,0.5042995205423518,0.3199360056794516,-0.02955563036603527,0.5045661472470068,49.85828248174911,-0.9352946877479553,0.3,7.6837382316589355,-0.5208500027656555,-37.14616012573242,2.524545669555664
0.9990024566650391,0.00947946310043335,0.04363752156496048,-0.01743234321475029,0.982459306716919,0.18566039204597473,-0.04111213609576225,-0.18623590469360352,0.9816445708274841,0.9999997019767761,0.05594990774989128,0.053527627140283585,0.6584887504577637,0.6400161385536194,0.07286164164543152,0.09796120971441269,0.07230186462402344,0.0349409282207489,0.0060746739618480206,0.004244124982506037,0.08859288692474365,0.08682288229465485,1,0.08665017203157019,1,0.49373893492952503,0.37574988932537307,-0.02231263355645577,0.5410021372019537,47.593619785594,0.49498816132545476,0.42616231739521027,0.6072111904621125,0.4409613758325577,808.7481689453125,320.91474294662476,856.295166015625,318.80862951278687,745.6563568115234,318.93080949783325,696.2255096435547,316.050009727478,478,0.6122230291366577,0.5147990584373474,0,-10.742385864257812,0.37493803436083567,0.6216202158741245,0.517709274238028,0.33702640348043617,-0.0247664342259591,0.5337282561384923,49.51472164073016,-0.9996955394744873,0.3,7.653026103973389,-0.6385208964347839,-37.04314422607422,2.356215715408325
0.999086856842041,0.006440387107431889,0.04223670810461044,-0.014129635877907276,0.9827542304992676,0.18437562882900238,-0.04032083973288536,-0.1848040521144867,0.9819478988647461,1.0000003576278687,0.07161414623260498,0.05526350438594818,0.6648379564285278,0.6415765881538391,0.07349727302789688,0.10940441489219666,0.07350320369005203,0.030166713520884514,0.006085635628551245,0.004081377759575844,0.131178081035614,0.08754226565361023,1,0.08597296726335814,1,0.4983201060596484,0.3590908672966709,-0.017698654161130957,0.5527740159162929,47.61259899826338,0.49526098370552063,0.4264311581850052,0.606904536485672,0.44080559313297274,808.1324768066406,320.5609059333801,855.6918334960938,318.30986738204956,745.7124328613281,318.87619972229004,695.8797454833984,316.0246682167053,478,0.6116435527801514,0.5143744349479675,0,-10.658476829528809,0.3871635056974587,0.7467524293274677,0.5213768433872764,0.33317707662846235,-0.02428995048623908,0.5312053187780679,49.91420602727887,-0.8102543354034424,0.3,7.62941837310791,-0.621550440788269,-37.04364013671875,2.310840368270874
0.9992035031318665,-0.0007211831980384886,0.039897918701171875,-0.006642920896410942,0.9828791618347168,0.18413136899471283,-0.03934762626886368,-0.18424972891807556,0.9820915460586548,0.9999997019767761,0.09937205165624619,0.06995557993650436,0.65211021900177,0.6208280324935913,0.07116274535655975,0.08092964440584183,0.06368494778871536,0.0480710044503212,0.006760487798601389,0.004713020287454128,0.15041138231754303,0.09829021245241165,1,0.0875646442453162,1,0.4950963649102962,0.34854696567365945,-0.02907444552014279,0.5294454701343267,46.95161677065588,0.49442858099937437,0.4261067122220993,0.6050663650035858,0.44019093215465543,807.0021057128906,320.26946783065796,853.8966369628906,317.9548931121826,743.4025573730469,318.86117935180664,694.1532897949219,316.44822120666504,478,0.6106377840042114,0.5140842199325562,0,-10.625717163085938,0.3487666084834447,0.7171381827651938,0.4937879310014255,0.3291304899696323,-0.02769821053907188,0.5242533852133238,49.30834335171458,-0.3809090852737427,0.3,7.564828872680664,-0.6130369901657104,-37.05052185058594,2.255034923553467
0.9991676807403564,-0.0037916405126452446,0.040613915771245956,-0.0033619001042097807,0.9846281409263611,0.174631267786026,-0.04065174609422684,-0.17462246119976044,0.9837959408760071,1.0,0.10402725636959076,0.0791180357336998,0.6373083591461182,0.6170603632926941,0.09226348251104355,0.07334397733211517,0.04934192821383476,0.053495462983846664,0.006989168468862772,0.004842205438762903,0.1435105949640274,0.11359084397554398,1,0.08595592166363578,1,0.5061876323159675,0.34990484149884016,-0.028974291647236795,0.5257743279626507,46.8025681737607,0.49385859370231633,0.42609757781028745,0.6043118417263031,0.4401916921138763,805.6092071533203,320.2804970741272,852.3488616943359,317.85457849502563,743.3891296386719,318.9111328125,694.2330169677734,316.49463415145874,478,0.6104532480239868,0.5140941143035889,0,-10.065093994140625,0.3111340565863565,0.6210956297051125,0.4944077911283955,0.32243287419512806,-0.02868497874811854,0.5118088473895176,49.2154739771071,-0.1927824169397354,0.3,7.559919357299805,-0.5796140432357788,-37.169918060302734,2.32981538772583
0.9991677403450012,-0.005448528099805117,0.04042522609233856,-0.0018846277380362153,0.9838144779205322,0.17918016016483307,-0.04074718803167343,-0.17910721898078918,0.9829853773117065,1.0,0.06998612731695175,0.06668449193239212,0.6249262094497681,0.6052614450454712,0.12509380280971527,0.058835722506046295,0.030826786532998085,0.07934989780187607,0.007691362407058477,0.004931607283651829,0.13497985899448395,0.08867418020963669,1,0.08567062476993384,1,0.5200909293224198,0.3645366415831426,-0.02937388344207682,0.5294000684917192,47.240565542180306,0.49328606724739077,0.4266881585121155,0.6035883367061615,0.44016059637069704,804.954833984375,320.23346185684204,852.1044921875,317.30416774749756,743.3018493652344,319.09929513931274,693.5679626464844,316.7680048942566,478,0.6103022694587708,0.5134724378585815,0,-10.326432228088379,0.3329897989913653,0.6740348169225403,0.48675974827868157,0.329438993370123,-0.028110028526446503,0.5107654654801392,49.78849668808778,-0.10807102173566818,0.3,7.5485758781433105,-0.589552640914917,-37.1756477355957,2.3352882862091064
0.9993407726287842,-0.004091204609721899,0.036073099821805954,-0.0028518852777779102,0.9817127585411072,0.1903466135263443,-0.03619217500090599,-0.19032400846481323,0.9810539484024048,0.9999998211860657,0.06451884657144547,0.06874671578407288,0.6130585670471191,0.5949282646179199,0.11616666615009308,0.06483568251132965,0.03500591591000557,0.06859263777732849,0.008375406265258789,0.005202858708798885,0.12661045789718628,0.08658495545387268,1,0.08560126728976128,1,0.5175260644615407,0.36911021762270196,-0.032639912624061976,0.52077856454178,47.26463114892475,0.49381041526794434,0.4264726161956787,0.6037397980690002,0.43976558446884156,804.9816131591797,319.8583173751831,852.1627807617188,317.05068826675415,743.3482360839844,319.0963125228882,693.6257934570312,316.76077365875244,478,0.6099293828010559,0.5132929682731628,0,-10.978975296020508,0.31302549868648083,0.6572598127694564,0.49051489367673373,0.33105413813485457,-0.02997651931058899,0.5075245114689996,49.77726431490674,-0.1635083258152008,0.3,7.568818092346191,-0.6210151314735413,-37.2180290222168,2.0741117000579834
0.9994326829910278,-0.008208725601434708,0.03266212344169617,0.002370118862017989,0.9845792055130005,0.17492331564426422,-0.033594343811273575,-0.17474666237831116,0.9840401411056519,0.9999998211860657,0.07101665437221527,0.06946863234043121,0.6264162063598633,0.6153783798217773,0.11521344631910324,0.06756933778524399,0.03589024767279625,0.06360849738121033,0.007185809779912233,0.004635289311408997,0.11671312898397446,0.08752510696649551,1,0.08568392582280986,1,0.5199339456005275,0.3681784412557842,-0.029549726645279294,0.5236169496731174,46.99400047009906,0.49385446310043335,0.42689974308013917,0.6038519144058228,0.439812433719635,805.4079437255859,319.52316999435425,852.3291778564453,316.90900325775146,743.1990814208984,319.053955078125,693.4382629394531,316.9666385650635,478,0.6099974513053894,0.5129126906394958,0,-10.069658279418945,0.32206925890586136,0.6823560056424948,0.49602785236406977,0.3292981675361587,-0.02873780368605822,0.5103575226036439,49.804577563399306,0.13587462902069092,0.3,7.578999042510986,-0.5555300116539001,-37.192447662353516,1.9251762628555298
0.9994033575057983,-0.00286991149187088,0.03441937267780304,-0.002887799870222807,0.9861092567443848,0.16607283055782318,-0.03441787511110306,-0.16607314348220825,0.9855126738548279,1.0000003576278687,0.07428742945194244,0.08091702312231064,0.6313332319259644,0.6129741668701172,0.12059985846281052,0.06465291231870651,0.033418670296669006,0.0675228163599968,0.007442403119057417,0.004475786816328764,0.12612071633338928,0.08914685249328613,1,0.08561420185341755,1,0.5204222235972243,0.36323356019120906,-0.028600227831979467,0.51805458351781,47.0190585728514,0.4938996315002442,0.4263464599847794,0.6038733005523682,0.439606049656868,805.3856658935547,319.5093083381653,852.3351287841797,316.9520044326782,743.4243011474609,318.74170303344727,693.6321258544922,316.3146901130676,478,0.609973669052124,0.5132595896720886,0,-9.565299987792969,0.2957197392629148,0.6372239326516548,0.49304116850048196,0.32295511849081565,-0.025921066021520486,0.5037194423845109,49.851289975497316,-0.16555705666542053,0.3,7.580969333648682,-0.5065187811851501,-37.24235534667969,1.9723883867263794
0.9993719458580017,-0.003882488701492548,0.03522409498691559,-0.002791528357192874,0.9822666645050049,0.18746863305568695,-0.035327304154634476,-0.18744921684265137,0.9816388487815857,0.9999997019767761,0.06727941334247589,0.06936965882778168,0.6259510517120361,0.6149888038635254,0.11507770419120789,0.06788970530033112,0.03607600927352905,0.06452175229787827,0.007384857628494501,0.00467548705637455,0.11541973054409027,0.08312183618545532,1,0.08585259194599207,1,0.5194709110756374,0.3700336879850009,-0.03247848753776038,0.5187553988589721,47.07530991656493,0.49392765760421753,0.42668907940387724,0.6039438843727112,0.4400699645280838,805.5622863769531,319.9367666244507,852.5709533691406,317.43276357650757,743.1890869140625,319.1606855392456,693.499755859375,316.9672179222107,478,0.6100162267684937,0.5133808851242065,0,-10.810789108276367,0.31113892392123527,0.6664838132170854,0.4954008535758613,0.3328465601954704,-0.02940391064942912,0.5090933895477876,49.73772130836703,-0.1600428968667984,0.3,7.579433917999268,-0.6182736754417419,-37.20305633544922,2.024526596069336
0.9992620944976807,0.0009066801867447793,0.03839857503771782,-0.008206172846257687,0.9816775321960449,0.19037318229675293,-0.03752242028713226,-0.19054779410362244,0.9809605479240417,0.9999998211860657,0.0668010413646698,0.07052294909954071,0.6399809718132019,0.6266894340515137,0.11670943349599838,0.057292066514492035,0.03400149568915367,0.07981326431035995,0.007010962348431349,0.00470807496458292,0.12559740245342255,0.09806368499994278,1,0.08617661251846358,1,0.5161407289268094,0.3630348678291219,-0.02600627799051377,0.5287684648910262,47.497996686903434,0.49406140446662905,0.4268345147371292,0.60411816239357,0.44026695787906645,805.623779296875,320.2418303489685,853.0445861816406,317.5350308418274,743.8761138916016,319.0897464752197,693.839111328125,316.3285303115845,478,0.6100567579269409,0.5134324431419373,0,-10.99259090423584,0.33629212718574814,0.607247556288354,0.48546064185034044,0.32414332445255817,-0.025283766402147738,0.5181736624328688,50.11313141622569,-0.470515638589859,0.3,7.5792555809021,-0.6201069951057434,-37.20232391357422,2.150381088256836
0.9991684556007385,0.0021665990352630615,0.04071549326181412,-0.009567559696733952,0.9831642508506775,0.18247297406196594,-0.03963467851281166,-0.18271082639694214,0.9823675155639648,0.9999997615814209,0.06268316507339478,0.06118218973278999,0.632175624370575,0.6154398918151855,0.12396496534347534,0.06347590684890747,0.03177483007311821,0.0721331536769867,0.007261773571372032,0.0046662031672894955,0.12596027553081512,0.08551307767629623,1,0.08553538949140901,1,0.5199492707316584,0.36615426412155844,-0.026967369953130208,0.5270103047539691,47.42950143044605,0.49416532516479494,0.42647345960140226,0.604452395439148,0.4401380032300949,805.8490753173828,320.2149438858032,853.2078552246094,317.6258182525635,744.3067932128906,318.9429545402527,694.4254302978516,316.1526846885681,478,0.610287070274353,0.5136645436286926,0,-10.536069869995117,0.30538882465618145,0.6656000903683713,0.4919708492635329,0.331513381529115,-0.026112396480729813,0.5182939845775031,49.95934319230961,-0.5486201643943787,0.3,7.590126991271973,-0.5922060608863831,-37.21733856201172,2.2714948654174805
0.9991921186447144,0.002236938802525401,0.04012612625956535,-0.009130051359534264,0.9849777221679688,0.17243976891040802,-0.03913760185241699,-0.17266683280467987,0.9842024445533752,0.9999998211860657,0.07791140675544739,0.07249927520751953,0.6283361315727234,0.6102010607719421,0.10600817203521729,0.062019672244787216,0.03925074264407158,0.07021243125200272,0.007470992859452963,0.005129665601998568,0.12951412796974182,0.10022354871034622,1,0.0864238953067665,1,0.5103022477717216,0.3617129180576319,-0.02864625991903606,0.5198009169570903,47.04807441656061,0.4940849840641022,0.42521377503871916,0.6049204170703888,0.4399565070867538,806.7403411865234,320.20623207092285,853.7282562255859,317.8277564048767,744.3614959716797,318.81356477737427,694.6959686279297,316.069815158844,478,0.6108354330062866,0.5147427320480347,0,-9.950611114501953,0.301602500613137,0.6474433540367818,0.4892151960959039,0.3242806470892119,-0.02913138878429064,0.5138970701537358,49.74125821088009,-0.5235217809677124,0.3,7.594262599945068,-0.5637407302856445,-37.12773132324219,2.2429921627044678
0.9992746114730835,0.005107987206429243,0.037738412618637085,-0.011821858584880829,0.9836145639419556,0.1798960566520691,-0.03620114549994469,-0.18021167814731598,0.9829614758491516,1.0000003576278687,0.08268533647060394,0.08264490962028503,0.6284302473068237,0.6089532375335693,0.12336889654397964,0.04891783744096756,0.029529087245464325,0.09588523209095001,0.007055916357785463,0.005007551517337561,0.12215425819158554,0.11403235048055649,1,0.08678529053490022,1,0.5152437594656779,0.3563495713568266,-0.02949287749819294,0.512455816179717,47.58289016830424,0.4937332570552826,0.42645136415958407,0.6048505008220673,0.4403875857591629,806.8440246582031,320.69287061691284,854.3720245361328,318.4079933166504,744.79248046875,319.0353727340698,694.8706817626953,316.2448024749756,478,0.6111172437667847,0.5139362215995789,0,-10.3889741897583,0.3475691985808649,0.6154481234680642,0.4766885516580418,0.31442068138467005,-0.029663709877472345,0.5057608498621794,49.999732684473265,-0.6778026223182678,0.5,7.638941764831543,-0.5940369963645935,-37.18310546875,2.0746262073516846
0.9992868900299072,0.0048813181929290295,0.03744278848171234,-0.011646367609500885,0.9831076860427856,0.1826573610305786,-0.03591868281364441,-0.18296317756175995,0.9824634194374084,1.0000003576278687,0.08232421427965164,0.08007164299488068,0.6288669109344482,0.6075215339660645,0.1471448391675949,0.046350397169589996,0.02231224626302719,0.110980324447155,0.006969864945858717,0.004863192327320576,0.12166227400302887,0.10811055451631546,1,0.08643156046995869,1,0.5298215597914822,0.3584715947432973,-0.03126851258748433,0.5116720591619494,47.44917626755834,0.4935959160327912,0.42667757868766787,0.6044529855251313,0.44040274024009707,806.8644714355469,320.7844948768616,854.2542266845703,318.4105896949768,744.1651153564453,319.15414094924927,694.7285461425781,316.24420166015625,478,0.6108570694923401,0.5137251615524292,0,-10.549288749694824,0.3629156262012544,0.6233059079447243,0.4781994456879934,0.3201246935816763,-0.030903996722986247,0.5074041045941278,49.52213770025212,-0.6677336096763611,0.5,7.625151634216309,-0.6084975600242615,-37.16978073120117,2.058431386947632
0.9993336796760559,0.004312681034207344,0.03624340891838074,-0.010791138745844364,0.9835136532783508,0.18051132559776306,-0.03486739844083786,-0.18078213930130005,0.9829049706459045,1.0,0.08810935169458389,0.08259556442499161,0.6134612560272217,0.6052823066711426,0.1448500156402588,0.049929603934288025,0.024251289665699005,0.10328317433595657,0.00735610444098711,0.005461846012622118,0.10821633785963058,0.10967650264501572,1,0.08633408973876804,1,0.5282916088106796,0.36115560456246604,-0.03213675013627782,0.5044794460800287,47.40027713299194,0.49377380609512334,0.42642883360385897,0.6045211434364319,0.4400787740945816,806.8428802490234,320.5830717086792,854.1854095458984,318.2440137863159,744.1858673095703,318.9073133468628,694.8090362548828,316.2233233451843,478,0.6107473373413086,0.5136499404907227,0,-10.421727180480957,0.41038529163775944,0.6313049014044072,0.480258675056634,0.3208058570768785,-0.03309951696439784,0.49692406101974124,49.4497244424189,-0.6186748743057251,0.5,7.631050109863281,-0.5859295725822449,-37.201507568359375,1.9981597661972046
0.9993401169776917,0.006057800725102425,0.0358135886490345,-0.01250502560287714,0.9830984473228455,0.18265020847320557,-0.03410182148218155,-0.18297752737998962,0.9825254678726196,0.9999998211860657,0.10152654349803925,0.09344112873077393,0.6236398220062256,0.6182416677474976,0.11785226315259933,0.04434509947896004,0.02979668602347374,0.11484095454216003,0.0069924225099384785,0.005761030595749617,0.11358717828989029,0.12576447427272797,1,0.08778980682070256,1,0.5133918954724032,0.35357643013120205,-0.030090088856991448,0.5078779572903847,47.4326102121951,0.49394270181655886,0.4267915040254593,0.6043894529342652,0.4399804025888443,806.8701171875,320.60946464538574,854.2545318603516,318.4717655181885,743.4929656982422,318.71737003326416,694.1120910644531,315.95999479293823,478,0.6104467511177063,0.513188898563385,0,-10.549446105957031,0.44536705322145054,0.6204438179748664,0.4721448077333885,0.31147639448382336,-0.0345485103229176,0.49712776817837195,49.45779916163749,-0.7169208526611328,0.5,7.592599391937256,-0.5919510722160339,-37.10295486450195,1.9542691707611084
0.9995774030685425,0.004665500484406948,0.02869180031120777,-0.00993387121707201,0.9824371933937073,0.18632911145687103,-0.027318570762872696,-0.18653538823127747,0.9820683598518372,0.9999995231628418,0.09871720522642136,0.09700042754411697,0.627252459526062,0.6192168593406677,0.10859386622905731,0.051469746977090836,0.035020094364881516,0.09141331911087036,0.006822717376053333,0.005497912876307964,0.11054316908121109,0.12813356518745422,1,0.08773703429357145,1,0.5143894603236591,0.35408221921419847,-0.03089723683169119,0.5078009093918366,47.37437234988884,0.49440368413925173,0.42695302963256837,0.6043800950050354,0.44028635025024415,806.9209289550781,320.7465147972107,854.2356872558594,318.37063550949097,743.1074523925781,319.11856412887573,694.0290832519531,316.3960790634155,478,0.6099764108657837,0.5133333206176758,0,-10.754722595214844,0.4513082678205353,0.6024434194281184,0.4771558679857039,0.31294889919508156,-0.03438986257710315,0.5004059834610168,49.15382225761709,-0.5693907141685486,0.5,7.619596004486084,-0.6134480834007263,-37.15251159667969,1.5654335021972656
0.9996213912963867,0.003739280393347144,0.027260364964604378,-0.008574339561164379,0.9837244153022766,0.17947928607463837,-0.026145560666918755,-0.17964504659175873,0.9833839535713196,1.0,0.09892971813678741,0.09570024162530899,0.6251364946365356,0.6124145984649658,0.10696485638618469,0.05042339116334915,0.03469598665833473,0.09352905303239822,0.006905145477503538,0.005619261413812637,0.11227544397115707,0.13121859729290009,1,0.08764869706652148,1,0.5105571032619143,0.35230792330910266,-0.031467327380934544,0.5066615542889014,47.70725495779723,0.4944051206111908,0.4260731041431427,0.6042338907718658,0.4401194751262665,806.3294982910156,320.62414169311523,853.9823913574219,318.34731101989746,743.1187438964844,318.9829730987549,693.9787292480469,316.3342595100403,478,0.609828770160675,0.5140463709831238,0,-10.352663040161133,0.4370632739912033,0.606914249347518,0.47497399599387097,0.3140594542853388,-0.034765136703743864,0.49819072492309724,49.21134750666878,-0.49144744873046875,0.5,7.617229461669922,-0.5945318341255188,-37.15652084350586,1.4982008934020996
0.9996168613433838,0.002203818177804351,0.027592603117227554,-0.007126322016119957,0.9837137460708618,0.179600790143013,-0.026747416704893112,-0.17972862720489502,0.983352541923523,1.0000003576278687,0.07931779325008392,0.08849083632230759,0.6225941777229309,0.6087507009506226,0.09820254892110825,0.05614665895700455,0.03970783203840256,0.07883021980524063,0.007231469731777906,0.005469126161187887,0.11311563104391098,0.11785264313220978,1,0.08750098605050785,1,0.5074856187158061,0.3599223627816674,-0.02992933315978888,0.5123429106998264,47.69362312156329,0.49457963109016423,0.4259491801261902,0.6044349849224091,0.4399518609046936,806.3577270507812,320.27676343917847,853.9917755126953,317.8936743736267,743.3488464355469,318.97428274154663,693.9571380615234,316.3499450683594,478,0.6098553538322449,0.5140026807785034,0,-10.357699394226074,0.37848876729056363,0.5721491519011412,0.4801265064969497,0.31895506818619607,-0.03323887069820651,0.4973255831176518,49.4613789175596,-0.4084577262401581,0.5,7.616670608520508,-0.5920339822769165,-37.14286804199219,1.5326968431472778
0.9994852542877197,0.00627432856708765,0.03146006539463997,-0.01205208245664835,0.9822880625724792,0.18698886036872864,-0.029729612171649933,-0.18727178871631622,0.9818581342697144,1.0000001192092896,0.24958963692188263,0.19623132050037384,0.7432830333709717,0.7348482608795166,0.10567039996385574,0.0574810728430748,0.039712004363536835,0.07961595803499222,0.00403182115405798,0.002708003157749772,0.16188877820968628,0.15997500717639923,1,0.08667681882390568,1,0.5084592127880976,0.2957494321572874,-0.010042046489746482,0.5193627600363401,46.20336459818814,0.49412310123443604,0.4302014857530594,0.6040772795677185,0.4435405284166336,806.0495758056641,321.3016891479492,852.2521209716797,321.02651596069336,743.2673645019531,319.56533432006836,693.9734649658203,318.08093547821045,478,0.6099541783332825,0.5133390426635742,0,-10.798440933227539,0.44696936853094177,0.6751363386563746,0.48378040967263014,0.2701466726838423,-0.01274950717300805,0.500595491731488,49.31624449913736,-0.6908555626869202,0.5,7.622990608215332,-0.6552121043205261,-37.30865478515625,1.7036322355270386
0.9994286894798279,0.003123332280665636,0.033652037382125854,-0.00926053524017334,0.9829199910163879,0.18380041420459747,-0.03250319883227348,-0.18400706350803375,0.982387363910675,1.0,0.5990830659866333,0.46994611620903015,0.801922619342804,0.7918340563774109,0.13599872589111328,0.05898398905992508,0.03063088096678257,0.08842349797487259,0.00315103936009109,0.0020875122863799334,0.19926057755947113,0.20026171207427979,1,0.08603053501606414,1,0.5311323382338238,0.17200248312473754,-0.004388552587021601,0.3594141492909186,46.35949283530619,0.4937388598918915,0.43200784027576444,0.6035965383052826,0.445374122262001,806.0015869140625,321.45416736602783,852.3369598388672,322.949423789978,742.9695892333984,319.8603129386902,693.4758758544922,320.43662309646606,478,0.6098576784133911,0.5133662819862366,0,-10.608917236328125,0.5131560557132405,0.6305451705517066,0.4883401704507239,0.1642503088753698,-0.01111872293264422,0.34479167469156125,49.497068575121425,-0.5308776497840881,0.5,7.607463836669922,-0.6703367829322815,-37.334190368652344,1.8626240491867065
0.9994992613792419,0.002861296059563756,0.03151123225688934,-0.008608950302004814,0.9829233288764954,0.18381397426128387,-0.030447181314229965,-0.18399322032928467,0.982455849647522,1.0000001192092896,0.5694301128387451,0.41925206780433655,0.7947182655334473,0.7831059694290161,0.13484686613082886,0.044568177312612534,0.028717854991555214,0.12275944650173187,0.0032526273280382156,0.0022701791021972895,0.16957436501979828,0.18636219203472137,1,0.08757304682685205,1,0.5242181359433953,0.18257120814801509,-0.0069849789839034815,0.33320804847619684,46.144137858099974,0.4937353491783142,0.4317377507686615,0.6028792023658752,0.44510361552238464,805.8348083496094,321.6196274757385,851.9706726074219,322.49340534210205,741.8038940429688,320.00701904296875,692.7464294433594,320.10207653045654,478,0.609143853187561,0.5133658647537231,0,-10.607414245605469,0.5564214106066797,0.7124195543258955,0.4683313932558489,0.18668449820177932,-0.011955546844629902,0.3897988652512073,49.05755669584421,-0.49349138140678406,0.5,7.582368850708008,-0.6627044081687927,-37.34080123901367,1.7447645664215088
0.9995682239532471,0.0007235708762891591,0.029375286772847176,-0.006044010631740093,0.9833834767341614,0.1814400851726532,-0.02875588834285736,-0.18153928220272064,0.9829632639884949,0.9999995231628418,0.34531646966934204,0.2914961874485016,0.7325677871704102,0.7219823598861694,0.1353430300951004,0.04533441737294197,0.027080830186605453,0.11969930678606033,0.004609293770045042,0.00318393437191844,0.14774185419082642,0.16892392933368683,1,0.08723828716991715,1,0.5262094046797916,0.2700534619213927,-0.019891167197905322,0.44999121933444686,46.080164041887265,0.49385957121849056,0.43000671565532683,0.6027475416660308,0.4434510201215744,805.5948638916016,321.2533664703369,851.6731262207031,320.8347272872925,741.6873168945312,319.84512090682983,692.7381896972656,319.4633889198303,478,0.6088879704475403,0.5134443044662476,0,-10.46380615234375,0.563122391436924,0.6663604585581495,0.4702238269052014,0.2421985687463799,-0.020581006331945553,0.45783654257554934,48.95061565273606,-0.3464416265487671,0.5,7.57012939453125,-0.6384540796279907,-37.309112548828125,1.6478180885314941
0.9996195435523987,0.0008634169935248792,0.027568558230996132,-0.005647179204970598,0.9847433567047119,0.17392133176326752,-0.026997780427336693,-0.17401084303855896,0.9843735694885254,1.0000001192092896,0.16421519219875336,0.12435469031333923,0.668820858001709,0.6591475009918213,0.13522303104400635,0.04012475535273552,0.02578071877360344,0.13138307631015778,0.005758710205554962,0.004684658255428076,0.14454644918441772,0.1538037806749344,1,0.08742239793361542,1,0.5251907376731171,0.3271498790978501,-0.024302199536418222,0.5037084868865492,46.59254725075604,0.49399260878562923,0.4276337832212448,0.6028668105602264,0.44108553826808927,805.6407928466797,320.82314014434814,852.1824645996094,318.64638805389404,741.9123077392578,319.16611433029175,692.9685211181641,316.82111263275146,478,0.6088742017745972,0.5134517550468445,0,-10.024791717529297,0.5243113255757462,0.6361635760496358,0.4653329690191741,0.2955581374779074,-0.025456946011025768,0.5002286011721231,48.99993144761145,-0.32367923855781555,0.5,7.564932823181152,-0.571687638759613,-37.21639633178711,1.5470467805862427
0.9997028708457947,0.0031134560704231262,0.024178756400942802,-0.0075761801563203335,0.9823785424232483,0.18674837052822113,-0.023171255365014076,-0.1868760585784912,0.9821102023124695,1.0000001192092896,0.1355496346950531,0.10551611334085464,0.659645676612854,0.643553614616394,0.1300908923149109,0.04477759823203087,0.027234287932515144,0.11617296189069748,0.006096311379224062,0.004788817837834358,0.13738703727722168,0.1338615119457245,1,0.08760739620668957,1,0.5237019952266209,0.3386409877182119,-0.026510445552020197,0.5154218021813756,46.77216326550356,0.49412904977798466,0.4280578106641769,0.6027307987213135,0.4410190790891647,805.4380798339844,320.828161239624,852.1597290039062,318.6549711227417,741.4503479003906,319.3280553817749,692.249755859375,316.88894033432007,478,0.6086017489433289,0.5129612684249878,0,-10.773456573486328,0.4504109245398335,0.6140024593874953,0.47143133546527527,0.30664651209457705,-0.027789126634764103,0.5067240937229428,49.26101439779425,-0.4342038333415985,0.5,7.552912712097168,-0.6159528493881226,-37.195552825927734,1.3277338743209839
0.9997092485427856,0.0032366933301091194,0.02389451488852501,-0.007570129353553057,0.9829773902893066,0.18357056379318237,-0.022893592715263367,-0.18369808793067932,0.9827160835266113,1.0000001192092896,0.14406563341617584,0.12442800402641296,0.6499710083007812,0.6383311748504639,0.11251810193061829,0.05073393136262894,0.03416069969534874,0.09345924854278564,0.00622228579595685,0.005265203770250082,0.13020458817481995,0.1643614023923874,1,0.08760827821562298,1,0.5144459666698199,0.3347387856172434,-0.026301260204671904,0.5045363228228774,47.372261318109565,0.49430290460586546,0.4273225158452988,0.602736747264862,0.44000292718410494,804.7216033935547,320.3890299797058,852.0417785644531,318.1681823730469,741.3751220703125,318.3956980705261,692.0644378662109,316.1150908470154,478,0.6084338426589966,0.5126804113388062,0,-10.588044166564941,0.4845232847830335,0.5825401653150656,0.4743773084094513,0.2984035155953316,-0.030779960769325772,0.48515692505511326,49.36339479901364,-0.43385428190231323,0.5,7.524604320526123,-0.5836498737335205,-37.13836669921875,1.3118207454681396
0.999729335308075,0.0004869939002674073,0.023258525878190994,-0.004986952990293503,0.9810253977775574,0.1938149482011795,-0.022722817957401276,-0.19387848675251007,0.9807623624801636,0.9999998211860657,0.09746446460485458,0.11516715586185455,0.6472176313400269,0.6310819387435913,0.10393259674310684,0.05825868993997574,0.03907449170947075,0.07686469703912735,0.006191132124513388,0.005093397106975317,0.10697857290506363,0.1489672064781189,1,0.08757008914371012,1,0.5136183332888203,0.3550236828297593,-0.028009034684645398,0.519259011232183,47.33291657037641,0.49430670738220217,0.4273418217897415,0.6027419209480286,0.43983167707920073,804.7187805175781,320.22586584091187,851.9779205322266,317.5841474533081,741.0032653808594,318.57755184173584,691.7548370361328,316.32312297821045,478,0.6084352135658264,0.5124898552894592,0,-11.18213939666748,0.33365180632016384,0.611634329745059,0.48182762552477726,0.3051432426282849,-0.031335186594292325,0.4886973223126704,49.3000014606994,-0.2858063280582428,0.5,7.5260539054870605,-0.6129602193832397,-37.14406204223633,1.302033543586731
0.9997923374176025,0.0016782799502834678,0.020308012142777443,-0.005622855853289366,0.9806315898895264,0.1957806497812271,-0.01958610862493515,-0.19585418701171875,0.9804373979568481,0.9999998211860657,0.09698163717985153,0.10843640565872192,0.6403878927230835,0.6308438777923584,0.12326392531394958,0.049945980310440063,0.029528534039855003,0.09477406740188599,0.006175403017550707,0.0049245175905525684,0.10963167995214462,0.1225798949599266,1,0.08717482018670905,1,0.5214786239453688,0.35326829228570017,-0.028478537384708017,0.5136747499669427,47.73429246569785,0.49463736414909365,0.428949111700058,0.6022040188312531,0.4398935377597809,803.9404296875,320.2200722694397,851.6041564941406,317.6254963874817,740.9847259521484,318.66466999053955,691.5302276611328,316.42815828323364,478,0.6075666546821594,0.5109444260597229,0,-11.296822547912598,0.4155022619861646,0.6023171107242726,0.47525220761542636,0.30915724531913286,-0.031239469130363167,0.4843270258441501,49.50504404534949,-0.32222941517829895,0.5,7.533656597137451,-0.6101624965667725,-37.24415969848633,1.1222729682922363
0.9998298287391663,0.0012367626186460257,0.018405459821224213,-0.00499254185706377,0.9786556959152222,0.20544593036174774,-0.01775852032005787,-0.20550286769866943,0.9784953594207764,0.9999998211860657,0.08352159708738327,0.06960391998291016,0.6361998915672302,0.6309094429016113,0.2331220507621765,0.027479009702801704,0.010594649240374565,0.2221415638923645,0.005897059105336666,0.0048654708079993725,0.09284621477127075,0.09497152268886566,1,0.08712611626726299,1,0.5521332367944713,0.362374032024698,-0.030516498742318748,0.5122621981458436,47.91637371064792,0.49300026297569277,0.4284928470849991,0.5999363005161286,0.439672115445137,802.3570251464844,319.9944233894348,850.2153778076172,317.63710498809814,739.0184020996094,318.4645128250122,689.5384979248047,316.30954027175903,478,0.6069360375404358,0.5111792683601379,0,-11.860835075378418,0.6118524660750834,0.6639578225677896,0.4568668142455441,0.32714386702438597,-0.031021608030494377,0.5040712466105294,49.52680914365655,-0.2860978841781616,0.7,7.500372886657715,-0.6294966340065002,-37.35792922973633,1.0175416469573975
0.9998131990432739,0.0012577094603329897,0.01928647607564926,-0.005226498004049063,0.9782961010932922,0.20714572072029114,-0.018607355654239655,-0.2072078436613083,0.9781200289726257,1.0000001192092896,0.07224824279546738,0.04682527855038643,0.6440787315368652,0.6364580988883972,0.2264237254858017,0.028264980763196945,0.01080792210996151,0.2175421267747879,0.005596049129962921,0.0046385470777750015,0.0946948230266571,0.07883089035749435,1,0.08721954379123341,1,0.5525706624577963,0.3663702124026862,-0.028744956422970314,0.5209926448779145,47.91258915386862,0.49313638806343074,0.428534722328186,0.5998753726482391,0.4396450877189636,802.3696136474609,319.9959683418274,850.2130889892578,317.4234080314636,738.80126953125,318.46869707107544,689.1542053222656,315.9061574935913,478,0.6067389845848083,0.5111103653907776,0,-11.960874557495117,0.6003186713514957,0.6899363851726493,0.46026287924536313,0.3395051505580118,-0.02725089881436499,0.5233432328147077,49.71315312627651,-0.2995094954967499,0.7,7.473754405975342,-0.6366903781890869,-37.2868766784668,1.0661845207214355
0.9998366832733154,4.349783921497874e-05,0.01807331293821335,-0.0034271935001015663,0.9823097586631775,0.1872321367263794,-0.017745446413755417,-0.18726350367069244,0.9821494817733765,0.9999997615814209,0.08453840017318726,0.057308267802000046,0.6506011486053467,0.6442757844924927,0.22717830538749695,0.028501620516180992,0.01057315245270729,0.21807612478733063,0.0052052950486540794,0.004410776775330305,0.09224886447191238,0.08802326023578644,1,0.08704228510839014,1,0.5569238423949965,0.36286871351375083,-0.027241504035181167,0.5125476921527099,47.44545019623997,0.4932512760162353,0.42791255116462706,0.6000533819198608,0.44000019431114196,802.8887939453125,320.1779508590698,850.2690124511719,317.6908564567566,738.9750671386719,318.52993726730347,689.5952606201172,316.0746216773987,478,0.6068021059036255,0.5120876431465149,0,-10.79484748840332,0.641885838931536,0.7072112260211937,0.46084492827301804,0.3310588008583896,-0.026004228777115834,0.5126279757253817,49.440811750565004,-0.19639502465724945,0.7,7.499977111816406,-0.5686838626861572,-37.352760314941406,1.0167925357818604
0.9998127222061157,0.001784611027687788,0.019271062687039375,-0.005449763964861631,0.9814074039459229,0.19185854494571686,-0.018570369109511375,-0.19192762672901154,0.9812333583831787,1.000000238418579,0.08570920675992966,0.0608464814722538,0.6449515223503113,0.6376949548721313,0.23709262907505035,0.026176180690526962,0.01020587608218193,0.22931580245494843,0.005600696429610252,0.004601961933076382,0.09471344202756882,0.08565119653940201,1,0.08695207628279558,1,0.5564563454646759,0.36372605428843907,-0.028440899760995116,0.5096339809274026,47.37397513366947,0.49323598146438596,0.4284768521785736,0.6001264810562134,0.4399342954158783,802.9325866699219,320.15288829803467,850.2428436279297,317.69665002822876,739.3881225585938,318.5315465927124,690.1573181152344,316.13656997680664,478,0.6068904995918274,0.5114574432373047,0,-11.067231178283691,0.6301376625569935,0.7491558254382092,0.4538054703094182,0.33222443818950054,-0.026991873747822664,0.5117130716138406,49.2890253426623,-0.3123038411140442,0.7,7.513139247894287,-0.5828350782394409,-37.40753173828125,1.064064860343933
0.9997974634170532,0.002010981785133481,0.02002440020442009,-0.006065842229872942,0.9788352251052856,0.20455992221832275,-0.019189219921827316,-0.20463994145393372,0.9786491394042969,1.0000003576278687,0.08169268816709518,0.05718176066875458,0.6434260606765747,0.635837733745575,0.2413741499185562,0.02512747421860695,0.010095489211380482,0.2350478619337082,0.005662883166223764,0.00466835405677557,0.09381768107414246,0.08129391819238663,1,0.08681309885658664,1,0.5561083438757961,0.365135309697541,-0.0285047396622505,0.509509014444848,47.42198660880401,0.49330253601074214,0.42886162996292115,0.6002028703689575,0.440079402923584,802.9070281982422,320.22597312927246,850.2616882324219,317.69991159439087,740.0224304199219,318.7253737449646,690.4016876220703,316.2799072265625,478,0.6069003343582153,0.5112177729606628,0,-11.810628890991211,0.6288559529665554,0.7502459729694227,0.44902456050373535,0.33367425042350757,-0.02652978826799596,0.5117561505316415,49.68096639964369,-0.34761327505111694,0.7,7.530218124389648,-0.6308884620666504,-37.444923400878906,1.0995286703109741
0.9998867511749268,-0.00017465767450630665,0.015046020038425922,-0.0027378024533391,0.9811298251152039,0.19333049654960632,-0.014795866794884205,-0.19334982335567474,0.9810183048248291,0.9999998211860657,0.08853451907634735,0.05905209854245186,0.6416827440261841,0.634162187576294,0.20232906937599182,0.027271991595625877,0.014497234486043453,0.1997056007385254,0.005943012423813343,0.0051363795064389706,0.09782247990369797,0.08909343183040619,1,0.08757668883688441,1,0.54039771881117,0.35783497143335913,-0.02887066206229874,0.5116571567378435,47.827060266926544,0.49382176995277405,0.4277221173048019,0.6006022989749908,0.4400152176618576,802.9862976074219,320.21790504455566,850.7456970214844,317.67478466033936,740.0395202636719,318.7293004989624,690.2609252929688,316.3066005706787,478,0.6067805290222168,0.5122931003570557,0,-11.149576187133789,0.5858507679336288,0.7555103238659886,0.45100558842377425,0.3300621893106886,-0.026950112722532654,0.508891918327841,49.83751591220705,-0.1568818837404251,0.7,7.5235700607299805,-0.5993082523345947,-37.3138313293457,0.8477716445922852
0.9998605847358704,0.00019197576330043375,0.016697082668542862,-0.0036065757740288973,0.9788147807121277,0.20471619069576263,-0.016304049640893936,-0.20474785566329956,0.9786789417266846,1.0000003576278687,0.08348605781793594,0.06345107406377792,0.6456763744354248,0.6400811672210693,0.203618124127388,0.025856440886855125,0.014668967574834824,0.20193824172019958,0.005826182197779417,0.0047915480099618435,0.09492210298776627,0.08232638239860535,1,0.08766312517703523,1,0.5373890563477132,0.3599230218878517,-0.029050117534716282,0.5124082825024731,47.81230487656231,0.4935779750347138,0.42942885458469393,0.6006837069988251,0.44005594551563265,802.9997253417969,320.1326322555542,850.7521057128906,317.73958683013916,740.0595092773438,318.7327551841736,690.3688812255859,316.6470265388489,478,0.6071057319641113,0.5106270909309387,0,-11.81633186340332,0.5831206211341121,0.7556492384510356,0.4506461298031034,0.33030607859267586,-0.028894601318397665,0.5094298179618918,49.73438227483616,-0.20666947960853577,0.7,7.529423713684082,-0.6397607922554016,-37.31425857543945,0.9341945648193359
0.9997827410697937,0.004935803357511759,0.020250706002116203,-0.009139788337051868,0.9769856929779053,0.21310855448246002,-0.01873278059065342,-0.2132473737001419,0.9768186211585999,0.9999999403953552,0.08203960210084915,0.06957630068063736,0.6468909382820129,0.6332746744155884,0.2212909460067749,0.02600303292274475,0.012293767184019089,0.21384814381599426,0.006058325991034508,0.004568168893456459,0.09612717479467392,0.08546680957078934,1,0.08736199041776106,1,0.5403135020313485,0.36224325945262353,-0.03142481189870958,0.5112344501170253,47.840635262819845,0.4934097588062286,0.42968123853206636,0.6007555782794952,0.4400616854429245,803.0076599121094,320.13919830322266,850.8113098144531,318.25839042663574,740.1231384277344,318.65838289260864,690.4396057128906,316.51257276535034,478,0.6073458194732666,0.5103804469108582,0,-12.314919471740723,0.5475465248979322,0.664771313011941,0.45509196680790626,0.327304967629302,-0.029569189918865205,0.5077865111767922,49.72984942897629,-0.5237704515457153,0.7,7.527355194091797,-0.6693098545074463,-37.3301887512207,1.0733720064163208
0.9998236894607544,0.0066158282570540905,0.017572004348039627,-0.010166989639401436,0.97755366563797,0.21044106781482697,-0.015785332769155502,-0.21058262884616852,0.9774486422538757,1.0,0.06490939855575562,0.05766785144805908,0.6503884196281433,0.6374244689941406,0.20781108736991882,0.028346430510282516,0.013204490765929222,0.19996482133865356,0.005729950964450836,0.004587365780025721,0.0852479338645935,0.07345065474510193,1,0.0874444946805896,1,0.5418947624007825,0.37234056731874077,-0.029059486037360974,0.5172629236273061,47.819743287502526,0.4938939690589905,0.42992904484272004,0.6007003664970398,0.4404346615076065,803.0827331542969,320.56730031967163,850.8515930175781,318.36188077926636,739.9684143066406,318.83272647857666,690.1026153564453,316.5091609954834,478,0.6068063974380493,0.5105056166648865,0,-12.158035278320312,0.5465690612545433,0.5936446942522288,0.4576752354981626,0.3347919273873596,-0.02840242866798975,0.5116167789374197,49.91990446300315,-0.5826082229614258,0.7,7.536080360412598,-0.6563884019851685,-37.3890495300293,0.9044704437255859
0.9999470710754395,0.008048084564507008,0.006405718624591827,-0.00916321575641632,0.9799046516418457,0.1992558240890503,-0.00467336643487215,-0.19930396974086761,0.9799265265464783,1.0000001192092896,0.06495625525712967,0.06252331286668777,0.6597857475280762,0.6410877704620361,0.19136002659797668,0.031949348747730255,0.013718021102249622,0.18129438161849976,0.005548340268433094,0.004173867404460907,0.09951600432395935,0.08441124856472015,1,0.08687287393308785,1,0.5464223120921216,0.3655047722757805,-0.02601504550466406,0.5281454748268867,48.18811139579711,0.4943890452384949,0.42926016747951506,0.6001664280891419,0.44019005000591277,802.0833587646484,320.1754832267761,850.2134704589844,317.8119206428528,739.5507049560547,318.69728565216064,689.75341796875,316.41551971435547,478,0.605777382850647,0.5109298825263977,0,-11.496386528015137,0.5628795484471248,0.67638863749552,0.4589431892092907,0.33128155166147955,-0.026796017277498613,0.5208492747171489,49.84953607798784,-0.5250266194343567,0.7,7.51544189453125,-0.6167887449264526,-37.36751937866211,0.2677651345729828
0.9999953508377075,0.0023853317834436893,0.0018993780249729753,-0.002704301616176963,0.9815730452537537,0.19106820225715637,-0.0014086168957874179,-0.19107243418693542,0.9815748929977417,0.9999998211860657,0.079796701669693,0.08009233325719833,0.6370093822479248,0.628643274307251,0.15616247057914734,0.037260547280311584,0.01975679211318493,0.1477469503879547,0.006394110154360533,0.005098164081573486,0.10250599682331085,0.10373621433973312,1,0.08701441972787705,1,0.5376632671517187,0.360503473346079,-0.028599680005148686,0.5136691072677493,47.97336300571925,0.495142525434494,0.42739264070987704,0.5994862377643585,0.43993852436542513,801.0220336914062,320.1015830039978,848.9093780517578,317.2300314903259,738.1984710693359,318.84660959243774,688.8625335693359,316.6585922241211,478,0.6043437123298645,0.5125458836555481,0,-11.015387535095215,0.581755335385393,0.6488476537889597,0.4617525225206784,0.32447328193564884,-0.029393187157890393,0.5021706238018514,49.38443225457522,-0.15494540333747864,0.7,7.46267557144165,-0.6025734543800354,-37.37226104736328,0.08070782572031021
0.9999822974205017,0.00455789128318429,0.003820314072072506,-0.005197176709771156,0.9820050001144409,0.1887834221124649,-0.0028911123517900705,-0.1887999176979065,0.9820113182067871,0.9999995231628418,0.08122579753398895,0.07075532525777817,0.6146963834762573,0.6067745685577393,0.20218203961849213,0.026568559929728508,0.01318108756095171,0.2031213641166687,0.006491171196103096,0.005690152291208506,0.1013033464550972,0.11264541000127792,1,0.08665532024808373,1,0.5417623995831038,0.36066779121232556,-0.03063844458409638,0.508498935234154,47.95409830195366,0.4948554575443268,0.4267724871635437,0.5986949741840363,0.4393046021461487,799.9734497070312,320.0988793373108,847.8425598144531,317.2451376914978,737.628173828125,318.52822065353394,688.6843872070312,315.9754228591919,478,0.6038395166397095,0.512532114982605,0,-10.882802963256836,0.6369393555124984,0.6881259796770034,0.45243853864778677,0.32505068339465765,-0.035727355423000755,0.5001336841124191,49.01031550080017,-0.2977788746356964,0.7,7.43146276473999,-0.5826781392097473,-37.42300796508789,0.16564875841140747
0.999997615814209,-0.0016116013284772635,0.001452130964025855,0.0013076078612357378,0.9819220900535583,0.18928134441375732,-0.001730928081087768,-0.1892789900302887,0.9819217920303345,0.9999997615814209,0.09361471235752106,0.09344912320375443,0.6245003938674927,0.620779812335968,0.1639525443315506,0.036478493362665176,0.01779285818338394,0.14901164174079895,0.006380746606737375,0.005205100402235985,0.11339716613292694,0.12333957850933075,1,0.08691463023665713,1,0.5373529460584998,0.35098802624634234,-0.030660797695706784,0.5106332317259822,47.99833276099037,0.4947830080986023,0.427094092965126,0.5986775994300843,0.43970774710178373,799.9144744873047,320.07134914398193,847.8157806396484,317.02096939086914,737.0600891113281,318.9807415008545,687.9482269287109,316.6597080230713,478,0.6038945913314819,0.5126136541366577,0,-10.910726547241211,0.5812435391897449,0.6391952957788279,0.46245546421794426,0.3135175281693493,-0.03299003252352782,0.493711892967429,49.16667777619012,0.07492054253816605,0.7,7.411701679229736,-0.5884717702865601,-37.3294792175293,0.09917491674423218
0.9999938011169434,0.0004346155619714409,0.003506867913529277,-0.0011490678880363703,0.9784678220748901,0.2063961625099182,-0.003341655246913433,-0.2063988894224167,0.9784622192382812,1.0000001192092896,0.08437907695770264,0.08828552812337875,0.6417957544326782,0.6265243291854858,0.1705186367034912,0.03732213005423546,0.0166917834430933,0.14628872275352478,0.005899964831769466,0.004486015997827053,0.10883915424346924,0.11700522899627686,1,0.08676418303074974,1,0.5416770447637007,0.3553734485539183,-0.030199066250619175,0.511594564618206,47.92414430107106,0.49481669068336487,0.42787007093429563,0.5985071957111359,0.43989274501800535,799.8418426513672,320.0691604614258,847.6692199707031,317.02521800994873,736.8849182128906,319.0600919723511,687.6665496826172,316.69878244400024,478,0.603690505027771,0.5120226740837097,0,-11.911467552185059,0.5405161168924162,0.6486970666407547,0.4648470574984848,0.31739242643932825,-0.02973136814635576,0.5011590096302897,49.274979285323305,-0.06583711504936218,0.7,7.393920421600342,-0.6490253210067749,-37.325565338134766,0.19146309792995453
0.999998152256012,-0.0014606304466724396,0.0012165488442406058,0.0011893226765096188,0.9799987077713013,0.1990002989768982,-0.0014828798593953252,-0.19899851083755493,0.9799986481666565,0.9999997019767761,0.0801284909248352,0.07837186753749847,0.6266129016876221,0.6191733479499817,0.1994800865650177,0.030519776046276093,0.012722264043986797,0.19226929545402527,0.006310260854661465,0.004987520631402731,0.10303106158971786,0.10885199159383774,1,0.08691827087841404,1,0.5483757327159577,0.359953027730831,-0.03035589952811282,0.5048136129257892,47.99833407297517,0.4945808827877045,0.42730417251586916,0.5981661856174469,0.4395525097846985,799.7904968261719,319.80557441711426,847.6813507080078,316.5952491760254,736.9029235839844,318.8177704811096,687.5775146484375,316.58602237701416,478,0.6035853028297424,0.5122483372688293,0,-11.478413581848145,0.6183153599803748,0.6343098626407147,0.4546636121806297,0.32171502355855897,-0.02901653476786221,0.5016677872768649,49.375871297201556,0.06814325600862503,0.7,7.408491611480713,-0.609786868095398,-37.354209899902344,0.08496278524398804
0.999993085861206,-0.0037254842463880777,3.4167926060035825e-05,0.0036529898643493652,0.9822596907615662,0.1874902844429016,-0.0007320431177504361,-0.1874888837337494,0.9822664260864258,1.0000001192092896,0.08326689898967743,0.08155010640621185,0.6253352761268616,0.6158249378204346,0.20343585312366486,0.027537254616618156,0.01327306218445301,0.2008434236049652,0.0064689056016504765,0.005211919080466032,0.1023266464471817,0.10722437500953674,1,0.08721069171026394,1,0.5439387091165174,0.3590317000006059,-0.02972563650190401,0.5031091494215322,48.15627067581544,0.494457072019577,0.4271093100309372,0.5980503618717193,0.43948675096035006,799.5365905761719,319.61015939712524,847.5953674316406,316.5474200248718,736.8135833740234,318.7662720680237,687.4222564697266,316.7578339576721,478,0.6035932898521423,0.5123774409294128,0,-10.80627727508545,0.5864025048758319,0.7010965897595274,0.45054736229697345,0.32043924886904224,-0.029771984411318037,0.49937561092033134,49.43214538242395,0.2093014121055603,0.7,7.410468578338623,-0.5691691040992737,-37.36705780029297,0.041942983865737915
0.9999367594718933,3.1521831260761246e-05,0.011247750371694565,-0.0022941732313483953,0.979545533657074,0.20120953023433685,-0.011011345311999321,-0.20122259855270386,0.9794837236404419,1.0000004768371582,0.07404037564992905,0.06109893321990967,0.6378480792045593,0.6229311227798462,0.29696980118751526,0.015449533239006996,0.008949526585638523,0.3014270067214966,0.006107736844569445,0.004931064322590828,0.09515213221311569,0.0844063088297844,1,0.08786136587435044,1,0.550027872239365,0.36355965796497297,-0.030377984859195347,0.5074330429090441,48.04810988715799,0.49311356544494633,0.4282525837421417,0.5984715700149537,0.4398628532886505,800.806884765625,320.0549554824829,848.7742614746094,317.2707796096802,738.1181335449219,318.79940271377563,688.1021118164062,316.3964009284973,478,0.6053580045700073,0.5116102695465088,0,-11.609174728393555,0.6606343440729159,0.6725239714766561,0.4335886678983983,0.32836776769647674,-0.025598837159907507,0.5126915502056993,50.073714134539145,-0.13145452737808228,0.92,7.465031147003174,-0.6139018535614014,-37.42173385620117,0.6309163570404053
0.9999405741691589,0.0012646395480260253,0.010823572985827923,-0.003308793529868126,0.9815855622291565,0.19099439680576324,-0.010382725857198238,-0.19101886451244354,0.9815314412117004,0.9999995827674866,0.06957899034023285,0.05271407961845398,0.6377484202384949,0.6241729259490967,0.30954086780548096,0.015611717477440834,0.00766100874170661,0.3173506259918213,0.006063706707209349,0.0048988861963152885,0.09390951693058014,0.07990055531263351,1,0.08726417738486913,1,0.5573534753863647,0.36488137675024607,-0.02975872370775231,0.5074293684066596,47.983278214329594,0.4931192576885224,0.4283148169517517,0.5984752953052521,0.43977482318878175,800.8061981201172,320.04761695861816,848.7046051025391,317.19496965408325,738.3367156982422,318.6938738822937,688.6750030517578,315.97458600997925,478,0.6053560376167297,0.51146000623703,0,-11.012850761413574,0.6871343337497384,0.6680995353534938,0.4328561210261261,0.3333953628356442,-0.022745380933728986,0.5176989321957624,49.73610589515402,-0.1895904690027237,0.92,7.476730823516846,-0.5673947930335999,-37.466224670410156,0.5948970317840576
0.9998629093170166,0.0018989760428667068,0.0164470374584198,-0.005117129534482956,0.9802068471908569,0.19791021943092346,-0.01574566587805748,-0.1979672610759735,0.9800821542739868,0.9999995231628418,0.06842976808547974,0.05076590180397034,0.646756649017334,0.6366515159606934,0.3449525237083435,0.013786855153739452,0.0061980923637747765,0.3516124486923218,0.005439752247184515,0.004775023087859154,0.08535068482160568,0.08831635117530823,1,0.08712379886879286,1,0.5648016219522405,0.3686496572587893,-0.026548196424623614,0.5155037081654517,48.232995826790436,0.49251097440719604,0.42844693958759306,0.5985716581344604,0.4397744446992874,801.0533905029297,320.0430679321289,849.2198181152344,317.50986099243164,739.0373992919922,318.16110134124756,688.7903594970703,315.7413411140442,478,0.6060606837272644,0.5113275051116943,0,-11.419548988342285,0.644621101116227,0.6996012961647178,0.4299733248651257,0.3310932883581902,-0.021232885844485037,0.5230431005515798,50.30527057685136,-0.29322755336761475,0.92,7.482163906097412,-0.5871542096138,-37.43342971801758,0.9021974205970764
0.9998430609703064,0.00357201904989779,0.01735115796327591,-0.0069779339246451855,0.9796868562698364,0.200411856174469,-0.016282828524708748,-0.20050148665905,0.9795580506324768,0.9999998211860657,0.07030458003282547,0.04698313772678375,0.6697238683700562,0.6569550037384033,0.3296322226524353,0.014352099038660526,0.0070879762060940266,0.3340994715690613,0.004949014168232679,0.004217538051307201,0.08488686382770538,0.07377113401889801,1,0.08750311898707198,1,0.5613201176223426,0.36740821926079287,-0.021753513843048886,0.5236690513982518,48.359780415941046,0.49269438982009883,0.4292778581380844,0.5987616300582885,0.4403748124837875,801.2889099121094,320.22595167160034,849.5968627929688,317.9876375198364,739.1050720214844,318.30132722854614,688.6139678955078,315.9806156158447,478,0.6060672402381897,0.5110969543457031,0,-11.567840576171875,0.6945655299150182,0.708736381908897,0.4315938649578117,0.3356162416734136,-0.01845862201193281,0.5260579272565147,50.544409170061755,-0.3998624086380005,0.92,7.45860481262207,-0.6173728704452515,-37.33224105834961,0.9329785108566284
0.9998216032981873,0.005129803437739611,0.018175719305872917,-0.008532140403985977,0.9812812805175781,0.19239073991775513,-0.01684855856001377,-0.19251151382923126,0.9811500906944275,0.9999997019767761,0.07205075770616531,0.05157513543963432,0.6716809272766113,0.661038875579834,0.3759084939956665,0.011571957729756832,0.005642238073050976,0.3757472038269043,0.004892267752438784,0.004081850405782461,0.08658062666654587,0.07881587743759155,1,0.08748523140578238,1,0.5659380347408259,0.36481389016908206,-0.019002284312544762,0.5241901343853256,48.70159379299947,0.4925687432289123,0.429204398393631,0.5989102244377136,0.44023322463035586,801.5162658691406,319.9233341217041,850.1799011230469,318.00087690353394,739.8255920410156,317.87835359573364,689.2481994628906,315.9566044807434,478,0.6063414812088013,0.5110288262367249,0,-11.100984573364258,0.5957505561805204,0.7947403759833049,0.42238501588321825,0.32905761416832835,-0.0174342188273721,0.5283097276112624,50.613889000589225,-0.48893094062805176,0.92,7.497306823730469,-0.5659286379814148,-37.40742111206055,0.9653969407081604
0.9998757243156433,0.006722534075379372,0.014262078329920769,-0.009329354390501976,0.9814605712890625,0.19143734872341156,-0.012710723094642162,-0.19154660403728485,0.981401264667511,0.9999998211860657,0.06518551707267761,0.05241171643137932,0.669836699962616,0.6516197919845581,0.36164551973342896,0.013620912097394466,0.005314642563462257,0.3658566474914551,0.004967737011611462,0.003958903253078461,0.08828647434711456,0.08087310940027237,1,0.08692261138369228,1,0.5724208976766524,0.3697862659918444,-0.02101464728151378,0.5278889265459304,48.35044614705155,0.49290384054183956,0.42884075939655303,0.5990686535835266,0.44009876549243926,801.8288421630859,319.87271547317505,850.1393890380859,317.90886640548706,739.8204040527344,317.86391258239746,689.7588348388672,315.80974817276,478,0.606164813041687,0.5112580060958862,0,-11.04395866394043,0.6230142303987651,0.7604467228190855,0.4276909487721922,0.33321892918689067,-0.01694797875163166,0.5331711427708854,50.10369550918218,-0.5345835089683533,0.92,7.511507511138916,-0.5631027817726135,-37.4058952331543,0.7282903790473938
0.9999352097511292,0.0041248612105846405,0.010606253519654274,-0.00609672861173749,0.9811376333236694,0.19321413338184357,-0.009609215892851353,-0.19326630234718323,0.9810993075370789,0.9999997019767761,0.06352996081113815,0.04227494075894356,0.6609302759170532,0.6563674807548523,0.33081063628196716,0.014753516763448715,0.006536910776048899,0.33332058787345886,0.005176368169486523,0.00432185921818018,0.08684155344963074,0.06733444333076477,1,0.0872278610112481,1,0.5637279536028211,0.36848268979689836,-0.0208585143690801,0.527005512608725,48.447979678090555,0.49322084784507747,0.42916966378688814,0.5992178738117218,0.44030619561672213,801.7652130126953,319.94826793670654,850.1670074462891,317.83331394195557,739.7837829589844,318.35314750671387,689.6768951416016,316.1077952384949,478,0.6059970259666443,0.511136531829834,0,-11.143983840942383,0.6375253257165449,0.7325601318064274,0.4287398587851864,0.33823165845872877,-0.018667221983564183,0.5292293219336035,50.157171108950074,-0.34933510422706604,0.92,7.53498649597168,-0.5655825138092041,-37.451175689697266,0.5505759716033936
0.9998992085456848,9.46062573348172e-05,0.014198810793459415,-0.0027123482432216406,0.9828365445137024,0.18445852398872375,-0.013937658630311489,-0.18447843194007874,0.9827377200126648,0.9999995827674866,0.06436841189861298,0.039446886628866196,0.643950343132019,0.640815794467926,0.33577200770378113,0.013920549303293228,0.006699228659272194,0.34220683574676514,0.005537209566682577,0.004728189669549465,0.09109602868556976,0.06841787695884705,1,0.08733509635790045,1,0.5602357890743036,0.368266804699485,-0.02300903356855146,0.5245994286955049,48.45553292463975,0.4929279088973999,0.4275479257106781,0.5992859601974487,0.44040208458900454,801.7641448974609,320.1474595069885,850.1645660400391,317.8370690345764,740.03662109375,318.63988637924194,689.7361755371094,316.28715991973877,478,0.6063580513000488,0.5128541588783264,0,-10.631769180297852,0.6511763588615288,0.7185186683129726,0.4261665710245195,0.3386648333699873,-0.020437092896508333,0.5260181943296999,50.35543808855727,-0.1554213911294937,0.92,7.538638591766357,-0.563020646572113,-37.4576301574707,0.7985948324203491
0.9998964071273804,0.0031814633402973413,0.014036833308637142,-0.006052931305021048,0.9777773022651672,0.20955881476402283,-0.013058198615908623,-0.2096220701932907,0.9776952266693115,1.0000001192092896,0.0656467080116272,0.05035726726055145,0.6483086347579956,0.6390841007232666,0.3407723307609558,0.012634200043976307,0.007219514809548855,0.34482574462890625,0.005538851022720337,0.004635810852050781,0.08969182521104813,0.08060485124588013,1,0.08778501161679834,1,0.5621853544170466,0.3684975802586761,-0.025019729921471112,0.5244848827616078,48.3057992780166,0.49289813041687014,0.4281229227781296,0.5995747685432434,0.4404303878545761,802.5856018066406,320.2874708175659,850.8302307128906,317.8572392463684,740.2325439453125,318.72084617614746,689.9934387207031,316.5230655670166,478,0.6066766381263733,0.5123074650764465,0,-12.101252555847168,0.6620209198090787,0.6941754735348064,0.42300502796894396,0.33387601968337577,-0.02297125158213652,0.5228849833100805,50.287154756218,-0.3468391001224518,0.92,7.551329135894775,-0.6614339351654053,-37.41313171386719,0.7482008934020996
0.9998166561126709,0.0011351994471624494,0.019117413088679314,-0.005114184692502022,0.9778162240982056,0.20940226316452026,-0.01845560222864151,-0.20946161448955536,0.9776426553726196,1.0000001192092896,0.06162691116333008,0.05156371369957924,0.6501772403717041,0.6421300768852234,0.32595890760421753,0.014851554296910763,0.007062701042741537,0.3333323001861572,0.005529466550797224,0.004500870127230883,0.08704254776239395,0.07816197723150253,1,0.08722002052471432,1,0.5612381752323183,0.37125121137971373,-0.026075178046108954,0.5223936781123313,48.19110763081713,0.4924855768680573,0.4284085422754288,0.5999777257442475,0.440649488568306,802.7634429931641,320.4503130912781,850.8847045898438,317.8566598892212,740.3958129882812,319.00078296661377,690.3189849853516,316.68949127197266,478,0.6074921488761902,0.5122409462928772,0,-12.092893600463867,0.6462528894219899,0.711278957277799,0.43546834620375124,0.3324289977856336,-0.02251057416167789,0.5222616617953497,50.130138362396124,-0.29307234287261963,0.92,7.569031238555908,-0.6670553684234619,-37.44718933105469,1.0574880838394165
0.9997645020484924,-0.00012610475823748857,0.02170162834227085,-0.004063963890075684,0.9812054634094238,0.19292281568050385,-0.021318089216947556,-0.19296559691429138,0.9809738993644714,1.0000005960464478,0.15481220185756683,0.08852382749319077,0.6776676177978516,0.6703736186027527,0.31378158926963806,0.014816369861364365,0.008090675808489323,0.317317932844162,0.004926406312733889,0.004027205519378185,0.12680621445178986,0.09798221290111542,1,0.08712769908345103,1,0.5527617923484777,0.3296881809069983,-0.020152516373126886,0.5028665108732501,47.714805066224336,0.4921634376049042,0.42945233881473543,0.600299495458603,0.44177941381931307,802.8651428222656,320.7627582550049,850.5577087402344,319.30612564086914,741.1650085449219,319.19716358184814,690.8638000488281,317.2451376914978,478,0.6081360578536987,0.5123270750045776,0,-11.128464698791504,0.8007807957225678,0.8125912718150063,0.4325857450890878,0.308084376270809,-0.019024673424001912,0.4986554237004296,50.339070127931144,-0.23290154337882996,0.92,7.572027206420898,-0.636871337890625,-37.4195442199707,1.2215290069580078
0.9998211860656738,0.002481419825926423,0.018748538568615913,-0.005795689765363932,0.9838581681251526,0.1788559854030609,-0.018002089112997055,-0.17893265187740326,0.9836965799331665,0.9999998211860657,0.51832515001297,0.4319503605365753,0.7779102325439453,0.7685492038726807,0.16967704892158508,0.03721035271883011,0.020099660381674767,0.1529691219329834,0.003470220137387514,0.002418951131403446,0.17378105223178864,0.18704156577587128,1,0.08751772970428522,1,0.5474745925266067,0.20448591819901865,-0.0114940274901747,0.4166593703640806,47.18377774541466,0.49379168748855595,0.43155535459518435,0.6018911480903626,0.44453426599502566,805.1133728027344,321.3256573677063,852.2884368896484,322.23241567611694,741.1442565917969,319.62453603744507,690.9986877441406,319.9890375137329,478,0.6080994606018066,0.5129789113998413,0,-10.309284210205078,0.5904708720192097,0.7438488518096029,0.46813176420372365,0.1812880802232237,-0.014029741838499438,0.35978240369550846,50.14689358755477,-0.3321242332458496,0.92,7.601635456085205,-0.6289727091789246,-37.4383659362793,1.0314993858337402
0.9998445510864258,0.002665567211806774,0.017427455633878708,-0.005821783561259508,0.9829729199409485,0.183658167719841,-0.016641167923808098,-0.1837310642004013,0.9828356504440308,1.0000003576278687,0.511793851852417,0.43025603890419006,0.7613018751144409,0.7492630481719971,0.1923096925020218,0.027676811441779137,0.018363408744335175,0.18483327329158783,0.0037676217034459114,0.0026771267876029015,0.16348622739315033,0.17711403965950012,1,0.08756689768591785,1,0.5374846350188494,0.21094106317566813,-0.01847362646606648,0.39050340781973364,46.42975358928365,0.4936140179634094,0.43090368807315826,0.6015812158584595,0.444043830037117,804.6059417724609,321.230685710907,851.0277557373047,322.0892930030823,741.1680603027344,319.58099842071533,691.6327667236328,319.8391342163086,478,0.60796719789505,0.5131401419639587,0,-10.588643074035645,0.6212894461464429,0.700197178215558,0.45211637451714465,0.1903788535987454,-0.018072264737049117,0.3515453111017328,49.5359661675819,-0.33361169695854187,0.92,7.617195129394531,-0.6471587419509888,-37.507808685302734,0.9535126090049744
0.9998624324798584,-0.0013563971733674407,0.016528237611055374,-0.0017589293420314789,0.9823540449142456,0.1870223581790924,-0.016490260139107704,-0.18702572584152222,0.9822166562080383,0.9999997019767761,0.24543873965740204,0.21909505128860474,0.7081094980239868,0.6992226243019104,0.23287422955036163,0.02138867974281311,0.013588231056928635,0.23299477994441986,0.004730296786874533,0.0035072159953415394,0.13735775649547577,0.17630241811275482,1,0.08741553173474223,1,0.5455388353571317,0.3072513620969845,-0.024565943418240747,0.5034211522275959,46.46639830328471,0.4932752132415772,0.429956904053688,0.6013085126876831,0.44284354746341703,804.5454406738281,321.04825258255005,851.0078430175781,320.4388761520386,741.1714935302734,319.5657420158386,691.6267395019531,318.8825726509094,478,0.608033299446106,0.512886643409729,0,-10.780741691589355,0.7501569349731801,0.6502023988087253,0.44652026188297467,0.2659303472499453,-0.01975194570492503,0.4899140070021169,49.54946389424449,-0.10079298168420792,0.92,7.633111953735352,-0.6368293762207031,-37.50619125366211,0.9448650479316711
0.999824047088623,0.001167917507700622,0.018718698993325233,-0.004784982185810804,0.9809149503707886,0.19437852501869202,-0.018134428188204765,-0.19443391263484955,0.9807479977607727,1.0000001192092896,0.19315344095230103,0.1394515186548233,0.6745455265045166,0.6685703992843628,0.2738836109638214,0.018523475155234337,0.010181286372244358,0.27719569206237793,0.0053564379923045635,0.004201019182801247,0.13853013515472412,0.13473141193389893,1,0.08746598487975184,1,0.5519534743561744,0.3253576551920029,-0.02866151510087559,0.5070721850881044,46.65258005987615,0.49306562542915344,0.4295922011137009,0.601292759180069,0.4421116203069687,804.7813415527344,321.05801582336426,851.4224243164062,320.0223398208618,741.3744354248047,319.563467502594,691.8434143066406,318.1525182723999,478,0.6082271337509155,0.5125194191932678,0,-11.213522911071777,0.7389017783436814,0.6927943074460357,0.44066754213207915,0.2939016597907202,-0.025625249729532742,0.49691406053166826,49.55111331582068,-0.27420541644096375,0.92,7.6350626945495605,-0.6547762751579285,-37.489376068115234,1.0390831232070923
0.9997501969337463,0.0004519342619460076,0.02234756574034691,-0.004909203387796879,0.9798232913017273,0.19980524480342865,-0.021806370466947556,-0.19986504316329956,0.979580819606781,0.9999997019767761,0.11266285926103592,0.10680178552865982,0.6541479825973511,0.6459047794342041,0.3104724586009979,0.015492886304855347,0.007709610275924206,0.3181998133659363,0.005728321615606546,0.0044259498827159405,0.11851345747709274,0.12148384749889374,1,0.08719930748171298,1,0.5612676268276697,0.35057595678592135,-0.029863698420762693,0.5160141862366271,47.05608326257242,0.49249909520149227,0.42850186824798586,0.6009677469730377,0.4412713885307312,804.4861602783203,320.7242202758789,851.5068054199219,318.8983225822449,741.4308929443359,319.21756982803345,691.8297576904297,317.6695919036865,478,0.6084686517715454,0.5127695202827454,0,-11.531846046447754,0.7406557375765197,0.6667019386230965,0.43517436400363774,0.30662762558004786,-0.026526835325913798,0.5110856607443848,49.62528442467425,-0.28134462237358093,0.92,7.60899543762207,-0.6622884273529053,-37.40293884277344,1.249511957168579
0.9997212290763855,-0.004114458803087473,0.023250911384820938,-0.0005818289937451482,0.9801096320152283,0.19845619797706604,-0.0236049797385931,-0.1984143853187561,0.9798339009284973,1.0000003576278687,0.057972654700279236,0.05851982906460762,0.6330132484436035,0.625404953956604,0.3323077857494354,0.01547826174646616,0.006412543822079897,0.335411936044693,0.006296996027231216,0.004946805536746979,0.08055241405963898,0.08325585722923279,1,0.08695548017965397,1,0.563766119761119,0.3768158445809192,-0.031221105975258016,0.5105261480826743,48.02460616411882,0.492169177532196,0.429228612780571,0.6000529289245605,0.4398920625448227,802.9331970214844,320.09649753570557,850.8673095703125,317.14969396591187,740.5892944335938,318.6994528770447,690.6367492675781,316.53345108032227,478,0.6078837513923645,0.5106634497642517,1,-11.447484016418457,0.6513226558613427,0.5304975279038102,0.435672628374207,0.3311542643086108,-0.025064077115990718,0.5138172321694926,49.99948332179278,-0.03334563598036766,0.92,7.560685634613037,-0.5959302186965942,-37.38722610473633,1.3525912761688232
0.9998722076416016,-0.004298255778849125,0.015398948453366756,0.0014060443500056863,0.9830912351608276,0.18311116099357605,-0.015925586223602295,-0.18306609988212585,0.9829716086387634,1.0000001192092896,0.0683637261390686,0.05840214341878891,0.637485921382904,0.6280901432037354,0.3154078722000122,0.01658942736685276,0.00697654765099287,0.31985169649124146,0.005985851865261793,0.004928238689899445,0.082425557076931,0.07893311232328415,1,0.08702863090591004,1,0.5617332214003372,0.37201365472814696,-0.03024668955274839,0.511783994246619,48.08618448088226,0.4926529824733734,0.428971192240715,0.6000040471553802,0.4396266549825668,802.7766418457031,319.8185348510742,850.7892608642578,317.15967178344727,740.3074645996094,318.32409381866455,690.4447937011719,316.51684284210205,478,0.6073510646820068,0.5106554627418518,1,-10.549755096435547,0.6812836367176742,0.611382184495491,0.43830816741611045,0.3326779852511988,-0.026988943432067397,0.509029305587853,49.8954116659835,0.08057064563035965,0.92,7.56747579574585,-0.5408690571784973,-37.381507873535156,0.9125073552131653
0.9998694062232971,-0.0033845568541437387,0.015803063288331032,0.0004124677798245102,0.9828510284423828,0.18440108001232147,-0.01615617610514164,-0.1843704730272293,0.9827240109443665,0.9999999403953552,0.06618307530879974,0.05815878137946129,0.6360800266265869,0.6266785860061646,0.3055416941642761,0.017152966931462288,0.00748816505074501,0.3096482753753662,0.006113520357757807,0.004911317024379969,0.0819820836186409,0.07722263038158417,1,0.0869872961106276,1,0.5582794966706014,0.37336778997781833,-0.030809779944108252,0.5120874466205669,47.909641028157026,0.49273653030395503,0.42897569537162783,0.6000959992408752,0.43965529799461367,802.7753448486328,319.81377124786377,850.6158447265625,317.2407817840576,740.37841796875,318.3535122871399,690.6351470947266,316.5810227394104,478,0.6073594689369202,0.5106796026229858,1,-10.625834465026855,0.6609161901149996,0.5785808118229957,0.4383979762430191,0.33399948559267706,-0.02736317177740826,0.5099845460781908,49.77484019605516,0.0236357469111681,0.92,7.566969871520996,-0.5487625598907471,-37.389835357666016,0.9257208704948425
0.9997749328613281,-0.004493567161262035,0.020733416080474854,0.00047970633022487164,0.9818487167358398,0.18966498970985413,-0.0212093498557806,-0.18961235880851746,0.9816299676895142,1.0000001192092896,0.06984635442495346,0.05967032536864281,0.637273907661438,0.6303941011428833,0.31592217087745667,0.014348308555781841,0.00778829213231802,0.3229229748249054,0.0059900409542024136,0.004949098452925682,0.08942628651857376,0.08709355443716049,1,0.08752220843475904,1,0.5550173762299584,0.3685218562723033,-0.029627334300436115,0.5163673563137401,47.7995380268996,0.4923056244850159,0.4289937049150467,0.6000782132148743,0.43951213657855986,802.98828125,319.7856402397156,850.7098388671875,317.05639600753784,740.4325866699219,318.30739974975586,690.6010437011719,316.263062953949,478,0.6077725887298584,0.5105184316635132,1,-10.93265151977539,0.6858300223389734,0.6851951241349605,0.4308028746720625,0.3280875371168733,-0.026095425552772552,0.5155169140060399,49.87345975246568,0.027491331100463867,0.92,7.574604511260986,-0.5504058599472046,-37.44178771972656,1.2152973413467407
0.9997580051422119,-0.0010588071309030056,0.021972117945551872,-0.002834049519151449,0.9843170642852783,0.17638561129570007,-0.021814294159412384,-0.1764051914215088,0.9840759038925171,1.0000003576278687,0.0712403729557991,0.06842545419931412,0.6326252222061157,0.6168019771575928,0.3232589662075043,0.013929938897490501,0.00739358039572835,0.33036085963249207,0.006359425839036703,0.005172639153897762,0.09319673478603363,0.10146230459213257,1,0.08734450333405717,1,0.555990329880433,0.36866303612143275,-0.03091610260627092,0.5133675654389308,47.74505379880579,0.4922368109226227,0.42796742618083955,0.6001578152179718,0.4390665262937546,803.0452728271484,319.77160692214966,850.7123565673828,317.0441007614136,740.5512237548828,318.068790435791,690.8811950683594,315.6516480445862,478,0.6079210042953491,0.511099100112915,1,-10.162885665893555,0.6940486280741205,0.6185291927876438,0.43062415150831634,0.3227377325942852,-0.028552692498687218,0.5118224056937593,49.728807819601684,-0.1624179482460022,0.92,7.540370464324951,-0.5017232298851013,-37.332035064697266,1.249966025352478
0.999660074710846,-0.0018650583224371076,0.026005011051893234,-0.003284728154540062,0.9804806709289551,0.19658803939819336,-0.025864053517580032,-0.1966065615415573,0.980141282081604,0.9999998211860657,0.07794653624296188,0.07102514058351517,0.6284609436988831,0.6200234889984131,0.3345877528190613,0.013574568554759026,0.00687006302177906,0.34376880526542664,0.006185461301356554,0.00527539337053895,0.09560514241456985,0.11086758226156235,1,0.0873745422275613,1,0.5614381686085117,0.3639714042975008,-0.03223384274144264,0.5103618970177322,47.62058300363407,0.492201030254364,0.4281141430139542,0.6001458168029785,0.4393269091844559,803.3766174316406,320.037317276001,850.9065246582031,317.09999799728394,740.6067657470703,318.3776521682739,690.9272003173828,315.8767604827881,478,0.6079447865486145,0.5112127661705017,1,-11.34243392944336,0.6835977255850038,0.6228815959216707,0.42876272819711814,0.31909956618218094,-0.028946642517593546,0.5130721680802329,49.74247360761845,-0.18826435506343842,0.92,7.541873455047607,-0.5860676765441895,-37.34492492675781,1.4820663928985596
0.9996496438980103,-0.0026650794316083193,0.026336027309298515,-0.002397203352302313,0.9817158579826355,0.19033733010292053,-0.026361757889389992,-0.1903337687253952,0.981365442276001,1.000000238418579,0.08236536383628845,0.07358106225728989,0.6329305171966553,0.6247571110725403,0.34486278891563416,0.013003764674067497,0.006719713099300861,0.35373127460479736,0.006358263082802296,0.005189523566514254,0.10132842510938644,0.11447977274656296,1,0.08722590130429102,1,0.5608419722219514,0.3618694087404733,-0.03027583352153644,0.5118306354357226,47.7779211860264,0.4919681489467621,0.4277303457260132,0.6000831663608551,0.4391678810119629,803.0805969238281,319.6517872810364,850.7868957519531,317.03667640686035,740.8235168457031,318.0353593826294,691.0303497314453,315.861611366272,478,0.608115017414093,0.5114375352859497,1,-10.97612476348877,0.6343470416799339,0.6338000241140711,0.4262747518569132,0.31824746822734556,-0.026962522980959813,0.5149549791047575,49.84059261091008,-0.13739749789237976,0.92,7.527198314666748,-0.5706468224525452,-37.27676010131836,1.5105924606323242
0.999668538570404,-0.006694214418530464,0.02486303448677063,0.001861166674643755,0.9818729758262634,0.18953093886375427,-0.02568114921450615,-0.18942183256149292,0.9815598726272583,0.9999993443489075,0.09040561318397522,0.07017821818590164,0.6255015134811401,0.620726466178894,0.3404225707054138,0.01255909912288189,0.007149870507419109,0.34761908650398254,0.0063768778927624226,0.0055298153311014175,0.09912442415952682,0.11834108084440231,1,0.08758083469493448,1,0.5553393757030174,0.35685229747946934,-0.03177810942893279,0.5096304445612635,47.889500973291035,0.4919713616371155,0.428315007686615,0.6001725673675538,0.43902196884155276,803.1206512451172,319.64962005615234,850.9352111816406,316.97153091430664,740.8406066894531,318.0353593826294,690.9974670410156,315.89062213897705,478,0.6082012057304382,0.5107069611549377,1,-10.922691345214844,0.7243839628378196,0.6299895817547171,0.42422862165269043,0.31746311046065967,-0.028982606714957563,0.5098922898727528,49.88926205064302,0.10667221993207932,0.92,7.542916297912598,-0.5490989089012146,-37.273834228515625,1.4715831279754639
0.9996506571769714,-0.006571286357939243,0.025604864582419395,0.00158473860938102,0.9817650318145752,0.19009174406528473,-0.026387060061097145,-0.1899847537279129,0.9814323782920837,0.9999997019767761,0.08109031617641449,0.060027871280908585,0.6349462270736694,0.6250964403152466,0.3477075695991516,0.011088033206760883,0.007530651520937681,0.3509221076965332,0.006144567858427763,0.004959545563906431,0.09822514653205872,0.09884905815124512,1,0.08775664072991148,1,0.5509043812598005,0.3598006471831299,-0.03058639328257017,0.5118270777436507,48.26303020685034,0.4917335987091065,0.4285471081733704,0.599867331981659,0.43929233551025393,802.4591827392578,319.6809482574463,850.6462860107422,316.97481393814087,740.7082366943359,318.2399582862854,690.3382110595703,316.08625173568726,478,0.6081337332725525,0.5107452273368835,1,-10.955756187438965,0.6332208732651936,0.6227937269008027,0.4229087203404026,0.32216664108870385,-0.025981512243191365,0.517901634821966,50.41604838197721,0.0908304825425148,0.92,7.534287452697754,-0.5540788173675537,-37.326438903808594,1.51204252243042
0.9997392892837524,-0.004763799253851175,0.022332703694701195,0.0005202846368774772,0.9824955463409424,0.18628565967082977,-0.02282920852303505,-0.18622547388076782,0.9822418093681335,1.0000001192092896,0.07977800816297531,0.06796832382678986,0.6189142465591431,0.6064162254333496,0.3340323269367218,0.012464488856494427,0.007243879605084658,0.34691041707992554,0.006371776573359966,0.005532165057957172,0.09166330099105835,0.1037636250257492,1,0.08736692313118742,1,0.5551884486834574,0.36391863043468603,-0.034153223432227466,0.505431557111148,47.97528284313789,0.4917856097221375,0.4282384544610977,0.5997776627540589,0.43893254101276397,802.4411773681641,319.67899560928345,850.3401947021484,316.9749426841736,740.380859375,318.1760573387146,690.3694152832031,316.034152507782,478,0.6079920530319214,0.5106940865516663,1,-10.735418319702148,0.7200973530869569,0.592349848337542,0.42782362176620076,0.3202666006360704,-0.032746505836592464,0.5040714099551877,50.05729014391222,0.029817882925271988,0.92,7.535702705383301,-0.5439074635505676,-37.350929260253906,1.3081308603286743
0.9997264742851257,-0.0028730768244713545,0.023211775347590446,-0.002068332629278302,0.9776784777641296,0.21009647846221924,-0.023297276347875595,-0.21008703112602234,0.9774050116539001,0.9999997615814209,0.0680048018693924,0.06195494160056114,0.6192144751548767,0.6065151691436768,0.3216046988964081,0.014516153372824192,0.007058616261929274,0.3310660123825073,0.006402003578841686,0.0053732614032924175,0.09199649840593338,0.09803555905818939,1,0.08742468931602092,1,0.5562050449575885,0.368055332901779,-0.03408070987928765,0.510771622905252,48.2149751024397,0.49175705909729006,0.42833982706069945,0.5997465491294861,0.43903719186782836,802.3836517333984,319.68515396118164,850.5225372314453,316.97747468948364,740.2651977539062,318.25671672821045,689.6347045898438,316.0416626930237,478,0.607989490032196,0.5106973648071289,1,-12.1307954788208,0.7213800067666534,0.5956968461839466,0.43565774274418195,0.32203355601584116,-0.030656884495302187,0.5100804073314036,50.678923651912086,-0.1185389831662178,0.92,7.544190883636475,-0.62076735496521,-37.384647369384766,1.3349562883377075
0.9997388124465942,-0.002486306941136718,0.022716499865055084,-0.0025892953854054213,0.975337564945221,0.22070352733135223,-0.022704992443323135,-0.22070471942424774,0.9750763773918152,1.0000001192092896,0.06281048059463501,0.050080057233572006,0.6351981163024902,0.6172224283218384,0.33262884616851807,0.015211797319352627,0.006282684858888388,0.3385707139968872,0.006070434581488371,0.004615224432200193,0.09614133834838867,0.07056578993797302,1,0.08693863664635987,1,0.5651181346375497,0.37231288706945487,-0.0327126369125482,0.5116992114674174,48.04331543460011,0.49163990616798403,0.42889331579208373,0.5996128857135773,0.4395222544670105,802.4027252197266,319.70961570739746,850.3682708740234,316.9771099090576,740.1679992675781,318.5256028175354,689.7166442871094,316.3628625869751,478,0.6079729795455933,0.5106289386749268,1,-12.753769874572754,0.6139549197108742,0.6451135436289716,0.43851622522131994,0.33655447142442996,-0.02524897885400405,0.5168843983556349,50.497689697362866,-0.1483941227197647,0.92,7.54994535446167,-0.671697735786438,-37.41512680053711,1.3010120391845703
0.9997707605361938,-0.0038878798950463533,0.021057607606053352,-0.0006359784747473896,0.9775545001029968,0.21068155765533447,-0.021404055878520012,-0.2106466442346573,0.9773279428482056,0.9999997019767761,0.0670747458934784,0.05949157103896141,0.6419562101364136,0.6227880716323853,0.3263430893421173,0.01656532846391201,0.006222536787390709,0.3281015455722809,0.0060522593557834625,0.004295747261494398,0.09866401553153992,0.07651808857917786,1,0.08673247539096615,1,0.565360328386988,0.3670198468963201,-0.032204939715253914,0.5064641433657568,48.10314223439038,0.4917559027671814,0.4289995193481445,0.5997305512428284,0.4397112488746643,802.4052429199219,319.68517541885376,850.4328918457031,316.99125051498413,740.2325439453125,318.564248085022,689.83642578125,316.56394243240356,478,0.607974648475647,0.5107117295265198,1,-12.163078308105469,0.6242632505397422,0.6906223342428174,0.44240604177455994,0.3283132080548962,-0.0228390801641076,0.5140965828980353,50.43580026936143,-0.036447230726480484,0.92,7.56186580657959,-0.636128842830658,-37.42695236206055,1.2264556884765625
0.9997237920761108,-0.0019036942394450307,0.023424610495567322,-0.003111613681539893,0.9772177338600159,0.212216317653656,-0.02329493686556816,-0.2122305929660797,0.9769418835639954,1.000000238418579,0.06309539079666138,0.0473785437643528,0.6259320974349976,0.609981894493103,0.356915146112442,0.013737079687416553,0.005644981283694506,0.3606906533241272,0.006455361843109131,0.004839202854782343,0.09463170170783997,0.06613096594810486,1,0.08674146760783723,1,0.5673583944912959,0.3728664614651651,-0.033106003416464705,0.5073211447295897,47.93233910219859,0.49163560867309575,0.428856098651886,0.5997434735298157,0.4395438671112061,802.5827789306641,319.716374874115,850.4450988769531,317.1264982223511,740.6781005859375,318.52667570114136,690.2633666992188,316.32132053375244,478,0.60810786485672,0.5106877684593201,1,-12.25648021697998,0.5995842243040664,0.6330261507195789,0.4336201609519167,0.3381208470722452,-0.02516886894433948,0.5198409409246421,50.46294664785165,-0.17833100259304047,0.92,7.557621479034424,-0.6467169523239136,-37.40175247192383,1.334822177886963
0.999667763710022,-0.00015957125287968665,0.02577369287610054,-0.005242241080850363,0.9778200387954712,0.2093813717365265,-0.02523544244468212,-0.20944692194461823,0.9774942994117737,0.9999997615814209,0.06534434109926224,0.049617890268564224,0.6238068342208862,0.6123562455177307,0.3868536055088043,0.011493567377328873,0.0051130070351064205,0.39346858859062195,0.006486474070698023,0.005218348931521177,0.09606680274009705,0.08074112981557846,1,0.08679617264978796,1,0.5687317375209626,0.3708592720412759,-0.031939677781053596,0.5087575624232563,47.87668550553976,0.491606992483139,0.42872756719589233,0.59971324801445,0.43903571367263794,802.6528167724609,319.5461082458496,850.4666137695312,317.092981338501,740.9352111816406,318.0800986289978,690.7499694824219,315.5712676048279,478,0.608106255531311,0.5103081464767456,1,-12.093852043151855,0.5849298068375491,0.6231377762160407,0.424287970291334,0.33257109683826114,-0.02583235144597751,0.5193409393622954,50.247912569750966,-0.30045533180236816,0.92,7.556882858276367,-0.6133832931518555,-37.400428771972656,1.446037769317627
0.9996203184127808,-0.0009064784389920533,0.02754080481827259,-0.0048802560195326805,0.9778354167938232,0.209318146109581,-0.027120113372802734,-0.20937305688858032,0.9774596691131592,0.9999998211860657,0.0670899972319603,0.054539430886507034,0.6486234664916992,0.6352733373641968,0.3831547200679779,0.012268339283764362,0.005153391044586897,0.3867454528808594,0.005910192616283894,0.0044214981608092785,0.09801685810089111,0.08261998742818832,1,0.08671190666612535,1,0.570549653464735,0.3687475657130142,-0.028074639568643776,0.518576488189512,47.847178073404116,0.4915366649627686,0.42946853339672086,0.5997528314590455,0.439726909995079,802.7437591552734,319.72463607788086,850.5278015136719,317.2674536705017,740.8705139160156,318.3498430252075,690.7427978515625,316.0689353942871,478,0.6082161664962769,0.5102583765983582,1,-12.090127944946289,0.5945498769727373,0.6973245358457705,0.42733591127779347,0.32821666286056883,-0.021232613831226946,0.5324700993974973,50.17958207836711,-0.27972203493118286,0.92,7.551302433013916,-0.6209427118301392,-37.399559020996094,1.5540584325790405
0.999714195728302,0.005355793982744217,0.023299364373087883,-0.010094772092998028,0.978006899356842,0.2083280235528946,-0.02167114056646824,-0.20850367844104767,0.9777814745903015,0.9999998211860657,0.07795829325914383,0.07502183318138123,0.6332979202270508,0.6258302927017212,0.22032533586025238,0.031326405704021454,0.01154031790792942,0.19921459257602692,0.0066196611151099205,0.004803183954209089,0.1015811562538147,0.09283287823200226,1,0.08631503376291791,1,0.553484241010662,0.3632910458675984,-0.031259138095221455,0.5111389394924551,47.41108466480461,0.49357316493988035,0.42865065336227415,0.6020793080329895,0.4391706347465515,804.8573303222656,319.61331367492676,852.2183990478516,317.4361324310303,742.1891784667969,318.0188584327698,692.7154541015625,315.66407203674316,478,0.6085061430931091,0.5105199813842773,1,-12.03754711151123,0.6175960843071961,0.6556003475777621,0.45855586144465094,0.3257288160808205,-0.02821832703341814,0.4996913720048146,49.5297327030659,-0.5785334706306458,0.7,7.6164140701293945,-0.6123100519180298,-37.36809539794922,1.2417620420455933
0.9997217059135437,0.0070561631582677364,0.02251243218779564,-0.011490543372929096,0.9790269732475281,0.20340631902217865,-0.020605014637112617,-0.20360837876796722,0.9788355827331543,1.0000001192092896,0.08129861205816269,0.07495217025279999,0.6278383135795593,0.6126262545585632,0.2144404947757721,0.030701851472258568,0.012017684988677502,0.20034731924533844,0.006884438917040825,0.005134625360369682,0.10086040943861008,0.08854278922080994,1,0.08649599851935827,1,0.5502295562087725,0.36469943042939934,-0.034555455122925884,0.505170571194026,47.512856415308185,0.49354360103607176,0.42851208448410033,0.602169132232666,0.4395660042762756,804.9040222167969,320.1857614517212,852.3617553710938,317.8977298736572,742.1855163574219,318.6465811729431,692.7078247070312,315.86392879486084,478,0.6086255311965942,0.5110539197921753,1,-11.750576972961426,0.6328508221961733,0.6529138035353834,0.45829921905896065,0.32767333242128305,-0.03203869294050609,0.4974783172625624,49.555878817830404,-0.6585138440132141,0.7,7.613226890563965,-0.6246258020401001,-37.341976165771484,1.180663824081421
0.9997653365135193,0.00424996018409729,0.021238502115011215,-0.008349972777068615,0.9803921580314636,0.19687965512275696,-0.019985340535640717,-0.1970108151435852,0.9801976084709167,0.9999999403953552,0.0816732868552208,0.07616224884986877,0.6409012079238892,0.6249421238899231,0.21965241432189941,0.03219624608755112,0.011303242295980453,0.19158226251602173,0.006208480801433325,0.0046031116507947445,0.11271777749061584,0.10137346386909485,1,0.08635862440875725,1,0.5544533859673375,0.3580075201018366,-0.028435429562024953,0.5090788298691583,47.7510363234842,0.4933423221111297,0.4283624619245529,0.6019638001918792,0.4394066661596298,804.6766662597656,319.9906253814697,852.3355102539062,317.02481031417847,742.0680999755859,318.49920988082886,692.2185516357422,315.59152364730835,478,0.6086214780807495,0.5110442042350769,1,-11.364513397216797,0.6395605483121348,0.6557880229004394,0.4614286524981004,0.3207573289991413,-0.027919449497445046,0.5046360720036832,49.93427789623969,-0.47851935029029846,0.7,7.591381549835205,-0.5889774560928345,-37.27704620361328,1.1451518535614014
0.9997672438621521,0.0038836526218801737,0.02122334949672222,-0.007911251857876778,0.9811400175094604,0.19313646852970123,-0.02007300779223442,-0.19325941801071167,0.9809423685073853,1.0000001192092896,0.08663786202669144,0.07955418527126312,0.6397190093994141,0.623114824295044,0.2193431258201599,0.034476038068532944,0.011526857502758503,0.1773240566253662,0.006164815742522478,0.004527979996055365,0.11278977990150452,0.10634949803352356,1,0.08619524675181561,1,0.5543549405909926,0.3563078442076759,-0.02947012642193006,0.5065933875468268,47.774255220690854,0.4932567536830902,0.4274940550327301,0.6020529329776764,0.4392660915851593,804.6659851074219,319.83426332473755,852.3603820800781,317.07311153411865,742.0387268066406,318.2173418998718,692.2149658203125,315.64679861068726,478,0.6087961792945862,0.5117720365524292,1,-11.14533519744873,0.6072111008300731,0.6647947571538609,0.46637530308649683,0.3187890256409119,-0.027887655150531373,0.5033640323350916,49.890027577904824,-0.453377366065979,0.7,7.587369918823242,-0.5799423456192017,-37.25416564941406,1.1501758098602295
0.9997144937515259,0.003235932206735015,0.02367267943918705,-0.007816349156200886,0.9805622696876526,0.19605235755443573,-0.02257811464369297,-0.19618143141269684,0.9803076386451721,1.0000001192092896,0.07999885827302933,0.07052220404148102,0.6335233449935913,0.6216927766799927,0.20801076292991638,0.03465818241238594,0.012644601985812187,0.1749914139509201,0.006452114321291447,0.004737780429422855,0.11292124539613724,0.09155568480491638,1,0.08634941842344065,1,0.553113739583343,0.3630008988755197,-0.030606854310364768,0.510719183106325,47.09903047497033,0.4933030605316162,0.42812016010284426,0.6020991206169128,0.43934043645858767,805.0679016113281,319.87844467163086,852.0844268798828,317.0918655395508,741.8825531005859,318.54944229125977,692.2263336181641,315.7450532913208,478,0.6087960600852966,0.5112202763557434,1,-11.316670417785645,0.5751049224762633,0.6501017324949517,0.46657038226532677,0.3253286524321487,-0.02992028290211166,0.5080251436460539,49.735346897844224,-0.44796258211135864,0.7,7.592152118682861,-0.5896570086479187,-37.3088493347168,1.2937405109405518
0.9997321963310242,0.003922424279153347,0.022809982299804688,-0.008311434648931026,0.9806389808654785,0.1956479549407959,-0.02160094492137432,-0.19578513503074646,0.9804089069366455,0.9999997019767761,0.08153514564037323,0.06918798387050629,0.623619556427002,0.6225646138191223,0.20403799414634705,0.034566137939691544,0.013010608032345772,0.1722770482301712,0.006273804232478142,0.005225668661296368,0.10287453979253769,0.10328701138496399,1,0.08627924787639674,1,0.5499526813432961,0.3619289022245079,-0.03042154422615071,0.5107763595600726,47.29504076571124,0.49335787296295164,0.4281983733177185,0.602122163772583,0.43894765377044676,804.8107147216797,319.8645830154419,852.0245361328125,317.0940327644348,741.9098663330078,318.0989599227905,692.3551940917969,315.3244614601135,478,0.6087642908096313,0.5107492804527283,1,-11.293261528015137,0.582941227716791,0.6533661006828694,0.46642857743314287,0.3239106352119457,-0.03236303474871714,0.5032546010229839,49.63228165974745,-0.47632670402526855,0.7,7.5979533195495605,-0.5734944939613342,-37.32898712158203,1.2377392053604126
0.9997511506080627,2.346156361454632e-05,0.022307071834802628,-0.0041226898320019245,0.9829670190811157,0.18373559415340424,-0.021922806277871132,-0.18378187716007233,0.9827225804328918,0.9999998211860657,0.0893402248620987,0.07456284016370773,0.6187574863433838,0.6190954446792603,0.21987883746623993,0.02899019978940487,0.011212621815502644,0.20846587419509888,0.006391590461134911,0.005361531395465136,0.10098714381456375,0.10922105610370636,1,0.0867760469256755,1,0.5521162921796986,0.36031506587586576,-0.03284086596246494,0.5063794713460312,47.128422832906104,0.4930574476718903,0.4282451570034027,0.6018645942211152,0.4388881027698517,804.9795532226562,319.8445415496826,852.0246124267578,317.0426416397095,741.5032958984375,318.17575693130493,692.3329162597656,315.45809984207153,478,0.6088071465492249,0.510642945766449,1,-10.592695236206055,0.6842860288886692,0.636515021154112,0.4571663679560008,0.32170949029023105,-0.03337021253673878,0.4994005462220092,49.24542510695048,-0.23627018928527832,0.7,7.6087565422058105,-0.5194317102432251,-37.35308837890625,1.2561848163604736
0.9997797012329102,-0.0005546114407479763,0.02098136954009533,-0.0033315231557935476,0.9827840328216553,0.18472829461097717,-0.020722610875964165,-0.18475750088691711,0.9825656414031982,0.9999997019767761,0.09316637367010117,0.09889834374189377,0.6282420754432678,0.623579740524292,0.1954314112663269,0.03158973902463913,0.01378328911960125,0.1844332367181778,0.0065452023409307,0.004905098583549261,0.10841502994298935,0.10007698833942413,1,0.08680554777629543,1,0.5474744844774135,0.35908903183152663,-0.03347603304066585,0.5050543759552762,47.109585304047116,0.4934963583946228,0.4288219720125198,0.6018807888031006,0.4393983393907547,804.8200988769531,319.9053740501404,851.8434143066406,317.0556664466858,741.4854431152344,318.6757206916809,692.3331451416016,316.5169072151184,478,0.6083844304084778,0.5105763673782349,1,-10.649307250976562,0.5757008128881367,0.6474868166882762,0.4575867119732034,0.31643877873582316,-0.03488897321005759,0.49334472836398663,49.19968365562705,-0.1909235566854477,0.7,7.586069107055664,-0.5494588613510132,-37.31425094604492,1.1874030828475952
0.9996759295463562,0.0038655877579003572,0.025161975994706154,-0.008354649879038334,0.9834774136543274,0.18083761632442474,-0.024047192186117172,-0.18098923563957214,0.9831910133361816,0.9999995231628418,0.5848556160926819,0.4306566119194031,0.7952358722686768,0.7906440496444702,0.13301657140254974,0.05983433872461319,0.03110682964324951,0.08779964596033096,0.003048856742680073,0.0021744680125266314,0.20498158037662506,0.1655457317829132,1,0.08647981773448142,1,0.5326110912442359,0.17259748742543093,-0.0012049797672483327,0.4186579985366955,47.03950732242154,0.4944130480289459,0.4323610454797745,0.6027595698833466,0.44296745359897616,804.9473571777344,319.87584829330444,851.9685363769531,321.18884325027466,741.5078735351562,318.4047746658325,692.2312927246094,318.35851192474365,478,0.6083465218544006,0.5106064081192017,1,-10.430435180664062,0.5151740163547515,0.6935337465977379,0.4877368360648817,0.1875433157976039,-0.014030564090452138,0.3546330895763755,49.276602528158556,-0.47883015871047974,0.7,7.578159332275391,-0.5649918913841248,-37.39514923095703,1.3779354095458984
0.9997274279594421,0.0035601009149104357,0.023072481155395508,-0.007397662848234177,0.9856827259063721,0.16844823956489563,-0.022142454981803894,-0.16857300698757172,0.9854404926300049,0.9999999403953552,0.6080093383789062,0.4600791037082672,0.8285834193229675,0.8219541311264038,0.12225078791379929,0.06185222417116165,0.03636908903717995,0.08197000622749329,0.0026509359013289213,0.0016798481810837984,0.2543632686138153,0.1908225566148758,1,0.08692916969476538,1,0.5333362736664492,0.14707635761157092,0.007851103124404873,0.432529838521398,47.520580320994284,0.49453678727149963,0.4333809494972229,0.6029758751392365,0.4444825530052185,805.3481292724609,320.27461767196655,852.847900390625,321.6807818412781,741.6307067871094,318.99438858032227,691.7911529541016,319.09279346466064,478,0.6084390878677368,0.5111016035079956,1,-9.707262992858887,0.5097028205529447,0.6614611374321174,0.490912519730062,0.16520689266886163,-0.000806252203342827,0.3926035928660893,49.839650980862864,-0.42396265268325806,0.7,7.589447975158691,-0.5361686944961548,-37.38963317871094,1.268772840499878
0.9996918439865112,-0.00010972097516059875,0.024821335449814796,-0.00425148056820035,0.9844555854797363,0.17558230459690094,-0.024454763159155846,-0.1756337434053421,0.9841518402099609,1.0000001192092896,0.39132437109947205,0.28402864933013916,0.7839683294296265,0.7763472199440002,0.1539924442768097,0.04454847797751427,0.0238376185297966,0.12441828846931458,0.0035574426874518394,0.002250698860734701,0.2052280157804489,0.18996930122375488,1,0.08645732897641176,1,0.5294359361037443,0.23848873040550875,-0.003671534459518151,0.5411463561982593,45.99270509059559,0.4935096681118012,0.43251574635505674,0.6022095859050751,0.4436155021190643,804.5774841308594,320.35364627838135,850.5664825439453,320.9375524520874,741.3541412353516,319.09000396728516,691.8325805664062,318.5534977912903,478,0.6086999177932739,0.5110997557640076,1,-10.118597030639648,0.554880430284454,0.6598625623743285,0.47930778547643843,0.23234221902759564,-0.005203118959919105,0.5081650806103559,49.524466782227556,-0.24366548657417297,0.7,7.6092753410339355,-0.5447365045547485,-37.517391204833984,1.4012943506240845
0.9998165369033813,0.0034617972560226917,0.018840447068214417,-0.007257713936269283,0.9786666631698608,0.20532619953155518,-0.017727719619870186,-0.20542527735233307,0.9785122871398926,1.0000003576278687,0.21134008467197418,0.1623406857252121,0.7339619398117065,0.7265578508377075,0.18778783082962036,0.04315639287233353,0.017263609915971756,0.13738112151622772,0.004254384897649288,0.0028883356135338545,0.17978370189666748,0.17363804578781128,1,0.08574981289581443,1,0.546487185465852,0.30592795905798703,-0.013108257097133135,0.5684669974547828,46.00505659707598,0.49377001523971553,0.431294259428978,0.6017089009284973,0.44239449203014375,804.2595672607422,320.39737701416016,850.2613830566406,319.85132217407227,740.7070922851562,319.08865213394165,691.8515777587891,317.7167344093323,478,0.6079388856887817,0.5111002326011658,1,-11.856285095214844,0.6085510854279642,0.7453159600962513,0.4809999953672972,0.28013224594586733,-0.014810585806806149,0.5326297016109048,48.87477322685929,-0.4159053564071655,0.7,7.606891632080078,-0.645719051361084,-37.503231048583984,1.0157767534255981
0.9998176097869873,0.0010759211145341396,0.019065264612436295,-0.004905886482447386,0.9793723225593567,0.2020043283700943,-0.018454650416970253,-0.20206104218959808,0.9791990518569946,0.9999998211860657,0.1491837054491043,0.10898446291685104,0.7036592364311218,0.6896003484725952,0.23652411997318268,0.02245577797293663,0.012894852086901665,0.23362112045288086,0.005044239107519388,0.0036260432098060846,0.13928385078907013,0.12795956432819366,1,0.08718747457279233,1,0.5389855634188648,0.3315942729691993,-0.020445321061225236,0.5399803709649307,46.29483301137687,0.49305292367935183,0.43064374923706056,0.6009946703910828,0.4413826584815979,803.8081359863281,320.0852108001709,850.0852966308594,318.80616188049316,740.6890106201172,318.9092445373535,691.4952087402344,317.37982749938965,478,0.607941746711731,0.5107389092445374,1,-11.65952205657959,0.6727337864367182,0.7914110417101996,0.4472550264153508,0.3004472204371145,-0.01796283571634727,0.5370391352866163,49.217570642724844,-0.28113558888435364,0.7,7.606670379638672,-0.6126500368118286,-37.52927017211914,1.0574334859848022
0.9998775124549866,-0.00167691963724792,0.015559032559394836,-0.001196469645947218,0.9831401109695435,0.1828501671552658,-0.015603333711624146,-0.18284636735916138,0.98301762342453,0.9999998211860657,0.12793441116809845,0.13159219920635223,0.6695957183837891,0.6378767490386963,0.20806832611560822,0.026209356263279915,0.014214558526873589,0.20060719549655914,0.006526263430714607,0.00380617193877697,0.12848667800426483,0.1094011440873146,1,0.08689650371316132,1,0.5358589683396169,0.3431152463352601,-0.030608617878322905,0.49801460424442073,46.60249248823149,0.4932401180267334,0.4292858123779297,0.601188063621521,0.4399048566818237,803.5984802246094,318.9634037017822,850.1802062988281,317.57232427597046,740.9031677246094,318.47888946533203,691.549072265625,317.3264408111572,478,0.6079479455947876,0.510619044303894,1,-10.536893844604492,0.6338763965127991,0.7352200870223053,0.45331413550635424,0.30065891660616867,-0.023488699476708903,0.507777704602794,49.36754882079711,-0.06856102496385574,0.7,7.595255374908447,-0.5320587754249573,-37.436222076416016,0.8940414190292358
0.9997708797454834,0.001848322805017233,0.021320760250091553,-0.005843041464686394,0.9819863438606262,0.18886162340641022,-0.020587647333741188,-0.18894295394420624,0.9817721843719482,0.9999997019767761,0.13988523185253143,0.1159931868314743,0.6439130306243896,0.6213536262512207,0.24297896027565002,0.019989389926195145,0.011473172344267368,0.2485078126192093,0.006349812727421522,0.004899825435131788,0.12481158971786499,0.1263025552034378,1,0.08701118911009603,1,0.5417728148280817,0.3435573983727665,-0.030473947808371475,0.4982865905477785,46.27905285944643,0.4931217789649963,0.42831950187683104,0.6011526346206665,0.4389523148536682,804.0460968017578,318.99056911468506,850.3049468994141,317.6232647895813,740.938720703125,317.8446435928345,691.8910980224609,316.1124515533447,478,0.6080308556556702,0.5106328129768372,1,-10.893440246582031,0.6313072399649545,0.6642971912496631,0.4463293346654584,0.3039425562349344,-0.033303825849323086,0.4977762379709039,49.0782006596067,-0.33485451340675354,0.7,7.577567100524902,-0.5402848720550537,-37.40965270996094,1.1796685457229614
0.9997409582138062,0.0005091276834718883,0.022753145545721054,-0.0047426712699234486,0.9824619889259338,0.1864026039838791,-0.022259198129177094,-0.18646223843097687,0.9822099208831787,1.0,0.10783711075782776,0.08348976075649261,0.6548055410385132,0.6181255578994751,0.24086213111877441,0.024589411914348602,0.01084211003035307,0.2323148399591446,0.006889594718813896,0.00408331211656332,0.1431460827589035,0.08391841500997543,1,0.0867485170015975,1,0.5471322659965542,0.34656600255317754,-0.030541487251069796,0.49856716488932407,46.94596821902087,0.49294760823249817,0.4279018521308899,0.6012690365314484,0.43987576961517333,804.0268707275391,319.34807538986206,850.9278106689453,317.29240894317627,741.2251281738281,318.9776301383972,691.8499755859375,316.51278734207153,478,0.6083214282989502,0.5119739174842834,1,-10.749091148376465,0.6332138505326962,0.7682794520413794,0.45087258050421025,0.3215206520302495,-0.022310579132165474,0.5197910938142407,49.43663766061517,-0.2718034088611603,0.7,7.564944744110107,-0.5620495080947876,-37.331668853759766,1.275463342666626
0.9997137188911438,0.0010209304746240377,0.02390722744166851,-0.005489746108651161,0.9822270274162292,0.18761640787124634,-0.023290783166885376,-0.18769393861293793,0.9819514155387878,1.0000001192092896,0.08524490147829056,0.07701640576124191,0.6490358114242554,0.6334426999092102,0.13553869724273682,0.052784308791160583,0.026998301967978477,0.09240937232971191,0.006392668001353741,0.00425505917519331,0.11783034354448318,0.08390765637159348,1,0.08576628500795273,1,0.5223540625233172,0.3566341144943601,-0.02818465092690355,0.5184946778129244,46.965660793104846,0.49396756291389465,0.4294756978750229,0.6031667292118073,0.4394916623830795,804.6701049804688,319.4873571395874,851.5806579589844,317.2128653526306,742.7557373046875,318.34831953048706,693.5858154296875,316.12603425979614,478,0.6091991662979126,0.5100159645080566,1,-10.821205139160156,0.3072719387283446,0.6550060354470076,0.47986147222306624,0.32476405207125864,-0.025778631565703095,0.5068749744281005,49.22011549271673,-0.31462615728378296,0.5,7.645604610443115,-0.5374562740325928,-37.47438430786133,1.3345842361450195
0.999649703502655,0.0034667893778532743,0.026237066835165024,-0.008398137055337429,0.9816979169845581,0.19025960564613342,-0.025097284466028214,-0.19041329622268677,0.981383204460144,1.0000003576278687,0.10578421503305435,0.10872664302587509,0.6716865301132202,0.6577658653259277,0.12278667837381363,0.04952891543507576,0.03066314198076725,0.09593220055103302,0.0057540107518434525,0.003969061654061079,0.11363442242145538,0.0965564101934433,1,0.08638226995066277,1,0.51685961313974,0.3530026929221925,-0.023416388977439025,0.5169688161042172,46.723895350140204,0.49418749213218693,0.4296071946620941,0.6036323487758637,0.4390292584896088,805.4661560058594,318.75088691711426,852.1705627441406,317.4015212059021,742.9846954345703,317.18722343444824,694.0610504150391,316.0052490234375,478,0.6094448566436768,0.5094220638275146,1,-10.9804048538208,0.3525239768667831,0.6507795910776857,0.47731298640801406,0.31334275488575836,-0.024986022308624796,0.49546791637212184,48.937920936664895,-0.4813351035118103,0.5,7.640788555145264,-0.5339296460151672,-37.403289794921875,1.4381194114685059
0.9996200799942017,0.006329721305519342,0.02682510018348694,-0.011376993730664253,0.9812470078468323,0.19241869449615479,-0.025104084983468056,-0.19265078008174896,0.9809461832046509,1.0000001192092896,0.10834833234548569,0.10454276949167252,0.6602634191513062,0.6482223272323608,0.1203787699341774,0.0561407245695591,0.032225120812654495,0.08375069499015808,0.0060611264780163765,0.004270331934094429,0.1248825341463089,0.10984981805086136,1,0.0862789315173061,1,0.5216059089276063,0.3515643397150621,-0.024671656975734483,0.519969874598664,46.40921498325579,0.4946353912353516,0.4288601279258728,0.6040844202041626,0.43874675035476685,806.3568115234375,318.78227949142456,852.7428436279297,317.3155617713928,743.0874633789062,317.21593379974365,694.4953918457031,315.43526887893677,478,0.609449028968811,0.509886622428894,1,-11.111066818237305,0.36604351398016777,0.6540302154590878,0.4846162318862875,0.31478475197387107,-0.02660782664653095,0.5023289853539854,48.62468697632274,-0.6520732641220093,0.5,7.6380510330200195,-0.5531355142593384,-37.338226318359375,1.4385091066360474
0.9997034668922424,0.005251217167824507,0.02377738617360592,-0.009904063306748867,0.979738712310791,0.20003482699394226,-0.022245202213525772,-0.20021098852157593,0.9795002341270447,0.9999998211860657,0.09527803212404251,0.10085371136665344,0.651826798915863,0.6387218832969666,0.10846126824617386,0.059140101075172424,0.03750724717974663,0.07798337191343307,0.006594802252948284,0.0045545282773673534,0.12122303992509842,0.09423752874135971,1,0.0863879550194673,1,0.5182396501431473,0.3567252513034461,-0.027313243324596382,0.5190003925421185,46.4467010091362,0.4947166979312897,0.42949322164058684,0.6041367590427399,0.43902805745601653,806.3391876220703,319.0093660354614,852.7516174316406,317.22543954849243,743.0964660644531,318.03911447525024,694.4239807128906,316.0207200050354,478,0.6094200611114502,0.5095348358154297,1,-11.552194595336914,0.3101717835291817,0.638117371279299,0.4847668005050999,0.3215430142774276,-0.03168233210618124,0.49844457135176545,48.71431767594501,-0.5676107406616211,0.5,7.641726016998291,-0.5945459604263306,-37.314640045166016,1.2746613025665283
0.9995774030685425,0.0021940043661743402,0.028985219076275826,-0.007714943028986454,0.9814097881317139,0.1917690932750702,-0.028025630861520767,-0.19191166758537292,0.9810119867324829,0.9999992847442627,0.10085360705852509,0.11018206924200058,0.6435132026672363,0.6285810470581055,0.10835575312376022,0.05641806870698929,0.03685057535767555,0.08071138709783554,0.006569898221641779,0.004995786119252443,0.11232968419790268,0.1182820126414299,1,0.0862946316016717,1,0.515737323825386,0.35683154575843323,-0.028250495027017517,0.518047210596774,46.16888230762721,0.4944491684436798,0.4289575666189194,0.6039991080760956,0.43867306411266327,806.1252593994141,319.00445222854614,852.2597503662109,317.22275733947754,742.9591369628906,317.8002691268921,694.4126892089844,315.77054500579834,478,0.6095499396324158,0.5097154974937439,1,-11.068770408630371,0.3224187627636147,0.5965583360520818,0.483829639995463,0.312925597627537,-0.03620994666422665,0.48941211483528985,48.58886055082663,-0.44221174716949463,0.5,7.624156475067139,-0.5557559132575989,-37.329429626464844,1.605960488319397
0.9995680451393127,0.001691804500296712,0.02934127300977707,-0.007234586402773857,0.9817862510681152,0.1898510903120041,-0.02848566696047783,-0.1899813413619995,0.9813743829727173,0.9999997615814209,0.10177522152662277,0.11156301945447922,0.639693558216095,0.6260732412338257,0.11134175956249237,0.05701800435781479,0.036218348890542984,0.08180394023656845,0.006820313166826963,0.005143818911164999,0.113446444272995,0.1243462786078453,1,0.0863235026398743,1,0.5165726782618608,0.3552312303743082,-0.029139066893927243,0.5165938647155977,46.396898736043354,0.4944514036178589,0.42830989956855775,0.6040299534797668,0.43863866925239564,806.1158752441406,319.01050329208374,852.4778747558594,317.2112774848938,742.9678344726562,317.79853105545044,694.4110870361328,315.76494455337524,478,0.609578549861908,0.5103287696838379,1,-10.956195831298828,0.3233508196742624,0.6000436825837254,0.48421505313280316,0.3126745375077515,-0.03623082021515226,0.48960799916894326,48.599312708853674,-0.41468313336372375,0.5,7.623536586761475,-0.5565437078475952,-37.318119049072266,1.6323292255401611
0.9997052550315857,0.002515709726139903,0.024147184565663338,-0.006956051103770733,0.9825980067253113,0.18561454117298126,-0.023260019719600677,-0.18572783470153809,0.9823259115219116,0.9999999403953552,0.13106605410575867,0.11051928251981735,0.6371186971664429,0.629085123538971,0.12059378623962402,0.05436505004763603,0.03201813995838165,0.08747641742229462,0.006615802645683289,0.005126267671585083,0.1230774000287056,0.13066497445106506,1,0.0861909548155495,1,0.5194111338850669,0.34041083926608706,-0.02957542216853413,0.5029835104251783,46.6783048032084,0.4944990038871765,0.42857672870159147,0.6037865042686462,0.43878199756145475,805.7033538818359,319.18225049972534,852.3515319824219,317.5054621696472,742.9460144042969,317.7476119995117,694.2880249023438,315.75844287872314,478,0.6092875003814697,0.5102052688598633,1,-10.706499099731445,0.4088621633070774,0.5829728038537757,0.4810624544846896,0.30888720229847944,-0.035547055800261386,0.48781699806560946,48.69863176990372,-0.3986634314060211,0.5,7.631982803344727,-0.5394516587257385,-37.32622528076172,1.332821011543274
0.9996038675308228,0.0013493138831108809,0.028112642467021942,-0.00662051560357213,0.9820951223373413,0.18826907873153687,-0.0273552555590868,-0.18838061392307281,0.9817150831222534,1.0000001192092896,0.1342523843050003,0.11240401864051819,0.6372529864311218,0.6314758062362671,0.12533430755138397,0.046592943370342255,0.02980790100991726,0.10584645718336105,0.006554647348821163,0.005261436570435762,0.1167241781949997,0.1299838274717331,1,0.08675250004628857,1,0.5180611646293959,0.3415165775491687,-0.031129925494091052,0.5003971934304691,46.57647408884633,0.49420445561409,0.42875067591667176,0.603509658575058,0.4388446033000946,805.6988525390625,319.3650484085083,852.2388458251953,317.52196311950684,742.5959777832031,317.8469181060791,693.9241027832031,315.8151340484619,478,0.609305202960968,0.5100939273834229,1,-10.862406730651855,0.4238109241148314,0.5863339208990251,0.47355608835533736,0.30752181407891344,-0.0357082463705318,0.4859326954839132,48.7142644670926,-0.3794723451137543,0.5,7.625716686248779,-0.5422570109367371,-37.37310791015625,1.5675361156463623
0.9996035099029541,0.0006220871000550687,0.0281514935195446,-0.0059562502428889275,0.9818049073219299,0.18979886174201965,-0.027521206066012383,-0.1898912638425827,0.9814193248748779,1.000000238418579,0.23279689252376556,0.24850253760814667,0.6814407706260681,0.6722582578659058,0.1165102869272232,0.04853808879852295,0.032157160341739655,0.10204640030860901,0.005702286027371883,0.004011637531220913,0.1461271047592163,0.17100265622138977,1,0.08668339258646723,1,0.5207379593873906,0.30517089779816353,-0.02599982673874929,0.47500362544044816,46.37744308157022,0.4941766142845154,0.4296409785747528,0.6033148646354676,0.43979474902153015,805.6037902832031,319.36882495880127,851.9601440429688,317.9703640937805,742.2694396972656,317.8979444503784,693.7612152099609,316.6817235946655,478,0.6091382503509521,0.5101537704467773,1,-10.950636863708496,0.5600332042310131,0.5561686508240627,0.4751025389506098,0.26074503679637706,-0.026690504506334662,0.4555615797113354,48.523468921519445,-0.34139931201934814,0.5,7.616950035095215,-0.55448317527771,-37.40684509277344,1.5770480632781982
0.9995951056480408,-0.000925991393160075,0.028442315757274628,-0.004728886764496565,0.9801690578460693,0.19810651242733002,-0.028061702847480774,-0.198160782456398,0.9797677397727966,0.9999999403953552,0.5893788933753967,0.5829114317893982,0.8740764260292053,0.8607048988342285,0.09238725900650024,0.07842777669429779,0.056070320308208466,0.064232237637043,0.002213910687714815,0.001030467334203422,0.19196636974811554,0.17702896893024445,1,0.087225700395312,1,0.5099476866539181,0.1686177705821782,0.011269492288796425,0.42648356037021684,47.018730931516906,0.49419408440589907,0.43716036677360537,0.6030256092548371,0.4467377007007599,804.7811889648438,320.4736375808716,851.7620086669922,322.3613977432251,741.0530090332031,319.6032500267029,690.738525390625,321.75225734710693,478,0.608831524848938,0.5095773339271545,1,-11.433990478515625,0.3714178944962762,0.5938506454737815,0.5039073507197124,0.1277487090617181,0.019567697911912665,0.36973239955406734,50.36035640047767,-0.2710529863834381,0.5,7.585095405578613,-0.656201958656311,-37.493350982666016,1.6080281734466553
0.9996476769447327,-0.0018608467653393745,0.026476606726646423,-0.003417538246139884,0.9802113771438599,0.1979241967201233,-0.026320980861783028,-0.19794492423534393,0.9798596501350403,0.9999999403953552,0.5927941799163818,0.566394567489624,0.8420639038085938,0.8260936141014099,0.14146283268928528,0.06787962466478348,0.02980012446641922,0.08267614990472794,0.0029885252006351948,0.0010895617306232452,0.24676278233528137,0.15362857282161713,1,0.08550210551165191,1,0.5368804921672929,0.147172883793037,-0.0015134696016862884,0.2978369196029085,46.569223927505305,0.4935145974159241,0.4357042074203491,0.6021259427070618,0.44539508819580076,803.9540100097656,320.09649753570557,850.5158233642578,320.9272527694702,740.7489776611328,319.5304226875305,690.9598541259766,321.43511295318604,478,0.6086113452911377,0.5096908807754517,1,-11.420819282531738,0.48029476337580573,0.689575766026103,0.5039832070768384,0.14375627978703442,0.013682068633880705,0.38330779251487973,49.825542320247585,-0.1958787590265274,0.5,7.572897434234619,-0.6430666446685791,-37.51015090942383,1.5082552433013916
0.9995721578598022,-0.00014359073247760534,0.02924683317542076,-0.005686952266842127,0.979947566986084,0.19917461276054382,-0.02868899330496788,-0.19925573468208313,0.979527473449707,1.0000004768371582,0.32438841462135315,0.2960842549800873,0.7203513383865356,0.7048110365867615,0.15609440207481384,0.04490915313363075,0.022342965006828308,0.12448758631944656,0.0052171736024320126,0.003127399832010269,0.18815894424915314,0.1602756381034851,1,0.08560001156455277,1,0.5333365475124264,0.26378199934460445,-0.02258766443497605,0.47709224428990965,46.50622839087951,0.49304364323616023,0.43162003457546233,0.6022005498409271,0.4418294757604599,803.9772033691406,319.9290418624878,850.4827880859375,319.68436002731323,741.1919403076172,318.8373613357544,692.9763031005859,318.64617347717285,478,0.6091569066047668,0.5102094411849976,1,-11.498236656188965,0.6036033961990415,0.580359630293815,0.47974960088334734,0.24601061984293235,-0.023418468325969485,0.45629796192228056,48.21601626196172,-0.3259742856025696,0.5,7.597827911376953,-0.6189128160476685,-37.502498626708984,1.6439837217330933
0.9995012283325195,0.0016407629009336233,0.03153751417994499,-0.007834422402083874,0.980313777923584,0.19729043543338776,-0.03059295378625393,-0.19743910431861877,0.9798377156257629,0.9999999403953552,0.21864984929561615,0.18740791082382202,0.6547300815582275,0.6403844356536865,0.1675489842891693,0.04129635542631149,0.018885234370827675,0.13560639321804047,0.006566736847162247,0.004573119804263115,0.1760692447423935,0.16523043811321259,1,0.085840899853106,1,0.5346863962944516,0.305583462767325,-0.032426097413669655,0.4907511196767274,46.4189009385548,0.4930980980396271,0.4292577117681503,0.6024088442325592,0.4398110121488571,804.5256042480469,319.6311020851135,850.9314727783203,318.5312247276306,741.6001892089844,318.3563232421875,693.2054901123047,316.70605659484863,478,0.6093107461929321,0.5105533003807068,1,-11.392647743225098,0.6045727284462371,0.5015759649891219,0.4744205396040036,0.28207274704014174,-0.034120431405754624,0.4729102689063141,48.42282809545859,-0.44909408688545227,0.5,7.565625190734863,-0.6014879941940308,-37.334476470947266,1.7531205415725708
0.9995229840278625,0.006954219192266464,0.030089227482676506,-0.012671709060668945,0.980872631072998,0.194237619638443,-0.02816297486424446,-0.19452627003192902,0.9804930090904236,1.0000008344650269,0.715080976486206,0.5729269981384277,0.8770250082015991,0.8657578825950623,0.08890163898468018,0.08466847985982895,0.06169287487864494,0.05865883827209473,0.0018387571908533573,0.0013081759680062532,0.2055492103099823,0.2339252382516861,1,0.0872061525820477,1,0.5119099062161412,0.11853056653496045,0.014848309404631277,0.3509487900456488,48.16460643838229,0.494562816619873,0.43629238605499265,0.6038751125335693,0.44644800424575803,805.3926849365234,321.1740803718567,853.485107421875,323.8100266456604,742.2654724121094,319.02721881866455,692.3155975341797,319.81722593307495,478,0.6093122959136963,0.5101556181907654,1,-11.2215576171875,0.46075303111772725,0.5833811972305767,0.4989723847537744,0.11157770778044858,0.011519583908766387,0.2656715170675468,49.956121863707175,-0.7263429760932922,0.5,7.6093268394470215,-0.6452003121376038,-37.44114303588867,1.6138328313827515
0.9995338916778564,0.007199460174888372,0.029670177027583122,-0.01247818861156702,0.9832601547241211,0.18177947402000427,-0.027864793315529823,-0.182064950466156,0.9828916192054749,1.0,0.6219629645347595,0.5083917379379272,0.854671061038971,0.8425450325012207,0.0854450985789299,0.08506492525339127,0.06269706040620804,0.056104689836502075,0.002279246924445033,0.0015085391933098435,0.200285866856575,0.2150566726922989,1,0.08734498208589293,1,0.5133922297477256,0.15535862151166213,0.008570924155894628,0.42683137008482297,47.38501699632033,0.4946286499500274,0.4355924427509308,0.6039897620677948,0.4458560049533844,806.0462951660156,321.2505769729614,853.387451171875,323.28890562057495,742.2244262695312,319.0663146972656,692.3231506347656,319.62228298187256,478,0.6093611121177673,0.5102635622024536,1,-10.494180679321289,0.4165583476333654,0.5674771752157759,0.5005368729731493,0.1395191714699192,0.0061545869132532075,0.3643260635188208,49.904372662224205,-0.7152437567710876,0.5,7.631875514984131,-0.5858933925628662,-37.516571044921875,1.5967416763305664
0.999585747718811,0.006213533692061901,0.028102613985538483,-0.011215833015739918,0.9833227396011353,0.18152323365211487,-0.02650603838264942,-0.1817632019519806,0.9829850792884827,1.0000003576278687,0.4663165211677551,0.37267303466796875,0.735817551612854,0.7218953371047974,0.0803775042295456,0.08188225328922272,0.061651404947042465,0.05195959657430649,0.005121020134538412,0.003571762703359127,0.20324988663196564,0.19995655119419098,1,0.08636391763254558,1,0.5063986913477049,0.21364212708262728,-0.025363483857930046,0.43388561856858116,45.67179034355414,0.4947343587875366,0.4305513560771942,0.6040834903717041,0.4407876193523407,805.9916687011719,319.24591541290283,851.6428375244141,320.61821937561035,742.4124145507812,317.14643239974976,694.1618347167969,317.69225120544434,478,0.6093491315841675,0.5102362632751465,1,-10.47619915008545,0.43293779912657043,0.6645789111465605,0.4952853485745139,0.20817978693346417,-0.026461962157269127,0.40836544973174477,48.25366693403576,-0.642859160900116,0.5,7.632388114929199,-0.5293602347373962,-37.50014877319336,1.518862009048462
0.9996089935302734,0.009115208871662617,0.02643459662795067,-0.014094892889261246,0.9807396531105042,0.1948104202747345,-0.02414972148835659,-0.19510683417320251,0.9804846048355103,0.9999995827674866,0.4939272701740265,0.44713959097862244,0.8407686948776245,0.8232157826423645,0.048168063163757324,0.11015131324529648,0.09778976440429688,0.04213087633252144,0.0027071754448115826,0.001393530867062509,0.1733776330947876,0.16739267110824585,1,0.08869741098449427,1,0.47949257723437766,0.2019628932638557,-0.0013181083170041251,0.44436300922713584,46.89456651471752,0.49552865028381343,0.43709913194179534,0.6050917029380798,0.4448620408773422,806.9844055175781,320.6878924369812,853.8681793212891,321.6939353942871,743.1128692626953,318.9257884025574,693.4550476074219,319.53113079071045,478,0.6095630526542664,0.5077629089355469,1,-11.254288673400879,0.4648904021388359,0.648163003351087,0.49151867276381056,0.17215862138303953,0.00715671689528911,0.4656059001767079,49.66151116360799,-0.8078402280807495,0.3,7.683188438415527,-0.5845184922218323,-37.553035736083984,1.383811593055725
0.9996351003646851,0.009621333330869675,0.025241436436772346,-0.014252484776079655,0.9816281795501709,0.19027087092399597,-0.022947045043110847,-0.1905612051486969,0.9814070463180542,1.0000003576278687,0.22609348595142365,0.23468753695487976,0.6978783011436462,0.6774901151657104,0.045633282512426376,0.15087126195430756,0.13444654643535614,0.01598222553730011,0.005863409489393234,0.0032810140401124954,0.19237573444843292,0.18050143122673035,1,0.08488282023347468,1,0.48173346095584074,0.29080111057850794,-0.022835929410025366,0.5068923461672191,46.28863849865304,0.4964128971099854,0.4312289744615555,0.6058366537094116,0.43997291624546053,805.9489440917969,319.2266035079956,852.2282409667969,318.2966923713684,744.1407775878906,317.7224636077881,695.7548522949219,316.26540184020996,478,0.6094237565994263,0.508743941783905,1,-10.988466262817383,0.444821047858048,0.6192373833544608,0.5268023905048395,0.2638801057333909,-0.02140625816569463,0.4984003363855443,48.40785882011418,-0.816849946975708,0.3,7.685593128204346,-0.5299638509750366,-37.55968475341797,1.3148841857910156
0.9995779395103455,0.008474084548652172,0.027788126841187477,-0.01394268311560154,0.9790872931480408,0.2029620260000229,-0.025487076491117477,-0.2032637596130371,0.9787922501564026,1.0000001192092896,0.16470173001289368,0.1962980329990387,0.6577638387680054,0.6408546566963196,0.05636537820100784,0.13954778015613556,0.11027216166257858,0.019139735028147697,0.00702943978831172,0.004408923909068108,0.1698145568370819,0.19244849681854248,1,0.08459644151664679,1,0.48858955952438754,0.3207250910633326,-0.028995037579556,0.5120808790677849,46.04630290332753,0.4962494254112244,0.4301623821258545,0.6055804371833802,0.4389205098152161,805.9088897705078,319.0611004829407,851.9270324707031,317.4509596824646,744.0680694580078,317.5755000114441,695.8567810058594,315.8101558685303,478,0.6093310117721558,0.5087581276893616,1,-11.731744766235352,0.5204219161469427,0.5574301537391441,0.5230069064432326,0.27752622747161687,-0.030385895986332335,0.49222703985705757,48.24359827226477,-0.7991423606872559,0.3,7.677059650421143,-0.5593825578689575,-37.56481170654297,1.4604599475860596
0.9996283650398254,0.005632520187646151,0.02667419984936714,-0.010826803743839264,0.9799787402153015,0.19880753755569458,-0.025020353496074677,-0.19902242720127106,0.9796755313873291,1.000000238418579,0.14534930884838104,0.1803324818611145,0.6567988395690918,0.6440924406051636,0.0516013540327549,0.1384180337190628,0.11917851120233536,0.019727518782019615,0.006906401365995407,0.004570992663502693,0.15794098377227783,0.17275245487689972,1,0.08503736430764,1,0.48520823525791035,0.3272699736313064,-0.02480298832213037,0.5184635084134849,45.990743840000846,0.4963506639003754,0.4295555531978607,0.6057132661342621,0.438986200094223,806.2388610839844,319.07058477401733,852.1849822998047,317.0451307296753,744.0467834472656,317.7715802192688,695.8618927001953,315.83096981048584,478,0.6093626022338867,0.5094306468963623,1,-11.483442306518555,0.46006864272766457,0.5602247711055842,0.5205636292793495,0.2872252423173723,-0.030238644085591952,0.4797301887095471,48.22395323034214,-0.6205364465713501,0.3,7.6821699142456055,-0.5529552102088928,-37.52743148803711,1.4337102174758911
0.9996218085289001,0.007476085796952248,0.026464298367500305,-0.012570084072649479,0.9801381826400757,0.1979168951511383,-0.02445908635854721,-0.19817470014095306,0.9798614978790283,1.0000001192092896,0.1112249493598938,0.12438337504863739,0.66642826795578,0.6497187614440918,0.04743283987045288,0.14368867874145508,0.1267441362142563,0.01860187202692032,0.0064867292530834675,0.004330841358751059,0.1421045958995819,0.14466945827007294,1,0.08501560935971703,1,0.479563764087654,0.3385499528531583,-0.020284174494368264,0.534550569305373,46.34472161502433,0.49661002755165096,0.4299332618713379,0.6057168066501617,0.43874831199645997,805.7779693603516,318.8571882247925,852.0753479003906,316.76291942596436,744.1145324707031,317.39261627197266,695.8573913574219,315.24970293045044,478,0.6091067790985107,0.5088150501251221,1,-11.433707237243652,0.42231491490876305,0.7349247494259912,0.5203527147851748,0.3051874966406377,-0.026046454808287253,0.5074926806056239,48.304696936354155,-0.7204472422599792,0.3,7.686978816986084,-0.5233991146087646,-37.592987060546875,1.4015421867370605
0.9996461272239685,0.004634040407836437,0.026191528886556625,-0.009564735926687717,0.9814643859863281,0.19140560925006866,-0.02481907233595848,-0.1915884166955948,0.9811614751815796,1.0000004768371582,0.11321696639060974,0.12376247346401215,0.6667110919952393,0.6546961069107056,0.04490305855870247,0.15950079262256622,0.14122852683067322,0.016194960102438927,0.006664087064564228,0.004513478372246027,0.1338830590248108,0.14669601619243622,1,0.08532921906385928,1,0.47738589031507833,0.33987036383192576,-0.019921453214435066,0.5315717929785299,46.373171432508585,0.49683052897453306,0.4296156406402588,0.6058501064777374,0.4387791991233826,806.0325622558594,318.86916160583496,852.357177734375,316.7475986480713,743.9553070068359,317.4867510795593,695.4730224609375,315.19030809402466,478,0.6090195775032043,0.5091635584831238,1,-11.048942565917969,0.3980974571997542,0.6950060484160671,0.5251201501707151,0.3051918526517856,-0.026195187869857157,0.4998172140561125,48.536641470875864,-0.5481962561607361,0.3,7.662474155426025,-0.5117271542549133,-37.48292541503906,1.4221739768981934
0.9997408986091614,0.0037242621183395386,0.022456863895058632,-0.008076502941548824,0.9803771376609802,0.1969655454158783,-0.02128264494240284,-0.19709588587284088,0.9801531434059143,0.9999997615814209,0.1379821002483368,0.1304701715707779,0.665847897529602,0.6605375409126282,0.03754222020506859,0.1831354796886444,0.1686740517616272,0.013290616683661938,0.006424585822969675,0.004509321879595518,0.12883782386779785,0.13494743406772614,1,0.08565553568328614,1,0.46962079284365676,0.3337408506335329,-0.020701482733554825,0.5225330862191632,46.43330689660381,0.4970882833003998,0.43027694523334503,0.6059926450252533,0.4383579045534134,806.0206604003906,318.2507085800171,852.4301910400391,316.7649579048157,743.9018249511719,317.0069360733032,695.1551818847656,315.25620460510254,478,0.6089043617248535,0.5080809593200684,1,-11.369794845581055,0.43538493538741607,0.6449972780345903,0.5287603215115576,0.30502916624296644,-0.026936209158529907,0.4918680710921052,48.77807162050296,-0.4628593623638153,0.3,7.672547817230225,-0.5154961347579956,-37.46754837036133,1.219497799873352
0.999664843082428,0.0042521217837929726,0.025536732748150826,-0.009112796746194363,0.9810834527015686,0.1933707445859909,-0.024231426417827606,-0.193538635969162,0.9807933568954468,1.0000001192092896,0.12849342823028564,0.12826164066791534,0.662240743637085,0.651745080947876,0.04288863763213158,0.1623668223619461,0.14423194527626038,0.016091590747237206,0.0066690342500805855,0.004438471049070358,0.13089989125728607,0.12624335289001465,1,0.08565588842957839,1,0.4738570155623897,0.3375865469050411,-0.02180358307262207,0.5182300119158307,46.44466968653149,0.49625661969184875,0.4302239418029785,0.6059941351413727,0.4384763836860657,806.2190246582031,318.37924003601074,852.6356506347656,316.76549434661865,744.0180206298828,317.2312331199646,695.3618621826172,315.27225494384766,478,0.6097375154495239,0.5082524418830872,1,-11.162687301635742,0.41953182878404616,0.6399748656727938,0.5253802790720463,0.3066234375491127,-0.02624278186361987,0.4938659086199401,48.69557834585509,-0.5222853422164917,0.3,7.688436985015869,-0.5069133639335632,-37.48681640625,1.3884942531585693
0.9996015429496765,0.005653936881572008,0.027657167986035347,-0.01091745588928461,0.9809300899505615,0.19405409693717957,-0.02603258192539215,-0.19427870213985443,0.980600893497467,1.0,0.13646964728832245,0.14508271217346191,0.6628877520561218,0.6487089395523071,0.04050369933247566,0.1587785929441452,0.14583265781402588,0.016212232410907745,0.006426473148167133,0.004268238320946693,0.13624432682991028,0.13468073308467865,1,0.0857246190142008,1,0.470561234176222,0.3314175253676536,-0.022847142417406065,0.5104898690295717,46.53679270607745,0.4965362966060638,0.4299406886100769,0.6063288271427154,0.43838082551956176,806.4844512939453,318.432412147522,852.9942321777344,316.8470549583435,744.4145202636719,317.1750783920288,695.8598327636719,315.1810383796692,478,0.6097925305366516,0.5084401369094849,1,-11.206437110900879,0.43301514441957284,0.6006856032288287,0.5239866501668748,0.30065747563781375,-0.027797069778010556,0.4901950747186038,48.595615788780144,-0.6257485747337341,0.3,7.696869850158691,-0.508655309677124,-37.494041442871094,1.4917255640029907
0.9997138381004333,0.006887335330247879,0.022908592596650124,-0.01107100397348404,0.9821338653564453,0.1878574937582016,-0.021205469965934753,-0.18805736303329468,0.9819290637969971,1.0000003576278687,0.12602299451828003,0.1441047638654709,0.6606215238571167,0.6435801982879639,0.030653171241283417,0.180856853723526,0.17771334946155548,0.013731557875871658,0.006335819140076637,0.0042135450057685375,0.13308945298194885,0.13025414943695068,1,0.08657684449626725,1,0.46344877677220736,0.330972109918616,-0.021653224653384536,0.5103511351964423,46.88171143339248,0.49697851538658144,0.4295291841030121,0.6067091166973114,0.4382950007915497,807.0115661621094,318.4343218803406,853.8575744628906,316.6050124168396,744.4508361816406,317.1772241592407,695.7428741455078,314.97515201568604,478,0.60973060131073,0.5087658166885376,1,-10.841902732849121,0.41840537330245403,0.6675085934290866,0.5235197160437499,0.3003586458410448,-0.026259407235153538,0.4894921257393546,48.757714133624944,-0.634477436542511,0.3,7.701608180999756,-0.4887651801109314,-37.42717361450195,1.215074896812439
0.999697208404541,0.008738835342228413,0.02300483174622059,-0.01297199446707964,0.9815321564674377,0.19085681438446045,-0.020912116393446922,-0.1910974532365799,0.9813482761383057,1.0,0.10885731875896454,0.1247914507985115,0.6716636419296265,0.661711573600769,0.03170591592788696,0.18641912937164307,0.17988719046115875,0.01301506720483303,0.00601770356297493,0.003997038584202528,0.13065560162067413,0.12203722447156906,1,0.08631679034418102,1,0.4643456193281562,0.3369743747328881,-0.015007379576759149,0.5295329533387096,46.896389925536056,0.49708837270736694,0.43011454343795774,0.606816828250885,0.43889126777648924,807.0057678222656,318.7565088272095,853.8624572753906,316.82724952697754,744.9263000488281,317.4051904678345,695.7906341552734,314.9851942062378,478,0.6097284555435181,0.5087767243385315,1,-11.01927661895752,0.42374475850541304,0.6427480277336782,0.5242740106304559,0.30431342796345806,-0.022834139887706682,0.4989553875063456,49.19522380076714,-0.7434238791465759,0.3,7.715399265289307,-0.5054839253425598,-37.47367477416992,1.1982632875442505
0.9996533393859863,0.008506360463798046,0.02491692453622818,-0.013303208164870739,0.9798683524131775,0.19920137524604797,-0.022720808163285255,-0.19946379959583282,0.9796417355537415,1.000000238418579,0.10046131163835526,0.10368171334266663,0.6729120016098022,0.6648493409156799,0.0393674336373806,0.16380523145198822,0.1492265909910202,0.01552323717623949,0.005793954245746136,0.003987279254943132,0.11495032906532288,0.11694713681936264,1,0.08625721106078324,1,0.4761935817649337,0.34541549783545894,-0.016379287738763185,0.5309585679454708,46.98104413736395,0.4967626392841339,0.43114635944366453,0.6065108239650726,0.43894574642181394,807.0761108398438,318.8186717033386,854.0237426757812,317.0471262931824,744.5742797851562,317.38521337509155,695.4396057128906,315.01708030700684,478,0.6097481846809387,0.5077993869781494,1,-11.50861644744873,0.3961815945088736,0.645087026218129,0.5241184607539826,0.3144526322754256,-0.023591711099259092,0.5123850740745561,49.19170916439386,-0.7624369263648987,0.3,7.686934471130371,-0.5424414277076721,-37.38512420654297,1.301918387413025
0.9996531009674072,0.008270845748484135,0.025005612522363663,-0.013108578510582447,0.9797090291976929,0.19999606907367706,-0.02284407988190651,-0.2002544403076172,0.9794776439666748,1.0000001192092896,0.1013512834906578,0.10324535518884659,0.6750624179840088,0.66750168800354,0.04062769562005997,0.1596439629793167,0.14405779540538788,0.016296185553073883,0.0058179982006549835,0.004021433647722006,0.11456397920846939,0.11808744072914124,1,0.08599850025466202,1,0.47336513687917064,0.3443664697860523,-0.015199450975129014,0.5291863388468538,47.19780129983014,0.49664864540100095,0.43109079301357267,0.6063949227333069,0.43891378343105314,806.5087890625,318.7117266654968,853.6775970458984,317.05764055252075,744.8009490966797,317.12995290756226,695.4730224609375,315.02617835998535,478,0.6097462773323059,0.5078229904174805,1,-11.55489444732666,0.42656542037418005,0.6611839615739614,0.5219590743438566,0.3132527586511511,-0.02164450782563794,0.510898377531589,49.37276793564384,-0.7512837052345276,0.3,7.691201210021973,-0.5424101948738098,-37.41192626953125,1.3089832067489624
0.9995309710502625,0.011240808293223381,0.028487280011177063,-0.016783108934760094,0.9791364073753357,0.20250974595546722,-0.025616560131311417,-0.20289286971092224,0.9788658618927002,1.0,0.10384631901979446,0.09179951995611191,0.6559215188026428,0.6455148458480835,0.042347826063632965,0.1546212136745453,0.13964758813381195,0.016798589378595352,0.006321498192846775,0.004544840659946203,0.12501102685928345,0.11179260164499283,1,0.0856307932904825,1,0.476125627235637,0.34648743750917116,-0.019611294839741392,0.5340180472687277,46.891193793190695,0.4966541171073914,0.43017385601997377,0.606378698348999,0.43810866475105287,806.5386962890625,318.4233355522156,853.4076690673828,316.9799208641052,744.7881317138672,316.7358613014221,695.7735443115234,314.45748567581177,478,0.6097245812416077,0.5079348087310791,1,-11.710073471069336,0.36956018228637344,0.681917764873664,0.523245814407278,0.32099020557813146,-0.028224306571886685,0.5131713766511694,49.06751240700414,-0.961962103843689,0.3,7.677305698394775,-0.5437016487121582,-37.444679260253906,1.4678813219070435
0.9995831251144409,0.009751980192959309,0.027174727991223335,-0.014914200641214848,0.9803314805030823,0.1967935860157013,-0.02472110278904438,-0.19711686670780182,0.9800682663917542,1.000000238418579,0.09667997807264328,0.11365296691656113,0.66691654920578,0.6472630500793457,0.04321634769439697,0.1555413156747818,0.13767823576927185,0.01662190444767475,0.006400863640010357,0.004202927928417921,0.12724409997463226,0.12765097618103027,1,0.08573658003823,1,0.47926077222561175,0.34631959099593007,-0.019183173083296708,0.534019582231294,47.18515392187426,0.49647062420845034,0.430097171664238,0.6063140571117401,0.43814451396465304,806.5453338623047,318.41882944107056,853.6892700195312,316.44701957702637,744.5314788818359,317.0451307296753,695.4441833496094,314.6808171272278,478,0.6098434329032898,0.508047342300415,1,-11.371932983398438,0.4140282384741213,0.6573183384592577,0.5260434355423954,0.30964306978099515,-0.027371555951527838,0.5119746192203345,49.14420170861621,-0.8548136353492737,0.3,7.655040264129639,-0.524725079536438,-37.345970153808594,1.416559100151062
0.9995628595352173,0.006387671455740929,0.028866026550531387,-0.0119388522580266,0.9804399609565735,0.19645611941814423,-0.027046510949730873,-0.19671481847763062,0.9800875782966614,0.9999999403953552,0.10485333949327469,0.1200876533985138,0.66514652967453,0.650104284286499,0.045226432383060455,0.14827217161655426,0.13152505457401276,0.017832554876804352,0.0064608813263475895,0.004145042970776558,0.13997729122638702,0.12733128666877747,1,0.08576680193545608,1,0.4793841472353748,0.3400513999164302,-0.020992384002117486,0.5327662326652076,46.97835565617313,0.4963551878929138,0.42993855476379395,0.6063613414764404,0.4379815459251404,806.7372131347656,318.1866788864136,853.6792755126953,316.3404178619385,744.6005249023438,316.9572401046753,695.6840515136719,314.75420236587524,478,0.6100061535835266,0.5080429911613464,1,-11.349123001098633,0.38642844417187217,0.6790147703591636,0.5238443329045753,0.30822654527489163,-0.0270128991377687,0.5090790073996854,48.96605706161312,-0.6843124032020569,0.3,7.661202430725098,-0.5189133286476135,-37.31895065307617,1.5498398542404175
0.99954754114151,0.008891855366528034,0.028735468164086342,-0.014306184835731983,0.9808748364448547,0.19411279261112213,-0.026459913700819016,-0.19443605840206146,0.9805582165718079,1.000000238418579,0.09531637281179428,0.11087200045585632,0.6614145040512085,0.6467323303222656,0.019108742475509644,0.2881228029727936,0.29850271344184875,0.0063078394159674644,0.0065055107697844505,0.004172238986939192,0.1225159615278244,0.12134724855422974,1,0.08650390972827163,1,0.4454796870490796,0.3475927139876151,-0.01803060462129241,0.5457567839407174,46.47354398513774,0.4978133738040924,0.42968202829360963,0.6081505119800568,0.4388247847557068,808.2216644287109,318.82004499435425,854.6500396728516,316.77156686782837,745.1290130615234,317.4459171295166,696.3803100585938,315.0779342651367,478,0.6103371381759644,0.5091427564620972,1,-11.21575927734375,0.2694488565569199,0.685481436053987,0.5493483074897516,0.3125729036143455,-0.024098325185683785,0.5143684707324798,48.80618185651747,-0.8199990391731262,0.08,7.7207560539245605,-0.5233231782913208,-37.430931091308594,1.5162181854248047
0.9994323253631592,0.008679468184709549,0.03255263343453407,-0.015008541755378246,0.9797711372375488,0.1995576024055481,-0.03016207367181778,-0.19993287324905396,0.9793452024459839,0.9999997019767761,0.0953078418970108,0.10183301568031311,0.6709597110748291,0.657051682472229,0.020000243559479713,0.2986147701740265,0.30529293417930603,0.005801113788038492,0.006263174116611481,0.004021637607365847,0.11731181293725967,0.11833935976028442,1,0.08579952357388645,1,0.4446841770859259,0.3482640503615877,-0.017149892100263287,0.545970089022344,46.474221112630936,0.4976636052131653,0.4298122823238373,0.6085269331932068,0.43870946764945984,808.2051849365234,318.6946678161621,854.6418762207031,316.827335357666,745.7585144042969,317.0055627822876,696.7559814453125,314.89880561828613,478,0.6108633279800415,0.5088971853256226,1,-11.538354873657227,0.3179061072443624,0.6765730288415489,0.5581534822660249,0.3161671255929086,-0.021505004525080817,0.5193148853230819,49.047799769638154,-0.8603498339653015,0.08,7.7267937660217285,-0.5419525504112244,-37.4117546081543,1.7284215688705444
0.9994964599609375,0.009451573714613914,0.03028961457312107,-0.015319027937948704,0.9797199368476868,0.19978536665439606,-0.02778705395758152,-0.2001487761735916,0.9793714284896851,1.0000001192092896,0.09331995248794556,0.09663607180118561,0.6671922206878662,0.6560693979263306,0.020162072032690048,0.2921634316444397,0.3011607527732849,0.005984022282063961,0.006073044613003731,0.004073866177350283,0.11148292571306229,0.11455781757831573,1,0.08614360727246285,1,0.44808924809371486,0.3502834386188095,-0.017906951579256397,0.5459205039670806,46.70886173418959,0.4978523552417755,0.42985059022903443,0.6086336076259613,0.4385944724082947,808.5781860351562,318.6897325515747,855.2522277832031,316.8865156173706,745.8171081542969,316.9679045677185,696.7910766601562,314.7833847999573,478,0.6107812523841858,0.5087438821792603,1,-11.550179481506348,0.25855189450900185,0.6812680902611532,0.5551815423206651,0.31992874613091954,-0.023213544870417605,0.5204361970811379,49.07467667522994,-0.8780890107154846,0.08,7.732382774353027,-0.5434046983718872,-37.3753776550293,1.5922857522964478
0.9994319677352905,0.009405712597072124,0.032362859696149826,-0.01565363071858883,0.9799537062644958,0.19860966503620148,-0.029846036806702614,-0.19900347292423248,0.9795442223548889,1.0000001192092896,0.09120385348796844,0.09323456883430481,0.6688894629478455,0.6574406027793884,0.020606141537427902,0.28403031826019287,0.291837215423584,0.006474564783275127,0.006270306184887886,0.004168371669948101,0.11356685310602188,0.10964415222406387,1,0.08610857716116396,1,0.44623529599089345,0.351341734742402,-0.01762669367091908,0.5474635259777926,46.752225916597816,0.49779269099235535,0.4305840998888016,0.60874143242836,0.43860760033130647,808.5826873779297,318.6918568611145,855.3002166748047,316.8910002708435,746.2843322753906,316.9824743270874,697.1253967285156,314.7927188873291,478,0.6109487414360046,0.5080235004425049,1,-11.483875274658203,0.23739865913048225,0.6596733495471191,0.5501503694263477,0.32156978584997165,-0.023110642525832722,0.5226125286183294,49.20768205357957,-0.8973233103752136,0.08,7.734310150146484,-0.5349970459938049,-37.362648010253906,1.7103058099746704
0.9992841482162476,0.010295746847987175,0.03640243783593178,-0.01754169724881649,0.9786587357521057,0.20474225282669067,-0.033517591655254364,-0.20523424446582794,0.9781387448310852,0.9999998211860657,0.09583128243684769,0.11470455676317215,0.6738309860229492,0.6532205939292908,0.02195846661925316,0.255793035030365,0.2644990384578705,0.007567537482827902,0.006299888249486685,0.0037577839102596045,0.1293049454689026,0.10654715448617935,1,0.0861749400597339,1,0.4488871454391501,0.34430821853620075,-0.018443372175466616,0.5417304473612451,46.47121232364889,0.4970489323139191,0.4316193848848343,0.6087429702281952,0.4387978106737137,808.9103698730469,318.7476897239685,855.3446960449219,316.896493434906,746.4340972900391,317.42892265319824,697.2794342041016,314.94165658950806,478,0.6116940379142761,0.5071784257888794,1,-11.849966049194336,0.2045308720972153,0.6690641004177693,0.5459923102394418,0.31036364768869346,-0.02374381517817845,0.5142859988689286,49.21755170324958,-1.0056818723678589,0.08,7.735287189483643,-0.5575256943702698,-37.356605529785156,1.920776128768921
0.9992520213127136,0.011041597463190556,0.03706004098057747,-0.01760210655629635,0.9832013249397278,0.1816735863685608,-0.03443151339888573,-0.18219004571437836,0.9826602935791016,1.0000003576278687,0.08676736056804657,0.08806315064430237,0.6348748207092285,0.6151092052459717,0.023355761542916298,0.2512860894203186,0.25607800483703613,0.007648475468158722,0.007499616593122482,0.004943534731864929,0.11973385512828827,0.09892323613166809,1,0.08596210108930188,1,0.4480742994030089,0.3548696459384077,-0.023263979139965515,0.5338091686265961,46.323498200155555,0.4975341260433197,0.4299580752849579,0.6092171370983124,0.437701016664505,809.4169616699219,318.29450368881226,855.7142639160156,316.7368483543396,746.8833923339844,316.8403387069702,698.3993530273438,314.23784494400024,478,0.6116830110549927,0.5077429413795471,1,-10.503647804260254,0.21081923534874522,0.6872484966300766,0.5453479056900778,0.3272697110959948,-0.033034680260086643,0.5032663480961522,48.55383652577083,-1.0091769695281982,0.08,7.752557277679443,-0.45368584990501404,-37.37982940673828,1.973170280456543
0.9992853999137878,0.009383386000990868,0.036614637821912766,-0.01599074713885784,0.9826870560646057,0.18458181619644165,-0.03424873203039169,-0.18503540754318237,0.9821348786354065,0.9999997019767761,0.08645451068878174,0.09180586785078049,0.6252342462539673,0.6033234596252441,0.024093855172395706,0.247825026512146,0.25367656350135803,0.007377790752798319,0.007911387830972672,0.004943422041833401,0.12459346652030945,0.09521592408418655,1,0.08577059919322655,1,0.4508254714094303,0.35523054456745934,-0.026376452419503697,0.5268906009599517,46.35056006419364,0.49742344617843626,0.42959646284580233,0.6091032385826111,0.4374465137720108,809.2839813232422,318.1536340713501,855.5970764160156,316.29040002822876,746.8657684326172,316.8731904029846,698.3493041992188,314.4018888473511,478,0.6116797924041748,0.5078500509262085,1,-10.66952896118164,0.20819308365358394,0.7049096559533695,0.5454856895295024,0.3268297531365669,-0.03338703831951441,0.5003985810800797,48.57936427318358,-0.9167792201042175,0.08,7.746946334838867,-0.46545013785362244,-37.35331726074219,1.9626914262771606
0.9990392327308655,0.014251825399696827,0.041441623121500015,-0.021807461977005005,0.9819207787513733,0.1880318820476532,-0.03801259770989418,-0.18875496089458466,0.9812882542610168,0.9999998211860657,0.08075802773237228,0.10263879597187042,0.6473090052604675,0.6201577186584473,0.02235267125070095,0.23786590993404388,0.24807579815387726,0.008697804994881153,0.007257436867803335,0.00455907266587019,0.14166659116744995,0.09793688356876373,1,0.08604811818979027,1,0.4478897390493389,0.3514179033507548,-0.01997531034223632,0.5479184075494328,46.45687027963304,0.49757400155067444,0.42972653210163114,0.6092384159564972,0.4378908187150955,809.4179534912109,318.46264600753784,855.8390808105469,316.6406321525574,747.2066497802734,316.8738341331482,698.4592437744141,314.2735505104065,478,0.6116644144058228,0.5081642866134644,1,-10.88809871673584,0.18681920477321742,0.6685575011040846,0.5406348677492534,0.3215223855321775,-0.03129694923846037,0.5067992352842843,48.81670889476703,-1.2504785060882568,0.08,7.7203545570373535,-0.49355700612068176,-37.300289154052734,2.1784861087799072
0.9992191195487976,0.010670458897948265,0.03804358094930649,-0.017697304487228394,0.9817276000976562,0.1894669532775879,-0.03532673045992851,-0.1899922639131546,0.9811498522758484,1.0000005960464478,0.07579504698514938,0.07627994567155838,0.6631132364273071,0.6297754049301147,0.04554113373160362,0.18141046166419983,0.14738813042640686,0.012591930106282234,0.007131979800760746,0.0038618389517068863,0.1473691612482071,0.07757187634706497,1,0.0844274298780048,1,0.47948454528686535,0.35722247225863246,-0.019639969031559477,0.5418642399645268,46.34281353694947,0.49688505530357363,0.42887546122074127,0.608543747663498,0.438494935631752,809.0216064453125,318.67061376571655,855.3184509277344,316.60698652267456,747.2673034667969,317.34081745147705,698.4523010253906,314.3467426300049,478,0.6116586923599243,0.5096194744110107,1,-10.959256172180176,0.35532902807935524,0.6910853009205646,0.5430205588182764,0.3346017331138723,-0.022582899031864955,0.5140330844656396,48.90673724027074,-1.0146671533584595,0.08,7.764328479766846,-0.5076467990875244,-37.38735580444336,2.02449369430542
0.9991149306297302,0.011640234850347042,0.0404219776391983,-0.019401801750063896,0.9801502227783203,0.1973048597574234,-0.037322934716939926,-0.1979144811630249,0.9795085191726685,0.9999998211860657,0.07428478449583054,0.06833376735448837,0.652694582939148,0.639879584312439,0.04111887142062187,0.1765110194683075,0.15741640329360962,0.013536808080971241,0.007189712952822447,0.004309710580855608,0.1370980590581894,0.0867668092250824,1,0.08541116912603572,1,0.47403741420989354,0.35981514090308453,-0.018415140270605077,0.5494070375744889,46.079031400047576,0.4968632757663727,0.42994566857814787,0.608719140291214,0.4384958356618881,809.7605133056641,318.8119125366211,855.7912445068359,316.7026662826538,747.0613098144531,317.3317623138428,698.3908843994141,314.2309355735779,478,0.6118558645248413,0.5085501670837402,1,-11.423094749450684,0.32845422003655383,0.6898169740261307,0.5375032131499754,0.3323060634310419,-0.02430821822541153,0.520981733993059,48.769103299646176,-1.1124862432479858,0.08,7.728845596313477,-0.5410681962966919,-37.2445182800293,2.1389431953430176
0.9990935921669006,0.011921529658138752,0.04086364433169365,-0.019759880378842354,0.9801713824272156,0.19716370105743408,-0.037702884525060654,-0.19779245555400848,0.9795185327529907,0.9999995827674866,0.07911555469036102,0.0808035284280777,0.653544008731842,0.6411851644515991,0.03624798357486725,0.19443075358867645,0.18053339421749115,0.011886795982718468,0.007428760174661875,0.004530244041234255,0.13679984211921692,0.09979405999183655,1,0.08540445573323016,1,0.4675060367971889,0.3571407875268273,-0.018701728193587223,0.5471269629581543,46.08669906903598,0.497035825252533,0.4294555515050888,0.6089838981628418,0.43833652436733245,809.7889709472656,318.7758207321167,855.8313751220703,316.7557096481323,747.3584747314453,317.1683406829834,698.8672637939453,314.1640520095825,478,0.6119480729103088,0.5088809728622437,1,-11.416123390197754,0.36513995798719334,0.6509126276477556,0.5367901232758274,0.3277285434710948,-0.02625301427724844,0.5171841525951915,48.58418764078918,-1.1330370903015137,0.08,7.741695404052734,-0.5421547293663025,-37.266998291015625,2.1607279777526855
0.9992007613182068,0.009584895335137844,0.03880768269300461,-0.016856716945767403,0.9813189506530762,0.19164785742759705,-0.03624579310417175,-0.1921488344669342,0.9806962609291077,1.0,0.07633483409881592,0.07835030555725098,0.6572619080543518,0.6379753947257996,0.03577924519777298,0.18997378647327423,0.17332562804222107,0.012629090808331966,0.007535813841968775,0.004387594759464264,0.14018534123897552,0.08953072130680084,1,0.08514518750494919,1,0.4651625466495643,0.3546110932083289,-0.016353465224940567,0.546401136616255,46.556327764469785,0.4969123482704163,0.4298499166965485,0.6090340495109559,0.43859403729438784,809.3212890625,318.58083486557007,855.8404541015625,316.7210125923157,748.5287475585938,317.1896266937256,698.9016723632812,314.59320545196533,478,0.6121217012405396,0.5087441205978394,1,-11.085589408874512,0.3219294959693787,0.6466067753202888,0.5288360539735004,0.326613302177447,-0.021596095884565365,0.5181319390354382,49.694949399363054,-0.9664995670318604,0.08,7.783564567565918,-0.5094589591026306,-37.36695098876953,2.077185869216919
0.9993303418159485,0.008441847749054432,0.035602930933237076,-0.015267708338797092,0.9804720282554626,0.19606482982635498,-0.0332525372505188,-0.19647713005542755,0.9799444079399109,1.000000238418579,0.08066799491643906,0.08120092749595642,0.6601839065551758,0.6463077068328857,0.021435340866446495,0.2714681029319763,0.28047075867652893,0.006567480508238077,0.0065324679017066956,0.004177440423518419,0.11700696498155594,0.09514707326889038,1,0.08551546758427638,1,0.44664954282109515,0.35426976165038904,-0.016926913851760768,0.5476243206309532,46.60347978885295,0.49766969680786133,0.43086019456386565,0.6095041632652283,0.4385834068059921,809.2758941650391,318.5158395767212,855.8499908447266,316.86119556427,748.1986236572266,317.0786690711975,698.7968444824219,314.8872399330139,478,0.6118344664573669,0.5077232122421265,1,-11.33737850189209,0.21909822055298458,0.692200632351073,0.5410235194989123,0.32722548238641763,-0.023882593116696292,0.5165861999794725,49.45036043754127,-0.8752932548522949,0.08,7.78291654586792,-0.5245341658592224,-37.3598747253418,1.9055812358856201
0.999247670173645,0.008859868161380291,0.03775738924741745,-0.01603635400533676,0.9808210730552673,0.1942492425441742,-0.0353122316300869,-0.19470861554145813,0.9802252650260925,0.9999995231628418,0.0819382444024086,0.08661139756441116,0.6643739342689514,0.6392514705657959,0.01657053455710411,0.28833961486816406,0.3021088242530823,0.006719871889799833,0.006281264591962099,0.004044528119266033,0.12107814103364944,0.09114561975002289,1,0.08656720046185382,1,0.43608479826868163,0.35439263074681476,-0.01779942030510408,0.5493775390118524,46.32417826396571,0.4974189341068268,0.4302692890167236,0.6098493874073029,0.43854676485061644,810.0632476806641,318.54302644729614,856.3567352294922,316.857054233551,748.0631256103516,317.1303606033325,698.6349487304688,314.87425804138184,478,0.6124304533004761,0.5082774758338928,1,-11.234800338745117,0.1796858582173739,0.6706586165128238,0.5393400494091063,0.3257610752908502,-0.02456644243374359,0.5180279137932697,49.479638928937035,-0.9194281697273254,0.08,7.776457786560059,-0.5272225737571716,-37.28696060180664,2.0236623287200928
0.9992751479148865,0.011076710186898708,0.036421190947294235,-0.018024176359176636,0.9803649187088013,0.19636648893356323,-0.033530957996845245,-0.19688059389591217,0.9798539280891418,1.000000238418579,0.07602192461490631,0.08042899519205093,0.6668925881385803,0.6395478248596191,0.023155979812145233,0.24715937674045563,0.2506784200668335,0.008139527402818203,0.006322549656033516,0.004119724966585636,0.11080851405858994,0.08757884055376053,1,0.08601713693856276,1,0.4490753313126333,0.3636601297090499,-0.016813557684808644,0.5502444228189917,46.274668308428076,0.4973860740661621,0.42997289896011354,0.6095802545547485,0.43877984285354615,809.9790954589844,318.6558508872986,856.2290954589844,317.14508056640625,748.0937194824219,317.16964960098267,698.7944793701172,314.88739013671875,478,0.6121941804885864,0.5088069438934326,1,-11.361076354980469,0.2233607178145354,0.7296903505697603,0.5375921227236359,0.3309176332164305,-0.024149539689601107,0.5202380398003046,49.35203930955232,-1.033346176147461,0.08,7.778879642486572,-0.5458807349205017,-37.297630310058594,1.9215425252914429
0.9993178248405457,0.011874455027282238,0.03496958315372467,-0.018336603417992592,0.9814720153808594,0.19072578847408295,-0.03205689787864685,-0.19123688340187073,0.9810203313827515,1.0000001192092896,0.07549988478422165,0.08176884055137634,0.6596808433532715,0.6359420418739319,0.02352808229625225,0.2403114140033722,0.24358464777469635,0.008440425619482994,0.006659158039838076,0.004289488773792982,0.11411925405263901,0.09364236891269684,1,0.08601331904295276,1,0.44887751856566405,0.3596544912382732,-0.018196773822604467,0.5469072585373538,46.73193344507049,0.49767006039619444,0.4297822773456573,0.6095748007297516,0.43865198493003843,809.7119903564453,318.68539810180664,856.4182281494141,317.13589668273926,748.1252288818359,317.22074031829834,698.7880706787109,314.70351934432983,478,0.6119047403335571,0.5088697075843811,1,-11.030715942382812,0.224977227460958,0.7048649589718055,0.5370623365203354,0.3273258343321733,-0.02542376959636658,0.5168967824565617,49.401331774465085,-1.0512092113494873,0.08,7.771024227142334,-0.5289653539657593,-37.271141052246094,1.8370397090911865
