R00,R01,R02,R10,R11,R12,R20,R21,R22,R_scale,bs_eyeBlinkLeft,bs_eyeBlinkRight,bs_eyeLookDownLeft,bs_eyeLookDownRight,bs_eyeLookInLeft,bs_eyeLookInRight,bs_eyeLookOutLeft,bs_eyeLookOutRight,bs_eyeLookUpLeft,bs_eyeLookUpRight,bs_eyeSquintLeft,bs_eyeSquintRight,detected,interocular_norm,is_laptop,leye_h,leye_open,leye_v,leye_vlid,leye_width_px,m0_cx,m0_cy,m0_px,m0_py,mp_lin_x,mp_lin_y,mp_lout_x,mp_lout_y,mp_rin_x,mp_rin_y,mp_rout_x,mp_rout_y,n_landmarks,nose_x,nose_y,pass,pitch,px_raw,py_raw,reye_h,reye_open,reye_v,reye_vlid,reye_width_px,roll,target_x,tx,ty,tz,yaw
0.9930055141448975,0.11215248703956604,0.036902040243148804,-0.11599962413311005,0.9849770069122314,0.12792332470417023,-0.022000784054398537,-0.13130918145179749,0.9910972714424133,1.0000001192092896,0.18615995347499847,0.08948810398578644,0.5652263164520264,0.5423520803451538,0.23998703062534332,0.019448766484856606,0.014645779505372047,0.2444024682044983,0.011436644941568375,0.009379603900015354,0.20319050550460815,0.12744258344173431,1,0.09855939712463381,1,0.5253303283178075,0.30778684324482125,-0.0400963144298529,0.45621396208735465,51.034739797596124,0.4973248660564422,0.4122182667255402,0.6147165715694427,0.43258016705513,824.9634552001953,320.7103371620178,875.8641052246094,324.4074296951294,755.2006530761719,310.3408741950989,701.9656372070312,300.4316782951355,478,0.6173917055130005,0.5203619003295898,0,-7.547088623046875,0.614665674540291,0.5866795606335623,0.4142588032189698,0.3088056978152382,-0.03768001726545271,0.463141750361759,54.14941438353515,-6.662905216217041,0.08,7.342590808868408,-0.41811102628707886,-33.77264404296875,1.2606537342071533
0.9919872283935547,0.11961270868778229,0.04067082330584526,-0.12419477105140686,0.9822933077812195,0.14026939868927002,-0.023172669112682343,-0.14419656991958618,0.989277720451355,1.0000004768371582,0.20238983631134033,0.11178766191005707,0.6368916034698486,0.6097695827484131,0.1749928742647171,0.02825668267905712,0.01986365020275116,0.17473986744880676,0.007149243727326393,0.005629013758152723,0.1809302270412445,0.08872490376234055,1,0.09826807991613445,1,0.513721218027134,0.30952175560918466,-0.025625586024920027,0.4756458055072329,52.82256499183554,0.49814660549163814,0.4137531340122223,0.6144449234008789,0.43239997029304506,823.1504821777344,319.109251499176,875.7384490966797,324.082088470459,754.5401763916016,309.47967052459717,700.2577972412109,300.40077924728394,478,0.6162983179092407,0.5186468362808228,0,-8.292999267578125,0.6209393476332163,0.6328875518244297,0.43746303586120244,0.30537631254593767,-0.0333400264963353,0.45688128786693144,55.03637845245733,-7.13618278503418,0.08,7.239254474639893,-0.4379206895828247,-33.719764709472656,1.3278149366378784
0.9915883541107178,0.11965711414813995,0.04934380203485489,-0.1260543316602707,0.9793049693107605,0.15834173560142517,-0.029375912621617317,-0.163229838013649,0.9861506223678589,1.0,0.177950918674469,0.08969653397798538,0.6644912958145142,0.6507605314254761,0.1730092316865921,0.02835775353014469,0.019099773839116096,0.16843408346176147,0.005103989038616419,0.004288916010409594,0.1298859715461731,0.09377429634332657,1,0.09790517608677476,1,0.5185678125440564,0.3314577624483041,-0.015550674346496526,0.48941648548349614,53.21201140994134,0.4979413986206055,0.413486248254776,0.6142369151115418,0.43324137330055235,822.7407836914062,319.22353506088257,875.6852722167969,324.5526337623596,754.5363616943359,309.505398273468,700.0303649902344,300.47399282455444,478,0.6162955164909363,0.5197551250457764,0,-9.398509979248047,0.614665674540291,0.7563586206036454,0.4406358105544291,0.31475221351080523,-0.026834086609369607,0.46574577716573456,55.24916253845568,-7.244789123535156,0.08,7.200323581695557,-0.5465622544288635,-33.74064254760742,1.683357834815979
0.9916672110557556,0.11844789981842041,0.0506572388112545,-0.125156432390213,0.9789929389953613,0.16096153855323792,-0.030527524650096893,-0.1659603714942932,0.9856597781181335,0.9999995231628418,0.16162273287773132,0.09284002333879471,0.6853646039962769,0.6739544868469238,0.16645269095897675,0.03051118738949299,0.019792398437857628,0.1600436419248581,0.004533078987151384,0.004000559449195862,0.10479388386011124,0.10614409297704697,1,0.09785529111522001,1,0.5161744114912802,0.3441827015280085,-0.01294053892972638,0.5013797326687996,53.095954297604955,0.4980376243591309,0.41490939557552337,0.614341425895691,0.4343334764242172,822.7769470214844,319.8155736923218,875.5555725097656,325.6118702888489,754.3376922607422,309.5918297767639,699.9875640869141,301.3153052330017,478,0.6163038015365601,0.5194240808486938,0,-9.557524681091309,0.6046358013791162,0.7648729134602599,0.446727477568256,0.3141555543018991,-0.025839967535662586,0.4734658611063447,54.976697710439076,-7.193159580230713,0.08,7.16780948638916,-0.5914764404296875,-33.60476303100586,1.7493700981140137
0.9921397566795349,0.11601308733224869,0.04690047353506088,-0.12232401967048645,0.9781493544578552,0.16810919344425201,-0.02637280337512493,-0.17252486944198608,0.984652042388916,0.9999998211860657,0.15858566761016846,0.08461755514144897,0.6845036745071411,0.6724855303764343,0.1179613396525383,0.04152395576238632,0.02932676114141941,0.11152589321136475,0.004444575868546963,0.003812264185398817,0.11390332132577896,0.1090279072523117,1,0.09853182216143794,1,0.4969615772059462,0.34098678040151803,-0.013533375889014269,0.49702422460197904,53.030883031229855,0.49853060245513914,0.4142673671245575,0.6147818922996521,0.43431962132453916,822.8048706054688,319.76609230041504,875.5462646484375,325.29961824417114,753.6796569824219,309.5994472503662,699.4518280029297,301.293203830719,478,0.6162512898445129,0.5200522541999817,0,-9.938143730163574,0.5946059282179416,0.6773120876551206,0.4597761201418628,0.31256804184146353,-0.0258894730669904,0.47203001496143837,54.860287236626874,-7.0287041664123535,0.08,7.11786413192749,-0.6403482556343079,-33.38276290893555,1.5112254619598389
0.9920052289962769,0.11850605905056,0.043379951268434525,-0.12411453574895859,0.9783667922019958,0.16551177203655243,-0.022827358916401863,-0.1695726364850998,0.9852532744407654,1.000000238418579,0.13854065537452698,0.08765242248773575,0.6572826504707336,0.6515656113624573,0.04004824534058571,0.15389065444469452,0.14606346189975739,0.015048733912408352,0.005123804789036512,0.004176758695393801,0.09262478351593018,0.1036161407828331,1,0.09727882333650714,1,0.45843417769630096,0.34576536497221133,-0.01653822602393953,0.49604000057401637,53.03072783270373,0.5015006542205811,0.41627687215805054,0.6169440031051636,0.43449026346206665,822.769775390625,319.7576379776001,875.5178833007812,325.22528886795044,753.5374450683594,309.60500478744507,699.6049499511719,301.3203477859497,478,0.6154433488845825,0.5182133913040161,0,-9.765541076660156,0.5013018265485037,0.607271066070599,0.5253454715619927,0.316588922002998,-0.03176376682718915,0.4575541336933113,54.56509480709265,-7.1314921379089355,0.08,7.09706449508667,-0.6135402917861938,-33.35639572143555,1.3080248832702637
0.9932451248168945,0.1111220195889473,0.03340626507997513,-0.11461036652326584,0.9844876527786255,0.13284777104854584,-0.018125740811228752,-0.13577911257743835,0.9905734062194824,1.0000001192092896,0.14585117995738983,0.09204505383968353,0.6438347101211548,0.6428182125091553,0.023578660562634468,0.22456024587154388,0.2378046065568924,0.008678770624101162,0.00546845979988575,0.004726208280771971,0.09841247648000717,0.11507861316204071,1,0.09699223685134364,1,0.43934589106559335,0.33577131743517824,-0.01153894679839017,0.48977869014703534,53.67533098942895,0.5027613997459411,0.4156394213438034,0.616955554485321,0.43393798768520353,821.2654876708984,319.126353263855,874.7468566894531,323.6853361129761,753.4500122070312,309.50185775756836,699.5097351074219,301.25492334365845,478,0.6141941547393799,0.5182985663414001,0,-7.8049635887146,0.44196661962430767,0.6604921057369013,0.5297067151217992,0.315425710251741,-0.030863576177597593,0.45633840296996153,54.567072680501276,-6.58223819732666,0.08,7.0924248695373535,-0.4728298783302307,-33.376564025878906,1.0385853052139282
0.9937671422958374,0.1073782667517662,0.02994758076965809,-0.1104850098490715,0.9844693541526794,0.13643008470535278,-0.014832849614322186,-0.13888850808143616,0.990196943283081,1.0000001192092896,0.1422812044620514,0.09417698532342911,0.6456500887870789,0.6450966000556946,0.013325078412890434,0.3543907105922699,0.37695446610450745,0.004174507688730955,0.005486172158271074,0.0045236446894705296,0.09401427954435349,0.10703982412815094,1,0.09706001286561725,1,0.4201512150052599,0.3433156251746908,-0.010652906265609089,0.4954309300745775,53.46469054490407,0.5042114436626435,0.4162220239639282,0.616932886838913,0.4344545483589172,820.4505157470703,318.86285305023193,873.7033843994141,323.6173367500305,751.329345703125,309.5003342628479,698.0479431152344,301.7722249031067,478,0.6127214431762695,0.518232524394989,0,-7.984417915344238,0.38620136245958836,0.7604766574219162,0.5624956340986971,0.32897238488371805,-0.02586458460398461,0.4698980757437504,53.83894070388713,-6.343975067138672,0.08,7.027564525604248,-0.4918406009674072,-33.344791412353516,0.8498907685279846
0.9936192035675049,0.10849855095148087,0.030804092064499855,-0.11179809272289276,0.9835460186004639,0.14190958440303802,-0.01490026619285345,-0.1444479376077652,0.9894002079963684,1.0000001192092896,0.14278151094913483,0.08485012501478195,0.636789083480835,0.6330404281616211,0.014516588300466537,0.3572618067264557,0.38445010781288147,0.0034344266168773174,0.005740413907915354,0.004600579850375652,0.09254729747772217,0.10736338049173355,1,0.09638699980241908,1,0.4199717422781531,0.3486754712686653,-0.011625706166309757,0.501964265467585,53.02241960266844,0.5041123688220978,0.4162619888782501,0.6165324509143829,0.4344386637210846,819.749755859375,318.93583059310913,872.5648498535156,323.6201477050781,751.1498260498047,309.59155082702637,697.7916717529297,301.76525115966797,478,0.6124200820922852,0.5181766748428345,0,-8.30624008178711,0.367259081433181,0.7449162668998123,0.5648729445245706,0.33215514996787493,-0.027221638881802936,0.4731937051431117,53.929060779511744,-6.419693470001221,0.08,7.002388954162598,-0.5184312462806702,-33.38041305541992,0.853753924369812
0.993647575378418,0.10836417227983475,0.03036009706556797,-0.11161377280950546,0.9834393858909607,0.14279115200042725,-0.014383864589035511,-0.14527270197868347,0.9892871379852295,0.9999999403953552,0.1362011879682541,0.09323230385780334,0.6373836994171143,0.6368895769119263,0.011728092096745968,0.3901521563529968,0.4159146845340729,0.0032626616302877665,0.005688020959496498,0.004535009618848562,0.1011059582233429,0.10388027131557465,1,0.09676655381716313,1,0.41397428933081076,0.3464879871685743,-0.009922326798877277,0.5069522170520057,53.069218766395295,0.5045003473758698,0.41598976850509645,0.6164797127246857,0.43441392183303834,819.6000671386719,318.8631534576416,872.4787902832031,323.3556604385376,750.3191375732422,309.58412647247314,697.3539733886719,301.7722463607788,478,0.6119793653488159,0.5184241533279419,0,-8.353940963745117,0.28435418718894373,0.7456984759409111,0.5714273277624018,0.33321844212917556,-0.027588745388457795,0.47237800093933574,53.53815544156384,-6.409016132354736,0.08,6.973152160644531,-0.5243924856185913,-33.32865905761719,0.8241631388664246
0.9936867952346802,0.10792213678359985,0.0306493379175663,-0.11119967699050903,0.9836665391921997,0.14154410362243652,-0.014872990548610687,-0.1440587192773819,0.989457368850708,0.9999999403953552,0.12733326852321625,0.08994004130363464,0.6343890428543091,0.6330792903900146,0.013374281115829945,0.38000622391700745,0.4100450277328491,0.002845148090273142,0.005514953751116991,0.004330743104219437,0.09587200731039047,0.10223128646612167,1,0.09651381741739522,1,0.4196390538768523,0.3501124596223554,-0.009372070525125559,0.511708584314207,53.20134543047782,0.5044500708580018,0.416308856010437,0.6163259625434876,0.4344168663024902,819.4835662841797,318.7790608406067,872.4885559082031,323.3457040786743,750.1385498046875,309.55621004104614,696.6826629638672,301.7899703979492,478,0.6118758916854858,0.5181080102920532,0,-8.283697128295898,0.28435418718894373,0.7605116169695274,0.5782553299667467,0.331337920664254,-0.027215401808358027,0.4727781721718275,54.01709281552118,-6.3851847648620605,0.08,6.952019214630127,-0.5187391638755798,-33.28478240966797,0.8521909713745117
0.9939355850219727,0.1062338575720787,0.028397010639309883,-0.10909923911094666,0.9849907159805298,0.1337559074163437,-0.01376140583306551,-0.13604284822940826,0.9906073808670044,1.0,0.11930438131093979,0.07813142240047455,0.6320891976356506,0.6224749088287354,0.01378887053579092,0.3827650845050812,0.40827882289886475,0.002867107279598713,0.005963358096778393,0.004588180221617222,0.0910315066576004,0.09802377969026566,1,0.09651706692183372,1,0.41621811187827745,0.3521714055798022,-0.009575673234303502,0.5113329681188689,53.384265941339414,0.5044138073921204,0.41593453884124754,0.6163835763931275,0.4344457745552063,819.2711639404297,318.79875898361206,872.4610900878906,323.34975957870483,750.3569793701172,309.5774531364441,696.7315673828125,301.7887473106384,478,0.6119697690010071,0.5185112357139587,0,-7.819671630859375,0.25796744775744357,0.7711938945665914,0.5769217821441258,0.333396457483204,-0.02674938611372956,0.47514775878629184,54.18808678443516,-6.263988494873047,0.08,6.966859340667725,-0.49136918783187866,-33.27594757080078,0.7884953022003174
0.9943920373916626,0.10157448053359985,0.029448239132761955,-0.10462520271539688,0.9854727387428284,0.13377974927425385,-0.01543183159083128,-0.1361105591058731,0.9905734658241272,1.0000001192092896,0.12975236773490906,0.07781869173049927,0.6251413822174072,0.6259087324142456,0.015091094188392162,0.3558579385280609,0.38317710161209106,0.0032733853440731764,0.0056972927413880825,0.004868131130933762,0.08681625872850418,0.1069154217839241,1,0.09662166827753989,1,0.42247456500052816,0.3496626361136909,-0.011278773910069614,0.5066531346891401,53.370960271875354,0.5037741899490357,0.41632952690124514,0.6164241671562195,0.4344597101211548,819.7149658203125,319.03977155685425,872.9039764404297,323.4430146217346,750.5165100097656,309.5780324935913,697.0234680175781,301.7883610725403,478,0.6126499772071838,0.5181301832199097,0,-7.823779582977295,0.25091043938175817,0.7482575672584116,0.5727091240567538,0.33308773218774435,-0.026713154140473542,0.47507012837289314,54.05723376694361,-6.006290435791016,0.08,7.018432140350342,-0.48226505517959595,-33.35911560058594,0.8842138648033142
0.9952549338340759,0.09336749464273453,0.0273911040276289,-0.09576032310724258,0.9897903203964233,0.10557025671005249,-0.017254622653126717,-0.10769228637218475,0.9940345287322998,1.0000001192092896,0.2231428325176239,0.15209700167179108,0.6854240894317627,0.7067731618881226,0.02259013243019581,0.2897006869316101,0.29776710271835327,0.00565022649243474,0.004443695768713951,0.0039415787905454636,0.07828035205602646,0.17781978845596313,1,0.09596421903476926,1,0.4383508081754145,0.319347206486943,-0.006813509939397919,0.4895019758977464,52.247894438275715,0.5026592969894409,0.4173299431800842,0.6150927305221557,0.4352283239364624,819.1041564941406,319.03438568115234,871.1656188964844,323.4442162513733,750.4093933105469,309.6150255203247,696.7938995361328,302.5317621231079,478,0.6124334335327148,0.5178983807563782,0,-6.183227062225342,0.25796744775744357,0.6811737745071919,0.5525304685687611,0.2841394627288166,-0.014032110869992214,0.4573876937714961,54.08136271523441,-5.4959025382995605,0.08,7.091745853424072,-0.31943944096565247,-33.701942443847656,0.9886661171913147
0.9959854483604431,0.08241362124681473,0.03494156524538994,-0.0854392722249031,0.9916657209396362,0.0964323878288269,-0.026703007519245148,-0.09903063625097275,0.9947260022163391,1.0,0.6005054712295532,0.5244080424308777,0.8667967915534973,0.8640220165252686,0.07484570145606995,0.10162101686000824,0.0790332555770874,0.043254632502794266,0.001879076473414898,0.0011993118096143007,0.12265492230653763,0.22838345170021057,1,0.09636203582731294,1,0.4933219709900358,0.17894597611947027,0.021786312576179672,0.36127535552194756,53.446732146487754,0.49831349849700923,0.4230254888534546,0.6103681445121765,0.4383312463760376,815.8618927001953,318.3722233772278,868.9606475830078,324.46118116378784,747.8854370117188,309.5494294166565,691.1878967285156,304.7994089126587,478,0.6120546460151672,0.515305757522583,0,-5.685386657714844,0.3235967875347546,0.5709957027437655,0.5116188960698601,0.11786067336899647,0.028903814763659254,0.31013513220210626,56.89616655863233,-4.903038024902344,0.08,7.067121505737305,-0.22165438532829285,-34.12033462524414,1.5301513671875
0.9961308240890503,0.07739996910095215,0.041624803096055984,-0.08154606819152832,0.9906446933746338,0.10942274332046509,-0.032766085118055344,-0.11239370703697205,0.9931234121322632,1.0000001192092896,0.7161734700202942,0.5460534691810608,0.8817156553268433,0.8836318850517273,0.08871068060398102,0.09023753553628922,0.06785088777542114,0.05000859126448631,0.001529489178210497,0.0013106715632602572,0.1736900955438614,0.2789979875087738,1,0.09537298102941721,1,0.49449741992641283,0.11630073432735755,0.025809767441015284,0.33365727019536573,52.96846132717646,0.4973278760910034,0.4268508940935135,0.6074674844741821,0.43222532570362093,811.9130706787109,313.4844660758972,864.3878936767578,320.6990933418274,744.9300384521484,305.097713470459,689.1024780273438,301.3374924659729,478,0.6101396083831787,0.5053744316101074,0,-6.456801891326904,0.36817540610897687,0.5413722557928825,0.5011597848459919,0.09458727238213632,0.017249624532096216,0.19944092032075095,55.95405047983304,-4.679957389831543,0.08,6.9444122314453125,-0.005566137842833996,-34.39299011230469,1.8776944875717163
0.9987380504608154,-0.005513731390237808,0.04991978406906128,-0.00026099212118424475,0.9933722019195557,0.1149413138628006,-0.05022268742322922,-0.1148092970252037,0.992117166519165,1.0,0.21227282285690308,0.1300668865442276,0.6553182601928711,0.6678915619850159,0.06203233450651169,0.14115837216377258,0.09678362309932709,0.0202296432107687,0.004910219460725784,0.004011604003608227,0.11240296810865402,0.14731696248054504,1,0.0926558700157563,1,0.4923384234374935,0.3218329296829954,-0.017352887622542786,0.48969254937627693,51.37541537048537,0.4950323879718781,0.41910703778266906,0.5825662195682526,0.4210821568965912,779.0286254882812,306.4073181152344,830.3864288330078,305.0622010231018,712.1355438232422,304.2043447494507,658.3559417724609,301.9621253013611,478,0.5875338315963745,0.5019751191139221,0,-6.600992202758789,0.4390744356680898,0.6977836418025123,0.5225573738685106,0.2981579097186807,-0.027775734813293144,0.4678117406273358,53.826323902914254,-0.014972641132771969,0.3,5.464692115783691,0.20939713716506958,-34.92873001098633,2.8787589073181152
0.9989219903945923,-0.00525122182443738,0.04612357169389725,0.00010340628068661317,0.9938305616378784,0.11090923845767975,-0.04642140865325928,-0.11078498512506485,0.9927595853805542,1.0,0.20852252840995789,0.1360348016023636,0.6640288829803467,0.6649347543716431,0.06907732039690018,0.08537667989730835,0.06844823807477951,0.04568680748343468,0.00500348350033164,0.004258115775883198,0.12143375724554062,0.1434967815876007,1,0.0948388037696159,1,0.48693642544355864,0.3187070233267738,-0.01893631750783166,0.47811194765487053,51.70395852883218,0.4948464572429657,0.4183622032403946,0.5792237460613251,0.42056143581867217,775.6855010986328,306.04674339294434,827.3703002929688,304.6393132209778,708.2402801513672,303.94927740097046,654.7383117675781,301.71870946884155,478,0.5843772888183594,0.5021992325782776,0,-6.367461204528809,0.49524456607153566,0.7011625688480998,0.4863622359797789,0.29574592265058053,-0.026615088051462732,0.4610005602904762,53.54844586303979,0.005931136664003134,0.3,5.286667823791504,0.23039859533309937,-34.88466262817383,2.6607067584991455
0.9989334940910339,-0.006190032232552767,0.0457543209195137,0.0009895949624478817,0.9936150312423706,0.11281926184892654,-0.046160537749528885,-0.11265363544225693,0.9925614595413208,1.0,0.21859414875507355,0.15235960483551025,0.6372778415679932,0.6371341943740845,0.03173549845814705,0.17379243671894073,0.17154109477996826,0.01559264026582241,0.0058901673182845116,0.005034632980823517,0.111536405980587,0.14290978014469147,1,0.09463709787592786,1,0.4580667519655599,0.32062977325436554,-0.02310255537123014,0.4703630445906669,50.92576560082249,0.49603436589241023,0.4180394560098648,0.5770056664943695,0.42045958340168,771.68701171875,306.0224962234497,822.5933837890625,304.61719036102295,703.7166595458984,304.18621301651,650.8324432373047,302.1901774406433,478,0.5809713006019592,0.5024201273918152,0,-6.475240707397461,0.49524456607153566,0.6016944668838243,0.5150307636108061,0.297742000392154,-0.032726910822254054,0.4440046989414299,52.92187159105488,0.05676012858748436,0.3,5.070766925811768,0.2197512984275818,-34.96376037597656,2.6457440853118896
0.9989950656890869,-0.011957635171711445,0.04319664463400841,0.007116134278476238,0.9938459396362305,0.1105424016714096,-0.044252634048461914,-0.11012391746044159,0.9929322004318237,0.9999997019767761,0.20983447134494781,0.16223621368408203,0.6501456499099731,0.6520060300827026,0.07218881696462631,0.13704611361026764,0.08027730137109756,0.023024072870612144,0.005940607748925686,0.003924154210835695,0.12647755444049835,0.12093716859817505,1,0.09207261250233201,1,0.49669362119466154,0.3230372766280416,-0.02605460082657456,0.46589347741878406,50.69260545889626,0.49497733712196346,0.4184107452630997,0.5718416392803192,0.4217594534158707,765.5253601074219,306.22097969055176,816.1943054199219,304.67235803604126,698.6742401123047,305.4841661453247,646.2320709228516,304.0903615951538,478,0.5768643021583557,0.503348708152771,0,-6.328683853149414,0.49524456607153566,0.6465560869993563,0.5122821195476039,0.2994417940653733,-0.02838923979277985,0.44755397897230653,52.460688143830374,0.40812769532203674,0.3,4.817147254943848,0.20461229979991913,-35.15340042114258,2.5363173484802246
0.9987196326255798,-0.021825123578310013,0.045636776834726334,0.01692509651184082,0.9943148493766785,0.10512609779834747,-0.047671712934970856,-0.10421909391880035,0.993411123752594,0.9999999403953552,0.16664910316467285,0.12300825119018555,0.663500189781189,0.6518490314483643,0.07745330780744553,0.09298942238092422,0.06878998875617981,0.04001929983496666,0.005885854829102755,0.003920776303857565,0.11863292008638382,0.10016389936208725,1,0.09265717409087128,1,0.49077356132446065,0.33283999318425667,-0.02410627334722978,0.4769947256808939,51.61711053770444,0.4938659787178039,0.41616994738578794,0.566641879081726,0.42523927092552183,758.509521484375,308.39266777038574,810.0644683837891,305.8601689338684,693.3927917480469,308.3193039894104,639.5646286010742,307.57397174835205,478,0.5727759003639221,0.5090693235397339,0,-5.989011287689209,0.49524456607153566,0.6643442376113198,0.49266660327025963,0.30876120623559894,-0.025102216990456866,0.4672491000581963,53.83332302611768,0.970886766910553,0.3,4.500912189483643,0.08080913126468658,-35.170265197753906,2.7324235439300537
0.998165488243103,-0.041333749890327454,0.04424002766609192,0.03656059503555298,0.99393230676651,0.10373912751674652,-0.04825952276587486,-0.10193140059709549,0.9936201572418213,0.9999998211860657,0.20252928137779236,0.14724712073802948,0.6392762660980225,0.6349302530288696,0.0665147453546524,0.15245023369789124,0.09247647970914841,0.019510062411427498,0.0070408484898507595,0.003964496776461601,0.15855327248573303,0.12101668864488602,1,0.09008543235789915,1,0.4834398725516264,0.31885397047314223,-0.024272164757477566,0.4645678384379914,51.40211591395551,0.49376934170722964,0.4146351605653763,0.5626468002796173,0.42846939861774447,751.5092468261719,309.75967168807983,802.8150177001953,306.6139769554138,688.5018920898438,311.2909770011902,635.26123046875,311.6749620437622,478,0.5688774585723877,0.5138342380523682,0,-5.857247829437256,0.49524456607153566,0.6429351208903528,0.5150566202097682,0.30287561797574053,-0.023654355930743293,0.4572336903204134,53.2420463024404,2.097679853439331,0.3,4.26154088973999,-0.04765850678086281,-35.388065338134766,2.766141414642334
0.9980689883232117,-0.04772668331861496,0.0397549644112587,0.04390016570687294,0.9947798252105713,0.09211815893650055,-0.04394394904375076,-0.09019505232572556,0.9949541687965393,1.0000003576278687,0.22396579384803772,0.15541312098503113,0.6282808780670166,0.6295588612556458,0.06253693997859955,0.11775010079145432,0.0909770131111145,0.026326654478907585,0.006907912436872721,0.00483884708955884,0.17689798772335052,0.16713392734527588,1,0.09107523560216127,1,0.4793333980119522,0.30606121258905655,-0.02028980758250407,0.47256539307325673,50.89064969422658,0.4936215043067932,0.4138318508863449,0.5590980410575866,0.43125363290309904,747.6475524902344,311.6387414932251,798.4230041503906,308.2165002822876,683.7611389160156,313.5835576057434,631.3391876220703,313.86724948883057,478,0.5654765367507935,0.5174217820167542,0,-5.179845333099365,0.5119813048135461,0.6315371775787058,0.49901613925505767,0.2924996147477742,-0.027023506622952737,0.45472031788063816,52.42271891703204,2.5185370445251465,0.3,4.075915813446045,-0.10730727761983871,-35.476409912109375,2.518613815307617
0.9980612993240356,-0.050470657646656036,0.036419618874788284,0.047173403203487396,0.9951496124267578,0.08632445335388184,-0.04059981927275658,-0.08443904668092728,0.9956011772155762,1.0000001192092896,0.2085076868534088,0.15810412168502808,0.6551748514175415,0.6466105580329895,0.05259598046541214,0.11460916697978973,0.10432299226522446,0.027042927220463753,0.006490996107459068,0.004087605979293585,0.1821460872888565,0.14657330513000488,1,0.09185597771072496,1,0.47114163978438245,0.3087023317746358,-0.017794861810793216,0.48131471470651316,50.3898766831777,0.4933450102806092,0.41553980112075806,0.5597644329071045,0.4331830143928528,748.8444519042969,312.65169382095337,799.1023254394531,309.0067219734192,684.1029357910156,314.983971118927,632.15576171875,315.23691415786743,478,0.5664194226264954,0.5176432132720947,0,-4.847774982452393,0.5119813048135461,0.6755473717913902,0.4949212919159729,0.2950404430942728,-0.019605352427053406,0.46732820232928807,51.94778988926391,2.706073045730591,0.3,4.15540885925293,-0.13154499232769012,-35.57617950439453,2.3268375396728516
0.9976853728294373,-0.0519920252263546,0.04382607713341713,0.04762229695916176,0.9942942261695862,0.09545248746871948,-0.04853878542780876,-0.09314445406198502,0.9944687485694885,1.0000001192092896,0.20522798597812653,0.17706309258937836,0.641457736492157,0.6316850185394287,0.07262106984853745,0.05857762694358826,0.05942971631884575,0.07674816250801086,0.006108263973146677,0.004337525460869074,0.1633225828409195,0.14652623236179352,1,0.09372378263556647,1,0.47642387570246814,0.31715593012411314,-0.019620544064730586,0.4683507492838649,48.98918993644357,0.4915785968303681,0.4167849838733673,0.5610452473163605,0.43258212208747865,752.6373291015625,312.1082139015198,801.524658203125,308.95071744918823,686.2590789794922,314.747314453125,634.1313552856445,314.5914888381958,478,0.5694666504859924,0.5157971382141113,0,-5.350856781005859,0.5119813048135461,0.6780286559914491,0.4630695859188937,0.29071957137985927,-0.02149393220309018,0.45836508099588275,52.127956599397315,2.7328126430511475,0.3,4.336082458496094,-0.13547414541244507,-35.91402816772461,2.782160758972168
0.997479259967804,-0.0506172850728035,0.04973005875945091,0.045944105833768845,0.99479079246521,0.09099756181240082,-0.05407704785466194,-0.08848337084054947,0.9946087002754211,0.9999997019767761,0.2050803005695343,0.14979548752307892,0.6273099184036255,0.614301323890686,0.09799636900424957,0.04478822275996208,0.04345874488353729,0.10170134156942368,0.0068703400902450085,0.004642187152057886,0.1785583794116974,0.11213011294603348,1,0.09425646845455832,1,0.48500734444698335,0.3153290779719293,-0.02622844911201169,0.46510163857664266,49.2209492419873,0.49017872214317326,0.4157488405704498,0.5656085193157196,0.43248618245124815,759.1376495361328,312.258095741272,808.2677459716797,309.26887035369873,692.7386474609375,314.6264863014221,639.7795867919922,314.7507905960083,478,0.5754297971725464,0.5167373418807983,0,-5.083820343017578,0.5119813048135461,0.6609343433423548,0.4532504124876783,0.2985888745140274,-0.023020941374997585,0.4611572208788316,52.9592065518414,2.6371915340423584,0.3,4.64628267288208,-0.1275329291820526,-35.79901123046875,3.09989857673645
0.9970486164093018,-0.048739880323410034,0.05931636691093445,0.04416029900312424,0.9961133599281311,0.07620973885059357,-0.06280028820037842,-0.07336539775133133,0.9953259229660034,1.0,0.22155514359474182,0.16757191717624664,0.5881284475326538,0.5852411985397339,0.08674077689647675,0.0506872832775116,0.0468577966094017,0.090868279337883,0.008074524812400341,0.005689855664968491,0.17553235590457916,0.12215148657560349,1,0.09447129014596904,1,0.48080179342460344,0.3120699844807085,-0.03443105865012774,0.4444941298571186,49.693530656938776,0.4903246521949768,0.4137775659561157,0.5676699042320251,0.43377254009246824,761.5024566650391,313.8260507583618,811.1002349853516,310.74264764785767,694.7599792480469,315.630898475647,641.8842315673828,315.96302032470703,478,0.5773452520370483,0.5199949741363525,0,-4.215643882751465,0.5101776218462187,0.5521150185793773,0.4615881335256919,0.2956886917547547,-0.029872528228185372,0.4379878807279121,52.87679072918124,2.5360310077667236,0.3,4.705471992492676,-0.16017065942287445,-35.62637710571289,3.600560426712036
0.9971271753311157,-0.037695739418268204,0.06569992750883102,0.03183465078473091,0.9956045746803284,0.08808005601167679,-0.068731389939785,-0.0857354924082756,0.9939443469047546,0.9999999403953552,0.20443688333034515,0.14170949161052704,0.6166303753852844,0.6077720522880554,0.07527663558721542,0.06051895022392273,0.05232158303260803,0.07587438821792603,0.006679533515125513,0.005512922070920467,0.16932456195354462,0.15898080170154572,1,0.09395855073817007,1,0.47799444730663987,0.31437037322551964,-0.023784215546261964,0.46321537118286216,50.7633159865436,0.49116502404212947,0.41289253532886505,0.5687483966350555,0.4369779974222183,761.8637847900391,316.8228507041931,812.5286102294922,313.66219997406006,696.3521575927734,317.157826423645,642.8540802001953,316.37706756591797,478,0.577583372592926,0.5240854620933533,0,-4.930006980895996,0.4977949155586876,0.6425697291192236,0.4692477221312374,0.2934567742384716,-0.02509436494336132,0.4474567580430179,53.5037743453974,1.8286250829696655,0.3,4.697412014007568,-0.3415243625640869,-35.47797393798828,3.9411256313323975
0.9969272017478943,-0.03730053827166557,0.0688820481300354,0.030025124549865723,0.9941458702087402,0.10379064083099365,-0.07235024869441986,-0.10140351951122284,0.9922109842300415,1.0000001192092896,0.17180049419403076,0.13455845415592194,0.633557915687561,0.6286623477935791,0.0807027667760849,0.062004465609788895,0.04893691465258598,0.0748700425028801,0.006179036106914282,0.004692658316344023,0.16470246016979218,0.16820171475410461,1,0.09301038343410442,1,0.4916976689940016,0.3266898852054836,-0.020013808225277246,0.47908764028613127,50.49493126669595,0.4912966668605805,0.41297355592250823,0.5684174478054047,0.43842879235744475,761.6591644287109,317.6975083351135,812.0245361328125,314.0826201438904,695.9432983398438,318.12219858169556,642.7705383300781,317.0086741447449,478,0.5771207809448242,0.5254552364349365,0,-5.835342884063721,0.49020675970645183,0.7156962985081466,0.47689673972119884,0.29424833826449753,-0.0171785957365149,0.47409000193885215,53.18441824288563,1.7250938415527344,0.3,4.678624153137207,-0.4277394711971283,-35.57316207885742,4.148988723754883
0.9968029856681824,-0.0398995578289032,0.06922321021556854,0.03337598219513893,0.995110034942627,0.09296268224716187,-0.07259388267993927,-0.09035506844520569,0.993260383605957,0.9999999403953552,0.17494399845600128,0.14623650908470154,0.650873601436615,0.6373677253723145,0.0783136636018753,0.05811060592532158,0.05071766674518585,0.07887527346611023,0.006105687934905291,0.0042263418436050415,0.18584991991519928,0.15452080965042114,1,0.09276683830182644,1,0.482955127032485,0.31975476086737337,-0.0174152227971224,0.47795407908588794,50.449924679502956,0.4914602279663086,0.4133605420589447,0.5666173934936524,0.4388683497905731,758.7633514404297,317.533700466156,809.0852355957031,313.9416432380676,694.1426086425781,318.5880446434021,640.8940887451172,317.6599144935608,478,0.5751571655273438,0.5255078077316284,0,-5.197785377502441,0.48557921260642295,0.7231215891747628,0.47131800720749517,0.29251181806185683,-0.01461394287987606,0.4707023603382136,53.25660801207537,1.9177196025848389,0.3,4.544471263885498,-0.40771856904029846,-35.55570602416992,4.162984848022461
0.9980676770210266,-0.03332370147109032,0.05244416370987892,0.030047394335269928,0.99761962890625,0.06206687167286873,-0.05438762158155441,-0.060371097177267075,0.9966931939125061,1.0000001192092896,0.17050038278102875,0.12435462325811386,0.6150787472724915,0.6033323407173157,0.03345433250069618,0.14628441631793976,0.15017859637737274,0.019194835796952248,0.0076191620901227,0.005360608920454979,0.18988730013370514,0.13680627942085266,1,0.09266404567686506,1,0.4546578541499654,0.3201073767792019,-0.013234711089852892,0.4825216576016111,51.045661230479205,0.49427000284194944,0.4124547392129898,0.5658421874046325,0.4374283105134964,755.9808349609375,316.87548637390137,806.8979644775391,313.25534105300903,691.5272521972656,317.74407148361206,638.6742401123047,315.93353748321533,478,0.5715721845626831,0.5249735713005066,0,-3.46625018119812,0.4696028128138029,0.6926405743598758,0.499340989136495,0.3063389110870859,-0.01930101784548152,0.45615229732461543,52.88401384090836,1.7244009971618652,0.3,4.403320789337158,-0.25574252009391785,-35.3824348449707,3.1177191734313965
0.998798131942749,-0.02467551827430725,0.04234889894723892,0.02148086205124855,0.997004508972168,0.07430094480514526,-0.044055450707674026,-0.07330194860696793,0.9963363409042358,1.0000008344650269,0.175062894821167,0.13087846338748932,0.6165018081665039,0.6071629524230957,0.027324816212058067,0.1515144258737564,0.15254507958889008,0.024100452661514282,0.0070061762817204,0.005454512778669596,0.1706331968307495,0.15160693228244781,1,0.09484373500828566,1,0.4442312435228044,0.32286366552956647,-0.01183263508238397,0.4883372784302976,51.22918809992204,0.4949643015861511,0.4113940060138702,0.562628984451294,0.43632579445838926,752.6073455810547,316.4298748970032,803.7358093261719,313.2189702987671,686.5023040771484,316.63408756256104,633.3359527587891,314.69006538391113,478,0.5676646828651428,0.524931788444519,0,-4.207755088806152,0.4673468956871086,0.6757122069616629,0.49288225638759203,0.2987514240700704,-0.023079637717617868,0.4576861439683949,53.201880933334486,1.2320536375045776,0.3,4.1942291259765625,-0.2585526704788208,-35.289493560791016,2.5250084400177
0.9986720681190491,-0.03186458349227905,0.04048169031739235,0.028780676424503326,0.9967979192733765,0.07460400462150574,-0.04272932559251785,-0.07333984225988388,0.996391236782074,1.0000001192092896,0.1657118797302246,0.09387055039405823,0.6028944253921509,0.6024188995361328,0.03241721913218498,0.1451815664768219,0.143307164311409,0.023164529353380203,0.007106272969394922,0.0059424834325909615,0.15256516635417938,0.13804276287555695,1,0.09392328519656487,1,0.45727820251045515,0.3252102337000148,-0.01500008005268742,0.48413951824005347,52.09528480357268,0.495310389995575,0.410349577665329,0.56187983751297,0.44026246666908264,751.2809753417969,319.1918420791626,803.2418823242188,315.4524779319763,686.6822814941406,319.8120331764221,632.4348068237305,317.74686098098755,478,0.566569447517395,0.5299128890037537,0,-4.209691047668457,0.45931080016921233,0.7007848946054329,0.4928682074611478,0.3101607015165112,-0.01903259827389178,0.46564691311513096,54.28677043647154,1.6507470607757568,0.3,4.182981967926025,-0.4148109555244446,-35.417236328125,2.448955535888672
0.9995675683021545,-0.022595373913645744,0.018822919577360153,0.021389195695519447,0.9978477358818054,0.06198770925402641,-0.020183047279715538,-0.06155828386545181,0.9978993535041809,0.9999998211860657,0.13318988680839539,0.10787427425384521,0.549667477607727,0.5424612164497375,0.1075243204832077,0.051087748259305954,0.03398584574460983,0.08848122507333755,0.008311107754707336,0.007279743440449238,0.14035601913928986,0.1371701955795288,1,0.09499905945373738,1,0.514328616391885,0.3423976899171681,-0.03351202339973499,0.4567093657901277,51.84424040130857,0.4947403371334076,0.40861113667488097,0.5622584521770477,0.44108183979988097,755.5751800537109,321.0481023788452,807.2853088378906,317.3214626312256,686.5821075439453,320.812132358551,633.8479614257812,318.52721214294434,478,0.5675181150436401,0.532470703125,0,-3.5299811363220215,0.5061898944582813,0.5602660929616868,0.4747982141211937,0.3172822064026055,-0.034956160764595845,0.4422222671607713,52.78362461321819,1.225853681564331,0.5,4.331457138061523,-0.46242231130599976,-34.966068267822266,1.1564818620681763
0.999680757522583,-0.02384638600051403,0.008350854739546776,0.023296527564525604,0.9978845119476318,0.06069452315568924,-0.00978053268045187,-0.060480598360300064,0.998121440410614,1.0000001192092896,0.1387728601694107,0.12580376863479614,0.5594122409820557,0.5478646755218506,0.09085496515035629,0.0578676201403141,0.04381011053919792,0.07481835037469864,0.008541034534573555,0.007352815009653568,0.15017351508140564,0.16974681615829468,1,0.09415710669873828,1,0.504471023613334,0.3350597578393957,-0.03264502800682254,0.4601743349534384,51.75058602333718,0.49516525864601135,0.4084175378084183,0.5611453354358673,0.4412413388490677,753.1468963623047,320.99602460861206,804.7653198242188,317.29987621307373,685.5852508544922,320.8345341682434,633.2035446166992,318.82858514785767,478,0.565980076789856,0.5328238010406494,0,-3.4675650596618652,0.5061898944582813,0.5969196739712366,0.4737293635554802,0.3080933132891739,-0.03318748804718751,0.43855535216843244,52.42010091519917,1.3349772691726685,0.5,4.298123836517334,-0.4604247510433197,-35.0991096496582,0.5603921413421631
0.9994170665740967,-0.03272602707147598,0.00973116047680378,0.03212728723883629,0.9978930950164795,0.05636736750602722,-0.011555341072380543,-0.05602187290787697,0.99836266040802,0.9999999403953552,0.15621238946914673,0.1378592550754547,0.5465320348739624,0.5404064059257507,0.07544150203466415,0.06413435190916061,0.052167028188705444,0.06717317551374435,0.008899535983800888,0.007996443659067154,0.14776656031608582,0.17255786061286926,1,0.09499708343888193,1,0.49587724175742437,0.3344644936468697,-0.03270257490944554,0.46117327586999474,51.75888849501277,0.4952301621437073,0.40708189010620116,0.5607920527458191,0.44198482036590575,752.7729034423828,320.9553837776184,804.4050598144531,317.33558177948,685.15380859375,321.46807193756104,632.4222946166992,320.53534984588623,478,0.5655618906021118,0.5349029302597046,0,-3.2117128372192383,0.5061898944582813,0.5646692641319595,0.467359626828895,0.3051271821407533,-0.03460441169356408,0.43683118947016275,52.7397623896589,1.8411976099014282,0.5,4.255864143371582,-0.49439457058906555,-35.00425720214844,0.6620869636535645
0.99912029504776,-0.0413106270134449,0.0072222622111439705,0.040846116840839386,0.9976146221160889,0.05564751476049423,-0.009503872133791447,-0.05530354753136635,0.9984242916107178,1.000000238418579,0.1723274439573288,0.14386816322803497,0.5505077838897705,0.5393153429031372,0.09784822165966034,0.048567384481430054,0.03641236200928688,0.09393651783466339,0.008686987683176994,0.007775707636028528,0.14743047952651978,0.1705673784017563,1,0.09457912968188682,1,0.5040903577417893,0.328297673457716,-0.03364719597304965,0.45323382806761153,52.278357048149644,0.4943088531494141,0.40648253858089445,0.5592080593109131,0.44245835244655607,750.6304168701172,320.9409427642822,802.7848052978516,317.34283447265625,684.0854644775391,321.7718267440796,630.8939361572266,321.6483807563782,478,0.564899206161499,0.5359758138656616,0,-3.1704206466674805,0.5120573847330812,0.5272625162455338,0.4594583786544217,0.3030527468793377,-0.034173664519772606,0.4235902252412766,53.19167156678637,2.341066837310791,0.5,4.216827392578125,-0.5187230110168457,-34.98562240600586,0.5445399284362793
0.999076247215271,-0.04274627938866615,0.004396062809973955,0.042521655559539795,0.9981929063796997,0.042459484189748764,-0.006203100550919771,-0.042233336716890335,0.9990885853767395,1.0000003576278687,0.15933440625667572,0.1328372061252594,0.5156800746917725,0.50673907995224,0.08922238647937775,0.058676935732364655,0.04592697694897652,0.06860380619764328,0.0097989896312356,0.008768442086875439,0.14612236618995667,0.17502442002296448,1,0.09416044756383243,1,0.50551980716244,0.33510987876802045,-0.03847936606648574,0.4464218228472213,51.700698110335466,0.4947905361652374,0.4053882986307144,0.558912318944931,0.44252103865146636,750.4106140136719,321.45217180252075,801.9398498535156,317.2450304031372,682.7082824707031,322.44757175445557,630.6088256835938,321.65642738342285,478,0.5641217827796936,0.537132740020752,0,-2.420557975769043,0.5114629413006521,0.4274008205560734,0.47200224286661774,0.3126822292482075,-0.03954336939684295,0.4205702781883948,52.10546331270747,2.4370930194854736,0.5,4.186737060546875,-0.4904496371746063,-34.97651672363281,0.3554137349128723
0.9988812208175659,-0.047270312905311584,-0.0013083359226584435,0.04728624224662781,0.9981874227523804,0.037228576838970184,-0.00045383957331068814,-0.037248771637678146,0.9993059635162354,0.9999995231628418,0.17390283942222595,0.13482263684272766,0.5442072153091431,0.5318949818611145,0.11028007417917252,0.04589821770787239,0.03324730694293976,0.09483315795660019,0.009285577572882175,0.007453278172761202,0.17664667963981628,0.17286944389343262,1,0.0939521804065007,1,0.5155307930987794,0.32458829295089553,-0.03240410332799506,0.4528475267347737,51.72998108063023,0.49429963231086727,0.40527319610118867,0.5575075566768646,0.44246500432491304,748.9293670654297,320.59457302093506,800.491943359375,316.43624782562256,681.3887786865234,322.43165016174316,629.2488479614258,321.798734664917,478,0.5632079243659973,0.5371918082237244,0,-2.1346912384033203,0.5114629413006521,0.5290454581348331,0.46600462841200935,0.309297764156472,-0.032543879898251415,0.4324082964900207,52.143771997702586,2.710313081741333,0.5,4.144093990325928,-0.4611162841320038,-34.915199279785156,0.026003092527389526
0.9989530444145203,-0.04566878080368042,0.002682301215827465,0.04549553617835045,0.9978874921798706,0.04637572914361954,-0.004794560372829437,-0.04620515555143356,0.9989204406738281,1.0000001192092896,0.19492793083190918,0.15448623895645142,0.5529273152351379,0.5442808866500854,0.18812406063079834,0.028665611520409584,0.01379816047847271,0.18354956805706024,0.008474120870232582,0.006772627122700214,0.1836860030889511,0.18270058929920197,1,0.09323425044844189,1,0.5367466633575563,0.3117932482116907,-0.029075459955544853,0.44668665279847947,52.83979844721439,0.49303241372108464,0.406046462059021,0.5563630044460297,0.44286073446273805,747.5215148925781,320.59746980667114,800.2426910400391,317.0588421821594,681.6327667236328,322.1877408027649,628.754768371582,321.90520763397217,478,0.5633305907249451,0.536814272403717,0,-2.648333787918091,0.5120573847330812,0.6183554937799477,0.44965496308329245,0.2989954832918628,-0.030112732884749242,0.4256928696897619,52.87875315111647,2.6076319217681885,0.5,4.120445728302002,-0.4950977861881256,-34.91412353515625,0.2747091054916382
0.9990906715393066,-0.04257531464099884,0.002252475591376424,0.04239410534501076,0.9976680874824524,0.05348801240324974,-0.00452449219301343,-0.053343892097473145,0.9985659122467041,0.9999997019767761,0.15848517417907715,0.12282385677099228,0.5894744396209717,0.572941780090332,0.09626832604408264,0.049889806658029556,0.03831646591424942,0.08985453844070435,0.0077049206010997295,0.0063593327067792416,0.16715209186077118,0.16020295023918152,1,0.09463727433234499,1,0.5045356913062505,0.32585030423090733,-0.02686786340824192,0.4654677739836695,52.421058189010814,0.49466773867607117,0.4075765997171402,0.5577429831027985,0.444133797287941,748.7438201904297,321.8070387840271,801.0057067871094,317.7250599861145,681.7726135253906,323.1768751144409,628.8149261474609,322.34262228012085,478,0.5630752444267273,0.5365571975708008,0,-3.0578625202178955,0.5120573847330812,0.6193551385255581,0.4643384918015472,0.30906338501700686,-0.026897416916696545,0.4451070602274879,52.964258045554004,2.4297564029693604,0.5,4.135908126831055,-0.5398024916648865,-34.97844696044922,0.2592351734638214
0.9990682601928711,-0.04269830510020256,0.0062874313443899155,0.04237251728773117,0.9980841279029846,0.04508521035313606,-0.008200450800359249,-0.04477676749229431,0.9989634156227112,0.9999995231628418,0.15818898379802704,0.12286251038312912,0.5728369355201721,0.5634636878967285,0.07767195254564285,0.06806540489196777,0.056622616946697235,0.055314190685749054,0.008116071112453938,0.0067662568762898445,0.1656821370124817,0.15419791638851166,1,0.09390054439822412,1,0.4965013869306081,0.33140446157529535,-0.028218081704819174,0.46546391786200964,51.51284541962965,0.49518548846244814,0.4073758780956268,0.5592210233211518,0.44397050738334654,750.2125549316406,321.78601026535034,801.5718078613281,317.8110408782959,683.1153106689453,323.2179021835327,630.7076263427734,322.283935546875,478,0.5640355348587036,0.5365946292877197,0,-2.5664639472961426,0.5114629413006521,0.5949101989052562,0.4782195198240103,0.31502108177683863,-0.03099277521843457,0.4376742052682636,52.41600585903988,2.428575038909912,0.5,4.191309452056885,-0.5123884677886963,-35.063453674316406,0.46985647082328796
0.9993480443954468,-0.035996947437524796,0.002776429522782564,0.03577210754156113,0.9976340532302856,0.05870809778571129,-0.0048831733874976635,-0.058570507913827896,0.9982713460922241,0.9999997019767761,0.15952566266059875,0.1324564516544342,0.5702023506164551,0.5532913208007812,0.09017550200223923,0.06470790505409241,0.04710168018937111,0.05985848978161812,0.008793883956968784,0.0065302434377372265,0.18444006145000458,0.14898891746997833,1,0.09355695489679111,1,0.5042023347291902,0.3246242463927391,-0.030191546634445364,0.46129008444030367,52.3064185481619,0.495408970117569,0.40739782750606535,0.5600900232791901,0.4439316004514694,751.0966491699219,321.7696166038513,803.2676696777344,318.00849437713623,684.7138214111328,323.04516792297363,632.0051956176758,322.2026324272156,478,0.5646810531616211,0.536533772945404,0,-3.357804536819458,0.4862075295280637,0.6077635923816135,0.4761552605454279,0.31090006233458856,-0.029401252362516495,0.44041041106587686,52.71535923430406,2.0500526428222656,0.5,4.272396087646484,-0.5513977408409119,-35.1717529296875,0.2797863185405731
0.9993434548377991,-0.03621076047420502,0.0011753239668905735,0.03613892197608948,0.9986079335212708,0.038421470671892166,-0.002564945723861456,-0.03835379332304001,0.9992609024047852,1.0000001192092896,0.16239923238754272,0.13431233167648315,0.5697037577629089,0.5511974096298218,0.08063337206840515,0.06695897877216339,0.05399638041853905,0.05627064406871796,0.008754631504416466,0.006821886636316776,0.17371787130832672,0.14914193749427795,1,0.09383814182841446,1,0.5018541744908492,0.32995318758875963,-0.030770295695009664,0.46124364289636677,51.66122045250773,0.49536731243133547,0.40699951648712157,0.5611844897270203,0.4438993215560913,752.8803253173828,321.77335023880005,804.4087982177734,318.0722451210022,685.7105255126953,323.003089427948,633.5688018798828,322.1907877922058,478,0.5658171772956848,0.5368998050689697,0,-2.198056697845459,0.4862075295280637,0.5940082552457866,0.47482205004846084,0.31446587782210345,-0.03037631997954976,0.4402348467271655,52.148050562339556,2.0710654258728027,0.5,4.325894355773926,-0.4836796224117279,-35.066864013671875,0.14696072041988373
0.9993064999580383,-0.03723447024822235,0.0002767626428976655,0.03719373047351837,0.99850994348526,0.039930980652570724,-0.0017631567316129804,-0.03989303857088089,0.9992024302482605,1.0000001192092896,0.14744141697883606,0.12458723783493042,0.5684146881103516,0.5560685396194458,0.07373689115047455,0.0757351666688919,0.06266143172979355,0.04819709435105324,0.008404536172747612,0.007037515752017498,0.1548180729150772,0.1592525988817215,1,0.0937025675814844,1,0.500354722115448,0.33277152921576286,-0.02860785827045755,0.46153034213845473,52.2720984432114,0.49576826691627507,0.4069735765457153,0.5615533769130707,0.44403753280639646,752.8842163085938,321.8884062767029,805.0150299072266,318.04776191711426,686.4277648925781,323.00066471099854,633.6605834960938,322.216215133667,478,0.5657851099967957,0.5370639562606812,0,-2.2863128185272217,0.47662704396580163,0.6049285809090914,0.4780700360149605,0.31295986015496585,-0.029023807860205753,0.44099731478511484,52.77301198315677,2.1315386295318604,0.5,4.337915420532227,-0.493992418050766,-35.060726165771484,0.10102148354053497
0.9993420839309692,-0.03541415184736252,0.00782225001603365,0.03493400663137436,0.9978882670402527,0.05475957319140434,-0.009744992479681969,-0.05445028841495514,0.9984689950942993,0.9999997019767761,0.14594092965126038,0.10046637058258057,0.5689523220062256,0.5585000514984131,0.07857222110033035,0.06866316497325897,0.05609899386763573,0.05653379112482071,0.008177418261766434,0.006725431419909,0.15830913186073303,0.13189302384853363,1,0.0940521202988798,1,0.5036273019342428,0.334524387673836,-0.02959164588699772,0.4632688204474836,52.15782987953309,0.4953272342681885,0.4069077670574188,0.561691164970398,0.443934828042984,753.5113525390625,321.86572551727295,805.5352020263672,318.1296443939209,686.4107513427734,322.94049739837646,633.6063385009766,322.0707964897156,478,0.5663639307022095,0.5370270609855652,0,-3.1214632987976074,0.47662704396580163,0.6017540367229967,0.4778005824808211,0.3239957475136309,-0.0297049066533117,0.45509275101269914,52.81157444484183,2.0020735263824463,0.5,4.33009147644043,-0.5494910478591919,-35.0486946105957,0.5583557486534119
0.9993896484375,-0.03387192264199257,0.008544618263840675,0.03344890847802162,0.9984015226364136,0.04555894434452057,-0.010074126534163952,-0.04524531960487366,0.9989251494407654,1.0000001192092896,0.1569962203502655,0.11464477330446243,0.5661963224411011,0.5522185564041138,0.07733259350061417,0.0687827467918396,0.05675017833709717,0.0550227165222168,0.008517847396433353,0.006849260069429874,0.1616590917110443,0.1490897536277771,1,0.09406298288007137,1,0.5000986835428575,0.3297877269039525,-0.029272866126367845,0.4556998205297516,52.06319614730213,0.49542714357376094,0.40669216215610504,0.56163991689682,0.44382520020008087,753.3200836181641,321.8971824645996,805.2479553222656,318.14584493637085,686.2941741943359,322.8833556175232,633.5546875,321.75386667251587,478,0.5662127733230591,0.5371330380439758,0,-2.5933825969696045,0.47662704396580163,0.6072826018817036,0.4778429571776308,0.31604680597890306,-0.02951361766704633,0.4487925002464054,52.751580091637386,1.9169360399246216,0.5,4.3216633796691895,-0.5107120275497437,-35.072532653808594,0.5772146582603455
0.9992521405220032,-0.03777093067765236,0.008275953121483326,0.03736446425318718,0.9983000159263611,0.044731687754392624,-0.009951437823474407,-0.04438900947570801,0.9989647269248962,1.0,0.14462397992610931,0.10274551808834076,0.555919885635376,0.5426299571990967,0.09299250692129135,0.062035802751779556,0.04477721452713013,0.06336509436368942,0.008770816959440708,0.006846487522125244,0.1557673066854477,0.14030535519123077,1,0.09381083269339348,1,0.5118325478805367,0.3359774584799036,-0.02906859816780321,0.4555572691893844,51.96861039009976,0.4949203670024872,0.40655045211315155,0.5606172025203705,0.44386808574199677,752.5163269042969,321.92636489868164,804.3168640136719,317.7501440048218,685.4937744140625,323.0797791481018,632.1345138549805,321.77639722824097,478,0.5656968355178833,0.5373176336288452,0,-2.544265031814575,0.4878194214725376,0.6039642388755111,0.4771573591914467,0.31824078943730816,-0.02763899561451443,0.4501757757971065,53.375176739265015,2.141430377960205,0.5,4.283233642578125,-0.5090505480766296,-35.0439453125,0.5701847672462463
0.99933922290802,-0.03589991480112076,-0.0056885224767029285,0.036038752645254135,0.9989978075027466,0.026543907821178436,0.004729890730232,-0.02673136442899704,0.9996314644813538,0.9999997019767761,0.14461049437522888,0.1142701730132103,0.5493999719619751,0.5324899554252625,0.07381168007850647,0.06867901980876923,0.05685196444392204,0.05465354770421982,0.00916669424623251,0.007426126394420862,0.16582797467708588,0.15375345945358276,1,0.09439749048390003,1,0.5000006281526171,0.3356099029293638,-0.03002233901511238,0.4555453301917272,51.609186732255296,0.4960511326789856,0.40598227083683014,0.5600631237030029,0.4437860995531082,751.7706298828125,322.02389001846313,803.2125854492188,317.8725814819336,683.9588928222656,323.09864044189453,631.8795013427734,321.62636518478394,478,0.5640119910240173,0.5378038287162781,0,-1.5317938327789307,0.49286347860761476,0.5728294601107903,0.47309606697948176,0.31918292064772397,-0.02956502127752248,0.45084976743611394,52.100197805873094,2.065338611602783,0.5,4.274820804595947,-0.44508183002471924,-35.05803680419922,-0.271003782749176
0.9991390109062195,-0.03988350182771683,-0.011428234167397022,0.04018740355968475,0.998807430267334,0.02772633358836174,0.010308788157999516,-0.028161711990833282,0.9995502233505249,1.0,0.155704528093338,0.09718325734138489,0.531095027923584,0.5134000778198242,0.20089063048362732,0.021080389618873596,0.015271106734871864,0.20423969626426697,0.00960992369800806,0.00801966805011034,0.17083147168159485,0.13581305742263794,1,0.09459293535977883,1,0.527608447535596,0.32996014144527186,-0.034547016171995085,0.4446899041021176,52.47789642519419,0.4941089570522308,0.40498689413070676,0.5571824133396148,0.4438369631767273,749.1561126708984,321.88523054122925,801.4958190917969,318.07934761047363,683.0091857910156,323.06872844696045,629.6982574462891,321.981360912323,478,0.563073456287384,0.5388500690460205,0,-1.6138463020324707,0.5594143591199542,0.6440356469440484,0.43091409764171196,0.31815242496867685,-0.027557422817687482,0.44528020471669855,53.322016552626714,2.3033111095428467,0.7,4.227061748504639,-0.46598848700523376,-34.992515563964844,-0.5906604528427124
0.9992916584014893,-0.03604734688997269,-0.010807382874190807,0.03638721629977226,0.9987894296646118,0.03309984132647514,0.009601137600839138,-0.03346961736679077,0.9993936419487,0.9999998211860657,0.13133558630943298,0.0859733521938324,0.5537592768669128,0.54706871509552,0.205147385597229,0.022451132535934448,0.01451968029141426,0.20543178915977478,0.008106944151222706,0.007163527887314558,0.13413530588150024,0.13954052329063416,1,0.09457419536939135,1,0.5373682099762536,0.34485041997121174,-0.03206631993693749,0.45705053721634314,51.89218814352744,0.4942161321640015,0.40616282522678376,0.5572998404502869,0.44520327150821687,750.1292419433594,323.3127236366272,801.8252563476562,318.80481004714966,683.0000305175781,323.91817331314087,629.8313140869141,322.2582721710205,478,0.5630837082862854,0.5390404462814331,0,-1.918114185333252,0.6564339364872273,0.7293364420312632,0.43242742898382946,0.32092565843926085,-0.02474423071429596,0.45870803908121954,53.19462076932561,2.085390329360962,0.7,4.231509685516357,-0.5131174921989441,-35.04325866699219,-0.5501130819320679
0.9993899464607239,-0.03397567942738533,-0.008092324249446392,0.034249939024448395,0.99874347448349,0.03658467158675194,0.006839167792350054,-0.03683951124548912,0.9992978572845459,1.0000001192092896,0.11597137153148651,0.0826866626739502,0.5384397506713867,0.5248640179634094,0.12827524542808533,0.03617194667458534,0.026476645842194557,0.1251978576183319,0.009029076434671879,0.007781283929944038,0.1395902931690216,0.12497399747371674,1,0.0950013015240391,1,0.5193109801501149,0.35148300397709203,-0.034375267939030424,0.4584979876018192,51.45407625634661,0.4948747158050537,0.40643867552280427,0.5584372282028198,0.4441133409738541,751.1803436279297,322.74508237838745,802.4259948730469,318.11850786209106,683.0586242675781,323.55785608291626,630.1338958740234,321.6188335418701,478,0.5635625123977661,0.5376746654510498,0,-2.1112754344940186,0.6564339364872273,0.6209164651689446,0.4511976488983393,0.32871434007430805,-0.030078388190817335,0.45172052248883793,52.96023682020444,1.9628064632415771,0.7,4.232908248901367,-0.5033805966377258,-35.00621032714844,-0.39185845851898193
0.9993836283683777,-0.03414114937186241,-0.008171052671968937,0.03433917090296745,0.9990857839584351,0.025463854894042015,0.007294217590242624,-0.025728736072778702,0.9996423721313477,1.000000238418579,0.13267509639263153,0.09838784486055374,0.5121116042137146,0.4924675524234772,0.12522582709789276,0.0362398587167263,0.026167601346969604,0.12423974275588989,0.010119273327291012,0.008955576457083225,0.15587060153484344,0.1609211564064026,1,0.09479091233620883,1,0.5168567541942245,0.34147610950547763,-0.03812181904798749,0.4499326509818084,51.68328933077078,0.49500357508659365,0.4051324427127838,0.5585707366466522,0.4429836571216583,750.9657287597656,322.0447039604187,802.4760437011719,317.8197956085205,683.3682250976562,322.9572343826294,630.1959228515625,320.82985639572144,478,0.5635671615600586,0.5378512144088745,0,-1.474349856376648,0.6564339364872273,0.5329174633948384,0.45336073473784555,0.3168039963418627,-0.034097352798647104,0.4420286824492963,53.21484250991969,1.9679287672042847,0.7,4.2305378913879395,-0.44083938002586365,-34.97539520263672,-0.41793155670166016
0.9994551539421082,-0.03269234299659729,-0.004522114526480436,0.032824378460645676,0.9989126920700073,0.03310408443212509,0.003434949554502964,-0.033234503120183945,0.9994416236877441,0.9999998211860657,0.12438078224658966,0.0830579400062561,0.5419915318489075,0.5323753356933594,0.12872543931007385,0.03659138083457947,0.025465577840805054,0.12509801983833313,0.008711861446499825,0.007575585041195154,0.14415882527828217,0.1368442177772522,1,0.09471100282329886,1,0.5189566629118656,0.3458297266234029,-0.03167687948545165,0.4622059671807881,51.64292427121061,0.494422972202301,0.40648174583911895,0.5586942434310913,0.4433112770318985,751.1717224121094,322.1527647972107,802.6448059082031,317.9678750038147,683.3970642089844,322.85741329193115,630.2317428588867,320.52316188812256,478,0.5642712712287903,0.5368295311927795,0,-1.9045586585998535,0.572444805716972,0.5929444842423179,0.45663398757055895,0.3227636445691691,-0.030030256097923185,0.4521658098823864,53.216539947480285,1.8810474872589111,0.7,4.234735012054443,-0.46157458424568176,-34.965248107910156,-0.19680848717689514
0.999508798122406,-0.03118041530251503,-0.0031491569243371487,0.031256597489118576,0.9991177320480347,0.02805093117058277,0.002271737903356552,-0.028135577216744423,0.9996015429496765,0.9999998211860657,0.1610993891954422,0.1057480052113533,0.5484476089477539,0.5353446006774902,0.17110981047153473,0.026246292516589165,0.01866910420358181,0.1709180623292923,0.008999484591186047,0.0072144861333072186,0.17372937500476837,0.1381528228521347,1,0.09464121047360254,1,0.526361076877862,0.33323185306614544,-0.033142796253791226,0.44792695586811854,51.14015527262066,0.49419085979461674,0.4068791925907135,0.5587446570396424,0.4435164988040924,751.7793273925781,322.14948177337646,802.7786254882812,318.3564519882202,683.8754272460938,322.85470962524414,631.1838912963867,320.61049461364746,478,0.5645537972450256,0.5366373062133789,0,-1.6122665405273438,0.572444805716972,0.6214039320560663,0.44465674468203065,0.3139905964660572,-0.028231250706205652,0.44317061994750406,52.739306611511516,1.7911674976348877,0.7,4.264980792999268,-0.4459366798400879,-35.025238037109375,-0.1301610916852951
0.9995025992393494,-0.031423091888427734,-0.002679986646398902,0.03146595507860184,0.9993458390235901,0.017821621149778366,0.002118221949785948,-0.01789710856974125,0.9998375773429871,1.0000003576278687,0.17703095078468323,0.11723478138446808,0.5295406579971313,0.5173768997192383,0.14894965291023254,0.0326472669839859,0.021435843780636787,0.14336465299129486,0.009775420650839806,0.00786284264177084,0.17686419188976288,0.15121066570281982,1,0.0941841843186534,1,0.5259358509939883,0.3282814544313614,-0.03563173604272722,0.4414055553518187,51.164533675519486,0.4944580972194672,0.4063733726739883,0.5593311965465546,0.4430645018815994,752.2117614746094,321.95865869522095,803.2389831542969,318.2127070426941,684.5353698730469,322.58736848831177,632.0729827880859,320.5042791366577,478,0.5648730993270874,0.5366911292076111,0,-1.025485873222351,0.5649089162955246,0.528279838048449,0.4494952510820181,0.3125222071529004,-0.03183965445450681,0.4338666752230004,52.503726724912184,1.8031679391860962,0.7,4.283021926879883,-0.40389782190322876,-35.00395202636719,-0.1213652640581131
0.999487578868866,-0.031838469207286835,-0.0033056517131626606,0.03191659227013588,0.999121904373169,0.027143089100718498,0.0024385524448007345,-0.02723468281328678,0.999626100063324,0.9999997019767761,0.1827968955039978,0.11809508502483368,0.5400506854057312,0.5350690484046936,0.17308884859085083,0.028803275898098946,0.01726975105702877,0.17400240898132324,0.00869017094373703,0.007567788008600473,0.16615241765975952,0.15620379149913788,1,0.0939442302918618,1,0.534482823254298,0.32400331335998617,-0.03619295010503456,0.4348058296271342,51.37380028197221,0.4945695996284485,0.4064173102378845,0.5595645308494568,0.4432053565979004,752.6710510253906,321.9825839996338,803.9304351806641,318.55579376220703,685.0877380371094,322.58410692214966,632.7701568603516,320.53391218185425,478,0.5649949312210083,0.5367880463600159,0,-1.560629963874817,0.5649089162955246,0.6053383174218272,0.4459846978079156,0.311219879676084,-0.03136281135384068,0.4300659389712761,52.35773676128957,1.829002022743225,0.7,4.329002857208252,-0.43626946210861206,-35.081321716308594,-0.1397188901901245
0.9994072318077087,-0.03378020226955414,-0.0066368174739181995,0.03394831717014313,0.9990560412406921,0.027103370055556297,0.005714994389563799,-0.027312614023685455,0.9996106028556824,0.9999998211860657,0.1623626947402954,0.0954754576086998,0.5712172985076904,0.5590792894363403,0.1572013646364212,0.03269821032881737,0.0196138396859169,0.1527087241411209,0.008105801418423653,0.0066567170433700085,0.1646224558353424,0.12975504994392395,1,0.09404584403879745,1,0.5273675962019282,0.3298634980438562,-0.030600165144210382,0.4504390488408603,51.8398084032321,0.4946564316749573,0.40699160397052764,0.5593420147895813,0.4444050222635269,751.8556213378906,322.3234820365906,803.5750579833984,318.79281520843506,684.9578094482422,323.23611974716187,632.2182083129883,321.6098427772522,478,0.564685583114624,0.5374134182929993,0,-1.565117597579956,0.587846846665234,0.6968309201514074,0.44689790437568155,0.3214033736771122,-0.025335783488254184,0.45125810142672107,52.7646690958454,1.9455007314682007,0.7,4.311977863311768,-0.4600561261177063,-35.032249450683594,-0.3274468183517456
0.9996098279953003,-0.027875196188688278,-0.0018079669680446386,0.027927672490477562,0.9986478090286255,0.04384678974747658,0.0005832871538586915,-0.043880194425582886,0.9990366101264954,1.0000001192092896,0.14631107449531555,0.0959601029753685,0.5764656066894531,0.559447705745697,0.15617941319942474,0.029759831726551056,0.020808879286050797,0.1537298709154129,0.0080040842294693,0.006368426140397787,0.15908055007457733,0.12770424783229828,1,0.09469065242888156,1,0.5230765472372251,0.33509219690118286,-0.027637913444493345,0.46131328670224275,52.29991590420229,0.49485038518905644,0.40758938193321226,0.5590123414993287,0.44478858113288877,751.4060211181641,322.69787549972534,803.5762023925781,319.0163826942444,684.72900390625,323.33428859710693,630.992431640625,321.6414499282837,478,0.5641619563102722,0.5371991991996765,0,-2.514957904815674,0.587846846665234,0.7010479881597926,0.4458746543752112,0.3158377479630488,-0.023680392290071992,0.4581691626482636,53.763230015735914,1.6003459692001343,0.7,4.254557132720947,-0.5312397480010986,-35.06612777709961,-0.0334198921918869
0.9995183348655701,-0.030498269945383072,-0.0057328385300934315,0.03066660836338997,0.9990167617797852,0.032017745077610016,0.004750711843371391,-0.032178133726119995,0.9994708299636841,0.9999993443489075,0.12297670543193817,0.10009068250656128,0.5513018369674683,0.527352511882782,0.16443926095962524,0.0327039398252964,0.017292669042944908,0.15692949295043945,0.009448723867535591,0.006832825019955635,0.15229497849941254,0.1339292675256729,1,0.09339086526960805,1,0.531343559746876,0.35049500783933674,-0.03438511816509732,0.4552268081408121,51.59743363829581,0.4947440147399902,0.40603674948215485,0.5579640388488769,0.44424958527088165,750.0269317626953,322.3990559577942,801.4785003662109,318.5220408439636,683.4352874755859,323.31392526626587,630.8091354370117,321.63984060287476,478,0.5632200241088867,0.5382128357887268,0,-1.844010353088379,0.6031767552894018,0.6591562726157683,0.44910716787071475,0.32240167401485825,-0.025780219315681852,0.4554596094848109,52.65277236720433,1.7573624849319458,0.7,4.2167649269104,-0.4960392713546753,-35.09589385986328,-0.2721967399120331
0.9992195963859558,-0.036062970757484436,-0.016111107543110847,0.03656117245554924,0.9988260269165039,0.03177976235747337,0.014946120791137218,-0.03234398365020752,0.9993650317192078,1.0000001192092896,0.1235261783003807,0.09563858807086945,0.5513889789581299,0.531111478805542,0.11313848197460175,0.0448533296585083,0.0314185693860054,0.09884022176265717,0.00938111450523138,0.007097097113728523,0.1491296887397766,0.13113829493522644,1,0.0942766643995324,1,0.5195720440518238,0.34788546114783503,-0.03454137465205404,0.45657333319231747,51.604292067634304,0.4957988917827606,0.40633276998996737,0.5575210511684418,0.4437372475862503,749.4532012939453,322.0086336135864,800.8654022216797,317.56020069122314,681.8796539306641,323.31961154937744,629.772834777832,321.63299560546875,478,0.5617221593856812,0.537404477596283,0,-1.8537040948867798,0.6031767552894018,0.6846829558966202,0.45183052158377013,0.3283321647112728,-0.026361802486215953,0.45502688390821827,52.13410856313224,2.0955018997192383,0.7,4.1929450035095215,-0.4681519567966461,-35.057716369628906,-0.8563814759254456
0.9993345737457275,-0.03395131230354309,-0.013327640481293201,0.03462960198521614,0.9979142546653748,0.05447801202535629,0.01145024225115776,-0.054903317242860794,0.9984260201454163,1.0000001192092896,0.10691847652196884,0.08174064010381699,0.5602537989616394,0.5351377129554749,0.0952768623828888,0.04744017869234085,0.036576688289642334,0.0934305265545845,0.008773284032940865,0.007026278413832188,0.14853020012378693,0.11460302770137787,1,0.09501091718544992,1,0.5122857272517938,0.3495704314659943,-0.03222577797611705,0.4669673559556754,52.371271978187,0.49593527317047115,0.4069956839084625,0.5578309416770935,0.4436260163784027,749.5571136474609,321.8835783004761,801.7426300048828,317.4765372276306,681.9156646728516,323.1744074821472,629.5523834228516,321.4414644241333,478,0.5618956685066223,0.5366303324699402,0,-3.147517204284668,0.5751756257550821,0.7042767644048615,0.45241541831577375,0.33472523013784816,-0.025271227138510124,0.4624124478943842,52.39194895223601,1.9846569299697876,0.7,4.1949357986450195,-0.5407243371009827,-35.0880012512207,-0.6560648679733276
0.9994030594825745,-0.03257698938250542,-0.01149772759526968,0.03310873731970787,0.9982219338417053,0.04956690967082977,0.009862539358437061,-0.049918025732040405,0.9987046122550964,1.0,0.11104510724544525,0.06865303218364716,0.5509804487228394,0.5287532806396484,0.13534320890903473,0.03378628194332123,0.024158868938684464,0.13462963700294495,0.00902669969946146,0.007330720312893391,0.14852523803710938,0.10789313167333603,1,0.09461549683278922,1,0.5193985985233068,0.3487616909793834,-0.03409479410983478,0.4677932732141619,52.48154064939958,0.495445865392685,0.40685662925243377,0.5580234706401825,0.44353851974010466,749.8462677001953,321.89362049102783,802.1839141845703,318.00995349884033,682.8413391113281,322.9610323905945,630.0867462158203,321.126229763031,478,0.5625776052474976,0.5366818904876709,0,-2.8614203929901123,0.5751756257550821,0.7554163890196434,0.4482598642468788,0.3385863725103559,-0.025946597090937218,0.464862940779895,52.786490434186376,1.8974298238754272,0.7,4.232717990875244,-0.5220739245414734,-35.10384750366211,-0.5650910139083862
0.999279260635376,-0.03391633182764053,-0.01704735867679119,0.03434326499700546,0.9990870952606201,0.025408098474144936,0.016170043498277664,-0.025975236669182777,0.9995318055152893,0.9999997615814209,0.1219194158911705,0.10457776486873627,0.5427886247634888,0.5258604288101196,0.12822933495044708,0.03411869704723358,0.027175337076187134,0.12488655000925064,0.009566611610352993,0.007365916855633259,0.15290625393390656,0.13150633871555328,1,0.09477035230355191,1,0.5168378534555089,0.3434583562447359,-0.033938131275502416,0.46178170433455873,52.120847863653744,0.4957203507423401,0.4066022992134094,0.5585561633110047,0.4437145948410034,750.6543731689453,321.8817114830017,802.6313781738281,318.01212072372437,683.5753631591797,322.96538829803467,631.037712097168,321.64411067962646,478,0.5628358125686646,0.537112295627594,0,-1.4886335134506226,0.5777904617664403,0.6575511335847258,0.44318940788420697,0.32161467031156754,-0.0269510572392475,0.44811275803782896,52.5542629456804,1.968368649482727,0.7,4.285664081573486,-0.4361392855644226,-35.16867446899414,-0.926515519618988
0.9995220303535461,-0.02752852812409401,-0.01407023798674345,0.027897337451577187,0.999253511428833,0.02672490105032921,0.01332403440028429,-0.027104651555418968,0.9995437860488892,0.9999997615814209,0.13135690987110138,0.11328341066837311,0.5276952981948853,0.5025967359542847,0.14512856304645538,0.02954411506652832,0.023359913378953934,0.1412820667028427,0.01027799490839243,0.007625651080161333,0.17653246223926544,0.11919298022985458,1,0.09470346692313801,1,0.51870955261116,0.33942852225383574,-0.03533026033788613,0.4588882370732908,52.86266840870439,0.49578313231468196,0.40526547133922575,0.5588066399097442,0.4432905524969101,750.6581115722656,321.8384099006653,803.3988952636719,318.2507300376892,684.3897247314453,322.71255254745483,631.2225341796875,321.2772274017334,478,0.5630235075950623,0.5380250811576843,0,-1.5533102750778198,0.5777904617664403,0.5362796259607637,0.4409127742225154,0.320726646361086,-0.03193479422577118,0.4346303456893445,53.18656136231443,1.5987489223480225,0.7,4.2698893547058105,-0.46006420254707336,-35.04831314086914,-0.7634334564208984
0.9992607235908508,-0.03281340375542641,-0.020030375570058823,0.033274341374635696,0.9991785883903503,0.0231292936950922,0.01925497315824032,-0.023778697475790977,0.9995318055152893,0.9999997019767761,0.1355927586555481,0.08120526373386383,0.5127959251403809,0.4969237446784973,0.32835105061531067,0.010292614810168743,0.008448067121207714,0.3283894956111908,0.010202446952462196,0.00865175947546959,0.18394307792186737,0.13120593130588531,1,0.09465106770627676,1,0.5470160307964745,0.3367833263427649,-0.03422221104059204,0.4612019025619984,52.22109375528489,0.4939625293016434,0.40673631727695464,0.5563071995973587,0.4433262377977371,749.1790771484375,321.85046911239624,801.2605285644531,318.0340504646301,683.4934997558594,322.68298387527466,630.6155395507812,320.7405924797058,478,0.5623446702957153,0.5365899205207825,0,-1.3628000020980835,0.761223547352839,0.6472259409527734,0.3940422770683879,0.32748485849326725,-0.025349879912926285,0.46551877595022384,52.91362357549549,1.9071850776672363,0.92,4.2846455574035645,-0.4115193486213684,-35.263336181640625,-1.1032968759536743
0.999369204044342,-0.03272038698196411,-0.013806541450321674,0.033304911106824875,0.9984551072120667,0.04447615146636963,0.012329936027526855,-0.04490790516138077,0.9989149570465088,1.0000003576278687,0.10983412712812424,0.06937642395496368,0.5163607597351074,0.5006296634674072,0.3347600996494293,0.010304969735443592,0.007673583459109068,0.3397893011569977,0.00952385738492012,0.00859846267849207,0.15144425630569458,0.12010513991117477,1,0.09464855737986488,1,0.5577041062347811,0.35191158268332356,-0.03543311194954149,0.46522463701351124,51.83681262308016,0.4936719536781311,0.4075174331665039,0.5563313364982605,0.44280511140823364,749.9695587158203,321.6686797142029,801.6271209716797,317.36154556274414,683.28369140625,322.46435165405273,630.5036544799805,320.3948450088501,478,0.5626593828201294,0.5352876782417297,0,-2.5740950107574463,0.8321352351291974,0.6084479097270659,0.397326325407094,0.3347123532489856,-0.026497049584017322,0.47187414690465956,52.82059405003463,1.9087287187576294,0.92,4.27497673034668,-0.468391090631485,-35.282405853271484,-0.7064711451530457
0.9995889067649841,-0.02727925404906273,-0.008828368037939072,0.027623554691672325,0.9987539052963257,0.0415632389485836,0.007683552335947752,-0.04179002344608307,0.9990968704223633,1.0000001192092896,0.1130107194185257,0.07563603669404984,0.5407495498657227,0.5222384929656982,0.35319575667381287,0.009062155149877071,0.007039595395326614,0.36304429173469543,0.008562061004340649,0.007638175040483475,0.15828505158424377,0.12774424254894257,1,0.09479465952593419,1,0.55653586221017,0.350423329982948,-0.032196102182768735,0.46952618770062404,51.944386264434264,0.4929686307907104,0.4076610028743744,0.5563988208770752,0.44282684922218324,750.0088500976562,321.6791081428528,801.8047332763672,317.7540922164917,683.5099029541016,322.17703342437744,630.4885101318359,319.8641324043274,478,0.5634301900863647,0.5351658463478088,0,-2.395159959793091,0.8321352351291974,0.720474336807245,0.3956441309869498,0.3280741817522417,-0.02386105135555244,0.47340118151733224,53.07181557142823,1.582961082458496,0.92,4.248525142669678,-0.45609933137893677,-35.179691314697266,-0.44023942947387695
0.9994931221008301,-0.02857869118452072,-0.014026676304638386,0.029069818556308746,0.9989232420921326,0.03615717962384224,0.012978238984942436,-0.036546606570482254,0.9992477297782898,0.9999999403953552,0.13529805839061737,0.08233224600553513,0.5402531623840332,0.5255415439605713,0.29055532813072205,0.0130087835714221,0.009232558310031891,0.298698753118515,0.00888995174318552,0.007658134214580059,0.16778390109539032,0.12926216423511505,1,0.09448229603927034,1,0.5446975385092219,0.34250429905136004,-0.030035186431276405,0.46980098244298474,52.12284670452711,0.49387429952621464,0.4072625130414963,0.5569797039031983,0.44243700206279757,749.8356628417969,321.1067461967468,801.8466949462891,317.6944613456726,683.7632751464844,321.64108514785767,630.6375122070312,319.8142433166504,478,0.5631054043769836,0.5351744890213013,0,-2.094608783721924,0.8352642978503116,0.6186346205157577,0.4103491839591639,0.3258749018585514,-0.02487192164022268,0.4629303145221063,53.15716357257537,1.6659528017044067,0.92,4.26638650894165,-0.4319891035556793,-35.15290832519531,-0.7436191439628601
0.9995495080947876,-0.02803509123623371,-0.010716457851231098,0.02840643934905529,0.998939573764801,0.036232102662324905,0.009689325466752052,-0.03652017563581467,0.9992859959602356,0.9999997019767761,0.14016194641590118,0.08541067689657211,0.5406032800674438,0.5265985727310181,0.3239252269268036,0.01020224392414093,0.008649974130094051,0.32749563455581665,0.00858474150300026,0.0074164108373224735,0.17239810526371002,0.1284307837486267,1,0.09528248640632608,1,0.5481699692628782,0.3421376972595122,-0.030530547538045676,0.47219729957092016,51.45803213536719,0.49359563589096067,0.40669099390506747,0.5570983052253723,0.4418607145547867,750.9565734863281,320.5331826210022,802.3200988769531,317.41591930389404,683.7646484375,321.18111848831177,630.6697845458984,319.5953965187073,478,0.5635026693344116,0.5351697206497192,0,-2.093015193939209,0.8321352351291974,0.6846016775705277,0.4031162225003695,0.32287642295141034,-0.02594943777945416,0.4650968002834429,53.118538062891176,1.6278643608093262,0.92,4.2668633460998535,-0.42076101899147034,-35.112361907958984,-0.5551661252975464
0.9995198845863342,-0.02892696112394333,-0.011099034920334816,0.029324015602469444,0.998867928981781,0.03745623677968979,0.010002972558140755,-0.037763748317956924,0.9992366433143616,0.9999997615814209,0.12546217441558838,0.0764954462647438,0.5367709398269653,0.5250210762023926,0.29729872941970825,0.011703258380293846,0.009608394466340542,0.30523017048835754,0.008833365514874458,0.0075451768934726715,0.15999376773834229,0.1235085055232048,1,0.0951825166435509,1,0.5442260196333975,0.34641101601092744,-0.032495600619172706,0.46691394634454253,51.56083029129028,0.4940046608448029,0.40696013569831846,0.5573068201541901,0.44212580323219297,750.9198760986328,320.7914686203003,802.3744201660156,317.48252391815186,683.8640594482422,321.4774489402771,630.726203918457,319.7052812576294,478,0.5633021593093872,0.5351656675338745,0,-2.1643261909484863,0.8352642978503116,0.6368136556418861,0.4078479748489134,0.3269481952349291,-0.023681421496223622,0.46822491921553033,53.167398551236964,1.6804672479629517,0.92,4.272172927856445,-0.4320552349090576,-35.13369369506836,-0.573137640953064
0.9992753863334656,-0.036300983279943466,-0.011437647975981236,0.036713048815727234,0.9985974431037903,0.038149185478687286,0.01003677025437355,-0.038541484624147415,0.99920654296875,0.9999998211860657,0.0917554646730423,0.06164679303765297,0.5127782225608826,0.5008798837661743,0.2726236581802368,0.01276758685708046,0.011270664632320404,0.27475371956825256,0.009813648648560047,0.00793356355279684,0.1392066329717636,0.09414958953857422,1,0.09570250565085539,1,0.540878153332827,0.36404831863961346,-0.036669160696686055,0.47225476022574286,51.74900621999856,0.4937317281961441,0.4071809142827988,0.5569982439279556,0.44237113893032076,750.640869140625,320.78994512557983,802.2557067871094,317.06594467163086,683.3920288085938,322.13433265686035,629.9317169189453,320.896418094635,478,0.5632665157318115,0.535190224647522,0,-2.208922863006592,0.829399503412863,0.595931788220175,0.40719277266495507,0.339975026390542,-0.027050861629529608,0.47200852462328863,53.47464240094369,2.104081630706787,0.92,4.264087677001953,-0.448514461517334,-35.14146041870117,-0.5750741958618164
0.9993728399276733,-0.03380141407251358,-0.01055323239415884,0.034183502197265625,0.998677134513855,0.038411013782024384,0.00924092810600996,-0.03874765336513519,0.9992062449455261,1.0000003576278687,0.12582121789455414,0.04612990468740463,0.5161932706832886,0.5218098759651184,0.3085518479347229,0.01090903952717781,0.009405296295881271,0.31436216831207275,0.008187991566956043,0.008276735432446003,0.13759654760360718,0.10052348673343658,1,0.09556558488313355,1,0.5455611822365226,0.3478723335105192,-0.0322041367697737,0.4699844464698906,51.702357188731135,0.49330435991287236,0.4071623206138611,0.556863534450531,0.44402648210525514,750.6624603271484,322.573184967041,802.22412109375,318.76150846481323,683.3283233642578,322.8609323501587,630.0623321533203,320.97347259521484,478,0.5635591745376587,0.536864161491394,0,-2.2207276821136475,0.8352642978503116,0.66401083496622,0.40439461662617304,0.34157249652626853,-0.026460690397891024,0.47784073550074685,53.29942142384664,1.9590356349945068,0.92,4.289867401123047,-0.49434614181518555,-35.24834442138672,-0.5294736623764038
0.999431848526001,-0.032083943486213684,-0.010326853021979332,0.032552044838666916,0.9982729554176331,0.04890287294983864,0.008740019053220749,-0.04921124875545502,0.9987500905990601,0.9999997019767761,0.11127074807882309,0.050104811787605286,0.5231964588165283,0.5150768160820007,0.2977076768875122,0.011297573335468769,0.009666427038609982,0.30608904361724854,0.008593164384365082,0.00771706597879529,0.1507853865623474,0.10190631449222565,1,0.09580709851622787,1,0.548822098986892,0.34742403801497695,-0.03360997628959673,0.46684663076263216,52.186863867499646,0.49327545762062075,0.40616202652454375,0.5577378213405609,0.44440442621707915,751.8921661376953,322.7155137062073,803.9241027832031,318.6972641944885,684.2587280273438,323.40323209762573,630.6855392456055,321.26930952072144,478,0.5644623637199402,0.5382423996925354,0,-2.8208441734313965,0.851233820057307,0.702883911883655,0.40836790604566137,0.3388938523517903,-0.023017809865989815,0.48461425378576,53.615671047886934,1.8654955625534058,0.92,4.326525688171387,-0.556614100933075,-35.14919662475586,-0.5007725358009338
0.9996012449264526,-0.027491388842463493,-0.006454849150031805,0.02772928588092327,0.998805582523346,0.04022949934005737,0.005341174080967903,-0.040392450988292694,0.999169647693634,1.0000004768371582,0.09842419624328613,0.046528030186891556,0.5315210819244385,0.5274344682693481,0.32390472292900085,0.011129657737910748,0.0072616091929376125,0.3311949074268341,0.008450127206742764,0.00728649040684104,0.144416943192482,0.09668438136577606,1,0.09507792816230125,1,0.5542978128304652,0.35457266801823084,-0.03140487356571738,0.4759606363464133,52.550314614403916,0.4929297924041748,0.4064216107130051,0.5583647847175598,0.4447460263967514,752.2989654541016,322.83844470977783,804.7402954101562,319.455771446228,685.5122375488281,323.2580494880676,631.2424468994141,321.1855387687683,478,0.565434992313385,0.5383244156837463,0,-2.3149795532226562,0.851233820057307,0.710981393967675,0.41616126134855963,0.3375086520770627,-0.021538553240992832,0.4910334698739532,54.30934982046332,1.5889972448349,0.92,4.334995746612549,-0.5371440052986145,-35.016475677490234,-0.30602818727493286
0.9995760321617126,-0.028509924188256264,-0.0059168073348701,0.028705893084406853,0.9989317059516907,0.03621360659599304,0.00487804040312767,-0.03636810928583145,0.9993265271186829,0.9999999403953552,0.11786184459924698,0.05556182563304901,0.5247601866722107,0.5138415694236755,0.3686157763004303,0.007971767336130142,0.007196264341473579,0.36424246430397034,0.009310922585427761,0.007551021408289671,0.18097823858261108,0.10202407091856003,1,0.09517104669559677,1,0.5521049989595002,0.34364012033529084,-0.03220132274939588,0.47444633613429016,52.39222162081174,0.49280174970626833,0.405341237783432,0.5585222482681275,0.4444609582424164,752.4748229980469,322.4045920372009,804.7818756103516,319.4184350967407,687.0606994628906,323.0613040924072,632.6961135864258,321.1846590042114,478,0.5657204985618591,0.5391197204589844,0,-2.084223508834839,0.8578752016587352,0.7078970401904835,0.39106592107907323,0.33293203644314,-0.021044128710844816,0.48741229482378384,54.39696677587238,1.6449718475341797,0.92,4.373644828796387,-0.525654137134552,-35.051998138427734,-0.27949222922325134
0.9994989037513733,-0.03155529871582985,-0.0024956923443824053,0.03161754831671715,0.9990194439888,0.030990909785032272,0.0015153118874877691,-0.031054243445396423,0.999516487121582,0.9999998211860657,0.1452382355928421,0.09906020760536194,0.5061842203140259,0.4948499798774719,0.33721908926963806,0.009640224277973175,0.008314857259392738,0.33094364404678345,0.010598639026284218,0.008538741618394852,0.20312197506427765,0.14206424355506897,1,0.09507086293932906,1,0.5410830662909142,0.3332025838807417,-0.03618797193485514,0.4558574276561553,52.33753104504851,0.49283380508422847,0.40473769009113314,0.5590059876441955,0.44509784281253817,752.5302886962891,323.09808254241943,804.7561645507812,319.6812057495117,687.0744323730469,323.83968114852905,633.2007598876953,322.28857040405273,478,0.566172182559967,0.540360152721405,0,-1.7795652151107788,0.8578752016587352,0.6561998537314635,0.3981951575017003,0.31569050827758693,-0.02780319005676111,0.4586865415985083,53.895997362590364,1.8118559122085571,0.92,4.372300624847412,-0.5507388710975647,-35.038368225097656,-0.08682100474834442
0.9995588660240173,-0.029511652886867523,-0.0033391350880265236,0.029601894319057465,0.9990705251693726,0.03133156895637512,0.0024113848339766264,-0.03141654655337334,0.9995034337043762,0.9999997615814209,0.13900747895240784,0.10199222713708878,0.5170100927352905,0.4920266270637512,0.34941089153289795,0.008928155526518822,0.007711995393037796,0.35125094652175903,0.010483590885996819,0.008242865093052387,0.19878718256950378,0.1435798704624176,1,0.09495541514694364,1,0.5462999399115656,0.334419705256568,-0.03696827456542538,0.45476485156486773,52.174966704516436,0.4926260888576508,0.4047663599252701,0.5587675154209137,0.4451100617647171,752.5003814697266,323.1238317489624,804.5608520507812,319.669189453125,686.6996002197266,323.8677906990051,633.1633377075195,322.28254079818726,478,0.5661414265632629,0.540343701839447,0,-1.8003370761871338,0.8034222208392766,0.6260580616932788,0.39703362813011406,0.31433905469348605,-0.027665275307517743,0.4555414488834084,53.559727605086884,1.6963162422180176,0.92,4.37024450302124,-0.5420995950698853,-35.0955696105957,-0.138162299990654
0.9995430707931519,-0.02952023781836033,-0.006501164752990007,0.029826605692505836,0.9981184601783752,0.053572237491607666,0.004907467868179083,-0.05374167487025261,0.9985427856445312,0.9999999403953552,0.1346973329782486,0.09822709113359451,0.5169273018836975,0.4989401698112488,0.2882956564426422,0.012196970172226429,0.010409512557089329,0.29373830556869507,0.010010125115513802,0.008425703272223473,0.17493100464344025,0.1472640186548233,1,0.09490290170401611,1,0.5350293463922865,0.33824283877825156,-0.037281865116463885,0.45425203905616335,52.05637298284424,0.49337881803512573,0.4059532403945923,0.5585411787033081,0.44512147903442384,751.6552734375,323.27154636383057,803.5933685302734,319.7643756866455,685.738525390625,323.8798928260803,632.6419067382812,322.2296690940857,478,0.5651623606681824,0.5391682386398315,0,-3.0806922912597656,0.7869689892332469,0.5051114056447005,0.4053121468333391,0.3175830683483746,-0.028702145475747627,0.4533763004866296,53.12225664243096,1.7092125415802002,0.92,4.3571953773498535,-0.617676854133606,-35.233009338378906,-0.2811782956123352
0.9995695352554321,-0.029157621785998344,-0.0032421203795820475,0.029284227639436722,0.9982945322990417,0.05050121620297432,0.0017640970181673765,-0.0505744144320488,0.9987187385559082,0.9999997019767761,0.13996054232120514,0.08639400452375412,0.5311541557312012,0.5169168710708618,0.28234735131263733,0.01246489305049181,0.010861729271709919,0.28633546829223633,0.009200598113238811,0.007872479036450386,0.16195471584796906,0.12625378370285034,1,0.09541709386791275,1,0.5317603772173856,0.3387746846087001,-0.03363963659947527,0.46261270900464757,52.169256834809076,0.4936317682266236,0.4072699934244156,0.5580825686454773,0.4460827499628067,751.1256408691406,323.6569905281067,803.2200622558594,320.8636736869812,685.2861022949219,324.0899634361267,631.2160110473633,322.8467059135437,478,0.5644508004188538,0.5388127565383911,0,-2.8989415168762207,0.7734972923625268,0.6240000111588603,0.407753490536304,0.31996666001828267,-0.027279904578054327,0.4558599764240682,54.08438274488246,1.678105115890503,0.92,4.29622745513916,-0.6237357258796692,-35.12851333618164,-0.10107535868883133
0.9994655251502991,-0.032149314880371094,-0.005920636001974344,0.03231405094265938,0.9990205764770508,0.03022768720984459,0.00494303647428751,-0.03040285035967827,0.9995254874229431,1.0000003576278687,0.13063335418701172,0.0738116055727005,0.5009872317314148,0.48725205659866333,0.3043726086616516,0.012136463075876236,0.008694357238709927,0.31180766224861145,0.010383830405771732,0.009152970276772976,0.1594289392232895,0.125391885638237,1,0.09444168433580505,1,0.5433592961478362,0.3416957465730249,-0.03769400189288095,0.4573825172907187,51.98269616801981,0.4933137714862823,0.4060861229896545,0.5577798306941986,0.4461474776268005,750.8439636230469,324.05829191207886,802.7262115478516,320.8282685279846,685.1873779296875,324.51141357421875,631.2491607666016,322.8238534927368,478,0.5644660592079163,0.540061354637146,0,-1.7422447204589844,0.7734972923625268,0.4810020860841343,0.4122678730559003,0.3248215836405938,-0.02926289060059901,0.4549158759849901,53.96460997606449,1.8518035411834717,0.92,4.30442476272583,-0.5608693957328796,-35.13655471801758,-0.283216267824173
0.9997335076332092,-0.01841919496655464,0.01391590666025877,0.01804775558412075,0.9994895458221436,0.026361655443906784,-0.0143943652510643,-0.026103481650352478,0.9995555877685547,1.0000007152557373,0.10855694860219955,0.06481959670782089,0.5283881425857544,0.5092602968215942,0.29509279131889343,0.011775939725339413,0.010126253589987755,0.29768288135528564,0.00949524249881506,0.008021242916584015,0.17208139598369598,0.10230085253715515,1,0.09488285366498231,1,0.5368127051591431,0.3516178472029152,-0.034125599552323,0.47078320893750447,50.8171803832726,0.49243140816688535,0.40593000054359435,0.56280238032341,0.44893779158592223,757.7701568603516,326.5686893463135,808.4825134277344,323.30637216567993,690.7408142089844,326.323664188385,637.4782562255859,323.54461669921875,478,0.5703709721565247,0.5430077910423279,1,-1.4959442615509033,0.8073903849914692,0.6186625736150766,0.4157825113341685,0.3319367420690706,-0.026702859108889282,0.4716267551562801,53.33500902773516,1.0342234373092651,0.92,4.512811183929443,-0.6464451551437378,-35.07503128051758,0.8247648477554321
0.9998331069946289,-0.013547733426094055,0.012258841656148434,0.013155946508049965,0.999417245388031,0.03149615228176117,-0.012678386643528938,-0.03132963180541992,0.9994286894798279,1.0000003576278687,0.1084393709897995,0.05444585159420967,0.5450093150138855,0.5294846296310425,0.350363165140152,0.008796874433755875,0.007800979074090719,0.35378497838974,0.008252780884504318,0.007512095849961042,0.1536804735660553,0.08767591416835785,1,0.09458327278896794,1,0.548755429427423,0.35224045718921204,-0.030125190731135388,0.4725598254087175,50.88136956949322,0.4922048091888428,0.4082509011030197,0.562491261959076,0.4474918574094772,757.6976013183594,325.5935025215149,808.487548828125,322.54473209381104,691.3871765136719,325.0050687789917,638.1161499023438,321.9110441207886,478,0.5702864527702332,0.5392409563064575,1,-1.795493721961975,0.8045029451174044,0.6852129539031754,0.39923490417177365,0.33678629806117044,-0.0249449107372831,0.47429645307181617,53.36080270120681,0.7538625001907349,0.92,4.5532989501953125,-0.579390287399292,-35.265140533447266,0.726437509059906
0.9996738433837891,-0.01346497517079115,0.02170369029045105,0.012528710067272186,0.9990088939666748,0.04271210730075836,-0.02225729636847973,-0.042426254600286484,0.9988515973091125,1.0000003576278687,0.09401217848062515,0.04052520915865898,0.5596398115158081,0.546073317527771,0.39366278052330017,0.006843135226517916,0.007304053287953138,0.39742201566696167,0.007598182186484337,0.006846973206847906,0.1435682326555252,0.07094307988882065,1,0.09477199671609754,1,0.5483925413696918,0.3586777844288424,-0.02697811214263582,0.4812141668417589,50.77714330859461,0.4916488111019135,0.4083635717630386,0.5629688084125519,0.4473520427942276,758.4432220458984,325.33517360687256,809.1286468505859,322.2846007347107,692.9985046386719,324.7278356552124,638.9592742919922,321.53974056243896,478,0.5713199973106384,0.538988471031189,1,-2.432178258895874,0.8073903849914692,0.7423373524153655,0.38720279424013093,0.34257381624626343,-0.01957784050469616,0.4919587481125384,54.13319099120556,0.71803879737854,0.92,4.591534614562988,-0.5979411602020264,-35.35763168334961,1.2753543853759766
0.9997010827064514,-0.010060902684926987,0.02228233590722084,0.008913034573197365,0.9986574649810791,0.051028117537498474,-0.022765807807445526,-0.05081425979733467,0.9984486699104309,1.0000005960464478,0.10462629050016403,0.061740633100271225,0.5406759977340698,0.5322234630584717,0.3701149821281433,0.00816433783620596,0.007336624898016453,0.3826138377189636,0.008120167069137096,0.007773497141897678,0.14816667139530182,0.12756872177124023,1,0.09390566462852258,1,0.5505021132821507,0.3547236625356764,-0.0313704717427688,0.4748821744033863,50.88880393013154,0.4920230329036712,0.4073949784040451,0.5637079894542694,0.4459209769964218,758.914794921875,324.8987030982971,809.7054290771484,321.739296913147,693.7049865722656,323.8114643096924,640.6887054443359,320.26376008987427,478,0.5716849565505981,0.5385259985923767,1,-2.913452386856079,0.8093455710193961,0.664925272704572,0.39009271983971566,0.32958323030667835,-0.024376516349310876,0.4854085171166452,53.13484986309134,0.5108184218406677,0.92,4.6179890632629395,-0.6067803502082825,-35.30031204223633,1.3044973611831665
0.9997434616088867,-0.013114231638610363,0.018466301262378693,0.012125784531235695,0.9985389709472656,0.05265837907791138,-0.019129859283566475,-0.052420955151319504,0.9984418153762817,1.0000004768371582,0.10302136838436127,0.06507726013660431,0.5555216073989868,0.5432499647140503,0.32651692628860474,0.009511679410934448,0.010038831271231174,0.32410502433776855,0.00836239568889141,0.006956261117011309,0.18486733734607697,0.10910960286855698,1,0.09473079557698863,1,0.534785468731848,0.34732283328637564,-0.026347435445582656,0.48170218082083305,50.95459023561721,0.4924008965492248,0.4091021060943604,0.5640229105949401,0.4454354286193848,759.0510559082031,324.31488275527954,809.8560333251953,320.413019657135,693.5610961914062,323.6601233482361,640.5661010742188,320.1557207107544,478,0.5716220140457153,0.5363333225250244,1,-3.005427122116089,0.8093455710193961,0.7314191269012927,0.3904048629759452,0.3284643018711898,-0.021368900184756068,0.4907788568505981,53.11073663038893,0.694900393486023,0.92,4.6407270431518555,-0.5725568532943726,-35.35585403442383,1.0961270332336426
0.999796450138092,-0.013433760032057762,0.01505254115909338,0.01265169307589531,0.9986237287521362,0.050898510962724686,-0.015715595334768295,-0.05069771781563759,0.9985904097557068,1.000000238418579,0.10605338960886002,0.06605875492095947,0.5517591238021851,0.5414309501647949,0.3485398292541504,0.008440951816737652,0.009352752938866615,0.33813971281051636,0.008461705408990383,0.0069008078426122665,0.1876242607831955,0.11054962873458862,1,0.09557041826713727,1,0.5387441134263046,0.34650055616551934,-0.025771099913592936,0.48068565726497753,51.039827864878255,0.4926049053668976,0.40868323147296903,0.5632522642612457,0.445288410782814,758.7580108642578,324.00602102279663,809.6529388427734,320.1628017425537,692.7247619628906,323.59405517578125,639.3265533447266,320.192391872406,478,0.5706473588943481,0.536605179309845,1,-2.906369924545288,0.8132525498127613,0.6999011874765219,0.38223172114292947,0.32544898262857347,-0.020110134892879324,0.48989898225963435,53.50644818118199,0.7249974608421326,0.92,4.592758655548096,-0.5670206546783447,-35.24162673950195,0.9004742503166199
0.9998137950897217,-0.010315921157598495,0.01630890928208828,0.00946952123194933,0.9986461997032166,0.05114766210317612,-0.016814466565847397,-0.050983719527721405,0.9985578656196594,0.9999995231628418,0.12894855439662933,0.06962109357118607,0.5427922010421753,0.5362639427185059,0.3286277949810028,0.009534910321235657,0.009055742993950844,0.33335965871810913,0.008115498349070549,0.007400505244731903,0.1702151596546173,0.1224265918135643,1,0.09601578362525393,1,0.5365105528576184,0.34113493874828366,-0.030870203484225547,0.4727923158715155,51.428492162316125,0.492679238319397,0.4077608436346054,0.5624047517776489,0.4448026865720749,757.6420593261719,324.00748014450073,808.9878082275391,321.0913395881653,690.6418609619141,322.6462697982788,636.4543533325195,319.7724223136902,478,0.569725513458252,0.5370418429374695,1,-2.922832489013672,0.8132525498127613,0.6477160044009492,0.40474872452793204,0.3183130205597834,-0.025250415384816403,0.471477810090655,54.26366171351592,0.542648434638977,0.92,4.483302593231201,-0.5765734910964966,-35.00951385498047,0.9634432792663574
0.9999003410339355,-0.012254026718437672,0.0070083909668028355,0.011986823752522469,0.9992443323135376,0.0369739755988121,-0.007456175051629543,-0.0368863008916378,0.9992915987968445,1.0000001192092896,0.13393042981624603,0.07757970690727234,0.5110875368118286,0.48595282435417175,0.3077723979949951,0.011107753030955791,0.010022040456533432,0.30750149488449097,0.011308384127914906,0.008574078790843487,0.19926556944847107,0.12462542206048965,1,0.09509222790938762,1,0.5290085968581365,0.33887518278684997,-0.03943927944542136,0.4481451112643358,51.91432041322279,0.4931512713432312,0.40485468208789827,0.5621916890144348,0.4440215498209,756.2227630615234,323.5984754562378,808.0299377441406,320.2648115158081,690.6719970703125,322.70090103149414,636.5920257568359,319.7668433189392,478,0.5690404176712036,0.5391668677330017,1,-2.1139676570892334,0.7755419809390869,0.6131289073377016,0.40875008665272866,0.3192456412604506,-0.02644011182155312,0.4680205307974018,54.159505094077154,0.6868299245834351,0.92,4.48248291015625,-0.5310426354408264,-34.96631622314453,0.42721128463745117
0.9998372793197632,-0.009705018252134323,0.015204898081719875,0.008846791461110115,0.9984179139137268,0.055528443306684494,-0.015719760209321976,-0.055384907871484756,0.9983413219451904,0.9999999403953552,0.11159522831439972,0.0676572322845459,0.5624037981033325,0.5480325818061829,0.31122416257858276,0.010663513094186783,0.009806923568248749,0.3196417987346649,0.007652848958969116,0.00699967797845602,0.13281698524951935,0.11503487825393677,1,0.09489086320277294,1,0.5282474766070393,0.3481835445420728,-0.029250812484321344,0.4582490921244921,52.04419821737292,0.492878669500351,0.4086500406265259,0.5623542606830597,0.4443208575248718,756.1406707763672,323.6371850967407,808.1056213378906,320.76621294021606,690.9492492675781,322.17211961746216,636.7048263549805,319.1817355155945,478,0.5694755911827087,0.535670816898346,1,-3.1753387451171875,0.7343289716175546,0.7107105203898474,0.41200763627916126,0.3190790366804506,-0.022455619866966068,0.46631651036938315,54.326787262878945,0.5069530606269836,0.92,4.50887393951416,-0.5451574325561523,-35.201904296875,0.9007130265235901
0.9999374151229858,-0.0006076873396523297,0.011174862273037434,9.853333176579326e-05,0.9989640712738037,0.045506395399570465,-0.011190948076546192,-0.0455024354159832,0.9989014863967896,0.9999998211860657,0.5894371271133423,0.4061279892921448,0.7925965785980225,0.7882981300354004,0.11856485158205032,0.05260932445526123,0.03608609735965729,0.09687884896993637,0.0026022784877568483,0.0025710223708301783,0.2223183810710907,0.28068751096725464,1,0.0933910545274842,1,0.5238112150868866,0.16182811584929502,0.006755382185195121,0.3780744635620318,50.997357806459775,0.49536315798759456,0.4135854184627533,0.5647802174091339,0.4502554476261139,758.4559631347656,325.13943672180176,809.4211578369141,326.95035696029663,690.9812927246094,322.5492811203003,637.1125411987305,321.62245988845825,478,0.5694170594215393,0.5366700291633606,1,-2.608161449432373,0.6892306481742948,0.6218318531178734,0.48511196533433426,0.16143195829560578,0.00393295896226463,0.28400031562068256,53.87672399710683,0.00564589723944664,0.92,4.559112071990967,-0.5643444657325745,-35.36486053466797,0.6412074565887451
0.9998994469642639,0.0006041747401468456,0.014174805022776127,-0.0013149742735549808,0.9987388253211975,0.05018933489918709,-0.014126607216894627,-0.05020292103290558,0.9986391663551331,0.9999995231628418,0.511566698551178,0.3589775264263153,0.7840934991836548,0.7763309478759766,0.12691618502140045,0.04595436528325081,0.032867103815078735,0.11597461998462677,0.0028704991564154625,0.0028961782809346914,0.18164394795894623,0.2776971459388733,1,0.0939884492268747,1,0.5128452864202897,0.20276005762839824,0.0002785294462999693,0.4400280582484715,50.73953695077993,0.4953549265861511,0.41410270631313323,0.5647728204727173,0.4508885473012924,758.3842468261719,325.9053897857666,809.0848541259766,327.89260625839233,691.0682678222656,322.90193796157837,637.9916381835938,322.6727056503296,478,0.5694178938865662,0.5367858409881592,1,-2.8779122829437256,0.6352553238321519,0.7196423053505808,0.46840539729914893,0.18199188428251267,-0.0033025304219974926,0.35678991131017074,53.077124652334135,-0.07535000145435333,0.92,4.559727191925049,-0.6031569242477417,-35.40123748779297,0.8094218969345093
0.9999359250068665,0.0019944850355386734,0.011145573109388351,-0.0024246450047940016,0.9992473125457764,0.03871505334973335,-0.011059967800974846,-0.038739580661058426,0.9991881251335144,0.9999999403953552,0.4444986879825592,0.25909900665283203,0.7012701034545898,0.6917874813079834,0.14484432339668274,0.03675612807273865,0.026113104075193405,0.13929256796836853,0.0047338614240288734,0.004465872887521982,0.1786998212337494,0.24993200600147247,1,0.09417185673133846,1,0.5157685170791372,0.2324400679456741,-0.017881083201250942,0.41910286301226196,50.544159508406786,0.4952957332134247,0.41152802407741546,0.5646399557590485,0.4492370218038559,758.5623931884766,325.8555006980896,809.0946960449219,326.9502282142639,691.1012268066406,322.9549813270569,638.2373046875,321.61080837249756,478,0.5693442225456238,0.5377089977264404,1,-2.2203056812286377,0.5078406864610836,0.7135969170876375,0.4600619159908249,0.23099568147528562,-0.012261000511179456,0.4098982537960708,52.88100852722172,-0.138930544257164,0.92,4.562772274017334,-0.5678405165672302,-35.34956741333008,0.6337023377418518
0.9998944997787476,0.0011468470329418778,0.014477657154202461,-0.0019176504574716091,0.9985745549201965,0.05334009230136871,-0.01439584605395794,-0.05336223542690277,0.9984714388847351,0.9999998211860657,0.2578943073749542,0.19549816846847534,0.658577561378479,0.6385663151741028,0.2168220579624176,0.02048306167125702,0.016421228647232056,0.21460165083408356,0.00618287967517972,0.004838305525481701,0.1813901662826538,0.22556592524051666,1,0.09437567631311958,1,0.5192749507936333,0.29372548111338564,-0.021751399594492588,0.4637372548872804,50.67513359175746,0.49442595839500425,0.4103712558746338,0.5643788635730743,0.4479889988899231,758.4984588623047,325.2351379394531,809.1725158691406,324.9048185348511,692.4526214599609,322.9550886154175,638.8108444213867,321.2059020996094,478,0.5699529051780701,0.5376177430152893,1,-3.0592010021209717,0.5078406864610836,0.7289384222081758,0.43338515007143136,0.25952943132402434,-0.012832851177190328,0.45987053668606087,53.67028877722323,-0.10988473147153854,0.92,4.588784694671631,-0.6036390066146851,-35.40574264526367,0.8248496651649475
0.9999088048934937,-0.0014321173075586557,0.013426542282104492,0.0007181651890277863,0.9985926747322083,0.05302971974015236,-0.013483583927154541,-0.053015243262052536,0.9985027313232422,0.9999997019767761,0.2676498293876648,0.20515909790992737,0.5616182088851929,0.5399305820465088,0.2735459506511688,0.013425461016595364,0.012126646935939789,0.2789609730243683,0.009786509908735752,0.007494468241930008,0.21018509566783905,0.20485635101795197,1,0.09489133587661795,1,0.5256809803779221,0.28617808168778003,-0.0420825913081367,0.41597564820440974,50.8065506230168,0.4937780916690826,0.408567750453949,0.5637690842151641,0.44576951265335085,758.3396911621094,324.6154832839966,809.1374206542969,323.6687707901001,692.0932006835938,322.87063121795654,638.6602783203125,320.75263023376465,478,0.5699909925460815,0.5372017621994019,1,-3.039250612258911,0.5078406864610836,0.5838664603463833,0.41594284393628167,0.26594423355271424,-0.03068807547386028,0.41851215000487435,53.47488308127872,0.04115157574415207,0.92,4.580042839050293,-0.5890117287635803,-35.335575103759766,0.772575855255127
0.9999217987060547,0.0002483541611582041,0.012504834681749344,-0.0009174197330139577,0.9985659718513489,0.05352819710969925,-0.012473605573177338,-0.05353546887636185,0.9984880685806274,1.0000001192092896,0.1898174285888672,0.11995954066514969,0.571143627166748,0.5497170686721802,0.2805025279521942,0.013092705979943275,0.01192624494433403,0.2835506498813629,0.008958907797932625,0.0069295852445065975,0.21455690264701843,0.1787126511335373,1,0.09496123378644764,1,0.5273109661798985,0.31544418457828005,-0.034411795633405275,0.45825888476276255,51.075279741000365,0.49398804306983946,0.40727625489234925,0.56372190117836,0.44569430947303773,758.3207702636719,324.73729848861694,809.3616485595703,322.86301374435425,692.0880889892578,322.95135498046875,638.631591796875,319.54010009765625,478,0.5697338581085205,0.5384180545806885,1,-3.0690622329711914,0.5192845323520581,0.7111755026269211,0.41437431729278457,0.2937187027458852,-0.02067496339184328,0.4673749943859818,53.56522894622848,-0.05256837233901024,0.92,4.550265312194824,-0.6075989603996277,-35.15314865112305,0.7147034406661987
0.9999731183052063,0.0004295253020245582,0.007322185672819614,-0.0007533363532274961,0.9990190863609314,0.044275347143411636,-0.0072960080578923225,-0.04427966848015785,0.9989925622940063,1.0000004768371582,0.18380069732666016,0.1131141260266304,0.5436679720878601,0.5221470594406128,0.3029869794845581,0.011522582732141018,0.010661988519132137,0.30415162444114685,0.009917227551341057,0.00771748274564743,0.20199088752269745,0.1579643040895462,1,0.09522045309869101,1,0.5330355904632124,0.3231884936094833,-0.03811869448622577,0.44947241697448886,50.97237361137216,0.49401487112045284,0.4066963404417038,0.5636403679847717,0.4451018780469894,758.7144470214844,324.44470167160034,809.6528625488281,322.5844073295593,692.1458435058594,322.8491520881653,638.7106323242188,319.43753242492676,478,0.5696254968643188,0.5384055376052856,1,-2.537935256958008,0.5947332847066175,0.6422158728521801,0.4073772821843127,0.30094506262142395,-0.02597805112274696,0.4577526691049711,53.54400940217509,-0.04316414147615433,0.92,4.570530414581299,-0.5694524049758911,-35.12820816040039,0.418034166097641
0.9998631477355957,-0.00023938030062709004,0.01654801331460476,-0.0005891576292924583,0.9987467527389526,0.050046470016241074,-0.016539201140403748,-0.05004937946796417,0.9986097812652588,1.0000005960464478,0.14581511914730072,0.09365367144346237,0.5205247402191162,0.5109003782272339,0.17644427716732025,0.026209300383925438,0.017419535666704178,0.1816750019788742,0.009654387831687927,0.009031035006046295,0.1904994249343872,0.18494197726249695,1,0.09410884246119956,1,0.5265568976302355,0.3304656236171644,-0.03379251061948029,0.4634934325761683,51.52047525531852,0.4951872587203979,0.4050079077482224,0.5662057161331177,0.44583244025707247,760.7518768310547,325.70587635040283,812.178955078125,322.60507106781006,693.8453674316406,323.759343624115,640.7887268066406,319.39693450927734,478,0.5710184574127197,0.5408245325088501,1,-2.8692095279693604,0.6102953492337444,0.5456292180150356,0.4455368099337346,0.3082582034670908,-0.032791942875534996,0.4549952744846969,53.235680964951406,-0.033760860562324524,0.7,4.6196064949035645,-0.6213638782501221,-35.02223587036133,0.9476695656776428
0.9998970031738281,-0.0016994114266708493,0.014252596534788609,0.001004004618152976,0.9988150000572205,0.04865788295865059,-0.01431839819997549,-0.04863855242729187,0.9987137913703918,0.9999995827674866,0.13978633284568787,0.08916454762220383,0.5250413417816162,0.5091062188148499,0.17353138327598572,0.026781458407640457,0.017946068197488785,0.17907798290252686,0.009500212967395782,0.009011834859848022,0.18399731814861298,0.17814026772975922,1,0.09398274711790479,1,0.5261291436572668,0.333657800431952,-0.03379754198811177,0.46669537375516523,51.49354119594,0.49509829878807066,0.4052469998598099,0.5662747085094452,0.4458927184343338,760.7498931884766,325.67572832107544,812.1516418457031,322.6024532318115,693.8158416748047,323.7461256980896,641.1005401611328,319.59661960601807,478,0.5711764097213745,0.5406457185745239,1,-2.7881696224212646,0.5886985449750084,0.5793368319092919,0.4458020462009913,0.3134467979671807,-0.032949598807318556,0.45655121184523395,52.87836433354602,0.05753112584352493,0.7,4.644877910614014,-0.6151718497276306,-35.09408950805664,0.820411741733551
0.9998783469200134,0.0011139670386910439,0.015556934289634228,-0.0018555130809545517,0.9988583922386169,0.04773373156785965,-0.015486001968383789,-0.04775678366422653,0.9987389445304871,1.0,0.1315203458070755,0.08261790871620178,0.5399123430252075,0.5214662551879883,0.180432990193367,0.025644153356552124,0.0169302299618721,0.18483665585517883,0.009462152607738972,0.008184215985238552,0.2019701600074768,0.15762563049793243,1,0.09397627041052134,1,0.5269476904294031,0.3344715517457027,-0.031879769469671915,0.46860312497609563,51.528325578937924,0.4948225557804108,0.4053280711174011,0.5662802994251251,0.4461495041847229,760.7698059082031,325.65465688705444,812.2034454345703,322.53230810165405,694.1764068603516,323.7917232513428,641.0163879394531,319.58810091018677,478,0.5714577436447144,0.5408214330673218,1,-2.7376315593719482,0.5814731385271973,0.6737076221081609,0.44410110698396493,0.3155746973071316,-0.02683731375282914,0.468353095258143,53.32596039982775,-0.10632587224245071,0.7,4.635644435882568,-0.61747807264328,-35.10486602783203,0.8873180150985718
0.9998229742050171,-0.009542501531541348,0.01622062548995018,0.009153434075415134,0.9996726512908936,0.02389371208846569,-0.01644331030547619,-0.023741010576486588,0.9995829463005066,0.9999998211860657,0.1629028469324112,0.09810254722833633,0.50462806224823,0.4817711114883423,0.17047496140003204,0.025138825178146362,0.01859288290143013,0.17780520021915436,0.011563746258616447,0.009217013604938984,0.19109758734703064,0.155924990773201,1,0.09446242365340847,1,0.5174190088350491,0.32819514704514213,-0.04222135465921189,0.4201760092108366,51.319350953274856,0.4945262908935547,0.4039641171693802,0.5660116910934448,0.4446064382791519,760.3729248046875,324.08685207366943,811.6221618652344,321.4051580429077,693.3763122558594,323.24496030807495,640.3452301025391,319.6276044845581,478,0.5714854001998901,0.5406423211097717,1,-1.3605713844299316,0.574872248599212,0.5777955748939473,0.44567081970732786,0.31374524588371955,-0.0286019439648751,0.44928901733344834,53.154312502490775,0.524531364440918,0.7,4.624305725097656,-0.4975636601448059,-35.0352897644043,0.9421747326850891
0.9999674558639526,-0.006424378603696823,0.00488332798704505,0.006222153548151255,0.9991660118103027,0.04035580903291702,-0.005138516891747713,-0.04032411426305771,0.9991734623908997,1.0000005960464478,0.13246287405490875,0.09069959074258804,0.49388352036476135,0.4647221863269806,0.16031502187252045,0.026491589844226837,0.0196797177195549,0.1687954068183899,0.011629963293671608,0.009958053939044476,0.19279484450817108,0.147599458694458,1,0.09447004421449436,1,0.5163147092924615,0.3394517250426908,-0.04140654159026347,0.4403332272437323,51.19366007579313,0.4950509428977966,0.4047169417142868,0.5660013318061828,0.44463959634304046,760.3726196289062,324.1174292564392,811.4915466308594,321.35226488113403,693.3971405029297,323.35641145706177,640.4646301269531,319.7126841545105,478,0.5709503889083862,0.5399226546287537,1,-2.311058521270752,0.5814731385271973,0.6376270054886275,0.44378613579909343,0.31886838606670365,-0.03024578485676692,0.4518690985947672,53.057774203827464,0.35651010274887085,0.7,4.6697468757629395,-0.5530683994293213,-35.16979217529297,0.2944166362285614
0.9999069571495056,-0.008666405454277992,0.010531285777688026,0.00836099125444889,0.9995529055595398,0.028706807643175125,-0.010775364935398102,-0.028616083785891533,0.9995323419570923,1.0000001192092896,0.13727422058582306,0.09432992339134216,0.5004005432128906,0.4819343090057373,0.14309187233448029,0.029900506138801575,0.02438972517848015,0.1420610249042511,0.011643284000456333,0.009565215557813644,0.19534984230995178,0.14577257633209229,1,0.09461646701743484,1,0.5077578326315658,0.337871472048606,-0.037556592978463595,0.44333455906689007,51.147155330095764,0.4951343834400177,0.40513810217380525,0.5662551820278168,0.4445439249277115,760.4098510742188,324.1253685951233,811.4524841308594,320.8571720123291,693.3924865722656,323.34765672683716,640.8327484130859,319.6259093284607,478,0.5711207985877991,0.5394058227539062,1,-1.6398999691009521,0.5741166142367489,0.6225952603688011,0.4444366636591409,0.31778207518672386,-0.03084545999436671,0.4519965980367707,52.69134159579004,0.4790828824043274,0.7,4.657323360443115,-0.5078606009483337,-35.14472198486328,0.6173948645591736
0.9999116659164429,-0.008634701371192932,0.010104416869580746,0.008366831578314304,0.9996201992034912,0.026258554309606552,-0.010327314026653767,-0.026171695441007614,0.9996041655540466,0.9999999403953552,0.12426722049713135,0.0741330236196518,0.5130736827850342,0.5039920806884766,0.17818385362625122,0.023247864097356796,0.019069483503699303,0.18717926740646362,0.01044913474470377,0.00915730930864811,0.1663416028022766,0.14204108715057373,1,0.0942172106646753,1,0.5117282450756135,0.33962735370370956,-0.03191358351249304,0.4514822809173452,51.94889184083828,0.49485567808151243,0.40521261394023894,0.5664172530174255,0.4446588486433029,760.1438903808594,324.1235876083374,811.9914245605469,320.8800458908081,694.7117614746094,322.84247875213623,641.4640045166016,319.3291926383972,478,0.5715615749359131,0.539446234703064,1,-1.4997787475585938,0.5814731385271973,0.6652873750071792,0.43598221075423244,0.32047405671512436,-0.024568680613667564,0.4626767447768855,53.363534370230646,0.47941526770591736,0.7,4.706591606140137,-0.48774975538253784,-35.258766174316406,0.5917220115661621
0.9998918771743774,-0.008640462532639503,0.011902473866939545,0.008322820998728275,0.9996145367622375,0.0264830831438303,-0.012126714922487736,-0.026381155475974083,0.9995783567428589,1.0,0.13087846338748932,0.0861138179898262,0.49847567081451416,0.481270968914032,0.17263512313365936,0.023636603727936745,0.02019771747291088,0.17704039812088013,0.011733763851225376,0.009334946982562542,0.17617526650428772,0.13481514155864716,1,0.09468489385228615,1,0.5087871028098511,0.3402715321376205,-0.03886567404601287,0.43991129423502595,51.56341255095037,0.4942727208137512,0.4045731782913208,0.5669802546501159,0.44401816129684446,761.2076568603516,323.6165428161621,812.6885223388672,320.70003747940063,694.8403167724609,322.6290822029114,642.0115661621094,319.3547058105469,478,0.5727075338363647,0.5394449830055237,1,-1.5118154287338257,0.5841353342322201,0.6130524709541522,0.4370079921350435,0.3211116172599496,-0.02766903239852475,0.452641202913826,52.93012782825538,0.4769030511379242,0.7,4.725164413452148,-0.4760257601737976,-35.179744720458984,0.6948265433311462
0.9999170899391174,-0.0065075187012553215,0.01111054141074419,0.006165223196148872,0.9995136260986328,0.030569572001695633,-0.011304065585136414,-0.030498545616865158,0.9994708299636841,1.0,0.14229120314121246,0.08267821371555328,0.528557300567627,0.5141533613204956,0.1734328716993332,0.023546159267425537,0.020437190309166908,0.17939579486846924,0.010157215408980846,0.008295872248709202,0.1928464025259018,0.12295425683259964,1,0.09478513244512114,1,0.5110435012397796,0.33613649534050744,-0.03447195338206711,0.45825513027785236,51.27913577959902,0.49433398246765137,0.4047968715429306,0.5670226812362671,0.4445726603269577,761.5525817871094,323.8760304450989,812.7626800537109,321.2160301208496,694.8871612548828,322.8705668449402,642.0079040527344,319.3682885169983,478,0.5726886987686157,0.5397757887840271,1,-1.7478206157684326,0.6018259900101774,0.6756214206039255,0.43649833410019084,0.32311828050677566,-0.026542630718089433,0.4596343697364337,52.995111056052416,0.35326606035232544,0.7,4.725236892700195,-0.508465588092804,-35.151432037353516,0.6476890444755554
0.9998820424079895,-0.00350347557105124,0.01495423261076212,0.0030283245723694563,0.999493420124054,0.031681571155786514,-0.015057645738124847,-0.03163253515958786,0.9993861317634583,1.0000003576278687,0.1325637698173523,0.08229921758174896,0.5351830720901489,0.5116751790046692,0.22325541079044342,0.0185095202177763,0.013282365165650845,0.2386687994003296,0.009669964201748371,0.007996746338903904,0.20157647132873535,0.12810131907463074,1,0.0939766577314164,1,0.5324729044956537,0.3397813529605364,-0.034259775835708606,0.46031284548320217,51.0062917428713,0.4938703596591949,0.4035312980413437,0.566628497838974,0.4446714371442795,761.7394256591797,323.9352321624756,812.6773071289062,321.2943935394287,694.9197387695312,322.8696870803833,642.0865631103516,319.31586742401123,478,0.572758138179779,0.5411401391029358,1,-1.8129186630249023,0.6039989785777478,0.6899114458953473,0.4353974687053759,0.32514478475208786,-0.02607156725434617,0.46345504180184816,52.95256447510034,0.17353014647960663,0.7,4.697115898132324,-0.5240009427070618,-35.10114669799805,0.8627721071243286
0.9998974800109863,-0.0046364436857402325,0.013547093607485294,0.0042653693817555904,0.999618411064148,0.027293620631098747,-0.013668471947312355,-0.027233019471168518,0.9995356798171997,1.0000001192092896,0.13051989674568176,0.07813247293233871,0.5301656126976013,0.499531090259552,0.1912556290626526,0.022038739174604416,0.01647542044520378,0.19744206964969635,0.010486450046300888,0.008430752903223038,0.19668669998645782,0.11807507276535034,1,0.09474457346817693,1,0.5238956331220221,0.3434241687615825,-0.03276907120517035,0.46345851514631153,51.12006742735251,0.4940945982933045,0.40363492667675016,0.566590416431427,0.44474264085292814,761.7018127441406,323.94394397735596,812.7543640136719,321.3174819946289,694.5127868652344,322.89453506469727,641.2198638916016,319.4393992424011,478,0.5724958181381226,0.541107714176178,1,-1.5606757402420044,0.6112257555774668,0.6816781187285134,0.4380640679027423,0.32488793800326915,-0.026829885415990642,0.46356503329823723,53.40480879781224,0.24441123008728027,0.7,4.676603317260742,-0.5051590204238892,-35.03908920288086,0.7831701040267944
0.9999178051948547,-0.005132110323756933,0.011740157380700111,0.004791356157511473,0.999571681022644,0.028870990499854088,-0.011883246712386608,-0.028812376782298088,0.9995142221450806,0.9999997019767761,0.13025060296058655,0.07801765948534012,0.5235898494720459,0.4964071810245514,0.1785222589969635,0.02424083650112152,0.017342330887913704,0.1843954622745514,0.010526826605200768,0.008502664044499397,0.2073359340429306,0.11996083706617355,1,0.09423089752259972,1,0.5274628637763698,0.34029066536048064,-0.03402762462485902,0.4645955940645908,51.13174206609297,0.4944134891033173,0.40347243249416354,0.5666634976863861,0.444635221362114,761.6570281982422,323.944308757782,812.7101898193359,321.1106300354004,694.4981384277344,322.99618005752563,641.5224456787109,319.4337558746338,478,0.5722500085830688,0.5411627888679504,1,-1.6511725187301636,0.6560141836981237,0.7052480310836678,0.4427433166129328,0.3267270855100547,-0.028064400100703425,0.46262942314252226,53.09533772756302,0.27454492449760437,0.7,4.6844482421875,-0.5142742395401001,-35.071205139160156,0.680875837802887
0.999910295009613,-0.003106718184426427,0.01302576344460249,0.0026591182686388493,0.999410092830658,0.03424019366502762,-0.01312444731593132,-0.03420247882604599,0.9993287324905396,0.9999997615814209,0.11191920936107635,0.04783131182193756,0.5411896705627441,0.5381070375442505,0.18650531768798828,0.024636387825012207,0.016360534355044365,0.19533340632915497,0.009031158871948719,0.008004170842468739,0.16399678587913513,0.10544826090335846,1,0.09377151177530431,1,0.5300029768754793,0.3476083815785624,-0.028170638639692446,0.4736042662684388,51.321619204761525,0.49474779367446897,0.4049042731523514,0.5664263129234314,0.4446420341730118,761.0820770263672,324.0605878829956,812.3217010498047,321.1606693267822,694.4937896728516,322.5107216835022,641.4337921142578,318.40707063674927,478,0.5716785192489624,0.5397377610206604,1,-1.9602086544036865,0.6573000747559358,0.764005937146224,0.44397916037428814,0.33937365683904835,-0.020017732435728505,0.4836794291411552,53.21844880244,0.15236955881118774,0.7,4.671337127685547,-0.5162392258644104,-35.10744857788086,0.7519969940185547
0.9999504089355469,-0.007330682128667831,0.006739462725818157,0.007243527565151453,0.9998909831047058,0.012866104952991009,-0.0068330466747283936,-0.012816659174859524,0.9998945593833923,1.0000007152557373,0.1448877602815628,0.07564125210046768,0.5104086995124817,0.4976920783519745,0.15804770588874817,0.02828511781990528,0.01986408606171608,0.16019688546657562,0.010854661464691162,0.009057770483195782,0.21780043840408325,0.14400610327720642,1,0.09386667351483781,1,0.5229552300371557,0.3319683011451754,-0.030049113762542448,0.46170378345503976,51.52990851036162,0.4950341701507568,0.4023835897445679,0.5664401173591613,0.4442561507225037,760.723876953125,323.73831510543823,812.1607971191406,320.64401149749756,694.2549133300781,322.5125026702881,641.2982940673828,318.45916986465454,478,0.5714059472084045,0.5418725609779358,1,-0.7343776822090149,0.6573000747559358,0.7767931474552925,0.44652456673965774,0.3223284374479291,-0.02086464115011381,0.45974727278211125,53.11151504780785,0.4150368571281433,0.7,4.6811065673828125,-0.43434786796569824,-35.06689453125,0.39150774478912354
0.9999517202377319,-0.008949018083512783,0.004046688787639141,0.008872847072780132,0.9997901916503906,0.018464790657162666,-0.004211082588881254,-0.018427982926368713,0.9998213052749634,0.9999999403953552,0.13357609510421753,0.07192718237638474,0.5222153663635254,0.5068823099136353,0.13318219780921936,0.033260051161050797,0.025897938758134842,0.13375543057918549,0.010620657354593277,0.008590007200837135,0.20534665882587433,0.1278468519449234,1,0.09443327489362072,1,0.5119235013853787,0.3371873808790957,-0.03016553514594717,0.4614894257516647,51.618917061540564,0.4953179657459259,0.40286898910999297,0.5668233335018158,0.44469291269779204,760.9864807128906,323.93476009368896,812.4977111816406,320.6022334098816,694.2235565185547,323.15833568573,641.2706756591797,319.0353298187256,478,0.5715053677558899,0.5418239235877991,1,-1.0559147596359253,0.6560141836981237,0.7276817140447488,0.4493792726426436,0.3270501044318212,-0.021965232470530147,0.46192821719576926,53.11315062009353,0.5083878636360168,0.7,4.697911739349365,-0.4782335162162781,-35.04473114013672,0.24127796292304993
0.9999854564666748,-0.003558462718501687,0.004032779950648546,0.0034240856766700745,0.9994543790817261,0.03285191208124161,-0.004147480241954327,-0.032837625592947006,0.9994521141052246,1.0000001192092896,0.1213928610086441,0.08492172509431839,0.5317516922950745,0.5096973180770874,0.16023452579975128,0.02552773803472519,0.020616309717297554,0.16531428694725037,0.009854829870164394,0.008487213402986526,0.20354747772216797,0.13050919771194458,1,0.0942497342877043,1,0.5160468150972737,0.3396312926961191,-0.02893032787820966,0.4633955869646574,51.49693768796503,0.49556564092636113,0.4047781556844711,0.5669536471366883,0.4440625041723251,761.2553405761719,323.30783128738403,812.6766204833984,320.5173897743225,695.5110168457031,322.3939919471741,642.1701049804688,318.89435291290283,478,0.5713880062103271,0.539284348487854,1,-1.8818117380142212,0.6560141836981237,0.7134704976930539,0.43440920783700976,0.3212017012375301,-0.02467387755546009,0.45611630088405974,53.45559233692773,0.19618773460388184,0.7,4.720724582672119,-0.491303414106369,-35.13761901855469,0.23763379454612732
0.999933660030365,-0.004510452039539814,0.0105994688346982,0.004080132115632296,0.9991803169250488,0.04027460888028145,-0.010772439651191235,-0.04022868722677231,0.9991323947906494,1.000000238418579,0.10169912129640579,0.0712369978427887,0.5224364399909973,0.5045284032821655,0.09464947879314423,0.05007215216755867,0.03863227367401123,0.09386066347360611,0.010127749294042587,0.009202718734741211,0.16225086152553558,0.15192504227161407,1,0.0943856234532493,1,0.5018272787272313,0.352314652226576,-0.033371989759366776,0.4810077978449262,51.107078339048726,0.49573995471000676,0.40501647591590884,0.5687298953533173,0.44501578211784365,763.1526184082031,324.8555517196655,814.1391754150391,321.34778022766113,695.6682586669922,323.39471340179443,643.0705261230469,319.33932065963745,478,0.5729899406433105,0.5399993062019348,1,-2.305689811706543,0.5206794392983621,0.5674786218058612,0.4645575538888782,0.3269198606860073,-0.03246818534416157,0.4658244379597435,52.75384042098784,0.23378856480121613,0.5,4.75078010559082,-0.5621129870414734,-35.0561408996582,0.6172272562980652
0.9999296069145203,-0.006833470426499844,0.009694904088973999,0.006440605502575636,0.9991793036460876,0.03999101370573044,-0.009960221126675606,-0.03992576524615288,0.9991530179977417,1.0,0.1257576048374176,0.08934374153614044,0.5308449268341064,0.5090311765670776,0.07926072180271149,0.05781194567680359,0.046956006437540054,0.07483203709125519,0.009874753654003143,0.008686387911438942,0.19536474347114563,0.15581728518009186,1,0.09491487181530829,1,0.49705946023589753,0.3391276323884504,-0.03252771101637103,0.4829971279597064,51.206519626262555,0.49574315547943115,0.4048180878162384,0.5686752796173096,0.4449489414691925,763.1294250488281,324.55411434173584,814.2259216308594,321.19916439056396,695.1226043701172,323.3963656425476,642.0790100097656,319.610116481781,478,0.5729321241378784,0.5401308536529541,1,-2.288299322128296,0.5122775200505536,0.5956337569791553,0.4719259279312015,0.3160128864756354,-0.0333705169430279,0.4544773611694623,53.178553811468795,0.3690403699874878,0.5,4.739034175872803,-0.5607437491416931,-35.02690124511719,0.5706880688667297
0.9999033212661743,-0.007328904699534178,0.011816304177045822,0.006877344101667404,0.9992611408233643,0.037813570350408554,-0.012084695510566235,-0.03772864490747452,0.9992148876190186,0.9999998211860657,0.12464948743581772,0.0893080085515976,0.5380021929740906,0.5220506191253662,0.08434735983610153,0.05346374958753586,0.04289178177714348,0.07579991966485977,0.009323145262897015,0.008066183887422085,0.18924690783023834,0.14368055760860443,1,0.09408507287061878,1,0.4964867606608634,0.33523986401284833,-0.028201876558233894,0.48384738736058386,52.247871402678996,0.495574951171875,0.4060979962348938,0.5683718919754028,0.4448771357536316,761.5988159179688,324.058141708374,813.7688446044922,321.2071466445923,695.7783508300781,322.9541873931885,642.0977020263672,319.6898102760315,478,0.5727969408035278,0.5387791395187378,1,-2.162363290786743,0.5098324355778749,0.5891389379163409,0.46892049407442765,0.3147414734830401,-0.030035718524644664,0.4574450242128584,53.779812328214106,0.3940746486186981,0.5,4.739333152770996,-0.5232722163200378,-35.1307373046875,0.6924188733100891
0.9999809861183167,-0.005349238868802786,0.003090933198109269,0.005238553509116173,0.9993816614151001,0.03476821258664131,-0.0032750079408288,-0.034751370549201965,0.9993906617164612,1.0,0.11620185524225235,0.08297865837812424,0.5482946634292603,0.5384916067123413,0.07139556854963303,0.06746716052293777,0.056429844349622726,0.056246113032102585,0.008515157736837864,0.007964209653437138,0.16852428019046783,0.1582079827785492,1,0.09424385871597381,1,0.49330764734175514,0.33828286370058364,-0.02335997897546374,0.49547099342376755,52.094576804768124,0.49729587435722356,0.40619780123233795,0.5684495151042939,0.4453864246606827,761.6994476318359,324.5051908493042,813.70849609375,321.5212655067444,694.8277282714844,323.0749297142029,642.1012115478516,319.6485686302185,478,0.5711536407470703,0.5391886234283447,1,-1.991518259048462,0.4902890911715289,0.6122556181622933,0.4772668642086965,0.32024748690417343,-0.029777375493809006,0.4621075422452512,52.83772815130348,0.30014994740486145,0.5,4.7241926193237305,-0.5222859382629395,-35.0783576965332,0.18764445185661316
0.9999830722808838,-0.003698972286656499,0.0044832294806838036,0.0035304883494973183,0.999308168888092,0.037024226039648056,-0.004617081023752689,-0.037007782608270645,0.9993043541908264,1.0,0.11217270791530609,0.07305574417114258,0.5425214171409607,0.5331361293792725,0.07012560963630676,0.07112306356430054,0.06036892905831337,0.05261417478322983,0.008894368074834347,0.008089015260338783,0.17514857649803162,0.1561414897441864,1,0.09439987374759001,1,0.49375085013986697,0.34010639439675583,-0.0250902154806222,0.49691013470214185,52.00239620322532,0.4974832534790039,0.4051609754562378,0.5686663389205933,0.4454664707183838,762.1762084960938,324.9326705932617,814.0670013427734,321.5275526046753,695.0205230712891,323.1899428367615,642.1956634521484,319.31869983673096,478,0.5711830854415894,0.540305495262146,1,-2.120896577835083,0.4887685032209315,0.6563596071050398,0.47790907157552764,0.3232323398416259,-0.027796953396364475,0.46801820269542194,52.96652071122976,0.20228466391563416,0.5,4.718173980712891,-0.5464677810668945,-35.022647857666016,0.2645401656627655
0.9999416470527649,-0.0018422553548589349,0.010644827038049698,0.0014097586972638965,0.9991787672042847,0.040495362132787704,-0.010710683651268482,-0.04047798737883568,0.9991230368614197,1.0000004768371582,0.10566659271717072,0.07259880751371384,0.5582957863807678,0.5513911843299866,0.07463116943836212,0.06375738233327866,0.05426177754998207,0.0646674856543541,0.008269356563687325,0.007964719086885452,0.14407646656036377,0.15623444318771362,1,0.09460036333342264,1,0.4885113347684085,0.3490825538780818,-0.024089709548584828,0.49116438070920454,51.85767635161014,0.4968473851680756,0.4060829788446426,0.5688614189624787,0.44583522379398344,762.3242950439453,325.1669239997864,814.0976715087891,322.21123695373535,695.5287170410156,323.2160997390747,642.958984375,319.38114166259766,478,0.5720140337944031,0.5397522449493408,1,-2.3199846744537354,0.4887685032209315,0.6540358901968404,0.4681583465810594,0.324822953079793,-0.027618044517079852,0.46831051180799543,52.70942701386637,0.08077788352966309,0.5,4.738275051116943,-0.5647525191307068,-35.106143951416016,0.6136886477470398
0.9999061822891235,-0.0016942378133535385,0.013592949137091637,0.0011126426979899406,0.9990881681442261,0.042680609971284866,-0.013652865774929523,-0.04266146942973137,0.998996376991272,1.000000238418579,0.11009759455919266,0.0840916633605957,0.5450887680053711,0.5341932773590088,0.0647951066493988,0.07646875083446503,0.06614135950803757,0.0519917830824852,0.009326748549938202,0.008258731104433537,0.1496708244085312,0.15908664464950562,1,0.09511778878820268,1,0.48748485972365363,0.3515808835799503,-0.026937494124060064,0.48832343191043287,51.163644166324794,0.49671778082847595,0.4051863193511963,0.5692943036556244,0.4457473397254944,763.5404968261719,325.16512155532837,814.6116638183594,322.090322971344,695.2606964111328,323.40763092041016,642.9558563232422,319.53952074050903,478,0.5725765228271484,0.5405610203742981,1,-2.4452919960021973,0.4902890911715289,0.5733456855702922,0.4747692080311725,0.32296582970715343,-0.03028542797514455,0.4623835224026401,52.447674620411526,0.06375568360090256,0.5,4.727994918823242,-0.5755226612091064,-35.000083923339844,0.7822757959365845
0.9999071359634399,-0.004611747805029154,0.012819868512451649,0.004148698877543211,0.9993462562561035,0.03591446951031685,-0.01297711580991745,-0.03585795313119888,0.9992726445198059,1.0000003576278687,0.11712322384119034,0.09723496437072754,0.5109363794326782,0.5040765404701233,0.06136518344283104,0.08260683715343475,0.07376056909561157,0.04427409544587135,0.01131873857229948,0.009348149411380291,0.17547017335891724,0.1637207567691803,1,0.09370986909282326,1,0.48779612998974264,0.3434347742611599,-0.029809083328432445,0.4660875011833705,51.204256980614375,0.49720328450202944,0.4052486062049866,0.5699897348880768,0.44512304067611697,763.5429382324219,324.3630123138428,814.6565246582031,321.3171601295471,697.3754119873047,323.3547592163086,644.5512390136719,319.6744680404663,478,0.5727864503860474,0.5398744344711304,1,-2.0551228523254395,0.49037834878618297,0.5122663383484328,0.4738542333011655,0.31613090740151734,-0.030063810735346017,0.4509352880090103,52.9522218003472,0.23772363364696503,0.5,4.782454967498779,-0.5426409840583801,-35.140228271484375,0.7435547709465027
0.9998573660850525,-0.004816565662622452,0.016186395660042763,0.00443520862609148,0.999713659286499,0.02351420558989048,-0.016295013949275017,-0.023439079523086548,0.9995924830436707,0.9999998211860657,0.13191169500350952,0.10627368092536926,0.5163210034370422,0.509380578994751,0.06382729858160019,0.0803428590297699,0.07121207565069199,0.04352113604545593,0.010837795212864876,0.009095000103116035,0.17245353758335114,0.1690499186515808,1,0.09313749551262357,1,0.48821980559140693,0.3420062773898025,-0.029128797183281683,0.46534672005104477,51.094564469422465,0.4969207167625427,0.4046729028224945,0.5702583909034729,0.44401357769966127,763.5513305664062,323.200306892395,814.6011352539062,321.0620927810669,697.3826599121094,321.9742155075073,645.1642608642578,319.1176414489746,478,0.5733376741409302,0.5393406748771667,1,-1.3432615995407104,0.49234254758562873,0.5298470646635608,0.48183809023780305,0.3160372159837984,-0.030265276351480654,0.44970511411254466,52.296474207896075,0.254153311252594,0.5,4.78460168838501,-0.4592030346393585,-35.12028503417969,0.9336767792701721
0.9998703598976135,-0.004247197415679693,0.015526956878602505,0.003809342160820961,0.9995972514152527,0.02812160737812519,-0.01564013957977295,-0.028058836236596107,0.9994838833808899,0.9999999403953552,0.1331046223640442,0.10352074354887009,0.5279985666275024,0.519982099533081,0.06713994592428207,0.07176695019006729,0.06350675970315933,0.053003259003162384,0.010325916111469269,0.008607848547399044,0.17357081174850464,0.15504838526248932,1,0.09341434054721956,1,0.4866671028117364,0.34003718937909927,-0.028302260845682728,0.4662026198011715,51.302481042700315,0.49656433463096616,0.40504403710365294,0.5701045453548431,0.44405998587608336,763.3418273925781,323.1848359107971,814.5994567871094,321.04007720947266,697.3780822753906,322.021701335907,645.1173400878906,319.2000389099121,478,0.573540210723877,0.5390159487724304,1,-1.608060598373413,0.5017102238245814,0.5028247932441894,0.4751598385049386,0.317499109283468,-0.030156528854911695,0.4499763582900385,52.336860365704844,0.2182864546775818,0.5,4.793151378631592,-0.47118982672691345,-35.14936447143555,0.8961504101753235
0.9998562335968018,-0.005541553255170584,0.01602494716644287,0.005018238443881273,0.9994586706161499,0.032514121383428574,-0.01619645021855831,-0.032429039478302,0.9993427395820618,0.9999998211860657,0.12502847611904144,0.0958956778049469,0.5218850374221802,0.5110834240913391,0.07557787746191025,0.057320889085531235,0.04973970353603363,0.07389561831951141,0.010469072498381138,0.009031854569911957,0.17933936417102814,0.16092823445796967,1,0.09415225415592983,1,0.4883920405712168,0.33683272399222486,-0.0286617494216769,0.46727002675305745,51.84199149110867,0.4961931228637695,0.4053945243358612,0.5697436451911926,0.4441135823726654,763.1809234619141,323.521249294281,814.954833984375,320.865261554718,697.4163055419922,322.2668981552124,644.4895935058594,319.058632850647,478,0.5735505223274231,0.5387190580368042,1,-1.858616828918457,0.5121283819589197,0.5388264227529511,0.46301711877265184,0.31478408712963507,-0.029328442548078138,0.45343237740792497,53.02386079234755,0.2875627875328064,0.5,4.801112651824951,-0.48710545897483826,-35.178565979003906,0.9280287623405457
0.9998147487640381,-0.007599805016070604,0.017685916274785995,0.006961677689105272,0.9993323087692261,0.035867586731910706,-0.01794670894742012,-0.03573782742023468,0.9992000460624695,0.9999995827674866,0.130026176571846,0.09399433434009552,0.5084904432296753,0.5043585300445557,0.06568300724029541,0.06623358279466629,0.05693555995821953,0.0656164363026619,0.010546104982495308,0.009683179669082165,0.16521067917346954,0.17495065927505493,1,0.09417221986675615,1,0.4836733149071534,0.33488894438045264,-0.029287408823768207,0.46622141649564663,51.8424238768977,0.49627321362495425,0.40527917444705963,0.5699990928173065,0.44399650394916534,763.2929229736328,323.53506803512573,815.0627136230469,320.79176902770996,697.4203491210938,322.2753953933716,644.6662902832031,319.0572166442871,478,0.5737258791923523,0.5387173295021057,1,-2.0483927726745605,0.5121283819589197,0.515481011083168,0.46720409078643227,0.3129587152987863,-0.03138815988052106,0.4510159729475453,52.852127662359905,0.39894217252731323,0.5,4.824934482574463,-0.48410528898239136,-35.30430603027344,1.0283257961273193
0.9998146295547485,-0.0070151472464203835,0.017931517213582993,0.006372521165758371,0.9993441700935364,0.03564632683992386,-0.018169837072491646,-0.03552546352148056,0.9992035627365112,0.9999998211860657,0.10584031790494919,0.08066125214099884,0.5066236257553101,0.5007348656654358,0.09699059277772903,0.049934592097997665,0.0378497913479805,0.08767280727624893,0.010371643118560314,0.009424547664821148,0.15217353403568268,0.16046646237373352,1,0.09316842587241934,1,0.5071140104689852,0.34516278482468216,-0.030665393036182684,0.46839027291732493,51.87293255789002,0.4958358108997345,0.4055859863758087,0.5695091187953949,0.4442258894443512,763.2335662841797,323.8090181350708,815.0148010253906,320.7260227203369,697.4265289306641,322.5945997238159,644.6687316894531,319.06567096710205,478,0.5736733078956604,0.5386399030685425,1,-2.036223888397217,0.5009914719559042,0.5562104255105443,0.46705950721045647,0.32133522623398597,-0.030139448109500658,0.4568145277332059,52.87568919664724,0.3651812970638275,0.5,4.820642948150635,-0.48624300956726074,-35.31715393066406,1.0411121845245361
0.9998177289962769,-0.008035973645746708,0.01732020080089569,0.00739139411598444,0.9992892742156982,0.03696334362030029,-0.017604922875761986,-0.036828603595495224,0.9991665482521057,0.9999998211860657,0.09429951012134552,0.052769917994737625,0.5048176646232605,0.49727848172187805,0.08270162343978882,0.05561769753694534,0.04447345808148384,0.07937873154878616,0.01027686893939972,0.009701341390609741,0.14609406888484955,0.12301778793334961,1,0.09381877431288435,1,0.49736762519627487,0.35220816872109717,-0.031634710154856784,0.4765484649524946,51.83201947786118,0.4958898246288299,0.40560766160488126,0.5695861399173736,0.44377263486385343,763.2713317871094,323.57834815979004,815.0116729736328,320.49689769744873,697.0452117919922,322.4203419685364,644.2239379882812,318.6245656013489,478,0.5736963152885437,0.5381649732589722,1,-2.1109278202056885,0.5009914719559042,0.6276351689087805,0.4687962186326684,0.3395969917932536,-0.03073433783087439,0.4716790351368592,52.95748185650648,0.423565149307251,0.5,4.811975479125977,-0.4790659546852112,-35.2701416015625,1.0087398290634155
0.9998741745948792,-0.0065570711158216,0.014442243613302708,0.005959101486951113,0.9991387128829956,0.041064683347940445,-0.01469905860722065,-0.0409734807908535,0.9990521669387817,1.0000001192092896,0.10466873645782471,0.07137607783079147,0.5048341751098633,0.49141713976860046,0.07733520865440369,0.06230354309082031,0.04914071038365364,0.06811872124671936,0.010510554537177086,0.009798679500818253,0.1683383733034134,0.1508767455816269,1,0.09373368984650607,1,0.49785773241618697,0.3444485419383602,-0.029957326196294598,0.4718484066207774,51.767711066056414,0.4964319825172424,0.4047563970088959,0.5696374535560608,0.44403520226478577,763.3406829833984,323.7229299545288,815.0108337402344,320.54622888565063,696.8559265136719,322.5475215911865,644.2110443115234,318.7635898590088,478,0.5732054710388184,0.5392788052558899,1,-2.3485186100006104,0.5009914719559042,0.6019660534353898,0.47295244828068445,0.3275291957199909,-0.029942303836474487,0.45933598752588733,52.78069497020125,0.34147027134895325,0.5,4.8016037940979,-0.5072159767150879,-35.233177185058594,0.8422242999076843
0.99981290102005,-0.0029536208603531122,0.01911829225718975,0.0022981867659837008,0.9994118213653564,0.03421429917216301,-0.01920810528099537,-0.034163959324359894,0.9992315769195557,0.9999997615814209,0.11525354534387589,0.0724434182047844,0.5262471437454224,0.5089421272277832,0.08216574788093567,0.0585571750998497,0.0468330979347229,0.0719430148601532,0.00993867963552475,0.009017333388328552,0.17894329130649567,0.13910990953445435,1,0.09368448912451813,1,0.49706557683349484,0.3402081631918845,-0.026740836206660772,0.47069403462891,51.661422375163674,0.49598622918128965,0.4049557030200958,0.5696168601512909,0.4443444192409515,763.2626342773438,323.7445378303528,814.8496246337891,320.97235679626465,697.0241546630859,322.54754304885864,644.2197418212891,318.79629135131836,478,0.5736306309700012,0.5393887162208557,1,-1.9581931829452515,0.5009914719559042,0.5641923445028112,0.47160988787695923,0.3273016295316512,-0.029435723473103786,0.4576597056195253,52.937490542819425,0.1317008137702942,0.5,4.768671035766602,-0.4954911172389984,-35.139434814453125,1.1006109714508057
0.9999695420265198,-0.0026737069711089134,0.007330871187150478,0.0024726775009185076,0.9996243715286255,0.02729433961212635,-0.007401090580970049,-0.027275362983345985,0.9996005296707153,1.0000001192092896,0.1628682017326355,0.10608267039060593,0.5262645483016968,0.51067054271698,0.02225213311612606,0.21511204540729523,0.24081523716449738,0.008779427967965603,0.010971874929964542,0.008170900866389275,0.25855669379234314,0.15947481989860535,1,0.09300879171863588,1,0.4508657256551702,0.3081246155606971,-0.02438347176527006,0.4781229628876527,51.45934365822581,0.4988485991954803,0.40473043620586396,0.5722268640995025,0.4440854161977768,763.9513397216797,323.34651947021484,815.3230285644531,320.34424781799316,697.7723693847656,322.4763894081116,645.272216796875,318.8167190551758,478,0.5733782649040222,0.5393549799919128,1,-1.5629998445510864,0.3816365110179462,0.6623811148468775,0.5268947676956611,0.31247139312978794,-0.029872051331094805,0.44557383479602725,52.627551804631864,0.14167800545692444,0.3,4.815707206726074,-0.46254491806030273,-35.11470413208008,0.4240550994873047
0.9999521970748901,-0.004747902508825064,0.008546934463083744,0.004495374392718077,0.999559760093689,0.029326913878321648,-0.008682413026690483,-0.02928709052503109,0.9995333552360535,0.9999998211860657,0.17056451737880707,0.10788656026124954,0.4829121232032776,0.49312612414360046,0.02123035490512848,0.2551048994064331,0.27786362171173096,0.005661339499056339,0.011971494182944298,0.009163865819573402,0.2519479990005493,0.17297780513763428,1,0.09163021783841645,1,0.4514162875074874,0.31056925807059327,-0.02353618603178957,0.4795217216782312,51.63789203813799,0.49922828078269954,0.40587352216243744,0.5727020323276519,0.44394414126873016,763.6026000976562,323.1838274002075,815.1625061035156,320.34693002700806,698.6157989501953,322.2638511657715,646.0650634765625,318.77496242523193,478,0.5734737515449524,0.5380706191062927,1,-1.6783298254013062,0.37321798764765474,0.7092485458542824,0.5398221340858442,0.3156864839141834,-0.03134280548681477,0.4417786829020331,52.66642330336214,0.25757652521133423,0.3,4.838223934173584,-0.47521039843559265,-35.18003845214844,0.4974718391895294
0.9999831318855286,-0.00042452389607205987,0.005794737488031387,0.00024416387896053493,0.9995165467262268,0.03109031543135643,-0.005805135704576969,-0.03108837828040123,0.9994997978210449,1.0000003576278687,0.15040645003318787,0.10155945271253586,0.5162345767021179,0.5148969888687134,0.02188250981271267,0.2446308135986328,0.2649182379245758,0.006257213652133942,0.010471305809915066,0.007834830321371555,0.2243688553571701,0.16340036690235138,1,0.0919479471650425,1,0.45670592949421124,0.3195531457128598,-0.0197431040455531,0.4868232757628316,51.78628378954017,0.4993675708770752,0.40626334547996523,0.572659707069397,0.44435458779335024,763.9218902587891,323.3489656448364,815.6399536132812,320.6916904449463,698.5776519775391,322.2641086578369,645.9206390380859,318.77599239349365,478,0.5732921361923218,0.538091242313385,1,-1.7815498113632202,0.37321798764765474,0.7041553977482423,0.536799012482988,0.3156900545252491,-0.02875881306119735,0.44800301592330366,52.77241672393689,0.013989794068038464,0.3,4.840117931365967,-0.47467750310897827,-35.19252395629883,0.332611620426178
0.9999701380729675,-0.0044331857934594154,0.006329947616904974,0.0042531443759799,0.9995939135551453,0.02817823924124241,-0.006452298257499933,-0.028150442987680435,0.999582827091217,0.9999998211860657,0.16536687314510345,0.09964938461780548,0.5145717859268188,0.5222222805023193,0.026601284742355347,0.20565618574619293,0.21706846356391907,0.008775959722697735,0.010241514071822166,0.008242323994636536,0.22593384981155396,0.17054693400859833,1,0.09164728692916613,1,0.4606628552452507,0.31302718502628973,-0.020009574924728917,0.4787467060674916,51.97949882140352,0.4987369358539582,0.4058845341205597,0.5720589935779572,0.4440610110759735,763.0455780029297,322.94663429260254,814.9697875976562,320.54981231689453,698.4544372558594,321.92291021347046,645.5188751220703,318.7053322792053,478,0.573322057723999,0.5381764769554138,1,-1.6131482124328613,0.3816365110179462,0.7341033334282505,0.5308277056652642,0.313105743056987,-0.026867555446428555,0.44641735396746435,53.03325886921695,0.2436930239200592,0.3,4.843608856201172,-0.4494515359401703,-35.25492858886719,0.36969199776649475
0.9999690651893616,-0.006334181409329176,0.004653907846659422,0.0061924876645207405,0.999535083770752,0.02985447086393833,-0.004840845242142677,-0.02982473000884056,0.9995433688163757,0.9999997615814209,0.14141792058944702,0.0859866738319397,0.5186653137207031,0.5198949575424194,0.021269112825393677,0.2242855429649353,0.2473386973142624,0.008829208090901375,0.010879253037273884,0.008287148550152779,0.21196821331977844,0.12169793993234634,1,0.09274391247802635,1,0.45176010813945633,0.3249393322416559,-0.021376413433031673,0.4752662421573912,51.49732901927853,0.4989279508590698,0.40626517236232756,0.5722038149833679,0.4447894424200058,763.7511444091797,323.18511486053467,815.1850891113281,320.6308579444885,698.0300140380859,322.81188011169434,645.5137634277344,319.9059534072876,478,0.5732758641242981,0.5385242700576782,1,-1.7091045379638672,0.37617441986415173,0.734794519174792,0.5253551702574631,0.3284368466044777,-0.027947936759656764,0.4564430241633102,52.596587230407145,0.35480982065200806,0.3,4.856010913848877,-0.4796637296676636,-35.27399444580078,0.27736109495162964
0.9999876022338867,-0.0026471710298210382,0.004216809291392565,0.0025396132841706276,0.9996764659881592,0.02531099133193493,-0.004282448440790176,-0.025299912318587303,0.9996706247329712,0.9999997615814209,0.12836787104606628,0.08579050004482269,0.5190609693527222,0.5114160180091858,0.026479700580239296,0.1725974828004837,0.1823824942111969,0.014497167430818081,0.010374162346124649,0.008942723274230957,0.1850692629814148,0.15019845962524414,1,0.09350800726853813,1,0.45977545284343974,0.3359493125452395,-0.022197325345371843,0.4869690473809231,51.68581297456495,0.4992924213409424,0.4045661360025406,0.5713152170181275,0.4439921647310257,763.3994293212891,323.12647104263306,815.0202941894531,320.5361866950989,697.3553466796875,322.08558082580566,645.0119781494141,318.89267921447754,478,0.5720227956771851,0.5394260287284851,1,-1.4497463703155518,0.44455613233269703,0.518839295420248,0.505162650756753,0.3272713957476965,-0.030072505825441142,0.459000614177949,52.440660273308175,0.14551061391830444,0.3,4.786133766174316,-0.46104276180267334,-35.084102630615234,0.24536696076393127
0.999819815158844,-0.0012738218065351248,0.018940897658467293,0.00047750488738529384,0.9991180300712585,0.04198750853538513,-0.01897767372429371,-0.0419708751142025,0.9989385604858398,1.0000001192092896,0.1111694946885109,0.08146200329065323,0.4969126880168915,0.49503713846206665,0.02910183183848858,0.1747594028711319,0.1774924099445343,0.013182129710912704,0.011427472345530987,0.00926436111330986,0.19601279497146606,0.15927696228027344,1,0.09350064168553114,1,0.4633949766882436,0.3398681807554328,-0.022956725405557876,0.49438008875567085,51.87551039941672,0.49875617027282715,0.404505243897438,0.5716273784637451,0.4446366339921951,763.9237976074219,324.0517258644104,815.6900787353516,320.6870985031128,697.3563385009766,322.7066731452942,644.8805236816406,319.07172203063965,478,0.572871208190918,0.5401313900947571,1,-2.4058940410614014,0.44455613233269703,0.6476923629258098,0.5138804978734571,0.32801040772328816,-0.02995844025407559,0.4669725689792873,52.6015590136297,0.027363942936062813,0.3,4.748443126678467,-0.5490519404411316,-35.03441619873047,1.0874059200286865
0.9998518824577332,-0.0022191249299794436,0.01706881821155548,0.0015333854826167226,0.9991952180862427,0.04008299484848976,-0.01714402250945568,-0.0400509312748909,0.9990505576133728,0.9999997019767761,0.10703018307685852,0.08648288249969482,0.518552839756012,0.5100799202919006,0.026014763861894608,0.18312622606754303,0.19690784811973572,0.011945093981921673,0.010445659048855305,0.008635682985186577,0.17704063653945923,0.15672850608825684,1,0.09342555454443559,1,0.4583412767134364,0.3383962877089851,-0.01926499418845573,0.4922309883005671,52.05879829133119,0.49881978631019597,0.40477374494075774,0.5716058790683747,0.44461664855480193,763.4422302246094,323.52060556411743,815.4232788085938,320.6764769554138,697.3545837402344,322.43534088134766,644.8876953125,319.31084632873535,478,0.5727860927581787,0.5398429036140442,1,-2.295700788497925,0.4432720096707448,0.6333074697100002,0.5144488766476254,0.3245237890991273,-0.02873009145598017,0.4612157230435549,52.5598406352488,0.08786945790052414,0.3,4.775747299194336,-0.5108639597892761,-35.19805908203125,0.9823282361030579
0.9999451637268066,-0.0009386949241161346,0.010437997989356518,0.0004453955916687846,0.9988871216773987,0.04716204106807709,-0.01047065295279026,-0.04715481027960777,0.9988327026367188,1.0000001192092896,0.10103804618120193,0.07852336764335632,0.514355480670929,0.5018509030342102,0.02648133784532547,0.18552470207214355,0.18758463859558105,0.01233617588877678,0.010113704949617386,0.00885770469903946,0.1798854023218155,0.1526746153831482,1,0.09344343925417575,1,0.46292610859565797,0.3401762684460982,-0.020597421602731415,0.4995894376242895,51.79387312836128,0.4989522516727447,0.4065390795469284,0.5714259564876556,0.44487976729869844,763.6268615722656,323.9629125595093,815.3227233886719,320.77807903289795,696.8461608886719,322.9734778404236,644.6567535400391,319.3347716331482,478,0.5724737048149109,0.53834068775177,1,-2.7029221057891846,0.4432720096707448,0.6608462767777051,0.5165335658435843,0.3297442437353188,-0.03154741050714533,0.46127078888752854,52.316100985920436,0.02552068419754505,0.3,4.798673152923584,-0.5394828915596008,-35.29427719116211,0.5999351143836975
0.9999345541000366,-0.001651260768994689,0.011324319988489151,0.0011234120465815067,0.9989194273948669,0.04646090418100357,-0.011388805694878101,-0.04644515737891197,0.9988558888435364,1.0000001192092896,0.10099458694458008,0.07520180940628052,0.5297983288764954,0.5204399824142456,0.024906432256102562,0.20551367104053497,0.2120487540960312,0.009936869144439697,0.009479326196014881,0.008158385753631592,0.17546705901622772,0.1497987061738968,1,0.09301082392324779,1,0.4600649442168346,0.34014277487254324,-0.01744491595746506,0.5041486949089361,52.00103956922606,0.49922105073928835,0.4067140966653824,0.5716538071632385,0.445067897439003,763.3748626708984,323.9597797393799,815.2812194824219,320.8231830596924,697.2831726074219,322.93489694595337,644.6620941162109,319.3262529373169,478,0.5724327564239502,0.5383538007736206,1,-2.6622419357299805,0.4432720096707448,0.7074203710906186,0.5232985381334804,0.32917414667753,-0.029284812606516265,0.4637594772338362,52.744669998633405,0.06437095254659653,0.3,4.7920684814453125,-0.5386271476745605,-35.26337814331055,0.6525445580482483
0.9999670386314392,-0.004253508523106575,0.006915464997291565,0.004101512487977743,0.9997528791427612,0.02184649184346199,-0.007006679195910692,-0.021817410364747047,0.9997373819351196,0.9999999403953552,0.12396794557571411,0.10230308771133423,0.5264124274253845,0.5311933755874634,0.019441472366452217,0.23109422624111176,0.2631516754627228,0.008315392769873142,0.009668673388659954,0.008466295897960663,0.17510025203227997,0.19359634816646576,1,0.09369795385819465,1,0.4498765562804341,0.33312798006068095,-0.020017745646886728,0.4952949079819981,51.536429754710575,0.4997056901454926,0.4048806220293045,0.5719991505146027,0.44444928467273714,763.9999389648438,323.6234736442566,815.4339599609375,320.3761553764343,697.0502471923828,322.2772192955017,644.8036193847656,319.2173767089844,478,0.5722934603691101,0.5395686626434326,1,-1.2501753568649292,0.44319283460191233,0.6539118656592856,0.524746745402475,0.31170521358333014,-0.027919921704727693,0.468861202038394,52.33615150186928,0.23500576615333557,0.3,4.791031837463379,-0.4440041482448578,-35.115966796875,0.40145641565322876
0.9999641180038452,-0.0014476439682766795,0.008344531990587711,0.0011590486392378807,0.9994044899940491,0.03448666259646416,-0.008389485068619251,-0.03447575867176056,0.9993703365325928,1.0000001192092896,0.13106028735637665,0.09991380572319031,0.545691192150116,0.5524562001228333,0.01974819041788578,0.22887356579303741,0.2553379237651825,0.008734672330319881,0.00802429299801588,0.008112958632409573,0.14222458004951477,0.21399742364883423,1,0.09380809208619303,1,0.44974460097589697,0.33403419976985665,-0.01662145356497996,0.4926842201237762,51.62190575402692,0.499445629119873,0.4066090524196625,0.5720948100090026,0.44482731223106386,764.0988159179688,323.99044275283813,815.6534576416016,321.356041431427,696.8269348144531,321.99801206588745,644.8219299316406,318.7516164779663,478,0.5726491808891296,0.5382182598114014,1,-1.9757764339447021,0.4331185393591993,0.6740529845343335,0.5281560078963575,0.3111415638612803,-0.027560679121700113,0.4598779649273015,52.10623395793288,0.06641094386577606,0.3,4.795563697814941,-0.4872015118598938,-35.11125946044922,0.4806877076625824
0.9999828338623047,-0.001502618077211082,0.005666033364832401,0.0012107071233913302,0.9986900091171265,0.05115523934364319,-0.005735516548156738,-0.0511474683880806,0.9986746907234192,1.0,0.12563584744930267,0.11929984390735626,0.5646868944168091,0.5677814483642578,0.02040032111108303,0.23766031861305237,0.25848856568336487,0.007740993518382311,0.008077277801930904,0.006635949015617371,0.1521987020969391,0.204884335398674,1,0.09350581145199591,1,0.4576643047627528,0.3345699670778367,-0.018038373911860726,0.4949058288900195,51.55206852071945,0.4992909371852875,0.40701685547828675,0.5722719967365265,0.44525007605552674,764.5853424072266,323.8777256011963,816.0714721679688,321.2711548805237,696.8489074707031,322.31348276138306,644.8326873779297,319.4743323326111,478,0.572981059551239,0.53823322057724,1,-2.931861400604248,0.3846443406867425,0.7240394267160419,0.5361438274239524,0.30599031817439903,-0.023032303776746588,0.47140945229669734,52.093645754556576,0.06936956197023392,0.3,4.830263614654541,-0.5487059950828552,-35.17746353149414,0.3286226987838745
0.9999688863754272,0.002474693115800619,0.007489111740142107,-0.002854502061381936,0.9986876249313354,0.051136646419763565,-0.007352733518928289,-0.05115643888711929,0.998663604259491,1.0000003576278687,0.1347648650407791,0.14508932828903198,0.5392361879348755,0.5345454216003418,0.020757926627993584,0.2552667260169983,0.277668297290802,0.006062853150069714,0.009308639913797379,0.007506526540964842,0.17080435156822205,0.23959040641784668,1,0.09281176395170246,1,0.45924536221244333,0.33003460732966444,-0.019618300694192795,0.4896352123300667,51.47748822163961,0.4997463941574096,0.40659098625183104,0.5725895285606384,0.44489275217056273,764.6708679199219,323.91469717025757,816.085205078125,321.36563301086426,697.0903778076172,322.2329092025757,645.4660797119141,319.2102313041687,478,0.5728431344032288,0.5383017659187317,1,-2.9324071407318115,0.3846443406867425,0.6195020485995406,0.5440677186601168,0.2966431921263807,-0.0306060964827412,0.45308399611651634,51.71271348184081,-0.1635555475950241,0.3,4.82211446762085,-0.5512844920158386,-35.18402099609375,0.42128437757492065
0.9999412894248962,0.0011821541702374816,0.010768045671284199,-0.001743985339999199,0.9986290335655212,0.05231676995754242,-0.010691437870264053,-0.05233249440789223,0.9985725283622742,0.9999997019767761,0.10883183032274246,0.11348176747560501,0.5724414587020874,0.5683732032775879,0.01866416074335575,0.2719624638557434,0.30333539843559265,0.005496358964592218,0.00810245517641306,0.006484127137809992,0.14219680428504944,0.21233493089675903,1,0.0932614076997227,1,0.4524719072516707,0.34155799581468815,-0.015330555154553015,0.5025939365235175,51.68860899793351,0.49979571700096126,0.40722457468509676,0.5727835714817047,0.44555054008960726,764.7524261474609,324.27376985549927,816.3611602783203,321.4013385772705,697.0951080322266,322.64820098876953,645.2035522460938,319.29267168045044,478,0.5729878544807434,0.5383259654045105,1,-2.9999725818634033,0.34964704723003687,0.7240663340275117,0.5457851924225645,0.30785820949157194,-0.02504602289214759,0.46754135286261206,51.99993402830739,-0.09992875903844833,0.3,4.809751987457275,-0.5604743957519531,-35.140804290771484,0.6125859022140503
0.9999206066131592,-0.0035648727789521217,0.012081792578101158,0.0030616996809840202,0.9991374015808105,0.04141288995742798,-0.012218973599374294,-0.041372645646333694,0.999069094657898,0.9999998211860657,0.13497820496559143,0.11409871280193329,0.5515877604484558,0.544053316116333,0.018801527097821236,0.2587522864341736,0.28844791650772095,0.0065245721489191055,0.010073483921587467,0.0070595587603747845,0.19346678256988525,0.1920396089553833,1,0.09319031278490567,1,0.4471152078238303,0.327026667618168,-0.01911366892597433,0.48592803913656224,51.51682254895011,0.4990053534507751,0.40659274756908415,0.5727738499641418,0.4448400348424911,764.5350646972656,323.58407735824585,815.9638977050781,320.57440280914307,697.7796936035156,322.6008868217468,645.6509399414062,319.3453288078308,478,0.5737684965133667,0.538247287273407,1,-2.3713316917419434,0.3210602786785293,0.680668457830199,0.5352397832740345,0.3070858938732796,-0.02500501359983797,0.46647637908365774,52.23031319503373,0.1754358410835266,0.3,4.832484245300293,-0.5095496773719788,-35.17517852783203,0.7001129984855652
0.9999154806137085,-0.0005672176484949887,0.012985124252736568,-2.1186830053920858e-05,0.9989748597145081,0.04526885598897934,-0.012997487559914589,-0.045265305787324905,0.9988903999328613,0.9999999403953552,0.14998632669448853,0.09601960331201553,0.5742865800857544,0.5686299800872803,0.008412925526499748,0.45145511627197266,0.49601179361343384,0.0021545514464378357,0.008446069434285164,0.006092871073633432,0.1882200986146927,0.16178826987743378,1,0.09214608066130703,1,0.40999001047942546,0.3272722589575406,-0.014231841573025757,0.5001083626968036,50.72636645179815,0.5015116989612579,0.40750199258327485,0.5750747382640838,0.4449976056814194,765.3292083740234,323.2768249511719,816.0057830810547,321.0298204421997,698.9211273193359,322.2443890571594,646.7563629150391,319.18160676956177,478,0.5735630393028259,0.5374956130981445,1,-2.594616651535034,0.2395749450721118,0.7693450569863844,0.5832917234563779,0.3204309673335558,-0.02504992561805505,0.4638105586072148,52.25460057068209,-0.0012140185572206974,0.08,4.846946716308594,-0.5370616316795349,-35.167137145996094,0.7447221279144287
0.9999197721481323,-0.002169673563912511,0.012480977922677994,0.0015937600983306766,0.9989416003227234,0.04596920683979988,-0.012567508965730667,-0.04594561457633972,0.9988648295402527,0.9999997019767761,0.1208265870809555,0.0781647264957428,0.5640419721603394,0.5496034622192383,0.007478347048163414,0.44754114747047424,0.48408597707748413,0.0024861323181539774,0.00896410271525383,0.006476927548646927,0.18170887231826782,0.1373717337846756,1,0.09302672897816447,1,0.4055543616011464,0.34186358957656654,-0.018184684170432862,0.5102490246968807,50.57166654922633,0.5012432515621186,0.4070593297481537,0.5748604714870453,0.4447518169879913,765.5126190185547,323.1877541542053,816.0340881347656,320.9350633621216,698.5650634765625,322.1946930885315,646.2826538085938,319.29704904556274,478,0.5736172199249268,0.5376924872398376,1,-2.633625030517578,0.22410347554732155,0.8240722038630539,0.5753260444927875,0.33236863387465654,-0.025852278016440102,0.4774333972663971,52.36264605416527,0.09132297337055206,0.08,4.845797538757324,-0.5392153859138489,-35.14439010620117,0.7200841307640076
0.9999552369117737,0.0030667560640722513,0.00894451979547739,-0.0034589101560413837,0.9990183115005493,0.04416264221072197,-0.008800302632153034,-0.04419160261750221,0.9989843368530273,1.0000001192092896,0.14210952818393707,0.08500465005636215,0.5731525421142578,0.5506218671798706,0.008672885596752167,0.42315366864204407,0.46243780851364136,0.0025549838319420815,0.008626836352050304,0.0062516480684280396,0.182246595621109,0.1367845982313156,1,0.0933343934772256,1,0.41132305317235257,0.33483227732646953,-0.018020809590229604,0.5052190954217439,50.62486786062668,0.5010359764099122,0.4074861407279968,0.5744991779327393,0.4451061487197876,765.4940032958984,323.65368604660034,816.0832214355469,321.7541456222534,697.7399444580078,322.1752095222473,645.8823394775391,319.07363176345825,478,0.5734632015228271,0.5376200079917908,1,-2.5329151153564453,0.22410347554732155,0.8034168132924088,0.575146237526643,0.3300211693574867,-0.027144396923915057,0.47340111371393895,51.950274099450645,-0.19818902015686035,0.08,4.82619571685791,-0.5388085246086121,-35.08925247192383,0.5042266845703125
0.9999709725379944,0.0031062292400747538,0.006949606817215681,-0.0033928758930414915,0.9991276264190674,0.04162207618355751,-0.006814256310462952,-0.04164445027709007,0.9991092681884766,1.0000003576278687,0.14058499038219452,0.08836193382740021,0.568932056427002,0.5536601543426514,0.008673254400491714,0.4219013750553131,0.4604139029979706,0.002616415498778224,0.00844980776309967,0.006434198934584856,0.18151846528053284,0.15325529873371124,1,0.09318855136797453,1,0.4171533724854379,0.33108449437159626,-0.016068897990821278,0.5059108036305894,51.05014443701967,0.5013959348201752,0.4067927151918411,0.5748385131359101,0.44511987268924713,765.8869934082031,323.76681089401245,816.8872833251953,321.5112233161926,698.3743286132812,322.24084854125977,646.6239166259766,318.87587785720825,478,0.5734425783157349,0.538327157497406,1,-2.386796712875366,0.23792416138250824,0.779665693505965,0.5720384882813161,0.3271260519540641,-0.025996334476142316,0.47037647265029053,51.85969695885248,-0.19440235197544098,0.08,4.870588302612305,-0.522371232509613,-35.18376541137695,0.39043110609054565
0.9999308586120605,0.0026041094679385424,0.011473393999040127,-0.0030353080946952105,0.999283492565155,0.037727002054452896,-0.011366929858922958,-0.0377592109143734,0.9992221593856812,1.0000001192092896,0.1516255885362625,0.10972952842712402,0.5436192750930786,0.5373562574386597,0.00914550106972456,0.40475985407829285,0.4479118287563324,0.002710523549467325,0.009116103872656822,0.007398481015115976,0.1826561540365219,0.19041290879249573,1,0.09286808061851354,1,0.4184680796083188,0.32790248959855245,-0.016577430534821684,0.49908661979868,51.01864738387414,0.5012036025524139,0.40655643939971925,0.5749239385128021,0.44479305744171144,765.8836364746094,323.71265172958374,816.8544006347656,321.5027689933777,699.0975189208984,322.04901695251465,646.7567443847656,318.56042861938477,478,0.5737203359603882,0.5382366180419922,1,-2.164097785949707,0.23792416138250824,0.6661437534960492,0.5691130281237237,0.31337098962682874,-0.028455139936020918,0.45769097453561863,52.45690543393932,-0.17392182350158691,0.08,4.85950231552124,-0.5066556930541992,-35.126914978027344,0.6512911319732666
0.9999380111694336,0.0009275831980630755,0.011098085902631283,-0.0013778854627162218,0.9991730451583862,0.0406368114054203,-0.011051222681999207,-0.04064960405230522,0.9991123676300049,0.9999997615814209,0.11482946574687958,0.09624995291233063,0.5541828870773315,0.547003448009491,0.0130070885643363,0.34552106261253357,0.3947070240974426,0.0032797653693705797,0.009175949729979038,0.00673080375418067,0.1737738847732544,0.15717341005802155,1,0.09234795401091647,1,0.4320424389904287,0.3418526826054957,-0.01594443586919509,0.5084895265274967,51.25061686205585,0.5008039057254792,0.4066237807273865,0.5745601236820221,0.4444238543510437,765.6354522705078,323.09653759002686,816.8357849121094,320.8268094062805,699.6562194824219,322.03275203704834,647.1861267089844,318.70859384536743,478,0.573756217956543,0.5378000736236572,1,-2.3298346996307373,0.2075909297565986,0.7188409947569513,0.5567022120819954,0.32421675969810704,-0.02774469097281959,0.46233568972113637,52.57528567151687,-0.07895185798406601,0.08,4.863751411437988,-0.5083872079849243,-35.1058349609375,0.6332013010978699
0.9999496340751648,0.0052977255545556545,0.008527503348886967,-0.005768601782619953,0.9984042644500732,0.05617506429553032,-0.008216295391321182,-0.05622145161032677,0.9983845353126526,0.9999998211860657,0.10295015573501587,0.09632591158151627,0.5701571106910706,0.5673841834068298,0.010141349397599697,0.3804998993873596,0.4229731261730194,0.003254578448832035,0.008150244131684303,0.006491075735539198,0.14819471538066864,0.1635957658290863,1,0.0929347519837994,1,0.4230278234312284,0.3440111393351763,-0.009028020678725263,0.5140810175673489,51.67993991595744,0.5013143062591553,0.4074867457151413,0.5748388409614563,0.44500727355480196,765.6369018554688,323.5135245323181,817.2714996337891,321.34915351867676,699.456787109375,322.02927589416504,647.1678161621094,318.7068772315979,478,0.573524534702301,0.5375205278396606,1,-3.223059892654419,0.2075909297565986,0.7193335000269439,0.5588949774725994,0.3238971084398354,-0.02722601042130226,0.4623814868608357,52.39441588281908,-0.33052951097488403,0.08,4.868995666503906,-0.5710738897323608,-35.11134338378906,0.47076430916786194
0.9999257922172546,0.003606054000556469,0.011640802025794983,-0.004066586494445801,0.9992000460624695,0.03978373110294342,-0.01148803997784853,-0.039828114211559296,0.9991405010223389,0.9999997019767761,0.10948119312524796,0.09884478896856308,0.567933201789856,0.5615453720092773,0.009219120256602764,0.41411975026130676,0.4585389196872711,0.002539851004257798,0.008522138930857182,0.006407732609659433,0.14861126244068146,0.15803250670433044,1,0.09245247116665359,1,0.416786786318526,0.3404832244303792,-0.00824040072619843,0.49998580189520136,51.91694468121378,0.501004445552826,0.40677769780158995,0.575143563747406,0.4447257101535797,765.2680969238281,323.1141972541809,817.1424865722656,321.0125684738159,699.7676849365234,321.80630922317505,647.12890625,318.42352867126465,478,0.5741391181945801,0.5379480123519897,1,-2.2827372550964355,0.205901187974666,0.7510081990232327,0.5695172750645117,0.3214260438663701,-0.024206001515342017,0.4556274649151674,52.74736226558321,-0.23301424086093903,0.08,4.86054801940918,-0.5026794672012329,-35.08894729614258,0.6582306027412415
0.9999001026153564,0.006360839121043682,0.012619709596037865,-0.0068764155730605125,0.9991255402565002,0.04124140739440918,-0.012346337549388409,-0.04132406786084175,0.9990695714950562,0.9999998211860657,0.11182461678981781,0.09775719046592712,0.5624628067016602,0.5626804232597351,0.011384833604097366,0.3706128001213074,0.410298615694046,0.0032646891195327044,0.008533483371138573,0.0066632539965212345,0.12996889650821686,0.15422755479812622,1,0.09291893237752961,1,0.4239008627253195,0.3471832813189687,-0.015518220789538073,0.5007699442749921,51.31161500526224,0.500839376449585,0.4072113066911697,0.5749228239059448,0.444962802529335,765.9835815429688,323.58991384506226,817.2691345214844,321.954710483551,699.4800567626953,321.7852807044983,647.0700836181641,318.4875798225403,478,0.5740834474563599,0.5377514958381653,1,-2.368549346923828,0.205901187974666,0.7404391281214536,0.5618842061102447,0.32282038937167506,-0.025073518619460135,0.4578151836677963,52.51361838820841,-0.39402273297309875,0.08,4.86708402633667,-0.503806471824646,-35.131717681884766,0.707410991191864
0.9998728036880493,0.007274467032402754,0.014189120382070541,-0.007859166711568832,0.9991035461425781,0.04159696027636528,-0.013873805291950703,-0.04170318320393562,0.9990337491035461,0.9999999403953552,0.11634085327386856,0.09926971048116684,0.5643211603164673,0.5534276962280273,0.011950029991567135,0.34724611043930054,0.3844151496887207,0.0038765633944422007,0.008860254660248756,0.0068379356525838375,0.13860812783241272,0.15321142971515656,1,0.09349420295463579,1,0.4275447991988245,0.34437502064105247,-0.017865569923701117,0.5012541376081603,51.27139401839199,0.5004956126213074,0.40814724564552307,0.5748674869537354,0.44521668553352356,766.5042877197266,324.18238162994385,817.7339172363281,322.11334705352783,699.4505310058594,322.1850800514221,647.0832824707031,318.58920335769653,478,0.574371874332428,0.5370694398880005,1,-2.3903393745422363,0.205901187974666,0.7256868649110612,0.5533210796969688,0.3213769330787599,-0.027307437576738043,0.4593620161378402,52.49056151770796,-0.45034506916999817,0.08,4.865782260894775,-0.5099821090698242,-35.084171295166016,0.794935941696167
0.9998591542243958,0.0071507832035422325,0.015183824114501476,-0.007743363734334707,0.9991961717605591,0.03933420404791832,-0.014890345744788647,-0.039446257054805756,0.999110758304596,1.0000001192092896,0.12077661603689194,0.10433845221996307,0.5634852647781372,0.5573883652687073,0.009711796417832375,0.38575905561447144,0.42088624835014343,0.0033090237993746996,0.00873134471476078,0.006826967466622591,0.14353689551353455,0.16745764017105103,1,0.09346549646943945,1,0.41726386017389483,0.3384230607939559,-0.015703384968382122,0.5033971279784156,51.586036066017805,0.5008235454559327,0.4077121943235397,0.5751898169517518,0.445112082362175,766.1859130859375,323.9547371864319,817.7366638183594,322.0470643043518,699.6501159667969,321.66537523269653,647.0797729492188,318.50223541259766,478,0.5743662714958191,0.5373998880386353,1,-2.26094126701355,0.18839024759527317,0.7626931154257374,0.5600950141231001,0.3160315470435483,-0.023288294429879713,0.4624724465935577,52.66541957122008,-0.4437156617641449,0.08,4.878205299377441,-0.49095314741134644,-35.17271423339844,0.8531854748725891
0.9999626874923706,0.00514546362683177,0.006938973441720009,-0.005340012721717358,0.9995847344398499,0.02831638604402542,-0.006790389772504568,-0.02835238352417946,0.9995748996734619,0.9999997615814209,0.128029003739357,0.11047761887311935,0.5686907768249512,0.5540234446525574,0.007317380513995886,0.44974783062934875,0.4810269773006439,0.0025911706034094095,0.00893471110612154,0.0067404829896986485,0.15027113258838654,0.16615557670593262,1,0.09319593673604262,1,0.4051661512724216,0.33697426953400406,-0.015627986019701244,0.5008507175046498,51.10516858939865,0.5015768945217133,0.40698595345020294,0.5751180589199066,0.4453916698694229,765.5924987792969,323.9491367340088,816.6637420654297,322.0873188972473,699.0415954589844,322.0071744918823,647.0337677001953,319.1914129257202,478,0.5735411643981934,0.53840571641922,1,-1.6247271299362183,0.1747010736647723,0.7588430853941458,0.5686182188270562,0.31801525208578896,-0.026202210427835222,0.4593293104876613,52.08399621274767,-0.30596867203712463,0.08,4.871062755584717,-0.4692898690700531,-35.16298294067383,0.38906365633010864
0.9999292492866516,0.0023168723564594984,0.01167487446218729,-0.0027578435838222504,0.9992778301239014,0.03789765015244484,-0.011578639037907124,-0.037927158176898956,0.999213457107544,1.0000001192092896,0.13933217525482178,0.11262289434671402,0.565758228302002,0.5583016872406006,0.007961060851812363,0.4262647330760956,0.4546405076980591,0.0030180613975971937,0.009001231752336025,0.006647862493991852,0.14777801930904388,0.15747137367725372,1,0.09291491715597533,1,0.40975968460925355,0.33545696183067963,-0.015411996630647695,0.487423262642418,51.07896237396615,0.5006439924240113,0.40756169259548186,0.5750911474227905,0.4450320929288864,765.6150817871094,323.26289892196655,816.6736602783203,321.81999921798706,699.5503997802734,321.62986278533936,647.4871826171875,319.135537147522,478,0.5744471549987793,0.5374704003334045,1,-2.1737329959869385,0.1571411922838031,0.7388017318156956,0.5623215960282404,0.3188705532327711,-0.022789026630975366,0.4597126432231284,52.122933933752854,-0.15802356600761414,0.08,4.895254611968994,-0.48731860518455505,-35.24863052368164,0.6634219288825989
0.9999228119850159,0.0022363706957548857,0.01221749372780323,-0.002708202926442027,0.9992456436157227,0.03874039277434349,-0.012121589854359627,-0.038770489394664764,0.9991746544837952,1.0000003576278687,0.13764958083629608,0.1163528561592102,0.5551886558532715,0.5463551878929138,0.005502683576196432,0.4785260260105133,0.5018690824508667,0.0027345053385943174,0.009223216213285923,0.0069870175793766975,0.15525828301906586,0.16636702418327332,1,0.094231056854312,1,0.39639562663741273,0.33244962198648553,-0.017596007706258264,0.4907218510697131,51.472543916263454,0.5010355710983276,0.40599302351474764,0.5754824280738831,0.4450089126825333,766.0691833496094,323.53744983673096,817.5129699707031,321.817102432251,698.4857940673828,321.8446969985962,646.6934967041016,319.23810482025146,478,0.5744468569755554,0.5390158891677856,1,-2.2221055030822754,0.1571411922838031,0.6666439394111233,0.5740723437557672,0.31696511992511595,-0.02674778100899001,0.4567670652319551,51.85784790226522,-0.1551801860332489,0.08,4.870997905731201,-0.5095478892326355,-35.12479019165039,0.6945329308509827
0.9999449849128723,0.0007068639970384538,0.010464549995958805,-0.0010403200285509229,0.9994907379150391,0.03189419209957123,-0.010436671786010265,-0.03190334513783455,0.9994364976882935,1.0,0.12886857986450195,0.10491570085287094,0.5700935125350952,0.5735464096069336,0.006548108067363501,0.43474245071411133,0.4656952917575836,0.0035224221646785736,0.008062338456511497,0.006562554743140936,0.15232303738594055,0.16519568860530853,1,0.09429516584177886,1,0.40277748303498995,0.3329643948318987,-0.014498504416804748,0.49850972460409076,51.463049765810105,0.5011936604976654,0.4063543200492859,0.5752111852169037,0.44535495042800904,766.0790252685547,323.6297607421875,817.5100708007812,321.8150854110718,698.7095642089844,321.89643144607544,646.8749237060547,319.372193813324,478,0.5740175247192383,0.5390006303787231,1,-1.8283367156982422,0.1571411922838031,0.7427223198233113,0.5625437865890512,0.31935138809332814,-0.02205828638546816,0.46651203997189816,51.896066631280924,-0.059609197080135345,0.08,4.87319803237915,-0.49154308438301086,-35.11161422729492,0.5979880690574646
0.9999586343765259,0.004707406274974346,0.007771532516926527,-0.004965479485690594,0.9994254112243652,0.03352910652756691,-0.007609229534864426,-0.03356631472706795,0.9994075298309326,0.9999992847442627,0.13375061750411987,0.09489233046770096,0.5620821714401245,0.5645341873168945,0.006033942569047213,0.4495403468608856,0.4836137890815735,0.002991375280544162,0.007871901616454124,0.006812790874391794,0.15021033585071564,0.17510122060775757,1,0.09444738192636717,1,0.4008876060547008,0.32962991506880857,-0.01391593205257884,0.502013993962775,52.00035517987486,0.50217524766922,0.4064901977777481,0.5751142859458923,0.4449894934892654,765.6194305419922,323.58384132385254,817.5935363769531,321.9317936897278,698.7162780761719,321.3934636116028,646.0504150390625,318.7515950202942,478,0.5729390382766724,0.5384992957115173,1,-1.923625111579895,0.20881873125795883,0.7593867519714943,0.5651598314777666,0.3168268117103724,-0.022728698185205225,0.47191230405560924,52.732083205604255,-0.28451043367385864,0.08,4.8443684577941895,-0.48112884163856506,-35.08465576171875,0.4359809160232544
