R00,R01,R02,R10,R11,R12,R20,R21,R22,R_scale,bs_eyeBlinkLeft,bs_eyeBlinkRight,bs_eyeLookDownLeft,bs_eyeLookDownRight,bs_eyeLookInLeft,bs_eyeLookInRight,bs_eyeLookOutLeft,bs_eyeLookOutRight,bs_eyeLookUpLeft,bs_eyeLookUpRight,bs_eyeSquintLeft,bs_eyeSquintRight,detected,interocular_norm,is_laptop,leye_h,leye_open,leye_v,leye_vlid,leye_width_px,m0_cx,m0_cy,m0_px,m0_py,mp_lin_x,mp_lin_y,mp_lout_x,mp_lout_y,mp_rin_x,mp_rin_y,mp_rout_x,mp_rout_y,n_landmarks,nose_x,nose_y,pass,pitch,px_raw,py_raw,reye_h,reye_open,reye_v,reye_vlid,reye_width_px,roll,target_x,tx,ty,tz,yaw
0.9980224370956421,0.005930774379521608,0.06257802993059158,-0.01173846423625946,0.9956106543540955,0.09285219758749008,-0.06175268068909645,-0.09340314567089081,0.9937114119529724,1.0000001192092896,0.12902632355690002,0.046939730644226074,0.44877874851226807,0.43234315514564514,0.06817425787448883,0.06374797970056534,0.05613747239112854,0.07366779446601868,0.014620588161051273,0.014614625833928585,0.234173983335495,0.1340167224407196,1,0.08970111151049119,1,0.4817768549299247,0.32597172838609706,-0.03236314368762493,0.48477899639623934,47.74372722732476,0.49474827647209163,0.41214706003665924,0.5643140494823455,0.44537730515003204,755.1161193847656,325.0345516204834,802.8134918212891,322.93118476867676,691.5179443359375,322.7310276031494,641.3058471679688,319.136266708374,478,0.5695657730102539,0.5332302451133728,0,-5.369696140289307,0.39765369912148985,0.5737098124057377,0.46929306156228456,0.3300650157314291,-0.03551702298119755,0.4746149541503695,50.34060992873271,-0.6738659739494324,0.08,4.505716323852539,-0.6207813620567322,-37.12041091918945,3.5404205322265625
0.9974443316459656,0.01446489617228508,0.06996794790029526,-0.018604815006256104,0.998091459274292,0.058883704245090485,-0.06898266077041626,-0.06003495305776596,0.99580979347229,1.0000003576278687,0.12955506145954132,0.06650558859109879,0.4488053619861603,0.40383994579315186,0.06594371050596237,0.06253307312726974,0.05672968178987503,0.07051793485879898,0.015315045602619648,0.013416319154202938,0.24175523221492767,0.1270776391029358,1,0.08917998330696855,1,0.47232937167212896,0.3349560599665362,-0.041059981440396125,0.4781236811605676,47.94574068298341,0.49497027993202214,0.4096991717815399,0.5650546133518219,0.4437282383441925,755.1728820800781,324.38262462615967,803.0947875976562,322.87099599838257,692.7461242675781,321.7088270187378,642.1766662597656,318.2196378707886,478,0.5700843334197998,0.5340290665626526,0,-3.450047492980957,0.38679823985199135,0.5233740644943902,0.47419706770538966,0.3298381053283033,-0.04775061569211633,0.45928665810469493,50.68968853934158,-1.068584680557251,0.08,4.449685573577881,-0.48829346895217896,-36.8331413269043,3.955556631088257
0.9972636699676514,0.012009385041892529,0.07294370234012604,-0.015200893394649029,0.9989440441131592,0.043356407433748245,-0.07234600186347961,-0.04434660077095032,0.9963932037353516,0.9999998211860657,0.13318277895450592,0.07600434124469757,0.4319874942302704,0.3823276162147522,0.0778077244758606,0.05330853909254074,0.046365197747945786,0.07770086824893951,0.01760261505842209,0.013748078607022762,0.24783720076084137,0.11482614278793335,1,0.08918755904786932,1,0.4799856175337157,0.3324708276803837,-0.043881514389883386,0.44996116007138925,48.686416565453285,0.49441663622856136,0.40918660163879395,0.5650671541690826,0.4429992437362671,755.1984405517578,323.7109136581421,803.8559722900391,322.0340824127197,693.0934143066406,321.70912742614746,642.0555877685547,318.0600357055664,478,0.5706505179405212,0.5338126420974731,0,-2.548388719558716,0.41848127973376037,0.5114288073676148,0.4719305801303645,0.32676057175110235,-0.04806467389175224,0.45084282992595925,51.16811124342287,-0.8732690811157227,0.08,4.434103488922119,-0.41825392842292786,-36.661529541015625,4.148744583129883
0.9970532655715942,0.01291197631508112,0.07561732828617096,-0.017092568799853325,0.9983454346656799,0.05490247160196304,-0.0747833251953125,-0.05603322014212608,0.9956242442131042,0.9999997019767761,0.12699131667613983,0.06685411185026169,0.4316423237323761,0.38183796405792236,0.12082595378160477,0.03577776625752449,0.02794105000793934,0.12385339289903641,0.01701568439602852,0.013288616202771664,0.24222511053085327,0.1145755872130394,1,0.08937227183330719,1,0.497018890271978,0.3387986791504736,-0.049555401980611216,0.4522450153307669,48.6842511442659,0.49369846582412724,0.40792275965213776,0.5643136382102967,0.4427880197763443,755.2011871337891,324.1086530685425,803.8463592529297,322.1583867073059,692.103271484375,321.75910234451294,641.14501953125,317.66860485076904,478,0.5706151723861694,0.5348652601242065,0,-3.2211787700653076,0.37567514215354825,0.44734355353953853,0.468668987605106,0.3310107462050796,-0.05111650440799683,0.4619217199987591,51.12216360803538,-0.9821301102638245,0.08,4.40042781829834,-0.46998345851898193,-36.530784606933594,4.2887725830078125
0.9973822236061096,0.009325902909040451,0.07170546054840088,-0.012105618603527546,0.9991880059242249,0.038429439067840576,-0.07128887623548508,-0.03919687494635582,0.996685266494751,1.0000001192092896,0.11132465302944183,0.065894715487957,0.38118430972099304,0.34155818819999695,0.14695921540260315,0.028181854635477066,0.02199581079185009,0.15070495009422302,0.01994403265416622,0.016122739762067795,0.2472992092370987,0.13085226714611053,1,0.08870167319407138,1,0.49882022621138644,0.339527571857746,-0.051695972468794045,0.4472755668161702,49.69614055846919,0.4933519959449768,0.4073787569999695,0.5635492205619812,0.44167556762695315,753.3966827392578,323.49328994750977,803.0408477783203,321.22100830078125,692.0850372314453,321.3307857513428,640.8113098144531,316.9554805755615,478,0.5701972246170044,0.5342968106269836,0,-2.2521238327026367,0.49048744825379426,0.36144330321166696,0.46099276615369805,0.3281964836998292,-0.05181534718595407,0.4542035629445951,51.460066252543385,-0.6953871250152588,0.08,4.4047088623046875,-0.37977543473243713,-36.654388427734375,4.088018894195557
0.9973518252372742,0.009062180295586586,0.07216112315654755,-0.012441664934158325,0.998839795589447,0.04652158543467522,-0.07165579497814178,-0.047296229749917984,0.9963074326515198,1.0000001192092896,0.0985318124294281,0.05407515540719032,0.3694842457771301,0.3333433270454407,0.019028501585125923,0.24575555324554443,0.27765247225761414,0.0066277217119932175,0.02009556069970131,0.0161164328455925,0.23918937146663666,0.11125966161489487,1,0.08771212137905784,1,0.4275798220819782,0.3477146783589897,-0.0458548223334589,0.47640234108388285,48.82758302607976,0.49705387949943547,0.4083955824375153,0.5672760784626008,0.4414058864116669,754.5747375488281,323.06692600250244,803.3506774902344,320.82180976867676,692.3161315917969,321.10541582107544,641.1446380615234,316.74161195755005,478,0.5702221989631653,0.5330103039741516,0,-2.717877149581909,0.19405131497135203,0.2614787225194777,0.5622242417795273,0.34171804596357114,-0.05872253753508208,0.44812766981295,51.35722475349354,-0.7147105932235718,0.08,4.409528732299805,-0.3928678631782532,-36.6384391784668,4.109095573425293
0.9974442720413208,0.0077173179015517235,0.07103027403354645,-0.010847444646060467,0.9989819526672363,0.043787892907857895,-0.07062002271413803,-0.04444648697972298,0.9965125322341919,1.0000001192092896,0.06897344440221786,0.047570325434207916,0.3846648633480072,0.35441356897354126,0.01183230709284544,0.30124008655548096,0.33688196539878845,0.005501736421138048,0.01828981563448906,0.01480530109256506,0.1978135108947754,0.10944240540266037,1,0.08861727841836159,1,0.4108459384176321,0.3615740861588103,-0.0379158904695863,0.5024988176028313,49.213085967576674,0.49797224402427676,0.40847921967506406,0.5678561270236969,0.44138378500938413,754.8527526855469,322.81964778900146,804.0022277832031,320.3182625770569,692.5636291503906,321.01370573043823,641.1593627929688,316.6366195678711,478,0.5698838829994202,0.5329045653343201,0,-2.5538156032562256,0.11994693909439216,0.4220716432549781,0.5627244604275407,0.34513553086269627,-0.05613239938718651,0.45711614921096533,51.59028477458223,-0.6230806708335876,0.08,4.39518404006958,-0.38394036889076233,-36.49860763549805,4.049599647521973
0.9970788359642029,0.01006891205906868,0.0757121816277504,-0.013685721904039383,0.9987819790840149,0.047404464334249496,-0.07514264434576035,-0.048302169889211655,0.996002197265625,0.9999995827674866,0.060846567153930664,0.04117603227496147,0.38479405641555786,0.35992544889450073,0.017152471467852592,0.2451869696378708,0.28018873929977417,0.006845518015325069,0.01825236901640892,0.015062898397445679,0.18529151380062103,0.11357956379652023,1,0.08781015417247483,1,0.42710245405698116,0.3692808579764627,-0.036269004492155484,0.5055269016921298,49.297611054116274,0.4974512934684754,0.4079808443784714,0.5676337361335755,0.4406963437795639,754.7578430175781,322.06259965896606,804.0144348144531,320.05197286605835,693.6286163330078,320.0487756729126,641.5841674804688,315.93051195144653,478,0.5701824426651001,0.5327154994010925,0,-2.7764432430267334,0.06052301290038998,0.48177434288736065,0.5528257871182641,0.34685762535706693,-0.050168106587297916,0.4698414348348632,52.20713315772579,-0.7863820195198059,0.08,4.392346382141113,-0.3812194764614105,-36.51422119140625,4.309418201446533
0.9971961379051208,0.011217402294278145,0.07398679107427597,-0.015276980586349964,0.9983950853347778,0.05453335493803024,-0.07325633615255356,-0.0555107444524765,0.9957671165466309,1.0000003576278687,0.06377391517162323,0.04067717492580414,0.3997034728527069,0.3732042908668518,0.019519168883562088,0.2162155956029892,0.24141564965248108,0.009202905930578709,0.017074910923838615,0.014655891805887222,0.17612455785274506,0.1056443527340889,1,0.08797475900236362,1,0.4355996526376726,0.3698623355705446,-0.03665043019302633,0.5033964786281587,48.98985108469772,0.49724417328834536,0.4096648395061493,0.5676591336727143,0.44060060381889343,755.4737854003906,322.07302808761597,804.4212341308594,320.0351929664612,694.0779876708984,320.00890731811523,642.47314453125,315.6160283088684,478,0.5704149603843689,0.5309357643127441,0,-3.190748691558838,0.13371064133474853,0.5226561066955722,0.5384959047541432,0.3489365483660797,-0.04899520038116618,0.4697309130252015,51.79147827163446,-0.8776989579200745,0.08,4.438730716705322,-0.38849708437919617,-36.6290283203125,4.2010416984558105
0.9975094795227051,0.007954562082886696,0.07008232921361923,-0.012991271913051605,0.9973410367965698,0.07170861214399338,-0.06932556629180908,-0.0724404826760292,0.9949604868888855,1.0000005960464478,0.06847325712442398,0.06442859768867493,0.5023207664489746,0.47273483872413635,0.019744955003261566,0.21233296394348145,0.23517495393753052,0.009601608850061893,0.012475116178393364,0.00854765996336937,0.17424148321151733,0.10083230584859848,1,0.08753083410430648,1,0.44104357036971004,0.36207727390664146,-0.031317449300504126,0.5073023974172775,48.78672042918476,0.4973254144191742,0.4139009237289429,0.5677992641925812,0.4420185208320618,755.7469177246094,322.0795512199402,804.4963073730469,320.17138481140137,694.2988586425781,320.37484645843506,643.4391784667969,317.22097635269165,478,0.570473849773407,0.5281175971031189,0,-4.16420841217041,0.24362201769729416,0.6526298311125424,0.5381972795225162,0.33765417895649175,-0.03451085955512946,0.4861529704825213,50.95737399364858,-0.7461612820625305,0.08,4.496710300445557,-0.42947930097579956,-36.783199310302734,3.975250482559204
0.9976469874382019,0.007388686295598745,0.06816092133522034,-0.011968821287155151,0.997678816318512,0.06703434139490128,-0.06750740855932236,-0.06769240647554398,0.9954197406768799,1.000000238418579,0.08271513134241104,0.06647854298353195,0.513015627861023,0.47956568002700806,0.04117690771818161,0.13893526792526245,0.1342020183801651,0.016585171222686768,0.012329507619142532,0.008060203865170479,0.19468048214912415,0.10557086765766144,1,0.0861727846727241,1,0.4688103552463415,0.3587592225419586,-0.03163992751251587,0.5026285765045083,47.899600580063606,0.4963760554790497,0.4130352377891541,0.5668484151363373,0.44205608367919924,755.4690551757812,322.03927516937256,803.3286285400391,320.08147716522217,694.1934967041016,320.42102336883545,643.6280822753906,317.1897339820862,478,0.5704723596572876,0.5290208458900452,0,-3.890345811843872,0.29804419366135987,0.6570973982226691,0.5303255292681628,0.33514812996333054,-0.03325888203387738,0.4816742765295813,50.66855403057742,-0.6873473525047302,0.08,4.497138977050781,-0.41351139545440674,-36.807098388671875,3.870833158493042
0.9980725049972534,0.004661299288272858,0.061883121728897095,-0.008878222666680813,0.9976428151130676,0.06804435700178146,-0.061420075595378876,-0.06846261769533157,0.9957612752914429,1.0,0.08738981932401657,0.06512272357940674,0.5187090635299683,0.49135318398475647,0.020546365529298782,0.23090752959251404,0.259914368391037,0.0077171423472464085,0.011612540110945702,0.008355180732905865,0.1790045201778412,0.11425840109586716,1,0.0870588651171623,1,0.43968226941698924,0.35352538599586736,-0.026257336248558447,0.5088838663678772,48.295530838539584,0.49791110754013057,0.41362884640693665,0.5673723340034484,0.44208499789237976,755.1136016845703,322.0145344734192,803.3592987060547,319.82113122940063,693.6977386474609,320.3872060775757,643.2016754150391,317.03856468200684,478,0.5694612264633179,0.5284561514854431,0,-3.93312668800354,0.25707593192750244,0.6640494542944182,0.541953730250715,0.33389555865319526,-0.032681186614520956,0.4816644346011044,50.606973840273035,-0.5096535682678223,0.08,4.505486488342285,-0.39227494597435,-36.87043762207031,3.521327257156372
0.9979219436645508,0.00556368101388216,0.06419285386800766,-0.010311933234333992,0.9972140789031982,0.07387610524892807,-0.06360296159982681,-0.07438455522060394,0.9951993227005005,0.9999997615814209,0.08940497785806656,0.059663016349077225,0.4823312759399414,0.45627352595329285,0.017111392691731453,0.24555720388889313,0.2805439233779907,0.007117332890629768,0.01301825325936079,0.009596300311386585,0.19428186118602753,0.0988985076546669,1,0.08778241770151335,1,0.4365926198544761,0.35119281198531027,-0.031771593099392516,0.49895311348506294,48.5908849477507,0.4979713678359985,0.41283120810985563,0.5677320480346679,0.4408854454755783,755.7143402099609,321.3312578201294,804.2666625976562,319.3957757949829,693.7735748291016,319.81072425842285,643.0347442626953,316.6701149940491,478,0.5697606801986694,0.5280542373657227,0,-4.274531364440918,0.2113187688972054,0.6342296739714326,0.5421442422843664,0.3401038832994602,-0.0412787875498997,0.47099646993848643,50.83593565480646,-0.5920394659042358,0.08,4.493979454040527,-0.39209485054016113,-36.781517028808594,3.6466424465179443
0.9976158738136292,0.005374027416110039,0.06880254298448563,-0.010378814302384853,0.9973077178001404,0.07259207963943481,-0.06822719424962997,-0.07313308864831924,0.9949857592582703,0.9999997019767761,0.08210046589374542,0.05728774145245552,0.49424293637275696,0.47014155983924866,0.017113806679844856,0.2495724856853485,0.285940557718277,0.007311708759516478,0.012531930580735207,0.009175004437565804,0.1985057145357132,0.10643760859966278,1,0.08819831618162229,1,0.4357705167051604,0.3540940612617656,-0.02936356434806015,0.5165802447899123,48.24870393301528,0.49766643643379216,0.413173708319664,0.5681191861629487,0.4414334028959274,756.6461181640625,321.7941641807556,804.8406219482422,319.5078492164612,693.9363861083984,320.2346420288086,643.4738922119141,316.79574966430664,478,0.5704527497291565,0.5282596945762634,0,-4.2037739753723145,0.23504479974957607,0.6380370859010928,0.540900414180189,0.340460959372565,-0.039103617650762645,0.48326662293688966,50.57953411260834,-0.5960618853569031,0.08,4.49821138381958,-0.4083276689052582,-36.743011474609375,3.9121689796447754
0.9978073239326477,0.007258811965584755,0.0657859817147255,-0.011993598192930222,0.9973421692848206,0.07186605781316757,-0.06508947163820267,-0.07249749451875687,0.9952424168586731,0.9999997615814209,0.060263969004154205,0.043202705681324005,0.5415290594100952,0.532701849937439,0.0752335861325264,0.06885939836502075,0.056914739310741425,0.053518474102020264,0.009703678078949451,0.00746358884498477,0.14818838238716125,0.09854897111654282,1,0.0876103892955835,1,0.4964900945933951,0.3642449250775264,-0.02063665183658486,0.5104310347410963,49.25368101263535,0.49527634978294377,0.4141481727361679,0.5645337283611298,0.44294621646404264,754.03564453125,322.80100107192993,803.2249450683594,320.2835011482239,692.2830200195312,320.63504219055176,641.4153289794922,316.90932512283325,478,0.569257378578186,0.5287980437278748,0,-4.1662983894348145,0.4280807016780857,0.6185017600362092,0.49428211391956367,0.34060522219774125,-0.02475345638299404,0.4997905751876643,51.00395043048692,-0.6886594295501709,0.3,4.4396443367004395,-0.42683175206184387,-36.83428192138672,3.731989860534668
0.9979966282844543,0.005462246015667915,0.06303083151578903,-0.009049235843122005,0.9983465671539307,0.0567641519010067,-0.06261656433343887,-0.05722080171108246,0.9963959455490112,1.0,0.0753415897488594,0.04891243949532509,0.5499848127365112,0.5377051830291748,0.07086706161499023,0.07373035699129105,0.06219152733683586,0.048082135617733,0.009580814279615879,0.007545130793005228,0.16243919730186462,0.12046293169260025,1,0.08718574470919871,1,0.48800387008315704,0.3578304332993101,-0.019123054819305995,0.5135500118354671,48.8520436403617,0.4951638758182526,0.4134589582681656,0.5642042338848114,0.44255150854587555,753.1291961669922,322.36345767974854,801.9266510009766,320.05465507507324,692.07275390625,320.19739151000977,641.304931640625,316.71191453933716,478,0.5690403580665588,0.52909255027771,0,-3.2867588996887207,0.3783105089278181,0.646868864913798,0.49486835645554395,0.3335511034972239,-0.024268853079757687,0.5012786466062525,50.88732973352947,-0.5195095539093018,0.3,4.419658184051514,-0.36668023467063904,-36.794532775878906,3.5900135040283203
0.9977787137031555,0.0031907304655760527,0.06653987616300583,-0.0075457291677594185,0.9978370070457458,0.0653013065457344,-0.06618759781122208,-0.06565835326910019,0.9956445693969727,0.9999993443489075,0.08213502913713455,0.06169664114713669,0.5420568585395813,0.529016375541687,0.062410034239292145,0.07954002171754837,0.0702543705701828,0.04380546137690544,0.009961209259927273,0.007907815277576447,0.170819953083992,0.1371709108352661,1,0.08701827488955688,1,0.47735146924735,0.3523841495055201,-0.01957650106421125,0.5112624154929819,49.04568354157722,0.4951143801212311,0.41337957978248596,0.5640919148921967,0.4425830543041229,752.2633361816406,322.287175655365,801.2600708007812,320.09649753570557,692.0585632324219,320.3578734397888,641.2423706054688,317.1238374710083,478,0.5689775347709656,0.529203474521637,0,-3.772939920425415,0.3520949071415575,0.6802916856649838,0.49492008722756087,0.32477983654970183,-0.027755129671666157,0.48899993573909817,50.918998633602456,-0.4332926273345947,0.3,4.4053192138671875,-0.401458740234375,-36.837215423583984,3.795044183731079
0.9978615641593933,0.003102857619524002,0.06528975069522858,-0.007657994516193867,0.9975432753562927,0.0696338638663292,-0.06491328030824661,-0.06998495757579803,0.9954338073730469,1.0,0.088165283203125,0.0643041729927063,0.5639992952346802,0.5481969118118286,0.056966740638017654,0.08357995748519897,0.07531554996967316,0.04281584173440933,0.009325294755399227,0.006973298266530037,0.19122762978076935,0.11872914433479309,1,0.08763557743858749,1,0.4762336812987603,0.3452339743365027,-0.01845051707668614,0.5054361919157969,49.01226379548093,0.49535465240478516,0.4140720099210739,0.5643688440322876,0.4431417316198349,752.9792785644531,322.47872829437256,801.9393157958984,320.216703414917,692.0442199707031,320.7836580276489,641.0408782958984,317.53365755081177,478,0.5690141916275024,0.529069721698761,0,-4.021618366241455,0.4065078722294686,0.7094689603324815,0.4963459186604003,0.3232833036116731,-0.024280099854478696,0.4854130129979103,51.106783944976655,-0.4397023916244507,0.3,4.417211532592773,-0.4261478781700134,-36.82790756225586,3.7218735218048096
0.9980319142341614,0.0050045098178088665,0.0625079944729805,-0.010544102638959885,0.9960106015205383,0.08860953152179718,-0.061815183609724045,-0.08909422159194946,0.9941031336784363,0.9999995827674866,0.06428295373916626,0.05188042297959328,0.5618946552276611,0.5522087812423706,0.07615460455417633,0.0714368149638176,0.059163134545087814,0.04836680740118027,0.008884759619832039,0.006785617209970951,0.13989078998565674,0.11928397417068481,1,0.08677294085295092,1,0.48844142368473664,0.36007547290420694,-0.01926789507490292,0.5079869497778481,49.478101234351215,0.49547625780105586,0.41532363891601565,0.5638582825660705,0.44349619150161745,752.1061706542969,322.8713607788086,801.5443420410156,320.8839726448059,691.5818023681641,320.777006149292,640.8847045898438,317.5292158126831,478,0.5683820247650146,0.5281725525856018,0,-5.1213202476501465,0.38349377760058084,0.6236965594224675,0.5003108629639824,0.33292987560097115,-0.02487541630993675,0.49656095210443485,50.80102228613852,-0.6053013801574707,0.3,4.425748825073242,-0.49679332971572876,-36.96449661254883,3.544008493423462
0.9979788064956665,0.002772578736767173,0.06348785012960434,-0.008351203054189682,0.996105432510376,0.08777335286140442,-0.0629972368478775,-0.08812616020441055,0.9941152930259705,0.9999997019767761,0.06697038561105728,0.051116615533828735,0.5436796545982361,0.5267912149429321,0.06874971091747284,0.076442189514637,0.06501661986112595,0.044627852737903595,0.010041745379567146,0.007330814376473427,0.14268894493579865,0.10445671528577805,1,0.08740546753817777,1,0.4860362873099057,0.36314854412292286,-0.02526743714981193,0.491568009391101,49.04831717487075,0.49536526799201963,0.4155097782611847,0.5640282094478607,0.4430876553058624,752.8585815429688,322.61816024780273,801.8618774414062,320.51711082458496,691.5705108642578,320.84903955459595,640.4297637939453,317.62545347213745,478,0.5686629414558411,0.5275778770446777,0,-5.065903663635254,0.350013012637635,0.6138186315844716,0.5010380472208567,0.33538524876328735,-0.02641719977554425,0.4881591989892006,51.24224349346134,-0.47944653034210205,0.3,4.4234747886657715,-0.484819233417511,-36.92703628540039,3.6118674278259277
0.9979703426361084,0.007487250957638025,0.06323826313018799,-0.01298120990395546,0.9961308240890503,0.08691883087158203,-0.062342800199985504,-0.08756332844495773,0.9942062497138977,0.9999995827674866,0.08641636371612549,0.06817497313022614,0.519882082939148,0.4978823959827423,0.07418143004179001,0.07243609428405762,0.05902279168367386,0.047504257410764694,0.011559326201677322,0.008193542249500751,0.17146392166614532,0.13971272110939026,1,0.08729906113853661,1,0.48895089504184447,0.35232362498666997,-0.028920233410412628,0.48564329253284727,48.895331641095694,0.49541953206062317,0.41458554565906525,0.5639065802097321,0.4428744465112686,752.8683471679688,322.86324977874756,801.7169189453125,320.72537899017334,691.5510559082031,320.85354566574097,640.5784606933594,317.3315477371216,478,0.5684870481491089,0.5282889008522034,0,-5.033258438110352,0.37560599837514297,0.6333792506751879,0.49784984294701684,0.3209366214525096,-0.03092348173167079,0.4889473089031003,51.09412816016826,-0.7452391386032104,0.3,4.399341583251953,-0.4932754635810852,-36.82160186767578,3.5742969512939453
0.9983064532279968,0.004872643854469061,0.05796991288661957,-0.00982760637998581,0.9962897300720215,0.08549945801496506,-0.05733822286128998,-0.08592437207698822,0.9946503639221191,1.0000004768371582,0.08726058900356293,0.06921067833900452,0.5175496339797974,0.5032069087028503,0.05079183354973793,0.10053648054599762,0.09139493107795715,0.030975650995969772,0.011452137492597103,0.008511064574122429,0.16600699722766876,0.12984518706798553,1,0.08796192048965377,1,0.4756752471506009,0.35010282432997464,-0.0272623514676051,0.48792295603419,49.14175665091541,0.4961569428443908,0.41474715173244475,0.5643601536750793,0.4430947035551071,753.094482421875,322.7740502357483,802.1927642822266,320.7074189186096,691.4180755615234,320.94409704208374,640.5082702636719,317.83048152923584,478,0.5682032108306885,0.5283475518226624,0,-4.937324523925781,0.3684044682215664,0.6407084736394077,0.5031396854253068,0.32357939174202355,-0.030639820151943265,0.4806038870176982,51.00492992965495,-0.5640173554420471,0.3,4.4186248779296875,-0.49053749442100525,-36.840843200683594,3.2870407104492188
0.9982673525810242,0.005046466365456581,0.058625124394893646,-0.009946843609213829,0.9964497685432434,0.08359993994235992,-0.05799512565135956,-0.08403822034597397,0.9947733879089355,0.999999463558197,0.0908857136964798,0.07311038672924042,0.5073450803756714,0.4870111346244812,0.055625561624765396,0.09256485849618912,0.08027531206607819,0.03432022035121918,0.011861770413815975,0.008723177015781403,0.18582408130168915,0.1308843195438385,1,0.08773723015724041,1,0.4809551707306562,0.34641140296642337,-0.03014667756786708,0.48418119085894606,49.10500987216065,0.4959496676921844,0.414562913775444,0.5642544448375701,0.44292286336421965,753.1010437011719,322.78220415115356,802.1605682373047,320.6691384315491,691.3340759277344,321.06777906417847,640.5363464355469,317.8153109550476,478,0.5683047771453857,0.5283599495887756,0,-4.8288679122924805,0.3705926830077012,0.6480278056435936,0.5035388637650338,0.32328279004670346,-0.033819903947051276,0.4743852559605021,50.90174722408035,-0.5708823800086975,0.3,4.414801597595215,-0.48826462030410767,-36.82958984375,3.3247413635253906
0.9982042908668518,0.007314912974834442,0.059453334659338,-0.012230209074914455,0.9964964389801025,0.082736536860466,-0.05863982439041138,-0.08331511169672012,0.9947964549064636,1.000000238418579,0.09025080502033234,0.06468793749809265,0.5198765993118286,0.49225252866744995,0.06332460790872574,0.08305816352367401,0.07231028378009796,0.038080740720033646,0.011156521737575531,0.008156325668096542,0.18663303554058075,0.11670614033937454,1,0.08756718938999221,1,0.4868139169787783,0.34878593123728835,-0.029440176718047897,0.48807005307666623,49.003567177067495,0.49585597515106206,0.41401141285896303,0.5640695571899415,0.4428717434406281,753.07861328125,322.7746295928955,802.0398712158203,320.73874711990356,691.3581848144531,320.84567070007324,640.5482482910156,317.68622159957886,478,0.5682135820388794,0.528860330581665,0,-4.78740119934082,0.37627117804130367,0.6379589621464875,0.5006592103906936,0.3307249541190555,-0.033202869978258,0.4814348250012703,50.90807173952062,-0.701964795589447,0.3,4.399485111236572,-0.48701211810112,-36.80926513671875,3.3617427349090576
0.9980932474136353,0.007940745912492275,0.06121118739247322,-0.012845566496253014,0.9966995120048523,0.08015687763690948,-0.06037271395325661,-0.08079034835100174,0.9949010014533997,0.9999997019767761,0.09179478138685226,0.0651661828160286,0.5266057252883911,0.49890628457069397,0.06651154160499573,0.07762505114078522,0.06743094325065613,0.04301592335104942,0.011147829703986645,0.008110095746815205,0.19562211632728577,0.11961851269006729,1,0.0875772579156679,1,0.4849514998883151,0.3472602380417876,-0.028063839488844222,0.486197856022338,48.886124300301326,0.49563336968421934,0.4136774629354477,0.5639041721820831,0.4428460091352463,752.8440856933594,322.77544498443604,801.6828155517578,320.6233263015747,691.3225555419922,320.86307287216187,640.5694580078125,317.37051486968994,478,0.5682708024978638,0.5291685461997986,0,-4.642483234405518,0.378197429497356,0.6304489432876786,0.4964397281059075,0.32909725524254213,-0.0308426279324964,0.48074454529326205,50.87312523146512,-0.7373620271682739,0.3,4.390488147735596,-0.47760164737701416,-36.82129669189453,3.4612061977386475
0.9981181621551514,0.007066855672746897,0.06091184541583061,-0.011500301770865917,0.9972843527793884,0.07274438440799713,-0.06023233011364937,-0.07330799102783203,0.9954888224601746,1.0000008344650269,0.09359616786241531,0.06601852923631668,0.509700357913971,0.48755183815956116,0.07209266722202301,0.0707097202539444,0.06157481670379639,0.048836641013622284,0.011835720390081406,0.008701975457370281,0.1826707273721695,0.12107769399881363,1,0.08788844002541976,1,0.4872544998130135,0.3509186316940911,-0.03217660066347502,0.4808527104190547,48.71636257669771,0.49542235732078554,0.4133058458566666,0.5637390553951264,0.44268533289432527,753.0352783203125,322.7578067779541,801.7047119140625,320.62000036239624,691.2039947509766,320.8656907081604,640.5036163330078,317.481107711792,478,0.5683166980743408,0.5293794870376587,0,-4.211669921875,0.40582418692115857,0.6295879307226957,0.4899730058026157,0.329867952114185,-0.03206180257767203,0.4804938984302705,50.81322439962026,-0.6601318120956421,0.3,4.382040500640869,-0.4604829251766205,-36.75800704956055,3.453148126602173
0.9980990290641785,0.006483838427811861,0.061288755387067795,-0.010949735529720783,0.9972854256629944,0.07281403243541718,-0.060650259256362915,-0.07334671169519424,0.9954606294631958,1.0000001192092896,0.08086005598306656,0.06444847583770752,0.4953364431858063,0.47608524560928345,0.07386273145675659,0.07008499652147293,0.06099078804254532,0.05027595907449722,0.012413686141371727,0.0092606907710433,0.15366928279399872,0.11262158304452896,1,0.08792418382475772,1,0.485424755161555,0.363374672802968,-0.03766448039137091,0.4805385588794075,48.57511842106875,0.49529914855957036,0.41307213008403776,0.5637215852737427,0.4422979563474655,753.0271911621094,322.6840138435364,801.5582275390625,320.6150436401367,691.0443115234375,320.8115744590759,640.4189300537109,317.44505882263184,478,0.5684224367141724,0.5292258262634277,0,-4.214005470275879,0.381452802757502,0.5669750251703689,0.4911744406164803,0.33274480804256673,-0.0365720108851599,0.4747536981886044,50.73719224185775,-0.6285432577133179,0.3,4.389638423919678,-0.4433354437351227,-36.806251525878906,3.477137804031372
0.998236894607544,0.007001847960054874,0.05894113704562187,-0.011180843226611614,0.9974226951599121,0.07087281346321106,-0.05829298123717308,-0.07140693068504333,0.9957424402236938,1.0000003576278687,0.09650865197181702,0.06855953484773636,0.49964919686317444,0.48124128580093384,0.0705314502120018,0.07250691205263138,0.06454544514417648,0.04687146097421646,0.011756117455661297,0.00928505975753069,0.18029369413852692,0.1332012414932251,1,0.08751786597943911,1,0.48119038138757037,0.3477569152244295,-0.03299102776700871,0.4770178224230057,49.2656159644509,0.4957032680511475,0.41252428889274595,0.5636853456497193,0.44246715903282163,752.1437072753906,322.7451682090759,801.3674926757812,320.71542263031006,691.2769317626953,320.79421520233154,640.5036163330078,317.28925466537476,478,0.5679820775985718,0.5299428701400757,0,-4.101787567138672,0.3851407883776771,0.6335056786268174,0.49239499518740437,0.32780589927341447,-0.03526540173086123,0.47330733857668084,50.89414807411511,-0.6417196989059448,0.3,4.384254455566406,-0.46049070358276367,-36.770301818847656,3.3418362140655518
0.9984450340270996,0.007998496294021606,0.05516843870282173,-0.011939527466893196,0.9973704814910889,0.07148085534572601,-0.05445162579417229,-0.07202838361263275,0.9959151148796082,0.9999998211860657,0.08906687051057816,0.06387137621641159,0.5046595335006714,0.49116721749305725,0.06926721334457397,0.07422575354576111,0.06628730148077011,0.046547699719667435,0.011301898397505283,0.00905990693718195,0.1555386185646057,0.12696869671344757,1,0.08759417272042455,1,0.4819020596669896,0.35405000264669706,-0.030395025624379405,0.4773666566694336,49.478289609250716,0.49586554765701296,0.41296144425868986,0.5637566685676575,0.4425839394330978,752.1995544433594,322.8108286857605,801.6339111328125,320.7262372970581,691.3800811767578,320.7910394668579,640.5815124511719,317.27356910705566,478,0.5678911209106445,0.529622495174408,0,-4.136646747589111,0.4226400985157427,0.6216622284155926,0.4914120208723733,0.32911199727187734,-0.03504255151867866,0.47470405084636264,50.92020406873882,-0.685117244720459,0.3,4.4031572341918945,-0.45858606696128845,-36.828895568847656,3.121392011642456
0.9987003803253174,0.006502415053546429,0.05054883658885956,-0.010063253343105316,0.9974601864814758,0.07051150500774384,-0.04996195435523987,-0.07092852890491486,0.9962294101715088,1.0000003576278687,0.10293668508529663,0.059896036982536316,0.49106061458587646,0.4769516587257385,0.057388968765735626,0.09077085554599762,0.0839189812541008,0.03473421931266785,0.011806076392531395,0.009663300588726997,0.18178145587444305,0.12193813920021057,1,0.08764196658931464,1,0.47817096087348565,0.3436732000749525,-0.03204651980830543,0.48448513459992865,49.47843081728098,0.4960476398468018,0.4127033829689026,0.5637026071548462,0.4423499584197998,751.9864654541016,322.7118444442749,801.4213562011719,320.63658714294434,690.8112335205078,320.75713634490967,640.2561950683594,317.1840262413025,478,0.5676549673080444,0.5296465754508972,0,-4.072414875030518,0.40158149767755563,0.6439584874211192,0.49816108308784396,0.3337187343765888,-0.03730303865205721,0.47465991198345087,50.681150626362744,-0.577312707901001,0.3,4.412538051605225,-0.4490222930908203,-36.87765121459961,2.8638012409210205
0.9985765814781189,0.008145229890942574,0.05271080136299133,-0.012062788009643555,0.9971528649330139,0.07443593442440033,-0.05195442587137222,-0.07496584206819534,0.9958317279815674,0.9999997615814209,0.09779365360736847,0.061102040112018585,0.5016815066337585,0.4717273414134979,0.10945606976747513,0.04395825415849686,0.03228368982672691,0.09564770013093948,0.011823651380836964,0.00910171214491129,0.19211657345294952,0.10541163384914398,1,0.08772518957266627,1,0.5066783199284398,0.34922507724077806,-0.03523303671072987,0.48209304704474903,48.90361094037898,0.4948581516742706,0.4133719652891159,0.5623385369777679,0.44240473210811615,751.9633483886719,322.59387016296387,800.8323669433594,320.7547974586487,690.3520202636719,320.87326526641846,639.6521759033203,317.5544500350952,478,0.5674803853034973,0.5290327668190002,0,-4.305084705352783,0.5016473056967595,0.5849804194033574,0.4729062675768041,0.3357782410075403,-0.037038284749263364,0.4768276254190694,50.80835317942466,-0.6920983195304871,0.5,4.383623123168945,-0.4547109007835388,-36.857276916503906,2.9781100749969482
0.998633623123169,0.0028189958538860083,0.05218119919300079,-0.006786993704736233,0.9970830082893372,0.07602252811193466,-0.05181468278169632,-0.07627279311418533,0.9957396984100342,1.0,0.09429887682199478,0.06227818503975868,0.4768405258655548,0.44708728790283203,0.10768494009971619,0.045485857874155045,0.03397998586297035,0.08728030323982239,0.01306877750903368,0.009956535883247852,0.1680184006690979,0.11292228102684021,1,0.08768979465631985,1,0.5033585916697311,0.35359437111472397,-0.04277294467614512,0.47012186695284586,49.24028530100329,0.4947982966899872,0.41362113654613497,0.5623099148273468,0.441777178645134,751.6004943847656,322.2721552848816,800.8023071289062,320.32605171203613,690.394287109375,320.7889151573181,639.5647048950195,317.6339077949524,478,0.5675116181373596,0.528156042098999,0,-4.380252838134766,0.4770428202969283,0.4470336652337239,0.4729201920415998,0.3349210920919887,-0.04024406081166944,0.4695083512452846,50.92740421074255,-0.3893921375274658,0.5,4.386838436126709,-0.446461021900177,-36.84062576293945,2.970092535018921
0.9984579086303711,0.005300877150148153,0.0552607923746109,-0.0091815534979105,0.9974900484085083,0.07020942121744156,-0.05474991723895073,-0.07060852646827698,0.9960004687309265,0.9999998211860657,0.09117439389228821,0.05849791318178177,0.4740944802761078,0.44584420323371887,0.1167951226234436,0.038813091814517975,0.02807920053601265,0.10515053570270538,0.013007095083594322,0.00962535385042429,0.18876062333583832,0.10952729731798172,1,0.08781704445669807,1,0.5104632305565819,0.3523613954958146,-0.04270921208324418,0.4754095092376646,48.9683851461982,0.49453925490379336,0.41336295306682586,0.5623492538928986,0.44178912341594695,752.2183990478516,322.48321294784546,801.1446380615234,320.45198678970337,690.3415679931641,320.78706979751587,639.5415496826172,317.27065086364746,478,0.5678099989891052,0.5284261703491211,0,-4.055031776428223,0.49110320902565263,0.4512091701394808,0.47288589474593823,0.3348903996666291,-0.03998269194159829,0.4774283897870952,50.92157757348262,-0.526861846446991,0.5,4.380970001220703,-0.4273768961429596,-36.7935676574707,3.1385083198547363
0.9983996748924255,0.007295938208699226,0.05607995018362999,-0.011188142001628876,0.997525691986084,0.06940700858831406,-0.055434808135032654,-0.06992334872484207,0.9960108995437622,1.0,0.10276235640048981,0.054597482085227966,0.4686427116394043,0.44496244192123413,0.12788014113903046,0.03494409844279289,0.024672504514455795,0.12723799049854279,0.013472451828420162,0.010280128568410873,0.2067582607269287,0.10145677626132965,1,0.08812730223375968,1,0.515009144776205,0.35235747512579857,-0.04206995629945166,0.4765643426632536,48.11754929845869,0.49455969333648686,0.412954244017601,0.5625792622566224,0.44207641780376433,753.3354187011719,322.7911949157715,801.4090728759766,320.73636531829834,690.7383728027344,320.97808599472046,640.0543975830078,317.2839331626892,478,0.5680195689201355,0.5291221737861633,0,-4.0157694816589355,0.5046735238788503,0.45805146867611546,0.4654748409479697,0.3379611218630943,-0.04069447077638767,0.4773693206482756,50.81842293225851,-0.6420338749885559,0.5,4.402477264404297,-0.4405931234359741,-36.81863021850586,3.177809476852417
0.9984050989151001,0.00658660102635622,0.056069232523441315,-0.010740953497588634,0.9971916675567627,0.07411758601665497,-0.055423591285943985,-0.07460161298513412,0.9956720471382141,0.9999997615814209,0.11765939742326736,0.06780727952718735,0.4781460762023926,0.4537200927734375,0.1244867667555809,0.04250301420688629,0.0272029060870409,0.09927837550640106,0.012479940429329872,0.009571411646902561,0.22282296419143677,0.1196732446551323,1,0.08750608977203926,1,0.5147597695340876,0.3402711243774434,-0.0382810548573103,0.46687754173404505,48.23090975897792,0.49420531988143923,0.4130160719156265,0.5628430485725403,0.4422640115022659,753.2096862792969,322.8245186805725,801.3990020751953,320.82189559936523,690.7374572753906,320.98381519317627,640.0597381591797,317.2706079483032,478,0.5686377286911011,0.5292479395866394,0,-4.284930229187012,0.49988086860366476,0.5912054896895133,0.48025048203253323,0.3270717909761006,-0.04086684338074233,0.4597152135752499,50.813572231900565,-0.6163706183433533,0.5,4.408133506774902,-0.47139033675193787,-36.75529098510742,3.1771655082702637
0.9983537793159485,0.00682155042886734,0.056948237121105194,-0.011166815645992756,0.9970196485519409,0.07633598893880844,-0.05625776946544647,-0.07684628665447235,0.9954545497894287,1.0000003576278687,0.08416667580604553,0.04977041482925415,0.4892372190952301,0.4634404480457306,0.11912374198436737,0.04266390949487686,0.02897062711417675,0.10030968487262726,0.01240578293800354,0.009017695672810078,0.18117927014827728,0.08370207995176315,1,0.08776267352640968,1,0.5125906190622194,0.363053047701436,-0.03715261579722255,0.4741920613178424,48.32059043945185,0.4942642390727997,0.4135389178991318,0.5628106534481049,0.44271038472652435,753.1861877441406,322.9557538032532,801.4590454101562,320.8085060119629,690.7131958007812,321.1623215675354,639.9856567382812,317.76267528533936,478,0.5685464143753052,0.5291714668273926,0,-4.4143171310424805,0.4799225428478067,0.572514030142585,0.4774067924008956,0.3429848525290579,-0.03698696423868097,0.46956656419845516,50.841329784764625,-0.6408396363258362,0.5,4.397304058074951,-0.48920586705207825,-36.76951217651367,3.2250351905822754
0.9985341429710388,0.008166142739355564,0.05350605770945549,-0.012190500274300575,0.9970845580101013,0.07532423734664917,-0.05273495987057686,-0.07586610317230225,0.9957225918769836,0.9999998211860657,0.0813770592212677,0.05287469923496246,0.49966320395469666,0.477277934551239,0.09918326139450073,0.05330320820212364,0.0402347594499588,0.07306726276874542,0.011256687343120575,0.009026712737977505,0.17514409124851227,0.10896719992160797,1,0.08788574005736886,1,0.5029545514366546,0.3554137783876958,-0.03340001586799664,0.48749871278478707,49.042929298691114,0.4952348053455353,0.4139501959085464,0.5627290189266205,0.443587651848793,752.3451232910156,323.8622760772705,801.3267517089844,321.4109516143799,689.6796417236328,321.7618489265442,639.3495559692383,317.8812503814697,478,0.5674942135810852,0.5296374559402466,0,-4.357061862945557,0.4590361153314541,0.5970366266815326,0.49001885410009954,0.33633605766707403,-0.037859497357185724,0.4721820801449096,50.479466887178,-0.6994547843933105,0.5,4.379695415496826,-0.49943050742149353,-36.83456039428711,3.022892475128174
0.9989177584648132,0.004206628073006868,0.0463206022977829,-0.007906800135970116,0.9967641830444336,0.07999099791049957,-0.04583421349525452,-0.0802706778049469,0.9957188367843628,0.9999998211860657,0.09635201841592789,0.05571634694933891,0.49149391055107117,0.4769936501979828,0.12275942414999008,0.049442220479249954,0.030474865809082985,0.08545517921447754,0.011609525419771671,0.00935767125338316,0.18641899526119232,0.12064900249242783,1,0.08698399081191252,1,0.5057474611435884,0.3457268986157576,-0.03181071580075873,0.4831097675359473,49.54697250435222,0.4951072037220001,0.4138055771589279,0.5615164339542389,0.44352695643901824,750.0899505615234,323.6189031600952,799.5780944824219,321.2051725387573,689.3311309814453,321.8014168739319,638.6029052734375,317.9369115829468,478,0.5664092302322388,0.5297213792800903,0,-4.608978271484375,0.481957729711823,0.6614769579700331,0.4815340558885497,0.32963325767223545,-0.036455970090813604,0.4648671112356736,50.87521287157811,-0.4535076320171356,0.5,4.373351097106934,-0.5108069777488708,-36.95170593261719,2.6270272731781006
0.9987512230873108,0.0037687746807932854,0.04981677979230881,-0.00749645521864295,0.9971663355827332,0.07485426217317581,-0.04939350113272667,-0.07513432204723358,0.995949387550354,1.0000004768371582,0.09591742604970932,0.05718948692083359,0.4866675138473511,0.4640498161315918,0.1168103739619255,0.04797996208071709,0.03109072521328926,0.08503768593072891,0.01211903989315033,0.009483374655246735,0.18909165263175964,0.12017825990915298,1,0.0875507610287776,1,0.5050693336334037,0.3469361011941795,-0.03240350246567317,0.48077761612889636,49.41388166472263,0.4947728872299194,0.41365675032138827,0.5612606167793274,0.4434972792863846,750.1661682128906,323.6130881309509,799.5209503173828,321.1970615386963,688.6546325683594,321.8052577972412,637.5823974609375,317.98720836639404,478,0.566487729549408,0.5298405289649963,0,-4.314215660095215,0.473769545083287,0.6300967820743534,0.48485858798592224,0.3274848110245704,-0.03714482237222746,0.4634335624507772,51.214750808986636,-0.43004417419433594,0.5,4.325390338897705,-0.49553382396698,-36.843658447265625,2.831191062927246
0.9985144138336182,0.0036990889348089695,0.05436207726597786,-0.008016008883714676,0.9968098998069763,0.07940855622291565,-0.05389492213726044,-0.07972636073827744,0.9953587651252747,0.9999998211860657,0.10963970422744751,0.053236059844493866,0.5023232698440552,0.4739702045917511,0.1687440276145935,0.027422195300459862,0.01792050711810589,0.1696481555700302,0.012134513817727566,0.0095533961430192,0.1953752338886261,0.10301576554775238,1,0.08727397325910978,1,0.5090941337094937,0.3489944256389476,-0.03304932158981506,0.4771412519050908,48.299660354031914,0.4935917973518371,0.41434949040412905,0.5599452972412109,0.44390522837638857,748.9939117431641,323.6500597000122,797.2621154785156,321.907160282135,688.4156799316406,321.85632705688477,637.540168762207,318.33550930023193,478,0.5663534998893738,0.5295557379722595,0,-4.579506874084473,0.5390533981173545,0.607026085573901,0.4579289917388238,0.3326286781587174,-0.0355419432247151,0.46478979729205644,50.997193986813805,-0.4599568545818329,0.5,4.302103519439697,-0.5183225870132446,-37.04777908325195,3.0894482135772705
0.9985575079917908,0.00291076535359025,0.05361310765147209,-0.007200159132480621,0.9967697858810425,0.07998769730329514,-0.05320710316300392,-0.08025834709405899,0.9953529834747314,1.0000001192092896,0.09985125809907913,0.046766698360443115,0.5074678659439087,0.4904864728450775,0.1528804898262024,0.02982076071202755,0.020239537581801414,0.15575440227985382,0.01111070066690445,0.009319709613919258,0.16183750331401825,0.09711503982543945,1,0.08741294658491364,1,0.5094493412656851,0.35454243407856056,-0.031483914165027396,0.4785521927379942,48.4097866251297,0.493817788362503,0.4152122616767883,0.5600179255008697,0.4441059112548828,749.1350555419922,323.72913122177124,797.5140380859375,322.002432346344,688.2520294189453,321.8598675727844,637.562141418457,318.4829020500183,478,0.5662001371383667,0.5288936495780945,0,-4.609959602355957,0.5226342327957173,0.6262374395401646,0.45940995109331045,0.3373849502823954,-0.03480096654253992,0.46781527143419205,50.802250361038155,-0.41312748193740845,0.5,4.305010795593262,-0.5147998332977295,-37.054264068603516,3.0499825477600098
0.9990656971931458,0.0010703698499128222,0.04320407658815384,-0.004490873776376247,0.996852457523346,0.07915174961090088,-0.04298337176442146,-0.07927187532186508,0.9959259033203125,0.9999999403953552,0.10291937738656998,0.059634484350681305,0.5324572324752808,0.5076307058334351,0.11472213268280029,0.03988277167081833,0.029378464445471764,0.11454783380031586,0.010373642668128014,0.008463755249977112,0.161580428481102,0.10326793789863586,1,0.08786291072473106,1,0.5020527985034319,0.35131392158179914,-0.029850453657662278,0.4787019787483266,48.78242975173045,0.4945509731769562,0.4140651673078537,0.5602780282497406,0.4444623440504074,749.2160034179688,323.54541063308716,797.9731750488281,321.97580337524414,688.1086730957031,322.00854778289795,637.3416900634766,319.2575669288635,478,0.5657270550727844,0.5303971767425537,0,-4.550928592681885,0.49508307683597347,0.6241326342451042,0.46441178594916327,0.3341923717508909,-0.033317757972853135,0.46245980700298284,50.841464002871966,-0.257546991109848,0.5,4.3165364265441895,-0.5293674468994141,-36.94293975830078,2.463524580001831
0.9989968538284302,0.0008755818125791848,0.044771965593099594,-0.004470353946089745,0.9967644214630127,0.08025374263525009,-0.044556841254234314,-0.0803733542561531,0.9957684278488159,1.0000001192092896,0.11360040307044983,0.0695694088935852,0.5309905409812927,0.509341835975647,0.11401806026697159,0.040426772087812424,0.029981277883052826,0.11076851189136505,0.010100710205733776,0.00842257309705019,0.1647423505783081,0.11661455780267715,1,0.08809805714212633,1,0.5057119702443399,0.34537361389159743,-0.03027128746810232,0.47552184850367135,48.776317716045924,0.4945950329303741,0.41400782465934755,0.5603725731372833,0.44446192383766175,749.6689605712891,323.54684829711914,798.4206390380859,321.99668169021606,687.7801513671875,322.0177960395813,637.2517013549805,319.3096661567688,478,0.5657775402069092,0.5304540991783142,0,-4.614619255065918,0.49448603319745754,0.6316338880323552,0.4677817386646841,0.3275127608581417,-0.03422835033690393,0.4592068785303151,50.600970625072875,-0.2563878893852234,0.5,4.3091912269592285,-0.5373058915138245,-36.89438247680664,2.5537643432617188
0.9988568425178528,0.003896553535014391,0.04764162376523018,-0.0072695473209023476,0.99746173620224,0.07083246856927872,-0.04724470153450966,-0.07109782844781876,0.9963498115539551,0.9999997019767761,0.10523632913827896,0.06909264624118805,0.49994996190071106,0.4730903208255768,0.12108337879180908,0.037578240036964417,0.027231570333242416,0.11788740754127502,0.011958833783864975,0.009360288269817829,0.17095842957496643,0.11858303099870682,1,0.0881295866357011,1,0.5060278730263349,0.3495410857867357,-0.033959785128826796,0.47508398969297444,48.78406577619347,0.49459146261215214,0.41269547641277315,0.5603704333305359,0.44456751048564913,749.7035217285156,323.865602016449,798.4629821777344,322.31637954711914,687.7676391601562,322.339231967926,637.235107421875,319.3065547943115,478,0.5657789707183838,0.531872034072876,0,-4.081610679626465,0.5085839877597564,0.5964259976631471,0.46728830269787364,0.328569765913767,-0.037013057830913736,0.4596900277428083,50.62345202394845,-0.4169836938381195,0.5,4.288703441619873,-0.5283264517784119,-36.851985931396484,2.707929849624634
0.998855710029602,0.0020847488194704056,0.04777901619672775,-0.005520032253116369,0.9973979592323303,0.0718807503581047,-0.047504838556051254,-0.07206225395202637,0.9962682127952576,1.0000001192092896,0.1060866042971611,0.07747408002614975,0.4743632376194,0.4430406987667084,0.1330258846282959,0.03157037869095802,0.024037472903728485,0.1390208899974823,0.013625397346913815,0.010308140888810158,0.19204331934452057,0.11695153266191483,1,0.08853966358355025,1,0.5050199468188843,0.3470342676133603,-0.0367200395196054,0.4594766935751624,48.89985435185723,0.494294261932373,0.4119804292917252,0.5600887298583984,0.4438134223222733,749.5046997070312,323.2238459587097,798.3799743652344,321.67359352111816,687.6665496826172,322.0030117034912,636.9503784179688,319.2358732223511,478,0.5657944679260254,0.5318329930305481,0,-4.1371235847473145,0.5275486710574411,0.5738351878119429,0.4588677286807327,0.326610147856755,-0.038491193876468204,0.4500637433048717,50.79160445605692,-0.3166336119174957,0.5,4.2819342613220215,-0.5251033306121826,-36.82826232910156,2.722851276397705
0.9990319609642029,-0.0006515072309412062,0.043986089527606964,-0.0032160095870494843,0.9961330890655518,0.08779795467853546,-0.04387320578098297,-0.08785441517829895,0.9951667189598083,1.000000238418579,0.0843718871474266,0.05238825082778931,0.4775193929672241,0.4575701951980591,0.1298666000366211,0.037211451679468155,0.02508479356765747,0.11880548298358917,0.012821550481021404,0.009210588410496712,0.15630903840065002,0.08424551784992218,1,0.08825895633880355,1,0.5108574258448213,0.35896083817097,-0.03986649506926097,0.46288672136305176,49.00173457583214,0.49419763684272766,0.41410974562168124,0.5596946775913239,0.4452224761247635,749.1110229492188,324.38549995422363,798.0581665039062,322.07311391830444,686.9422149658203,323.57871294021606,635.9649658203125,320.3674864768982,478,0.5654970407485962,0.5311127305030823,0,-5.045055389404297,0.5150892137362093,0.46531396634058947,0.469033990829508,0.3406719660357474,-0.038275604476799854,0.463904291239288,51.078291924691904,-0.1844416707754135,0.5,4.286238670349121,-0.6103478670120239,-36.953487396240234,2.514556407928467
0.9988059401512146,0.00042283430229872465,0.04885050281882286,-0.004359920974820852,0.9967437982559204,0.0805157944560051,-0.048657387495040894,-0.08063261955976486,0.9955555200576782,0.9999997615814209,0.09748868644237518,0.0484677217900753,0.4968363046646118,0.48378702998161316,0.20816795527935028,0.023363513872027397,0.012460913509130478,0.21370510756969452,0.011809960007667542,0.009051734581589699,0.18750923871994019,0.0962335467338562,1,0.08746458718236047,1,0.5349687067960189,0.3500739906541323,-0.03209359646567295,0.4813249898412426,48.92736990016521,0.49356653690338137,0.41432702243328096,0.5592556238174439,0.4437605708837509,749.1877746582031,323.3727192878723,798.0704498291016,321.28188371658325,687.9310607910156,321.7258644104004,636.7664337158203,318.4880304336548,478,0.5656890869140625,0.52943354845047,0,-4.630426406860352,0.7739074402137124,0.6310383315932838,0.45065487442745844,0.33822436064121747,-0.03139981591772135,0.4779738058322965,51.26697409353619,-0.25010210275650024,0.7,4.295274257659912,-0.5094574093818665,-36.94051742553711,2.788964033126831
0.998996913433075,0.0025265333242714405,0.04470819607377052,-0.006720041390508413,0.9955592155456543,0.09389764070510864,-0.04427241533994675,-0.09410391747951508,0.9945774674415588,0.9999998211860657,0.09820206463336945,0.04967818781733513,0.4875951409339905,0.4706220030784607,0.16304923593997955,0.02700750157237053,0.018225394189357758,0.16832952201366425,0.012796523049473763,0.009521041065454483,0.20667070150375366,0.0943496823310852,1,0.08757317184263255,1,0.5217512183852379,0.3488709123748066,-0.03606834949824854,0.47831818458700187,48.632025598021585,0.4942452192306519,0.4138871252536774,0.5598108649253846,0.4434469163417816,749.4749450683594,323.13711404800415,798.0690765380859,321.21766090393066,687.9383850097656,321.7334818840027,637.346305847168,318.45648765563965,478,0.5655656456947327,0.5295597910881042,0,-5.405062198638916,0.5939427205528318,0.5931237640613282,0.4569375541160073,0.34031055347288536,-0.03366160528798971,0.47683445078299996,50.6980982411438,-0.38541078567504883,0.7,4.323184490203857,-0.5611284971237183,-37.02250671386719,2.53745174407959
0.9989868998527527,0.004720774013549089,0.04475371167063713,-0.00899147242307663,0.9953685402870178,0.09571169316768646,-0.04409460350871086,-0.09601709991693497,0.9944025278091431,0.9999999403953552,0.09238504618406296,0.04505004733800888,0.4927133023738861,0.4756297171115875,0.1857198029756546,0.030260378494858742,0.013935035094618797,0.16630324721336365,0.01204725168645382,0.008464114740490913,0.2039584368467331,0.08581780642271042,1,0.08684152900742308,1,0.5330696933223161,0.3512451143135059,-0.034160798197194066,0.4802449808905686,48.66700571660611,0.4943540692329407,0.41508111357688904,0.5600834488868713,0.44350847601890564,749.8968505859375,323.1380367279053,798.5261535644531,321.2227463722229,688.4767150878906,321.5975046157837,637.8389358520508,318.3035373687744,478,0.5657293796539307,0.5284273624420166,0,-5.5152435302734375,0.6688142608144317,0.6110157965686135,0.46333129014812385,0.3444801073323893,-0.031858661544631586,0.4830498593982442,50.7448017659298,-0.5156819224357605,0.7,4.337624549865723,-0.5566729307174683,-37.007530212402344,2.5272538661956787
0.9989939332008362,0.004332430195063353,0.04463540390133858,-0.007945640943944454,0.9966748356819153,0.08109316974878311,-0.04413566365838051,-0.08136624842882156,0.9957065582275391,1.0000004768371582,0.09818760305643082,0.05206504091620445,0.5173463821411133,0.5059092044830322,0.17720724642276764,0.03072267584502697,0.015640726312994957,0.1646379679441452,0.010720684193074703,0.00792422890663147,0.1741638332605362,0.10196419805288315,1,0.08710561479702192,1,0.5271487122584679,0.3504285985997614,-0.029841603079374234,0.47811529056728447,48.87838356608793,0.49438150525093083,0.4141488313674927,0.5601845562458039,0.4440559983253479,749.8045349121094,323.4879684448242,798.6403656005859,321.4488458633423,688.4966278076172,321.7669343948364,637.8202438354492,318.46230268478394,478,0.565803050994873,0.5299071669578552,0,-4.671664237976074,0.6407235856021894,0.633331719517905,0.4628123965057415,0.33274727522358694,-0.02894424308550768,0.47790595646129486,50.784017991246564,-0.455700546503067,0.7,4.340556621551514,-0.5121490955352783,-36.99726486206055,2.529608964920044
0.9989653825759888,0.0012918880674988031,0.04545816034078598,-0.005101937334984541,0.9964696764945984,0.08379825204610825,-0.04518941789865494,-0.08394356071949005,0.9954453706741333,1.0,0.07564587146043777,0.05862325429916382,0.46896201372146606,0.4500173330307007,0.18194237351417542,0.027568714693188667,0.014815186150372028,0.18355290591716766,0.013991404324769974,0.009421578608453274,0.14474546909332275,0.10886316746473312,1,0.08710045356726827,1,0.5256924545982089,0.36828146797712,-0.043785793505088176,0.46278978067488524,49.00077175482665,0.49414470195770266,0.41355766355991364,0.5601865887641907,0.44317449629306793,749.7187042236328,323.19650888442993,798.6681365966797,320.9540319442749,688.9430236816406,321.76504611968994,638.0647659301758,318.6050820350647,478,0.566041886806488,0.5296168327331543,0,-4.820213794708252,0.6528357691816167,0.43293399706703595,0.45578012307196936,0.33292264858863163,-0.034036314455490393,0.4689183804659354,50.97629336213615,-0.2926196753978729,0.7,4.352592468261719,-0.5180599689483643,-36.989418029785156,2.5900447368621826
0.9989677667617798,0.001866741687990725,0.04538596421480179,-0.005594178102910519,0.9966050386428833,0.08213996142148972,-0.04507855698466301,-0.0823090597987175,0.9955868124961853,0.9999998211860657,0.07464475929737091,0.04957384243607521,0.4728184640407562,0.45789340138435364,0.15887486934661865,0.027173036709427834,0.01865820586681366,0.1673704832792282,0.013045784085988998,0.009990429505705833,0.16089217364788055,0.11665301024913788,1,0.08772255094139386,1,0.519133134548896,0.35858788471877656,-0.03845888841727173,0.47360428689311496,49.61385006121513,0.4945226669311523,0.41337809562683103,0.5604279398918152,0.4432282209396362,749.7946166992188,323.23554039001465,799.3579864501953,320.99802017211914,688.9276123046875,321.64823055267334,637.7790069580078,318.39895963668823,478,0.5659052729606628,0.5298501253128052,0,-4.726118087768555,0.5989083877354981,0.5575439051858133,0.45721982042643544,0.3326321615668018,-0.034538953098305965,0.4828586308086667,51.251708171517166,-0.3208506405353546,0.7,4.35655403137207,-0.5077683329582214,-37.00782775878906,2.583686351776123
0.9989390969276428,0.0002735448069870472,0.046049438416957855,-0.004241853021085262,0.9962775111198425,0.08609936386346817,-0.04585446044802666,-0.08620336651802063,0.9952217936515808,1.0000003576278687,0.08337973803281784,0.053085409104824066,0.4742065668106079,0.457256019115448,0.1861162930727005,0.023911846801638603,0.014922155067324638,0.19553115963935852,0.013188185170292854,0.009565387852489948,0.17389731109142303,0.10253312438726425,1,0.08763991171776768,1,0.5263863513419298,0.3560767633276869,-0.038994074340268456,0.4637781559033767,49.25531509224266,0.49377728700637813,0.41401969492435453,0.5601972460746765,0.4428507000207901,749.9876403808594,322.89361238479614,799.1805267333984,320.41450023651123,688.6338806152344,321.5567350387573,637.8746795654297,318.352632522583,478,0.5664199590682983,0.5288310050964355,0,-4.950446605682373,0.6555535394881249,0.556573126518795,0.4538737087573034,0.3352165145480137,-0.03466522467718512,0.4796176862096423,50.86022772511315,-0.24329692125320435,0.7,4.359532833099365,-0.5087934732437134,-36.99147033691406,2.6281886100769043
0.9986700415611267,0.0016997766215354204,0.051529258489608765,-0.007048941217362881,0.994572639465332,0.10380544513463974,-0.05107314884662628,-0.10403061658143997,0.9932619333267212,1.0000001192092896,0.10249131917953491,0.07064792513847351,0.5237324833869934,0.5031573176383972,0.19466152787208557,0.022178638726472855,0.01440391968935728,0.20675109326839447,0.010915704071521759,0.007804596796631813,0.19433459639549255,0.11529622972011566,1,0.08767886872008179,1,0.5258320393048521,0.3428034388574296,-0.03196504229706851,0.46818929661443975,49.18582138637171,0.493502676486969,0.4150869607925415,0.5601825714111328,0.44362339973449705,749.9501037597656,322.9187822341919,799.0994262695312,321.02428436279297,688.7899017333984,321.6592812538147,637.966423034668,318.6295223236084,478,0.5666798949241638,0.5285364389419556,0,-5.979150295257568,0.6546900066937574,0.6102128597803016,0.45111507536577083,0.3221456790271588,-0.0293015638318425,0.4749163549509098,50.91370568243193,-0.4044056832790375,0.7,4.344479560852051,-0.586875855922699,-36.97859191894531,2.927549362182617
0.9988168478012085,0.00038455286994576454,0.048628997057676315,-0.004516076296567917,0.9963810443878174,0.08487861603498459,-0.048420365899801254,-0.08499772101640701,0.9952039122581482,0.9999997615814209,0.10135818272829056,0.06357313692569733,0.5007606148719788,0.4820263385772705,0.1953030824661255,0.02130739390850067,0.014533482491970062,0.2094077616930008,0.011578782461583614,0.0089358389377594,0.177764892578125,0.10887202620506287,1,0.08758613800429937,1,0.5199490598331383,0.3459824320918138,-0.034314759198558906,0.4645829001533633,48.865504421286246,0.4934084713459015,0.41600277125835416,0.560040682554245,0.4432240933179855,749.5730590820312,322.8332304954529,798.4055328369141,321.03683710098267,688.7141418457031,321.44500494003296,637.8890228271484,318.5550856590271,478,0.5666322112083435,0.5272213220596313,0,-4.881633281707764,0.6028629363831399,0.605940882864111,0.45007898954930475,0.32769602824060345,-0.03483824374248316,0.4689250913908968,50.90721320994494,-0.25905683636665344,0.7,4.356100082397461,-0.49121251702308655,-37.054439544677734,2.775367498397827
0.9988418221473694,0.0008156961994245648,0.04810769483447075,-0.005559995770454407,0.9951148629188538,0.09856695681810379,-0.047792281955480576,-0.09872031211853027,0.9939668774604797,1.0000001192092896,0.07862692326307297,0.05472016707062721,0.5266450643539429,0.5146856307983398,0.18205353617668152,0.02484717406332493,0.014577262103557587,0.1904192715883255,0.00989969540387392,0.00747284572571516,0.1737072467803955,0.11880765110254288,1,0.08773224502064596,1,0.5265439253335247,0.35418048933406127,-0.029895055236266135,0.4956597925468108,49.12732066719625,0.49336511492729185,0.4158679932355881,0.559963709115982,0.4431151241064072,749.7755432128906,322.61470556259155,798.8608551025391,320.5835008621216,688.1452178955078,321.1299419403076,637.2690963745117,318.2865643501282,478,0.5665985941886902,0.5272471308708191,0,-5.671987533569336,0.6443340898914166,0.6338069057344418,0.45841419244345954,0.32979091318107334,-0.03031967524473233,0.49662326878536134,50.955515277950106,-0.31893035769462585,0.7,4.331048011779785,-0.5395263433456421,-36.9073371887207,2.7393393516540527
0.9987652897834778,0.0009613155270926654,0.049668632447719574,-0.005371259059756994,0.9960412383079529,0.08873037993907928,-0.049386702477931976,-0.08888760209083557,0.9948165416717529,0.999999463558197,0.07736727595329285,0.03952714055776596,0.5398265719413757,0.5314353704452515,0.22810164093971252,0.018839241936802864,0.011385118588805199,0.24390746653079987,0.009287605062127113,0.007295597810298204,0.16534914076328278,0.08812509477138519,1,0.08796742532837488,1,0.5328286494906843,0.3571635004514968,-0.026469692589304827,0.49712003833453633,48.8675384716028,0.4930453777313233,0.4158491134643555,0.5595690488815308,0.4442714095115662,749.8458099365234,323.45046043395996,798.6570739746094,321.1059308052063,687.9631805419922,321.96179151535034,637.265739440918,318.6222267150879,478,0.5665236711502075,0.5284222960472107,0,-5.105861663818359,0.781317028611793,0.6558847569513342,0.44696285871701336,0.34028656797728535,-0.02558715916419246,0.5008489923769999,50.807314703235946,-0.3081279397010803,0.7,4.327690601348877,-0.5291575789451599,-36.974151611328125,2.830801010131836
0.9988033175468445,0.0029625974129885435,0.04881645366549492,-0.007154819089919329,0.9962756037712097,0.08592788875102997,-0.04838007688522339,-0.08617432415485382,0.9951046705245972,1.0000005960464478,0.6338335275650024,0.5543619990348816,0.8407313823699951,0.8330600261688232,0.13558028638362885,0.05964723974466324,0.0317874401807785,0.08720589429140091,0.002555650193244219,0.0014699384337291121,0.2844301164150238,0.27138322591781616,1,0.08670685705225749,1,0.5239128815074221,0.12853783143756903,0.02377448741456255,0.35110054905679056,48.84586432996757,0.49419153332710264,0.42398373782634735,0.5605920016765594,0.4525839537382126,749.8713684082031,324.9437642097473,798.6585998535156,327.33635902404785,688.0016326904297,323.1428003311157,637.0821380615234,324.21274423599243,478,0.5664004683494568,0.5286002159118652,0,-4.949366569519043,0.4853746211587261,0.5239624676590154,0.4905527297910008,0.11170183950842888,0.021550354057945524,0.2505402221726012,50.93073446677022,-0.410425066947937,0.7,4.358581066131592,-0.60274338722229,-37.2364616394043,2.773056745529175
0.9987438917160034,0.0062408847734332085,0.04971570521593094,-0.010587263852357864,0.9960953593254089,0.08764734864234924,-0.04897458106279373,-0.08806360512971878,0.9949102401733398,0.9999999403953552,0.6108389496803284,0.48104462027549744,0.8649059534072876,0.8598381876945496,0.0906110405921936,0.07118389755487442,0.054085467010736465,0.07114127278327942,0.0019506383687257767,0.001265068305656314,0.2766568064689636,0.2420368790626526,1,0.08921404191413865,1,0.5156671624518955,0.13216429888141765,0.03067551361159666,0.4144564864484745,49.68352319981287,0.49492598772048946,0.4258613646030426,0.5617575168609619,0.45446175932884214,752.2008514404297,326.33904933929443,801.8350982666016,328.5512924194336,687.6893615722656,324.26007986068726,636.2079620361328,324.5969009399414,478,0.5668315291404724,0.5286003947257996,0,-5.058302402496338,0.4414983185311822,0.582943215776245,0.5012143927352546,0.13406830568097122,0.027420543235239056,0.3684944706067931,51.48250136445713,-0.6073456406593323,0.7,4.386515140533447,-0.6302370429039001,-37.215789794921875,2.807159662246704
0.998772382736206,0.0084119513630867,0.04881596565246582,-0.014487075619399548,0.9919922947883606,0.12546521425247192,-0.04736964404582977,-0.12601837515830994,0.9908962845802307,0.9999997615814209,0.46786022186279297,0.30906614661216736,0.7270822525024414,0.7153054475784302,0.12079832702875137,0.049376968294382095,0.0341169647872448,0.09845384210348129,0.0048065283335745335,0.003822689177468419,0.2328496128320694,0.24341817200183868,1,0.08709597924976466,1,0.5030883612032053,0.2100513441732588,-0.011724098546782098,0.4192801450066731,47.67861278313954,0.49406609535217283,0.4219036430120468,0.5606150984764099,0.4505058854818344,749.6547698974609,325.9921860694885,797.3043060302734,327.6570653915405,687.6172637939453,323.8822102546692,637.6821899414062,322.87198305130005,478,0.5665490031242371,0.5286022424697876,0,-7.247748851776123,0.4480239657975661,0.6797536035191393,0.48524281632814903,0.21045113558890818,-0.013760748808040438,0.3872940818791219,49.94529166759213,-0.8310101628303528,0.7,4.3603434562683105,-0.7660799622535706,-37.30472946166992,2.7150964736938477
0.9988622069358826,0.0061920019797980785,0.047285743057727814,-0.01082336064428091,0.995095431804657,0.09832588583230972,-0.046445004642009735,-0.0987258106470108,0.9940302968025208,1.0,0.17322991788387299,0.11626750230789185,0.5554462671279907,0.539943277835846,0.16984669864177704,0.02603016421198845,0.019584836438298225,0.18103931844234467,0.010613600723445415,0.008415031246840954,0.221067413687706,0.1885228455066681,1,0.08815476320174438,1,0.5087411460616358,0.3133279828408348,-0.027638196912955323,0.4706099099617463,47.835463744695325,0.4935255885124207,0.4176660180091858,0.5598919034004212,0.4463520050048828,749.6751403808594,325.16342639923096,797.4816131591797,323.4982681274414,687.5237274169922,323.1484007835388,637.6715850830078,320.02384185791016,478,0.5663663148880005,0.528685986995697,0,-5.671942234039307,0.5665195044017592,0.6128714259332962,0.4523648177633478,0.2905160477746615,-0.031031626883413696,0.45168404276021135,49.94996460326536,-0.6208149790763855,0.7,4.33839750289917,-0.6160989999771118,-37.136714935302734,2.662060260772705
0.9988292455673218,0.006285690236836672,0.04796402156352997,-0.010824371129274368,0.9954220056533813,0.09496253728866577,-0.0471474826335907,-0.09537054598331451,0.9943247437477112,1.0000001192092896,0.16686789691448212,0.10527246445417404,0.5482600331306458,0.5391885638237,0.1579948216676712,0.028475066646933556,0.020757902413606644,0.16710177063941956,0.010082264430820942,0.008490624837577343,0.20895695686340332,0.207205131649971,1,0.08764259200292057,1,0.5110936166026161,0.3192954573165329,-0.028992053543318148,0.47977552801729084,47.78019380488592,0.4937737822532654,0.41664658188819886,0.5601470708847046,0.44577859044075013,749.8109436035156,324.83003854751587,797.5675964355469,323.33036184310913,687.7064514160156,322.4804663658142,638.3351898193359,319.5868134498596,478,0.5663732886314392,0.5291320085525513,0,-5.478758335113525,0.5608722461279346,0.5998962685876437,0.4569033517427669,0.29526531261775474,-0.031168784323265693,0.47004321851239783,49.455987493373364,-0.6208934187889099,0.7,4.353714466094971,-0.5915219187736511,-37.180660247802734,2.7023534774780273
0.998469352722168,0.0039460305124521255,0.05516767129302025,-0.009748558513820171,0.9943916201591492,0.10531052947044373,-0.05444271117448807,-0.10568712651729584,0.9929080009460449,0.9999998211860657,0.11278944462537766,0.07693464308977127,0.46756815910339355,0.4347367286682129,0.349152147769928,0.008853679522871971,0.006880452856421471,0.36949869990348816,0.014306840486824512,0.009923058561980724,0.24824443459510803,0.13070206344127655,1,0.08873698128635443,1,0.5471988648562524,0.3366764138125875,-0.046993654699116094,0.443518085369718,48.53543217172791,0.49160389900207524,0.4140824615955353,0.5584008574485779,0.44351922869682314,749.7129821777344,323.59238147735596,798.1976318359375,321.3727140426636,687.3493194580078,322.32425451278687,636.9678497314453,318.6809992790222,478,0.5667969584465027,0.5294367671012878,0,-6.07580041885376,0.8033806907860225,0.49735196770551815,0.4148881274898526,0.31729819677216253,-0.033850864893249684,0.47900705401374943,50.51302604881154,-0.5593897104263306,0.92,4.30670690536499,-0.6038655638694763,-37.04238510131836,3.120880365371704
0.9980264902114868,0.0038266032934188843,0.06267675757408142,-0.008761461824178696,0.9968637824058533,0.07865068316459656,-0.06217922270298004,-0.07904459536075592,0.9949299693107605,1.0000005960464478,0.1075168326497078,0.05680414289236069,0.5023956894874573,0.47223320603370667,0.3937307298183441,0.00671592028811574,0.006059776525944471,0.4033827781677246,0.011432509869337082,0.008222927339375019,0.23414042592048645,0.10191035270690918,1,0.08895929486255201,1,0.5509588408210525,0.3400823133790676,-0.03764484335253262,0.46676069926030733,48.54678826189526,0.4911574006080628,0.4149900496006012,0.5587230801582337,0.44387559294700624,750.4144287109375,323.60042810440063,798.9125061035156,321.4262294769287,688.0615234375,322.278356552124,637.1475982666016,318.4536337852478,478,0.5675656795501709,0.528885543346405,0,-4.542459487915039,0.7672913048185805,0.5938675355762527,0.4125408901921966,0.3237723612277119,-0.02964957459551548,0.49472797690624837,51.05738223463303,-0.5029744505882263,0.92,4.303654670715332,-0.5046594738960266,-36.95905303955078,3.564906358718872
0.9979296922683716,0.0036956649273633957,0.06420881301164627,-0.009916254319250584,0.9952511191368103,0.09683419018983841,-0.0635460615158081,-0.0972704365849495,0.9932272434234619,1.0000001192092896,0.11023540049791336,0.0547904446721077,0.5274945497512817,0.4923093616962433,0.3471055328845978,0.008844565600156784,0.007304810918867588,0.3636261224746704,0.010344283655285835,0.007728163618594408,0.2369614541530609,0.09205510467290878,1,0.08926500537128489,1,0.5473115733751553,0.3421536590614513,-0.03741917439335957,0.4750056084330689,47.9356595083538,0.4914889812469483,0.4154214560985565,0.559468674659729,0.4442116916179657,751.6847991943359,323.9906358718872,799.5603179931641,321.59018754959106,688.2203674316406,322.5482726097107,637.2784423828125,318.52489471435547,478,0.5679796934127808,0.5287902355194092,0,-5.5933518409729,0.7726296430312126,0.6078965445862052,0.4246489795412171,0.32779620010106003,-0.030763662192855645,0.492606479143011,51.100560637545414,-0.5693194270133972,0.92,4.324253082275391,-0.5770524144172668,-36.91323471069336,3.643375873565674
0.9981688261032104,0.006785023026168346,0.06010859087109566,-0.012992162257432938,0.9945461750030518,0.10348521173000336,-0.05907861515879631,-0.10407666862010956,0.9928130507469177,1.0,0.10731670260429382,0.05496029555797577,0.5448986887931824,0.518801748752594,0.34135252237319946,0.009697814472019672,0.0076275961473584175,0.3518669307231903,0.009197338484227657,0.007487704511731863,0.16565246880054474,0.10017311573028564,1,0.08899734278145523,1,0.5426827673125785,0.35015267572621067,-0.03240235895735809,0.47635548253973536,48.25945133163496,0.4917008757591248,0.41588365137577055,0.5596538662910462,0.4444254547357559,751.3227081298828,324.0016222000122,799.5541381835938,322.35729932785034,688.7477874755859,322.0477080345154,637.761116027832,318.24182510375977,478,0.5679529905319214,0.5285418033599854,0,-5.984462738037109,0.756971394118819,0.599346640936273,0.42340653611173723,0.32587044194739173,-0.0283472489505671,0.48605213129266633,51.128518561621526,-0.7457195520401001,0.92,4.357268810272217,-0.5877898931503296,-36.997703552246094,3.386927366256714
0.9983425140380859,0.0053063794039189816,0.05730704590678215,-0.010996516793966293,0.9949829578399658,0.09943851828575134,-0.05649187043309212,-0.09990387409925461,0.9933921694755554,1.0,0.10612994432449341,0.048051945865154266,0.5326043963432312,0.5063083171844482,0.31957775354385376,0.010110415518283844,0.009271818213164806,0.3168351352214813,0.009700054302811623,0.007877526804804802,0.1597384810447693,0.0851619616150856,1,0.0892313867894769,1,0.5320909065720986,0.35315626123662147,-0.03507840393647391,0.47534280107128907,48.34117291477965,0.4921560287475586,0.41575731337070465,0.5596412420272827,0.44381625950336456,750.8979034423828,323.4354829788208,799.2222595214844,322.1604895591736,688.7421417236328,321.5829133987427,637.7766799926758,318.2032871246338,478,0.5674852132797241,0.5280589461326599,0,-5.7428364753723145,0.7474209763848723,0.5803592517753052,0.4200840045168968,0.3352142456453706,-0.030640457557080183,0.4850429801231735,51.0773938577963,-0.6310744881629944,0.92,4.356142997741699,-0.5591544508934021,-37.054046630859375,3.2384696006774902
0.9980428814888,0.005939912050962448,0.06225012242794037,-0.010689439252018929,0.9970318675041199,0.07624470442533493,-0.06161249428987503,-0.0767609104514122,0.9951440691947937,1.0000003576278687,0.12835200130939484,0.06079383194446564,0.5315317511558533,0.5104584693908691,0.38330724835395813,0.007616051938384771,0.006433439906686544,0.3890351355075836,0.009807280264794827,0.0077986279502511024,0.2018929123878479,0.1047418937087059,1,0.08812838002955663,1,0.5490656879409899,0.3363741186976034,-0.0318994141261638,0.46928517861565955,48.62568780522641,0.4916403412818908,0.4150487095117569,0.559299898147583,0.4431108146905899,750.4398345947266,322.97959327697754,799.0431213378906,321.5037775039673,689.4407653808594,321.0846018791199,638.1504058837891,317.21054792404175,478,0.5676595568656921,0.528062105178833,0,-4.410802841186523,0.7743499192134177,0.6433119902212945,0.41528869430765425,0.31943466320108654,-0.02663798496991207,0.47768519122387226,51.436458582297824,-0.6136372685432434,0.92,4.349824905395508,-0.4507623314857483,-37.06531524658203,3.5323729515075684
0.9979410171508789,0.011320010758936405,0.06313101202249527,-0.016280872747302055,0.9967710375785828,0.07862817496061325,-0.06203710287809372,-0.07949411869049072,0.9949030876159668,0.9999995231628418,0.10420019179582596,0.039084918797016144,0.5205369591712952,0.507373034954071,0.3941704034805298,0.008291888050734997,0.004985195118933916,0.4173738360404968,0.009159891866147518,0.008243119344115257,0.17681542038917542,0.1056089699268341,1,0.08764583394132733,1,0.5692284251894644,0.3564738452406561,-0.03399993625862494,0.49155490627967957,47.375632242881046,0.491898113489151,0.4153547167778015,0.5595598757266999,0.44243084192276,751.9759368896484,322.9878544807434,799.3264770507812,321.4461421966553,689.3954467773438,320.49816370010376,638.892936706543,316.3670039176941,478,0.5676617622375488,0.5270761251449585,0,-4.568305492401123,0.8148320143503066,0.5937453451645979,0.4196085772678651,0.33582195356453537,-0.030861210485220128,0.5171293029226353,50.671195019463234,-0.9346669316291809,0.92,4.354283332824707,-0.4402143061161041,-37.03678512573242,3.5567479133605957
0.9974361062049866,0.01567920483648777,0.0698232501745224,-0.022472316399216652,0.9949725866317749,0.0975939929485321,-0.0679420605301857,-0.09891285747289658,0.9927739500999451,0.9999997019767761,0.07706494629383087,0.03343354910612106,0.5564906597137451,0.549255907535553,0.36614367365837097,0.008071579970419407,0.0066553745418787,0.39642763137817383,0.007992798462510109,0.00717637874186039,0.13272243738174438,0.0879998505115509,1,0.0890440339121083,1,0.5530902277015544,0.36552221323260614,-0.026273990763376436,0.5001331167723929,48.47338257028221,0.4918219923973084,0.41617498695850375,0.5605006098747254,0.4432671457529068,752.7760314941406,323.3950138092041,801.2367248535156,322.2859525680542,690.2030181884766,320.5197501182556,639.0045928955078,316.46249055862427,478,0.568678617477417,0.5270921587944031,0,-5.689762115478516,0.7290255765323039,0.6466720042073577,0.41835292381186406,0.3378213387443444,-0.02600146649947053,0.5203280228012389,51.35893405938873,-1.2906601428985596,0.92,4.382682800292969,-0.5214719772338867,-37.00910949707031,3.895794153213501
0.998161792755127,0.013627858832478523,0.05905245989561081,-0.019226226955652237,0.9952630996704102,0.09529805928468704,-0.05747402459383011,-0.096258245408535,0.9936956763267517,0.9999997019767761,0.07525747269392014,0.0330067053437233,0.5582438707351685,0.5511317253112793,0.34310978651046753,0.009061602875590324,0.007377018220722675,0.3635590672492981,0.008073576726019382,0.006668346002697945,0.13679999113082886,0.0848696380853653,1,0.08922720699778233,1,0.546847297513192,0.36203087668782563,-0.02456065176559754,0.49970919652052725,48.75657929047561,0.491998678445816,0.4160175919532776,0.5606682956218719,0.44357824325561523,752.7071380615234,323.3760452270508,801.4414978027344,321.9042420387268,690.177001953125,320.89892864227295,638.7943267822266,316.7081379890442,478,0.5686696171760559,0.5275606513023376,0,-5.5329179763793945,0.741333573953255,0.6950407354500535,0.4230215828823153,0.3366363701403706,-0.02097515231522105,0.5230488204672356,51.553293145252695,-1.1034737825393677,0.92,4.416388511657715,-0.5263810157775879,-36.94325637817383,3.2948343753814697
0.9979885220527649,0.022182201966643333,0.05938760191202164,-0.028289541602134705,0.9941686987876892,0.10405869781970978,-0.05673304572701454,-0.10552939772605896,0.9927964806556702,1.0000004768371582,0.5090630054473877,0.45913922786712646,0.8362061977386475,0.8263362646102905,0.1345255970954895,0.0659169852733612,0.032129816710948944,0.0728936418890953,0.0024142323527485132,0.0012343194102868438,0.20652088522911072,0.2310180813074112,1,0.08635617479181201,1,0.5187426755338916,0.19291297407233166,0.015050958067758757,0.44955621576767785,48.5553312539441,0.49477473497390745,0.42482509315013883,0.5634260535240173,0.4528724759817123,753.1941223144531,326.25969886779785,801.6609954833984,329.1892719268799,691.6555786132812,322.766969203949,639.945182800293,322.82423973083496,478,0.5686513185501099,0.5280473828315735,0,-6.067476749420166,0.41541311896525146,0.637857409048729,0.5043202716267033,0.14548947839885304,0.024062630584006636,0.3800079696715178,51.71042752823251,-1.6237033605575562,0.92,4.475841999053955,-0.6859834790229797,-37.24254608154297,3.252310037612915
0.9980634450912476,0.02067585475742817,0.05866614729166031,-0.02696090005338192,0.993736207485199,0.1084500253200531,-0.05605636164546013,-0.10982173681259155,0.9923692941665649,0.9999995231628418,0.6087996959686279,0.46055617928504944,0.8512015342712402,0.844079852104187,0.11080832779407501,0.062134552747011185,0.04363857954740524,0.0804377943277359,0.002084583044052124,0.0014711188850924373,0.19303013384342194,0.24197505414485931,1,0.08783075392262144,1,0.5080551495222978,0.1668686892058057,0.015462714506119607,0.4121113087493232,48.964518871686906,0.4948085725307465,0.4261362969875336,0.5635018527507782,0.4541290819644928,753.5251617431641,327.3722791671753,802.3731994628906,330.7476782798767,691.1708831787109,323.50906133651733,639.3266677856445,323.56613874435425,478,0.5686932802200317,0.5279927849769592,0,-6.315009593963623,0.41065676482777874,0.5852263012062988,0.49916403319467356,0.14417245225343442,0.0177999666563138,0.35477373776613014,51.84424681347813,-1.5473666191101074,0.92,4.493937015533447,-0.7213084697723389,-37.30192947387695,3.213477373123169
0.9981981515884399,0.015038547106087208,0.05808871611952782,-0.02155224420130253,0.9933396577835083,0.11318932473659515,-0.055999621748924255,-0.11423731595277786,0.9918739199638367,1.0000001192092896,0.4409986436367035,0.3510051667690277,0.7667440176010132,0.7508379220962524,0.14740747213363647,0.041249942034482956,0.02525869384407997,0.12705962359905243,0.004210956860333681,0.0024633598513901234,0.2253686636686325,0.19617517292499542,1,0.08691292322733604,1,0.5158835671034319,0.216092426328847,-0.003117855529728232,0.4310433640158284,47.675747795925126,0.49401949048042293,0.42388948500156404,0.562708956003189,0.45001610815525056,752.8439331054688,325.24460077285767,800.4837799072266,327.09444522857666,691.1872100830078,322.6580500602722,640.4762268066406,322.1015667915344,478,0.5686894655227661,0.5261266231536865,0,-6.569991111755371,0.44195983022897073,0.6685833742484523,0.4781882822199453,0.20598897761978913,-0.0019592640866205107,0.41643160367853227,50.714036504559616,-1.2368894815444946,0.92,4.481678009033203,-0.6768714785575867,-37.24454116821289,3.210221290588379
0.9980151057243347,0.010971695184707642,0.062011487782001495,-0.018330227583646774,0.9926803112030029,0.11937225610017776,-0.06024786829948425,-0.12027200311422348,0.9909111261367798,0.9999997019767761,0.21270643174648285,0.11843748390674591,0.6916409730911255,0.6774184703826904,0.31034475564956665,0.016598297283053398,0.007726192008703947,0.3135049343109131,0.005112004932016134,0.003769456874579191,0.20343017578125,0.17185239493846893,1,0.08661873134363533,1,0.5529865604847809,0.30195673840221465,-0.00471068780672671,0.4991044448816371,47.26443361657266,0.49252325892448423,0.4218214452266693,0.5612424671649933,0.44798097014427185,752.7017211914062,325.2640628814697,799.9540710449219,324.1953635215759,690.9439849853516,322.7324867248535,640.6019592285156,319.72673892974854,478,0.568719208240509,0.5261595249176025,0,-6.920433044433594,0.6804279631394645,0.6721509756880535,0.44478423779569226,0.2815537854563555,-0.006808503034720057,0.49710399835826186,50.43167731902811,-1.0522150993347168,0.92,4.473633289337158,-0.6568275094032288,-37.2746696472168,3.454040050506592
0.9982033967971802,0.00828145444393158,0.05934193357825279,-0.015400083735585213,0.9925905466079712,0.12052726000547409,-0.05790407955646515,-0.12122458964586258,0.9909347295761108,1.0000004768371582,0.18284474313259125,0.07133069634437561,0.5593183040618896,0.5404894351959229,0.32706981897354126,0.011124410666525364,0.008384916000068188,0.3383530378341675,0.008547934703528881,0.007838122546672821,0.216082364320755,0.13541027903556824,1,0.08812492504421329,1,0.5500951839437447,0.3138652119328536,-0.03096931698045368,0.4783097507930871,47.394156645337674,0.49250297546386723,0.4180208623409271,0.5605115771293641,0.44428260922431945,752.5816345214844,324.0252900123596,799.9541473388672,322.5931191444397,689.8580169677734,321.54019117355347,639.9033355712891,318.11086893081665,478,0.5680086016654968,0.5262617468833923,0,-6.974542617797852,0.7925552296054608,0.5490869654729349,0.4225316285970311,0.3144066354442627,-0.03156158260975793,0.47613930843873764,50.07225224182487,-0.883877694606781,0.92,4.435131549835205,-0.6249278783798218,-37.16462326049805,3.3195159435272217
0.9985367655754089,0.008996639400720596,0.05332319065928459,-0.01440652459859848,0.9946845769882202,0.10195568203926086,-0.05212249234318733,-0.1025746762752533,0.9933587312698364,1.0000003576278687,0.15660212934017181,0.05799853801727295,0.5666490793228149,0.5593645572662354,0.3257274329662323,0.011153824627399445,0.008209685795009136,0.3321690261363983,0.007988108322024345,0.007042258512228727,0.20179851353168488,0.11712005734443665,1,0.08791406759551079,1,0.5483987682167825,0.32370121886300984,-0.025908191022431182,0.49161743933522445,47.71780564092233,0.4928097248077392,0.4181138962507248,0.5604594469070434,0.44437856376171114,752.1575927734375,323.98857593536377,799.8462677001953,322.3214650154114,689.9221801757812,321.47796392440796,639.8999786376953,317.7361536026001,478,0.5676497220993042,0.5262646675109863,0,-5.895493030548096,0.7874921075741325,0.6400665857534997,0.4237096877870745,0.3207564163839543,-0.025432321825903714,0.48940794327069087,50.16195561679786,-0.8265852332115173,0.92,4.43927526473999,-0.5549409985542297,-37.117855072021484,2.9877524375915527
0.9982696771621704,0.013319059275090694,0.0572739839553833,-0.018819181248545647,0.9951460957527161,0.09659196436405182,-0.055709466338157654,-0.0975026786327362,0.9936748147010803,0.9999998211860657,0.15488238632678986,0.07101404666900635,0.5911881923675537,0.5674687623977661,0.35356688499450684,0.009544715285301208,0.007389794569462538,0.36482250690460205,0.007772698998451233,0.006178661249577999,0.21754035353660583,0.10795483738183975,1,0.08819760926565155,1,0.5522625626304861,0.32253206335193413,-0.023824299661773938,0.4860441176662393,47.35138641454375,0.4926616847515106,0.4177911698818207,0.5603600442409515,0.4445242702960968,752.5420379638672,323.9215421676636,799.8696136474609,322.42008447647095,689.9287414550781,321.4829635620117,639.910774230957,317.8026080131531,478,0.5676983594894409,0.5267331004142761,0,-5.604112148284912,0.773763695973109,0.6758606263218743,0.4173540045772112,0.31647567596351084,-0.023820745854026448,0.4835501459597212,50.15318596360128,-1.080000638961792,0.92,4.418484210968018,-0.532203733921051,-37.09499740600586,3.193570375442505
0.9984537363052368,0.0003067204379476607,0.0555875226855278,-0.006541405338793993,0.993685245513916,0.1120128259062767,-0.05520213395357132,-0.11220317333936691,0.9921507835388184,1.0000001192092896,0.14208826422691345,0.05603047087788582,0.5521044731140137,0.5404619574546814,0.3494116961956024,0.007970821112394333,0.008449416607618332,0.3543013036251068,0.008151608519256115,0.006846334785223007,0.16909916698932648,0.10939566791057587,1,0.08920247692153782,1,0.532926124156222,0.3339965206342574,-0.030429608115253626,0.4621204358704073,48.73763841722913,0.4922672092914582,0.41624605357646943,0.5578395307064057,0.44404798448085786,748.4086608886719,323.1117510795593,797.1292114257812,321.8212652206421,687.6939392089844,321.4556908607483,635.881462097168,318.61334323883057,478,0.5655723214149475,0.5278019309043884,1,-6.452214241027832,0.7863343165167579,0.6214021351244788,0.40578032430081407,0.3194562689670766,-0.02376543236135976,0.4839738618126831,51.89038181175872,-0.37536996603012085,0.92,4.275573253631592,-0.6016498804092407,-37.08040237426758,3.1644575595855713
0.9985817074775696,0.0032864375971257687,0.05313992127776146,-0.008844702504575253,0.9944641590118408,0.10470312088727951,-0.05250164866447449,-0.10502462834119797,0.9930827021598816,1.0000004768371582,0.15908074378967285,0.07376549392938614,0.5489488840103149,0.5396514534950256,0.3566456437110901,0.00774161284789443,0.007615603972226381,0.37003782391548157,0.008059878833591938,0.007086976896971464,0.17451691627502441,0.14725959300994873,1,0.08890035653814957,1,0.541420890358227,0.3267748572005715,-0.03046526523901875,0.45389789852963164,48.56056709443885,0.4923267841339112,0.4161060780286789,0.5577208280563355,0.443857941031456,748.5371398925781,323.1901788711548,797.0790100097656,321.84276580810547,687.4593353271484,321.25317335128784,636.2282180786133,318.41466665267944,478,0.5653940439224243,0.5277518630027771,1,-6.036942481994629,0.8140913947831674,0.6229469735720373,0.4039953691476834,0.30891761058994976,-0.026529415580885243,0.4830514285460329,51.30969201733548,-0.5074706077575684,0.92,4.269052505493164,-0.5699934959411621,-37.0358772277832,3.0095064640045166
0.9983050227165222,0.00469775777310133,0.058008745312690735,-0.009543463587760925,0.9964585304260254,0.08354203402996063,-0.05741084739565849,-0.08395402878522873,0.994814395904541,0.9999999403953552,0.16855011880397797,0.07643859833478928,0.5517262816429138,0.536543607711792,0.35612809658050537,0.008122280240058899,0.007523071486502886,0.36795130372047424,0.008348495699465275,0.007211447227746248,0.1949644237756729,0.1490839570760727,1,0.0888233624018454,1,0.5427516386752431,0.3223396268257415,-0.030328971300486555,0.4605231747162915,48.18653500039001,0.4921517193317413,0.41443571746349334,0.5578720390796661,0.4441018432378769,748.9100646972656,323.3613681793213,797.0849609375,322.3023462295532,687.2903442382812,321.29947900772095,636.2418746948242,318.4202241897583,478,0.5657203197479248,0.5296661257743835,1,-4.823854923248291,0.780426872793589,0.6551930890708396,0.4101476909585963,0.30911121217741944,-0.026833128544392366,0.4822429402516968,51.12960347135776,-0.5477118492126465,0.92,4.2433695793151855,-0.5189541578292847,-36.96342849731445,3.2912087440490723
0.9981492161750793,0.004326406866312027,0.060658831149339676,-0.010625353083014488,0.9945300817489624,0.10390809178352356,-0.059877485036849976,-0.10436028987169266,0.9927354454994202,0.9999997615814209,0.13360172510147095,0.07087652385234833,0.5523538589477539,0.5297701358795166,0.39147958159446716,0.006953079719096422,0.006582776550203562,0.4093586504459381,0.008488468825817108,0.007141517475247383,0.1913939118385315,0.13354948163032532,1,0.08897003861096758,1,0.5476399352166422,0.33437477774602115,-0.03150441755354817,0.4680901223914605,48.29014673170572,0.49121131300926213,0.41590083539485934,0.5575385868549347,0.4438860505819321,748.8002014160156,323.36817026138306,797.0684814453125,321.9150996208191,686.9799041748047,321.35754346847534,635.9718704223633,318.28092098236084,478,0.5663272738456726,0.5279852151870728,1,-6.001117706298828,0.7866577688214805,0.6112702992870342,0.4056755062965947,0.3125945041771511,-0.02717886980808641,0.4849772086354522,51.10073495865268,-0.6098936796188354,0.92,4.238208293914795,-0.5764089226722717,-36.962852478027344,3.4327802658081055
0.9984596371650696,0.0065894946455955505,0.05508992075920105,-0.012778019532561302,0.9935412406921387,0.11275012046098709,-0.0539911612868309,-0.11328039318323135,0.9920949935913086,0.9999999403953552,0.13182958960533142,0.06742696464061737,0.5547665357589722,0.5381557941436768,0.38383978605270386,0.007173410151153803,0.006923880893737078,0.39659181237220764,0.00848329346626997,0.0070035927928984165,0.1829107105731964,0.12695260345935822,1,0.08892072837460205,1,0.5458285336422455,0.3340909972352403,-0.030001847988261655,0.4737228721645395,48.08940020895588,0.49204501509666443,0.4173592358827591,0.5575496852397919,0.44409418404102324,748.7931060791016,323.4718322753906,796.8634796142578,322.11920499801636,686.9727325439453,321.4114451408386,636.1865234375,318.2802987098694,478,0.5655046701431274,0.5267349481582642,1,-6.513992786407471,0.8140412851706238,0.617131943599117,0.4044722954096578,0.31239060390115286,-0.026777154077847535,0.48533913903946796,50.88264059065258,-0.7332160472869873,0.92,4.276098251342773,-0.5875263810157776,-37.21487808227539,3.094970464706421
0.9986264705657959,0.00391874834895134,0.0522470586001873,-0.009291596710681915,0.9946386218070984,0.10299331694841385,-0.051563337445259094,-0.10333731770515442,0.993308961391449,1.0000003576278687,0.10928741097450256,0.06644589453935623,0.5693831443786621,0.550410270690918,0.3537715971469879,0.008348200470209122,0.00790530163794756,0.3637246787548065,0.008432467468082905,0.006553532090038061,0.16949814558029175,0.11769110709428787,1,0.08883581812460295,1,0.5422996257886876,0.3443755385980151,-0.0240506224919575,0.4899794747259704,48.45404316352438,0.4921813488006592,0.4170285135507584,0.5575623393058777,0.4436598688364029,748.4175109863281,322.70720958709717,796.8524169921875,321.3455271720886,686.9696807861328,320.8900451660156,636.1936569213867,318.2468891143799,478,0.5653809905052185,0.5266313552856445,1,-5.939309120178223,0.7945059093971292,0.6896245911173785,0.4061328486506014,0.3185457080393195,-0.023706475513784887,0.4916295184719022,50.844772332347524,-0.5330861210823059,0.92,4.250025749206543,-0.5533530116081238,-37.034446716308594,2.955672264099121
0.9984623789787292,0.0014285825891420245,0.0554167814552784,-0.00743532832711935,0.9940862059593201,0.10833830386400223,-0.054934293031692505,-0.10858377069234848,0.9925682544708252,1.0000003576278687,0.13125601410865784,0.0715118944644928,0.5629321336746216,0.5551209449768066,0.3370797336101532,0.009584633633494377,0.007914903573691845,0.34101760387420654,0.008539956994354725,0.006931249517947435,0.1804179698228836,0.11744173616170883,1,0.08802165395557117,1,0.544457226594831,0.3370661804074979,-0.02865552805786679,0.4796902737493515,48.18106069519077,0.49245667457580566,0.41746718883514405,0.5579479932785034,0.44391233921051027,748.6268615722656,323.0310273170471,796.7873382568359,321.62280321121216,687.3844909667969,321.2861967086792,637.0612716674805,318.8789677619934,478,0.5654913187026978,0.5264451503753662,1,-6.243147373199463,0.7938846593924085,0.5906811374015178,0.41245048651845245,0.31710619554152597,-0.029779466521494234,0.4828461445389531,50.38076172458704,-0.42666107416152954,0.92,4.2772345542907715,-0.5683156251907349,-37.18096923828125,3.149088144302368
0.9985892176628113,-0.00015877177065704018,0.053097568452358246,-0.005409470293670893,0.9944882988929749,0.10470794886350632,-0.052821528166532516,-0.1048474833369255,0.9930844902992249,1.0000001192092896,0.11996018886566162,0.06622482091188431,0.5194423198699951,0.5083363056182861,0.4060922861099243,0.007066052872687578,0.005276652052998543,0.43031784892082214,0.00982130691409111,0.007687186356633902,0.20906826853752136,0.11324441432952881,1,0.08747291454596158,1,0.5627577014764292,0.3344571144179739,-0.032994978457393596,0.46935968214695506,48.43141715275183,0.49154690504074094,0.41576078832149505,0.5569859504699707,0.4435689777135849,747.8408050537109,323.005793094635,796.2288665771484,320.9569716453552,686.8779754638672,321.675009727478,636.2590408325195,318.7036371231079,478,0.5654390454292297,0.5278081893920898,1,-6.026823997497559,0.8492502636741733,0.5835086019124636,0.40767581548683934,0.3181765633652545,-0.0304471853591682,0.4839022647591065,50.70607062737222,-0.3103746473789215,0.92,4.2721452713012695,-0.5640522837638855,-37.21599578857422,3.027859687805176
0.9985726475715637,0.00011520952102728188,0.053409136831760406,-0.005856109783053398,0.994204580783844,0.10734519362449646,-0.05308724194765091,-0.10750474780797958,0.9927862286567688,0.9999999403953552,0.10037440061569214,0.06467936187982559,0.5477665066719055,0.5366957783699036,0.38522228598594666,0.007926343008875847,0.005565537605434656,0.4123396575450897,0.008824639953672886,0.006623149383813143,0.19071324169635773,0.1022057831287384,1,0.08745548812887474,1,0.5596832367622725,0.34162404955594794,-0.027815754160076114,0.48557902004908743,48.631313690530654,0.4916584253311157,0.4175152599811554,0.5570338129997253,0.44364253878593446,747.6366424560547,322.60504961013794,796.2386322021484,320.9164810180664,686.7826843261719,321.5080261230469,635.9615325927734,318.71108293533325,478,0.5653753876686096,0.526127278804779,1,-6.180243492126465,0.8051234024204749,0.6343713061583495,0.41375737137287194,0.31980980835927075,-0.02718755999142419,0.48977039200036004,50.89805845811999,-0.33600613474845886,0.92,4.252612113952637,-0.5680649280548096,-37.12836837768555,3.043105125427246
0.9985464811325073,-0.0008821131195873022,0.05388989299535751,-0.004867796320468187,0.9943037033081055,0.10647296905517578,-0.05367683246731758,-0.10658054053783417,0.9928541779518127,1.0,0.10345610976219177,0.06267042458057404,0.5470072031021118,0.5412344336509705,0.3234310746192932,0.009115230292081833,0.00901036523282528,0.3351484537124634,0.008631723001599312,0.007384819909930229,0.16614854335784912,0.12980873882770538,1,0.08881454885277493,1,0.5283806932773465,0.34052862517796834,-0.02577154827301937,0.4884443972365424,49.06963403463653,0.4920244693756104,0.41707534790039064,0.5577053308486939,0.44318212270736695,747.6444244384766,322.6055860519409,796.6799163818359,320.7754182815552,686.9169616699219,321.003212928772,635.9557342529297,318.1926655769348,478,0.5656808614730835,0.5261067748069763,1,-6.127102375030518,0.6573245269138737,0.6271209548697702,0.4127253936304759,0.31411043653113274,-0.029191240734958813,0.48452853679435176,51.038670401621864,-0.2793079614639282,0.92,4.274238109588623,-0.5330673456192017,-37.189815521240234,3.076934576034546
0.9984679818153381,0.0038362618070095778,0.05519946292042732,-0.009629196487367153,0.9944186210632324,0.1050661951303482,-0.05448831617832184,-0.10543668270111084,0.9929320216178894,0.9999999403953552,0.11401400715112686,0.06786104291677475,0.5493055582046509,0.526308000087738,0.3731607496738434,0.00710270693525672,0.007233171258121729,0.3896494209766388,0.008670506998896599,0.007131607737392187,0.2012145072221756,0.11070605367422104,1,0.08916794280561828,1,0.5436728384482095,0.3371872388861203,-0.028789824282630026,0.4805918800394833,48.07883869337291,0.4916278660297394,0.4165957570075989,0.5577400267124176,0.44240331649780273,749.0955352783203,322.17031717300415,797.1506500244141,320.66012620925903,687.0634460449219,320.5486750602722,636.055908203125,317.24966526031494,478,0.5661121606826782,0.5258075594902039,1,-6.061364650726318,0.7933779732790056,0.5963389609841124,0.40648518776683773,0.3152271664573215,-0.028811319055299035,0.47411662873379257,51.11411138271683,-0.5525416731834412,0.92,4.283194065093994,-0.5056055784225464,-37.13985061645508,3.123497247695923
0.9980849027633667,0.006299551110714674,0.0615372359752655,-0.013085423968732357,0.9937898516654968,0.11050115525722504,-0.06045897305011749,-0.11109477281570435,0.991969108581543,0.9999997019767761,0.10363247245550156,0.06150044873356819,0.5623136758804321,0.5441986918449402,0.4098285436630249,0.005855069030076265,0.006621056701987982,0.4213715195655823,0.008278820663690567,0.006444190163165331,0.21047434210777283,0.09705032408237457,1,0.0898468660788246,1,0.5442495509334423,0.3394431790376416,-0.023983015130530513,0.4919272164439783,48.183775782,0.4913002848625183,0.41707683801651,0.558085024356842,0.4427220940589905,749.9388122558594,322.3319363594055,798.0953979492188,320.7134485244751,687.8236389160156,320.5947017669678,636.2904739379883,317.2264051437378,478,0.5667847394943237,0.5256452560424805,1,-6.39016580581665,0.7415031700105376,0.6245033648639066,0.3980058991646127,0.31583326868894834,-0.025849463905252234,0.48220824760589703,51.64312650196474,-0.7511350512504578,0.92,4.288174629211426,-0.5250236988067627,-37.090003967285156,3.4661574363708496
0.998002827167511,0.008575081825256348,0.0625854879617691,-0.015209960751235485,0.9942156076431274,0.10632028430700302,-0.061311762779951096,-0.10705985873937607,0.9923603534698486,0.9999999403953552,0.09098773449659348,0.041455935686826706,0.6073309779167175,0.6093219518661499,0.3899384140968323,0.0069619882851839066,0.007156582549214363,0.3905024230480194,0.005511672236025333,0.006124153733253479,0.09776419401168823,0.12177738547325134,1,0.09006071138804463,1,0.5368192344095565,0.3558870039937333,-0.013923341277083792,0.5088418730101053,48.41288912577361,0.4914018452167511,0.4197340071201324,0.5583955585956574,0.4449234068393707,749.9604797363281,324.50302362442017,798.3512115478516,323.03847312927246,687.7497863769531,321.2081980705261,636.356315612793,317.23140478134155,478,0.5669937133789062,0.5251893997192383,1,-6.157485485076904,0.7223527032575429,0.6931822404823886,0.40394515185097685,0.3185067589965659,-0.02244906407209124,0.49865505125000026,51.54710197629525,-0.8731428384780884,0.92,4.311713695526123,-0.5405633449554443,-37.18952560424805,3.5151097774505615
0.9979350566864014,0.007160107139497995,0.06383173912763596,-0.014314993284642696,0.9935657978057861,0.11234837770462036,-0.06261656433343887,-0.1130300983786583,0.9916165471076965,0.9999992251396179,0.06747747957706451,0.040236033499240875,0.5708391666412354,0.5536539554595947,0.31426775455474854,0.012250867672264576,0.0071078198961913586,0.3372623324394226,0.008139613084495068,0.0061312103644013405,0.14642474055290222,0.07939661294221878,1,0.08717939042376857,1,0.5521624788678728,0.36789325625581093,-0.02766897494782759,0.5047318689624952,47.532559254980434,0.4918425679206848,0.4182643532752991,0.5589242577552795,0.44303795099258425,749.9985504150391,322.7586007118225,797.5044250488281,321.16609811782837,687.9042053222656,320.57832956314087,637.7060699462891,317.0115280151367,478,0.5670816898345947,0.5247735977172852,1,-6.502832412719727,0.7465104024562431,0.5868034292877417,0.43627703204425555,0.34043409840963357,-0.02334662195204298,0.5068970421707574,50.32469442141068,-0.8218294382095337,0.92,4.306365013122559,-0.5391162037849426,-37.14801788330078,3.5900135040283203
0.9972602725028992,0.006886593531817198,0.07365149259567261,-0.015033695846796036,0.9937465190887451,0.11064263433218002,-0.07242898643016815,-0.11144676804542542,0.9911274909973145,0.9999998211860657,0.07291308790445328,0.04609711095690727,0.5757231712341309,0.5598138570785522,0.369182825088501,0.009197955951094627,0.0056448690593242645,0.39159873127937317,0.007555002812296152,0.00597889069467783,0.14367063343524933,0.09547572582960129,1,0.08718699137626226,1,0.5555596030776759,0.36531730093505366,-0.027620838987494813,0.5021413793614468,47.4388717155954,0.49121165871620176,0.41822183430194854,0.5588647782802582,0.44295823872089385,750.1161956787109,322.7449321746826,797.5334167480469,321.3118600845337,688.2884216308594,320.23670196533203,637.9095458984375,316.90314531326294,478,0.5676531195640564,0.5247364044189453,1,-6.415642261505127,0.7739585680371026,0.589178809784553,0.4292528935596924,0.3317059434884917,-0.022249343956424805,0.509335117457077,50.48904554570563,-0.8636682629585266,0.92,4.29434061050415,-0.5241769552230835,-37.1555061340332,4.153512001037598
0.997502326965332,0.009323305450379848,0.0700157880783081,-0.01737322099506855,0.9931833744049072,0.11526075750589371,-0.06846390664577484,-0.11618926376104355,0.990864634513855,0.9999995231628418,0.06934181600809097,0.04298572987318039,0.5899004340171814,0.5807044506072998,0.36704421043395996,0.009370914660394192,0.005805099382996559,0.3866857588291168,0.0071298349648714066,0.005671635270118713,0.1371215283870697,0.09327716380357742,1,0.08728366146341371,1,0.5546557750150501,0.36612746095940424,-0.021499926222265178,0.5096658265341064,47.869376790233446,0.49137746095657353,0.41881316900253296,0.5588137984275818,0.44356393814086914,749.8692321777344,323.0376362800598,797.7169036865234,321.5962600708008,688.2891845703125,320.55567026138306,637.739143371582,316.9516611099243,478,0.5674363374710083,0.5247507691383362,1,-6.687988758087158,0.705458540319484,0.5971075192725425,0.42890135691867215,0.33183218635639217,-0.019487134324663775,0.5162348063017859,50.67835383335278,-0.9978036880493164,0.92,4.29622220993042,-0.564546525478363,-37.135677337646484,3.9257636070251465
0.9983951449394226,0.010050342418253422,0.05573269724845886,-0.01687401719391346,0.9922194480895996,0.12335287034511566,-0.05405932292342186,-0.12409534305334091,0.9907966256141663,1.0,0.07170210033655167,0.050080131739377975,0.5905381441116333,0.5656501650810242,0.2223598062992096,0.018179401755332947,0.013940134085714817,0.24302242696285248,0.008223414421081543,0.0061182305216789246,0.15541855990886688,0.08873490989208221,1,0.08848452142808957,1,0.5247702069999475,0.36029889944911364,-0.024915597316674823,0.5063601414162255,48.07893953965357,0.4931632220745087,0.4192289233207703,0.5605216562747956,0.4430132031440735,751.3337707519531,322.5105929374695,799.3871307373047,320.9424662590027,688.951416015625,320.5722999572754,638.5568237304688,317.24788427352905,478,0.5673584342002869,0.5237842798233032,1,-7.13900899887085,0.5618689093222906,0.5873321391411864,0.44203325696106094,0.3331014369623948,-0.0237732111301,0.5087439353474036,50.50412529018274,-0.968271791934967,0.7,4.388377666473389,-0.5661855340003967,-37.2115478515625,3.098881483078003
0.9984477758407593,0.007014652714133263,0.0552527979016304,-0.013725358992815018,0.9924314618110657,0.1220298558473587,-0.053978629410266876,-0.122598797082901,0.990987241268158,0.9999999403953552,0.0906948670744896,0.05828701704740524,0.5574942827224731,0.5233008861541748,0.17597317695617676,0.02223508432507515,0.019472086802124977,0.19077295064926147,0.010169519111514091,0.006949294358491898,0.1972547173500061,0.0740823820233345,1,0.0882787754678321,1,0.5105898435095378,0.3496871783822106,-0.0324817602032874,0.4842699773068612,47.93895180257346,0.49328750371932983,0.41801621615886686,0.5604387521743774,0.44260861575603483,750.5077362060547,322.1139907836914,798.4236907958984,320.6292700767517,688.7123107910156,320.7397127151489,638.4758377075195,317.816641330719,478,0.5671512484550476,0.524592399597168,1,-7.0524444580078125,0.5361690430845364,0.5837823779421412,0.4453562138866837,0.33620039128101087,-0.029166650156904922,0.4879491460942529,50.321442490134785,-0.7875781059265137,0.7,4.370058059692383,-0.571442723274231,-37.23675537109375,3.0942513942718506
0.9982359409332275,0.010050307959318161,0.05851595103740692,-0.017154591158032417,0.9923568367958069,0.12220320105552673,-0.056840527802705765,-0.12299143522977829,0.9907786250114441,0.9999998211860657,0.08459476381540298,0.04965042695403099,0.5657263994216919,0.5445103645324707,0.2209566831588745,0.018596475943922997,0.012357579544186592,0.24634359776973724,0.008792413398623466,0.006774718873202801,0.16848960518836975,0.08902762830257416,1,0.08728344043133787,1,0.5310823327992376,0.3525395901739399,-0.027092271021564564,0.4977257559540685,48.42543218436485,0.4930683851242066,0.4186446875333786,0.5600095272064209,0.44318356215953825,750.0323486328125,322.82241582870483,798.4375,321.421058177948,688.7705230712891,320.7377600669861,638.4468460083008,317.2702646255493,478,0.5669411420822144,0.5245388746261597,1,-7.076276779174805,0.6632766131478488,0.6065674895129121,0.44673429923427926,0.33534232614239257,-0.02667682917854369,0.495679137086592,50.442997510826046,-0.9845256209373474,0.7,4.356290817260742,-0.5795697569847107,-37.258094787597656,3.2584784030914307
0.9976836442947388,0.014518747106194496,0.06645722687244415,-0.021972306072711945,0.9933704137802124,0.1128382757306099,-0.06437838077545166,-0.11403711885213852,0.9913884401321411,1.0000004768371582,0.09143184125423431,0.053970903158187866,0.5483599305152893,0.523237943649292,0.25383248925209045,0.015838000923395157,0.01030653528869152,0.2773023843765259,0.009793249890208244,0.007430728990584612,0.18346130847930908,0.10300689190626144,1,0.08747270300998401,1,0.5330574286845938,0.3520291451004113,-0.027958722835484014,0.4917438103209539,48.26512653955123,0.49269090294837947,0.4169029027223587,0.5598255217075347,0.4436309367418289,750.0864410400391,323.4486150741577,798.3326721191406,322.0981979370117,688.6494445800781,320.9300637245178,638.4090042114258,317.2949194908142,478,0.5671346187591553,0.5267280340194702,1,-6.561761379241943,0.6747915552766912,0.6078103442243027,0.4413173303458348,0.3317196569331913,-0.027850126782543175,0.49192470862921844,50.37177902493304,-1.2616392374038696,0.7,4.301206588745117,-0.5781503915786743,-37.11623764038086,3.691162109375
0.9973232746124268,0.015629485249519348,0.07142797857522964,-0.025030430406332016,0.9908428192138672,0.13268014788627625,-0.06870018690824509,-0.1341128796339035,0.9885818958282471,0.9999999403953552,0.09342919290065765,0.054212428629398346,0.5451009273529053,0.5195237398147583,0.19062823057174683,0.022144632413983345,0.01516452431678772,0.20672045648097992,0.009890025481581688,0.007821803912520409,0.1739518940448761,0.1138482317328453,1,0.08749443468321141,1,0.5205234454837371,0.35370889884704,-0.03100517948701846,0.5028099378915486,48.286826829413215,0.49324795603752136,0.41721213459968565,0.5603086650371552,0.44388574957847593,750.0832366943359,323.7159776687622,798.3640289306641,322.95259952545166,688.7549591064453,320.9438395500183,638.4539794921875,317.3175358772278,478,0.5670607089996338,0.5266736149787903,1,-7.7256879806518555,0.4864924527279435,0.5744848019938271,0.4521046469772622,0.33082143638978984,-0.029268369256809826,0.494456960976551,50.4315241548591,-1.437685251235962,0.7,4.273748397827148,-0.680816650390625,-37.04868698120117,3.93933367729187
0.9976580739021301,0.014919293113052845,0.06675130128860474,-0.023400092497467995,0.9914807677268982,0.12813377380371094,-0.06427096575498581,-0.12939566373825073,0.9895079731941223,1.0000003576278687,0.09763708710670471,0.05363769829273224,0.5482358932495117,0.5279533267021179,0.20519337058067322,0.020469827577471733,0.01378682255744934,0.22050902247428894,0.00950181856751442,0.007449053693562746,0.1710129678249359,0.10483300685882568,1,0.08755696405008931,1,0.5267780108359155,0.35114460712989487,-0.03144116573559733,0.4994937899304981,48.26503666344789,0.4932893216609955,0.4176304668188095,0.5603437721729279,0.4437440365552902,750.4804229736328,323.51891040802,798.7394714355469,322.75864362716675,688.934326171875,320.9416723251343,638.4996795654297,317.3369550704956,478,0.5670544505119324,0.5261135697364807,1,-7.450161457061768,0.5768005964489911,0.5810306900011686,0.44995116936089763,0.33025368794241605,-0.02911524514867999,0.494658378140889,50.56330255139632,-1.3436273336410522,0.7,4.299476146697998,-0.6488359570503235,-37.07340621948242,3.68499493598938
0.9980295300483704,0.011337168514728546,0.06171241030097008,-0.018777335062623024,0.9924318194389343,0.1213526651263237,-0.059869565069675446,-0.12227235734462738,0.990689218044281,0.9999998211860657,0.12578085064888,0.07051201164722443,0.5318542718887329,0.5106884241104126,0.19084744155406952,0.022886067628860474,0.01484582107514143,0.20204612612724304,0.00973923597484827,0.008228342980146408,0.17136193811893463,0.12895947694778442,1,0.08724458252029461,1,0.525081904885087,0.3416353339247795,-0.03651538346990737,0.4771768384348866,48.27379798350457,0.4933446407318115,0.41799010932445524,0.5602361917495727,0.44282968938350675,750.0572204589844,322.92635679244995,798.3270263671875,322.305543422699,688.9344787597656,320.4623508453369,638.5028839111328,317.2550940513611,478,0.5668915510177612,0.5248395800590515,1,-7.035949230194092,0.5553843557225688,0.5626026336525166,0.4509064350215735,0.3217083481584965,-0.03492496247358826,0.4753875131780438,50.533476579592445,-1.0778589248657227,0.7,4.313539028167725,-0.6071028113365173,-37.08784103393555,3.432325601577759
0.998413622379303,0.010779120028018951,0.05526353418827057,-0.01732906512916088,0.9926888942718506,0.11945036798715591,-0.053571924567222595,-0.12021853029727936,0.9913009405136108,1.0,0.1466003656387329,0.08814787119626999,0.561161994934082,0.5399191379547119,0.2225196212530136,0.018433261662721634,0.012820946983993053,0.24105586111545563,0.008998098783195019,0.007231401279568672,0.17679177224636078,0.12750056385993958,1,0.08794940879523758,1,0.5319764051384853,0.3347965762536512,-0.036746812985390793,0.4661092781454939,47.51071835883996,0.49334024190902714,0.4184472769498825,0.5599462270736695,0.44323810040950773,750.8293151855469,322.98375606536865,798.3351135253906,322.30002880096436,688.1011199951172,320.8092999458313,638.3919525146484,317.65581607818604,478,0.5666059851646423,0.5247908234596252,1,-6.914692401885986,0.729142450310241,0.5572646731865702,0.4430400376423224,0.3141971137489927,-0.03189070670278174,0.4701765523973441,49.80909346900833,-0.9943600296974182,0.7,4.333555221557617,-0.5934255123138428,-37.11343765258789,3.0709152221679688
0.9984720349311829,0.0051584201864898205,0.05501686781644821,-0.01064325775951147,0.9949433207511902,0.09987291693687439,-0.05422347038984299,-0.10030588507652283,0.993478000164032,1.0000001192092896,0.13823162019252777,0.07336509972810745,0.5714618563652039,0.5592049360275269,0.19460660219192505,0.020358474925160408,0.015081876888871193,0.2055676132440567,0.008296806365251541,0.006561708636581898,0.17450079321861267,0.11148155480623245,1,0.08791817341124672,1,0.5235104404826144,0.33684748984993135,-0.0274148464639431,0.4820527448037,47.92168418226689,0.49329908490180974,0.4177326291799545,0.5598561942577363,0.44233867824077605,750.0942993164062,321.57235622406006,798.0143737792969,321.1795735359192,688.0818176269531,319.6285057067871,637.9090118408203,317.4530625343323,478,0.5665571093559265,0.5246060490608215,1,-5.765295028686523,0.562858648767426,0.6393825133607439,0.4475211720250826,0.3200270259223265,-0.027631693159279377,0.47880006436399086,50.219946172313065,-0.6107237935066223,0.7,4.3154826164245605,-0.48231425881385803,-37.07131576538086,3.10830020904541
0.9982094168663025,0.014144347049295902,0.058120377361774445,-0.020125482231378555,0.9944102168083191,0.10364978760480881,-0.05632944032549858,-0.1046338826417923,0.9929142594337463,0.9999993443489075,0.26405563950538635,0.1823873668909073,0.667479395866394,0.6708850860595703,0.12270348519086838,0.050712358206510544,0.03109208308160305,0.08365069329738617,0.005596935283392668,0.004149538930505514,0.18511724472045898,0.23711973428726196,1,0.08541261432963285,1,0.5139262936307541,0.28465309369735936,-0.004037861880800639,0.4866542163417346,47.79094310779926,0.4944981634616852,0.420352840423584,0.5609796941280365,0.44669785499572756,749.5158386230469,323.903067111969,797.3041534423828,324.4042754173279,689.2729187011719,321.069130897522,639.55810546875,319.17529821395874,478,0.5664815306663513,0.5263450145721436,1,-6.015659809112549,0.5110853044695324,0.6840226607308417,0.4813183091410731,0.2619642595812239,-0.011779502429314517,0.46224802204329746,49.750871922685164,-1.1550170183181763,0.7,4.337015628814697,-0.5650197863578796,-37.359859466552734,3.2291483879089355
0.9981833100318909,0.01569255255162716,0.05817060172557831,-0.022324278950691223,0.993094801902771,0.11517027020454407,-0.05596160516142845,-0.11625965684652328,0.991641104221344,0.9999998211860657,0.5232475996017456,0.4558066725730896,0.8386887311935425,0.8258198499679565,0.10572964698076248,0.07012117654085159,0.04533655568957329,0.06029240041971207,0.002511941595003009,0.0013594888150691986,0.23707294464111328,0.24747978150844574,1,0.08548967458342877,1,0.5114182612203328,0.17640873841215451,0.02697476303117562,0.4450022390063892,48.44338128377236,0.49473184943199155,0.42550191581249236,0.5611727893352508,0.45195338428020476,749.4490051269531,325.12216329574585,797.8453063964844,327.2573947906494,689.2510223388672,322.22705125808716,638.0898284912109,322.4223589897156,478,0.5664409399032593,0.5264514684677124,1,-6.6868109703063965,0.40299613606525114,0.6102435905887361,0.5000229234751125,0.1491954116455359,0.02602718345615934,0.3830495001388215,51.161566640690516,-1.2812012434005737,0.7,4.3529229164123535,-0.6609908938407898,-37.58185577392578,3.2080395221710205
0.9982085227966309,0.015179247595369816,0.057871948927640915,-0.02227996289730072,0.9920194745063782,0.12410066276788712,-0.05552635341882706,-0.12516772747039795,0.9905806183815002,0.9999995827674866,0.4296484589576721,0.42585042119026184,0.84169602394104,0.8237508535385132,0.127064049243927,0.04542005807161331,0.030873378738760948,0.1167137399315834,0.0026857468765228987,0.0014231681125238538,0.2652001678943634,0.23830901086330414,1,0.08650075560352759,1,0.5144656959627258,0.19992107963845782,0.02361094738946449,0.5443743916140166,47.6692162052193,0.49383461475372314,0.42570711970329284,0.5602710843086243,0.4515180170536041,749.4462585449219,325.0646138191223,797.0845794677734,326.78058385849,688.3268737792969,322.33513355255127,637.9829025268555,321.94037675857544,478,0.5664364695549011,0.5258108973503113,1,-7.201610088348389,0.5069432577566266,0.6399548300023459,0.4747387238765887,0.1659086479813742,0.026019629538244785,0.4262081127486237,50.34551891175348,-1.2786264419555664,0.7,4.330382347106934,-0.6940671801567078,-37.47998809814453,3.1830625534057617
0.9985215663909912,0.00839436799287796,0.053704634308815,-0.01444387435913086,0.9934594035148621,0.11326869577169418,-0.0524025522172451,-0.11387694627046585,0.99211186170578,0.9999995827674866,0.1806873083114624,0.1735438108444214,0.6795153617858887,0.6585034728050232,0.17325587570667267,0.02662588283419609,0.01950795017182827,0.17803829908370972,0.007000582292675972,0.00371302361600101,0.22538961470127106,0.16911433637142181,1,0.08669031925197984,1,0.5146086928062245,0.30272539184983815,-0.01078926644537296,0.4874129680691601,47.95386032502021,0.4934786677360534,0.42087218463420867,0.5596033453941345,0.4467085927724838,748.5515594482422,323.42129945755005,796.5029144287109,322.9311203956604,688.2917022705078,321.9836139678955,638.0135345458984,319.9422812461853,478,0.566124677658081,0.5258364081382751,1,-6.54788875579834,0.5768814667489464,0.667438110386348,0.4546123570754335,0.2733374273679784,-0.0014474800070661444,0.48667937576526404,50.31959051031035,-0.8287405371665955,0.7,4.32176399230957,-0.6133751273155212,-37.332645416259766,3.0038206577301025
0.9984622001647949,0.00929614994674921,0.05465197190642357,-0.014848542399704456,0.9946648478507996,0.10208521038293839,-0.05341137573122978,-0.10273971408605576,0.9932732582092285,1.0000004768371582,0.18917955458164215,0.10615438222885132,0.6336550712585449,0.6189385652542114,0.19206392765045166,0.022004490718245506,0.015551632270216942,0.20966008305549622,0.007089208345860243,0.005026801954954863,0.2490277886390686,0.15318536758422852,1,0.08710965765431299,1,0.5266595349983477,0.2963871694412359,-0.0182769667587956,0.4939756007615138,47.7357054764121,0.49358904361724854,0.41900050044059756,0.5598233342170715,0.44402497410774233,749.7734069824219,322.35483169555664,797.5076293945312,321.9785499572754,688.3279418945312,320.51552295684814,638.0198287963867,317.99190759658813,478,0.566234290599823,0.5250244736671448,1,-5.905416011810303,0.6311959927622128,0.7208124540259399,0.45397898759917243,0.29473940132800985,-0.017094278572522784,0.49638591406913674,50.371369626832504,-0.8520063161849976,0.7,4.325528144836426,-0.5047147274017334,-37.23050308227539,3.0617032051086426
0.998526930809021,0.007142503280192614,0.05378583073616028,-0.012631411664187908,0.9946616291999817,0.10241419076919556,-0.052767202258110046,-0.10294272005558014,0.9932866096496582,0.9999997019767761,0.16887961328029633,0.1037045419216156,0.6098809242248535,0.601325273513794,0.18325401842594147,0.021949492394924164,0.0179694052785635,0.19088371098041534,0.007727011106908321,0.005602652207016945,0.22713053226470947,0.15368808805942535,1,0.08810651605604462,1,0.5183952850811402,0.3084876356292155,-0.019761938443487732,0.48451216231527333,47.750613186878226,0.49380606412887573,0.4184946835041046,0.5600457787513733,0.4435755431652069,750.3205871582031,322.30541467666626,798.0586242675781,321.20957136154175,688.0664825439453,320.5163598060608,637.9044342041016,317.8327989578247,478,0.5662397146224976,0.5250808596611023,1,-5.916923522949219,0.5891318064356369,0.7082034608430628,0.4503700498330087,0.2946473352790637,-0.018988421480820576,0.4875288254585402,50.23377939768691,-0.7247555255889893,0.7,4.328908920288086,-0.5039907693862915,-37.18169403076172,3.024742603302002
0.9982429146766663,0.009245183318853378,0.05852853134274483,-0.015313961543142796,0.9944482445716858,0.10410644114017487,-0.05724111199378967,-0.10481981188058853,0.9928424954414368,1.0000001192092896,0.1494804173707962,0.08389674872159958,0.6151899099349976,0.5893824100494385,0.25866249203681946,0.014472207985818386,0.012054432183504105,0.2637743353843689,0.007588110398501158,0.0051700659096241,0.23449914157390594,0.11787652224302292,1,0.08803511307961961,1,0.526522104097567,0.3193928705899412,-0.01991545211321984,0.4964131190592781,47.904411888309504,0.49268161654472353,0.4189677953720093,0.5598342955112457,0.44354815483093263,750.3071594238281,322.3586940765381,798.2000732421875,321.3091778755188,688.6476135253906,320.52640199661255,637.9178619384766,317.7741765975952,478,0.5671526789665222,0.5245803594589233,1,-6.026702880859375,0.64202753591198,0.6868749116278422,0.4404338572209909,0.3047381245757,-0.019862452083975687,0.50343878463374,50.80435454583213,-0.8789008259773254,0.7,4.323040962219238,-0.5173389911651611,-37.084266662597656,3.2814674377441406
0.9983212351799011,0.011343531310558319,0.056798383593559265,-0.01665285974740982,0.9954428672790527,0.09389465302228928,-0.055474452674388885,-0.09468287974596024,0.9939606189727783,0.9999998211860657,0.11937402933835983,0.09873687475919724,0.5659297108650208,0.537407398223877,0.09488826990127563,0.049599550664424896,0.039885345846414566,0.07851464301347733,0.009588440880179405,0.006644425448030233,0.1989521086215973,0.14521446824073792,1,0.0874648861129154,1,0.5029697014829477,0.3371143768406756,-0.027662937026697726,0.4931361176977127,48.04494798545604,0.49522151947021487,0.41771351397037504,0.5623896360397339,0.44187425673007963,752.0638275146484,321.70520067214966,800.0899505615234,320.36038398742676,689.8600769042969,320.05950450897217,640.0233459472656,316.54799938201904,478,0.567168116569519,0.5241607427597046,1,-5.441472053527832,0.43965386158077735,0.6219580328398484,0.4786318483647831,0.31061340824672157,-0.02972459041814718,0.4766964557277117,49.96028843831924,-0.9556543827056885,0.5,4.362425804138184,-0.44171392917633057,-36.996856689453125,3.180084228515625
0.9984216094017029,0.015276654623448849,0.054045435041189194,-0.020865490660071373,0.9943156838417053,0.10440730303525925,-0.05214323475956917,-0.10537023842334747,0.9930649995803833,1.0000003576278687,0.10256990790367126,0.08868585526943207,0.5717501640319824,0.5428323745727539,0.09087947756052017,0.05344012379646301,0.04217944294214249,0.07518640905618668,0.00907172542065382,0.006807511672377586,0.1698991358280182,0.14514732360839844,1,0.08744215682945579,1,0.49836160742203556,0.3428689426448252,-0.027435398052826312,0.49426484717111246,48.32072966394922,0.495395439863205,0.4181800127029419,0.5623704373836518,0.44225200414657595,751.6520690917969,322.2928833961487,799.9546051025391,320.967013835907,689.6427154541016,320.21633863449097,639.8808670043945,316.4029884338379,478,0.5669749975204468,0.524071991443634,1,-6.05676794052124,0.44176495513905034,0.6096131553293643,0.48187765873763416,0.3115339401951645,-0.030997719445608623,0.47503280598042313,49.907746903504325,-1.1972200870513916,0.5,4.381356239318848,-0.47783395648002625,-37.14652633666992,2.9889426231384277
0.9982126355171204,0.009878436103463173,0.05894006788730621,-0.017301246523857117,0.9917784333229065,0.12679150700569153,-0.05720299854874611,-0.12758463621139526,0.9901767373085022,1.0,0.09994901716709137,0.08211395144462585,0.5677981376647949,0.5498062372207642,0.08470240980386734,0.05823216959834099,0.04567022994160652,0.07319694757461548,0.00993428472429514,0.006974803749471903,0.18033136427402496,0.12172936648130417,1,0.08761573556755883,1,0.49359415084344127,0.34347830559625303,-0.027440626021616763,0.49318758909589366,48.34055107149772,0.49514594078063967,0.4183433622121811,0.5624916195869446,0.44278859794139863,751.6925811767578,322.3112726211548,800.0144958496094,320.96909523010254,689.9370574951172,320.62175989151,639.8709106445312,317.41501808166504,478,0.5673456788063049,0.5244452357292175,1,-7.342127799987793,0.38755577266226754,0.605208833278297,0.480317917898558,0.3169601676308529,-0.02979709199160312,0.4762059351975595,50.168737811507484,-0.9929639101028442,0.5,4.383195400238037,-0.5836043357849121,-37.1423225402832,3.279280424118042
0.998105525970459,0.009839615784585476,0.060733236372470856,-0.01731688156723976,0.992150068283081,0.12384826689958572,-0.059037867933511734,-0.12466534227132797,0.990440845489502,1.0000001192092896,0.08458797633647919,0.05769355967640877,0.5222587585449219,0.5108391046524048,0.09717073291540146,0.055727459490299225,0.04154554754495621,0.07406744360923767,0.011049267835915089,0.008145570755004883,0.15880610048770905,0.09813794493675232,1,0.08728774058994633,1,0.5004284074702956,0.35703277182922405,-0.0357510211917848,0.4962244710139492,48.04240529543318,0.4950149655342102,0.4175092697143555,0.5626420378684998,0.44178606271743776,752.1619415283203,322.025306224823,800.1863098144531,320.7089638710022,690.0038146972656,320.25991916656494,639.9776458740234,317.09072828292847,478,0.5676270723342896,0.5242767930030823,1,-7.174008369445801,0.37176349870309444,0.5399592420994125,0.48606061840046993,0.33467677391471057,-0.03937470105104424,0.4834628091766488,50.12645347607095,-0.9939677119255066,0.5,4.400895118713379,-0.5448077917098999,-37.20631790161133,3.3845887184143066
0.9982956647872925,0.009082091972231865,0.057647671550512314,-0.015642741695046425,0.9933119416236877,0.11439718306064606,-0.05622315779328346,-0.11510398983955383,0.9917610883712769,1.0,0.08688350021839142,0.05786687880754471,0.5164641737937927,0.49081453680992126,0.09231238067150116,0.056429605931043625,0.041395578533411026,0.07286882400512695,0.011977406218647957,0.008613263256847858,0.1732342690229416,0.1045394316315651,1,0.08729972928338811,1,0.5012546744162556,0.35471684851812624,-0.03515235168735732,0.4961288232989729,48.256715306288505,0.4951308190822601,0.4176050007343292,0.5626217544078826,0.4418147385120392,752.0770263671875,322.01077938079834,800.3160095214844,320.7026982307434,690.4541778564453,320.25017738342285,639.927978515625,317.0753860473633,478,0.5674909353256226,0.52420973777771,1,-6.62014102935791,0.420739519940602,0.5466412407395095,0.4816810404992485,0.33214495086462037,-0.0379538457240979,0.4842034992013411,50.62584438759596,-0.89771968126297,0.5,4.407166481018066,-0.5206171870231628,-37.178550720214844,3.2230491638183594
0.9983682036399841,0.007892065681517124,0.05655711889266968,-0.014049002900719643,0.9939087629318237,0.10930690169334412,-0.05534996837377548,-0.1099230945110321,0.9923977255821228,1.0000001192092896,0.08648030459880829,0.05693691596388817,0.5943317413330078,0.5752865076065063,0.09466790407896042,0.054995808750391006,0.04222041741013527,0.07351692020893097,0.008954094722867012,0.005479552783071995,0.1614973545074463,0.09063860028982162,1,0.08723956758976384,1,0.5016548588288148,0.35114587210467046,-0.027701708731581755,0.5031004724385971,48.51783653674068,0.49523864388465877,0.4187978535890579,0.5627238571643829,0.4426474004983902,752.0667266845703,322.00204610824585,800.5575561523438,320.3834295272827,690.9178161621094,320.34021377563477,639.9757766723633,317.27041482925415,478,0.5674852132797241,0.5238495469093323,1,-6.320611000061035,0.43227838877430186,0.6555696438353621,0.4810021107617306,0.32442849638370175,-0.02010074793016538,0.5080673405357942,51.03444966929808,-0.806210994720459,0.5,4.424005508422852,-0.48071610927581787,-37.23040008544922,3.172940969467163
0.9982829689979553,0.011968154460191727,0.05733969435095787,-0.018825992941856384,0.9925229549407959,0.12059710174798965,-0.055467650294303894,-0.12146949023008347,0.9910441040992737,1.0000001192092896,0.10274480283260345,0.07294999063014984,0.5992840528488159,0.5786159038543701,0.10030005127191544,0.05232573300600052,0.03984394297003746,0.07838049530982971,0.00865983683615923,0.005311986897140741,0.18705925345420837,0.11090445518493652,1,0.08717916453795851,1,0.5030930485261494,0.33616832242926753,-0.02492204317732127,0.49261205495144333,48.614108231216726,0.49516468644142153,0.4185608834028244,0.5625314056873322,0.44262792766094206,751.8048858642578,322.15933084487915,800.3879547119141,320.4223966598511,690.4209899902344,320.3559637069702,639.8286056518555,316.66784048080444,478,0.5673667192459106,0.5240670442581177,1,-6.987729549407959,0.39350135219004323,0.6526606415576957,0.4831655347385961,0.31541657618327873,-0.01922999001890841,0.5046451752340335,50.726636061097956,-1.0803771018981934,0.5,4.411246299743652,-0.5185972452163696,-37.24066162109375,3.179694175720215
0.998071014881134,0.014031967148184776,0.06047507002949715,-0.021678246557712555,0.9915758371353149,0.12770000100135803,-0.05817373842000961,-0.12876468896865845,0.989967405796051,1.0000001192092896,0.09233786910772324,0.060603607445955276,0.5931035280227661,0.5694477558135986,0.09676320105791092,0.0488208644092083,0.03797062113881111,0.08754252642393112,0.008281538262963295,0.005963527597486973,0.16932451725006104,0.09795375168323517,1,0.08723001721145866,1,0.49930311832504354,0.3449926337675166,-0.026055946425327377,0.4954462131804126,48.593107399404325,0.4947003602981568,0.41988308131694796,0.5626665234565735,0.4423015803098679,751.8028259277344,322.158579826355,800.3833770751953,321.05398178100586,690.8213806152344,319.74414110183716,640.0086212158203,316.30621433258057,478,0.5679661631584167,0.5224184989929199,1,-7.410834312438965,0.39540092482107536,0.6221696759191286,0.4803997802294021,0.32557878045838723,-0.02415585128894619,0.49625769086639787,50.92892948369689,-1.244277000427246,0.5,4.412387847900391,-0.5595996975898743,-37.17445373535156,3.3349924087524414
0.9981732964515686,0.014643060974776745,0.05861438438296318,-0.021200625225901604,0.9933837652206421,0.11286849528551102,-0.056573834270238876,-0.11390499025583267,0.9918795824050903,1.0000001192092896,0.08057738095521927,0.0567941777408123,0.5998392105102539,0.567458987236023,0.10014449805021286,0.05124952644109726,0.03782470524311066,0.08044902235269547,0.008668162859976292,0.005493336357176304,0.17837847769260406,0.09444192796945572,1,0.08705922315371187,1,0.5033045538871348,0.3486305217071419,-0.021010161439796213,0.5057390528667955,48.532536007912235,0.4947816073894501,0.41961787045001986,0.5627831161022187,0.443068066239357,752.0741271972656,322.5155282020569,800.5865478515625,321.1183547973633,690.8267974853516,320.234899520874,640.2717590332031,316.63007497787476,478,0.5680015087127686,0.5234501957893372,1,-6.5510077476501465,0.41000319160369275,0.6295638890677149,0.4829402844652922,0.32847556252907745,-0.019574203310281892,0.5082627311896349,50.6833964231422,-1.216746211051941,0.5,4.425187587738037,-0.5139474272727966,-37.160064697265625,3.243173360824585
0.9980531930923462,0.01468572299927473,0.06061432883143425,-0.021471625193953514,0.9933781027793884,0.1128668561577797,-0.058555424213409424,-0.11394862085580826,0.9917594790458679,1.0000004768371582,0.08669956028461456,0.05769962817430496,0.5740137696266174,0.5452438592910767,0.08078037202358246,0.062122590839862823,0.049719106405973434,0.06225588172674179,0.00967297051101923,0.006319598760455847,0.17817267775535583,0.09123290330171585,1,0.08768860011234042,1,0.4953802909759907,0.35196104062967354,-0.026612874760947907,0.5021735413749289,47.95655857549693,0.49513276219367985,0.4191602677106857,0.563071209192276,0.44280721843242643,752.7528381347656,322.51615047454834,800.6944274902344,321.3180184364319,690.2032470703125,320.311975479126,639.7404861450195,316.6637635231018,478,0.5679384469985962,0.5236469507217407,1,-6.554282188415527,0.3671231415403375,0.596747014754023,0.4932494445448985,0.3317420118363808,-0.025926294600490504,0.4987252634271693,50.594463044690386,-1.2324429750442505,0.5,4.392551422119141,-0.5333596467971802,-37.0319938659668,3.356898546218872
0.9979762434959412,0.01248140074312687,0.06235096976161003,-0.019694995135068893,0.9930006265640259,0.11645524203777313,-0.060461029410362244,-0.11744754761457443,0.9912368655204773,0.9999998211860657,0.07592172175645828,0.04474150761961937,0.5708976984024048,0.5558661222457886,0.08661260455846786,0.05682595074176788,0.04556150361895561,0.07130222022533417,0.009019567631185055,0.006497152615338564,0.16261981427669525,0.0842391699552536,1,0.08779378331365248,1,0.4993653865711321,0.35615075445122024,-0.025388863464826595,0.5045646727398695,48.051268242800305,0.4950593829154968,0.4194246560335159,0.5631376028060913,0.4432681828737259,753.0626678466797,323.0221223831177,801.0845184326172,321.34097814559937,690.4617309570312,320.8275818824768,640.0118255615234,316.7973589897156,478,0.5680782198905945,0.52384352684021,1,-6.757235050201416,0.37722975222256505,0.5920837319988005,0.48810634216411447,0.3372668872082304,-0.02542860532066565,0.5011215914877705,50.610627847145366,-1.1305816173553467,0.5,4.414545059204102,-0.563576340675354,-37.10386657714844,3.466275453567505
0.997971773147583,0.01235820259898901,0.06244757026433945,-0.020417924970388412,0.991287350654602,0.13012488186359406,-0.06029538810253143,-0.1311359703540802,0.9895291328430176,1.0000001192092896,0.08597153425216675,0.061456914991140366,0.5719804763793945,0.5624799728393555,0.09180592745542526,0.05937498062849045,0.046616025269031525,0.06507229804992676,0.00903438962996006,0.0063290661200881,0.15516850352287292,0.10403340309858322,1,0.08742412856040417,1,0.5021594869091799,0.35172310557289965,-0.02603621458403661,0.5000335660294729,48.126137362730425,0.4952244579792022,0.41962355077266694,0.5632811605930328,0.4433910816907883,753.1129455566406,323.10821056365967,801.2066650390625,321.34207248687744,690.5816650390625,320.98984479904175,640.3135681152344,317.03015327453613,478,0.5680567026138306,0.5237675309181213,1,-7.549054145812988,0.36899992831459083,0.5945159825123454,0.4921144033359155,0.32327849919187757,-0.026697535434811407,0.4864448027766815,50.4238110956864,-1.1720749139785767,0.5,4.426340103149414,-0.6092215776443481,-37.158809661865234,3.4567677974700928
0.9979677796363831,0.012445652857422829,0.06249367445707321,-0.018791183829307556,0.9946067333221436,0.10200173407793045,-0.0608871765434742,-0.10296875983476639,0.9928193092346191,1.0000001192092896,0.10873225331306458,0.06813248246908188,0.5538513660430908,0.5277365446090698,0.08637114614248276,0.05665326863527298,0.04533984512090683,0.06745488196611404,0.010581023059785366,0.007126356475055218,0.24212975800037384,0.12237638235092163,1,0.0868322963753715,1,0.4911370219316584,0.32522729034087733,-0.022837610637855048,0.4996287759774437,49.40125602156085,0.4949810206890106,0.4161569893360138,0.5630257427692413,0.44319913983345033,751.2111663818359,322.6407551765442,800.5934143066406,321.27046823501587,691.2014007568359,320.79378604888916,640.3925323486328,316.98341846466064,478,0.5680447220802307,0.5270421504974365,1,-5.921175003051758,0.3952529327072422,0.6670210510238949,0.4865657855801769,0.3138310844424375,-0.025502471118418732,0.4843642260203566,50.951545709143545,-1.0787204504013062,0.5,4.425323009490967,-0.5098182559013367,-37.244937896728516,3.490737199783325
0.9980595707893372,0.01135457307100296,0.061222802847623825,-0.017797425389289856,0.9942343831062317,0.10574135184288025,-0.05966916307806969,-0.1066257581114769,0.9925071597099304,1.0000001192092896,0.10216690599918365,0.06325913220643997,0.5787962675094604,0.5635061264038086,0.08432400971651077,0.05590717867016792,0.04652440547943115,0.07075773179531097,0.008556727319955826,0.0063393269665539265,0.19942991435527802,0.11491931229829788,1,0.08678940548196598,1,0.4915239092619087,0.33338772134627437,-0.021315895793473122,0.498359518167735,49.14154101386531,0.49508142471313477,0.41777764856815336,0.5630030035972595,0.4432813435792923,751.3011169433594,322.62210845947266,800.4244232177734,321.2835144996643,691.2406921386719,320.7248854637146,640.4068756103516,317.02345848083496,478,0.5679215788841248,0.5255036950111389,1,-6.131808757781982,0.4041353252100857,0.6638008440627071,0.48613281767309646,0.31746268936301963,-0.02457059850582768,0.48648155823117106,50.968396724308064,-1.0215915441513062,0.5,4.424116611480713,-0.5234125852584839,-37.25330352783203,3.420823097229004
0.9979720711708069,0.014542986638844013,0.06196973845362663,-0.02103445492684841,0.9942048788070679,0.10542386025190353,-0.06007743999361992,-0.10651357471942902,0.9924945831298828,0.9999995827674866,0.1016710102558136,0.061822280287742615,0.5577844381332397,0.5546602010726929,0.09721794724464417,0.053959935903549194,0.039664752781391144,0.07470203936100006,0.01015742588788271,0.006747075356543064,0.22771278023719788,0.11754151433706284,1,0.08662933355653589,1,0.5036298313336532,0.3361291421154415,-0.019789293484191485,0.5096428373507486,48.76888690968754,0.4950447261333466,0.41762871146202085,0.5628377974033356,0.4435252010822296,751.7694854736328,322.9479646682739,800.5119323730469,321.34228706359863,690.9574127197266,320.81395626068115,640.4052734375,316.9665741920471,478,0.567793071269989,0.5258964896202087,1,-6.125483512878418,0.3986874493487233,0.6882495100808664,0.4867668033910353,0.3202590236360151,-0.023514055845062273,0.49295935996938556,50.698334636288365,-1.2074556350708008,0.5,4.402023792266846,-0.5386435985565186,-37.188629150390625,3.4442574977874756
0.9974567890167236,0.017660636454820633,0.06905066967010498,-0.02424795739352703,0.9951094388961792,0.09575610607862473,-0.06702186912298203,-0.09718691557645798,0.9930068850517273,0.9999998211860657,0.06726080924272537,0.05152178928256035,0.5699780583381653,0.5698835849761963,0.12918426096439362,0.043135080486536026,0.026382962241768837,0.10419696569442749,0.008768445812165737,0.00647863419726491,0.16040165722370148,0.11582781374454498,1,0.0869342187181988,1,0.5165781744216263,0.3629040358187907,-0.017629957636346547,0.5192312622325381,47.872184536180356,0.4939136266708374,0.41811075806617737,0.5629334211349487,0.4441981017589569,753.1452941894531,323.9620113372803,800.9751892089844,321.95024728775024,690.9608459472656,320.97379446029663,640.4164123535156,316.8586206436157,478,0.5690197944641113,0.5260873436927795,1,-5.5898118019104,0.4255317410610409,0.6603455179679073,0.48536288858286203,0.32465027477576774,-0.02382398446702458,0.500603358101691,50.71167935452269,-1.392573595046997,0.5,4.390442371368408,-0.5151837468147278,-37.06324005126953,3.8429505825042725
0.9981488585472107,0.01707405224442482,0.0583721287548542,-0.023741208016872406,0.9930229783058167,0.11550600081682205,-0.05599270015954971,-0.11667801439762115,0.9915902018547058,1.000000238418579,0.07190895080566406,0.05596151947975159,0.5942091941833496,0.5806700587272644,0.09287412464618683,0.05916256457567215,0.044086385518312454,0.06247729808092117,0.007572104688733816,0.006151458248496056,0.14133712649345398,0.12298353016376495,1,0.08698848107673776,1,0.5068433430544369,0.354200888805752,-0.018186686083394934,0.5164023679888653,48.551948462620956,0.49521659612655644,0.4200919508934021,0.5628595232963562,0.44415476322174074,752.2929382324219,323.94463062286377,800.8036804199219,321.9447326660156,690.61279296875,321.0217308998108,639.9072265625,316.87186002731323,478,0.5676429271697998,0.5240628123283386,1,-6.710996150970459,0.4226916849066028,0.5944729893957857,0.4913208949797689,0.3214660115807327,-0.02467593237473557,0.4941431185586096,50.87510091330318,-1.3625367879867554,0.5,4.3993353843688965,-0.570950448513031,-37.15079879760742,3.2098238468170166
0.9981319308280945,0.010487770661711693,0.06018833443522453,-0.016937024891376495,0.9940431714057922,0.10766362398862839,-0.058700647205114365,-0.10848192125558853,0.9923638105392456,0.9999997019767761,0.07354342192411423,0.04901039972901344,0.5698455572128296,0.5565073490142822,0.06994014978408813,0.11040465533733368,0.07578372210264206,0.02452421560883522,0.008636984042823315,0.005451580043882132,0.15851235389709473,0.09012970328330994,1,0.08527185332072595,1,0.4983745670380587,0.3575270338725701,-0.021919430251399342,0.5084192316471206,48.73276014259709,0.4960816502571106,0.4185025542974472,0.5636772513389587,0.44259946048259735,751.7860412597656,322.0760750770569,800.4868316650391,320.31116008758545,691.1362457275391,319.9749183654785,640.4574584960938,316.7879605293274,478,0.5675956010818481,0.5240969061851501,1,-6.238612174987793,0.3519875666486038,0.6381087070983699,0.5236708175968997,0.3370588539568194,-0.020851090371818277,0.5014148781402944,50.77889498207958,-0.9721429347991943,0.3,4.392581462860107,-0.5081700682640076,-37.15093231201172,3.3652336597442627
0.9980946779251099,0.012896846979856491,0.06033725664019585,-0.01922685280442238,0.9942294955253601,0.10553675889968872,-0.05862799286842346,-0.10649577528238297,0.9925832152366638,0.9999999403953552,0.09188966453075409,0.04739125818014145,0.5900201797485352,0.5873302221298218,0.06326433271169662,0.10778932273387909,0.08726299554109573,0.024437157437205315,0.007598552852869034,0.005480602383613586,0.18215592205524445,0.10113132745027542,1,0.08556807988723265,1,0.49024522687607713,0.3427959942316274,-0.00905222703445143,0.5255560979516776,48.84750804050192,0.4963790357112885,0.41857809722423556,0.5638305723667145,0.44344342648983004,751.6736602783203,322.7128529548645,800.4840850830078,320.8098363876343,691.4884185791016,320.2250289916992,640.6147003173828,316.60269498825073,478,0.567451536655426,0.5248653292655945,1,-6.12392520904541,0.356349595445005,0.695480546415839,0.5187232575506778,0.33328312490117695,-0.020727359412477032,0.5000587017511552,51.00251477630568,-1.1035839319229126,0.3,4.3901801109313965,-0.512607216835022,-37.127525329589844,3.3610637187957764
0.9980353713035583,0.01247722003608942,0.061398353427648544,-0.01869661919772625,0.9946303367614746,0.10178881138563156,-0.05979862064123154,-0.10273677110671997,0.9929094314575195,0.9999999403953552,0.0883452296257019,0.04368150234222412,0.60859614610672,0.5945721864700317,0.061952460557222366,0.09768170863389969,0.08412960171699524,0.030253110453486443,0.007232842035591602,0.005638343747705221,0.16441884636878967,0.09089034050703049,1,0.08623084756631229,1,0.4860571710883264,0.34433969060518377,-0.009518216928683428,0.5208238416558549,49.17415567626774,0.49632896780967717,0.41812015175819395,0.5641910612583161,0.4433239161968231,752.1827697753906,322.71124362945557,801.3224029541016,320.8689522743225,692.0033264160156,320.1661276817322,640.9260559082031,316.3785481452942,478,0.5678620934486389,0.5252037644386292,1,-5.9073967933654785,0.3522969618246238,0.7108396700981046,0.5112625506194876,0.33521640079819387,-0.02084714912855453,0.5010809382691418,51.21750990994712,-1.0732204914093018,0.3,4.420516014099121,-0.48882806301116943,-37.094635009765625,3.428253650665283
0.9978867769241333,0.015379318036139011,0.06313146650791168,-0.022685457020998,0.9929084777832031,0.11669706553220749,-0.06088904291391373,-0.1178826168179512,0.9911590218544006,0.9999999403953552,0.08746876567602158,0.044316064566373825,0.6128221750259399,0.6019560098648071,0.06248960644006729,0.09632275253534317,0.08404867351055145,0.031754348427057266,0.007248852867633104,0.005757148377597332,0.13254201412200928,0.09472579509019852,1,0.08647436756439683,1,0.4792350955003784,0.3506324031902083,-0.012852537534521605,0.5171996462827692,49.283168555082966,0.49639647603034975,0.4188395529985428,0.5643102467060089,0.4440521985292435,752.0658874511719,323.1496238708496,801.3417053222656,322.29846239089966,692.3743438720703,320.4395842552185,640.9352111816406,316.72996044158936,478,0.5679137706756592,0.5252126455307007,1,-6.782561302185059,0.33645487661351914,0.6575155393376763,0.5075548475071574,0.33163660742578355,-0.021468291385955903,0.49925051025593414,51.57272225591181,-1.3023091554641724,0.3,4.427561283111572,-0.5608113408088684,-37.14665222167969,3.490844488143921
0.9979603290557861,0.009875848889350891,0.06306923180818558,-0.017524681985378265,0.9923873543739319,0.12190206348896027,-0.061385225504636765,-0.12275868654251099,0.9905363917350769,1.0000003576278687,0.0686178058385849,0.04388907179236412,0.608788251876831,0.6016533374786377,0.05721036344766617,0.1011001467704773,0.09026052057743073,0.028699399903416634,0.007192987948656082,0.005638782400637865,0.10850512981414795,0.09220956265926361,1,0.08670274897448398,1,0.47683709172357963,0.3621366212372136,-0.01414207129549704,0.5126156630551516,49.18064518270792,0.4962394714355469,0.4208753228187561,0.5644795179367066,0.44346864223480226,752.3854064941406,322.54584789276123,801.5520477294922,321.3722848892212,692.4169158935547,320.2376675605774,640.9587860107422,316.92084789276123,478,0.5682400465011597,0.5225933194160461,1,-7.064730644226074,0.3158620192984438,0.6077974899225586,0.5080747188942486,0.3320237325587187,-0.0213190302501102,0.5002237173097481,51.56491465956617,-1.0060391426086426,0.3,4.4447760581970215,-0.548309862613678,-37.137630462646484,3.519326686859131
0.9981677532196045,0.007554854266345501,0.06003306061029434,-0.014481974765658379,0.9931662082672119,0.11580653488636017,-0.05874791741371155,-0.11646375805139542,0.9914559125900269,1.0000004768371582,0.07627185434103012,0.04474649578332901,0.5973299145698547,0.5949772000312805,0.04643362760543823,0.12114879488945007,0.11435278505086899,0.022279009222984314,0.007521647494286299,0.006010910961776972,0.1171809509396553,0.09493208676576614,1,0.08635437667311015,1,0.468943547091245,0.3580621593937402,-0.014341935409119369,0.5105957553144953,48.894317202226055,0.4964261710643768,0.420456537604332,0.5646175801753998,0.4431749075651169,752.1392822265625,322.47209787368774,801.0021209716797,320.71789026260376,692.4160003662109,320.2484393119812,641.2079620361328,316.8729758262634,478,0.568191409111023,0.5227183699607849,1,-6.699683666229248,0.2764577727098736,0.6310653912825961,0.5135674793687862,0.3331169130958544,-0.02173432985708346,0.49797161231176545,51.31916740810204,-0.831220805644989,0.3,4.448214054107666,-0.5288026332855225,-37.138240814208984,3.3679466247558594
0.9975320100784302,0.012205478735268116,0.06914461404085159,-0.02038843370974064,0.9926959872245789,0.11890704929828644,-0.06718826293945312,-0.12002333253622055,0.9904949069023132,0.9999995231628418,0.07106825709342957,0.053275369107723236,0.5888214707374573,0.5842381715774536,0.07476826757192612,0.0828486755490303,0.06483335047960281,0.03917360305786133,0.007727771997451782,0.0056738774292171,0.14889007806777954,0.10655365139245987,1,0.08662475180373111,1,0.49722110742574305,0.3577988685611663,-0.014094452400734583,0.5173628540092244,48.43523664917658,0.4957008361816406,0.4195512801408768,0.5647761225700378,0.44272586405277253,754.1217041015625,322.35541105270386,802.5150299072266,320.3409218788147,692.7057647705078,320.05356073379517,641.9103240966797,316.4271283149719,478,0.5690752863883972,0.5231745839118958,1,-6.90913724899292,0.36300789876569095,0.6006991486825481,0.5041088688719091,0.32844004616650074,-0.024117722205567304,0.4991465440157191,50.92472685678867,-1.1708983182907104,0.3,4.460998058319092,-0.5156648755073547,-37.13642883300781,3.852506160736084
0.997360110282898,0.012020052410662174,0.07161246240139008,-0.020584208890795708,0.9925505518913269,0.12008186429738998,-0.06963559985160828,-0.12123892456293106,0.9901776909828186,1.0,0.075849249958992,0.051684968173503876,0.6095747947692871,0.6006730794906616,0.07848870754241943,0.08153769373893738,0.06175752356648445,0.04073842614889145,0.007088161073625088,0.005102602299302816,0.14883388578891754,0.09610293060541153,1,0.08633557737566214,1,0.49581413394925244,0.3550252507200891,-0.013756089077475076,0.5173851106298016,48.33083456863937,0.49508082270622256,0.4198991656303406,0.5649685800075531,0.4428778886795044,754.1693878173828,322.35281467437744,802.4623107910156,320.4388761520386,692.8609466552734,320.0785803794861,642.2129821777344,316.4268708229065,478,0.5698877573013306,0.5229787230491638,1,-6.980639457702637,0.3468555891343173,0.6303998843033186,0.5083413328747894,0.3291770754785277,-0.02177185227820232,0.5044539993942527,50.779437654480105,-1.1823420524597168,0.3,4.485121250152588,-0.5179067254066467,-37.21229934692383,3.9930572509765625
0.9975839853286743,0.011104046367108822,0.06857743859291077,-0.018609611317515373,0.9937796592712402,0.1097981259226799,-0.06693166494369507,-0.11080905795097351,0.991585373878479,0.9999999403953552,0.08954315632581711,0.057361751794815063,0.5988575220108032,0.5925537943840027,0.09777432680130005,0.07419085502624512,0.045478228479623795,0.04992002993822098,0.0072739566676318645,0.005324255209416151,0.15555298328399658,0.10476109385490417,1,0.08575307494520842,1,0.506969424035656,0.34752577835004084,-0.015441052567537979,0.5060014682371913,48.27690857483892,0.4948215305805206,0.4197255432605743,0.5646446168422699,0.4428617417812347,753.9422607421875,322.34442472457886,802.1849060058594,320.5258870124817,692.9310607910156,320.07978200912476,642.5028228759766,316.57456398010254,478,0.5698230862617493,0.5231361985206604,1,-6.376313209533691,0.3379284017052301,0.6473790218224815,0.5038530733847404,0.3260289095956306,-0.02300043218647635,0.49566759310388175,50.549913281309045,-1.068710446357727,0.3,4.499309062957764,-0.48002249002456665,-37.24655532836914,3.837770700454712
0.9978477954864502,0.012233929708600044,0.06442157179117203,-0.019384047016501427,0.9935682415962219,0.11156334728002548,-0.06264236569404602,-0.11257197707891464,0.9916670322418213,1.0000001192092896,0.09209448844194412,0.04911194369196892,0.6035233736038208,0.5928717851638794,0.0664103701710701,0.09443937242031097,0.08086574077606201,0.030681630596518517,0.007240262348204851,0.005594276823103428,0.1419782042503357,0.10218335688114166,1,0.08654017532784268,1,0.4851696144069157,0.3477588625708587,-0.016956755357557984,0.5097550391592773,48.41355481500386,0.4956735253334046,0.4196810215711594,0.5652384042739869,0.4426726192235947,754.078369140625,322.3017883300781,802.4684143066406,320.79320669174194,692.7980804443359,319.8643469810486,642.1122741699219,316.2862157821655,478,0.5695648789405823,0.5229915976524353,1,-6.476373672485352,0.283602673742716,0.6401122892162983,0.5141565719966206,0.32899475832357267,-0.024256140111477895,0.49741078039761333,50.81194722371379,-1.1128795146942139,0.3,4.509687423706055,-0.47569718956947327,-37.24272918701172,3.59149432182312
0.9978724718093872,0.009591990150511265,0.06448499113321304,-0.01649630442261696,0.9940784573554993,0.10740522295236588,-0.06307291239500046,-0.10824044048786163,0.9921218156814575,1.0000001192092896,0.07813958078622818,0.04694082960486412,0.5973714590072632,0.5824726819992065,0.06255567073822021,0.09916477650403976,0.08505866676568985,0.028875498101115227,0.007961965166032314,0.00570357870310545,0.1493336707353592,0.09730112552642822,1,0.08632536280800465,1,0.4842900063462569,0.3536878989817055,-0.016122841102796107,0.5135677407633269,48.40992867939131,0.4957532823085785,0.4192828178405762,0.5654267609119416,0.44260271787643435,754.1552734375,322.1246337890625,802.5335693359375,320.3748679161072,693.4736633300781,319.90689754486084,642.4616241455078,316.3596439361572,478,0.569673478603363,0.5233199000358582,1,-6.2263407707214355,0.2942090911803849,0.6600211244885247,0.5114910711138075,0.33168152982157556,-0.021965634435518543,0.49931898874345404,51.13522416138281,-0.9470974802970886,0.3,4.510905742645264,-0.4721778631210327,-37.15953826904297,3.6162118911743164
0.9979237914085388,0.007848800159990788,0.06392576545476913,-0.014123518019914627,0.9950560927391052,0.0983046218752861,-0.06283815205097198,-0.0990033820271492,0.9931010603904724,1.0000001192092896,0.08797187358140945,0.04995355010032654,0.5476856827735901,0.5403820276260376,0.04254402965307236,0.12559004127979279,0.12114894390106201,0.021186359226703644,0.009218912571668625,0.007259769830852747,0.14350341260433197,0.09798813611268997,1,0.08719791339485913,1,0.46697534976413374,0.3506006574132681,-0.022952244242965405,0.49886791267194924,48.59916163458197,0.4962367653846741,0.41856239438056947,0.5657655835151673,0.44204203486442567,754.2277526855469,322.0016384124756,802.7991485595703,320.3590750694275,693.1785583496094,319.88226413726807,642.0931243896484,316.32209300994873,478,0.5695288181304932,0.5234796404838562,1,-5.693071365356445,0.2625482711261922,0.6554706520040299,0.5152062340620951,0.3330847910350142,-0.029221819652515836,0.48163354689772947,51.20933881076524,-0.8108474016189575,0.3,4.494345664978027,-0.4510398805141449,-37.06227111816406,3.602734088897705
0.9976370930671692,0.007529056165367365,0.0682898759841919,-0.014874901622533798,0.9940713047981262,0.10770750045776367,-0.06707403808832169,-0.10846883803606033,0.9918344616889954,1.0000001192092896,0.10586162656545639,0.061459727585315704,0.5551964044570923,0.535268247127533,0.06728032976388931,0.08792675286531448,0.07574976980686188,0.034512218087911606,0.010160992853343487,0.007173990830779076,0.1857936531305313,0.10797465592622757,1,0.085778660227762,1,0.4782503694459666,0.33838131746929506,-0.022175245731877784,0.49350302574432986,48.22668639823527,0.4950776278972626,0.4187485933303833,0.5647978365421296,0.4419505953788757,752.8092193603516,321.7150926589966,801.0160064697266,320.3298282623291,693.1731414794922,319.77023363113403,642.2820281982422,316.31460428237915,478,0.5697202086448669,0.5232020020484924,1,-6.24116849899292,0.33901798048906456,0.6097356706797177,0.5070457909672959,0.32150711223135636,-0.027910673518936766,0.4729945741658403,51.00830114111832,-0.8542243242263794,0.3,4.4881978034973145,-0.4782975912094116,-37.207923889160156,3.8459465503692627
0.9975976347923279,0.009013873524963856,0.06868588924407959,-0.016652271151542664,0.9936292767524719,0.11146119236946106,-0.06724360585212708,-0.11233726888895035,0.9913923144340515,0.9999999403953552,0.09876924753189087,0.057397183030843735,0.5570043325424194,0.5390172004699707,0.06476422399282455,0.09461332857608795,0.08248206973075867,0.030748210847377777,0.009246076457202435,0.00710338307544589,0.1620170921087265,0.11060986667871475,1,0.08591811653357077,1,0.47833149054289764,0.3441613453386768,-0.024863276857885645,0.498464572458074,48.271969169203565,0.49525613784790035,0.41943163573741915,0.5647599816322326,0.44228232800960543,752.8262329101562,322.3361849784851,801.0771179199219,320.9096145629883,692.1050262451172,320.0440979003906,642.0466613769531,316.33050441741943,478,0.5695038437843323,0.5228506922721863,1,-6.4647603034973145,0.29151577629904685,0.6099338326277475,0.5170910009342415,0.3273176818292647,-0.03202204422339834,0.4716821502152316,50.19592284171494,-0.9563136100769043,0.3,4.47390604019165,-0.497721791267395,-37.250221252441406,3.8556838035583496
0.9975544214248657,0.004495758563280106,0.06974943727254868,-0.01257686223834753,0.9931862354278564,0.11585721373558044,-0.06875331699848175,-0.11645112186670303,0.9908138513565063,0.9999998211860657,0.10274939239025116,0.068949393928051,0.5625113248825073,0.554903507232666,0.06716740876436234,0.0849134624004364,0.07494045794010162,0.03729711100459099,0.00882251001894474,0.006799308583140373,0.1554986536502838,0.11527988314628601,1,0.085963790172597,1,0.48075420137432856,0.3453600582598137,-0.025113680171065265,0.4966354838250532,48.26607697535008,0.49517695307731624,0.41931829750537875,0.5646782338619232,0.4426095873117447,752.8688049316406,322.2970676422119,801.1162567138672,320.95632791519165,692.6265716552734,320.07999658584595,642.2556304931641,317.17368364334106,478,0.5695012807846069,0.523291289806366,1,-6.7032647132873535,0.3335018569040641,0.6018642732675953,0.5074057517024039,0.3223631617890214,-0.030360979985771603,0.47325863233715176,50.454716019192546,-0.7223294377326965,0.3,4.477707862854004,-0.5402883291244507,-37.21994400024414,3.942384958267212
0.9978606104850769,0.006948512978851795,0.06500710546970367,-0.01375477947294712,0.9943932890892029,0.1048470288515091,-0.06391409784555435,-0.10551688075065613,0.9923614263534546,1.0000003576278687,0.07465209066867828,0.04701043292880058,0.5624814033508301,0.5529748201370239,0.05204637348651886,0.11138594150543213,0.10413377732038498,0.02316996268928051,0.008413021452724934,0.006876368075609207,0.13256776332855225,0.11282423138618469,1,0.08581278893049307,1,0.47873794028999067,0.358266122566343,-0.018535895336602087,0.515890607576036,48.506704357197286,0.4963349044322968,0.41746761202812194,0.5647509038448334,0.4424066126346588,752.6479339599609,322.1431303024292,801.126708984375,320.497305393219,692.2366333007812,319.6242356300354,641.9792175292969,316.57827615737915,478,0.5684159994125366,0.5249390006065369,1,-6.069402694702148,0.30998545434183217,0.6464560267387365,0.5182422670446625,0.3391884256773287,-0.026154655019520166,0.49647035488511165,50.34963464850177,-0.7897303700447083,0.3,4.452033996582031,-0.4932542145252228,-37.18046188354492,3.6645054817199707
0.9975858330726624,0.01796557940542698,0.06708087772130966,-0.025285806506872177,0.9936182498931885,0.10992449522018433,-0.06467793136835098,-0.11135531216859818,0.9916737079620361,0.9999998211860657,0.08096552640199661,0.04403303936123848,0.5457427501678467,0.5309629440307617,0.015671435743570328,0.2834937572479248,0.32996973395347595,0.005069010891020298,0.010091450065374374,0.006903903093189001,0.23176947236061096,0.08116009086370468,1,0.08593266314308673,1,0.4310212248810137,0.3414875721024788,-0.010533690469080464,0.5392867794344332,48.70131497407878,0.49871682524681094,0.41816170811653136,0.5667498648166657,0.4423046290874481,752.8842926025391,321.9101858139038,801.556396484375,320.2236557006836,692.9499816894531,319.6972131729126,642.6531219482422,316.147255897522,478,0.5680330395698547,0.5241429209709167,1,-6.406919956207275,0.23563146048570008,0.6066867418026022,0.5541961000778084,0.34478437840441256,-0.02941471766728315,0.496673384773169,50.421982275442005,-1.451965093612671,0.08,4.418981552124023,-0.513477087020874,-37.16936492919922,3.7083609104156494
0.9975636005401611,0.015513015910983086,0.06801661849021912,-0.02258138731122017,0.9942771196365356,0.1044175997376442,-0.06600753217935562,-0.10569911450147629,0.9922049641609192,1.0000001192092896,0.08552530407905579,0.04299318790435791,0.5524816513061523,0.5453207492828369,0.020784728229045868,0.24496479332447052,0.2730414867401123,0.006530131679028273,0.009457046166062355,0.00667401822283864,0.2089233696460724,0.08649503439664841,1,0.08545582281104246,1,0.4400300135197295,0.34005073444305867,-0.011275022187362697,0.5372534924832801,49.26908487482748,0.49831658601760864,0.4182305097579956,0.5664339661598206,0.4423478603363037,752.2898864746094,321.8686866760254,801.5367889404297,320.39040327072144,693.2791137695312,319.56209421157837,642.5272369384766,316.14453077316284,478,0.5681173801422119,0.5241173505783081,1,-6.0807576179504395,0.23700049339709703,0.6669719055155254,0.5500142061539267,0.341160381749314,-0.02695185313844322,0.49910466065752657,50.86681375741824,-1.296756625175476,0.08,4.4390153884887695,-0.4849092960357666,-37.26467514038086,3.7847044467926025
0.9979016184806824,0.01604240946471691,0.06273019313812256,-0.021730758249759674,0.9956067800521851,0.09107618778944016,-0.06099351868033409,-0.09224826097488403,0.9938662052154541,1.0000001192092896,0.07180435955524445,0.03886733949184418,0.5432121753692627,0.53709876537323,0.015556391328573227,0.2850229740142822,0.3293737769126892,0.005018357187509537,0.009478037245571613,0.006971132010221481,0.1809615194797516,0.08220157027244568,1,0.08656727679334944,1,0.43240998049113594,0.34668825157793726,-0.008614908001135787,0.5364364338021855,49.70371058850775,0.4988776266574859,0.4175689846277237,0.5670233190059661,0.4425557881593704,753.1281280517578,321.99039459228516,802.8076934814453,320.44132232666016,693.2028961181641,319.7022342681885,642.1376800537109,316.12191438674927,478,0.5681456923484802,0.5249868035316467,1,-5.302862167358398,0.20807417640617298,0.7010111608442042,0.5550416850129751,0.34573361436168537,-0.026517007284327213,0.4983137717766317,51.190575131220115,-1.2475016117095947,0.08,4.443458557128906,-0.4596654772758484,-37.092952728271484,3.4968414306640625
0.9967573881149292,0.01708693988621235,0.07863052189350128,-0.027501465752720833,0.9906889796257019,0.1333380937576294,-0.07562004774808884,-0.13506819307804108,0.9879463911056519,0.9999998211860657,0.06416957080364227,0.04738960787653923,0.5350025296211243,0.5142422914505005,0.015060053206980228,0.31411677598953247,0.35717660188674927,0.0039694057777523994,0.010601439513266087,0.006986210588365793,0.20088651776313782,0.08855943381786346,1,0.08595218977183801,1,0.4310334416851838,0.34993775679493827,-0.011088915966327098,0.5356933931600614,49.27858301604645,0.49874817132949834,0.4183726191520691,0.5674791216850281,0.4426141858100891,753.4950256347656,322.09107398986816,802.7503967285156,320.57873725891113,693.5028839111328,319.92541551589966,642.6743316650391,316.3460397720337,478,0.5687309503555298,0.52424156665802,1,-7.784991264343262,0.15355630715214652,0.5668442239257068,0.5659982383542548,0.34364333184491397,-0.030259739146370382,0.4932174257015712,50.95442722915808,-1.5804429054260254,0.08,4.400259494781494,-0.6254441738128662,-37.042816162109375,4.336849212646484
0.9976556897163391,0.01889401488006115,0.06577272713184357,-0.026714466512203217,0.9923983812332153,0.12013213336467743,-0.06300297379493713,-0.12160757929086685,0.9905766844749451,0.9999992251396179,0.06292600184679031,0.05059989541769028,0.5486421585083008,0.531694769859314,0.020790347829461098,0.23043671250343323,0.25421464443206787,0.007069493178278208,0.009975623339414597,0.006568084005266428,0.19236841797828674,0.09407322108745575,1,0.08655803649312024,1,0.4483262447673741,0.35101162506190176,-0.011905836753271221,0.5375086071003028,49.456878116904484,0.49847016930580135,0.41872951090335847,0.5661423027515411,0.44290360510349275,752.9017639160156,322.2352910041809,802.3412322998047,320.92313289642334,692.7178192138672,320.03875494003296,641.6178131103516,316.4996337890625,478,0.5676721334457397,0.5241740942001343,1,-6.998863220214844,0.31222044281285094,0.5610918561187463,0.542458448748103,0.3371015289404756,-0.027793092366360433,0.49923791838522547,51.22241699103064,-1.5338562726974487,0.08,4.420481204986572,-0.5659298300743103,-37.158565521240234,3.612196683883667
0.9974575042724609,0.016307367011904716,0.0693730041384697,-0.02419908717274666,0.9931301474571228,0.11448578536510468,-0.0670294538140297,-0.11587347090244293,0.990999698638916,0.9999998211860657,0.0724690854549408,0.04240409657359123,0.560298502445221,0.5509852766990662,0.02416003867983818,0.19708256423473358,0.218301460146904,0.010364440269768238,0.009198619984090328,0.0067167729139328,0.16029466688632965,0.08237719535827637,1,0.08638189309517408,1,0.4506034174341662,0.3569263663118552,-0.015982829596146962,0.5338631886831267,48.79304053610728,0.49801709651947024,0.41849560737609864,0.5664965152740479,0.44209105968475343,753.6941528320312,321.422324180603,802.4832153320312,320.79927921295166,693.92822265625,319.1478967666626,643.0457305908203,316.38174533843994,478,0.5684794187545776,0.5235954523086548,1,-6.669074535369873,0.2755560310382413,0.5864627541772539,0.5280007702506984,0.3467310588625299,-0.026920146322822643,0.5066782222525964,50.95762546090907,-1.389767050743103,0.08,4.457685947418213,-0.5176162719726562,-37.19550704956055,3.843386173248291
0.9976664185523987,0.013167082332074642,0.06699609011411667,-0.020773805677890778,0.9932471513748169,0.11414306610822678,-0.06504073739051819,-0.11526843160390854,0.991202712059021,1.0,0.08225159347057343,0.04953157529234886,0.5561467409133911,0.5481457710266113,0.041024331003427505,0.15906207263469696,0.15281222760677338,0.013141321949660778,0.009492623619735241,0.006578051019459963,0.17402397096157074,0.09747983515262604,1,0.08489080990371403,1,0.4734712307013618,0.35193261707587015,-0.015221851354571925,0.5237350343972691,48.54045092814298,0.49756377935409546,0.41824879348278043,0.5660563111305237,0.4418454378843307,753.4419250488281,321.27514600753784,801.9683837890625,320.1097369194031,693.9227294921875,319.149227142334,643.7989807128906,316.37110233306885,478,0.5684925317764282,0.5235966444015503,1,-6.63321590423584,0.3049396867454048,0.6359175615092696,0.5285885340794906,0.341106292647422,-0.027046270748634003,0.49368708303876474,50.20067897196532,-1.1928629875183105,0.08,4.474324703216553,-0.5062780380249023,-37.2240104675293,3.7291922569274902
0.9978578686714172,0.013017095625400543,0.06411226838827133,-0.019335050135850906,0.9949061870574951,0.09893324226140976,-0.06249786913394928,-0.09996091574430466,0.993026614189148,1.0,0.07271327823400497,0.041052814573049545,0.5841156244277954,0.5726984739303589,0.03929901868104935,0.16141532361507416,0.15865175426006317,0.012929980643093586,0.008950325660407543,0.005691706668585539,0.1772981584072113,0.09177964925765991,1,0.08515414842609985,1,0.4714111157247408,0.3524832189027044,-0.01178610402318403,0.5355396410563064,48.682187974816095,0.49755228161811826,0.41812353730201723,0.5661193192005157,0.44257950186729433,753.5350036621094,321.5690517425537,802.1938323974609,320.0611352920532,693.9469909667969,319.73437786102295,643.7171936035156,316.44832849502563,478,0.5685670375823975,0.5244559645652771,1,-5.748194217681885,0.27349561617982626,0.7066304636542143,0.5276359738325738,0.3412824579084495,-0.018092227211211755,0.514377622112877,50.33716980217244,-1.110055923461914,0.08,4.486907482147217,-0.45719659328460693,-37.226131439208984,3.5831990242004395
0.9974731206893921,0.012384068220853806,0.06995741277933121,-0.02018982544541359,0.993503212928772,0.11199932545423508,-0.06811589747667313,-0.11312871426343918,0.9912427067756653,0.9999995231628418,0.0744728296995163,0.03379156067967415,0.5917090177536011,0.58619225025177,0.030472775921225548,0.19663487374782562,0.1966630220413208,0.010046989656984806,0.008332684636116028,0.005552372895181179,0.1626046895980835,0.07265021651983261,1,0.0858937079928283,1,0.4617640628233974,0.35661620908582353,-0.010484376516669707,0.5411371060556328,48.127366949140985,0.49727570414543154,0.4193617820739746,0.5664498746395111,0.4425072193145752,754.2595672607422,321.55733585357666,802.3652648925781,320.11327743530273,693.3460235595703,319.454140663147,642.6963043212891,316.3895773887634,478,0.5691741704940796,0.5231454372406006,1,-6.510890483856201,0.27558828271333935,0.6319432101745138,0.5426463258880748,0.34654024334392136,-0.018649936629965363,0.5225667598932315,50.742345305286214,-1.1595637798309326,0.08,4.4687604904174805,-0.4837862253189087,-37.18527603149414,3.9057776927948
0.997963547706604,0.01138586737215519,0.06276310980319977,-0.01873578503727913,0.9928613901138306,0.11779296398162842,-0.060973893851041794,-0.11872899532318115,0.9910527467727661,1.0000003576278687,0.055626001209020615,0.02992662601172924,0.5798382759094238,0.5751811265945435,0.02900615520775318,0.18682372570037842,0.1917896866798401,0.010809594765305519,0.008705518208444118,0.005588125437498093,0.1534721553325653,0.06000830605626106,1,0.08611143593840614,1,0.4602064305715224,0.3636106827615369,-0.011125329769010997,0.5432100490166214,48.57821579853511,0.4974931895732879,0.4193715900182724,0.5664706647396087,0.442571684718132,754.1078948974609,321.55877351760864,802.6597595214844,319.95893239974976,693.8935852050781,319.69704151153564,642.7207946777344,316.6061067581177,478,0.5689774751663208,0.5232000946998596,1,-6.831526279449463,0.29048772436329495,0.5929841147862873,0.5341605778471128,0.35097806185726343,-0.01832493577311617,0.520414498321922,51.26605473515415,-1.0755455493927002,0.08,4.519429683685303,-0.5030571818351746,-37.285736083984375,3.4957149028778076
0.9979571104049683,0.009974438697099686,0.063104048371315,-0.017123010009527206,0.9933586120605469,0.11377773433923721,-0.0615500807762146,-0.11462582647800446,0.9915001392364502,1.0000001192092896,0.0837300568819046,0.04306439310312271,0.5666388869285583,0.5662788152694702,0.027729684486985207,0.20439796149730682,0.2180514931678772,0.00891852006316185,0.009167551063001156,0.006194182205945253,0.19400765001773834,0.07871993631124496,1,0.08579101532186287,1,0.45739899340051626,0.34478461171122304,-0.015286073018593553,0.5331635981187732,48.532494449158875,0.4975877523422241,0.41979360580444336,0.5667131066322326,0.44189727306365967,754.1016387939453,321.3746237754822,802.6042175292969,319.6708416938782,693.8791656494141,319.57797288894653,642.8181457519531,316.33756399154663,478,0.5691253542900085,0.5221036672592163,1,-6.594602108001709,0.26336093000797417,0.6473513375418714,0.5428586085552559,0.33710131319698156,-0.025302086518671246,0.5056353839065181,51.163737186542356,-0.9829880595207214,0.08,4.52278995513916,-0.4676736891269684,-37.30440139770508,3.528790235519409
0.9981613159179688,0.010039198212325573,0.059775885194540024,-0.0160339567810297,0.99479079246521,0.10066892951726913,-0.058453865349292755,-0.10144227743148804,0.9931226968765259,1.0000001192092896,0.0678713470697403,0.04047922044992447,0.5693978667259216,0.5697228908538818,0.026388496160507202,0.21882817149162292,0.2309132069349289,0.008038417436182499,0.00896406639367342,0.00580043438822031,0.17282122373580933,0.08245519548654556,1,0.08619366146133144,1,0.4597901809896259,0.35439535130309396,-0.014581964491860373,0.5422541145065208,48.34725407549865,0.49771209955215456,0.4191790372133255,0.5668367385864258,0.4420986920595169,754.7599029541016,321.4725351333618,803.0691528320312,319.5559358596802,693.1320953369141,319.7066330909729,642.6964569091797,316.338529586792,478,0.5691246390342712,0.5229196548461914,1,-5.832235813140869,0.27771847030632973,0.6689979195670505,0.5504254584278838,0.34244427937428734,-0.02265738635616296,0.515917271747463,50.54797468671843,-0.9202911257743835,0.08,4.526530742645264,-0.43350741267204285,-37.247779846191406,3.351069688796997
0.9977589845657349,0.010469231754541397,0.06608644872903824,-0.0168429147452116,0.9951770901679993,0.09663737565279007,-0.06475599855184555,-0.0975339263677597,0.9931232333183289,1.0000004768371582,0.07479160279035568,0.04549095779657364,0.561176061630249,0.5534510612487793,0.017560536041855812,0.3048393428325653,0.35034653544425964,0.0037656391505151987,0.009054882451891899,0.006006624083966017,0.16168589890003204,0.09088923037052155,1,0.08543501157035177,1,0.4343975785137622,0.348257627670861,-0.013569657623404304,0.5324413694152184,48.808195794198944,0.4986165583133697,0.4192791312932968,0.5679344952106475,0.4423118561506271,754.2024230957031,321.6573715209961,802.9814910888672,319.971399307251,694.0804290771484,319.711697101593,642.9722595214844,316.33041858673096,478,0.5693179368972778,0.5230327248573303,1,-5.608990669250488,0.16729329333562262,0.735413061572953,0.5752417502761509,0.3340493704612298,-0.024147156690725535,0.5062847195618315,51.21989886585109,-0.9671034812927246,0.08,4.519304275512695,-0.4258790910243988,-37.24894714355469,3.712843179702759
0.9976256489753723,0.011944595724344254,0.0678272470831871,-0.018535787239670753,0.9950731992721558,0.09739486128091812,-0.06632975488901138,-0.09842083603143692,0.9929318428039551,0.9999997615814209,0.054055921733379364,0.03205811232328415,0.5515820980072021,0.5362030267715454,0.019199173897504807,0.2839791178703308,0.31750714778900146,0.004644498694688082,0.010566256009042263,0.0060628559440374374,0.15878209471702576,0.06197742000222206,1,0.08593973300972066,1,0.43583742532452546,0.36098872581359304,-0.01570508077645813,0.5336797265453638,48.71114073266449,0.49795683026313786,0.4180235117673874,0.5681022584438324,0.44339708983898163,754.9044799804688,322.6013159751892,803.5572814941406,320.21801233291626,694.6056365966797,321.4085912704468,643.0143737792969,316.9176936149597,478,0.5701454281806946,0.5253735780715942,1,-5.6607489585876465,0.20485675631636227,0.6605557667432457,0.5661422392984112,0.3458586285278608,-0.02563564463519082,0.5102528250530314,51.78635496873571,-1.0644274950027466,0.08,4.534337043762207,-0.4830421805381775,-37.21480178833008,3.8032071590423584
0.9978102445602417,0.011309811845421791,0.0651678666472435,-0.017497718334197998,0.9953062534332275,0.0951799526810646,-0.06378551572561264,-0.09611181914806366,0.9933246970176697,0.9999999403953552,0.06049512326717377,0.042381275445222855,0.548248291015625,0.5396904945373535,0.015272197313606739,0.3065810203552246,0.34877753257751465,0.0038855322636663914,0.009326937608420849,0.0065824431367218494,0.14077934622764587,0.1125616580247879,1,0.08627389346079908,1,0.4283861891098729,0.357361274685002,-0.013374744425908884,0.5365191412943034,48.69446767895209,0.4982117176055908,0.4175884038209915,0.5681881666183471,0.44260202944278715,754.8475646972656,322.2156357765198,803.5005187988281,320.20535230636597,694.2678833007812,320.09368658065796,643.0203247070312,316.0949635505676,478,0.5699764490127563,0.5250136256217957,1,-5.526604175567627,0.17797632451299572,0.6842750699178131,0.5684287151211324,0.3300087465205891,-0.025044061062223275,0.503599375152844,51.4033272054837,-1.0046424865722656,0.08,4.528237819671631,-0.4459157884120941,-37.13759231567383,3.657123327255249
0.9977161884307861,0.012135601602494717,0.06644663214683533,-0.018664564937353134,0.994958221912384,0.09853803366422653,-0.06491580605506897,-0.0995531901717186,0.9929124116897583,0.9999997615814209,0.06019068509340286,0.04556794837117195,0.5645639300346375,0.5627825260162354,0.012784474529325962,0.3232780694961548,0.36622780561447144,0.00414754543453455,0.008604830130934715,0.00629259692505002,0.13356782495975494,0.10693322122097015,1,0.08666887987066471,1,0.4193677658398868,0.358469849590123,-0.01017688127817566,0.5372609998592424,48.68748396136538,0.49829621911048894,0.41826681792736053,0.5683334648609162,0.4427369087934494,754.8365020751953,322.20494985580444,803.4889221191406,320.3574872016907,694.2912292480469,319.9815273284912,643.0898284912109,316.0525417327881,478,0.5700372457504272,0.5244700908660889,1,-5.725558757781982,0.17353730435592438,0.6744984950458817,0.566493058838758,0.3307255025300759,-0.023720197814349392,0.5035697415395627,51.35192661795725,-1.0717236995697021,0.08,4.532647609710693,-0.45650237798690796,-37.16453552246094,3.7220187187194824
