R00,R01,R02,R10,R11,R12,R20,R21,R22,R_scale,bs_eyeBlinkLeft,bs_eyeBlinkRight,bs_eyeLookDownLeft,bs_eyeLookDownRight,bs_eyeLookInLeft,bs_eyeLookInRight,bs_eyeLookOutLeft,bs_eyeLookOutRight,bs_eyeLookUpLeft,bs_eyeLookUpRight,bs_eyeSquintLeft,bs_eyeSquintRight,detected,interocular_norm,is_laptop,leye_h,leye_open,leye_v,leye_vlid,leye_width_px,m0_cx,m0_cy,m0_px,m0_py,mp_lin_x,mp_lin_y,mp_lout_x,mp_lout_y,mp_rin_x,mp_rin_y,mp_rout_x,mp_rout_y,n_landmarks,nose_x,nose_y,pass,pitch,px_raw,py_raw,reye_h,reye_open,reye_v,reye_vlid,reye_width_px,roll,target_x,tx,ty,tz,yaw
0.9988676905632019,-0.022299977019429207,0.04202403128147125,0.02834230288863182,0.9884051084518433,-0.14917150139808655,-0.03821023553609848,0.1501936912536621,0.9879179000854492,1.0000001192092896,0.042903054505586624,0.047000445425510406,0.19934779405593872,0.23290593922138214,0.014579598791897297,0.15574190020561218,0.16697582602500916,0.027262551710009575,0.04381947964429855,0.03414476662874222,0.31700846552848816,0.2238498032093048,1,0.1001664587142933,1,0.434654114233519,0.3605096485509316,-0.023796580729841366,0.48841865904150955,54.95632155703272,0.497131222486496,0.38370919674634935,0.5754564344882965,0.2632086619734764,770.0885009765625,193.559467792511,824.6282958984375,186.80609464645386,701.6812896728516,194.54094171524048,645.8189392089844,189.94421482086182,478,0.5783252120018005,0.3794994652271271,0,8.644512176513672,0.3402611965470799,0.42684421902777997,0.4767322319234683,0.3375601687483721,-0.025695118415783515,0.4930319329860927,56.05115607729718,1.6252989768981934,0.08,4.876467704772949,6.8282151222229,-34.61980056762695,2.1898183822631836
0.9986116290092468,-0.01663062907755375,0.049981821328401566,0.02299143187701702,0.9913108348846436,-0.12951485812664032,-0.04739361256361008,0.1304842084646225,0.9903169870376587,0.9999999403953552,0.03104129433631897,0.025722714141011238,0.2024673968553543,0.2113664299249649,0.03216387704014778,0.09838560223579407,0.0966404527425766,0.0316484272480011,0.04025924950838089,0.03575057163834572,0.21684667468070984,0.1429021805524826,1,0.09976289751590518,1,0.4527472231571906,0.38403641361053714,-0.03629863362606813,0.48425398875083964,55.25769848979206,0.4958366215229034,0.3843232452869415,0.5747495949268341,0.2631353199481964,769.9098968505859,194.84156370162964,824.7568511962891,188.11662197113037,700.8167266845703,194.65325117111206,643.7474822998047,189.4520616531372,478,0.5789129734039307,0.3788120746612549,0,7.506056308746338,0.33068727129305403,0.33639129504983817,0.4914164487085154,0.3660518515782618,-0.03732635633736675,0.5028040797890245,57.3057678350496,1.3189103603363037,0.08,4.780529022216797,6.681903839111328,-34.28256607055664,2.7164711952209473
0.9986506104469299,-0.015435919165611267,0.04958507791161537,0.021751882508397102,0.9913435578346252,-0.12947909533977509,-0.047157227993011475,0.13038292527198792,0.9903415441513062,0.9999995231628418,0.035054393112659454,0.02863764390349388,0.17068056762218475,0.1802845299243927,0.07556144893169403,0.04693068191409111,0.04194760322570801,0.07846292853355408,0.044210631400346756,0.04617082327604294,0.21685197949409485,0.13521675765514374,1,0.10006850584549971,1,0.47532609356508027,0.3863756962089919,-0.0484784646909927,0.4697200896150997,55.34046038640424,0.4948101162910461,0.3834442123770714,0.5737584948539733,0.26234152168035507,770.0267028808594,195.21878957748413,824.9870300292969,188.74352931976318,700.7585144042969,194.65563297271729,643.7889099121094,189.13150548934937,478,0.5789483785629272,0.3788973093032837,0,7.500112533569336,0.30427226989562767,0.21882740344625728,0.46310405786377257,0.37108366434040085,-0.052573694816040455,0.4746452975101631,57.23680477248222,1.2477777004241943,0.08,4.782270431518555,6.664506435394287,-34.238494873046875,2.7029123306274414
0.9979788661003113,-0.015417149290442467,0.061648476868867874,0.023467369377613068,0.9909621477127075,-0.1320732980966568,-0.05905511975288391,0.1332530826330185,0.9893209934234619,0.9999999403953552,0.039471279829740524,0.028410453349351883,0.16802221536636353,0.17805686593055725,0.11947005987167358,0.028842967003583908,0.025828659534454346,0.12444648146629333,0.04586494714021683,0.0447058230638504,0.28004029393196106,0.1258867084980011,1,0.10024860657018768,1,0.484008403410433,0.3822031503987393,-0.05391946619522431,0.4756839874388993,54.85805076845088,0.4926590204238892,0.3821219876408577,0.5736902832984925,0.26166582852602005,770.7704925537109,194.6823263168335,825.2949523925781,188.64171266555786,700.9300994873047,194.28945779800415,643.7763977050781,188.7362766265869,478,0.5810312628746033,0.37954384088516235,0,7.671084880828857,0.28475218623431775,0.2259383158886154,0.4582742601056315,0.36953129438180116,-0.052719757768487134,0.4842715065383779,57.42284779292225,1.3470560312271118,0.08,4.76923942565918,6.662599563598633,-34.11702346801758,3.3855788707733154
0.9986857771873474,-0.013754157349467278,0.04937097802758217,0.021204162389039993,0.9878886938095093,-0.15370815992355347,-0.04665891081094742,0.15455302596092224,0.9868820905685425,1.0,0.03267087787389755,0.028104109689593315,0.15411806106567383,0.15984050929546356,0.14914634823799133,0.023735420778393745,0.019898714497685432,0.151095449924469,0.050714507699012756,0.05119772255420685,0.22023643553256989,0.1414634883403778,1,0.0989527577967666,1,0.49136430007689313,0.3977222157916141,-0.054525539055994214,0.4683659068282331,55.265465739333685,0.4936743438243866,0.3811589300632477,0.5731259047985077,0.2614629685878754,769.3955993652344,194.72601413726807,824.3229675292969,188.6222505569458,701.2379455566406,194.1287612915039,645.0948333740234,188.45400094985962,478,0.5794515609741211,0.3803040385246277,0,8.900646209716797,0.41808538374515025,0.21343721117925024,0.4442877531687966,0.3797470598444377,-0.05365636914277062,0.48342335198153746,56.429176412542965,1.2163249254226685,0.08,4.797662734985352,6.754383087158203,-34.212562561035156,2.6743295192718506
0.9985770583152771,-0.0060876356437802315,0.05297849699854851,0.013396374881267548,0.9902413487434387,-0.13871756196022034,-0.051617030054330826,0.139229878783226,0.988913893699646,1.0000004768371582,0.03459291532635689,0.01825200580060482,0.14751935005187988,0.15080665051937103,0.05144195631146431,0.06877246499061584,0.06081967055797577,0.05057130381464958,0.054602187126874924,0.056958120316267014,0.20756012201309204,0.1336505264043808,1,0.09869394121118305,1,0.4581450296419687,0.3988942721962887,-0.04995446409135471,0.48240298132134474,55.14130700817823,0.4957245469093323,0.3803995490074158,0.5752693295478821,0.2607832193374634,770.2170562744141,194.68494415283203,825.0326538085938,188.70046377182007,702.5160217285156,193.25155019760132,645.8849334716797,187.12212324142456,478,0.5795447826385498,0.3803836703300476,0,8.0140380859375,0.3392548369570398,0.2209699056267151,0.4781523011521453,0.3896854875457968,-0.055744604853115595,0.48948163136040795,56.96182960613687,0.7686033248901367,0.08,4.796402931213379,6.714255332946777,-34.21443557739258,2.9587526321411133
0.9988945722579956,-0.0027855525258928537,0.046924542635679245,0.009638487361371517,0.9891700744628906,-0.1464575231075287,-0.0460083894431591,0.1467479169368744,0.9881033301353455,0.9999997615814209,0.025782668963074684,0.013733184896409512,0.15977725386619568,0.16315452754497528,0.043575167655944824,0.08929971605539322,0.0826684832572937,0.0310312882065773,0.049370937049388885,0.05207863450050354,0.15110710263252258,0.11759757995605469,1,0.09768724983217977,1,0.45590695553091076,0.40918843064899246,-0.04497181100452833,0.49438391494595174,55.51441023678986,0.4967521369457245,0.3803205296397209,0.5759110391139984,0.26101095527410506,769.9771118164062,194.60267543792725,825.2326202392578,189.24744129180908,703.1143188476562,192.66019821166992,646.2357330322266,186.67031049728394,478,0.5791589021682739,0.38069042563438416,0,8.447521209716797,0.37183755556232556,0.23976323222306375,0.496550959495816,0.3980067145287337,-0.0511245913137212,0.4983970560398449,57.19311391512563,0.5528385639190674,0.08,4.824370861053467,6.754034996032715,-34.24775314331055,2.637017250061035
0.9989632964134216,-0.0027975591365247965,0.04543602839112282,0.009250514209270477,0.9897599220275879,-0.14244230091571808,-0.04457225650548935,0.1427149474620819,0.9887597560882568,1.0000001192092896,0.03915973752737045,0.025673018768429756,0.17883625626564026,0.18452148139476776,0.03450244292616844,0.1025191992521286,0.1002088114619255,0.026783248409628868,0.04488755017518997,0.04433988779783249,0.2362959235906601,0.14966808259487152,1,0.09823316195974832,1,0.44895358128167084,0.3839932440264422,-0.04129130484762262,0.4989297006904368,55.5230228244876,0.4970842123031616,0.3806402817368507,0.5760505318641662,0.2612538769841194,770.05126953125,194.16558265686035,825.3562927246094,189.2502522468567,703.1075286865234,192.7015471458435,646.1842346191406,187.2359561920166,478,0.5789663195610046,0.3806135952472687,0,8.213196754455566,0.30456945178034456,0.3086405292402282,0.4944911490362673,0.37648497915554296,-0.0493683788323769,0.48459724579890645,57.18508627317671,0.5305503010749817,0.08,4.81757926940918,6.7209906578063965,-34.18324279785156,2.5546483993530273
0.9986746311187744,-0.004348267335444689,0.05128368362784386,0.010776105336844921,0.992004930973053,-0.125738263130188,-0.05032692477107048,0.12612426280975342,0.9907370209693909,0.9999997019767761,0.04039304703474045,0.05615082010626793,0.23564566671848297,0.24554704129695892,0.02763376012444496,0.12536288797855377,0.13409842550754547,0.019109860062599182,0.03834817558526993,0.026894358918070793,0.3014408051967621,0.20278482139110565,1,0.0978252760664439,1,0.4498161173072967,0.37264365230312946,-0.03817212113462855,0.502474849103433,55.62481037196143,0.4969758927822113,0.381946274638176,0.5766388714313507,0.2631185740232468,770.5387878417969,194.15242910385132,825.9345245361328,189.10942554473877,703.7968444824219,193.86006832122803,646.8505096435547,189.2426347732544,478,0.5796629786491394,0.3811722993850708,0,7.254927635192871,0.37271034805768694,0.384841269531016,0.5023761753423858,0.34557487715499563,-0.032400089687293784,0.5018658334173913,57.13322802244415,0.6182207465171814,0.08,4.827258586883545,6.66469669342041,-34.26848602294922,2.8847386837005615
0.9986514449119568,-0.004462480545043945,0.05172296613454819,0.010974632576107979,0.9919295310974121,-0.12631471455097198,-0.050741855055093765,0.12671203911304474,0.9906408786773682,0.9999998211860657,0.03908524289727211,0.04952548071742058,0.23765267431735992,0.2459612935781479,0.026358190923929214,0.12945200502872467,0.13856641948223114,0.01907626911997795,0.036965932697057724,0.027093425393104553,0.26080095767974854,0.2050497829914093,1,0.09789698204025658,1,0.4478914449981913,0.38047175635984265,-0.03905227039580442,0.4994223348891343,55.156959773947605,0.49711702466011043,0.38204840421676634,0.5768235743045806,0.2631861329078674,770.9565734863281,194.19289827346802,825.9088897705078,189.4459891319275,703.7788391113281,193.81644487380981,647.4845886230469,189.1908574104309,478,0.5797065496444702,0.3811377286911011,0,7.289074897766113,0.3770174051994844,0.36469900088435425,0.5003449731103812,0.3521810642033869,-0.032813909755833835,0.5059694529644516,56.483968500200916,0.6296238899230957,0.08,4.843976974487305,6.677748203277588,-34.34144973754883,2.908543109893799
0.9984954595565796,-0.007347814738750458,0.054339151829481125,0.014143336564302444,0.9919607639312744,-0.12575304508209229,-0.05297830328345299,0.1263323575258255,0.9905723333358765,1.0000001192092896,0.0387943834066391,0.0338115319609642,0.2256336659193039,0.24221253395080566,0.016004430130124092,0.1590505689382553,0.1615782380104065,0.020930694416165352,0.03667900711297989,0.029514627531170845,0.24142774939537048,0.1726936399936676,1,0.09957189793078061,1,0.433286002975346,0.38082961799848164,-0.037375523210073085,0.5049496184885632,55.22406962455905,0.4972265183925628,0.3828758478164673,0.5766804039478302,0.2630656540393829,771.0199737548828,194.32218074798584,826.0256195068359,189.41536903381348,702.8599548339844,193.77018213272095,646.0888671875,188.68108749389648,478,0.5794538855552673,0.38018980622291565,0,7.267965316772461,0.2793255964725567,0.3825508644859831,0.4986113044175039,0.3576377739859793,-0.031727470574217466,0.5126188999158857,56.99873048517589,0.8115202188491821,0.08,4.83081579208374,6.697872161865234,-34.37685775756836,3.0368547439575195
0.9986239671707153,-0.006114932242780924,0.052084244787693024,0.012637858279049397,0.9919691681861877,-0.1258469671010971,-0.050896406173706055,0.12633202970027924,0.9906814694404602,1.0000001192092896,0.03863898664712906,0.027478428557515144,0.21804918348789215,0.22959014773368835,0.019865673035383224,0.1484011858701706,0.15504401922225952,0.019560670480132103,0.0385376401245594,0.031031761318445206,0.24136482179164886,0.11924878507852554,1,0.09888921226388962,1,0.43670408101390296,0.38785033412107167,-0.03984186864495894,0.5033982586226832,54.64712766235274,0.4971904158592224,0.3835971146821976,0.5766223073005676,0.263389864563942,771.0245513916016,194.70796823501587,825.4606628417969,189.9102258682251,702.7841186523438,194.3708896636963,646.1500549316406,188.95495176315308,478,0.5794318914413452,0.3797927498817444,0,7.267154216766357,0.32498796791591683,0.30988268865970064,0.5043022557305583,0.371971993090259,-0.0385048705317913,0.49573085046189397,56.892438486823416,0.7250549793243408,0.08,4.841052532196045,6.692246437072754,-34.403358459472656,2.917409658432007
0.9989179968833923,-0.006675487384200096,0.04602400213479996,0.012096525169909,0.9928761124610901,-0.11853598058223724,-0.044904839247465134,0.11896446347236633,0.9918825626373291,1.0000001192092896,0.032090138643980026,0.02470521256327629,0.21686889231204987,0.2230043262243271,0.013386151753365993,0.2066812962293625,0.2187095433473587,0.012442965991795063,0.03790086880326271,0.03294667229056358,0.18020455539226532,0.1378093808889389,1,0.098942745516432,1,0.42427937783066255,0.3917751028651206,-0.03705327678563527,0.5107231451188342,55.69957731481748,0.4985312521457672,0.38426757156848906,0.5767721831798553,0.2638470262289047,769.9768829345703,195.46154022216797,825.4547119140625,190.4963207244873,702.3491668701172,194.5416498184204,645.4793548583984,189.11543369293213,478,0.5782409310340881,0.37957945466041565,0,6.8392744064331055,0.24297343566461013,0.3405848295659554,0.5165921128803626,0.37117149538393485,-0.04285806428259232,0.4936013848141567,57.128095888126666,0.6937965750694275,0.08,4.834595680236816,6.650142192840576,-34.425899505615234,2.573723077774048
0.9990178346633911,-0.004694725852459669,0.044061172753572464,0.010134205222129822,0.9922235608100891,-0.12405528128147125,-0.043136171996593475,0.124379962682724,0.9912965893745422,1.0000005960464478,0.03493442013859749,0.025071974843740463,0.23132064938545227,0.23130649328231812,0.02061166986823082,0.1835300177335739,0.19641554355621338,0.010643665678799152,0.03329950198531151,0.030788443982601166,0.18097124993801117,0.1346806138753891,1,0.09870320462968973,1,0.4470674593550664,0.38869617569707876,-0.0394968922425598,0.5036417551867794,55.39759677585011,0.49902864098548894,0.38437531888484955,0.5776189148426056,0.263914093375206,772.3250579833984,195.48889875411987,827.5149536132812,190.69628477096558,703.3580017089844,194.47131156921387,646.2873840332031,189.14553880691528,478,0.5785902738571167,0.37953877449035645,0,7.151641845703125,0.30876319820380266,0.29753238393736664,0.5221687410672257,0.3699748477323258,-0.04313361231452981,0.491166474512896,57.31857689724574,0.5811980366706848,0.08,4.870639801025391,6.6484479904174805,-34.313472747802734,2.472287654876709
0.9987348318099976,-0.0005352901061996818,0.05028335377573967,0.007196578197181225,0.9911718368530273,-0.1323879361152649,-0.04976857081055641,0.13258230686187744,0.9899216890335083,1.0000001192092896,0.036426372826099396,0.025652412325143814,0.2261192351579666,0.22995583713054657,0.026845576241612434,0.11656314879655838,0.11738269031047821,0.02635042555630207,0.039619170129299164,0.034272968769073486,0.210599884390831,0.1337667852640152,1,0.09864297522430694,1,0.4476445432652283,0.38675260044280985,-0.037876652953277544,0.4993321103878042,54.807938123565776,0.4971851408481598,0.38447884619235995,0.5782558619976044,0.2640152364969254,773.4306335449219,195.38324117660522,828.0364227294922,190.6802773475647,706.4052581787109,194.40882682800293,649.2262268066406,189.04827117919922,478,0.5810707211494446,0.37953639030456543,0,7.628348350524902,0.3726808663798311,0.3684168176475907,0.4849767793737432,0.36536602477587476,-0.037371018751538546,0.49970908002090036,57.429758711202865,0.41284874081611633,0.08,4.956968307495117,6.709248065948486,-34.435272216796875,2.8527073860168457
0.9985958933830261,-0.01543317548930645,0.0506758876144886,0.022248437628149986,0.9903473258018494,-0.13681058585643768,-0.04807531088590622,0.13774605095386505,0.9893001914024353,1.0000003576278687,0.037474412471055984,0.025499895215034485,0.20691895484924316,0.2129427045583725,0.06245319917798042,0.056268442422151566,0.04844766855239868,0.06374939531087875,0.03892187401652336,0.03542179614305496,0.2587331533432007,0.15183153748512268,1,0.09882483828166816,1,0.4771950113392835,0.3894291132363737,-0.046259651244143295,0.5056204266924692,54.28819774691633,0.4947557389736176,0.383538706600666,0.5761212050914765,0.26302136331796644,772.8397369384766,195.00994205474854,826.7920684814453,188.98048639297485,703.1950378417969,194.6620273590088,647.6203918457031,189.39697980880737,478,0.5813654661178589,0.3794826567173004,0,7.92666482925415,0.34382720179845494,0.29616216634653325,0.47553577524269924,0.37374269710169045,-0.04246377296048365,0.515480693812511,55.823489710055455,1.2763227224349976,0.3,4.917661190032959,6.696549415588379,-34.2472038269043,2.7555744647979736
0.9987058639526367,-0.013293641619384289,0.049090854823589325,0.019798405468463898,0.9907161593437195,-0.13449670374393463,-0.046847160905599594,0.13529455661773682,0.9896973371505737,1.0000001192092896,0.031828079372644424,0.025009630247950554,0.222592294216156,0.22278237342834473,0.08023595064878464,0.04422038421034813,0.03799140080809593,0.08111400157213211,0.036428797990083694,0.03396026790142059,0.19024422764778137,0.1520005762577057,1,0.09917260114222498,1,0.48038712750967155,0.3957469564338353,-0.04659557444744603,0.49563151729078375,55.054194158611224,0.49468404054641724,0.3841668009757996,0.5758059620857239,0.2636433780193329,772.373046875,195.59234619140625,827.1556091308594,190.1301884651184,703.5959625244141,194.71084356307983,647.1001434326172,189.4771671295166,478,0.5811219215393066,0.3794765770435333,0,7.784251689910889,0.3335200801695281,0.2727629790370723,0.46599335355497473,0.36835673194255486,-0.0416769370630939,0.5152293807090232,56.737720644891525,1.1356862783432007,0.3,4.934871196746826,6.6774067878723145,-34.304664611816406,2.6851272583007812
0.9989242553710938,-0.013436775654554367,0.04438268765807152,0.019299127161502838,0.9907358884811401,-0.13442473113536835,-0.042165301740169525,0.1351367086172104,0.9899293780326843,0.9999995231628418,0.03231290727853775,0.026804327964782715,0.2130427062511444,0.21682241559028625,0.06552804261445999,0.058748021721839905,0.049502287060022354,0.06006890535354614,0.03630007058382034,0.035336729139089584,0.15949006378650665,0.16191567480564117,1,0.09838791822160886,1,0.48264925917776036,0.4018698156774299,-0.04907028787268126,0.48466856928003405,54.71281631553786,0.49572678804397585,0.383994360268116,0.5759136319160462,0.26352613121271135,772.3081970214844,195.6094264984131,826.7704010009766,190.37868976593018,703.2050323486328,194.6175456047058,647.1699523925781,189.37680959701538,478,0.5801868438720703,0.37953177094459534,0,7.773480415344238,0.36318908633172464,0.2631080290278893,0.47979907005196404,0.3710560634367789,-0.045541898088226763,0.5012640740359112,56.27961886594741,1.1068116426467896,0.3,4.93904447555542,6.676299095153809,-34.32627487182617,2.4166102409362793
0.9991772770881653,-0.012774445116519928,0.03849107027053833,0.01883544586598873,0.9866966605186462,-0.1614777147769928,-0.035916224122047424,0.16206982731819153,0.9861254692077637,1.0000001192092896,0.0396827757358551,0.031183132901787758,0.2392445206642151,0.23548367619514465,0.053842391818761826,0.07752402126789093,0.06674361974000931,0.03980084881186485,0.0336541011929512,0.0317654013633728,0.19028665125370026,0.20096561312675476,1,0.09796714273208233,1,0.47787568667160113,0.38514823994323716,-0.036335008851401916,0.48752773758518236,54.97764847687274,0.4963186860084534,0.38109164237976073,0.5762752771377564,0.2642997980117798,772.0527648925781,195.6578779220581,826.7774200439453,190.38967609405518,703.3380889892578,194.61874723434448,647.2213745117188,189.3771743774414,478,0.579956591129303,0.38320815563201904,0,9.333131790161133,0.3725692453666645,0.4114223354655596,0.4921577095150829,0.35986454777455273,-0.03851052656850551,0.49689777018823855,56.360977013183394,1.0799522399902344,0.3,4.936097145080566,6.7425384521484375,-34.246829986572266,2.058290719985962
0.999278724193573,-0.008927147835493088,0.03691096976399422,0.01464119553565979,0.987399697303772,-0.15756756067276,-0.03503924608230591,0.1579943150281906,0.9868181347846985,1.0000005960464478,0.03457026928663254,0.030656510964035988,0.24568729102611542,0.24078018963336945,0.04835393652319908,0.08500363677740097,0.07476425170898438,0.03461161628365517,0.032674673944711685,0.03138786554336548,0.18078447878360748,0.1935233622789383,1,0.09779055668535676,1,0.4722088297161689,0.38721318365072704,-0.03227035612493614,0.5018716474753631,55.37276735286493,0.49671378135681155,0.3828240245580673,0.5761325597763062,0.26475160419940946,771.1918640136719,195.8564257621765,826.3526153564453,191.0154676437378,703.1198120117188,194.64917421340942,647.0853424072266,189.3911862373352,478,0.5794187784194946,0.38192757964134216,0,9.09613037109375,0.37563956305580076,0.3927343176639024,0.4943747775772923,0.36334262336743356,-0.03820470448685987,0.4972000035980386,56.28062030153773,0.8394241333007812,0.3,4.928772449493408,6.747064590454102,-34.34732437133789,2.008011817932129
0.9991122484207153,-0.011358736082911491,0.04056650772690773,0.016407892107963562,0.991844892501831,-0.1263904720544815,-0.03880005702376366,0.12694387137889862,0.9911507964134216,1.0000001192092896,0.04301710054278374,0.049179963767528534,0.24146249890327454,0.23957450687885284,0.044418297708034515,0.08217880129814148,0.07345233857631683,0.0411519780755043,0.03416144475340843,0.03150266036391258,0.22831347584724426,0.21002128720283508,1,0.09850992767125362,1,0.46550444044798744,0.3732332716022838,-0.03487356157436148,0.4955017478700268,55.28263850186165,0.49606514573097227,0.38484655022621156,0.5760855138301849,0.26511473655700685,771.2734222412109,195.81469058990479,826.3449859619141,190.98840951919556,703.3597564697266,195.41815280914307,647.2052764892578,190.65530061721802,478,0.5800203680992126,0.3802681863307953,0,7.298551082611084,0.3984548484781822,0.43209278926661016,0.4816288832105103,0.3470266150890736,-0.04178686967223078,0.47497333344348497,56.35610333399305,0.9408537149429321,0.3,4.953464031219482,6.674836158752441,-34.50957489013672,2.223637580871582
0.9990933537483215,-0.009031535126268864,0.04160316661000252,0.014291576109826565,0.9916804432868958,-0.12792836129665375,-0.04010165110230446,0.12840695679187775,0.9909104704856873,1.0000001192092896,0.03456081822514534,0.038443729281425476,0.21912287175655365,0.2241104245185852,0.056738343089818954,0.07077043503522873,0.059962596744298935,0.04801241680979729,0.03711317479610443,0.033216603100299835,0.22061927616596222,0.1675599217414856,1,0.0984917594455507,1,0.4842513940924875,0.3850061041589978,-0.04232196450032902,0.4936892254141869,54.35906364100489,0.49612423181533816,0.3843116268515587,0.5761930584907532,0.26541958302259444,773.018798828125,196.64008140563965,827.0713806152344,190.87586402893066,703.2669067382812,196.27384185791016,647.1924591064453,190.61970233917236,478,0.580068826675415,0.38110795617103577,0,7.383517742156982,0.38041190256193913,0.3195399577259412,0.48415355280308714,0.35731750169795967,-0.0428998594365201,0.4790188818258213,56.35878787754027,0.8195341229438782,0.3,4.949918746948242,6.651762008666992,-34.469444274902344,2.298271417617798
0.9988917708396912,-0.005987716838717461,0.04668397828936577,0.011449221521615982,0.9929932355880737,-0.1176157146692276,-0.04565262049436569,0.11801981925964355,0.9919613003730774,1.0000003576278687,0.03653666004538536,0.030471526086330414,0.21476219594478607,0.2174079269170761,0.05096549913287163,0.07106444239616394,0.061026159673929214,0.05003058537840843,0.03728267177939415,0.03525393456220627,0.2407534420490265,0.1661863923072815,1,0.09839414885585107,1,0.47213063489353313,0.3792640066369954,-0.04027948170016617,0.5089421493003513,54.923862156716545,0.4957540392875671,0.38393329828977585,0.5761591553688049,0.26598935574293137,771.9294738769531,197.44098901748657,826.5576934814453,191.74992084503174,703.4893798828125,196.5110993385315,647.1240997314453,190.40128469467163,478,0.5804051160812378,0.3820560574531555,0,6.78494119644165,0.3824896950733014,0.33304739595088734,0.48277551593480095,0.36003444298788917,-0.04309045173609217,0.4881616902404655,56.69545521148783,0.6566910743713379,0.3,4.9387593269348145,6.591685771942139,-34.500770568847656,2.6166117191314697
0.9993376135826111,-0.011608564294874668,0.034489717334508896,0.016520274803042412,0.9891859889030457,-0.1457333117723465,-0.03242499381303787,0.1462065726518631,0.988722562789917,0.9999993443489075,0.03881105035543442,0.033057790249586105,0.20069986581802368,0.20636865496635437,0.048574745655059814,0.07737675309181213,0.06746239960193634,0.04378128424286842,0.04217657074332237,0.03799886628985405,0.25583600997924805,0.15849843621253967,1,0.09822936651457258,1,0.4723565492310712,0.37739956381218465,-0.04028869647074709,0.4955840941615173,54.92070674042873,0.49616625905036926,0.3839494973421097,0.5759896337985992,0.2660461157560349,771.7170715332031,197.32604026794434,826.2419128417969,190.74381351470947,703.4935760498047,196.90978288650513,647.3590850830078,191.33422136306763,478,0.57982337474823,0.38209661841392517,0,8.411609649658203,0.39085536336484406,0.3444233625315868,0.4789942246131001,0.3628687130106072,-0.04319013848810597,0.48757973717123226,56.41070787107584,0.947083055973053,0.3,4.963533878326416,6.686422348022461,-34.45330810546875,1.8581409454345703
0.9990850687026978,-0.013204707764089108,0.04067697003483772,0.018327461555600166,0.9915710091590881,-0.12826143205165863,-0.038640450686216354,0.12888962030410767,0.99090576171875,1.0000003576278687,0.04140600934624672,0.036896128207445145,0.20954406261444092,0.21291467547416687,0.05239434912800789,0.07179836183786392,0.059955500066280365,0.05019369348883629,0.03964811936020851,0.036998163908720016,0.26752883195877075,0.19126519560813904,1,0.09833922811165915,1,0.4724922650428605,0.3721492224191189,-0.04074040739300226,0.49506086664890064,55.09321809232878,0.49530995488166807,0.38358037918806076,0.5759332835674286,0.2657805010676384,771.6045379638672,197.0081877708435,826.3401794433594,190.74143171310425,703.4912109375,196.52573347091675,647.3165130615234,191.29233598709106,478,0.5806233286857605,0.38220012187957764,0,7.410998344421387,0.38916618053529073,0.35809322696002965,0.47721239779056224,0.35584658376571016,-0.04294546145869606,0.491693171536287,56.41795043063683,1.0509299039840698,0.3,4.953396320343018,6.624210357666016,-34.421504974365234,2.2144858837127686
0.9991641044616699,-0.012687561102211475,0.038861315697431564,0.0176315326243639,0.9914032816886902,-0.1296483278274536,-0.03688230738043785,0.13022513687610626,0.99079829454422,1.0000004768371582,0.04072443023324013,0.03629158437252045,0.2210228145122528,0.22468583285808563,0.05239561200141907,0.07795226573944092,0.06640926003456116,0.0400785468518734,0.03601187840104103,0.03429815173149109,0.23809482157230377,0.21875253319740295,1,0.09823049894014456,1,0.47607813429463086,0.37190231752743913,-0.04018427906585991,0.4947488356702627,55.18579646061049,0.49638628363609316,0.3834871143102646,0.575796240568161,0.26547844111919405,771.4852905273438,196.86394929885864,826.3349914550781,190.782630443573,703.0914306640625,195.9491229057312,646.6679382324219,190.72802066802979,478,0.5794099569320679,0.38199132680892944,0,7.487725257873535,0.4089944250528113,0.3577931738689836,0.4849440028830646,0.35220631697100796,-0.04094049156370245,0.4953064125545383,56.66454276594197,1.0109525918960571,0.3,4.924072265625,6.629818439483643,-34.366634368896484,2.113679885864258
0.9993029236793518,-0.010991563089191914,0.03567805513739586,0.01524451281875372,0.9925094246864319,-0.12121337652206421,-0.03407847881317139,0.12167277932167053,0.991985023021698,1.0000003576278687,0.05960221216082573,0.04448607191443443,0.2836882770061493,0.27091988921165466,0.04545971751213074,0.08938377350568771,0.079618901014328,0.034453775733709335,0.02722206898033619,0.02747526951134205,0.23333095014095306,0.24646751582622528,1,0.09896536622396357,1,0.46971920237249387,0.3549785302786204,-0.03192953681881716,0.4899444934790727,55.895450843408476,0.4968454003334045,0.3844041243195534,0.5752979278564453,0.2663558140397072,770.4463195800781,197.00097799301147,826.1290740966797,192.12939977645874,701.7927551269531,195.84198474884033,645.3474426269531,190.93032360076904,478,0.5784525275230408,0.3819516897201538,0,6.992735385894775,0.41235742377266454,0.4932448672655675,0.4891037132245455,0.34071648821009887,-0.04017682706800954,0.48315160196721885,56.658606747514064,0.8739876747131348,0.3,4.886957168579102,6.583629131317139,-34.355159759521484,1.9529311656951904
0.9992810487747192,-0.01378706470131874,0.03531753271818161,0.018049320206046104,0.992197573184967,-0.12336229532957077,-0.03334115818142891,0.1239110678434372,0.9917330741882324,0.9999998211860657,0.05402039736509323,0.04411076009273529,0.2393173724412918,0.23782174289226532,0.04142184555530548,0.08885303139686584,0.08414480835199356,0.03699633851647377,0.03508880361914635,0.030857916921377182,0.25498852133750916,0.17141380906105042,1,0.09918488748102823,1,0.46722679181351684,0.3664428090303631,-0.040045682858390844,0.48309530498416303,54.69349985864511,0.4965523302555084,0.3848015308380127,0.5747960031032562,0.2665164709091187,770.5068206787109,196.79811716079712,824.9592590332031,191.6687035560608,700.8641052246094,196.74839973449707,645.3062438964844,192.32927799224854,478,0.5782436728477478,0.38171494007110596,0,7.121854782104492,0.38452820414521816,0.36162131469052844,0.48339986791247364,0.3558412208207081,-0.04361616215634821,0.4797926697723364,55.733334661039684,1.0347813367843628,0.3,4.875636100769043,6.603976249694824,-34.454185485839844,1.9106616973876953
0.9994098544120789,-0.016169898211956024,0.030308851972222328,0.019711270928382874,0.9925240278244019,-0.12044727057218552,-0.028134644031524658,0.1209736317396164,0.9922568798065186,1.0000001192092896,0.04639378562569618,0.04164940118789673,0.24355463683605194,0.2451951503753662,0.055918898433446884,0.07263879477977753,0.06412483006715775,0.04674573615193367,0.03376540541648865,0.029319342225790024,0.26730820536613464,0.17330138385295868,1,0.0983061623140633,1,0.48841745246733886,0.3709607826475888,-0.03981285177812345,0.4926580267297166,54.42167071865987,0.4965303897857666,0.384229776263237,0.5741129875183105,0.266395178437233,770.4421234130859,196.85600996017456,824.5160675048828,190.7137942314148,700.7237243652344,197.07841873168945,645.3745269775391,192.32863426208496,478,0.577582597732544,0.38216540217399597,0,6.951062202453613,0.4696863425768542,0.3811969302242541,0.47786603918743753,0.35808857517839143,-0.04348295158517707,0.4885806567186287,55.55262463719296,1.1298929452896118,0.3,4.87000036239624,6.585680961608887,-34.46331787109375,1.6122089624404907
0.9992812871932983,-0.019474651664495468,0.03252135217189789,0.02320021204650402,0.9926924705505371,-0.11842041462659836,-0.02997748926281929,0.11908984184265137,0.9924308657646179,1.0,0.04328169301152229,0.035448793321847916,0.23739391565322876,0.23994587361812592,0.06419018656015396,0.06007375568151474,0.05099942535161972,0.060706641525030136,0.03394271805882454,0.030423473566770554,0.2528381943702698,0.1573564112186432,1,0.09883351305269858,1,0.4870664036648902,0.37194854338752537,-0.043249911482128124,0.4881849193816465,54.52991100905448,0.49592898488044734,0.38528294712305067,0.5734261095523834,0.2664236262440681,769.8335266113281,197.24973678588867,823.9705657958984,190.715811252594,699.9514007568359,197.46755361557007,644.0023040771484,192.34221696853638,478,0.577497124671936,0.38114067912101746,0,6.842667102813721,0.45104502434975563,0.3506712631018579,0.4750727729746574,0.3583717162414403,-0.04534216715049038,0.48645575397978275,56.183364932431836,1.329991340637207,0.3,4.852166175842285,6.591213703155518,-34.502445220947266,1.7178407907485962
0.9992342591285706,-0.02154516987502575,0.03266032785177231,0.025273172184824944,0.9926437139511108,-0.11840515583753586,-0.02986900880932808,0.11913991719484329,0.9924280047416687,0.9999998211860657,0.04388197138905525,0.03331482410430908,0.23366965353488922,0.23351246118545532,0.07097910344600677,0.05272054672241211,0.046176519244909286,0.07331481575965881,0.03621237352490425,0.031555574387311935,0.23838932812213898,0.1339450180530548,1,0.09981608199957044,1,0.4855723236136114,0.3762633982175276,-0.04476331460796309,0.4843714289461588,54.60515851645028,0.4956341922283173,0.38464412093162537,0.5729647815227509,0.26683956384658813,769.7694396972656,197.47504234313965,823.9662170410156,190.80925941467285,699.0590667724609,198.07178020477295,643.3755493164062,192.93378353118896,478,0.5773305892944336,0.38219544291496277,0,6.845536708831787,0.38146848847327103,0.3311285986283677,0.46653853928337435,0.3658253578032606,-0.04627702083745366,0.48790045065614385,55.92006014131554,1.448846697807312,0.3,4.822442054748535,6.555157661437988,-34.42478942871094,1.7116225957870483
0.9994120001792908,-0.01749628223478794,0.02948800101876259,0.02117479220032692,0.9913597106933594,-0.12945038080215454,-0.02696830965578556,0.12999868392944336,0.9911473393440247,1.0000004768371582,0.0349261648952961,0.03371313214302063,0.21140508353710175,0.21167214214801788,0.05795126035809517,0.06872996687889099,0.05736599862575531,0.05016828328371048,0.03758614510297775,0.03638539835810661,0.2139090895652771,0.17097799479961395,1,0.0986496172490721,1,0.4845745050556756,0.3847252736970076,-0.04402657519605489,0.48818946215446046,54.83608195555811,0.4963327944278717,0.3836060747504234,0.5737535059452057,0.2659220680594444,769.8287200927734,197.05159664154053,824.3016815185547,190.75140953063965,700.1226806640625,197.05520153045654,644.5818328857422,191.92591667175293,478,0.577420711517334,0.382315993309021,0,7.472248554229736,0.36820193699058207,0.28121312625202716,0.4775355690619903,0.3662291345124105,-0.049178061596959664,0.4812968226401961,55.77719368351036,1.2137583494186401,0.3,4.858227252960205,6.618731498718262,-34.46327590942383,1.545357584953308
0.9989501237869263,-0.017707377672195435,0.0422506183385849,0.022238481789827347,0.993759274482727,-0.10930637270212173,-0.0400514155626297,0.11013120412826538,0.9931098222732544,0.9999995827674866,0.029840249568223953,0.01951691135764122,0.2746601998806,0.2634001672267914,0.10475333780050278,0.03518705815076828,0.026269707828760147,0.10923396795988083,0.029068900272250175,0.02753513865172863,0.16502629220485687,0.12341082841157913,1,0.098923321949355,1,0.496719616094097,0.38476922179328954,-0.03890157929203745,0.4973527057345988,56.02408215521768,0.49379435181617737,0.3863169938325882,0.5713470876216888,0.266830125451088,766.8932342529297,197.49150037765503,822.6162719726562,191.69142723083496,698.5594940185547,196.69668674468994,641.4739227294922,191.59982442855835,478,0.5775527358055115,0.38051313161849976,0,6.327976703643799,0.3918377961469791,0.29045940954450844,0.46314455744781585,0.36880429489208644,-0.03492853440182995,0.5173367776600454,57.31265527772085,1.2752995491027832,0.5,4.753312587738037,6.565737247467041,-34.45502853393555,2.2953908443450928
0.9991574287414551,-0.013036620803177357,0.03891725838184357,0.01742256060242653,0.9932612776756287,-0.1145792081952095,-0.03716127946972847,0.11516071110963821,0.9926515221595764,1.0000001192092896,0.03266570344567299,0.020004890859127045,0.3006284236907959,0.2823342978954315,0.11660035699605942,0.030855728313326836,0.026165194809436798,0.12358774244785309,0.027039121836423874,0.02622145041823387,0.17372967302799225,0.11512085795402527,1,0.09969875165206549,1,0.49248680968173014,0.38321209184871513,-0.03398920853395884,0.5043602763811783,55.30299546628334,0.4941475749015808,0.38670457899570465,0.5719796776771545,0.2672216147184372,768.2869720458984,197.73624658584595,823.2936859130859,192.0193648338318,699.327392578125,196.70228719711304,643.1510925292969,191.51146173477173,478,0.5778321027755737,0.38051703572273254,0,6.617485523223877,0.37930192851272615,0.32468862496996237,0.44637032534257953,0.3730920955393238,-0.033191851940855825,0.5191357792111702,56.41561269958245,0.9989796876907349,0.5,4.804223537445068,6.592884063720703,-34.515933990478516,2.1296746730804443
0.9992014765739441,-0.012540919706225395,0.03793490305542946,0.01685446687042713,0.9931506514549255,-0.11561878025531769,-0.036225106567144394,0.11616583913564682,0.9925690293312073,1.0000003576278687,0.03338882327079773,0.0245253574103117,0.24895887076854706,0.24480921030044556,0.11935877799987793,0.03074118122458458,0.025636395439505577,0.12429910153150558,0.033266693353652954,0.03174172714352608,0.18662859499454498,0.12774798274040222,1,0.09950203863589459,1,0.4938347636817405,0.3857824148993516,-0.040692868214600005,0.49032484117898834,54.95505526683746,0.4944807231426239,0.38580128252506257,0.5721082627773285,0.2670361965894699,768.6149597167969,197.80242204666138,823.2698059082031,192.06605672836304,699.3405914306641,197.24375009536743,643.609619140625,191.8117618560791,478,0.5776275396347046,0.38123491406440735,0,6.67527437210083,0.3795316325188629,0.24528416017501842,0.44598896244169434,0.37093669213508584,-0.040539261446665115,0.5063673118448707,55.99506914663878,0.9663699269294739,0.5,4.81421422958374,6.583441257476807,-34.54668045043945,2.0759997367858887
0.9992095828056335,-0.015315349213778973,0.03668265417218208,0.01954655721783638,0.9928308725357056,-0.11791829019784927,-0.0346137098968029,0.11854210495948792,0.9923455715179443,0.9999998211860657,0.03668446093797684,0.03232826292514801,0.23049034178256989,0.2313411682844162,0.08856207877397537,0.042125266045331955,0.0342283695936203,0.09052707999944687,0.03624243661761284,0.03286095708608627,0.2099883258342743,0.14972130954265594,1,0.09859526159938141,1,0.4920839070599575,0.38282759295106833,-0.03951412654220561,0.4759314311745466,55.11830164781552,0.49486560225486753,0.38541891276836393,0.5725687801837921,0.26675965487957,768.4288787841797,197.11918830871582,823.2670593261719,191.56931161880493,699.6957397460938,197.1316123008728,643.8050842285156,192.01505184173584,478,0.5777031779289246,0.38134074211120605,0,6.812071800231934,0.31452713863005566,0.2817616958242584,0.46251407017009305,0.36230949376408844,-0.040171722397847186,0.48955025416368825,56.124366947243495,1.120678186416626,0.5,4.826690196990967,6.592188835144043,-34.5361328125,1.983615517616272
0.9991966485977173,-0.015858028084039688,0.03680519759654999,0.020115278661251068,0.9927685856819153,-0.11834653466939926,-0.03466230630874634,0.11899178475141525,0.9922900199890137,1.0000008344650269,0.03360113129019737,0.02854764275252819,0.22320902347564697,0.2226051241159439,0.13634680211544037,0.033539749681949615,0.018141550943255424,0.12991935014724731,0.03715134039521217,0.03363730385899544,0.1907002031803131,0.13684536516666412,1,0.09689089827945328,1,0.5198867090332159,0.38715272941482864,-0.04233937048146763,0.4667019665148312,55.06051272662182,0.49407513141632076,0.38587954342365266,0.5716835975646972,0.2666237622499466,767.7779388427734,197.12332963943481,822.5553131103516,191.54665231704712,699.5747375488281,196.93109035491943,643.7159729003906,191.90027475357056,478,0.5776084661483765,0.38074421882629395,0,6.838047504425049,0.39045859384548753,0.27237884030474674,0.4636685109618124,0.3686018219416955,-0.040751837588267614,0.48778886622977596,56.08485262329282,1.1532913446426392,0.5,4.821470737457275,6.605013370513916,-34.575897216796875,1.9864015579223633
0.9993277788162231,-0.01820448413491249,0.03182332217693329,0.02170470729470253,0.9933176636695862,-0.11335335671901703,-0.029547126963734627,0.11396787315607071,0.9930449724197388,1.0,0.03562041372060776,0.02762088179588318,0.23450937867164612,0.23396193981170654,0.11554767936468124,0.032130900770425797,0.02407585084438324,0.12287101149559021,0.03422018513083458,0.03156368434429169,0.1987801492214203,0.13996705412864685,1,0.09821705236997899,1,0.5044759961364809,0.381483720856827,-0.041176265692477045,0.4737412210235919,55.31928360199511,0.4944503366947174,0.38628987073898313,0.571114307641983,0.2667320728302002,766.9264221191406,197.17120170593262,821.9660186767578,191.61548852920532,698.1166076660156,197.0055913925171,642.5251770019531,191.9195008277893,478,0.5766639709472656,0.38044220209121704,0,6.54696798324585,0.41430608908678246,0.24134378184290886,0.4591558604050002,0.3691605103415783,-0.03991636264720665,0.49205669335519775,55.823610422665496,1.2442289590835571,0.5,4.814664840698242,6.609958648681641,-34.66484069824219,1.6931719779968262
0.9993730783462524,-0.013462635688483715,0.03274473175406456,0.017097050324082375,0.9934049844741821,-0.11337655037641525,-0.031002435833215714,0.11386532336473465,0.9930123090744019,1.0,0.05806487426161766,0.03752054274082184,0.24586866796016693,0.24368470907211304,0.1239037811756134,0.029467597603797913,0.02321937307715416,0.12824808061122894,0.033217091113328934,0.030603135004639626,0.27165740728378296,0.16557233035564423,1,0.09814949947837943,1,0.5015354686453498,0.3635881148266896,-0.04581239789896477,0.46718576784307614,54.77380312184879,0.4951857209205628,0.3858938455581665,0.5708142995834351,0.2676961660385132,766.5746307373047,198.05180311203003,821.1212158203125,193.06787252426147,698.1486511230469,197.70820140838623,642.5350952148438,192.38105535507202,478,0.5756285786628723,0.3818023204803467,0,6.5413408279418945,0.4587996706422711,0.33745236959904396,0.4522378388797929,0.35571211607367054,-0.04132755903734222,0.4839407240101596,55.868113320031775,0.9801076650619507,0.5,4.76971960067749,6.546235084533691,-34.65874099731445,1.7765932083129883
0.9990712404251099,-0.02208723872900009,0.036998387426137924,0.02638474479317665,0.9924213290214539,-0.12001583725214005,-0.03406716510653496,0.12088057398796082,0.9920823574066162,1.000000238418579,0.04048779234290123,0.02206728607416153,0.24770978093147278,0.24360260367393494,0.12731662392616272,0.027555961161851883,0.023601708933711052,0.13003158569335938,0.0314890593290329,0.030522804707288742,0.19337773323059082,0.09710370004177094,1,0.09912770551206077,1,0.4976187250991028,0.3827880016360422,-0.0452011733784238,0.47870268775038655,54.806233868283876,0.4944609344005585,0.38593308329582215,0.5704749763011933,0.2677888095378876,766.5617370605469,197.86288976669312,821.1106872558594,192.5586175918579,697.7742767333984,197.84484386444092,641.0441589355469,193.05094242095947,478,0.5760140419006348,0.38185572624206543,0,6.946977138519287,0.3777356489898112,0.2934960225737454,0.4514229988352055,0.3718024408453425,-0.03956491305917311,0.4783304641369933,56.93230854727211,1.5127880573272705,0.5,4.749093532562256,6.5757598876953125,-34.63347244262695,1.952282428741455
0.9993561506271362,-0.02242601476609707,0.028006713837385178,0.02555479295551777,0.992817223072052,-0.11687945574522018,-0.025184400379657745,0.11751993000507355,0.9927511811256409,0.9999998211860657,0.040586262941360474,0.025275541469454765,0.23118576407432556,0.23015174269676208,0.07679972797632217,0.04847635701298714,0.040380943566560745,0.07664984464645386,0.03441496565937996,0.033991362899541855,0.19745637476444244,0.11691419035196304,1,0.0990092007498847,1,0.487743398716618,0.3807122888095105,-0.04451798068586406,0.48191353306502127,55.115546247144174,0.4954695403575897,0.38538293838500975,0.5704422891139984,0.26786242723464965,765.7607269287109,197.9349660873413,820.6118774414062,192.54286766052246,696.50390625,197.9421329498291,640.8869934082031,193.28860759735107,478,0.5749727487564087,0.3824794888496399,0,6.751142501831055,0.39405467508823244,0.2915403270257604,0.46390242472645365,0.3751698419765473,-0.04284770875903241,0.47656568939243055,55.8112559648124,1.4648058414459229,0.5,4.731693744659424,6.556120872497559,-34.62686538696289,1.4431123733520508
0.9993064403533936,-0.016523972153663635,0.033370573073625565,0.01995965465903282,0.9942298531532288,-0.10539788752794266,-0.03143642097711563,0.10599082708358765,0.9938700795173645,0.9999999403953552,0.040402334183454514,0.015963630750775337,0.2175813913345337,0.1996556967496872,0.1057480052113533,0.03392506763339043,0.028659475967288017,0.11127930134534836,0.034869078546762466,0.04312286153435707,0.1630050241947174,0.1394585520029068,1,0.0997269363442608,1,0.49229870198682,0.38183612926903265,-0.04468953271360842,0.48612890025673755,55.18309396340615,0.4948754608631134,0.385140722990036,0.5699475109577179,0.26657251119613645,765.7804870605469,198.00657033920288,820.6993103027344,192.61243343353271,696.3059234619141,196.86733961105347,640.6137084960938,191.39029026031494,478,0.5750720500946045,0.38143178820610046,0,6.087274551391602,0.4048048450733153,0.26867126569263455,0.44715992860333387,0.38277465485746426,-0.04842141076970992,0.5000291967118246,55.96088703283291,1.1442455053329468,0.5,4.698159694671631,6.536620616912842,-34.5810661315918,1.8014709949493408
0.9992427825927734,-0.017750635743141174,0.0346234031021595,0.022330425679683685,0.9903566837310791,-0.13672992587089539,-0.03186245262622833,0.13739953935146332,0.9900031089782715,0.9999992847442627,0.0426027737557888,0.02266578935086727,0.22234274446964264,0.22093553841114044,0.09780818969011307,0.033434998244047165,0.032075896859169006,0.1026303693652153,0.034846581518650055,0.03692546486854553,0.20264241099357605,0.1426296830177307,1,0.09997421432060888,1,0.48679537288055685,0.3755873335108754,-0.043288593544829355,0.48006264392165443,54.99786681126203,0.4944377601146698,0.3858377367258072,0.5701346457004547,0.2673061817884445,765.9796142578125,198.0080509185791,820.7063293457031,192.55351066589355,696.3504028320312,197.51615524291992,640.6324005126953,191.83879852294922,478,0.5756968855857849,0.38146844506263733,0,7.901433944702148,0.40734005316120725,0.3052652932670776,0.44884612082993847,0.3697177196447346,-0.039260437661337085,0.49474824250130545,56.00650106813792,1.2801954746246338,0.5,4.696993350982666,6.641073226928711,-34.5404167175293,1.8258930444717407
0.9993025064468384,-0.014746180735528469,0.034307584166526794,0.01921013742685318,0.9908407926559448,-0.13366194069385529,-0.032022345811128616,0.13422779738903046,0.9904329776763916,0.9999998211860657,0.04984879866242409,0.024305356666445732,0.30138880014419556,0.28517648577690125,0.08435992151498795,0.04458129033446312,0.03624972701072693,0.08530320227146149,0.024417221546173096,0.027047984302043915,0.21361710131168365,0.16659656167030334,1,0.09857461617495111,1,0.4903737103386993,0.3679698037407427,-0.031494509056220435,0.4956818206886251,54.90598944586595,0.49536279439926145,0.3848486393690109,0.5709588289260864,0.2685454338788986,766.3102722167969,198.67319583892822,820.9463500976562,193.23567152023315,697.8862762451172,197.62460231781006,642.1060180664062,191.97597742080688,478,0.575596034526825,0.3836967945098877,0,7.71795129776001,0.4591554042576527,0.3870487830855683,0.4574837999563862,0.3616606603283568,-0.033997182514346115,0.4978596059053153,56.06553456289187,1.101292371749878,0.5,4.708844184875488,6.56597900390625,-34.469993591308594,1.8350589275360107
0.9993113279342651,-0.010972767136991024,0.035447344183921814,0.015828391537070274,0.9900600910186768,-0.13975070416927338,-0.03356155380606651,0.14021554589271545,0.9895520210266113,0.9999997019767761,0.0615762434899807,0.04429572448134422,0.29895514249801636,0.2812899351119995,0.07772384583950043,0.04702470451593399,0.039612483233213425,0.0783417746424675,0.02581316977739334,0.026765648275613785,0.26670897006988525,0.2615113854408264,1,0.09861734892528434,1,0.4844714335836301,0.35435740852186093,-0.031289776673009695,0.4985494876575576,54.90888414901569,0.4956388890743255,0.3844233512878418,0.5709404170513153,0.2679333448410034,765.9519958496094,198.17138671875,820.6393432617188,193.24395418167114,697.6736450195312,197.012779712677,641.7576599121094,191.78326606750488,478,0.5753015279769897,0.3835099935531616,0,8.064891815185547,0.37249527400540167,0.48406971837252877,0.46173318746742403,0.3371018067605325,-0.03785616216679056,0.4977028566615755,56.15999647089364,0.9074490666389465,0.5,4.686495304107666,6.603842258453369,-34.45282745361328,1.9232964515686035
0.9996247887611389,-0.014725422486662865,0.023096764460206032,0.018023138865828514,0.9885546565055847,-0.14978261291980743,-0.020626798272132874,0.15014268457889557,0.9884490966796875,0.9999999403953552,0.057380326092243195,0.04150504246354103,0.3096410036087036,0.290493905544281,0.07921741902828217,0.04538050293922424,0.03811338171362877,0.0831914097070694,0.023460647091269493,0.025551650673151016,0.23691771924495697,0.24627840518951416,1,0.10099191710922044,1,0.4838761942823349,0.35495429461802425,-0.02990776240453721,0.500492746517043,55.65148555974509,0.49600183963775635,0.38446239233016966,0.569699227809906,0.26792908310890196,765.4802703857422,198.17209482192993,820.8993530273438,193.0914330482483,695.1403045654297,197.02370166778564,638.5081100463867,191.69028997421265,478,0.5736973881721497,0.3834666907787323,0,8.637046813964844,0.424773896670749,0.45933898915997645,0.45863883392925103,0.3348339952761447,-0.03608711536702911,0.49986503484889383,56.882780667348065,1.0329253673553467,0.5,4.635864734649658,6.602075576782227,-34.22338104248047,1.1819121837615967
0.9993768334388733,-0.01613660342991352,0.03139209374785423,0.020453330129384995,0.9895899295806885,-0.14245525002479553,-0.02876654826104641,0.1430085301399231,0.9893033504486084,0.9999995231628418,0.052106209099292755,0.03584340214729309,0.28792309761047363,0.2714743912220001,0.1181577667593956,0.03168020769953728,0.02420998550951481,0.12156523764133453,0.02606171742081642,0.027176106348633766,0.23328924179077148,0.19260279834270477,1,0.09911465483074253,1,0.49788368895148033,0.36226079938443007,-0.03550543158050538,0.4864060558860836,55.45353328876691,0.49448539614677434,0.3846637487411499,0.5699673473834992,0.26771228313446044,765.4861450195312,197.71811485290527,820.7344818115234,192.95202255249023,696.6595458984375,197.0271348953247,640.0389099121094,192.3172402381897,478,0.5754819512367249,0.38304853439331055,0,8.225401878356934,0.4531247864736621,0.4399159089414323,0.4587476418252261,0.3464153412268689,-0.03871384854631746,0.49201921917876185,56.81619071436606,1.1724563837051392,0.5,4.692343711853027,6.619187831878662,-34.425987243652344,1.6484291553497314
0.9993820190429688,-0.015736287459731102,0.03143180161714554,0.01997876726090908,0.9900087118148804,-0.13958348333835602,-0.02892124280333519,0.14012518525123596,0.989711344242096,1.0000001192092896,0.05682429298758507,0.03681643307209015,0.28733113408088684,0.2668038606643677,0.12033751606941223,0.03099409118294716,0.024722101166844368,0.12424855679273605,0.026843203231692314,0.02803792990744114,0.2460651844739914,0.20253507792949677,1,0.09828097002056582,1,0.4915302241092519,0.3595049643242606,-0.03473693297691908,0.48449563399019674,55.43175850245084,0.49472334384918215,0.3846152275800705,0.5702978610992432,0.26779185235500336,765.0193023681641,197.6967430114746,820.2647399902344,193.15565586090088,698.0311584472656,196.75305604934692,641.8513488769531,192.48557567596436,478,0.575574517250061,0.38317662477493286,0,8.058483123779297,0.4153971119323832,0.4515349466096112,0.44761526201384116,0.35020947404016084,-0.037436956840216695,0.4929885575707173,56.34165769842474,1.1452542543411255,0.5,4.721640586853027,6.613852024078369,-34.48950958251953,1.657296061515808
0.9990091323852539,-0.0243595652282238,0.037247736006975174,0.029395369812846184,0.9895362257957458,-0.14125876128673553,-0.0334169827401638,0.14221370220184326,0.9892717003822327,1.0,0.05302771180868149,0.05852542445063591,0.2228853404521942,0.22475849092006683,0.1932520866394043,0.016350101679563522,0.01597873866558075,0.20076312124729156,0.03409988060593605,0.03352370858192444,0.2849709689617157,0.21379069983959198,1,0.10074128074031327,1,0.5076624466543458,0.3570982082291675,-0.04272415479835752,0.45686988843254117,55.39911436890297,0.4928150177001953,0.3844680547714233,0.5697109699249268,0.2673243939876556,766.9296264648438,197.54065990447998,821.9721221923828,191.26487016677856,697.0206451416016,197.83469438552856,639.8629760742188,193.36102724075317,478,0.5768959522247314,0.3828563392162323,0,8.180563926696777,0.4777302617884581,0.384973872984952,0.4333194147036229,0.32797441884745365,-0.04122056950445501,0.4545423090801676,57.33247623339984,1.6854146718978882,0.7,4.721343517303467,6.616212368011475,-34.40358352661133,1.9150084257125854
0.9990611672401428,-0.02354588359594345,0.03636637330055237,0.02869766764342785,0.9885174036026001,-0.14835669100284576,-0.03245561942458153,0.14926107227802277,0.9882650375366211,0.9999998211860657,0.058809537440538406,0.04337853193283081,0.22371448576450348,0.23204012215137482,0.2522442936897278,0.011477045714855194,0.013113368302583694,0.24639496207237244,0.035995837301015854,0.032170992344617844,0.31507235765457153,0.161552295088768,1,0.10018497989098456,1,0.5099446514338909,0.35180033890017026,-0.04360531750421585,0.4541393755059029,55.335513812405054,0.49276467561721804,0.3852428287267685,0.5699044108390808,0.26808381974697115,766.9741058349609,197.87821054458618,821.9448852539062,191.5353012084961,698.4648132324219,198.8944673538208,642.1865081787109,193.6488389968872,478,0.5771397352218628,0.38284099102020264,0,8.588665008544922,0.558059154601721,0.3485286224455868,0.4092641724832271,0.3431918120038661,-0.03583529888962512,0.483553020222125,56.52224550290492,1.6453478336334229,0.7,4.773369312286377,6.651608943939209,-34.51669692993164,1.8598964214324951
0.9989047646522522,-0.020698584616184235,0.04196184128522873,0.025278892368078232,0.9934157133102417,-0.11174213141202927,-0.03937264904379845,0.11268051713705063,0.9928508400917053,1.0000001192092896,0.04059366509318352,0.03231548145413399,0.2499229609966278,0.2479662150144577,0.206438347697258,0.01417398452758789,0.018172165378928185,0.20019541680812836,0.031007668003439903,0.03052661381661892,0.26131635904312134,0.16777139902114868,1,0.10120229255170543,1,0.49697746466016496,0.3601614040410854,-0.037091772002630724,0.4906032738308741,55.71735141940479,0.4931157290935516,0.3860007882118225,0.5710667431354522,0.26882020235061643,768.1780242919922,198.66572856903076,823.5282897949219,192.2804832458496,698.9210510253906,198.8948106765747,642.5745391845703,193.58240604400635,478,0.5779510140419006,0.38281941413879395,0,6.474900722503662,0.5028529541294856,0.35385692718875145,0.4167796600917471,0.3521690209647822,-0.0351492110393295,0.5039785262568974,56.59638716138186,1.4496524333953857,0.7,4.825786590576172,6.554071426391602,-34.66071701049805,2.2564697265625
0.9992260336875916,-0.02119089849293232,0.03314024582505226,0.025388678535819054,0.9909424185752869,-0.13186593353748322,-0.03004571609199047,0.13260525465011597,0.9907134771347046,1.0000001192092896,0.04359130933880806,0.03471231088042259,0.24840357899665833,0.24704553186893463,0.22042717039585114,0.014933892525732517,0.014942437410354614,0.21701307594776154,0.032045114785432816,0.03136814385652542,0.24280710518360138,0.16695931553840637,1,0.10044458481879212,1,0.5059695139189176,0.36386567436020745,-0.03966422512782815,0.4775610390231684,55.35556264747997,0.4929829120635987,0.38590826094150543,0.5707493901252747,0.26876400411129,767.9917907714844,198.8112759590149,822.967529296875,192.3377537727356,698.6369323730469,198.90137672424316,642.5659942626953,193.45552682876587,478,0.577766478061676,0.38285574316978455,0,7.62362813949585,0.49140083827228104,0.32291366570541363,0.4202591497927357,0.3522317465784297,-0.03593006260004768,0.496230047643477,56.33477950406493,1.4554775953292847,0.7,4.828989505767822,6.590513706207275,-34.54780960083008,1.7217518091201782
0.9992961883544922,-0.019024044275283813,0.032328568398952484,0.02296476997435093,0.9917310476303101,-0.12626244127750397,-0.029659230262041092,0.1269160509109497,0.9914699196815491,0.9999997019767761,0.04424615949392319,0.03438258916139603,0.27279117703437805,0.2673470973968506,0.24077153205871582,0.01396635640412569,0.012315962463617325,0.24427224695682526,0.029441731050610542,0.027842149138450623,0.2254323661327362,0.14705775678157806,1,0.09970590899148994,1,0.5167851192314382,0.36693313576653686,-0.039698868989454954,0.47828339155386146,55.355447434973144,0.4929591119289398,0.3864111453294754,0.5706191956996918,0.26835431158542633,767.8732299804688,198.39499711990356,822.9201507568359,192.5587248802185,699.2372894287109,197.47926950454712,642.9705047607422,193.42773914337158,478,0.577660083770752,0.3819431662559509,0,7.294644832611084,0.5447299514990156,0.3146991165841184,0.4178279685111364,0.35721705506736295,-0.03387439368079247,0.4992631755684707,56.41246276534924,1.3164793252944946,0.7,4.829164981842041,6.579395294189453,-34.517494201660156,1.6995978355407715
0.9991907477378845,-0.016117606312036514,0.03685123100876808,0.0206556785851717,0.991778552532196,-0.1262877732515335,-0.03451280668377876,0.12694676220417023,0.9913089275360107,1.0000001192092896,0.04807243123650551,0.02629026025533676,0.23643869161605835,0.23221158981323242,0.2575386166572571,0.011573337949812412,0.010997948236763477,0.26035574078559875,0.0316568948328495,0.032608870416879654,0.23937955498695374,0.12990306317806244,1,0.10007560969042553,1,0.5174345698573245,0.3688912272222197,-0.04569123147304169,0.47234519547632864,55.136757202435625,0.4928057789802551,0.38547966480255125,0.5704715847969055,0.2674254536628723,768.0604553222656,197.99760103225708,822.9303741455078,192.5796675682068,698.9719390869141,197.20057725906372,642.0137023925781,192.8310227394104,478,0.5776658058166504,0.38194578886032104,0,7.297563076019287,0.552863299248969,0.3066895152006391,0.42142643993512535,0.36082658247793953,-0.040763151883054786,0.4994963016602592,57.125596138180214,1.1842730045318604,0.7,4.786734580993652,6.569474220275879,-34.433841705322266,1.9778307676315308
0.9992116689682007,-0.018742647022008896,0.034998197108507156,0.02256738394498825,0.9934179782867432,-0.11230051517486572,-0.032663024961948395,0.11300179362297058,0.9930578470230103,1.0000001192092896,0.03665357828140259,0.020604703575372696,0.26589691638946533,0.25700682401657104,0.2319822758436203,0.01432425994426012,0.011497234925627708,0.24274958670139313,0.0279878918081522,0.0279579758644104,0.1881604641675949,0.11434023082256317,1,0.10050630602454444,1,0.5205731863343618,0.3782347410500208,-0.045539917705099464,0.47601292216471774,55.34248394688888,0.49295790195465083,0.3861865192651749,0.5704302310943603,0.26826522648334505,768.4072113037109,198.68317365646362,823.4337615966797,192.77815103530884,697.8297424316406,198.07892560958862,640.9114837646484,192.9026699066162,478,0.5774723291397095,0.38207870721817017,0,6.491862773895264,0.5525935352259368,0.22946965555943374,0.43518950478249074,0.36720004848515125,-0.03671032927132747,0.510072166304911,57.15314333349909,1.2938159704208374,0.7,4.784220218658447,6.483158588409424,-34.40205001831055,1.87178635597229
0.9991942644119263,-0.018629059195518494,0.03555026277899742,0.02336733415722847,0.9901697039604187,-0.1379055231809616,-0.03263174369931221,0.13862508535385132,0.98980712890625,1.000000238418579,0.03851311653852463,0.022859716787934303,0.25016602873802185,0.24277929961681366,0.19785043597221375,0.01743656024336815,0.013540685176849365,0.20794051885604858,0.03202492743730545,0.030318286269903183,0.24844568967819214,0.12037909775972366,1,0.09950268608663515,1,0.5164484300514394,0.3720615077718968,-0.040662630940149366,0.4791499449935299,55.28813086842859,0.4932700753211975,0.3859091460704803,0.5707373976707458,0.2681000292301178,767.9722595214844,198.43782663345337,822.9171752929688,192.28692054748535,698.3116149902344,198.0045747756958,642.0054626464844,192.61777639389038,478,0.5774673223495483,0.38219088315963745,0,7.972567081451416,0.5681525449575802,0.25409767250801035,0.43929641017085813,0.36767158109410497,-0.03471696405857093,0.5099990661944085,56.56324238122255,1.3396849632263184,0.7,4.7937517166137695,6.593533992767334,-34.42808532714844,1.869992971420288
0.9991769790649414,-0.020877819508314133,0.03477845713496208,0.02575528249144554,0.9889057874679565,-0.14629420638084412,-0.03133831545710564,0.14706951379776,0.9886295795440674,0.9999997019767761,0.034958478063344955,0.02083185873925686,0.20160602033138275,0.20415103435516357,0.16847862303256989,0.020879503339529037,0.01663372665643692,0.1772173047065735,0.03954249620437622,0.039538148790597916,0.2408987581729889,0.12083935737609863,1,0.09945949936364434,1,0.5108360185470276,0.3802465637757416,-0.04553238246738326,0.48442737800518276,55.21279535637449,0.4935298562049866,0.38478331863880155,0.5709384679794312,0.26733299195766447,767.972412109375,198.053240776062,822.8253936767578,191.76013469696045,698.3828735351562,197.7916932106018,642.3294067382812,192.52040147781372,478,0.5774086117744446,0.3825496733188629,0,8.461324691772461,0.5135993308596304,0.28054077042043446,0.4401928316197197,0.3788050834515558,-0.039115537479345756,0.5102258262197892,56.30077847235444,1.4765574932098389,0.7,4.7930145263671875,6.619950294494629,-34.3953742980957,1.7958472967147827
0.9992138147354126,-0.018556052818894386,0.0350356325507164,0.02339692786335945,0.9894094467163086,-0.1432534158229828,-0.032006364315748215,0.14396052062511444,0.9890657067298889,1.0000001192092896,0.04343026876449585,0.026817256584763527,0.19297149777412415,0.19997794926166534,0.18379934132099152,0.01850248873233795,0.015976542606949806,0.19003254175186157,0.04271832853555679,0.039725128561258316,0.31318041682243347,0.13091762363910675,1,0.09850799393526652,1,0.5114003793572449,0.37077869448365425,-0.047115436493033055,0.48081440590233365,55.16003789310263,0.49397309422492985,0.38413419723510744,0.5714468538761139,0.2679698705673218,768.0335998535156,198.22503089904785,822.8638458251953,192.20224857330322,700.4063415527344,198.46400499343872,644.1584777832031,193.3005166053772,478,0.5774737596511841,0.38383567333221436,0,8.281362533569336,0.5641471322209921,0.3200172309581025,0.42825042381818335,0.3700661028253295,-0.039576877244525556,0.5071496936380493,56.48436767002319,1.3413547277450562,0.7,4.827683925628662,6.584655284881592,-34.45952606201172,1.834142804145813
0.9992443323135376,-0.018709415569901466,0.03407104313373566,0.023405447602272034,0.9894290566444397,-0.14311635494232178,-0.031033262610435486,0.143805593252182,0.9891192317008972,0.9999999403953552,0.040217574685811996,0.036366794258356094,0.24874791502952576,0.24494275450706482,0.20257313549518585,0.01697247102856636,0.014092973433434963,0.20801691710948944,0.032664407044649124,0.030581461265683174,0.2221548706293106,0.1620783805847168,1,0.09857085204194256,1,0.5146595158299722,0.3769713872089547,-0.03913681455649128,0.4756538982717398,55.578836083599235,0.49397909045219424,0.38480944037437437,0.5714170873165131,0.2688434779644012,767.9242706298828,198.4314751625061,823.2176971435547,192.80617475509644,700.8496856689453,198.4562373161316,644.1252899169922,193.76245737075806,478,0.5774379968643188,0.38403403759002686,0,8.272130966186523,0.5347129755869984,0.33760691586413216,0.4244180643318152,0.35487554271777616,-0.03611727036850263,0.4990781206361919,56.918262831130264,1.3418021202087402,0.7,4.840916156768799,6.579555034637451,-34.478790283203125,1.778360366821289
0.9992626309394836,-0.018592175096273422,0.033594001084566116,0.023221585899591446,0.9894291758537292,-0.14314521849155426,-0.03057750314474106,0.14381977915763855,0.9891313910484314,0.9999995827674866,0.04440046846866608,0.033553630113601685,0.27936413884162903,0.269246369600296,0.22015507519245148,0.015480482950806618,0.012613856233656406,0.2279093861579895,0.029093578457832336,0.026774734258651733,0.23423627018928528,0.14236335456371307,1,0.09841085716112488,1,0.5201824756583576,0.370217434516766,-0.03602750206124518,0.4703296451179571,55.419073548721826,0.49387838244438176,0.3856204152107239,0.5713855206966401,0.2696569561958313,768.1631469726562,198.9810061454773,823.2712554931641,193.11840534210205,700.9081268310547,198.9080286026001,644.3425750732422,193.87815713882446,478,0.5775071382522583,0.3840365409851074,0,8.272836685180664,0.5835585191079523,0.37901072697241256,0.42302768522992557,0.35666924408129125,-0.031117587410820328,0.49883173476756903,56.788742306212825,1.3312408924102783,0.7,4.856935024261475,6.577465057373047,-34.50840377807617,1.752234935760498
0.9993036389350891,-0.02219407632946968,0.029993662610650063,0.02627156302332878,0.9893417358398438,-0.14322267472743988,-0.026495300233364105,0.1439109444618225,0.9892358779907227,1.0,0.05994749069213867,0.042442936450242996,0.22723720967769623,0.23090557754039764,0.18591061234474182,0.019043995067477226,0.014910298399627209,0.19238804280757904,0.036035846918821335,0.03327825665473938,0.2802724838256836,0.1716248244047165,1,0.09848594518955824,1,0.5113634902413784,0.3588451383298324,-0.044512507149765526,0.4445284189284888,55.16288203335326,0.4937960207462311,0.3844160258769989,0.5710529983043671,0.2685598850250244,767.496337890625,198.38233709335327,822.3366546630859,192.42555856704712,699.5295715332031,198.5408878326416,643.6380767822266,193.70651721954346,478,0.577256977558136,0.3841438591480255,0,8.277145385742188,0.5488062733630122,0.3290933011711562,0.43225076428313436,0.3521817976014337,-0.0354501794948602,0.486899857201713,56.10018114797338,1.5059516429901123,0.7,4.848928451538086,6.595973968505859,-34.51552200317383,1.5182465314865112
0.9993094205856323,-0.020678600296378136,0.030872536823153496,0.025194576010107994,0.987763524055481,-0.1539105623960495,-0.027312111109495163,0.15458208322525024,0.9876023530960083,1.0000001192092896,0.056486133486032486,0.037445589900016785,0.22341036796569824,0.23117688298225403,0.14884747564792633,0.02173834666609764,0.022088566794991493,0.14858894050121307,0.03664988651871681,0.03123238869011402,0.36248090863227844,0.1332438737154007,1,0.10076393258692533,1,0.503310212451371,0.35362823359073314,-0.044801338877327054,0.46583024339617823,55.26953310923493,0.4939989745616913,0.3845077872276306,0.5718396008014679,0.2680830180644989,769.5322418212891,198.08577060699463,824.4206237792969,191.6060471534729,699.4766998291016,198.53631734848022,642.7574920654297,193.66443872451782,478,0.5778406262397766,0.3835752308368683,0,8.895904541015625,0.49143201495234545,0.33147137233500307,0.4337959707833759,0.3536218800580123,-0.035267432703987224,0.49640179113004723,56.92805750048963,1.4442344903945923,0.7,4.829107761383057,6.618519306182861,-34.32291793823242,1.565063238143921
0.9992804527282715,-0.023199420422315598,0.030005745589733124,0.027473874390125275,0.9881594777107239,-0.15095064043998718,-0.026148490607738495,0.15166641771793365,0.9880857467651367,1.0000004768371582,0.06663530319929123,0.04233912006020546,0.29313743114471436,0.28533002734184265,0.17171546816825867,0.019788507372140884,0.017396314069628716,0.17655077576637268,0.02759161964058876,0.0237993523478508,0.3500820994377136,0.17706961929798126,1,0.0997429759065982,1,0.5093553454953783,0.3449351386350412,-0.0404534711671482,0.48106866560292094,54.79611483491972,0.4938181817531586,0.38566587269306185,0.5713226974010468,0.26948980391025545,768.7358093261719,198.82254123687744,823.1755065917969,192.58286476135254,699.0756988525391,199.14318323135376,642.764892578125,194.31389808654785,478,0.5775045156478882,0.3838239312171936,0,8.726517677307129,0.5318198454607452,0.36029939668922933,0.43705269092525634,0.341258447745426,-0.031461471883014666,0.5065973284286851,56.517509662028345,1.574873685836792,0.7,4.8214545249938965,6.590960502624512,-34.358280181884766,1.4983688592910767
0.9992055296897888,-0.02019941247999668,0.03435496613383293,0.024790871888399124,0.9899874925613403,-0.13896127045154572,-0.031204039230942726,0.13970257341861725,0.9897017478942871,0.9999998211860657,0.05899124965071678,0.03229748085141182,0.2756623327732086,0.2663288414478302,0.18326421082019806,0.018550969660282135,0.0166375320404768,0.19050388038158417,0.028302688151597977,0.02769230492413044,0.30699485540390015,0.17228804528713226,1,0.09957173840485593,1,0.5049837791174538,0.3534369500531861,-0.03900742042553152,0.4875257030524684,54.728652725737206,0.49367765784263606,0.38456772863864896,0.5711766302585601,0.26838227212429044,768.1978607177734,198.48323106765747,822.6033020019531,192.54409074783325,699.1964721679688,197.92511701583862,642.9520416259766,193.00227642059326,478,0.5774989724159241,0.3838145434856415,0,8.034573554992676,0.5573237663200904,0.38545368033669236,0.4324847930608567,0.3532227589116413,-0.0343772951229369,0.5011007715922787,56.45945737103836,1.4212499856948853,0.7,4.811820983886719,6.586365222930908,-34.42243957519531,1.7881499528884888
0.9992707967758179,-0.01584767736494541,0.034739185124635696,0.020345445722341537,0.990879476070404,-0.1332060992717743,-0.0323113389313221,0.133815735578537,0.9904793500900269,0.999999463558197,0.03939157351851463,0.02552151121199131,0.29253679513931274,0.2759334444999695,0.22708669304847717,0.01979180984199047,0.008828177116811275,0.23661386966705322,0.02732219733297825,0.0252562016248703,0.18283666670322418,0.14270015060901642,1,0.09678220841866546,1,0.5397127135282791,0.384085093527547,-0.03916199402601128,0.46028055162079495,54.63396551397146,0.49339125156402586,0.3857115536928177,0.5725804924964905,0.2696707874536514,770.0591278076172,199.1285276412964,824.4332122802734,193.8060164451599,702.2016143798828,198.47087144851685,645.5618286132812,193.6754035949707,478,0.5791892409324646,0.38395923376083374,0,7.694186210632324,0.6927363301769569,0.2909652844490481,0.44616657631468604,0.3615658383180847,-0.034728122477389524,0.49806116053073635,56.842429959798515,1.1663976907730103,0.92,4.9232940673828125,6.53093147277832,-34.455875396728516,1.8516255617141724
0.9993060827255249,-0.015581417828798294,0.03383130580186844,0.01992182247340679,0.9910482168197632,-0.13200971484184265,-0.031471554189920425,0.1325920969247818,0.990670919418335,1.0000001192092896,0.03797594830393791,0.024130143225193024,0.3104649484157562,0.29067134857177734,0.39421555399894714,0.00629736902192235,0.005797159858047962,0.39002323150634766,0.023604046553373337,0.024173611775040627,0.16581009328365326,0.14217811822891235,1,0.09913614894375893,1,0.5452816165332645,0.3844433085078727,-0.0357898356623406,0.4746313536079878,55.18469300330807,0.4918625295162201,0.3862545400857925,0.5709592044353485,0.27026664316654203,769.4645690917969,199.54866886138916,824.4160461425781,194.48058128356934,702.1174621582031,198.46282482147217,645.1078796386719,193.7141990661621,478,0.5790966749191284,0.3840121030807495,0,7.623203754425049,0.7885590045772428,0.3047660043430029,0.3884417457802682,0.3584531668453933,-0.027382890789612528,0.5165184063868569,57.20700958562378,1.1420775651931763,0.92,4.9174485206604,6.509460926055908,-34.43669509887695,1.8034849166870117
0.9992179274559021,-0.014057992026209831,0.03695882484316826,0.018876919522881508,0.9908745884895325,-0.13345788419246674,-0.034745413810014725,0.1340511590242386,0.9903650879859924,1.0000001192092896,0.035316627472639084,0.021422915160655975,0.31623706221580505,0.2920207381248474,0.31784510612487793,0.009455121122300625,0.007213526405394077,0.3236871063709259,0.023195939138531685,0.024769088253378868,0.15791627764701843,0.15841183066368103,1,0.09836059831181271,1,0.5376671800004175,0.38571450520830225,-0.03380951340650216,0.48513525254556494,55.36713894031633,0.4925155580043793,0.38628877997398375,0.5715783774852753,0.26985575556755065,769.2822265625,199.51852083206177,824.4062805175781,194.33597803115845,702.0154571533203,198.05600881576538,645.1573944091797,192.87342309951782,478,0.579062819480896,0.3835669755935669,0,7.708439350128174,0.7441411649854287,0.34129688894884574,0.41161647097498266,0.36057403293411877,-0.027629139463543884,0.5257162692517345,57.09376930836738,1.0822855234146118,0.92,4.896543025970459,6.521051406860352,-34.38820266723633,1.991166353225708
0.9991379380226135,-0.011602240614593029,0.03986050561070442,0.01600075699388981,0.9935944080352783,-0.11186607927083969,-0.03830728307366371,0.11240743100643158,0.9929235577583313,0.9999997615814209,0.049880724400281906,0.0378924161195755,0.33244743943214417,0.31911319494247437,0.27002841234207153,0.012757319025695324,0.00878811627626419,0.2837744355201721,0.020491626113653183,0.0228703822940588,0.18415284156799316,0.22401592135429382,1,0.09746614776291629,1,0.5308702550625262,0.3700384754276854,-0.029127218844054788,0.4935788897206205,55.25780737338379,0.4931751787662506,0.38652550280094145,0.572219580411911,0.2688597351312637,769.1049957275391,198.33008766174316,824.217529296875,194.3258500099182,702.51220703125,196.474449634552,646.0527801513672,192.45308876037598,478,0.5790444016456604,0.38233423233032227,0,6.458872318267822,0.6823397975656817,0.4342233642983505,0.4239294886543889,0.34428609162157664,-0.030385452090001767,0.508447252818912,56.602457782311824,0.9174883961677551,0.92,4.91139030456543,6.501242637634277,-34.50334930419922,2.195382833480835
0.9992745518684387,-0.01811153069138527,0.033500514924526215,0.021619582548737526,0.9939690828323364,-0.10750860720872879,-0.031351327896118164,0.10815488547086716,0.9936395883560181,1.0,0.05688444897532463,0.03432144224643707,0.34421616792678833,0.32992562651634216,0.3097786009311676,0.010054267942905426,0.007853897288441658,0.32165369391441345,0.019287312403321266,0.02099902369081974,0.2031838446855545,0.18831762671470642,1,0.09864786577356348,1,0.5363542688548886,0.3567506189930783,-0.0303686541992608,0.483013504166514,55.85506584417271,0.4921841144561767,0.3881462424993515,0.5710870146751403,0.26999511420726774,768.4968566894531,199.2798900604248,824.1396331787109,194.4147276878357,701.4833068847656,197.97560691833496,644.2671203613281,192.9103946685791,478,0.5789029002189636,0.38184887170791626,0,6.212028980255127,0.715343528566635,0.4690166301409411,0.4107063413876609,0.34199085515537003,-0.02454021838269451,0.5011236786402862,57.439954522394494,1.2394167184829712,0.92,4.912622451782227,6.459920883178711,-34.47602462768555,1.7965929508209229
0.9992257356643677,-0.015573636628687382,0.03612982854247093,0.019905557855963707,0.9922291040420532,-0.12282174825668335,-0.033936284482479095,0.12344583868980408,0.99177086353302,1.0000001192092896,0.05540311336517334,0.028164176270365715,0.32864266633987427,0.3187803030014038,0.34832364320755005,0.007609797641634941,0.007646278943866491,0.34542566537857056,0.021192604675889015,0.022811612114310265,0.20666897296905518,0.14466723799705505,1,0.09972837810776797,1,0.5340609061859847,0.36123155137813867,-0.03247072922615975,0.48159647996482247,55.693124694091026,0.49199146032333374,0.3878411680459976,0.5707759261131287,0.2696948677301407,768.7354278564453,199.306218624115,824.2098999023438,194.37599658966064,701.5023803710938,197.98459768295288,644.1099548339844,192.64588594436646,478,0.5787844657897949,0.38185369968414307,0,7.095121383666992,0.7566012908038806,0.4298216749804152,0.3927174687085822,0.352428764647562,-0.02554768007447733,0.5083319632109773,57.64019736412814,1.1412371397018433,0.92,4.897269248962402,6.519463062286377,-34.493709564208984,1.9447790384292603
0.9991586804389954,-0.020786041393876076,0.03535342961549759,0.024859601631760597,0.9925838112831116,-0.11899261176586151,-0.032617855817079544,0.11977135390043259,0.9922655820846558,0.9999998211860657,0.03666071593761444,0.02425837144255638,0.2118387222290039,0.2152308076620102,0.3769305646419525,0.006367382127791643,0.006629002746194601,0.3754724860191345,0.03606303036212921,0.03521383926272392,0.1627189666032791,0.11487771570682526,1,0.09926134355145877,1,0.5386148072798999,0.3904429083967568,-0.054865401602105984,0.4530366995100086,55.24188338764993,0.49161748290061946,0.38709212839603424,0.5703906834125518,0.26812006533145905,768.5814666748047,198.71894359588623,823.5382843017578,193.11413526535034,701.4201354980469,198.0124282836914,644.1548919677734,193.10540199279785,478,0.5787732005119324,0.3810279369354248,0,6.8825860023498535,0.7515552530861095,0.19993658572663145,0.38869720597839114,0.3670828690289596,-0.03300710338491376,0.5000463779423218,57.47509916229805,1.425255537033081,0.92,4.9062652587890625,6.540463447570801,-34.565486907958984,1.869196891784668
0.9989482164382935,-0.02276594564318657,0.039802588522434235,0.027572404593229294,0.991809606552124,-0.12471342086791992,-0.03663737326860428,0.12567970156669617,0.9913941621780396,1.0,0.034923698753118515,0.021418310701847076,0.24181905388832092,0.24154289066791534,0.3217680752277374,0.008882417343556881,0.007437336724251509,0.32816416025161743,0.032972097396850586,0.029686348512768745,0.17082864046096802,0.10215682536363602,1,0.09844435624214572,1,0.5344779507437452,0.3906402610623504,-0.05301008949055413,0.45343845524550513,54.819323689008705,0.4912963390350342,0.3882560431957245,0.570912528038025,0.26868876814842224,768.7394714355469,198.7685751914978,823.2457733154297,192.9186773300171,701.3453674316406,198.60036849975586,644.1654968261719,193.35079193115234,478,0.5796161890029907,0.38043272495269775,0,7.224884986877441,0.6628862715838616,0.23112569401498578,0.4105700547591589,0.3681115679612123,-0.029413792717692122,0.5115591618728441,57.42034183738913,1.5810441970825195,0.92,4.893918991088867,6.558682918548584,-34.54218673706055,2.0996367931365967
0.9989696145057678,-0.02412838488817215,0.03843778371810913,0.028743475675582886,0.9918111562728882,-0.12443644553422928,-0.03512056916952133,0.12541307508945465,0.9914828538894653,0.9999997019767761,0.05405721440911293,0.0376279354095459,0.26048874855041504,0.2576744854450226,0.289854496717453,0.011053902097046375,0.009194005280733109,0.29272982478141785,0.03202363848686218,0.028411824256181717,0.2029225081205368,0.1439806967973709,1,0.09790261301691391,1,0.5195746961613527,0.3787427668636787,-0.05170356792218938,0.4404031679281555,54.10902010327239,0.4925045907497406,0.3881397247314453,0.5706501543521881,0.2689256966114044,767.5261688232422,198.56191635131836,821.3787841796875,193.30055952072144,700.5998992919922,198.59184980392456,644.2832183837891,194.06142711639404,478,0.5781455636024475,0.3807859718799591,0,7.209080696105957,0.5042794880907748,0.3325721794588742,0.4151328069841693,0.3537059965686472,-0.03342908942582059,0.48867282115552596,56.49861306578293,1.6481237411499023,0.92,4.873195171356201,6.571131706237793,-34.64389419555664,2.01267409324646
0.9991943836212158,-0.02316930517554283,0.03276912868022919,0.027104977518320084,0.9917526245117188,-0.12526801228523254,-0.029596496373414993,0.12605533003807068,0.9915816187858582,1.0000001192092896,0.04950137436389923,0.05377962067723274,0.3878931403160095,0.36530715227127075,0.2139529436826706,0.016739193350076675,0.013468712568283081,0.22629210352897644,0.02010437846183777,0.015882568433880806,0.2016555219888687,0.1915832757949829,1,0.09944296984896359,1,0.5172879498005827,0.3657276205359944,-0.0350868936271219,0.4723513853894553,54.99698410213803,0.493340116739273,0.3893886297941208,0.57139293551445,0.27080372869968417,768.8693237304688,199.29360151290894,823.5681915283203,193.57502460479736,699.2121887207031,199.32239770889282,643.1560516357422,194.54909563064575,478,0.578052818775177,0.38141509890556335,0,7.244894027709961,0.5478816806447444,0.47673662247289655,0.4376560255070683,0.3297557130637307,-0.020747338667569934,0.5063684414712495,56.25899854894902,1.553871750831604,0.92,4.8710126876831055,6.5348591804504395,-34.51305389404297,1.6960018873214722
0.999082088470459,-0.02168292924761772,0.0369446836411953,0.02604803629219532,0.9921762943267822,-0.12209723144769669,-0.03400819003582001,0.12294749170541763,0.9918302893638611,1.0000001192092896,0.038448676466941833,0.030534565448760986,0.28265073895454407,0.2715721130371094,0.3258969485759735,0.009428158402442932,0.006854000501334667,0.33996063470840454,0.028805669397115707,0.02525048702955246,0.19512544572353363,0.13959717750549316,1,0.09900187429578573,1,0.5407094059120672,0.38253309882705255,-0.049321077176741855,0.4678524405160211,54.601721557343986,0.49189624190330505,0.3874082624912262,0.5700271427631378,0.2693264245986938,768.3998870849609,199.234356880188,822.6639556884766,193.17144870758057,698.6005401611328,199.2664361000061,642.6071929931641,193.78786325454712,478,0.5781309008598328,0.38191816210746765,0,7.066349506378174,0.6839613493065226,0.2417235516685147,0.41980801131566775,0.3577563628110584,-0.03438555268278454,0.5118960375067723,56.260729533202785,1.493475317955017,0.92,4.829911708831787,6.519773006439209,-34.467315673828125,1.9489015340805054
0.9987366795539856,-0.018066296353936195,0.04688988998532295,0.02358434535562992,0.9925016164779663,-0.11993468552827835,-0.04437151923775673,0.12088902294635773,0.9916738867759705,1.0000004768371582,0.03786274418234825,0.030376117676496506,0.26931995153427124,0.26146093010902405,0.41436395049095154,0.0057662311010062695,0.005611824803054333,0.4183467626571655,0.0316019281744957,0.026405801996588707,0.22478598356246948,0.1328260451555252,1,0.09813817060994597,1,0.5459257136314536,0.3860101508668737,-0.04702739077793074,0.47013247233420463,53.96125608836909,0.4910357475280762,0.38777976036071776,0.5707511186599732,0.2693606197834015,769.266357421875,198.84063005447388,822.9286193847656,193.16799402236938,701.7918395996094,199.19822216033936,645.9696960449219,193.88609647750854,478,0.579715371131897,0.3815808594226837,0,6.950291633605957,0.7489539416374636,0.2563387181429455,0.3872864647929043,0.35789585240129596,-0.03040968117190465,0.520890561898179,56.07432915713284,1.3527412414550781,0.92,4.896169662475586,6.55353307723999,-34.64531326293945,2.543135643005371
0.9985778331756592,-0.01616787724196911,0.05080343037843704,0.022719290107488632,0.9911019206047058,-0.13115179538726807,-0.04823093116283417,0.13211949169635773,0.9900596737861633,1.0,0.02699403278529644,0.020670363679528236,0.3140951693058014,0.29725128412246704,0.5076205134391785,0.003949447069317102,0.003376222215592861,0.5108662843704224,0.025349633768200874,0.020570090040564537,0.1694541722536087,0.09018078446388245,1,0.09842240957184531,1,0.5693297070743344,0.39687280963819904,-0.0426886902734777,0.4719836794455159,54.652715962523985,0.48999578356742857,0.3878422021865845,0.5706225097179413,0.2697093427181244,770.1967620849609,198.88193607330322,824.5871734619141,193.5338044166565,702.3260498046875,198.9493989944458,645.9220123291016,193.5666561126709,478,0.5806267261505127,0.3818671405315399,0,7.600985050201416,0.772539855687489,0.23894274060331028,0.37868490261511817,0.3689159300306004,-0.024288659047938106,0.5329570209110246,56.66029795714034,1.303348422050476,0.92,4.912257671356201,6.561448574066162,-34.508827209472656,2.7645010948181152
0.9991201758384705,-0.017912860959768295,0.03792116045951843,0.022784093394875526,0.9909614324569702,-0.1321980059146881,-0.035210367292165756,0.1329457312822342,0.9904977083206177,0.9999997615814209,0.03129007667303085,0.02557920105755329,0.2832905948162079,0.27105408906936646,0.42959320545196533,0.005595324095338583,0.004862075671553612,0.43353894352912903,0.02831604890525341,0.024581043049693108,0.17160353064537048,0.11428699642419815,1,0.09912803503276998,1,0.5521120313643376,0.3919233010764439,-0.045784762981854556,0.4596121246182498,54.819157315194175,0.4913715422153473,0.38727944791316987,0.5709923803806305,0.26906719505786897,770.1620483398438,198.87489795684814,824.6847534179688,193.18151235580444,701.5376281738281,198.892343044281,645.6458282470703,193.11456441879272,478,0.5796208381652832,0.3817877471446991,0,7.64461612701416,0.7532364526408694,0.22039405216374097,0.3869043504550406,0.36570138099872,-0.02890085780138109,0.514604736969318,56.18964339636133,1.3063554763793945,0.92,4.94072961807251,6.563100814819336,-34.48210525512695,2.017822504043579
0.9989845752716064,-0.017474329099059105,0.04152659699320793,0.022600241005420685,0.9917262196540833,-0.1263657659292221,-0.03897485509514809,0.127175971865654,0.9911141395568848,1.0000004768371582,0.031535208225250244,0.01921731047332287,0.2945292592048645,0.28104305267333984,0.42414146661758423,0.005229786969721317,0.00527606625109911,0.4204796254634857,0.026124626398086548,0.02276904322206974,0.19289028644561768,0.08978015929460526,1,0.09974204814953838,1,0.5467699814650612,0.38799948772942466,-0.04312529562043582,0.4754657391094374,55.20961621709304,0.49113045334815975,0.38719713091850283,0.5711691796779632,0.26813443899154665,770.2857971191406,198.1468391418457,825.2193450927734,192.6325821876526,702.2074127197266,197.7970790863037,645.2867889404297,192.41394996643066,478,0.5800387263298035,0.3809373080730438,0,7.312018394470215,0.7432085522379657,0.22246602907744678,0.38375793967393157,0.3711004285270362,-0.027051797107871263,0.5236324478125748,57.1746052951818,1.2959935665130615,0.92,4.918495178222656,6.540385723114014,-34.36445236206055,2.2336604595184326
0.9987725615501404,-0.016139669343829155,0.046828676015138626,0.021931637078523636,0.9917957782745361,-0.12593702971935272,-0.044411901384592056,0.12680946290493011,0.9909323453903198,0.9999998211860657,0.03649153187870979,0.02329290099442005,0.16976620256900787,0.170204758644104,0.4387436807155609,0.004754525609314442,0.0051176464185118675,0.4303589463233948,0.04418268799781799,0.04494183510541916,0.21148061752319336,0.10730580985546112,1,0.10014416387155985,1,0.5458132784740066,0.389028741345596,-0.05980401239281353,0.46066812270952723,55.276005486143156,0.4903351187705993,0.3848635569214821,0.5713698983192443,0.26569593101739886,770.7783508300781,197.48223066329956,825.8052062988281,192.23990678787231,702.1615600585938,196.83335065841675,645.1589202880859,191.7002034187317,478,0.581034779548645,0.38083237409591675,0,7.292496204376221,0.7421721680815417,0.2239952616462384,0.38359711164568916,0.37225165711039676,-0.04893397592531079,0.49712686498100267,57.233295742120525,1.2579323053359985,0.92,4.915252208709717,6.553752422332764,-34.3375358581543,2.5454516410827637
0.9989961385726929,-0.016781745478510857,0.04153287410736084,0.020887888967990875,0.9947183728218079,-0.10049410164356232,-0.03962704911828041,0.10126076638698578,0.9940703511238098,0.9999999403953552,0.04790498688817024,0.026198415085673332,0.3201291263103485,0.29577338695526123,0.38566020131111145,0.006412288639694452,0.0059912558645009995,0.3879361152648926,0.02268099971115589,0.022184085100889206,0.20657126605510712,0.11356411129236221,1,0.09904608184899796,1,0.5430009196723674,0.37811884384616895,-0.04033714461595317,0.48676232241160877,54.410966299874026,0.4911867916584015,0.38872136175632477,0.5721258461475373,0.2690856605768204,771.0618591308594,198.22895765304565,825.3385925292969,194.4093418121338,703.223876953125,197.86458492279053,646.6013336181641,193.44115018844604,478,0.5809390544891357,0.3803642988204956,1,5.816359996795654,0.769979633808092,0.2635693703638184,0.39191292233295366,0.3634153756247433,-0.03266242804814406,0.5029520207889214,56.795063066098656,1.1978158950805664,0.92,4.995384693145752,6.454617977142334,-34.53091049194336,2.27105712890625
0.9990522861480713,-0.014232473447918892,0.04113388434052467,0.01864619180560112,0.9938675761222839,-0.10899357497692108,-0.039330385625362396,0.10965731739997864,0.9931910037994385,1.0000004768371582,0.028279203921556473,0.019242195412516594,0.3116259276866913,0.2875887453556061,0.39030012488365173,0.00612851744517684,0.005725033115595579,0.39817649126052856,0.024142473936080933,0.02288164757192135,0.16918949782848358,0.09033610671758652,1,0.09882914167261711,1,0.5481549982038738,0.3942697965676746,-0.036794625422236556,0.5003149532311074,54.70576786963099,0.4913158118724823,0.38861929774284365,0.5722629725933075,0.26899474263191225,771.2759399414062,198.26586484909058,825.7898712158203,193.68849277496338,703.6582946777344,197.96148777008057,646.9119262695312,193.2378387451172,478,0.5809471607208252,0.3803754448890686,1,6.3004560470581055,0.7818765881786242,0.2647871989969351,0.3908517937896832,0.3762488359094993,-0.031752328191178056,0.5180044452858039,56.942630671092424,1.0692373514175415,0.92,4.99582576751709,6.492560386657715,-34.53577423095703,2.2540464401245117
0.9992958903312683,-0.014319769106805325,0.0346786230802536,0.01865893416106701,0.9915692210197449,-0.12822756171226501,-0.032550059258937836,0.12878434360027313,0.9911382794380188,1.0000003576278687,0.030677076429128647,0.017899934202432632,0.2945326268672943,0.2808343172073364,0.41458824276924133,0.005405215546488762,0.005499811377376318,0.41630640625953674,0.025378793478012085,0.023045005276799202,0.17904038727283478,0.08890723437070847,1,0.09969672897937241,1,0.5483629718492127,0.38782354113134093,-0.04300832456938981,0.49305088961910215,55.11559736327037,0.4912423253059387,0.38651995956897733,0.5718788266181946,0.2688660532236099,771.2744140625,198.96954774856567,826.1216735839844,193.537495136261,702.5477600097656,198.52842092514038,644.9723052978516,192.52825498580933,478,0.5806365013122559,0.38234609365463257,1,7.403294563293457,0.777882926936021,0.2108412506738992,0.40030334489508423,0.36778404827386413,-0.0306550748136119,0.5220256694499328,57.887260918953054,1.0697071552276611,0.92,4.992595672607422,6.538630485534668,-34.4845085144043,1.8653104305267334
0.9991437196731567,-0.01898704282939434,0.036761898547410965,0.023536523804068565,0.991550087928772,-0.12757128477096558,-0.03402906656265259,0.12832726538181305,0.9911478757858276,0.9999997019767761,0.04048711806535721,0.024000903591513634,0.30208268761634827,0.28938162326812744,0.3732548952102661,0.006621047388762236,0.006362907122820616,0.37718671560287476,0.02401900291442871,0.023427417501807213,0.20124316215515137,0.12734436988830566,1,0.09973661557576842,1,0.5391111563601241,0.3788119609842338,-0.04270011115626498,0.48731992994502343,55.060854985571524,0.49126943945884705,0.3867536723613739,0.571916788816452,0.26840739846229555,770.8412933349609,198.6053466796875,825.6556701660156,193.40132474899292,702.4472045898438,197.71764278411865,645.0261688232422,192.47673511505127,478,0.580647349357605,0.38165372610092163,1,7.3772382736206055,0.7379926293877612,0.27558189992852455,0.4011623804526134,0.358205072703588,-0.031044492873732708,0.5155173716544422,57.659712640806184,1.349449634552002,0.92,4.9747443199157715,6.532142162322998,-34.39231491088867,1.9500982761383057
0.9990960359573364,-0.016022048890590668,0.039375483989715576,0.020937761291861534,0.9915805459022522,-0.12778718769550323,-0.03699655458331108,0.12849609553813934,0.9910196661949158,0.9999998211860657,0.03881601244211197,0.024176642298698425,0.28657302260398865,0.2752562165260315,0.38371551036834717,0.006616545375436544,0.005741437431424856,0.39215487241744995,0.02691720984876156,0.025334276258945465,0.21174432337284088,0.12923231720924377,1,0.09795747168177184,1,0.5479683587980179,0.3797241091383719,-0.0421132997756958,0.4859481043124844,55.116583440478635,0.49176521897315983,0.386836040019989,0.5727277576923371,0.2684647023677826,771.2026214599609,198.66199493408203,826.0633850097656,193.3578085899353,704.3718719482422,197.65678882598877,647.9939270019531,192.39092588424683,478,0.5809625387191772,0.3816286623477936,1,7.387781620025635,0.778676602591344,0.2587591276729385,0.39460911931078463,0.36503763621679713,-0.029756702744977312,0.5192180418196172,56.623334315468014,1.2005549669265747,0.92,5.020885467529297,6.550102710723877,-34.45107650756836,2.120230197906494
0.9990525841712952,-0.013174954801797867,0.041476715356111526,0.018366916105151176,0.9916812181472778,-0.12740060687065125,-0.039453186094760895,0.12804172933101654,0.9909837245941162,0.9999998211860657,0.035951558500528336,0.02945808507502079,0.2766014039516449,0.2692504823207855,0.4537566602230072,0.005029435735195875,0.004135611467063427,0.46613460779190063,0.028171604499220848,0.025600263848900795,0.195012167096138,0.13525909185409546,1,0.09743507605492194,1,0.5600555388445684,0.38519045203533675,-0.04512316835633263,0.4700475060249555,55.01604537064212,0.49085484147071834,0.3871734976768494,0.5724317848682403,0.2688777089118958,771.1956024169922,199.1553497314453,825.9567260742188,193.8653039932251,704.8213958740234,197.81345129013062,648.6666870117188,192.76527643203735,478,0.581576943397522,0.3817042112350464,1,7.362209320068359,0.7671914871915932,0.23114203048399817,0.38316890814644594,0.36246493385172146,-0.030948838814960928,0.511234799478663,56.38116172021331,1.0532259941101074,0.92,5.043368816375732,6.5471906661987305,-34.52281951904297,2.261087656021118
0.9989529848098755,-0.006737675052136183,0.04525052011013031,0.012083873152732849,0.9928284287452698,-0.11893561482429504,-0.04412466287612915,0.1193578839302063,0.9918702840805054,1.0000004768371582,0.041135746985673904,0.02499937079846859,0.30365049839019775,0.2866620719432831,0.4961249530315399,0.003976212814450264,0.0040687983855605125,0.4944819509983063,0.026606686413288116,0.02320931665599346,0.2184467315673828,0.09550699591636658,1,0.09772976168920047,1,0.5596288517758643,0.38637024448334417,-0.042146727258197236,0.47642968032573124,53.92078226592603,0.4910553336143494,0.3883699059486389,0.5729544401168823,0.2696958065032959,772.3847961425781,199.3014121055603,826.1550903320312,195.2757167816162,706.3787078857422,197.97444820404053,649.9754333496094,192.95313835144043,478,0.581899106502533,0.381325900554657,1,6.861761093139648,0.7684497368092209,0.2614783846446619,0.3669985338818554,0.3687561792651075,-0.028170053517086964,0.5097596069149234,56.626344850673874,0.6930467486381531,0.92,5.0833611488342285,6.513360977172852,-34.62730407714844,2.528977870941162
0.9995047450065613,-0.011363363824784756,0.029345275834202766,0.015084229409694672,0.9914169311523438,-0.1298648864030838,-0.027617698535323143,0.1302432119846344,0.9910973310470581,1.0000003576278687,0.03433447331190109,0.026802966371178627,0.27452027797698975,0.26464712619781494,0.35173261165618896,0.008202055469155312,0.006179982330650091,0.36308664083480835,0.030217507854104042,0.025248097255825996,0.19005389511585236,0.10332557559013367,1,0.09793940819722666,1,0.55319514285449,0.3918878975133123,-0.04646907312501107,0.4739192626082215,54.79223785783224,0.4930967688560486,0.38608003556728365,0.573363721370697,0.2686545938253403,772.3561096191406,198.33633184432983,826.9700622558594,193.91982793807983,704.7956085205078,197.74266242980957,648.0999755859375,192.95794486999512,478,0.5802669525146484,0.38257455825805664,1,7.486518859863281,0.7390310506300699,0.22339173209420882,0.40472654893761073,0.36845398618936637,-0.03045882261678398,0.5048194839304022,56.897173181912336,0.8646252155303955,0.92,5.055844783782959,6.524050235748291,-34.40348434448242,1.5825787782669067
0.9994194507598877,-0.015171898528933525,0.03050542250275612,0.019162116572260857,0.9906480312347412,-0.13508997857570648,-0.028170565143227577,0.13559609651565552,0.990363597869873,1.000000238418579,0.035169560462236404,0.02508539706468582,0.25771597027778625,0.2511574923992157,0.3280796706676483,0.008725408464670181,0.007186914794147015,0.3355337679386139,0.030522316694259644,0.027943946421146393,0.18901865184307098,0.10886172950267792,1,0.09861221275745777,1,0.5448953457305541,0.3913488957596671,-0.04718530594469308,0.4731365179647074,54.79588574070589,0.49292643070220943,0.3860738515853882,0.5738544583320617,0.2686749339103699,773.0284118652344,198.6033296585083,827.6111602783203,193.77501010894775,704.7789001464844,198.0017852783203,648.2138824462891,192.97028303146362,478,0.5809280276298523,0.3826010823249817,1,7.79620361328125,0.6984289842236763,0.22506473334866123,0.4073659200911907,0.37091887934237416,-0.032377194131228075,0.5017828140709445,56.78835481326351,1.0984115600585938,0.92,5.082624912261963,6.533409118652344,-34.41331481933594,1.6142679452896118
0.9992511868476868,-0.013714459724724293,0.03618008643388748,0.018203897401690483,0.9917569160461426,-0.12683379650115967,-0.0341423936188221,0.12739743292331696,0.9912639260292053,0.9999997615814209,0.036598093807697296,0.021871022880077362,0.31441864371299744,0.2974463403224945,0.37214264273643494,0.00726229976862669,0.0058958991430699825,0.3828514516353607,0.02245216816663742,0.0231800340116024,0.17386262118816376,0.10599271953105927,1,0.09914208829227428,1,0.5485049621526996,0.3831999468938723,-0.0394168344801869,0.4890005363396473,55.0499963687669,0.4918860971927643,0.3887376844882965,0.5735824882984162,0.2697205305099487,773.0735015869141,199.72575902938843,827.8987121582031,194.75601196289062,704.5606231689453,198.02796363830566,647.762451171875,192.95112133026123,478,0.5816963911056519,0.3809828460216522,1,7.323518753051758,0.7781133739279814,0.2799044038331536,0.4018366254050827,0.36793544649357207,-0.03168914409516644,0.5061865905568507,57.02461459881672,1.0436725616455078,0.92,5.081740856170654,6.516207218170166,-34.45369338989258,1.9565953016281128
0.9992204904556274,-0.016690565273165703,0.03577517345547676,0.021129092201590538,0.9916107058525085,-0.1275213062763214,-0.03334663808345795,0.12817780673503876,0.9911904335021973,0.9999998211860657,0.024582911282777786,0.01700403541326523,0.2753112018108368,0.25771939754486084,0.39034444093704224,0.0059966398403048515,0.0063223931938409805,0.39318418502807617,0.02805221453309059,0.026790495961904526,0.1539996713399887,0.0803203210234642,1,0.09996096846904404,1,0.543599505736944,0.39888357710922145,-0.04365512876863262,0.47854624652261984,54.91633516980655,0.4917798340320587,0.38771675527095795,0.5739991962909698,0.26922707259655,774.0607452392578,199.58812952041626,828.6238098144531,193.3691382408142,704.8288726806641,198.64596605300903,648.0738830566406,193.01783323287964,478,0.5822193622589111,0.38151031732559204,1,7.368427276611328,0.7390510736416093,0.1823698612011293,0.396288559533063,0.37869485573809103,-0.031982741294746105,0.5065353101702997,57.033365027658085,1.211371660232544,0.92,5.116612434387207,6.522706985473633,-34.45832443237305,1.9109758138656616
0.9992038607597351,-0.01698634959757328,0.036098990589380264,0.021274611353874207,0.9923093318939209,-0.12194108217954636,-0.0337500274181366,0.12261202931404114,0.9918806552886963,1.0000001192092896,0.028829477727413177,0.020234184339642525,0.23476669192314148,0.22985580563545227,0.3310483992099762,0.00842311978340149,0.0070720575749874115,0.3391234874725342,0.03338699787855148,0.030218109488487244,0.1672801375389099,0.0869947075843811,1,0.09888601115513636,1,0.5435042182490393,0.3993376339328516,-0.05235944204257476,0.4742187916850433,54.809776345302566,0.4923123896121979,0.38658654093742373,0.5745223343372345,0.26815357208251955,774.0268707275391,198.3841609954834,828.6027526855469,193.32602977752686,705.0047302246094,197.82613277435303,648.2711791992188,193.06525468826294,478,0.5822099447250366,0.3815670311450958,1,7.046908855438232,0.6848705203909354,0.19080506179524662,0.4170437184540341,0.37566004131964814,-0.03574872567721006,0.5002653691317024,56.93295857598724,1.2197322845458984,0.92,5.114992141723633,6.5087199211120605,-34.44764709472656,1.9341013431549072
0.9992547035217285,-0.017384180799126625,0.03446641191840172,0.021457310765981674,0.9923508167266846,-0.12157083302736282,-0.03208936005830765,0.12221978604793549,0.9919842481613159,1.0,0.024766696617007256,0.016304396092891693,0.26124852895736694,0.2509322464466095,0.3509657382965088,0.009475767612457275,0.004891824908554554,0.3710518777370453,0.029695840552449226,0.0270534697920084,0.157003715634346,0.07465441524982452,1,0.09717763742143201,1,0.566787372034214,0.4010956503526938,-0.04617755276373315,0.48307086746231476,55.28594823746974,0.49287996292114256,0.38606918156147,0.5740492105484009,0.2679206758737564,773.3232879638672,197.64013767242432,828.4065246582031,192.91011571884155,705.5415344238281,196.95029497146606,649.0403747558594,192.97775030136108,478,0.5811692476272583,0.3818514943122864,1,7.02386474609375,0.8016507421546234,0.19904821052478175,0.4144123623885779,0.3882640507741787,-0.03153142793188994,0.5114114857045152,56.64064048979812,1.230141282081604,0.92,5.113862991333008,6.524137496948242,-34.47562026977539,1.8389004468917847
0.9992498159408569,-0.022674178704619408,0.03139529749751091,0.02626384235918522,0.9925345778465271,-0.11910184472799301,-0.02846037782728672,0.11983705312013626,0.9923855066299438,1.0000001192092896,0.03186816722154617,0.025699874386191368,0.27083954215049744,0.2629382610321045,0.33334463834762573,0.008097895421087742,0.007197177037596703,0.34370625019073486,0.028704019263386726,0.02577192150056362,0.18486933410167694,0.11741752922534943,1,0.09897853791033323,1,0.542892680257093,0.38751007288930006,-0.0439699804025262,0.4777461893590886,55.232987389735094,0.49198210835456846,0.3865832984447479,0.573162978887558,0.2682247757911682,772.0884704589844,197.88254499435425,827.0693206787109,192.61101722717285,703.7867736816406,197.58829593658447,647.3979187011719,193.19518089294434,478,0.5811808705329895,0.3816414773464203,1,6.885501384735107,0.7035711889690992,0.20211497977019968,0.40373140484796477,0.36578307875359295,-0.030185399005646634,0.5007645859487891,56.559724415065105,1.5055903196334839,0.92,5.093353271484375,6.523120403289795,-34.5063591003418,1.6308796405792236
0.9990306496620178,-0.018166618421673775,0.04009697213768959,0.022733937948942184,0.9929230809211731,-0.11656355112791061,-0.037695642560720444,0.1173621416091919,0.9923735857009888,1.0000004768371582,0.023915128782391548,0.01959560438990593,0.29031726717948914,0.2739769220352173,0.3649961054325104,0.00779452221468091,0.005348301492631435,0.3795403242111206,0.026996849104762077,0.024185070767998695,0.14462685585021973,0.0961066409945488,1,0.09804296558469795,1,0.5528104083468822,0.4023932105539194,-0.04293155823856104,0.4788734337732929,54.63561400041364,0.4918611526489258,0.38639957308769224,0.5736588120460511,0.26870167851448057,772.9567718505859,198.54545831680298,827.3133850097656,193.0310297012329,704.2007446289062,197.9749631881714,648.1071472167969,192.9185914993286,478,0.5817976593971252,0.38230210542678833,1,6.74470329284668,0.7257769111167437,0.1919881865735222,0.414820657339748,0.3744974260292119,-0.03119444726517071,0.5086985053134201,56.321031288499825,1.3035974502563477,0.92,5.094028949737549,6.518625736236572,-34.55311965942383,2.1603128910064697
0.9988786578178406,-0.019125716760754585,0.04330696165561676,0.024231163784861565,0.9924032688140869,-0.12061747908592224,-0.04067106917500496,0.12153161317110062,0.9917539358139038,0.9999995827674866,0.028817256912589073,0.021888092160224915,0.27102717757225037,0.260405033826828,0.3411698043346405,0.009128548204898834,0.005889005959033966,0.3532794713973999,0.029674019664525986,0.0275209192186594,0.15358123183250427,0.09750427305698395,1,0.09786687004950892,1,0.5463950187642196,0.39834749935118124,-0.04486820464378973,0.47523501535450163,54.93645110603805,0.491706657409668,0.3873636066913605,0.5737558484077454,0.2685884177684784,772.5087738037109,198.70963096618652,827.1578216552734,193.09756994247437,704.2420959472656,198.0619740486145,648.0308532714844,193.08748483657837,478,0.5820491909980774,0.3812248110771179,1,6.986313819885254,0.7005802305717728,0.20070999844655332,0.419349367288207,0.37509885335446363,-0.03507777533615016,0.5027013434251931,56.43092544154399,1.3896293640136719,0.92,5.068074703216553,6.520377159118652,-34.49264907836914,2.330923318862915
0.9984875917434692,-0.01502860989421606,0.05288306996226311,0.021628353744745255,0.9917267560958862,-0.12653130292892456,-0.050543978810310364,0.12748372554779053,0.9905519485473633,1.0000005960464478,0.051597174257040024,0.0333089642226696,0.24767489731311798,0.24566911160945892,0.17726176977157593,0.019324790686368942,0.016746319830417633,0.1838761866092682,0.031826674938201904,0.029180992394685745,0.2499730885028839,0.1500210165977478,1,0.09913962408213943,1,0.5007048131456079,0.37160734792907213,-0.0468278085666321,0.471721330610702,54.74806660646339,0.4926865339279175,0.3863183379173279,0.5754324436187744,0.26643447279930116,773.0744934082031,197.23186254501343,827.5941467285156,192.23604440689087,704.5960998535156,196.60489082336426,647.7775573730469,191.68269395828247,478,0.5827459096908569,0.38011613488197327,1,7.333635330200195,0.40979992674048615,0.32548511358511467,0.44334951044507426,0.3524743885891754,-0.0399346462869058,0.4981653871508493,57.03134920109742,1.2408963441848755,0.7,5.014141082763672,6.603147983551025,-34.440670013427734,2.897191047668457
0.9988070726394653,-0.01534753106534481,0.04635609686374664,0.021293003112077713,0.9912036657333374,-0.1306208074092865,-0.04394363984465599,0.1314520537853241,0.9903481006622314,1.0000001192092896,0.04333037510514259,0.027700822800397873,0.2611718475818634,0.25310182571411133,0.1735304892063141,0.02086041122674942,0.016225673258304596,0.18274980783462524,0.02990630455315113,0.02849350869655609,0.19370616972446442,0.12871363759040833,1,0.09889897450444793,1,0.5035544250511556,0.38243726169888814,-0.0466794699847601,0.47272569664084046,54.7245739573077,0.49321554303169246,0.38769435584545137,0.575270277261734,0.26693319976329805,772.8916168212891,197.7692699432373,827.3787689208984,192.67719268798828,704.1695404052734,196.78020000457764,647.7500152587891,191.95610761642456,478,0.5820547342300415,0.3792388439178467,1,7.560854911804199,0.4068816323507115,0.2946503424940621,0.4460783610349783,0.362550890341009,-0.04123273244372232,0.49373078424411126,56.62538905153296,1.221271276473999,0.7,5.03122091293335,6.617093086242676,-34.4721565246582,2.5185959339141846
0.9990346431732178,-0.009751176461577415,0.04283362627029419,0.01577634923160076,0.9896450638771057,-0.142666295170784,-0.040998924523591995,0.14320431649684906,0.988843560218811,0.9999998211860657,0.03905610740184784,0.02731987088918686,0.2956234812736511,0.2750498354434967,0.16665896773338318,0.022877313196659088,0.016041401773691177,0.17278257012367249,0.026118027046322823,0.025816652923822403,0.1875016838312149,0.1486748307943344,1,0.0985241606408582,1,0.5160645980623392,0.3824873859887432,-0.03635502578320891,0.48460060715797304,54.94146937767197,0.49398776292800906,0.3855454236268997,0.5758148074150086,0.26771833598613737,773.8727569580078,198.2951545715332,828.5707092285156,193.12803983688354,704.9229431152344,196.77155256271362,648.5337066650391,191.3965344429016,478,0.5818270444869995,0.38217291235923767,1,8.240285873413086,0.43697510863645606,0.33490687922352225,0.44929743185508975,0.3603085891799687,-0.035499937342381084,0.4971886249317851,56.64483036727741,0.904716432094574,0.7,5.042638301849365,6.5960588455200195,-34.368839263916016,2.3497238159179688
0.9992632269859314,-0.00551617844030261,0.03798050433397293,0.010373413562774658,0.9916025400161743,-0.12890605628490448,-0.036950502544641495,0.12920507788658142,0.9909292459487915,0.999999463558197,0.4243374764919281,0.41006919741630554,0.6782245635986328,0.6612843871116638,0.10615324974060059,0.05115919187664986,0.03268462419509888,0.0864570140838623,0.006891585420817137,0.004181796684861183,0.3171142041683197,0.2714497447013855,1,0.09683121714559569,1,0.5174115088023772,0.19680710460106748,0.012368919879229615,0.3787966030112003,54.61368044397144,0.4950120210647583,0.3957988381385803,0.5765854477882385,0.2778823137283325,773.7711334228516,200.1297426223755,828.382568359375,200.62498569488525,704.9581146240234,199.08679246902466,648.8117980957031,198.4316897392273,478,0.5815734267234802,0.3820834755897522,1,7.428760051727295,0.4559845749263887,0.66928102184997,0.48769935294731814,0.1816666694473258,0.012251181205914764,0.3557704360279646,56.15013819570903,0.5947696566581726,0.7,5.120083332061768,6.538066387176514,-34.77718734741211,2.1175897121429443
0.9989012479782104,-0.0006443282472901046,0.04686001315712929,0.0066067869774997234,0.9918554425239563,-0.12719669938087463,-0.046396419405937195,0.12736652791500092,0.9907699823379517,1.0000003576278687,0.33436548709869385,0.2576977014541626,0.6167313456535339,0.6079453229904175,0.11747586727142334,0.04114023223519325,0.02629881724715233,0.11846626549959183,0.008729090914130211,0.006258014123886824,0.3405938744544983,0.26592522859573364,1,0.09678243117563826,1,0.5138194163254324,0.22937502810341157,-0.0015551006964974734,0.4465892423061952,53.551047677867096,0.4946440517902374,0.3964362323284149,0.5764187633991241,0.27701552510261535,773.8206481933594,201.50331258773804,827.3649597167969,200.6539535522461,704.8844146728516,199.9334478378296,649.7034454345703,197.23847150802612,478,0.5817747116088867,0.38057929277420044,1,7.325371742248535,0.40318538438955825,0.6068137681659146,0.47627596404252026,0.2397395658047316,-0.006733064254412389,0.43858655684815584,55.24673984593874,0.3789518475532532,0.7,5.10787296295166,6.554969787597656,-34.88423538208008,2.659273624420166
0.998894214630127,-0.00173552508931607,0.04698256030678749,0.007432757411152124,0.9925804734230042,-0.12136182188987732,-0.04642334580421448,0.12157682329416275,0.9914958477020264,0.9999997019767761,0.28021588921546936,0.3000844419002533,0.5176587104797363,0.5025708675384521,0.11243413388729095,0.04006309062242508,0.027767537161707878,0.11678570508956909,0.014254054985940456,0.010130207054316998,0.3159733712673187,0.28921180963516235,1,0.09693570611545343,1,0.5065354505944013,0.25853053069569243,-0.027021552043787755,0.4091669196579941,53.01391735903333,0.4946912050247192,0.393852898478508,0.5765645623207092,0.2742146342992783,774.0097808837891,200.6216597557068,827.0103454589844,199.43187475204468,704.8994445800781,198.88431787490845,650.3964996337891,196.62435293197632,478,0.58187335729599,0.38036173582077026,1,6.990687847137451,0.3703371096135449,0.6287922995643584,0.4701654048296088,0.22806619724149496,-0.022171766838394592,0.37111534943849694,54.54977955473879,0.4263291656970978,0.7,5.096883773803711,6.525154113769531,-34.787452697753906,2.660817861557007
0.9989171028137207,-0.017102723941206932,0.04326692968606949,0.02255607768893242,0.9914045333862305,-0.12887288630008698,-0.040690936148166656,0.12970928847789764,0.990716814994812,0.9999999403953552,0.05782255902886391,0.09442548453807831,0.38322755694389343,0.36432069540023804,0.16064032912254333,0.02604645863175392,0.01826273836195469,0.1706339716911316,0.023608563467860222,0.016603685915470123,0.20990189909934998,0.2550238370895386,1,0.0970823754557925,1,0.511397698081413,0.3634859744165877,-0.035552172209906814,0.4588806283237818,53.672951733320936,0.4940743386745453,0.39102913737297057,0.5760230362415314,0.27117504477500914,773.5909271240234,199.5647406578064,827.0243072509766,194.49920654296875,705.3507232666016,198.74269723892212,650.4367065429688,195.3086543083191,478,0.5819486975669861,0.3801459074020386,1,7.459005832672119,0.4361852965288648,0.41193397378566304,0.4503353798155362,0.311645798345349,-0.02531740919815291,0.49220651314572395,55.02128573272976,1.2935491800308228,0.7,5.1354780197143555,6.604130744934082,-34.77122116088867,2.3320627212524414
0.998813271522522,-0.015769051387906075,0.046080879867076874,0.02123025804758072,0.9924814701080322,-0.12053961306810379,-0.04383362457156181,0.12137486040592194,0.9916384220123291,1.0000001192092896,0.05854398012161255,0.03479436784982681,0.36840733885765076,0.34928029775619507,0.18752257525920868,0.02096809446811676,0.015012168325483799,0.20343227684497833,0.021773546934127808,0.017896823585033417,0.21795625984668732,0.166131854057312,1,0.09727516616445354,1,0.5124567418243451,0.36415128438768657,-0.03483324048569616,0.4673815625518168,54.0714004588472,0.49347080588340764,0.3899257481098175,0.5760931551456452,0.270748496055603,773.6409759521484,199.56021308898926,827.4961853027344,194.72981214523315,705.5779266357422,198.6415672302246,650.4058074951172,194.12869691848755,478,0.5826223492622375,0.3808227479457855,1,6.978196620941162,0.4461914299045845,0.4344409779934258,0.4475985909893724,0.3459490249527868,-0.026156468444052484,0.5194543274917942,55.35637929840236,1.2176660299301147,0.7,5.1434783935546875,6.572709083557129,-34.76885223388672,2.512286424636841
0.9988188743591309,-0.015928316861391068,0.045903559774160385,0.02137875370681286,0.9924456477165222,-0.1208079382777214,-0.043632522225379944,0.12164662033319473,0.9916139245033264,0.9999997615814209,0.06095048785209656,0.03183245658874512,0.3740110695362091,0.35443755984306335,0.1934514343738556,0.019622229039669037,0.014010244980454445,0.20681391656398773,0.020609520375728607,0.018138950690627098,0.2162599265575409,0.16070252656936646,1,0.09763427179391207,1,0.5109567604708872,0.36171265534213715,-0.03136947713903947,0.46980126548693224,54.068782507709145,0.4932288885116577,0.39003719091415406,0.5761379957199096,0.2706748068332672,773.8558959960938,199.59574699401855,827.686767578125,194.52913999557495,705.6158447265625,198.6101531982422,650.38818359375,193.5504126548767,478,0.582909107208252,0.38063761591911316,1,6.993837356567383,0.4495822496337981,0.4942266893688857,0.44450013888251705,0.34747509497206625,-0.02314930458313223,0.5169149521639959,55.45895354834837,1.2261735200881958,0.7,5.13617467880249,6.551920413970947,-34.643280029296875,2.500753164291382
0.9989997744560242,-0.015946125611662865,0.04177456721663475,0.021683834493160248,0.9898120760917664,-0.14071910083293915,-0.03910505771636963,0.14148417115211487,0.9891678690910339,0.9999997615814209,0.0656876191496849,0.03500349074602127,0.34852659702301025,0.32358241081237793,0.18677392601966858,0.019470522180199623,0.015941960737109184,0.1955309361219406,0.023895667865872383,0.019473794847726822,0.24406678974628448,0.13298121094703674,1,0.0985715116654937,1,0.508394714142772,0.36055872652073967,-0.03490957004453789,0.4635847964795913,54.209975198387575,0.493644368648529,0.3875367969274521,0.5765064477920532,0.2692869335412979,774.6575927734375,198.09630632400513,828.7128448486328,194.00349140167236,705.8554077148438,197.77635097503662,650.308837890625,193.16906690597534,478,0.5828620791435242,0.3817501366138458,1,8.140005111694336,0.47520920008941214,0.4064394234639423,0.44083342044634644,0.3517054716003686,-0.02654176556742467,0.4980863166807664,55.737316815947544,1.2434407472610474,0.7,5.137599945068359,6.603917121887207,-34.489871978759766,2.24112606048584
0.9991048574447632,-0.011563831008970737,0.04069108888506889,0.01699310541152954,0.9906009435653687,-0.13572382926940918,-0.03873913362622261,0.13629379868507385,0.9899107813835144,1.0000004768371582,0.0587443932890892,0.04482800513505936,0.3608262836933136,0.3284776210784912,0.20593400299549103,0.01706906035542488,0.014924201183021069,0.2104305475950241,0.022630522027611732,0.018937312066555023,0.21096210181713104,0.1678362488746643,1,0.09948927533178711,1,0.5067050420478972,0.36748765422727414,-0.03376110066902785,0.46822085713727407,54.658261531564506,0.49361655712127683,0.38733946084976195,0.5763054251670837,0.26915844082832335,774.6514129638672,198.30766439437866,829.1738891601562,194.4573211669922,705.3675079345703,197.34565258026123,649.4789123535156,192.77079105377197,478,0.5826888680458069,0.3818189799785614,1,7.839361190795898,0.4390545997777971,0.428847430671607,0.43779135832713745,0.3415488233416584,-0.02888426084086631,0.4893788084260794,56.07552473335749,0.9744114875793457,0.7,5.118224620819092,6.567831993103027,-34.404541015625,2.220144271850586
0.9991561770439148,-0.012025388889014721,0.03927181661128998,0.017148412764072418,0.9909889698028564,-0.13284112513065338,-0.03732048720121384,0.133402481675148,0.9903590083122253,1.0000001192092896,0.06328366696834564,0.04020854830741882,0.24794630706310272,0.23306453227996826,0.18855562806129456,0.019248923286795616,0.01596446894109249,0.1936349719762802,0.03149006515741348,0.03225300833582878,0.20843440294265747,0.15926852822303772,1,0.09937107271995993,1,0.5057428043965231,0.3730933514057085,-0.04868853903105831,0.44347699326091294,54.63877015117224,0.49375114440917967,0.3855963259935379,0.5764359593391418,0.26742314398288725,774.7752380371094,198.1717300415039,829.2581939697266,194.04829502105713,705.3307342529297,197.08863258361816,649.4796752929688,192.0667862892151,478,0.5826848149299622,0.38182681798934937,1,7.671629428863525,0.4575498696431904,0.311417778115497,0.4406581986497676,0.35499510038849535,-0.04564901274313323,0.4593725314768889,56.07637405597651,0.9832649230957031,0.7,5.115626335144043,6.559510707855225,-34.37303161621094,2.138803005218506
0.9989599585533142,-0.00981295295059681,0.044527266174554825,0.015583842061460018,0.9912373423576355,-0.13117067515850067,-0.042849909514188766,0.1317281424999237,0.9903593063354492,0.9999998211860657,0.045859195291996,0.025023622438311577,0.28187400102615356,0.2724742591381073,0.2412467896938324,0.013556127436459064,0.01297830045223236,0.2456386387348175,0.028680961579084396,0.024844247847795486,0.1874053031206131,0.09029912203550339,1,0.09945178698174933,1,0.5114489512458839,0.3894378191722603,-0.0463885315379997,0.4627579123608298,53.997057649962855,0.49305777549743657,0.3872357577085495,0.5765243649482727,0.2689426213502884,775.5821228027344,198.96559953689575,829.3895721435547,194.44446802139282,705.9249114990234,198.44964981079102,650.0685119628906,192.78014659881592,478,0.5834665894508362,0.3817068636417389,1,7.576465606689453,0.5002336953821811,0.2937674439634999,0.4312313279997442,0.372444946058348,-0.03724182508758697,0.49159925696544005,56.143393519834376,0.893745481967926,0.7,5.133649826049805,6.557222843170166,-34.47386169433594,2.4558708667755127
0.9989913702011108,-0.007548825349658728,0.044262662529945374,0.013455402106046677,0.9907940626144409,-0.13470731675624847,-0.04283830150961876,0.13516701757907867,0.9898963570594788,0.9999995827674866,0.06580328941345215,0.038549721240997314,0.2599160075187683,0.2525928318500519,0.19778773188591003,0.018215490505099297,0.01517419796437025,0.1979464441537857,0.030375633388757706,0.02823975309729576,0.2550585865974426,0.14525410532951355,1,0.09832380702162646,1,0.5118226147702898,0.369939693935182,-0.04383626535929425,0.4612320346895031,54.312546637759176,0.4938693642616272,0.3859004944562912,0.577630877494812,0.26762109696865083,776.0923767089844,197.96685218811035,830.2523040771484,193.89806985855103,708.23974609375,196.94074630737305,651.6023254394531,191.76380395889282,478,0.5837615132331848,0.3817206025123596,1,7.775458812713623,0.48623575199416363,0.34440551378565853,0.4363531670682175,0.3543004832805672,-0.03759085354199602,0.47885339537155724,56.87352767821782,0.7716694474220276,0.7,5.164318561553955,6.570475101470947,-34.40180587768555,2.455204963684082
0.9986689686775208,-0.006985328625887632,0.05110298469662666,0.013469602912664413,0.991725742816925,-0.12766659259796143,-0.049788348376750946,0.12818500399589539,0.99049973487854,1.0000001192092896,0.052238401025533676,0.028541546314954758,0.254415363073349,0.24897727370262146,0.23860688507556915,0.01436774991452694,0.01177902054041624,0.24328429996967316,0.0317954421043396,0.027900755405426025,0.23098152875900269,0.1090015321969986,1,0.09824411216717596,1,0.5143319995787099,0.3792815484170587,-0.046223688137553856,0.4603838845185848,54.705153730878294,0.49274078011512756,0.3864694118499756,0.5777173340320587,0.2681909382343292,776.1385345458984,198.65281105041504,830.6476593017578,194.02580738067627,708.9276885986328,197.80104875564575,651.6633605957031,192.11257696151733,478,0.5849765539169312,0.38172152638435364,1,7.3739190101623535,0.48713708817016826,0.3127263009975509,0.4326569579306692,0.36105792942050574,-0.03780185290262249,0.4876635792002968,57.54617253210507,0.7727330923080444,0.7,5.161081790924072,6.520029544830322,-34.36689376831055,2.85384202003479
0.9988182187080383,-0.0041251708753407,0.04842699319124222,0.010265576653182507,0.9918183088302612,-0.12724357843399048,-0.04750587418675423,0.1275903731584549,0.9906886219978333,0.9999997615814209,0.05434373393654823,0.031732022762298584,0.24768728017807007,0.24807797372341156,0.246019646525383,0.01366219948977232,0.011174864135682583,0.2523254156112671,0.03098660334944725,0.028287231922149658,0.21901589632034302,0.11262618005275726,1,0.09829374676717897,1,0.5183870245710356,0.3798610452982316,-0.05021342890690622,0.4565069203453494,54.52520635107003,0.49325598478317256,0.3867126226425171,0.5785213232040405,0.26790199875831605,777.4950408935547,198.72722625732422,831.8525695800781,194.45438146591187,709.7816467285156,197.63726234436035,652.9018402099609,191.66336059570312,478,0.5852653384208679,0.38118937611579895,1,7.338702201843262,0.5075179390297576,0.3191558307255443,0.43099943529505963,0.36158152626598156,-0.04066143361222201,0.48185593624276973,57.19265592543514,0.5888493657112122,0.7,5.222893714904785,6.527476787567139,-34.384605407714844,2.7229106426239014
0.9990731477737427,-0.006298294756561518,0.042580828070640564,0.011246348731219769,0.9930700659751892,-0.11698410660028458,-0.041548941284418106,0.11735456436872482,0.9922205209732056,0.9999995231628418,0.04854412376880646,0.03617892041802406,0.36164921522140503,0.3325853943824768,0.09941678494215012,0.0378371961414814,0.03246476873755455,0.10438356548547745,0.02284182608127594,0.019129101186990738,0.20761550962924957,0.13822834193706512,1,0.0988112683585056,1,0.48726304045450114,0.3713646509054094,-0.03120130089711647,0.48590770310194387,54.840799038767614,0.49484338164329533,0.3891804277896881,0.5774411737918854,0.26947963833808897,774.5975494384766,199.06267404556274,829.2161560058594,194.13103580474854,706.3601684570312,197.98116445541382,650.1460266113281,192.25936889648438,478,0.5825977921485901,0.3802992105484009,1,6.745302677154541,0.38269978625493073,0.46648290058591246,0.4567808789427092,0.3498283838009308,-0.027151595538807288,0.4952630486931566,56.50458997267412,0.6449388265609741,0.5,5.108763694763184,6.521790504455566,-34.51569747924805,2.3812642097473145
0.998984158039093,-0.011347392573952675,0.043609775602817535,0.017016954720020294,0.9911139607429504,-0.1319223940372467,-0.0417252816259861,0.1325305700302124,0.9903002977371216,1.000000238418579,0.050470661371946335,0.03538600727915764,0.27207738161087036,0.2677195370197296,0.0928913876414299,0.03730875253677368,0.03706465661525726,0.0983787253499031,0.030408358201384544,0.02530045248568058,0.23187749087810516,0.12623316049575806,1,0.09963296225438703,1,0.48288924869676697,0.38242640327020105,-0.04934535397221655,0.46863822124845433,53.273813041979125,0.49479978084564213,0.3867009609937668,0.5779037952423096,0.26830399334430693,776.40869140625,198.44419956207275,829.4297790527344,193.26120615005493,706.3705444335938,198.0347442626953,650.4767608642578,192.80033826828003,478,0.5831040143966675,0.38160303235054016,1,7.622525691986084,0.3070189109606338,0.2892701734267207,0.45427071229264787,0.356239951818223,-0.0330466674356496,0.49187822826325517,56.138347392156234,0.9758967161178589,0.5,5.120398998260498,6.562236785888672,-34.447269439697266,2.3913767337799072
0.9988695383071899,-0.009107197634875774,0.04665538668632507,0.015300239436328411,0.9908419251441956,-0.13415704667568207,-0.04500633478164673,0.13471922278404236,0.9898611903190613,1.0000003576278687,0.054277535527944565,0.03970946744084358,0.2568325102329254,0.251687228679657,0.11647403240203857,0.031853511929512024,0.02715698815882206,0.12140218168497086,0.03202825039625168,0.027795512229204178,0.24313411116600037,0.14427465200424194,1,0.09886972743051917,1,0.49415232089457223,0.3785447684554196,-0.052958877518233825,0.4657858596067352,53.80976533335656,0.49452916383743284,0.3854187846183777,0.5775663614273071,0.26822773814201356,775.7666778564453,198.52550268173218,829.3791961669922,193.922381401062,706.4643859863281,197.83347129821777,650.56640625,192.79542446136475,478,0.5830371975898743,0.38280895352363586,1,7.7502851486206055,0.3548935384263846,0.34003373486572835,0.4532508569345781,0.35503081423711735,-0.037260835697133225,0.48656334727853706,56.12455839154125,0.8775626420974731,0.5,5.092598915100098,6.550201892852783,-34.397850036621094,2.5795440673828125
0.9989607334136963,-0.008074209094047546,0.044856712222099304,0.014408456161618233,0.9896554946899414,-0.14273887872695923,-0.04324019327759743,0.14323687553405762,0.9887434244155884,0.9999999403953552,0.044339198619127274,0.03805166482925415,0.29803934693336487,0.2852664589881897,0.11924824118614197,0.030449211597442627,0.027371123433113098,0.12347583472728729,0.027752988040447235,0.023730693385004997,0.21408036351203918,0.14082472026348114,1,0.0994197296689418,1,0.49001764948638393,0.3807724093868909,-0.04032306719162849,0.4830527263896064,54.37206295087154,0.4947271704673767,0.38598995804786684,0.577137565612793,0.2688374757766724,775.0130462646484,198.72364282608032,829.1828918457031,194.03866052627563,705.8138275146484,197.89700746536255,649.6463012695312,192.56385326385498,478,0.5824103951454163,0.38284751772880554,1,8.242956161499023,0.3465914783444841,0.312091769368162,0.45174032858036106,0.3533420012161985,-0.033263682288398745,0.49247661969540363,56.42015188162671,0.8263452053070068,0.5,5.070634841918945,6.567415237426758,-34.359405517578125,2.478253126144409
0.9988168478012085,-0.0032429001294076443,0.048521291464567184,0.009722741320729256,0.9909452795982361,-0.13391415774822235,-0.047647666186094284,0.13422748446464539,0.9898043274879456,1.0000001192092896,0.04539777711033821,0.04374748468399048,0.2935924232006073,0.2813689708709717,0.13374459743499756,0.027339773252606392,0.02408698946237564,0.1398564577102661,0.028743203729391098,0.024244170635938644,0.2113943099975586,0.15503212809562683,1,0.09875998285780205,1,0.4953848623494432,0.38242797941720597,-0.04242479400560731,0.47907155919600153,54.21087141312077,0.4946705281734467,0.38850192427635194,0.5771274149417878,0.26894207000732423,774.9461364746094,199.21727657318115,828.9512634277344,194.49871301651,706.3784027099609,197.89484024047852,650.7453155517578,192.48806476593018,478,0.5824568867683411,0.3804401457309723,1,7.722775936126709,0.3654284210454681,0.3340063174936229,0.4431622862523531,0.3525008448490218,-0.0363172542753965,0.48986327186248896,55.89520201140875,0.5577142834663391,0.5,5.070422649383545,6.567277431488037,-34.45895767211914,2.731044054031372
0.9989015460014343,-0.0012734922347590327,0.04684048146009445,0.007188006769865751,0.9919635653495789,-0.1263192594051361,-0.04630318656563759,0.12651720643043518,0.9908831715583801,1.0,0.053697582334280014,0.039855413138866425,0.32174286246299744,0.30265748500823975,0.09716348350048065,0.03548511117696762,0.035824161022901535,0.10182009637355804,0.02588469535112381,0.021625634282827377,0.26102158427238464,0.1524558812379837,1,0.09970276485639198,1,0.4799475141248036,0.367278001898393,-0.03706488718192753,0.49453885269920594,54.19912656770623,0.49515841007232664,0.3880299419164658,0.577910041809082,0.2688851743936539,775.694580078125,198.90774965286255,829.7042846679688,194.38037395477295,706.6175842285156,197.71034717559814,650.7856750488281,191.96117162704468,478,0.5827516317367554,0.3808552324771881,1,7.27622652053833,0.39292629638300197,0.3961043621078234,0.44851893175439955,0.348665683205128,-0.0312895912966069,0.4986751902304453,56.127133387063445,0.41228821873664856,0.5,5.095550537109375,6.5633416175842285,-34.49068069458008,2.653925895690918
0.9988609552383423,0.00026246136985719204,0.04771484062075615,0.005462421104311943,0.9927816987037659,-0.11981116980314255,-0.047401901334524155,0.11993534117937088,0.9916493892669678,1.000000238418579,0.048003267496824265,0.03762811794877052,0.34971025586128235,0.32209306955337524,0.09448956698179245,0.03880181163549423,0.03504393994808197,0.1002122089266777,0.024390697479248047,0.019826781004667282,0.23903760313987732,0.13893721997737885,1,0.09887880030237059,1,0.4832630183670795,0.3730225639018316,-0.03166927869785427,0.4920412293691901,54.06610805898478,0.4951606869697571,0.38926735818386077,0.5782900333404541,0.2693959206342697,775.8628082275391,198.9068055152893,829.7492980957031,194.50336933135986,707.8788757324219,197.5604009628296,651.9380187988281,192.29747772216797,478,0.583129346370697,0.38012856245040894,1,6.896160125732422,0.38930445880311537,0.43684597574195533,0.44577731167200485,0.35335539727587456,-0.02678362882677654,0.5000988239823317,56.187879792836775,0.313327431678772,0.5,5.123447895050049,6.55044412612915,-34.55379867553711,2.716946840286255
0.998649537563324,-0.00418873643502593,0.051784269511699677,0.010830835439264774,0.9916297197341919,-0.1286594420671463,-0.05081189423799515,0.12904654443264008,0.9903358221054077,1.0000001192092896,0.050109148025512695,0.039417870342731476,0.33878105878829956,0.3145289719104767,0.10089025646448135,0.03938887640833855,0.031217427924275398,0.1047782376408577,0.02460106834769249,0.02112732268869877,0.2315637618303299,0.16427461802959442,1,0.09819288774574982,1,0.49521434239184453,0.36911166791438116,-0.033436846396791474,0.486532246727947,54.33707004163125,0.4946237444877625,0.3879638761281967,0.5786440014839173,0.26932667195796967,776.4007568359375,198.94901275634766,830.5490112304688,194.42311763763428,708.3866119384766,197.74940013885498,652.2544097900391,192.22831964492798,478,0.5840202569961548,0.38136279582977295,1,7.4241437911987305,0.38452724774858693,0.4213489603362682,0.45419716225263157,0.34953262805513896,-0.0286432759345855,0.4955937607491135,56.403071263595905,0.6213759183883667,0.5,5.14375114440918,6.5658793449401855,-34.47559356689453,2.9125611782073975
0.9985641241073608,-7.056840695440769e-05,0.05356867238879204,0.006825295276939869,0.9920166730880737,-0.12592223286628723,-0.05313212424516678,0.12610705196857452,0.9905927777290344,1.0000001192092896,0.05263906344771385,0.02949332632124424,0.35652825236320496,0.3329779803752899,0.1109098270535469,0.03596838563680649,0.02898235432803631,0.11622332036495209,0.022721203044056892,0.01986244134604931,0.23332415521144867,0.14720815420150757,1,0.09827573449387286,1,0.4945307369952865,0.3689634676725273,-0.030491858779425948,0.5022562110319924,54.154248671984355,0.49469068050384524,0.3881355047225952,0.5787008047103882,0.269452166557312,776.5306854248047,199.22678232192993,830.5300903320312,195.13448238372803,708.3708190917969,197.57439136505127,652.2599029541016,191.51495933532715,478,0.584010124206543,0.3813166618347168,1,7.254993438720703,0.39073932607641815,0.4488318335062971,0.4545827254400232,0.3570134381118901,-0.028593426542534443,0.5071840200499553,56.43714757539751,0.3916168212890625,0.5,5.131811618804932,6.532052516937256,-34.41590118408203,3.045680522918701
0.9986410737037659,0.001329328864812851,0.05209828168153763,0.00529877096414566,0.9919041395187378,-0.12687820196151733,-0.05184516683220863,0.12698185443878174,0.9905492067337036,0.9999998211860657,0.04583084583282471,0.031235015019774437,0.33630844950675964,0.3100764751434326,0.1250154823064804,0.030518928542733192,0.02417576126754284,0.1355525255203247,0.024680614471435547,0.020367585122585297,0.24513377249240875,0.13666978478431702,1,0.09811619624718962,1,0.50438729647247,0.37315248698877884,-0.03443412408548173,0.4878835285118114,54.18194353561478,0.4947117447853089,0.3876591414213181,0.5788102626800538,0.2690190762281418,777.1381378173828,199.02739763259888,831.1272430419922,194.46017503738403,708.5568237304688,197.56975650787354,652.6329040527344,191.48897409439087,478,0.5840985178947449,0.38135993480682373,1,7.3050971031188965,0.43487329608055647,0.411698956563243,0.45352077320036516,0.3573901795105009,-0.028726395948568177,0.5063702695784673,56.25353950636629,0.30400747060775757,0.5,5.145471572875977,6.53617000579834,-34.4052734375,2.971841335296631
0.9984307885169983,-0.00246435753069818,0.055945370346307755,0.009474069811403751,0.9920636415481567,-0.12537921965122223,-0.05519238859415054,0.12571251392364502,0.9905303120613098,1.0000001192092896,0.062178682535886765,0.033992279320955276,0.314371258020401,0.29856762290000916,0.1327364444732666,0.027815522626042366,0.023966656997799873,0.13737493753433228,0.027677884325385094,0.0219801664352417,0.3105500042438507,0.12673000991344452,1,0.09760276463355662,1,0.49533328612117805,0.36389703073697893,-0.035531579609672306,0.4882905949549957,53.49687538132844,0.4940704941749573,0.3877598285675049,0.5788841485977173,0.268059515953064,776.7210388183594,197.71279335021973,830.0857543945312,193.9547610282898,708.9194488525391,197.15654611587524,653.0792999267578,191.38011932373047,478,0.58481365442276,0.3802996873855591,1,7.232987403869629,0.391655225631829,0.4144889428966152,0.4537668526886937,0.357157261937206,-0.03129472106675702,0.5044700803353921,56.138127316919935,0.5436609983444214,0.5,5.175352096557617,6.585145950317383,-34.52951431274414,3.163898468017578
0.9989035129547119,-0.0025497577153146267,0.046746887266635895,0.008225721307098866,0.9925410151481628,-0.12163309007883072,-0.046088073402643204,0.12188423424959183,0.9914737343788147,1.0,0.06750086694955826,0.040607109665870667,0.28850477933883667,0.2776447832584381,0.1010306105017662,0.03508714959025383,0.032299693673849106,0.10484663397073746,0.02987636812031269,0.02403946965932846,0.3370177745819092,0.14539015293121338,1,0.09852346691898857,1,0.4832971774758389,0.35407974343934695,-0.037883017276607575,0.4779378456663636,54.35433486753922,0.49482221007347105,0.3869688242673874,0.5793594181537628,0.26741850674152373,776.8568420410156,197.46667385101318,831.0593414306641,193.40677499771118,708.8725280761719,196.90707921981812,652.8520202636719,191.28493309020996,478,0.5845372080802917,0.38044968247413635,1,7.008343696594238,0.3452319940237008,0.417711870757931,0.4562865715634405,0.3495562806333845,-0.03448942916106921,0.4955375455129614,56.301916688383216,0.47180575132369995,0.5,5.201233863830566,6.573840141296387,-34.49048614501953,2.641587734222412
0.9986648559570312,-0.0036303249653428793,0.05152986943721771,0.010277703404426575,0.9915484189987183,-0.1293296068906784,-0.050624847412109375,0.12968653440475464,0.9902618527412415,0.9999992847442627,0.07257411628961563,0.0433616079390049,0.2937585711479187,0.28382593393325806,0.11900613456964493,0.02932591550052166,0.027888232842087746,0.12138719111680984,0.02736707404255867,0.023529931902885437,0.3330340087413788,0.14742210507392883,1,0.09885552106554733,1,0.4890438466365587,0.35260902673373995,-0.03966005831704778,0.47296451206303297,54.58228099248267,0.49444394111633305,0.3865229159593582,0.5792240381240845,0.2673465579748154,777.0993041992188,197.48135089874268,831.5293884277344,193.40810537338257,708.8747406005859,196.9041395187378,652.7677917480469,191.45148754119873,478,0.5847800970077515,0.38082364201545715,1,7.461099147796631,0.37290466280018825,0.39318152948946394,0.45014839830487474,0.3482438415113445,-0.0361641709379851,0.49382938650027125,56.371279240783046,0.5896354913711548,0.5,5.170666694641113,6.58087158203125,-34.38518142700195,2.9018301963806152
0.9981525540351868,-4.925169196212664e-05,0.06075716391205788,0.007732424419373274,0.9919710755348206,-0.1262284368276596,-0.06026312708854675,0.1264650523662567,0.9901388883590698,0.9999997019767761,0.04805493354797363,0.03821265324950218,0.2820344865322113,0.27450668811798096,0.12474768608808517,0.029261348769068718,0.024643726646900177,0.12852376699447632,0.028509384021162987,0.025854509323835373,0.19898715615272522,0.1531672328710556,1,0.09838368956306895,1,0.493355362897986,0.38131498740616265,-0.04260587983835876,0.4715073150226023,54.325240056516854,0.4943370819091797,0.3872550815343857,0.5795024037361145,0.2677882105112076,777.4763488769531,198.06158781051636,831.6855621337891,194.512939453125,709.6280670166016,196.9012212753296,652.8935241699219,191.44211053848267,478,0.5851653218269348,0.3805331289768219,1,7.278668403625488,0.27770308146517253,0.32503106488732375,0.45440697507289185,0.35135498178985575,-0.03717331645955985,0.5006350184774773,56.9965809691501,0.44384637475013733,0.5,5.166715621948242,6.583400726318359,-34.460506439208984,3.454916000366211
0.9980947971343994,-0.00035704055335372686,0.06169880926609039,0.007670117542147636,0.9929444193840027,-0.11833268404006958,-0.061221230775117874,0.1185804232954979,0.9910553693771362,1.0000003576278687,0.11410896480083466,0.05437123402953148,0.3386274576187134,0.31936267018318176,0.17499098181724548,0.021433420479297638,0.017585109919309616,0.17526157200336456,0.02588265761733055,0.02075817622244358,0.2906843423843384,0.1744932383298874,1,0.09602512637659623,1,0.49037254683737125,0.3535195404472884,-0.04265403427526002,0.4401902711506582,51.86720074747396,0.4932656526565552,0.388211727142334,0.5782106161117554,0.2681982219219208,775.3537750244141,197.88054943084717,827.1662139892578,195.49776077270508,709.4883728027344,196.70016288757324,653.4925842285156,191.58656358718872,478,0.5849449634552002,0.3799864947795868,1,6.823040008544922,0.34619245355433176,0.5280333181509034,0.44818704258984404,0.3366237896161429,-0.03577795705400612,0.47989112764152697,56.228793655617025,0.440295547246933,0.5,5.1521992683410645,6.5636186599731445,-34.59709930419922,3.5099127292633057
0.9987281560897827,0.01068534329533577,0.04927521198987961,-0.004644397180527449,0.9926273226737976,-0.1211169883608818,-0.05020609870553017,0.1207340657711029,0.9914144277572632,0.9999997019767761,0.4886269271373749,0.3119868338108063,0.6695024371147156,0.6691760420799255,0.09355867654085159,0.04975506663322449,0.03820066899061203,0.09221161156892776,0.006182943470776081,0.005760351195931435,0.3010251224040985,0.33927685022354126,1,0.09716411015690388,1,0.5007409184910219,0.1856596793236047,0.008659855160381435,0.38698657176019874,54.530028034023275,0.4951534867286682,0.3972832828760147,0.5795868039131165,0.2773628801107407,776.8759918212891,202.07593202590942,831.4029693603516,202.65271425247192,709.4685363769531,198.72905015945435,653.4453582763672,195.06107568740845,478,0.5844333171844482,0.38007959723472595,1,6.943268775939941,0.35476113539607257,0.6029193548410157,0.4717136947657301,0.19564071623973592,0.0013034972567575458,0.3827335192410276,56.14312532563393,-0.266441285610199,0.5,5.234031677246094,6.4931206703186035,-34.725677490234375,2.877807140350342
0.9988884329795837,0.0014320091577246785,0.0471157431602478,0.003937708213925362,0.9935097694396973,-0.11367859691381454,-0.046972740441560745,0.11373778432607651,0.9923997521400452,1.0000001192092896,0.03623729571700096,0.026116609573364258,0.28634408116340637,0.2786223888397217,0.04765000939369202,0.07954460382461548,0.07033500075340271,0.04329933598637581,0.02658528834581375,0.02621121145784855,0.16970354318618774,0.17035748064517975,1,0.09834256053334328,1,0.4675334452061602,0.3820775414504565,-0.03374637186538899,0.5102969668987959,54.87632917742222,0.49644287228584294,0.3877119213342667,0.5814750373363495,0.2686822503805161,778.3546447753906,199.47837352752686,833.0279541015625,194.7623634338379,709.8213958740234,197.18042850494385,654.2226409912109,191.00319385528564,478,0.5850321650505066,0.3809703290462494,1,6.538075923919678,0.3734467794930822,0.36058592320163607,0.48593984630028986,0.36214295463228874,-0.03698149086778619,0.5013598329730955,55.94085959786358,0.22586393356323242,0.3,5.249953269958496,6.503583908081055,-34.48052978515625,2.6923301219940186
0.9982178807258606,0.0023840144276618958,0.05962797999382019,0.0038527301512658596,0.9945425391197205,-0.10426094383001328,-0.059551119804382324,0.10430487990379333,0.9927608370780945,1.0000001192092896,0.04091271758079529,0.031047262251377106,0.2963789701461792,0.2871205806732178,0.07193780690431595,0.05331926420331001,0.0436430349946022,0.07408027350902557,0.025285230949521065,0.025374028831720352,0.1734461784362793,0.19197899103164673,1,0.0980497403611177,1,0.4798525701044457,0.385330025194351,-0.040500898927743806,0.5063314485576134,54.34433109238491,0.49561457037925716,0.38794814348220824,0.5816402852535247,0.2685312509536743,779.2923736572266,199.4572377204895,833.4835815429688,195.38055896759033,710.8061981201172,196.93847179412842,655.0843811035156,191.0199522972107,478,0.5860257148742676,0.38058310747146606,1,5.997802734375,0.2964974822903178,0.33151359872098896,0.47640137228942475,0.3547127271107752,-0.03854224292841263,0.49826570587710345,56.03525465971483,0.22113816440105438,0.3,5.247707366943359,6.472315311431885,-34.4763298034668,3.4140477180480957
0.9984542727470398,0.005245971027761698,0.055332329124212265,0.0017963481368497014,0.9919699430465698,-0.12646153569221497,-0.05555141344666481,0.12636542320251465,0.9904271364212036,1.0000001192092896,0.048202257603406906,0.03285616263747215,0.3081737458705902,0.29256993532180786,0.06043648719787598,0.06093953177332878,0.05198099836707115,0.06237714737653732,0.025885706767439842,0.02343243546783924,0.262602835893631,0.15435732901096344,1,0.09946175515022578,1,0.4865613325827081,0.37642792263159547,-0.038477990100652254,0.5220747893663105,53.15531160144325,0.4954410374164582,0.38831987977027893,0.5828779518604279,0.2685132920742035,782.7959442138672,199.25077199935913,835.7646942138672,194.80120182037354,711.4753723144531,197.0654582977295,655.5892181396484,191.03836297988892,478,0.5874369144439697,0.38019341230392456,1,7.270901679992676,0.3603744899369874,0.3982024103528022,0.4784467332807553,0.353802788188865,-0.03619702400670992,0.5080139278227805,56.21021354284998,0.10308238863945007,0.3,5.2844157218933105,6.525427341461182,-34.24390411376953,3.1845006942749023
0.9982816576957703,-0.0006523706251755357,0.058594103902578354,0.007647228892892599,0.9928367733955383,-0.11923370510339737,-0.05809659883379936,0.11947692930698395,0.9911357164382935,1.0000001192092896,0.05574968457221985,0.03854865953326225,0.3255866765975952,0.30907025933265686,0.05062475427985191,0.07928220927715302,0.07016918063163757,0.04298454895615578,0.024056971073150635,0.02124997042119503,0.24211478233337402,0.17257292568683624,1,0.0980845708426141,1,0.479733089485513,0.37141115633231947,-0.03442920985695705,0.5103801231712611,53.901505195666815,0.4960088908672333,0.3876606017351151,0.583475011587143,0.26783261597156527,781.8736267089844,198.09922456741333,835.6339263916016,194.20019388198853,712.7214050292969,196.19706630706787,656.5113830566406,191.026132106781,478,0.5874661207199097,0.3801720142364502,1,6.8735809326171875,0.3516567712851174,0.41227666244287836,0.4892569185588138,0.35125114416838343,-0.03372895843633058,0.50162014515743,56.44736602165852,0.43889951705932617,0.3,5.315216064453125,6.523323059082031,-34.313743591308594,3.3305649757385254
0.9983008503913879,0.0026534979697316885,0.05820974335074425,0.00416234415024519,0.9931634068489075,-0.11665801703929901,-0.058121342211961746,0.11670207977294922,0.9914648532867432,1.0000004768371582,0.09243747591972351,0.055990979075431824,0.37657248973846436,0.3514743745326996,0.059207119047641754,0.07081277668476105,0.06090337038040161,0.051766157150268555,0.020910441875457764,0.0173882395029068,0.31587982177734375,0.2260032743215561,1,0.09735828893636947,1,0.48193074067207947,0.3479194099930914,-0.02993913604544796,0.5004530153826293,52.84787586484859,0.4960694491863251,0.3872253894805908,0.5832273542881012,0.26917850971221924,781.6847991943359,198.63173961639404,834.4325256347656,195.37976503372192,712.8783416748047,196.85686826705933,657.2882080078125,191.2982153892517,478,0.5871579051017761,0.3819531202316284,1,6.713208198547363,0.3902479872286234,0.5167007484920956,0.48363041882251445,0.33100959103789657,-0.028354795042346035,0.49398393969340826,55.86735704364179,0.23888926208019257,0.3,5.339092254638672,6.509340286254883,-34.44819259643555,3.3319849967956543
0.9984609484672546,0.005988391116261482,0.05513492226600647,0.0006526531069539487,0.9928156137466431,-0.11965228617191315,-0.055455341935157776,0.11950408667325974,0.9912838339805603,0.9999998211860657,0.412171870470047,0.27702125906944275,0.6675333380699158,0.6627517938613892,0.062320586293935776,0.07014100253582001,0.0590810589492321,0.06449813395738602,0.005519260186702013,0.005186641588807106,0.2763141095638275,0.36036431789398193,1,0.09904643437199773,1,0.48545117389729203,0.21369828664554005,0.006423888137054645,0.4595041845644801,52.87188228832055,0.4961208283901215,0.39645429849624636,0.5823149263858796,0.2794560432434082,781.6203308105469,203.98946285247803,834.4871520996094,203.25792789459229,710.3369903564453,200.31410694122314,654.4940185546875,196.4171576499939,478,0.5861940979957581,0.38300174474716187,1,6.874111175537109,0.3682926114416495,0.5717852496459933,0.49584949741581247,0.2003205356591246,0.007685494311729562,0.44197540786036116,55.978779135867974,0.03745190426707268,0.3,5.354441165924072,6.458531379699707,-34.73146057128906,3.178987503051758
0.9986241459846497,0.006546858698129654,0.05202946811914444,0.0002656121796462685,0.991532027721405,-0.12986239790916443,-0.05243907496333122,0.1296975314617157,0.9901659488677979,1.000000238418579,0.43211302161216736,0.34072303771972656,0.5428777933120728,0.5407141447067261,0.059998344630002975,0.07227132469415665,0.06420391798019409,0.05369577184319496,0.011465862393379211,0.00916952732950449,0.46436426043510437,0.38801878690719604,1,0.09734879072587395,1,0.495501215702396,0.20219606550501612,-0.02600632629896404,0.4674811280839462,52.15920305927661,0.4963650941848755,0.394571116566658,0.5829164028167725,0.2752019077539444,782.2161865234375,201.68714046478271,834.3752288818359,201.55766487121582,710.9318542480469,198.81930112838745,657.1697235107422,195.69742441177368,478,0.586551308631897,0.3806307911872864,1,7.46243953704834,0.3254492957165974,0.6089360168944571,0.4976923218215461,0.2086895316578364,-0.01890693064231036,0.4068515128124069,53.85269552916067,0.015239423140883446,0.3,5.395309925079346,6.564711570739746,-34.772850036621094,3.005916118621826
0.9984995722770691,0.008809225633740425,0.05404721572995186,-0.0017552763456478715,0.9916173815727234,-0.12919698655605316,-0.05473228543996811,0.12890827655792236,0.9901449084281921,1.0000003576278687,0.16219043731689453,0.17479455471038818,0.44409462809562683,0.42547452449798584,0.05917965993285179,0.08260809630155563,0.07364261150360107,0.034648217260837555,0.019359655678272247,0.0118089085444808,0.38824594020843506,0.34941744804382324,1,0.09566266920752892,1,0.4892041889161881,0.30509879049234945,-0.028663782467232442,0.5062406174136683,52.254747126847285,0.49692460894584656,0.3912550747394562,0.5840524733066559,0.2724128901958466,782.2780609130859,199.87969636917114,834.5100402832031,198.33731889724731,713.5147094726562,197.92805671691895,658.8376617431641,193.90922784805298,478,0.5871278643608093,0.3811578154563904,1,7.417691707611084,0.3540507635781141,0.6175318684040716,0.5044451611286586,0.2760497756511348,-0.018866754146987644,0.49384898061993343,54.82454317183177,-0.10072094202041626,0.3,5.40468692779541,6.576164722442627,-34.680477142333984,3.1374964714050293
0.9984923005104065,0.0003016139380633831,0.05489204451441765,0.006704151630401611,0.9918288588523865,-0.1273990124464035,-0.05448194220662117,0.12757493555545807,0.9903314709663391,0.9999998211860657,0.0890418067574501,0.11406869441270828,0.32103580236434937,0.3142146170139313,0.05481414496898651,0.07190190255641937,0.06262596696615219,0.04882430285215378,0.02758023515343666,0.01923484355211258,0.309836745262146,0.29038262367248535,1,0.09749594866502934,1,0.48029371670115295,0.35353198070451,-0.04277384302288454,0.4789816864303556,52.633755908895964,0.49569489359855656,0.38842751979827883,0.5836267650127411,0.2698776960372925,782.3885345458984,198.93656730651855,834.9186706542969,195.63549757003784,713.0877685546875,197.72847890853882,657.8085327148438,193.67332220077515,478,0.5879318714141846,0.38145017623901367,1,7.3404412269592285,0.3627769105816815,0.4275177174173155,0.48511409277569495,0.3112796008341544,-0.032730312399269657,0.49719937851179163,55.42777472596606,0.38469380140304565,0.3,5.37870454788208,6.543785572052002,-34.47566604614258,3.123131513595581
0.9985232949256897,0.005027770530432463,0.05409142002463341,0.002066053682938218,0.9914730191230774,-0.13029615581035614,-0.05428528040647507,0.13021546602249146,0.9899985194206238,1.0000001192092896,0.08916754275560379,0.06379871070384979,0.31547603011131287,0.3000873923301697,0.07719569653272629,0.04931614175438881,0.0405864492058754,0.0794566348195076,0.02738223224878311,0.02044343762099743,0.36087605357170105,0.2278423309326172,1,0.09776583130553092,1,0.4893329398604187,0.3454339466759853,-0.04090331201137346,0.48002424725088505,53.17414293489696,0.4954702019691467,0.38692353665828705,0.5834887385368347,0.2689298242330551,782.5939178466797,198.86292457580566,835.6363677978516,195.12287378311157,713.3579254150391,197.51229286193848,657.8056335449219,191.6296935081482,478,0.588018536567688,0.38200628757476807,1,7.493155002593994,0.3126590885404733,0.40994982262362434,0.4754245013904194,0.32852014358045994,-0.03222618250308377,0.5018530760380903,55.86288667166804,0.11855103820562363,0.3,5.377222061157227,6.548794746398926,-34.39303970336914,3.111846923828125
0.9984062314033508,0.003507257206365466,0.056325409561395645,0.003870670683681965,0.991460919380188,-0.13034646213054657,-0.05630161240696907,0.1303567737340927,0.9898672103881836,0.9999997019767761,0.06792955845594406,0.06406755745410919,0.2889138162136078,0.28512629866600037,0.07313399761915207,0.05102260038256645,0.04315008223056793,0.07637152075767517,0.030234644189476967,0.022023990750312805,0.3133755624294281,0.2179735153913498,1,0.09739454507812025,1,0.48432760072403586,0.36071438267849276,-0.04040443921739828,0.47469392517778763,53.28057958556856,0.49518572688102724,0.3866920590400696,0.5839145123958588,0.26848549842834474,782.5996398925781,198.32536697387695,835.7357788085938,194.40479278564453,714.7843933105469,197.4603009223938,658.4492492675781,191.64233207702637,478,0.5887287855148315,0.38179343938827515,1,7.502177715301514,0.29969700595864984,0.353384159168228,0.4713839019686069,0.32975958929265975,-0.031236522867942658,0.49429093098709437,56.63477037952015,0.22212597727775574,0.3,5.404125213623047,6.567731857299805,-34.43754577636719,3.227551221847534
0.9983527660369873,0.005119426175951958,0.05714578926563263,0.0015155626460909843,0.9933105707168579,-0.11546368896961212,-0.057354625314474106,0.11536010354757309,0.9916665554046631,1.0,0.07230278104543686,0.041468169540166855,0.2892346680164337,0.27313685417175293,0.06636212021112442,0.0581432543694973,0.04705696925520897,0.06705652177333832,0.02875903621315956,0.02511623501777649,0.29700416326522827,0.1927325576543808,1,0.09768795643503432,1,0.480635696313045,0.36163429564766775,-0.03832078756095691,0.48678751898823924,53.44869400788799,0.49527192711830137,0.38640364706516267,0.5840306341648102,0.26772281229496003,782.6186370849609,198.18344593048096,835.9370422363281,194.4537591934204,714.7168731689453,196.5281581878662,658.4230804443359,190.97585678100586,478,0.5887587070465088,0.38131916522979736,1,6.635366439819336,0.33517615957495167,0.41428037382730953,0.4711983217991123,0.3482410770436402,-0.03740884615243277,0.5008952174923345,56.56694397213836,0.08697854727506638,0.3,5.382339000701904,6.501897811889648,-34.34878921508789,3.287982225418091
0.9987002611160278,0.002699841046705842,0.05089734122157097,0.002510014222934842,0.9947792887687683,-0.1020190566778183,-0.05090707167983055,0.1020142138004303,0.9934795498847961,0.9999995231628418,0.06161947175860405,0.035581398755311966,0.288232684135437,0.2740377187728882,0.0741523951292038,0.05451716110110283,0.04224368557333946,0.07234476506710052,0.02813136950135231,0.025192413479089737,0.2723892033100128,0.1559804230928421,1,0.09776771275778431,1,0.49011124878430506,0.3667923617776187,-0.03961006356094485,0.49078202420591077,53.7976469153307,0.495380699634552,0.38687526285648344,0.5832263827323914,0.26781724989414213,781.9776916503906,198.2978367805481,835.6362152099609,194.43135738372803,713.6061096191406,196.72629833221436,657.5595855712891,191.0579752922058,478,0.5878456830978394,0.3809419870376587,1,5.862797737121582,0.4005817660120477,0.3221945947076872,0.4691765800554581,0.35799888644764605,-0.037630435866525376,0.4913888585489378,56.33243065983359,0.1440000683069229,0.3,5.390786170959473,6.470559597015381,-34.433189392089844,2.9180214405059814
0.998591423034668,0.005740731954574585,0.052746668457984924,-4.835795334656723e-05,0.9942275285720825,-0.10729217529296875,-0.05305812507867813,0.10713851451873779,0.9928273558616638,1.0000001192092896,0.5086103081703186,0.3355041742324829,0.635206937789917,0.6305769681930542,0.12082480639219284,0.03993863984942436,0.02629377692937851,0.11543936282396317,0.006742025259882212,0.0061378683894872665,0.36946186423301697,0.3531554639339447,1,0.09661142490751037,1,0.5260423002750026,0.16698796592854537,-0.002540970360151087,0.3746996467450115,54.21704288348532,0.4942984640598297,0.3938794046640396,0.5821238219738006,0.2748113483190536,781.3129425048828,200.11334896087646,835.5220794677734,201.03920459747314,713.0638122558594,197.26720333099365,656.0096740722656,194.75481033325195,478,0.587825357913971,0.38093194365501404,1,6.1590986251831055,0.3835075787277232,0.5648851126839094,0.4804857265075412,0.18716516942893294,-0.006169489565391701,0.36797083083015525,57.1094283158388,-0.002774614840745926,0.3,5.385741710662842,6.444899082183838,-34.54407501220703,3.0414345264434814
0.998222291469574,0.017596744000911713,0.05694448947906494,-0.010976399295032024,0.9933569431304932,-0.11454946547746658,-0.05858190357685089,0.11372078210115433,0.9917841553688049,1.0000005960464478,0.509358286857605,0.35008031129837036,0.7185632586479187,0.7108899354934692,0.10666587948799133,0.05524543300271034,0.03586803749203682,0.07918167114257812,0.004484484903514385,0.0038899900391697884,0.3250424265861511,0.3750569820404053,1,0.09636124921171778,1,0.5254322001202223,0.1740309086124418,0.017924764441537205,0.42359739653850925,53.936734898909414,0.4948335289955139,0.39622642993927004,0.5823882222175598,0.2791216611862183,781.5876770019531,202.7919101715088,835.5152130126953,203.78801822662354,712.8430938720703,198.52975130081177,655.8467102050781,195.75325727462769,478,0.5875546932220459,0.38289523124694824,1,6.541129112243652,0.3205190811042089,0.4710924887182162,0.4942941912287059,0.16874109922424577,0.01640196663247687,0.4076273815814211,57.063969983751896,-0.6299958825111389,0.3,5.367001056671143,6.423393249511719,-34.671783447265625,3.3584182262420654
0.9981923699378967,0.012442464008927345,0.05879808962345123,-0.004357266705483198,0.9907427430152893,-0.13568289577960968,-0.059942007064819336,0.13518133759498596,0.9890060424804688,1.0000001192092896,0.26388874650001526,0.2384914606809616,0.6377958655357361,0.6211099624633789,0.08910252898931503,0.06209121644496918,0.0450492687523365,0.06337016820907593,0.007722340524196625,0.005454252008348703,0.2631775140762329,0.3423367440700531,1,0.09647177794713249,1,0.5095679019028996,0.27211732018944823,-0.0005941843130819501,0.4780117032931343,53.27875273884204,0.49524230957031246,0.3955151230096817,0.582826566696167,0.2769349902868271,781.7093658447266,202.2821831703186,834.9734497070312,201.03203773498535,712.8407287597656,198.38568449020386,657.1064758300781,195.4438591003418,478,0.5875842571258545,0.3814198672771454,1,7.783186912536621,0.3142268945426478,0.5463171717197526,0.49056844655233595,0.22665065628890263,0.010141877056963922,0.5100298820405286,55.81183822780289,-0.2501034736633301,0.3,5.339351177215576,6.5044989585876465,-34.51224136352539,3.436483860015869
0.9980543255805969,0.015233151614665985,0.060461483895778656,-0.008831113576889038,0.9944568872451782,-0.10477381944656372,-0.06172237917780876,0.10403601080179214,0.9926564693450928,0.9999997615814209,0.09118322283029556,0.05504261702299118,0.4883652329444885,0.4672490954399109,0.04385322332382202,0.08752322196960449,0.07855577766895294,0.04501195624470711,0.01239254605025053,0.011513739824295044,0.19587410986423492,0.24764394760131836,1,0.09912468995441684,1,0.46884826206604463,0.35413927995388306,-0.01924709986368642,0.5256687446638315,52.72079954097321,0.4964726626873016,0.39386700093746185,0.5840767085552215,0.2734619826078415,783.2218933105469,201.8436312675476,835.8803558349609,199.28061962127686,712.8031158447266,198.08871030807495,657.1009063720703,192.6655626296997,478,0.5876040458679199,0.37959498167037964,1,5.983078479766846,0.2954212407437417,0.6738299258763532,0.4879603718261356,0.3211634839286657,-0.014421772893936698,0.5386796450991398,55.96558470157417,-0.5069587230682373,0.3,5.347617149353027,6.431130886077881,-34.50267028808594,3.5386807918548584
0.9980794191360474,0.013821217231452465,0.06038544327020645,-0.0062850466929376125,0.9923555850982666,-0.12325147539377213,-0.06162731721997261,0.12263526767492294,0.9905365705490112,1.0000001192092896,0.07748933136463165,0.047976523637771606,0.33086615800857544,0.3109511137008667,0.03314981609582901,0.13084343075752258,0.12281408160924911,0.020082902163267136,0.02439349889755249,0.0217656921595335,0.26245465874671936,0.21052008867263794,1,0.09721571926550844,1,0.45004409189259875,0.35518763454024527,-0.02722390684437552,0.5034700762661809,53.63204731860883,0.4960329413414002,0.38686226308345795,0.5875791788101197,0.26816265285015106,785.0447082519531,198.45810413360596,838.6017608642578,195.62285900115967,717.2269439697266,195.68289756774902,661.2711334228516,189.85276222229004,478,0.5915462374687195,0.3813003897666931,1,7.057698726654053,0.26524286414236387,0.5065088951857089,0.5110113591035867,0.34123372620887266,-0.03500547913110905,0.4847429296079151,56.2587167665301,-0.3607948124408722,0.08,5.497617244720459,6.562010765075684,-34.34577941894531,3.533223867416382
0.997953474521637,0.01869227923452854,0.061151254922151566,-0.010568278841674328,0.9913827180862427,-0.13057053089141846,-0.06306496262550354,0.1296570599079132,0.989551305770874,1.0000001192092896,0.07909483462572098,0.05002722889184952,0.3375873267650604,0.3200805187225342,0.03957459703087807,0.12463071197271347,0.11455931514501572,0.02020583488047123,0.024699222296476364,0.020625518634915352,0.28167909383773804,0.2008281946182251,1,0.09635300166851027,1,0.457913672611477,0.3577288330681816,-0.02860382823213205,0.5022090730252295,53.20427131720884,0.49655439853668215,0.38718052953481674,0.5880404949188233,0.2680397853255272,785.7183837890625,198.40216398239136,838.8568878173828,195.75757026672363,718.0648803710938,195.61556339263916,662.5710296630859,189.56737518310547,478,0.5914860963821411,0.38085925579071045,1,7.464719295501709,0.2657043666612212,0.5109107596068176,0.5121607340803441,0.345793609185109,-0.03567537922925861,0.48755723008583357,55.822469016805826,-0.6067368388175964,0.08,5.494980812072754,6.575648784637451,-34.30358123779297,3.615755558013916
0.9976841807365417,0.020642291754484177,0.06480933725833893,-0.012588424608111382,0.992412805557251,-0.12230372428894043,-0.06684225797653198,0.12120461463928223,0.9903744459152222,1.0000004768371582,0.07860537618398666,0.05459680035710335,0.33527931571006775,0.3175354301929474,0.04372026026248932,0.10672998428344727,0.09654306620359421,0.026533925905823708,0.023314744234085083,0.021319882944226265,0.23988434672355652,0.23528455197811127,1,0.09649492423607191,1,0.461855500601681,0.3661054778679489,-0.03250183660701469,0.4995527458025178,52.62713588406469,0.4968090772628784,0.3873759627342224,0.5880305886268615,0.26763803958892823,786.2850952148438,198.5601568222046,838.8607788085938,196.23358726501465,718.0115509033203,195.14885902404785,662.9727935791016,189.07917022705078,478,0.5912215113639832,0.3802620768547058,1,6.977310657501221,0.29509866059697215,0.5484944387537809,0.5069737747946269,0.34299814118540795,-0.039872115675250556,0.48324666985601517,55.37242933082654,-0.7228993773460388,0.08,5.4974188804626465,6.557014465332031,-34.329891204833984,3.832636594772339
0.9977163672447205,0.016146741807460785,0.06558467447757721,-0.007835116237401962,0.9921177625656128,-0.12506338953971863,-0.0670870766043663,0.1242639347910881,0.9899786710739136,0.9999995827674866,0.07211187481880188,0.05459269508719444,0.316995769739151,0.30606013536453247,0.03556806594133377,0.12478724867105484,0.1147705540060997,0.022769229486584663,0.02663017250597477,0.022372301667928696,0.2397926300764084,0.20834894478321075,1,0.0969242088649784,1,0.45277754907692813,0.36877184777208416,-0.034903032140148595,0.49659211788714736,53.000289075404865,0.4970898926258087,0.38818934112787246,0.5881933271884918,0.26855733543634414,786.1433410644531,198.90605449676514,839.0776062011719,196.26139640808105,718.3146667480469,196.40486240386963,662.7607727050781,190.27442693710327,478,0.5911034345626831,0.3803679943084717,1,7.154452800750732,0.25391037311583853,0.47050414760068093,0.5046920190233528,0.34327881200235405,-0.03798842754425813,0.4857153772355278,55.89112078372885,-0.4499373435974121,0.08,5.486264228820801,6.518798351287842,-34.260555267333984,3.8466954231262207
0.9981102347373962,0.015107127837836742,0.05956161022186279,-0.0076353102922439575,0.992286205291748,-0.12373259663581848,-0.06097140535712242,0.12304399907588959,0.9905264973640442,1.0000003576278687,0.062014687806367874,0.04523877426981926,0.30143219232559204,0.2841990292072296,0.03745739161968231,0.11016196757555008,0.1024981215596199,0.0258690994232893,0.02722470834851265,0.023446515202522278,0.24015876650810242,0.20214003324508667,1,0.0974130728562386,1,0.45617532174511627,0.36826040336054344,-0.0357494248997992,0.49934209585551176,53.72780718179295,0.4969357371330261,0.3874602884054184,0.5879720568656921,0.26873352825641633,785.992431640625,199.5298719406128,839.6136474609375,196.147198677063,718.1071472167969,196.8441653251648,661.8971252441406,190.21775722503662,478,0.591036319732666,0.3812732398509979,1,7.081053733825684,0.3170937126984248,0.4462272288667364,0.5028415309102304,0.3432216925702771,-0.03926702900881957,0.4857610707683197,56.5992566611006,-0.4382907748222351,0.08,5.519855499267578,6.516937255859375,-34.30317687988281,3.495572090148926
0.997774600982666,0.018849510699510574,0.06395777314901352,-0.011916279792785645,0.9941766858100891,-0.10710126906633377,-0.06560412794351578,0.10610076785087585,0.9921888113021851,1.000000238418579,0.05923111364245415,0.04410173371434212,0.3349446654319763,0.31443747878074646,0.030522286891937256,0.14213578402996063,0.1421019583940506,0.0165219996124506,0.023332824930548668,0.02008768916130066,0.23222048580646515,0.20324496924877167,1,0.09657979904821182,1,0.4487269949644435,0.3682845045660127,-0.029116728855754108,0.5150034961460904,53.95911080659483,0.49744030833244324,0.3880420163273811,0.5883118808269501,0.2693119779229164,785.3059387207031,199.6987223625183,839.1964721679688,196.9791555404663,718.2167816162109,196.68705224990845,661.8852233886719,190.12276411056519,478,0.5908715724945068,0.3812699615955353,1,6.103789329528809,0.18133436245337756,0.47957243559438967,0.5198613663131111,0.34396441807355155,-0.039120200320065815,0.4872254963192696,56.712735176786985,-0.6842427849769592,0.08,5.508459568023682,6.4657368659973145,-34.40070343017578,3.7615408897399902
0.9982738494873047,0.008133921772241592,0.05816510319709778,-0.0011273095151409507,0.9928344488143921,-0.11949228495359421,-0.05872014909982681,0.11922045797109604,0.9911299347877502,1.0000004768371582,0.029914280399680138,0.03267128765583038,0.21515929698944092,0.22409075498580933,0.034535907208919525,0.11993556469678879,0.11869636923074722,0.020429270341992378,0.03848350793123245,0.03089262917637825,0.23993900418281555,0.1736331582069397,1,0.096139597181474,1,0.4582483653427215,0.38958348254870767,-0.03745604894034798,0.5134775941036278,54.34561003150944,0.49726164937019346,0.38532915264368056,0.5878443777561188,0.26670926362276076,784.9827575683594,198.0098533630371,839.0777587890625,192.79677629470825,718.0819702148438,196.51466131210327,662.115478515625,189.98942613601685,478,0.5905827283859253,0.3813801109790802,1,6.859006404876709,0.28148128232203123,0.3536430461012607,0.5123048632245258,0.36107993016694595,-0.04068390584732283,0.5016651718497422,56.34560220047921,-0.06470172852277756,0.08,5.528423309326172,6.560134410858154,-34.422733306884766,3.3663527965545654
0.9980738162994385,0.01340125035494566,0.06057322770357132,-0.005052408669143915,0.9907049536705017,-0.13593478500843048,-0.06183189898729324,0.13536690175533295,0.9888643026351929,1.0000001192092896,0.2912764251232147,0.2421616166830063,0.6332918405532837,0.6231983304023743,0.05750134959816933,0.09216246008872986,0.07698583602905273,0.0378083810210228,0.007865211926400661,0.004981665406376123,0.3021109998226166,0.25855621695518494,1,0.09674745530708984,1,0.4824593940869252,0.25178077672094473,0.002419773209716364,0.4578630909795764,53.54902399719939,0.4960814654827118,0.39589335918426516,0.5866395175457001,0.27799283862113955,785.20751953125,202.73987531661987,838.7425231933594,201.5145778656006,716.5731811523438,200.2959966659546,661.0099792480469,196.038236618042,478,0.5905580520629883,0.3820994794368744,1,7.794843673706055,0.298305170707331,0.5378806980192401,0.5065053326130139,0.23741323215281582,0.002753951607576542,0.4535459149889303,55.72609735657713,-0.2900378704071045,0.08,5.519837379455566,6.486820220947266,-34.549156188964844,3.5449678897857666
0.9980865120887756,0.01443319022655487,0.060125455260276794,-0.006291435100138187,0.9910340905189514,-0.13346071541309357,-0.06151266396045685,0.1328270584344864,0.9892285466194153,1.000000238418579,0.4595463275909424,0.3048357367515564,0.6124359369277954,0.6047302484512329,0.051664721220731735,0.0993756353855133,0.0844704657793045,0.037862103432416916,0.008206169120967388,0.006683011539280415,0.33444297313690186,0.2760854959487915,1,0.09754577845571237,1,0.4914698043348644,0.19316671194075427,-0.0021294615360422414,0.36443058837170494,53.250415443049484,0.49651492238044737,0.3955867290496826,0.5870575368404388,0.27762866020202637,786.8650817871094,202.66275644302368,840.1152801513672,202.51070737838745,716.534423828125,199.91074562072754,661.2803649902344,196.51283740997314,478,0.5905426144599915,0.38204193115234375,1,7.647555828094482,0.24705878827522737,0.6168500998621606,0.5042416312779328,0.21641685940031882,-0.011588108957473753,0.38280641118364944,55.358439269731115,-0.36115896701812744,0.08,5.527541160583496,6.4546966552734375,-34.47950744628906,3.526642322540283
0.9983277320861816,0.016853613778948784,0.055297013372182846,-0.009774474427103996,0.9919977188110352,-0.12587693333625793,-0.05697597935795784,0.1251259297132492,0.9905035495758057,0.9999999403953552,0.21750082075595856,0.14692403376102448,0.47072935104370117,0.4691782593727112,0.020433476194739342,0.21879635751247406,0.2378615289926529,0.00916200876235962,0.013012795709073544,0.012333723716437817,0.2818615436553955,0.3450474441051483,1,0.09711642252052051,1,0.4521450310661084,0.29191706898013214,-0.012564512647631587,0.49671458717953343,53.16681494701643,0.4991299152374268,0.3921242952346802,0.5886073350906372,0.27420899271965027,786.5772247314453,201.85676336288452,839.7245025634766,200.41555881500244,716.6782379150391,198.12724828720093,661.7176818847656,193.8111448287964,478,0.5894774198532104,0.3820846974849701,1,7.199784755706787,0.24687206861170802,0.5541314625529576,0.5397656021942788,0.2768337064803677,-0.0268718518521713,0.4568360752838412,55.12976934770121,-0.5609562397003174,0.08,5.52252721786499,6.451521873474121,-34.46465301513672,3.266251802444458
0.9979164600372314,0.009256579913198948,0.06385278701782227,5.896989023312926e-05,0.9895237684249878,-0.14437033236026764,-0.06452023237943649,0.14407332241535187,0.9874613881111145,1.0000001192092896,0.17091253399848938,0.14345665276050568,0.38453957438468933,0.36217018961906433,0.03147665783762932,0.13819387555122375,0.13770577311515808,0.0186246819794178,0.022626975551247597,0.016975177451968193,0.3424617052078247,0.3120523989200592,1,0.09690961992936402,1,0.46048984287156397,0.3068735603321426,-0.029992862112628645,0.46484751287670406,52.34303305397388,0.496614545583725,0.3885709673166275,0.5885949432849884,0.27022439539432525,787.4334716796875,199.34381246566772,839.7132873535156,196.77204608917236,717.8684234619141,196.899676322937,663.2270812988281,192.34507083892822,478,0.5919803977012634,0.38165342807769775,1,8.30103874206543,0.19207913464698673,0.6438265036272797,0.5159415599247852,0.29130834344146567,-0.032232745603315106,0.45093487163144824,54.8308371685866,0.003385780146345496,0.08,5.528934478759766,6.5519795417785645,-34.242191314697266,3.6993067264556885
0.9984319806098938,0.009156090207397938,0.05522364750504494,-0.0008393664611503482,0.9888700842857361,-0.14877943694591522,-0.05597125366330147,0.14849983155727386,0.9873272180557251,1.0,0.10201875120401382,0.07235954701900482,0.3352995812892914,0.32115253806114197,0.02372661791741848,0.1638900488615036,0.1720537692308426,0.01510908454656601,0.02365083619952202,0.019368348643183708,0.3401340842247009,0.26924291253089905,1,0.09860875223918897,1,0.45932456232142643,0.33730752132900926,-0.029399229576168466,0.4999092786466252,52.97140506967254,0.4982201099395752,0.38656613826751707,0.5894285082817078,0.26916424036026,789.2981719970703,199.37829494476318,842.0805358886719,194.90707397460938,717.8569030761719,196.93428754806519,663.1090545654297,191.17019891738892,478,0.5912083983421326,0.3825981020927429,1,8.553507804870605,0.32523505658902746,0.5651581577913471,0.515590206858097,0.32792685316990805,-0.032178341065175434,0.4880807457053725,55.050446268922904,-0.04816766828298569,0.08,5.565575122833252,6.576035022735596,-34.192935943603516,3.2085931301116943
0.9971174597740173,0.017491227015852928,0.07382906228303909,-0.007621984928846359,0.9912340641021729,-0.1318976730108261,-0.07548894733190536,0.13095475733280182,0.9885101318359375,1.0000003576278687,0.10076285153627396,0.046286217868328094,0.3232629895210266,0.3023754060268402,0.03646254166960716,0.09773525595664978,0.09134162217378616,0.034617938101291656,0.023993898183107376,0.023289348930120468,0.35154056549072266,0.25599929690361023,1,0.09866545435856688,1,0.4600083706721682,0.3424192729213941,-0.02562483496568959,0.5108564052696297,52.78475083839951,0.49689432978630066,0.38521768450737,0.5892934501171112,0.26759915351867675,789.2491149902344,198.68802309036255,841.9190979003906,195.2091121673584,718.9990997314453,195.0736927986145,663.2666778564453,189.38271045684814,478,0.5923991203308105,0.38238146901130676,1,7.546424388885498,0.25067955599220687,0.5730900125646324,0.5012846473416257,0.3366775255882646,-0.03855021605013211,0.5092255567998328,56.022228875503686,-0.4379614591598511,0.08,5.51692008972168,6.520196437835693,-34.121761322021484,4.32931661605835
0.9973726272583008,0.009991077706217766,0.07175025343894958,-0.00016406345821451396,0.9907527565956116,-0.1356796771287918,-0.07244233787059784,0.13531143963336945,0.9881512522697449,0.9999999403953552,0.08361092954874039,0.05392550677061081,0.2566664218902588,0.2505660355091095,0.027169136330485344,0.1457882523536682,0.14587655663490295,0.01662604697048664,0.031000372022390366,0.030452651903033257,0.3538738489151001,0.296673059463501,1,0.09733501378448453,1,0.4512028588413979,0.34141103766570935,-0.02718254200286789,0.5175740041111678,54.076268014485514,0.49736951589584355,0.3850221037864685,0.5896520495414734,0.2672543525695801,787.7421569824219,198.61641883850098,841.6432952880859,194.26784992218018,719.0776824951172,195.34650564193726,663.2534027099609,189.49289560317993,478,0.5922825336456299,0.3822322487831116,1,7.797242164611816,0.20075218426587452,0.539432621817879,0.5231533414558973,0.3327832169047514,-0.040765369481777426,0.488937375565178,56.13033907014553,-0.009424906224012375,0.08,5.537805080413818,6.562932014465332,-34.201908111572266,4.154278755187988
0.9975945353507996,0.012599662877619267,0.0681644156575203,-0.0028576920740306377,0.9899815917015076,-0.1411677747964859,-0.06926018744707108,0.14063338935375214,0.9876362085342407,0.9999995231628418,0.06381417065858841,0.0518220029771328,0.2461947649717331,0.24052156507968903,0.02685433439910412,0.13870660960674286,0.13826726377010345,0.018704591318964958,0.03084828518331051,0.03110285848379135,0.2984592318534851,0.30808913707733154,1,0.09819133480719985,1,0.44955867561912655,0.3587447330725989,-0.03244688458778286,0.5187034643707952,53.38056361962523,0.49744346737861633,0.38515765964984894,0.5900746285915375,0.267697736620903,789.1398620605469,199.5585823059082,842.3123168945312,194.8495888710022,719.2003631591797,196.18863344192505,663.5346984863281,189.5213484764099,478,0.5926311612129211,0.3825400769710541,1,8.104089736938477,0.2292223759390227,0.46462127324235664,0.5177842092083753,0.3332454319893362,-0.04579234738244176,0.49202272652129303,56.06352568643775,-0.16412803530693054,0.08,5.581758499145508,6.572906970977783,-34.232967376708984,3.9714956283569336
0.9976463317871094,0.021676627919077873,0.06505308300256729,-0.013898917473852634,0.9929503798484802,-0.11771326512098312,-0.06714610755443573,0.11653205007314682,0.990914523601532,1.0000003576278687,0.06166178733110428,0.041489362716674805,0.29696211218833923,0.28622668981552124,0.03866032510995865,0.1060112938284874,0.09997355937957764,0.028155414387583733,0.02682333067059517,0.024026494473218918,0.2610326111316681,0.20022927224636078,1,0.09716014778513439,1,0.4566921654837086,0.3710688755805765,-0.03478613148454967,0.5083416216678607,52.939034811995796,0.49732083082199097,0.3871019661426544,0.5904086232185364,0.2690030217170715,789.3754577636719,199.77311611175537,842.2492980957031,197.1466326713562,720.9750366210938,196.28495693206787,665.5120849609375,189.82475996017456,478,0.5930877923965454,0.3819010555744171,1,6.707205772399902,0.2718034546458008,0.4408840148596083,0.5050866939883927,0.3501332472989383,-0.03739182843428693,0.49773170175931325,55.83791858481263,-0.7981764078140259,0.08,5.665241241455078,6.492685317993164,-34.40554428100586,3.8500852584838867
