R00,R01,R02,R10,R11,R12,R20,R21,R22,R_scale,bs_eyeBlinkLeft,bs_eyeBlinkRight,bs_eyeLookDownLeft,bs_eyeLookDownRight,bs_eyeLookInLeft,bs_eyeLookInRight,bs_eyeLookOutLeft,bs_eyeLookOutRight,bs_eyeLookUpLeft,bs_eyeLookUpRight,bs_eyeSquintLeft,bs_eyeSquintRight,detected,interocular_norm,is_laptop,leye_h,leye_open,leye_v,leye_vlid,leye_width_px,m0_cx,m0_cy,m0_px,m0_py,mp_lin_x,mp_lin_y,mp_lout_x,mp_lout_y,mp_rin_x,mp_rin_y,mp_rout_x,mp_rout_y,n_landmarks,nose_x,nose_y,pass,pitch,px_raw,py_raw,reye_h,reye_open,reye_v,reye_vlid,reye_width_px,roll,target_x,tx,ty,tz,yaw
0.9962043166160583,-0.007786818314343691,0.08669602870941162,-0.011647788807749748,0.9751080870628357,0.22142381966114044,-0.08626218885183334,-0.22159318625926971,0.9713162779808044,1.0000001192092896,0.26302143931388855,0.2298465222120285,0.7032895088195801,0.7093599438667297,0.13636340200901031,0.07568635046482086,0.03380556404590607,0.06779509037733078,0.005134898703545332,0.0038597718812525272,0.15760302543640137,0.2237105667591095,1,0.0877930352852905,1,0.5206524144126702,0.2965309369380472,-0.014684573884559604,0.5301499308001469,46.4148936774127,0.49028907418251033,0.4286708146333694,0.5844909965991973,0.4181602507829666,782.1433258056641,303.36620807647705,828.5581970214844,303.4118700027466,716.6398620605469,301.0493803024292,666.6899108886719,300.3197979927063,478,0.594201922416687,0.48948943614959717,0,-12.851343154907227,0.5424505311279646,0.5843599781942055,0.5076142681373007,0.24665517667604148,-0.022473397069792046,0.4770854077686924,49.955279125626625,-0.6698813438415527,0.08,5.804496765136719,0.1326674520969391,-36.003501892089844,4.948609352111816
0.9974621534347534,-0.009635696187615395,0.07054291665554047,-0.006285023409873247,0.9750151634216309,0.22204937040805817,-0.07092000544071198,-0.22192922234535217,0.9724802374839783,0.9999999403953552,0.2454162836074829,0.22022628784179688,0.6976237893104553,0.6839895248413086,0.05917545035481453,0.1086786538362503,0.0907847136259079,0.03503810241818428,0.005830401089042425,0.004009103402495384,0.171634703874588,0.18244236707687378,1,0.09005905052543396,1,0.47996740191931364,0.29715098060659373,-0.0288528497356253,0.5161095180567327,46.8750128207132,0.49262655973434444,0.42897291481494904,0.5852156996726989,0.4174116402864456,782.4386596679688,303.2014989852905,829.3119812011719,302.80330896377563,716.6073608398438,301.4310908317566,665.7920837402344,300.51255226135254,478,0.5925891399383545,0.4884387254714966,0,-12.855291366577148,0.4822744200928401,0.5548257256059141,0.5063110576591837,0.2669384932187848,-0.027621258375522283,0.480012964918069,50.8235781888392,-0.36101672053337097,0.08,5.788129806518555,0.11296955496072769,-35.73644256591797,4.066830635070801
0.9979865550994873,-0.00580650195479393,0.06315922737121582,-0.007622673641890287,0.9776024222373962,0.2103220373392105,-0.06296584755182266,-0.21038003265857697,0.9755898714065552,1.0,0.2629382610321045,0.22518637776374817,0.714239239692688,0.6983212232589722,0.07154789566993713,0.09066196531057358,0.07038919627666473,0.046458180993795395,0.005243394058197737,0.0036883943248540163,0.17583391070365906,0.18555834889411926,1,0.09008905420611929,1,0.48759931864630973,0.29155299760339065,-0.02018361215181497,0.5170093833166977,47.49426166134066,0.49262397885322573,0.4278868526220322,0.5852264106273651,0.41902399957180025,782.5042724609375,304.20421600341797,829.9967193603516,303.7890315055847,717.2797393798828,302.32027530670166,666.1653137207031,301.077082157135,478,0.5926024317741394,0.49113714694976807,0,-12.16913890838623,0.42898944385383303,0.6428105046285084,0.4959578852464015,0.2622453946641924,-0.022865203060777044,0.4826070787635226,51.12954175207514,-0.4376196265220642,0.08,5.82886266708374,0.10566405951976776,-35.714630126953125,3.610065221786499
0.9979692697525024,-0.00854482315480709,0.06312186270952225,-0.005321965552866459,0.9763113856315613,0.21630482375621796,-0.06347488611936569,-0.2162015289068222,0.9742832779884338,0.9999995231628418,0.2600919008255005,0.20573531091213226,0.7162923216819763,0.7008875608444214,0.09021146595478058,0.07184939086437225,0.05141500383615494,0.06361094862222672,0.005020506680011749,0.0035550673492252827,0.16463342308998108,0.1872769147157669,1,0.08990445183927562,1,0.500105339047495,0.2931125363079073,-0.020722474798342806,0.5140520411663979,47.584371741503816,0.49213528633117676,0.4281877189874649,0.5851519703865051,0.4191643804311752,782.8394317626953,304.3128561973572,830.4204559326172,303.7484335899353,717.7346801757812,302.479190826416,666.5052795410156,301.1301255226135,478,0.5930166840553284,0.4909766614437103,0,-12.511665344238281,0.46080968131753575,0.6519708549396979,0.48850019620348495,0.2665184331646579,-0.020914457527061402,0.4908722324547374,51.24716057201357,-0.3055437505245209,0.08,5.857107162475586,0.08451937884092331,-35.69444274902344,3.639289379119873
0.9979934692382812,-0.005698804743587971,0.0630599781870842,-0.007915116846561432,0.9769002199172974,0.21354910731315613,-0.06282028555870056,-0.21361975371837616,0.9748950004577637,1.0000003576278687,0.2777370810508728,0.195780947804451,0.71599280834198,0.7072832584381104,0.11621789634227753,0.055655982345342636,0.036416225135326385,0.09308317303657532,0.004897532984614372,0.0038173943758010864,0.15389586985111237,0.1919008195400238,1,0.08993186914300774,1,0.5046697831102503,0.28886815382127945,-0.016796771854462902,0.5059228161763387,48.00773561344074,0.4918316185474396,0.42926923334598543,0.5851365506649018,0.4202513188123703,782.8295135498047,305.2923560142517,830.8349609375,304.8236346244812,718.6573791503906,302.9793047904968,666.8446350097656,301.2595582008362,478,0.5933049321174622,0.4909820854663849,0,-12.359358787536621,0.48125620094955623,0.6942634124231216,0.4758171423570665,0.2633525258938195,-0.01930087678812306,0.4844824519921388,51.84127683437399,-0.4544050395488739,0.08,5.880491256713867,0.072838693857193,-35.705116271972656,3.6017088890075684
0.9977936148643494,-0.0047326828353106976,0.06622324138879776,-0.010228453204035759,0.974590003490448,0.22376300394535065,-0.06559949368238449,-0.22394664585590363,0.9723911881446838,1.0000001192092896,0.2585896849632263,0.189707413315773,0.739696204662323,0.7243016958236694,0.13212192058563232,0.05085080862045288,0.03018232248723507,0.1046922579407692,0.00433558551594615,0.00306329014711082,0.14864468574523926,0.19091370701789856,1,0.08942110252360211,1,0.5153178886276927,0.29677984711668165,-0.012524912953721934,0.5138576699263983,47.869499484153195,0.4915834367275238,0.42973140478134153,0.5850915610790253,0.4208976686000824,783.0085754394531,305.5816698074341,830.8757781982422,305.1127552986145,718.67919921875,303.2848834991455,667.3711395263672,301.35669708251953,478,0.5935081243515015,0.49116626381874084,0,-12.969365119934082,0.48125620094955623,0.695103574788748,0.4753696320854239,0.26568349077782233,-0.014780347184005657,0.4980594234486401,51.34427808779735,-0.587322473526001,0.08,5.895393371582031,0.030236512422561646,-35.769954681396484,3.761274814605713
0.9978351593017578,-0.003074579406529665,0.06569311022758484,-0.011886083520948887,0.9740250110626221,0.2261282503604889,-0.06468197703361511,-0.22641955316066742,0.971879780292511,0.9999998211860657,0.23177103698253632,0.19141487777233124,0.725688636302948,0.7084389328956604,0.07033617794513702,0.11876430362462997,0.08776253461837769,0.028418397530913353,0.004898395389318466,0.003218440106138587,0.17748592793941498,0.20668745040893555,1,0.0883929225070347,1,0.4907483356224298,0.299834071835012,-0.015094102953665282,0.5410804858995414,47.42129085688328,0.4934555113315582,0.4285548686981201,0.5869417607784271,0.4196846842765808,783.8027191162109,304.87088441848755,831.2196350097656,304.22674655914307,719.1243743896484,302.4648141860962,668.7187194824219,300.82274436950684,478,0.5934862494468689,0.4911298155784607,0,-13.114317893981934,0.4926299187812385,0.6856147962405221,0.5176013450091673,0.2697990133496803,-0.019221176003533395,0.5149900787062743,50.432394747918046,-0.6824675798416138,0.08,5.896092414855957,0.025257911533117294,-35.681671142578125,3.7085931301116943
0.9980205297470093,-0.002560569439083338,0.06283767521381378,-0.01180831715464592,0.9737704396247864,0.22722597420215607,-0.06177130714058876,-0.2275182008743286,0.9718126654624939,0.9999998211860657,0.17036643624305725,0.17185425758361816,0.7285507917404175,0.7080462574958801,0.06374461203813553,0.13310135900974274,0.09970998018980026,0.023353658616542816,0.004818625748157501,0.0028473511338233948,0.1687725931406021,0.1726216822862625,1,0.08856063758815183,1,0.4950869989360809,0.32133792631844055,-0.012578585906838673,0.5545224149086894,47.39085756011879,0.4940073251724243,0.429191580414772,0.5874991774559021,0.4195392936468124,784.8660278320312,304.74138736724854,832.2367095947266,303.35867643356323,719.7865295410156,302.5673174858093,668.8144683837891,300.8316922187805,478,0.5934918522834778,0.4903477132320404,0,-13.176614761352539,0.4926299187812385,0.7437518444410026,0.5217425049320054,0.2848912903197666,-0.01720108459863502,0.515493625817837,51.001602070774176,-0.6778769493103027,0.08,5.911707878112793,0.023278692737221718,-35.6352653503418,3.541489601135254
0.9978386163711548,0.0008604796603322029,0.06570655852556229,-0.015217868611216545,0.9757574796676636,0.21832463145256042,-0.06392581015825272,-0.21885263919830322,0.9736616611480713,0.9999998211860657,0.16924093663692474,0.16485896706581116,0.7247962355613708,0.7033510208129883,0.06201034039258957,0.14851059019565582,0.10736604779958725,0.019487302750349045,0.004835399799048901,0.0029027925338596106,0.16644756495952606,0.18606272339820862,1,0.08802053164062915,1,0.49347961462862205,0.32123597756342004,-0.012712187392017188,0.555859843962589,47.37479556362837,0.49440754055976865,0.42862114012241365,0.5879641234874725,0.41925272047519685,785.0481414794922,304.7298216819763,832.4055480957031,303.44635248184204,720.0999450683594,302.2674894332886,669.2697143554688,300.2560043334961,478,0.5935565829277039,0.4906315803527832,0,-12.667990684509277,0.4919497871926137,0.7342206943465677,0.5329283911319715,0.2832824646126637,-0.017892051573232745,0.5239366608966692,50.8700150062305,-0.8737404942512512,0.08,5.9131879806518555,0.07137890160083771,-35.673709869384766,3.665177822113037
0.9978144764900208,0.000484517659060657,0.06607632339000702,-0.01429668627679348,0.9778702855110168,0.20872290432453156,-0.0645129457116127,-0.20921139419078827,0.9757400751113892,0.9999993443489075,0.17239998281002045,0.1729145646095276,0.7202004194259644,0.6974632740020752,0.05856504291296005,0.1546962559223175,0.11131696403026581,0.018002938479185104,0.005005473271012306,0.0028833465185016394,0.17269395291805267,0.1778063327074051,1,0.08783985996479796,1,0.4903269448876384,0.32163014397068374,-0.011993628138627177,0.5484081727413797,47.27855323094128,0.4937331140041351,0.4284239888191223,0.5880900681018829,0.41889147758483886,784.9925231933594,304.14379119873047,832.2634124755859,303.29254388809204,720.4273223876953,301.92496061325073,669.5175933837891,300.1554322242737,478,0.5943569540977478,0.49046748876571655,0,-12.101731300354004,0.4919497871926137,0.7411015482946386,0.5329028297385576,0.2827512294406111,-0.017093887442236784,0.5177721117051955,50.940472495575165,-0.820877730846405,0.08,5.908677577972412,0.10195909440517426,-35.61187744140625,3.698887825012207
0.9978975653648376,0.0004784007905982435,0.06480840593576431,-0.014223426580429077,0.9772108793258667,0.2117936909198761,-0.06323016434907913,-0.21227018535137177,0.9751631617546082,0.9999997019767761,0.17932753264904022,0.17621184885501862,0.7140291929244995,0.6918464303016663,0.03477740287780762,0.20052100718021393,0.1877487748861313,0.011923293583095074,0.005295986775308847,0.0031744793523103,0.17009058594703674,0.1778891235589981,1,0.08905804826799371,1,0.46605106237279187,0.32006408718086504,-0.012986964644682982,0.5487109905262464,47.05217646384057,0.4945059359073639,0.4281341224908829,0.5888512670993805,0.4188315957784653,785.7423400878906,304.1596055030823,832.7857971191406,303.253812789917,720.4209899902344,302.0380210876465,669.669189453125,300.1580500602722,478,0.5943453311920166,0.4906974732875824,0,-12.280380249023438,0.4879722132455275,0.6747233536334881,0.5356750407896927,0.28311906342552773,-0.018483848625193606,0.5159265540190995,50.78660796828111,-0.8166038990020752,0.08,5.916619300842285,0.08848894387483597,-35.5662841796875,3.625239610671997
0.9974059462547302,0.0017447273712605238,0.07196082919836044,-0.018287554383277893,0.9730470180511475,0.22988073527812958,-0.06962017714977264,-0.23060040175914764,0.970554769039154,0.9999995827674866,0.16701050102710724,0.16232262551784515,0.7172330617904663,0.6898678541183472,0.04101414605975151,0.1763463169336319,0.16089187562465668,0.014666859060525894,0.005500632803887129,0.003141415538266301,0.1767827868461609,0.16091835498809814,1,0.08891638898350254,1,0.47282501440924996,0.3222677751527432,-0.013463874469805008,0.5506653790949351,47.24307424088156,0.49421691298484804,0.4287238210439682,0.5887718141078949,0.41891215145587923,785.7529449462891,304.26908254623413,832.9882049560547,303.4098529815674,720.5885314941406,302.07956314086914,669.7349548339844,300.1559042930603,478,0.5945549011230469,0.490188330411911,0,-13.365450859069824,0.4813002304091221,0.7011465019739298,0.5328412852619234,0.29193152653944116,-0.01882728229264478,0.5284246199104952,50.88994716636009,-1.0504070520401,0.08,5.906099796295166,0.014315943233668804,-35.56660842895508,3.9921715259552
0.9976745843887329,-0.0007679783157072961,0.06815319508314133,-0.014863232150673866,0.9734193682670593,0.2285473644733429,-0.06651715934276581,-0.2290288358926773,0.9711443185806274,1.0000001192092896,0.16579295694828033,0.1460234373807907,0.7211571931838989,0.6971206665039062,0.037898775190114975,0.1872185468673706,0.1724812090396881,0.013629453256726265,0.005151206161826849,0.0031051281839609146,0.16603481769561768,0.15341244637966156,1,0.08921882321064588,1,0.47086791841656217,0.3210979536212498,-0.011996364389024664,0.5520821065046936,47.8356536562997,0.49439976215362547,0.4283174455165863,0.5889464378356933,0.4189951002597809,785.7740783691406,304.2571949958801,833.5971832275391,303.1615662574768,720.5967712402344,302.238564491272,669.6266174316406,300.18972158432007,478,0.5945466756820679,0.4906776547431946,0,-13.269824981689453,0.4813002304091221,0.7369794721154107,0.5343469623260196,0.2962370893691716,-0.016966139473547952,0.5268099114670182,51.011315770435615,-0.8535222411155701,0.08,5.921987056732178,0.021091457456350327,-35.52208709716797,3.8139684200286865
0.9974935054779053,-0.0019994399044662714,0.07072965800762177,-0.014386693015694618,0.9729897975921631,0.23039931058883667,-0.06927990168333054,-0.23083937168121338,0.9705222845077515,0.9999997019767761,0.1696888655424118,0.14156700670719147,0.7294420599937439,0.7079932689666748,0.040874991565942764,0.18082064390182495,0.1631755232810974,0.014446630142629147,0.0048903715796768665,0.0030639891047030687,0.16109345853328705,0.1567021906375885,1,0.08920853704179159,1,0.4713356584220266,0.3214787381622622,-0.01048677833600184,0.5593318922903616,47.872155122483775,0.4939503192901611,0.4296381026506424,0.5889318704605102,0.41912175714969635,785.7529449462891,304.31262016296387,833.6122131347656,303.2019066810608,720.6395721435547,302.25783348083496,669.5841217041016,300.2937698364258,478,0.5949815511703491,0.48948365449905396,0,-13.37923526763916,0.47287863048045325,0.7354731452351988,0.5341538985195926,0.29613409689237546,-0.016952556534272595,0.5308138588408262,51.09321447782406,-0.8263107538223267,0.08,5.91573429107666,0.01543478760868311,-35.50142288208008,3.972628116607666
0.9977661967277527,-0.007817299105226994,0.06634433567523956,-0.006703072693198919,0.9764019250869751,0.21585746109485626,-0.06646616756916046,-0.21581996977329254,0.9741683602333069,1.000000238418579,0.19417496025562286,0.1450849026441574,0.7227566242218018,0.7043128609657288,0.04839939996600151,0.15669947862625122,0.13552452623844147,0.017461704090237617,0.004865376278758049,0.00307115213945508,0.16890807449817657,0.15986256301403046,1,0.08900024766431253,1,0.479535684652303,0.3141303692454302,-0.011056176423916198,0.5486588909072077,47.98788780683818,0.49359524846076963,0.42890554666519165,0.5884776175022125,0.4187217354774475,785.3750610351562,303.73281240463257,833.3460998535156,302.46127367019653,720.3944396972656,302.21993923187256,669.2603302001953,300.5902075767517,478,0.5948823690414429,0.48981618881225586,0,-12.491704940795898,0.4725439494831171,0.730553507337622,0.5306947345341824,0.29205610557876316,-0.017045915646020957,0.5274094389097329,51.16007407567349,-0.38491180539131165,0.08,5.92903470993042,0.08926521986722946,-35.53196716308594,3.8110404014587402
0.9974893927574158,-0.0025084754452109337,0.07077113538980484,-0.01354361791163683,0.9741673469543457,0.2254207879304886,-0.0695083811879158,-0.2258133590221405,0.9716876745223999,0.9999999403953552,0.15929454565048218,0.13734233379364014,0.7305780649185181,0.7059658765792847,0.09073823690414429,0.08993928879499435,0.05661734938621521,0.045091304928064346,0.004771328531205654,0.0027830933686345816,0.1681542694568634,0.14022432267665863,1,0.08903784783240758,1,0.5090387889127871,0.3236918436517229,-0.011661645043176941,0.5464132080491806,48.171979232027056,0.4924628555774688,0.4286788821220398,0.5871464431285858,0.4188600301742554,785.0093841552734,304.1314101219177,833.1556701660156,302.55828380584717,720.1692199707031,302.2999978065491,668.5886383056641,300.2299118041992,478,0.5946835875511169,0.4901811480522156,0,-13.08291244506836,0.46760114343883485,0.7482510844541156,0.5053191342894137,0.2937073490022234,-0.014349875993493248,0.5286987962859777,51.622104384305494,-0.7778974175453186,0.3,5.892439842224121,0.04993901774287224,-35.5322151184082,3.985750675201416
0.9972647428512573,-0.0023771957494318485,0.07387392222881317,-0.014459814876317978,0.9738945364952087,0.2265399843454361,-0.07248394191265106,-0.22698858380317688,0.9711962938308716,1.0,0.16148880124092102,0.13821600377559662,0.7190360426902771,0.6978765726089478,0.09654434770345688,0.08122454583644867,0.05023765563964844,0.051819510757923126,0.004753868095576763,0.003048759652301669,0.16303683817386627,0.15150825679302216,1,0.08932471160206859,1,0.5115613930683901,0.3246506660634457,-0.013422386255130085,0.5458803052966391,48.15192247607126,0.49220249652862547,0.4281608730554581,0.5868962168693542,0.41839074790477754,784.9945831298828,304.0931725502014,833.1227111816406,302.5795912742615,719.6178436279297,301.9658589363098,668.1977844238281,300.0038981437683,478,0.5946937203407288,0.49022987484931946,0,-13.155062675476074,0.4177969512664137,0.7133329161152271,0.504506539414205,0.2929764348330191,-0.020540439784035483,0.525094780971308,51.45747544145257,-0.8307003974914551,0.3,5.862878322601318,0.04113388806581497,-35.45888900756836,4.1566691398620605
0.9978180527687073,-0.0028632686007767916,0.0659606084227562,-0.01099255122244358,0.9779094457626343,0.2087395042181015,-0.06510117650032043,-0.2090091109275818,0.975744366645813,0.9999997615814209,0.16123497486114502,0.1371103674173355,0.7163889408111572,0.695508599281311,0.09548668563365936,0.08971184492111206,0.05157649517059326,0.04496743157505989,0.004707192070782185,0.002964056096971035,0.16494227945804596,0.14556628465652466,1,0.08903003161018799,1,0.5136836449385457,0.323254783202674,-0.013756749658585633,0.5433311709362205,48.742710945139784,0.492885434627533,0.42779498994350434,0.5865745186805725,0.4183949500322342,784.2073059082031,304.08156394958496,832.9264068603516,302.56463527679443,719.3258666992188,301.9793128967285,667.7813720703125,300.0316858291626,478,0.5936890840530396,0.49059996008872986,0,-12.090322494506836,0.4177969512664137,0.7143509269872669,0.5069806934768426,0.29513780807050904,-0.0202059234503585,0.518741631149242,51.58127739642382,-0.6311784982681274,0.3,5.8522820472717285,0.09501472115516663,-35.441959381103516,3.7326622009277344
0.9977984428405762,-0.0037808893248438835,0.06621111929416656,-0.010991700924932957,0.9751375317573547,0.22132819890975952,-0.06540175527334213,-0.22156871855258942,0.9729491472244263,1.0000003576278687,0.15171949565410614,0.13004370033740997,0.7149519920349121,0.6937446594238281,0.0854664146900177,0.08290990442037582,0.05851035937666893,0.048002902418375015,0.0048220111057162285,0.003141967812553048,0.15943077206611633,0.14508534967899323,1,0.08959228832373281,1,0.5047111228850378,0.3249725086231029,-0.01429217335036762,0.5434893071264627,48.66491126403927,0.4928496241569519,0.42769876420497893,0.5866924881935119,0.41836709082126616,784.3178558349609,304.08883810043335,832.9589080810547,302.5651502609253,719.471435546875,302.04583168029785,667.801513671875,300.01325368881226,478,0.5938428640365601,0.49066832661628723,0,-12.829120635986328,0.4107893210296809,0.7104951357622217,0.501204533648545,0.29489008699848135,-0.02042805013119867,0.519889972702239,51.70988493473462,-0.6311420202255249,0.3,5.882146835327148,0.05930056422948837,-35.52724075317383,3.7499208450317383
0.9977937340736389,-0.0028234447818249464,0.06632941216230392,-0.012150815688073635,0.974452555179596,0.22426432371139526,-0.06526805460453033,-0.22457551956176758,0.9722683429718018,1.0000003576278687,0.1367454081773758,0.12580139935016632,0.7145366668701172,0.6916706562042236,0.09454933553934097,0.08267403393983841,0.05130403861403465,0.04969765618443489,0.004873668774962425,0.003007125109434128,0.15522010624408722,0.13588960468769073,1,0.08904259239676605,1,0.5127746514880469,0.33214926959292473,-0.014398706926234217,0.5491504421681479,48.528863238626705,0.49275408983230595,0.42788643538951876,0.5864456772804261,0.4183931440114975,784.1065216064453,304.00935888290405,832.6127624511719,302.52774953842163,719.3545532226562,302.04641103744507,667.7861785888672,300.0867247581482,478,0.5936915874481201,0.49050670862197876,0,-13.006135940551758,0.4107893210296809,0.7218202788477871,0.5031687125008328,0.2984911939535914,-0.01957149183891602,0.5223201610459365,51.605596913390066,-0.6976953148841858,0.3,5.86663293838501,0.04926186054944992,-35.517189025878906,3.742244243621826
0.9976708292961121,-0.0025183807592839003,0.06816574186086655,-0.01270644273608923,0.9749659299850464,0.22199098765850067,-0.06701833009719849,-0.22234007716178894,0.9726630449295044,0.9999998211860657,0.13349296152591705,0.12937599420547485,0.7102077007293701,0.6863892078399658,0.09587705135345459,0.08509237319231033,0.050867002457380295,0.04821890965104103,0.005045570433139801,0.003146632807329297,0.15185967087745667,0.13925711810588837,1,0.08898311392714882,1,0.5126604115698173,0.333249607887566,-0.01621658924936634,0.5455989602427614,48.54044695537421,0.4927128791809082,0.4276305466890335,0.5864815950393677,0.418390217423439,784.1123199462891,304.1918349266052,832.6251220703125,302.5538420677185,719.3338012695312,302.1146249771118,667.7878570556641,300.0487017631531,478,0.5937687158584595,0.4907596707344055,0,-12.875957489013672,0.4107893210296809,0.7185803492375366,0.5049573935860704,0.2983168329945048,-0.020391509765502133,0.5203642085866165,51.58732793747178,-0.7296857237815857,0.3,5.8611273765563965,0.05532342940568924,-35.525054931640625,3.842747449874878
0.9975255727767944,-0.00010171943722525612,0.07030409574508667,-0.015593255870044231,0.9747717380523682,0.2226586937904358,-0.06855309009552002,-0.22320403158664703,0.9723581671714783,1.0000001192092896,0.13943441212177277,0.11151771992444992,0.7050030827522278,0.6855485439300537,0.08986479789018631,0.10367203503847122,0.05894463509321213,0.03605084866285324,0.004988954868167639,0.0032507232390344143,0.15407246351242065,0.14794084429740906,1,0.08830307597555849,1,0.5122633652500287,0.3326018785775626,-0.014634898012979751,0.5493134623660935,48.20385782911146,0.4930670380592346,0.4277034789323807,0.5866609930992126,0.4179380625486374,784.0455627441406,303.9587187767029,832.2288513183594,302.5506663322449,719.4148254394531,301.6167640686035,667.8529357910156,299.23916816711426,478,0.593593955039978,0.4902345836162567,0,-12.928230285644531,0.4107893210296809,0.7129217817767657,0.5166746712791522,0.3014138164072256,-0.019918207413741975,0.5264583151077206,51.61667779401981,-0.8955709338188171,0.3,5.836824417114258,0.06367452442646027,-35.506526947021484,3.9308855533599854
0.9977349042892456,-0.0012456801487132907,0.06725756078958511,-0.014037796296179295,0.9739603996276855,0.2262829840183258,-0.06578807532787323,-0.22671465575695038,0.9717368483543396,1.0,0.13386838138103485,0.10097293555736542,0.7073898911476135,0.6897635459899902,0.08332820981740952,0.10532364994287491,0.06483704596757889,0.03447447344660759,0.004879792220890522,0.0032410412095487118,0.15146243572235107,0.15119346976280212,1,0.08863009968785227,1,0.5072264315414938,0.3329037339346829,-0.014258780509763803,0.5533833387412356,48.59312675440179,0.4933554768562317,0.42793784141540525,0.5864942312240601,0.41810003519058225,783.6114501953125,304.01328563690186,832.1800231933594,302.4687194824219,719.2626190185547,301.92566871643066,667.6788330078125,299.44365978240967,478,0.5931387543678284,0.490162193775177,0,-13.132682800292969,0.3813013762441833,0.7250181757723254,0.5114798184073491,0.3046255390189435,-0.020157778963481903,0.53491480771438,51.64346374570443,-0.8060792088508606,0.3,5.829867362976074,0.04318079724907875,-35.48362731933594,3.7721033096313477
0.9979111552238464,-0.0017245247727259994,0.06457804888486862,-0.0131259486079216,0.9733788371086121,0.22882616519927979,-0.0632535070180893,-0.22919583320617676,0.9713229537010193,0.9999993443489075,0.12881898880004883,0.10336881875991821,0.7076665163040161,0.6921744346618652,0.08098204433917999,0.10950999706983566,0.06920966506004333,0.03236595541238785,0.0048994203098118305,0.0032633733935654163,0.14396607875823975,0.15960022807121277,1,0.08840763139574184,1,0.5031107663255336,0.3358558612435924,-0.013618740498156468,0.5519028720037967,48.48996731206985,0.49368758797645573,0.4280433177947998,0.5861545383930207,0.4182084023952484,782.8829956054688,304.0624451637268,831.3479614257812,302.5055193901062,718.7628173828125,301.9500660896301,667.4465942382812,299.4888925552368,478,0.5924669504165649,0.4901650846004486,0,-13.276803016662598,0.36718154966561484,0.7286786008270093,0.5129739768330799,0.30531510419814234,-0.019391353202299552,0.5340131655291341,51.37520932403558,-0.7535921931266785,0.3,5.819146633148193,0.034538634121418,-35.52386474609375,3.626579761505127
0.9980340600013733,-0.006490333005785942,0.062336474657058716,-0.007916979491710663,0.9736000299453735,0.22812332212924957,-0.062171392142772675,-0.22816836833953857,0.9716346263885498,1.0000001192092896,0.14108172059059143,0.11065202206373215,0.7060809135437012,0.6943336725234985,0.07745005935430527,0.11840477585792542,0.07511616498231888,0.02895481139421463,0.004956197924911976,0.0032822557259351015,0.14234037697315216,0.17248757183551788,1,0.08815253627970653,1,0.5029741433089043,0.3312192692575453,-0.01498419680859964,0.5450869346534732,48.29332170774831,0.49353878498077397,0.42796646654605863,0.5860058546066285,0.418120464682579,782.6393890380859,303.9353084564209,830.9007263183594,302.1779680252075,718.5620880126953,301.9697642326355,667.3282623291016,299.6056866645813,478,0.5924670696258545,0.4901539981365204,0,-13.215286254882812,0.36718154966561484,0.736027275652926,0.5156979747966807,0.3003954072187961,-0.017404633085364933,0.5309574229305382,51.28833938652356,-0.4544934630393982,0.3,5.829401016235352,0.0481509231030941,-35.54998779296875,3.5644569396972656
0.9983747601509094,-0.003518483368679881,0.05688061937689781,-0.0088564557954669,0.9763872623443604,0.21584577858448029,-0.05629699304699898,-0.21599875390529633,0.9747693538665771,0.9999999403953552,0.14018967747688293,0.11583532392978668,0.6976863145828247,0.6803232431411743,0.07833312451839447,0.11961367726325989,0.07394933700561523,0.02808835357427597,0.0052917879074811935,0.00341667328029871,0.15821589529514313,0.17734874784946442,1,0.08812433116098636,1,0.5002436405121126,0.3309989573499243,-0.014368698868924596,0.5474115324442647,48.70877785840619,0.4936811029911041,0.42677377462387084,0.5858599841594696,0.4185067892074585,782.0973968505859,304.2962050437927,830.7701873779297,302.42417335510254,718.4983062744141,302.29270219802856,667.0680236816406,299.7266435623169,478,0.5921788811683655,0.49173301458358765,0,-12.494261741638184,0.418330676906587,0.7365042066572222,0.5154745237234131,0.2977507377420511,-0.017453111432213814,0.5289508823447466,51.49425817115373,-0.5082502365112305,0.3,5.836005210876465,0.07559863477945328,-35.59115219116211,3.2272861003875732
0.9986371994018555,-0.0005374843021854758,0.05218658968806267,-0.010842366144061089,0.975993275642395,0.21753038465976715,-0.051050689071416855,-0.21779978275299072,0.974657416343689,0.9999995827674866,0.13437384366989136,0.11238078027963638,0.6984521150588989,0.6802542209625244,0.07101428508758545,0.12637051939964294,0.08424203842878342,0.025091255083680153,0.0052686589770019054,0.003374576335772872,0.15507587790489197,0.17800424993038177,1,0.08833132196580798,1,0.5015075726504268,0.33166977348741206,-0.01468429380330232,0.5468973760744447,48.280408472577236,0.49459380507469175,0.42634592652320863,0.5859596192836761,0.4185170352458954,782.6368713378906,304.3284344673157,830.8796691894531,302.4231004714966,718.2511901855469,302.35023021698,667.0661163330078,299.7377586364746,478,0.5913658142089844,0.49217110872268677,0,-12.596529960632324,0.4598503484392071,0.7314400141813354,0.5178791507833622,0.29902254459188116,-0.018208617072588265,0.5281364484736715,51.25170039278043,-0.62204509973526,0.3,5.832809925079346,0.0693005695939064,-35.577877044677734,2.9262607097625732
0.9987117648124695,-0.0019061296479776502,0.05070658400654793,-0.00984273012727499,0.9730369448661804,0.23043926060199738,-0.04977862164378166,-0.2306414544582367,0.9717646837234497,1.0000005960464478,0.14492592215538025,0.11606723815202713,0.7024725079536438,0.6871012449264526,0.06423831731081009,0.1123172715306282,0.09113126248121262,0.028165729716420174,0.004986079875379801,0.0034336920361965895,0.1517472267150879,0.17736642062664032,1,0.08925817176574223,1,0.4951376247113872,0.33082975755639465,-0.015723862751247982,0.5466731548558624,48.219856837506626,0.4945146262645721,0.42778622508049013,0.5857714235782623,0.41848801970481875,782.6986694335938,304.3407940864563,830.8845520019531,302.53101110458374,717.8561401367188,302.3480200767517,666.7592620849609,299.86281394958496,478,0.5912567973136902,0.4907017946243286,0,-13.35169792175293,0.47450146824391554,0.7031561551722247,0.508195273745648,0.29889684916136766,-0.019734146374514358,0.5284145705463845,51.157279015141434,-0.5646560192108154,0.3,5.841832160949707,0.02680687978863716,-35.58817672729492,2.8532841205596924
0.9989659786224365,0.002878541359677911,0.045373477041721344,-0.013100260868668556,0.9738911390304565,0.2266373485326767,-0.04353644326329231,-0.22699740529060364,0.9729217290878296,1.0000001192092896,0.12681742012500763,0.1018601581454277,0.7196858525276184,0.6993908882141113,0.052514031529426575,0.14862854778766632,0.12168749421834946,0.018328506499528885,0.004633613396435976,0.0030108760111033916,0.13535939157009125,0.14226390421390533,1,0.08908729112684927,1,0.4934660369089727,0.3347909123998432,-0.010532127522383429,0.5574624389730067,48.6913942749383,0.4961404144763947,0.4286659240722656,0.5856808960437775,0.4192278265953064,782.1458435058594,304.54904079437256,830.8077239990234,302.8539705276489,717.4186706542969,302.59815216064453,666.0099792480469,300.22780895233154,478,0.5895404815673828,0.49056190252304077,0,-13.133034706115723,0.47450146824391554,0.7769709242681471,0.5198824440186757,0.30657876800037076,-0.01524795451761201,0.5335048338935093,51.463308085772766,-0.7513234615325928,0.3,5.796686172485352,0.03156844526529312,-35.6158561706543,2.4952430725097656
0.9988890290260315,0.0007018127362243831,0.04711843654513359,-0.011510456912219524,0.9732357859611511,0.22952042520046234,-0.04569624736905098,-0.2298077940940857,0.9721627235412598,1.0000001192092896,0.12505780160427094,0.09154027700424194,0.717355489730835,0.6999170780181885,0.05866415053606033,0.1331600844860077,0.1057487204670906,0.02222636342048645,0.0045042214915156364,0.0030739959329366684,0.1304602026939392,0.13882263004779816,1,0.08906129300585391,1,0.49653805480903646,0.3362544912339094,-0.011623380959571815,0.5584193450374507,48.67392974081417,0.49586421251296997,0.42888646125793456,0.5854564309120178,0.4191838979721069,781.9968414306641,304.60360765457153,830.6422424316406,302.9373550415039,717.2655487060547,302.5502371788025,665.9545135498047,300.22042751312256,478,0.5895922183990479,0.49029743671417236,0,-13.299901962280273,0.4598503484392071,0.7813216509896268,0.5166077374198713,0.31139563609282866,-0.016195476836767433,0.5410889725388348,51.363901156229815,-0.6602048277854919,0.3,5.804062366485596,0.02519317716360092,-35.65492248535156,2.6191139221191406
0.9988454580307007,-0.0026509312447160482,0.04796523600816727,-0.007637166418135166,0.977014422416687,0.213036447763443,-0.0474274717271328,-0.2131568044424057,0.9758661389350891,1.0000001192092896,0.13367052376270294,0.10179249197244644,0.6868888735771179,0.663766622543335,0.07030359655618668,0.131503626704216,0.08558353781700134,0.02287156507372856,0.005747063551098108,0.003507670946419239,0.17889945209026337,0.1417512446641922,1,0.08823696479923851,1,0.5010007962986981,0.33016463316765915,-0.017896916650851132,0.5518562329782644,48.04121217520865,0.49530926942825315,0.42788062393665316,0.5850121736526489,0.41791690289974215,781.4608001708984,303.678503036499,829.468994140625,301.8976664543152,716.8508911132812,302.24347829818726,665.8738708496094,299.97402906417847,478,0.5897029042243958,0.490036278963089,0,-12.321496963500977,0.4468004041134174,0.7314284473985613,0.5205005638987014,0.3090521879436935,-0.022161549055665388,0.5316647390290313,51.0275121369895,-0.43807461857795715,0.3,5.786019802093506,0.10756634920835495,-35.658870697021484,2.7184135913848877
0.9988356828689575,-0.0004925835528410971,0.04823882132768631,-0.010150086134672165,0.9754180908203125,0.2201284021139145,-0.04716145992279053,-0.22036172449588776,0.9742774367332458,1.0000001192092896,0.14043831825256348,0.1122516319155693,0.6964264512062073,0.6707150340080261,0.06474313884973526,0.13387610018253326,0.09414137899875641,0.022402388975024223,0.0057408493012189865,0.0033189808018505573,0.18393273651599884,0.13615448772907257,1,0.08824481494673189,1,0.4974007418936829,0.32963510786644235,-0.01794760647467932,0.5512926636926004,48.22255344826826,0.49525594115257265,0.42844230830669405,0.5850109398365021,0.41789747178554537,781.2033081054688,303.70354413986206,829.3937683105469,301.94450855255127,716.8585205078125,302.216055393219,665.8640289306641,299.9436664581299,478,0.5897549986839294,0.4894551634788513,0,-12.744698524475098,0.4468004041134174,0.7079861131872148,0.5204633793036261,0.3084447996966329,-0.022658632385469446,0.5300397561002073,51.0450969514827,-0.5822149515151978,0.3,5.766666412353516,0.07489226013422012,-35.594051361083984,2.703155279159546
0.9989275336265564,-0.006605303380638361,0.04582623392343521,-0.003870244137942791,0.9743946194648743,0.22481144964694977,-0.04613778740167618,-0.22474771738052368,0.9733241200447083,0.9999997615814209,0.16060961782932281,0.10606583207845688,0.6951135396957397,0.677216649055481,0.09831199795007706,0.06568992137908936,0.04495137557387352,0.06768856197595596,0.0052300407551229,0.003845825092867017,0.13140803575515747,0.13182444870471954,1,0.08986024004963898,1,0.5097173255145557,0.33517821133999787,-0.024532651318319068,0.5255162138475175,48.15581142543393,0.49291902780532837,0.4286356091499329,0.5822756290435791,0.41847859025001527,779.3486785888672,304.2665934562683,827.4776458740234,302.6588988304138,714.2528533935547,302.753484249115,663.0043029785156,300.85930824279785,478,0.5893566012382507,0.4898429811000824,0,-13.002130508422852,0.4289285214062342,0.6391563417182218,0.4848231167092382,0.3067660489468936,-0.025826037703345114,0.5170668740638337,51.28354338857909,-0.2219856083393097,0.5,5.721587657928467,0.05545510724186897,-35.70855712890625,2.6444389820098877
0.998755931854248,-0.006399995181709528,0.04945271089673042,-0.005071871913969517,0.973548173904419,0.22842563688755035,-0.04960651323199272,-0.22839227318763733,0.9723045825958252,0.9999995827674866,0.14850947260856628,0.10642006248235703,0.7029862403869629,0.6823819875717163,0.10230617225170135,0.06629277020692825,0.04309849813580513,0.06932337582111359,0.005079634953290224,0.0037018340080976486,0.12924671173095703,0.13309288024902344,1,0.0897184033181978,1,0.5119781873698722,0.3382430313239349,-0.021239191288327307,0.5309449461563094,48.27383544658879,0.4929597735404968,0.42866224646568296,0.5823153614997864,0.418667858839035,779.3496704101562,304.2820429801941,827.5962829589844,302.66106605529785,714.5417785644531,302.75196075439453,663.0924224853516,300.85177659988403,478,0.5893555879592896,0.49000561237335205,0,-13.21900463104248,0.4333380889914399,0.6736032916350153,0.4839649304276146,0.3071825689977374,-0.023603115158280147,0.5205184591626953,51.484433966765195,-0.2909563183784485,0.5,5.697728633880615,0.024482548236846924,-35.63044738769531,2.8434104919433594
0.998742938041687,-0.006468961015343666,0.04970690235495567,-0.004966333974152803,0.9739883542060852,0.2265436351299286,-0.049879446625709534,-0.22650569677352905,0.9727318286895752,0.9999999403953552,0.1497819423675537,0.11444466561079025,0.6924451589584351,0.6729167699813843,0.12085755914449692,0.05763937905430794,0.03343525156378746,0.08513668924570084,0.005368286743760109,0.003789374604821205,0.136762335896492,0.13913944363594055,1,0.08937901339867341,1,0.5182297411979807,0.3353007552990051,-0.020822614656556444,0.5213354657534088,48.47120247360413,0.4924658238887787,0.4280220031738281,0.5821622312068939,0.4182614147663116,779.1391754150391,303.9760994911194,827.5823974609375,302.3293733596802,714.8783874511719,302.5556230545044,663.2987976074219,300.46176195144653,478,0.5896964073181152,0.4902394115924835,0,-13.108039855957031,0.44081929034055894,0.6808915252695823,0.4790048804912682,0.30389947205775963,-0.023102656386169627,0.5121450462439622,51.62207224503507,-0.2849057614803314,0.5,5.708858489990234,0.04274805262684822,-35.624916076660156,2.859067916870117
0.9989399909973145,-0.009388677775859833,0.04506296664476395,-0.0009498502477072179,0.9745650887489319,0.2241024523973465,-0.04602081701159477,-0.2239076942205429,0.9735231995582581,1.0000001192092896,0.14516276121139526,0.11118391156196594,0.6967839002609253,0.6820499897003174,0.11846571415662766,0.06645136326551437,0.036754511296749115,0.07213952392339706,0.005232757423073053,0.003739182371646166,0.12324177473783493,0.15436391532421112,1,0.08877317695841684,1,0.5168255570290555,0.33460485282992386,-0.018282053318694588,0.5227144195136209,48.628237439880245,0.49308196306228635,0.4282613217830658,0.5821267127990722,0.41850451827049256,778.5746765136719,304.0213966369629,827.164306640625,302.08404779434204,714.8162841796875,302.65469312667847,663.4049224853516,300.5963444709778,478,0.5890447497367859,0.49024319648742676,0,-12.952616691589355,0.44081929034055894,0.7401733320878774,0.48536379639485444,0.3006171842748978,-0.0194311823670065,0.5211578259781509,51.45255008799041,-0.054480139166116714,0.5,5.753913402557373,0.0911453440785408,-35.85783004760742,2.637730121612549
0.9990321397781372,-0.00884726271033287,0.04308844730257988,-0.0007477753097191453,0.9760066866874695,0.21773914992809296,-0.04398101568222046,-0.21756058931350708,0.975055456161499,0.9999999403953552,0.15870830416679382,0.11806149035692215,0.6890424489974976,0.6742515563964844,0.11419007182121277,0.0600440688431263,0.037247274070978165,0.08051428943872452,0.005453229881823063,0.004061478190124035,0.12694761157035828,0.14419274032115936,1,0.08931150817897461,1,0.5126027045526212,0.3311234610102266,-0.020304952065607798,0.5145824548880449,48.670424004578535,0.4934177458286285,0.4279872953891754,0.5818679988384247,0.4180882453918457,778.3485412597656,303.76909732818604,826.9881439208984,302.0372700691223,714.6261596679688,302.4032521247864,662.9921722412109,300.562527179718,478,0.5884502530097961,0.4901009500026703,0,-12.578164100646973,0.45380663035765156,0.6798735143975425,0.4779685964455092,0.2990162714436184,-0.022914283558894258,0.5033030566795843,51.66678745590163,-0.04288586601614952,0.5,5.74009370803833,0.11545178294181824,-35.864200592041016,2.5207395553588867
0.9989611506462097,-0.0003347888414282352,0.04556793347001076,-0.009713301435112953,0.9754275679588318,0.22010597586631775,-0.044521912932395935,-0.2203199416399002,0.9744110703468323,1.0,0.6016542911529541,0.49001166224479675,0.8504934310913086,0.8354387879371643,0.0964622050523758,0.08213656395673752,0.054414302110672,0.05598597601056099,0.0023685372434556484,0.0013694636290892959,0.19814558327198029,0.18746212124824524,1,0.08993156741196542,1,0.5112516062805368,0.16742505468446736,0.00829926311364455,0.46219843669877253,49.07633620411039,0.4938212871551514,0.4336103856563568,0.5817755699157715,0.42356297969818113,778.3492279052734,304.81271266937256,827.3668670654297,307.2122597694397,713.3522033691406,302.86699533462524,660.1820373535156,303.9550709724426,478,0.5879542827606201,0.48995259404182434,0,-12.740670204162598,0.45380663035765156,0.6300245406256458,0.5080458174478346,0.1561790622584115,0.00762698903352513,0.40345978480555583,53.181298055134924,-0.5570923686027527,0.5,5.669588565826416,0.04125802218914032,-35.829925537109375,2.5517611503601074
0.9990406036376953,-0.0032648283522576094,0.04367036372423172,-0.006476788315922022,0.9752346277236938,0.2210778146982193,-0.04331062734127045,-0.22114858031272888,0.974277913570404,1.000000238418579,0.5092941522598267,0.4048711359500885,0.8442561626434326,0.8309792876243591,0.08238495886325836,0.08583536744117737,0.06393706798553467,0.0515616238117218,0.0023082790430635214,0.0015382899437099695,0.20495407283306122,0.19333714246749878,1,0.09009490709911955,1,0.5063521642687454,0.2018868594720809,0.011446693731484419,0.5706615001272115,48.352970783053046,0.49360371232032774,0.4336367309093475,0.5814017117023468,0.42320350408554075,778.0970764160156,304.5494055747986,826.3965606689453,306.82308197021484,712.5716400146484,302.8364825248718,660.4605102539062,303.78514766693115,478,0.587797999382019,0.48956677317619324,0,-12.78870677947998,0.45380663035765156,0.6540995281418449,0.5020712028647003,0.1895618252972044,0.002396927699580847,0.460490483601898,52.1197641072646,-0.3714437782764435,0.5,5.653668403625488,0.031467895954847336,-35.79724884033203,2.482292413711548
0.9988558888435364,-0.006550476886332035,0.04737013950943947,-0.004517007153481245,0.9732211828231812,0.22982627153396606,-0.047607094049453735,-0.2297772914171219,0.972078263759613,1.0000004768371582,0.4440614879131317,0.35081201791763306,0.8319354057312012,0.8193983435630798,0.09426917880773544,0.081446073949337,0.05593693628907204,0.05396029353141785,0.0024536780547350645,0.0016972607700154185,0.19520437717437744,0.20285724103450775,1,0.0891663737756089,1,0.5107242658290864,0.23117408867376518,0.00792300509750409,0.6078558435480927,47.591994063495996,0.49332538843154905,0.4334164410829544,0.5811002612113952,0.42301569879055023,777.6956939697266,304.66875314712524,825.2423858642578,306.7448043823242,712.5910186767578,303.16989183425903,661.0731506347656,303.69491815567017,478,0.5877748727798462,0.4895992577075958,0,-13.299314498901367,0.42198356406833754,0.6580398969820707,0.5002315187197296,0.2101393670588273,-0.0023009370901309802,0.48773521467844855,51.520543284531996,-0.2591001093387604,0.5,5.65293550491333,0.00902394950389862,-35.892154693603516,2.7287168502807617
0.9988157153129578,-0.005597223527729511,0.04833022505044937,-0.005680580157786608,0.973150372505188,0.2301001101732254,-0.048320502042770386,-0.23010216653347015,0.9719661474227905,0.9999999403953552,0.3696678876876831,0.28678223490715027,0.7845615148544312,0.7736120223999023,0.08993463218212128,0.0797211304306984,0.05765508487820625,0.054907724261283875,0.003249146044254303,0.002627517329528928,0.16842715442180634,0.2139381319284439,1,0.08939642969142295,1,0.506553753022519,0.2612013570962471,-0.0053210227926234486,0.5743342468875342,47.630779907185364,0.49330151081085205,0.43175657391548156,0.5811857581138611,0.4213381588459015,777.6968383789062,304.6410298347473,825.3067779541016,306.04987621307373,712.6117706298828,302.85560131073,661.4705657958984,302.526912689209,478,0.587884247303009,0.4895815849304199,0,-13.318929672241211,0.42198356406833754,0.700733010585876,0.4954864139353116,0.23189482531022695,-0.016605120069256876,0.4741182271012329,51.14226107813135,-0.32585564255714417,0.5,5.645490646362305,0.01531182136386633,-35.84354019165039,2.769639253616333
0.9989790320396423,-0.00985539611428976,0.044087667018175125,-0.0007411753758788109,0.9722069501876831,0.23412224650382996,-0.04516970366239548,-0.23391586542129517,0.9712070226669312,0.9999999403953552,0.1768861711025238,0.2001078724861145,0.7377530336380005,0.7229845523834229,0.09547536820173264,0.08469194918870926,0.05445078760385513,0.04776478558778763,0.004481603391468525,0.002719067269936204,0.1532634049654007,0.19408480823040009,1,0.08847148518481332,1,0.5127693511940268,0.3210920034119616,-0.01337307125295331,0.556043163945509,47.72590207221715,0.49335211515426636,0.4299485146999359,0.581287145614624,0.41949269771575926,777.5074768066406,303.72324228286743,825.2300262451172,303.1575536727905,712.8376007080078,302.51757860183716,661.7853546142578,301.9330072402954,478,0.5879350304603577,0.48954418301582336,0,-13.54180908203125,0.42198356406833754,0.730478230310588,0.5038408350587833,0.2698455776555098,-0.015387116026024841,0.5223207648836542,51.055592788603064,-0.04250961169600487,0.5,5.683259010314941,0.030111130326986313,-35.90029525756836,2.588914155960083
0.9990115761756897,-0.005757377948611975,0.044075485318899155,-0.004261971917003393,0.9746007323265076,0.22390903532505035,-0.04424514248967171,-0.22387556731700897,0.9736129641532898,1.0000001192092896,0.19978508353233337,0.20044830441474915,0.7179049849510193,0.7008112668991089,0.11498852074146271,0.05422380939126015,0.036522261798381805,0.08911007642745972,0.004951017443090677,0.0034542898647487164,0.16302567720413208,0.18635348975658417,1,0.08951847015862038,1,0.5149384330009574,0.31555727106641257,-0.017635249090632306,0.5392161712113436,47.92201369974187,0.4928204119205475,0.4289915472269058,0.5808029472827911,0.41869535148143766,777.5465393066406,303.7726378440857,825.4645538330078,303.15354108810425,712.8427886962891,302.4513816833496,661.8019104003906,301.12139225006104,478,0.5879825353622437,0.48970380425453186,0,-12.949666976928711,0.4279006663873326,0.6212435348484707,0.47765513236812407,0.271556706812315,-0.025486020976318257,0.48937917195986974,51.05820334883995,-0.24443311989307404,0.5,5.66044807434082,0.07024063169956207,-35.79695510864258,2.5358877182006836
0.9990906119346619,-0.008602454327046871,0.04175957664847374,-0.0011093170614913106,0.973858118057251,0.22715453803539276,-0.04262198507785797,-0.22699430584907532,0.9729629755020142,1.0000003576278687,0.1916211098432541,0.20433390140533447,0.7083293199539185,0.6940540075302124,0.10503023117780685,0.05471953749656677,0.03826792910695076,0.0927651971578598,0.004992674570530653,0.0035915132611989975,0.13183821737766266,0.1778976321220398,1,0.09037124471251143,1,0.5126711381572568,0.3236751333869033,-0.0247512335490515,0.5196700714234789,48.16699244127584,0.4927996873855591,0.42963784635066987,0.580219852924347,0.4181297391653061,777.13623046875,303.55522871017456,825.2954864501953,302.6919651031494,711.8778991699219,302.2084593772888,660.7215881347656,301.16199016571045,478,0.5874201655387878,0.48849189281463623,0,-13.13232421875,0.4610315459329317,0.589334640374861,0.47250403324000656,0.27610342956821343,-0.025989962523267813,0.49021067501997345,51.16701336445937,-0.06361700594425201,0.5,5.623112201690674,0.059247683733701706,-35.6894416809082,2.4427998065948486
0.9990753531455994,-0.004252438899129629,0.042783480137586594,-0.005468984600156546,0.9744436740875244,0.22456543147563934,-0.04264504089951515,-0.22459174692630768,0.9735193848609924,0.9999993443489075,0.1637265533208847,0.1820441633462906,0.7138891816139221,0.7036646604537964,0.10441447049379349,0.09402801096439362,0.04884640872478485,0.044165585190057755,0.004783940967172384,0.0032864094246178865,0.12201395630836487,0.1736290156841278,1,0.08843702771867754,1,0.5140287689230133,0.33102799017286944,-0.017082538074198912,0.5371571482811097,48.27919760728203,0.49391123056411745,0.4302314788103104,0.5811277866363526,0.4186965197324753,777.0747375488281,304.0000891685486,825.3443145751953,303.0363178253174,712.5471496582031,302.3632764816284,661.5170288085938,300.97904205322266,478,0.5872165560722351,0.4884650409221649,0,-12.990896224975586,0.4610315459329317,0.624079701771452,0.5053517477691015,0.2824994184549659,-0.02548686104286953,0.4933170825815668,51.048891652812785,-0.3136366009712219,0.5,5.611406326293945,0.06519607454538345,-35.65269088745117,2.444122076034546
0.9990713000297546,-0.004758771043270826,0.042823728173971176,-0.005579038057476282,0.9712281227111816,0.2380855679512024,-0.0427246131002903,-0.23810337483882904,0.9702996611595154,0.9999998211860657,0.1681789606809616,0.17506036162376404,0.71836918592453,0.7072639465332031,0.10321174561977386,0.0929810032248497,0.049014002084732056,0.044525619596242905,0.004719695076346397,0.0031095375306904316,0.12699978053569794,0.17872284352779388,1,0.08849354120282073,1,0.5147421161688158,0.3281868152610403,-0.016019743470299597,0.5360995191532204,48.51941815779694,0.4939138770103455,0.42990420162677767,0.5811391353607178,0.4189994126558304,777.0458221435547,304.0011191368103,825.55419921875,302.96608686447144,712.6844024658203,302.39357471466064,661.5226745605469,301.2838053703308,478,0.5872252583503723,0.48909521102905273,0,-13.787463188171387,0.4762806927657345,0.7054277321663264,0.5036503493781844,0.2836558112968861,-0.020254625414356586,0.5118459334832224,51.173762714434005,-0.31994912028312683,0.5,5.621303558349609,0.02053052745759487,-35.679527282714844,2.4486851692199707
0.9991716146469116,-0.0054327049292624,0.040330298244953156,-0.00408646697178483,0.9726448655128479,0.23226125538349152,-0.04048886150121689,-0.2322336584329605,0.9718169569969177,1.0000003576278687,0.1608787178993225,0.15315550565719604,0.6982197761535645,0.6894702911376953,0.1182287335395813,0.0642307922244072,0.03604693338274956,0.0730544850230217,0.004955017939209938,0.0037494529969990253,0.1207616776227951,0.17990230023860931,1,0.08913374638444879,1,0.5182427039940218,0.33284712862196314,-0.01947154474687961,0.5274251007675016,48.537393386893385,0.4936210930347442,0.42902734875679016,0.5804461061954498,0.418262243270874,776.7280578613281,303.91284227371216,825.2480316162109,302.6125717163086,712.3225402832031,302.1750497817993,661.3899230957031,300.70738792419434,478,0.5868250131607056,0.48923489451408386,0,-13.439838409423828,0.4610315459329317,0.6343105743327413,0.4826123849486233,0.29036012584050597,-0.02555986854939192,0.5007532538193555,50.9537586935311,-0.23433011770248413,0.5,5.618478298187256,0.0441058911383152,-35.70038986206055,2.3204751014709473
0.9989479780197144,-0.005082883406430483,0.04557541757822037,-0.005849207751452923,0.9715979099273682,0.236565500497818,-0.04548341780900955,-0.23658320307731628,0.9705460667610168,1.0000003576278687,0.1538814902305603,0.14853569865226746,0.6938631534576416,0.6854167580604553,0.14195683598518372,0.05496397987008095,0.026991134509444237,0.0944300964474678,0.0053378078155219555,0.0039226822555065155,0.13063223659992218,0.17648720741271973,1,0.08877382880245042,1,0.5236710630427343,0.3284899378785054,-0.019959406450651505,0.5246952631458017,49.336249196631336,0.49329092502593996,0.4292800575494766,0.5799067854881287,0.4184011369943619,775.6820678710938,303.9965271949768,825.0028991699219,302.76320457458496,712.3545837402344,302.28952646255493,661.0424041748047,300.85840702056885,478,0.5866158604621887,0.48912107944488525,0,-13.699418067932129,0.4548428915297683,0.6508038365500292,0.47673079416127073,0.29036687567167774,-0.025611184429495552,0.5022768574324568,51.33213296478916,-0.33548399806022644,0.5,5.58469820022583,0.030324598774313927,-35.71666717529297,2.6069071292877197
0.9993752837181091,-0.002620159648358822,0.03524324297904968,-0.00599068496376276,0.9702555537223816,0.24200861155986786,-0.03482905402779579,-0.2420685738325119,0.9696338176727295,1.0000003576278687,0.18205159902572632,0.12844489514827728,0.7225627899169922,0.7088277339935303,0.16897210478782654,0.03377123922109604,0.021737707778811455,0.16118131577968597,0.0043847584165632725,0.0037369856145232916,0.12534092366695404,0.1451324224472046,1,0.0905982405889563,1,0.532183556605087,0.3247027503362352,-0.021397214440418977,0.5285276328334766,48.3725699645904,0.4927602052688599,0.4313261806964874,0.5789088845252991,0.41994544863700867,776.4499664306641,305.582914352417,824.7959899902344,303.98056268692017,710.7624816894531,303.42227697372437,659.6292877197266,301.3530921936035,478,0.5861486792564392,0.48861926794052124,0,-14.017338752746582,0.6487590487389715,0.6874094340279331,0.4580204524408533,0.2967638270524778,-0.02403057555206837,0.515835595050555,51.17504324670683,-0.3434514105319977,0.7,5.606680870056152,-0.032335009425878525,-35.761722564697266,1.995961308479309
0.9995142817497253,-0.0038841222412884235,0.03092203475534916,-0.003811272792518139,0.9695215821266174,0.24497616291046143,-0.030931098386645317,-0.24497506022453308,0.9690358638763428,1.0000001192092896,0.15514974296092987,0.09315571933984756,0.7250351309776306,0.7067890763282776,0.16134651005268097,0.03896919637918472,0.021349551156163216,0.14879462122917175,0.004322300665080547,0.0033911557402461767,0.12045474350452423,0.09874796867370605,1,0.09036734879875491,1,0.5352612248325269,0.33453003152557714,-0.021353642755129208,0.5294398716800232,48.40475830024562,0.49272077679634096,0.43175422549247744,0.5787501871585846,0.42042198181152346,776.2452697753906,305.67187786102295,824.6162414550781,303.86363983154297,710.3080749511719,304.11362171173096,659.4151306152344,301.8418550491333,478,0.5860294103622437,0.488667756319046,0,-14.187289237976074,0.6841360356180017,0.7197558351112815,0.46309789379891025,0.31657702750010286,-0.022368866682445476,0.5177462860587084,50.943622830065884,-0.21847489476203918,0.7,5.602271556854248,-0.05532803386449814,-35.72097396850586,1.7725039720535278
0.9996796250343323,-0.0010111754527315497,0.025292685255408287,-0.005015871953219175,0.9714751243591309,0.23708823323249817,-0.024810943752527237,-0.23713912069797516,0.9711587429046631,0.9999999403953552,0.14659959077835083,0.08948175609111786,0.7296860814094543,0.7110227942466736,0.1507553905248642,0.04258362948894501,0.022773532196879387,0.13618677854537964,0.004170216154307127,0.0032697732094675303,0.11817572265863419,0.09843931347131729,1,0.09028138966797472,1,0.5367132266998421,0.3363595289079018,-0.019551197879215405,0.5341512633389813,48.360720518764566,0.49381778240203855,0.43121943771839144,0.5787758588790893,0.4204323083162308,776.3078308105469,305.589759349823,824.6360015869141,303.8157248497009,710.3377532958984,303.9846181869507,659.5305633544922,301.7619252204895,478,0.5849580764770508,0.48921287059783936,0,-13.722057342529297,0.6971401483823756,0.7289299453085842,0.463421551525819,0.31726955239016463,-0.020562461179543932,0.520938807395377,50.85578545128371,-0.287477970123291,0.7,5.6267008781433105,-0.006340246647596359,-35.862571716308594,1.4217082262039185
0.9993581175804138,-0.002078969031572342,0.03576479107141495,-0.006510321516543627,0.9711533784866333,0.23836688697338104,-0.03522865101695061,-0.23844671249389648,0.9705164432525635,0.9999998211860657,0.1495458036661148,0.09821262210607529,0.7235355377197266,0.7039289474487305,0.17304004728794098,0.03431490808725357,0.019825367256999016,0.16392675042152405,0.004443982616066933,0.003539494937285781,0.12217041105031967,0.11473390460014343,1,0.09074336569680104,1,0.534251385865549,0.33405268309386393,-0.020357213949107743,0.5332670026925337,48.32227470311556,0.4926524221897125,0.43085870146751404,0.57869673371315,0.42020657658576965,776.3980865478516,305.5940294265747,824.6873474121094,303.80810737609863,710.3173828125,303.9699625968933,659.4507598876953,301.48752450942993,478,0.5860443115234375,0.4893478751182556,0,-13.803618431091309,0.6971401483823756,0.7134329971525561,0.45642932633503164,0.3084673126606797,-0.022555172178658833,0.5189192500463062,50.927161974080285,-0.37324821949005127,0.7,5.595734119415283,-0.015274453908205032,-35.8109245300293,2.0188705921173096
0.9992701411247253,-0.004881749860942364,0.03788621723651886,-0.004624929279088974,0.9690428972244263,0.2468491941690445,-0.037918418645858765,-0.24684421718120575,0.9683130383491516,1.0000001192092896,0.1400778442621231,0.09538857638835907,0.7168002724647522,0.6989189982414246,0.1971898227930069,0.03398537635803223,0.015352260321378708,0.1818968951702118,0.004519693553447723,0.003531451802700758,0.11363519728183746,0.11863839626312256,1,0.09020426466932033,1,0.5436128368076352,0.34110615967704583,-0.022744903022971098,0.533249916043541,48.19873306523314,0.4922803044319153,0.43087551593780515,0.5783746838569641,0.4201467990875244,776.1521911621094,305.5667996406555,824.3155670166016,303.7209677696228,710.0701141357422,303.98403882980347,659.2256927490234,301.58127307891846,478,0.5860943794250488,0.48927128314971924,0,-14.301350593566895,0.6971401483823756,0.6795092621727491,0.45961284449862594,0.3104276388807659,-0.022675490047077623,0.5207096298855713,50.9011637342964,-0.2651805579662323,0.7,5.580348968505859,-0.05095216631889343,-35.75883865356445,2.173086166381836
0.9991064667701721,-0.007899848744273186,0.041520629078149796,-0.0022994987666606903,0.9707620143890381,0.24003291130065918,-0.04220287501811981,-0.23991389572620392,0.9698763489723206,0.9999992251396179,0.1847800463438034,0.12063683569431305,0.7104558944702148,0.6955693960189819,0.18457573652267456,0.03287770599126816,0.017816491425037384,0.1738234907388687,0.004658911377191544,0.0037723765708506107,0.1307007521390915,0.14528821408748627,1,0.09030325726692122,1,0.535243233615438,0.3265158286502019,-0.024270166115604695,0.5285882507634643,48.17788479943846,0.4918444812297821,0.4302144140005112,0.5784452021121979,0.4195689052343369,775.9084320068359,305.0783157348633,824.0599060058594,303.4832811355591,710.2957153320312,303.43279123306274,659.2277526855469,301.5471124649048,478,0.5866007208824158,0.4893544912338257,0,-13.894084930419922,0.6971401483823756,0.649321479789932,0.4582891318225383,0.2964771585374158,-0.02437708574543846,0.5163078875066167,51.102765026773355,-0.13186916708946228,0.7,5.57630729675293,-0.011483480222523212,-35.77549362182617,2.41876482963562
0.9991456866264343,-0.0062301852740347385,0.04085550457239151,-0.003777941921725869,0.9706636667251587,0.2404114454984665,-0.041154779493808746,-0.24036039412021637,0.9698108434677124,0.9999995231628418,0.17383721470832825,0.11316975206136703,0.7142438888549805,0.6993173360824585,0.19285307824611664,0.03394268825650215,0.015839293599128723,0.17975006997585297,0.004521163180470467,0.003562437603250146,0.12636351585388184,0.13697180151939392,1,0.08980299378278034,1,0.5438946374081458,0.3320912490555528,-0.023920870903297035,0.5289289555188101,47.722430374758,0.49212099909782414,0.43102893233299255,0.5781878411769867,0.4196266233921051,775.8840942382812,305.15517711639404,823.5774993896484,303.491005897522,709.9772644042969,303.4405589103699,659.2913818359375,301.47387742996216,478,0.5860668420791626,0.48859769105911255,0,-13.919842720031738,0.7048152634443712,0.6619319636773324,0.46028778423149497,0.3013060379685977,-0.02404445836054023,0.5194978548659532,50.724023183106674,-0.21664416790008545,0.7,5.572103977203369,-0.007192960008978844,-35.84913635253906,2.35866117477417
0.9993413686752319,-0.005575115326792002,0.035858724266290665,-0.0036105262115597725,0.9679509997367859,0.2511129081249237,-0.03610946983098984,-0.25107696652412415,0.967293381690979,1.0,0.14698755741119385,0.1024053543806076,0.7196689248085022,0.7034873962402344,0.21933633089065552,0.034026049077510834,0.012324451468884945,0.1922595351934433,0.004385398235172033,0.0031367435585707426,0.12634797394275665,0.12381072342395782,1,0.08901360986912528,1,0.5550224585980629,0.3362112068525162,-0.021598569544410338,0.5356505198727031,48.30931356044868,0.4922418653964996,0.43175622522830964,0.5778054654598236,0.41991758048534394,775.1597595214844,305.08745670318604,823.4341430664062,303.2507014274597,709.9483489990234,303.5858702659607,659.2728424072266,301.7500591278076,478,0.585563600063324,0.4881613552570343,0,-14.550949096679688,0.7048152634443712,0.7805544804647998,0.4611019660316392,0.30813620393633745,-0.019475190240466983,0.528576676289175,50.70874846583805,-0.20700334012508392,0.7,5.582412242889404,-0.04166935384273529,-35.87737274169922,2.0693700313568115
0.9993435740470886,-0.004601992201060057,0.03593292087316513,-0.004545641131699085,0.96812903881073,0.2504104971885681,-0.03594009578227997,-0.25040948390960693,0.9674726128578186,0.9999998211860657,0.14749766886234283,0.10646713525056839,0.7218054533004761,0.702923595905304,0.20963330566883087,0.03446950763463974,0.01318434439599514,0.18700015544891357,0.0044160084798932076,0.003165831323713064,0.1270260214805603,0.1297556608915329,1,0.08920085210993693,1,0.5527517124106432,0.3375127869821758,-0.021550431112201472,0.5361547110901008,48.06421110211181,0.49225597977638247,0.43128928244113923,0.5777022182941437,0.4198537439107895,775.1553344726562,305.0874996185303,823.1842803955078,303.2466459274292,709.7514343261719,303.5402297973633,659.0529632568359,301.65738344192505,478,0.5854462385177612,0.48856446146965027,0,-14.511324882507324,0.7048152634443712,0.7812582456658118,0.46040713159951335,0.3053790290071447,-0.019837028753389076,0.5297854425390851,50.73342171850768,-0.2606153190135956,0.7,5.562193393707275,-0.03947679325938225,-35.84934616088867,2.059659242630005
0.9994426965713501,-0.005478029139339924,0.0329306498169899,-0.002829056465998292,0.9689974188804626,0.24705472588539124,-0.03326307609677315,-0.24701018631458282,0.9684418439865112,1.0000004768371582,0.14650477468967438,0.10631567239761353,0.7250021696090698,0.7105987071990967,0.19512514770030975,0.040302347391843796,0.015567036345601082,0.15572942793369293,0.004258871544152498,0.0031504849903285503,0.1186305359005928,0.13355904817581177,1,0.08932948620306162,1,0.5511721915337913,0.3377982870243423,-0.01995550473702411,0.5363141279906108,48.043967173194225,0.4926233232021332,0.43200893998146056,0.5776446402072907,0.4198078095912933,775.1032257080078,305.1017475128174,823.1031799316406,303.0457377433777,709.0333557128906,303.53033781051636,658.7004089355469,301.5230369567871,478,0.5850213170051575,0.48779886960983276,0,-14.308746337890625,0.7107299322153147,0.7428780783406411,0.46763519207961035,0.30669748771360955,-0.019834232943447216,0.5313298105179773,50.37295691250461,-0.16218294203281403,0.7,5.557981967926025,-0.02164793387055397,-35.849876403808594,1.906185269355774
0.9994228482246399,-0.005337174981832504,0.033547841012477875,-0.0030914489179849625,0.9691919088363647,0.24628745019435883,-0.033828772604465485,-0.2462489902973175,0.9686160087585449,0.9999997019767761,0.14380408823490143,0.11864672601222992,0.7323806285858154,0.713992714881897,0.1774628907442093,0.03803732618689537,0.017608124762773514,0.16160769760608673,0.004408222623169422,0.003159493440762162,0.12683112919330597,0.13057927787303925,1,0.08955735200821474,1,0.537893728147007,0.33291039599960714,-0.01869338099259362,0.5356356999665991,48.46507556951276,0.49248481988906856,0.4316765457391739,0.5773226737976074,0.4199422687292099,774.0001678466797,305.07065534591675,822.4227905273438,303.04256200790405,709.0048217773438,303.5586619377136,658.284912109375,301.72162771224976,478,0.5848378539085388,0.488265722990036,0,-14.263994216918945,0.7211992766881942,0.7250663440145317,0.4613145157735977,0.3010526824697407,-0.018188734068347766,0.5240117053067191,50.75316671473753,-0.17722868919372559,0.7,5.5265398025512695,-0.02318749949336052,-35.817562103271484,1.9386156797409058
0.9994712471961975,-0.004698080010712147,0.03217385336756706,-0.0033292078878730536,0.969519317150116,0.24499200284481049,-0.032344184815883636,-0.24496956169605255,0.9689911603927612,1.0000001192092896,0.16237607598304749,0.109537273645401,0.724955677986145,0.7099072933197021,0.1624884456396103,0.037807390093803406,0.020324593409895897,0.15310834348201752,0.004289079457521439,0.0034656308125704527,0.12966924905776978,0.14098045229911804,1,0.08972783111058062,1,0.5352739964914681,0.3269970288803606,-0.017900851647088156,0.5360338436686056,48.409794568240834,0.4932732701301574,0.4306215465068817,0.5773388266563415,0.4191634178161621,774.0162658691406,304.56125020980835,822.3928070068359,302.76723861694336,708.9936828613281,302.9978013038635,658.2853698730469,300.92063426971436,478,0.5840655565261841,0.4885418713092804,0,-14.18761157989502,0.7211992766881942,0.7361387114315872,0.4596078818954033,0.3020703990950075,-0.0191134180534921,0.5200084477094128,50.75083870348105,-0.19084976613521576,0.7,5.514715194702148,-0.004297118168324232,-35.81904220581055,1.8535085916519165
0.9994920492172241,-0.007675130385905504,0.03092973306775093,0.0004276293038856238,0.9737069010734558,0.22780396044254303,-0.03186492249369621,-0.22767505049705505,0.973215639591217,1.0000001192092896,0.14059287309646606,0.10287007689476013,0.7186189293861389,0.7022871971130371,0.19325950741767883,0.0335305817425251,0.01542149018496275,0.1800253838300705,0.004405544605106115,0.003440815256908536,0.11630524694919586,0.13792653381824493,1,0.08939333149113352,1,0.5419756741633182,0.33650832524908314,-0.01760195498691181,0.5333278816532205,48.65195466675589,0.49270688295364384,0.43025754690170287,0.5771537899971009,0.41885493993759154,773.7843322753906,304.1947317123413,822.4012756347656,302.349328994751,709.412841796875,302.8023648262024,658.2887268066406,300.8615827560425,478,0.584446907043457,0.48859739303588867,0,-13.167036056518555,0.7162646717362036,0.7940537100381816,0.4554535240905135,0.30438690679122343,-0.01797791821185514,0.523609763295153,51.16093987292339,0.02451380342245102,0.7,5.540040016174316,0.07967228442430496,-35.87459945678711,1.8260345458984375
0.9994814395904541,-0.003806354943662882,0.031972337514162064,-0.004011239390820265,0.970532238483429,0.2409379780292511,-0.03194728121161461,-0.24094131588935852,0.9700137376785278,0.9999998211860657,0.1528649479150772,0.11391983926296234,0.7133761048316956,0.6933507919311523,0.19491061568260193,0.033746492117643356,0.01579798199236393,0.1803019791841507,0.004817818757146597,0.0034246155992150307,0.13201551139354706,0.13607609272003174,1,0.08938059039764415,1,0.5408311201439637,0.3305894841634227,-0.02197124074194049,0.5284092603711186,48.525774716520104,0.49267035722732544,0.43081258833408353,0.5771716237068176,0.4189081102609634,773.7881469726562,304.3196153640747,822.2928619384766,302.8901267051697,709.3275451660156,302.8270196914673,658.3748626708984,300.88733196258545,478,0.5845012664794922,0.4880955219268799,0,-13.949368476867676,0.7107299322153147,0.7291454595515722,0.4557891107755387,0.3024238522629991,-0.019100539313154995,0.520947417820568,50.98958954566878,-0.2299450784921646,0.7,5.539581775665283,0.02414722368121147,-35.89133071899414,1.8307557106018066
0.9994532465934753,-0.0022514353040605783,0.03298652544617653,-0.005640294868499041,0.9714447855949402,0.237198606133461,-0.03257862478494644,-0.23725499212741852,0.9709009528160095,1.0000004768371582,0.16710957884788513,0.10514099895954132,0.7476809620857239,0.7267496585845947,0.17385827004909515,0.0334818996489048,0.019603881984949112,0.1639537662267685,0.00408353703096509,0.0030559480655938387,0.13485649228096008,0.10866692662239075,1,0.0899920308870965,1,0.5297807769005284,0.3252359549239988,-0.011424175910590643,0.542606470046408,48.3477915421453,0.4928059220314026,0.431888085603714,0.5774538159370423,0.4194913923740387,774.0784454345703,304.3974208831787,822.4076843261719,303.05816173553467,709.3156433105469,302.82742738723755,658.157958984375,300.8900785446167,478,0.5846478939056396,0.4876033067703247,0,-13.732015609741211,0.7072873132028729,0.7699046421219286,0.4580588794157044,0.3034975095125057,-0.014529364768164861,0.5311942728713961,51.194355023348464,-0.32333841919898987,0.7,5.54656457901001,0.05615275353193283,-35.946739196777344,1.8669480085372925
0.9992973208427429,-0.009279545396566391,0.036313097923994064,0.0004537033673841506,0.9717897772789001,0.2358483374118805,-0.03747723996639252,-0.2356661707162857,0.9711111783981323,0.9999998211860657,0.1664954274892807,0.0958859920501709,0.7471177577972412,0.7268374562263489,0.19180800020694733,0.030209893360733986,0.017918352037668228,0.18366596102714539,0.004092362709343433,0.0029288269579410553,0.15241827070713043,0.11012652516365051,1,0.08992404016858682,1,0.5319557062584701,0.3195266170944752,-0.01229099035617761,0.5441360245731298,48.230971199449606,0.4918944358825683,0.4315140277147293,0.5774529099464416,0.4193736344575882,774.2063903808594,304.21822786331177,822.4078369140625,302.530882358551,709.3808746337891,302.8904700279236,658.3300018310547,301.0628342628479,478,0.5855584740638733,0.4878596067428589,0,-13.640661239624023,0.6597440758545917,0.7706848281740778,0.4564238224714966,0.3045016667053408,-0.012869945701253145,0.5359343064411952,51.08357726816824,0.026013564318418503,0.7,5.568881511688232,0.060029152780771255,-35.949668884277344,2.1477904319763184
0.9990817308425903,-0.007704429794102907,0.04214751720428467,-0.003174047451466322,0.9676883220672607,0.2521292269229889,-0.04272817447781563,-0.25203147530555725,0.9667752981185913,0.9999999403953552,0.16229066252708435,0.08319845795631409,0.7402708530426025,0.7273536920547485,0.28338009119033813,0.017803356051445007,0.010820076800882816,0.2860412001609802,0.0037127661053091288,0.0031901481561362743,0.11652272939682007,0.10507488250732422,1,0.09060594151859881,1,0.5440456299633799,0.3329527929094273,-0.013630042160417093,0.5331435682521821,48.29556788057663,0.49080945849418645,0.4320430099964142,0.5777882516384125,0.41964041590690615,775.5918121337891,304.8368310928345,823.8590240478516,303.1821012496948,710.3903198242188,302.930166721344,659.2486572265625,300.80480575561523,478,0.5869787931442261,0.48759740591049194,0,-14.611395835876465,0.6822407075448228,0.7533846136458086,0.43697807423931817,0.3115933524230798,-0.014075524088043403,0.5308785109526762,51.18580674942544,-0.18202605843544006,0.92,5.602305889129639,-0.01933588832616806,-35.818363189697266,2.4488894939422607
0.9990812540054321,-0.005662592593580484,0.04247909039258957,-0.004368004389107227,0.972614049911499,0.23238517343997955,-0.04263165965676308,-0.2323572337627411,0.9716957807540894,0.9999998211860657,0.17136070132255554,0.09636438637971878,0.7332146167755127,0.7227864265441895,0.2897379398345947,0.01718711107969284,0.010763857513666153,0.2891928553581238,0.0038478991482406855,0.003401952562853694,0.11340197175741196,0.12051847577095032,1,0.09069816619771037,1,0.5426343815822721,0.33059900676303444,-0.013844170662734129,0.5294818809952694,48.21404727617583,0.4908544838428497,0.43206115663051603,0.5778239786624908,0.4192948848009109,775.6593322753906,304.82550144195557,823.8468933105469,303.2275915145874,710.42724609375,302.5727891921997,659.3611907958984,300.36895751953125,478,0.5869694948196411,0.4872337281703949,0,-13.448346138000488,0.7376175023748666,0.7514776908550924,0.43518363112582337,0.3026110062557972,-0.01596737583198672,0.5200060316320818,51.113587996020364,-0.2504967451095581,0.92,5.612700939178467,0.07455810904502869,-35.906490325927734,2.443354368209839
0.9990878701210022,-0.004143431782722473,0.042500343173742294,-0.005725106690078974,0.9732982516288757,0.22947293519973755,-0.04231631010770798,-0.2295069694519043,0.9723867177963257,0.9999993443489075,0.1778685599565506,0.09522433578968048,0.7311775088310242,0.7253187894821167,0.31158214807510376,0.01668340340256691,0.009185882285237312,0.3103460371494293,0.00389496679417789,0.003418977838009596,0.11320281773805618,0.11933929473161697,1,0.09074944396216704,1,0.5487761321845469,0.32861207532483966,-0.01404447612103121,0.5247260034261789,47.860796685219874,0.4909091889858246,0.43281897008419035,0.5778715312480927,0.4191245049238205,776.2039947509766,304.8220896720886,824.0380859375,303.2234716415405,710.4356384277344,302.4596858024597,659.6393585205078,299.9254059791565,478,0.5869623422622681,0.4863055348396301,0,-13.280158996582031,0.7514223004889292,0.7757889334547075,0.43255874053653165,0.3011101470350818,-0.014681748129218092,0.51505471928844,50.85945956002511,-0.32832032442092896,0.92,5.616206645965576,0.09199938923120499,-35.88864517211914,2.4252700805664062
0.9992622137069702,-0.0039884187281131744,0.03819875046610832,-0.00571510149165988,0.968078076839447,0.25058379769325256,-0.03797879070043564,-0.25061723589897156,0.9673410058021545,0.9999998211860657,0.16806647181510925,0.08941946923732758,0.7395460605621338,0.7336254119873047,0.3122013211250305,0.016032803803682327,0.009132654406130314,0.3153606057167053,0.003645074088126421,0.0032499630469828844,0.11365842819213867,0.11713384836912155,1,0.0906384373299757,1,0.5530268385500829,0.3322501409179164,-0.014470373618895018,0.5314616619524033,47.84952799416445,0.49086744785308833,0.43323889672756194,0.5778249621391296,0.41938340961933135,776.2758636474609,304.82492208480835,824.1030120849609,303.3616375923157,710.6120300292969,302.5019145011902,659.6392059326172,300.4723834991455,478,0.5869575142860413,0.4861445128917694,0,-14.524747848510742,0.7579026747262413,0.7908511687134904,0.4312393689340061,0.3054338292266345,-0.014932783394565108,0.5267932788972884,51.013211941430775,-0.32768937945365906,0.92,5.640533447265625,0.002678198041394353,-35.88911819458008,2.1765477657318115
0.9991576075553894,-0.005543841514736414,0.04066252335906029,-0.004629843402653933,0.9692806601524353,0.24591399729251862,-0.040776707231998444,-0.24589501321315765,0.9684383869171143,0.9999997019767761,0.17581871151924133,0.09165940433740616,0.7473254203796387,0.7381806373596191,0.2629750370979309,0.0237280186265707,0.01061976607888937,0.252853661775589,0.003513157134875655,0.0029406214598566294,0.10578424483537674,0.11919891089200974,1,0.08946216512168301,1,0.5492565026162385,0.3328234138738997,-0.012820305162491932,0.534139805656115,48.10137713738982,0.49131894707679746,0.43314726650714874,0.5784364998340606,0.4195343405008316,776.0115051269531,304.6144652366638,824.1015625,303.57097864151,711.5425872802734,302.4108910560608,660.3514862060547,300.7550024986267,478,0.5871175527572632,0.48638707399368286,0,-14.246830940246582,0.7579026747262413,0.7462928106640595,0.44579895419649185,0.3075477813454796,-0.014669331752008687,0.5247055230821486,51.21787574868716,-0.26549220085144043,0.92,5.644256591796875,0.016069846227765083,-35.88661575317383,2.3369810581207275
0.9990261793136597,-0.006172399502247572,0.04368777573108673,-0.004866647534072399,0.9687091708183289,0.24815106391906738,-0.043852437287569046,-0.24812202155590057,0.9677356481552124,1.0,0.17956770956516266,0.09815502911806107,0.7455427646636963,0.7332073450088501,0.23606979846954346,0.023013366386294365,0.014065457507967949,0.23294661939144135,0.003667134093120694,0.0031598121859133244,0.10674475133419037,0.1252531111240387,1,0.0905159614650255,1,0.5347432679562371,0.3288650824255942,-0.01468688999279945,0.5333438589214096,48.51352112576142,0.4914822399616241,0.43291311264038085,0.578939539194107,0.4195719838142395,776.4513397216797,304.8217463493347,824.9516296386719,303.6887812614441,711.6494750976562,302.6298451423645,660.3483581542969,300.7539939880371,478,0.5874572992324829,0.48665887117385864,0,-14.380542755126953,0.7579026747262413,0.7669064431816237,0.44433579281404134,0.3047264299754231,-0.016447294472425062,0.5227934995570156,51.33540120903017,-0.2791079580783844,0.92,5.640955448150635,-0.006479666568338871,-35.80452346801758,2.5133655071258545
0.9990655779838562,-0.005209099967032671,0.042905110865831375,-0.005628710612654686,0.968574047088623,0.24866154789924622,-0.04285208135843277,-0.24867068231105804,0.967639684677124,0.9999997019767761,0.1760796308517456,0.10057658702135086,0.7445341348648071,0.7329951524734497,0.254271000623703,0.02050314098596573,0.012735926546156406,0.2540283501148224,0.0036407746374607086,0.003149306634441018,0.10789640247821808,0.1250246912240982,1,0.09056509908571495,1,0.5383845983190394,0.32960306935255634,-0.014862998545791284,0.5321620215685908,48.4699545084878,0.4914654493331909,0.4326638072729111,0.5788750648498535,0.4195800215005875,776.5975952148438,304.8671293258667,825.0533294677734,303.69311571121216,711.6364288330078,302.6314973831177,660.4032897949219,300.74785709381104,478,0.5874096155166626,0.4869162142276764,0,-14.41238784790039,0.719226202298212,0.7500548521801833,0.44162697950898366,0.3042443088050721,-0.016457601085646197,0.5231201444821346,51.26775435434909,-0.32279956340789795,0.92,5.641594409942627,-0.011967360973358154,-35.77933883666992,2.4559953212738037
0.9992049932479858,-0.003953445702791214,0.03966919332742691,-0.006478828378021717,0.9657382369041443,0.25943735241889954,-0.03933572396636009,-0.2594881057739258,0.9649448394775391,0.9999995827674866,0.15027540922164917,0.09351937472820282,0.7366090416908264,0.7281208038330078,0.26252973079681396,0.01970290206372738,0.012468831613659859,0.25939062237739563,0.003730364376679063,0.0034598836209625006,0.09182407706975937,0.12421409040689468,1,0.09085638445116541,1,0.5407592953467959,0.3394866313477661,-0.017545560537693797,0.5298553410453859,48.286499971878534,0.49149824976921086,0.4332805186510086,0.5790100872516633,0.4198147565126419,777.1662902832031,305.41492223739624,825.4261779785156,303.8120126724243,711.671142578125,303.02698373794556,660.4091644287109,300.76892852783203,478,0.5875118374824524,0.4865342378616333,0,-15.051615715026855,0.6989920414877042,0.7423945675951154,0.44074766952343736,0.3070919614347814,-0.01794790060049156,0.5271884026998668,51.311686945817215,-0.3714996576309204,0.92,5.674439907073975,-0.04989713430404663,-35.82224655151367,2.254352569580078
0.9991773366928101,-0.003908905200660229,0.04036552831530571,-0.006444412749260664,0.9673925042152405,0.25320011377334595,-0.04003904014825821,-0.25325194001197815,0.9665714502334595,0.9999998211860657,0.15489600598812103,0.09390851110219955,0.7411473989486694,0.7326521873474121,0.2803709805011749,0.01760241575539112,0.011126965284347534,0.28163841366767883,0.003647716250270605,0.0033100098371505737,0.09831961244344711,0.12430132180452347,1,0.09084080611458542,1,0.5421645770255018,0.3355973236470694,-0.015051811789899863,0.5288186108606264,48.48828747053953,0.4914482951164245,0.433269801735878,0.5789151310920715,0.4198032945394516,776.9969940185547,305.20296335220337,825.4654693603516,303.81699085235596,712.0534515380859,302.8666090965271,660.4283905029297,300.70908308029175,478,0.587466835975647,0.4865334928035736,0,-14.682065963745117,0.6989920414877042,0.7453052574163547,0.4351912778915527,0.3041511919418255,-0.01592941402841028,0.526534107320495,51.67012527077596,-0.36953651905059814,0.92,5.671751499176025,-0.028676053509116173,-35.821998596191406,2.2946813106536865
0.9991740584373474,-0.003895666217431426,0.04044809192419052,-0.006404715124517679,0.9678542613983154,0.2514299750328064,-0.04012734815478325,-0.2514813542366028,0.9670299887657166,1.000000238418579,0.18470710515975952,0.10477925091981888,0.7166980504989624,0.7085201740264893,0.2848827838897705,0.016215920448303223,0.01103314757347107,0.2891601026058197,0.004061199724674225,0.0037835468538105488,0.10991664230823517,0.1340436488389969,1,0.09095010789925517,1,0.5456031478463239,0.3298241963754628,-0.02231203165516444,0.5204866169509659,47.784923949995544,0.4914850056171417,0.432471489906311,0.5791902005672455,0.41914663314819334,777.9078674316406,305.0942587852478,825.6734466552734,303.73470067977905,712.3290252685547,302.78708696365356,661.4213562011719,300.52905321121216,478,0.5877051949501038,0.4866751432418823,0,-14.577186584472656,0.719226202298212,0.7115882938566463,0.42691662313093764,0.3023295717748108,-0.023310012613401206,0.5113056189330559,50.957722539407555,-0.36726143956184387,0.92,5.698511600494385,-0.022927312180399895,-35.852439880371094,2.2997450828552246
0.9991797208786011,-0.0038859443739056587,0.040308158844709396,-0.006325082387775183,0.968191921710968,0.250128835439682,-0.039998020976781845,-0.25017863512039185,0.9673731923103333,0.9999998211860657,0.15786385536193848,0.07761264592409134,0.7415771484375,0.7250776290893555,0.29879215359687805,0.01580214314162731,0.009900709614157677,0.30338960886001587,0.003739173524081707,0.0030396657530218363,0.12011956423521042,0.10664413124322891,1,0.09092107381869768,1,0.5518296448396917,0.33482306090465597,-0.017848288428802726,0.5357989784689795,47.93760194857271,0.49123266339302063,0.4321898877620697,0.5791713297367096,0.42002460956573484,778.1022644042969,305.212619304657,826.0163879394531,303.7124705314636,712.301025390625,303.36286067962646,661.2303924560547,300.77442169189453,478,0.587938666343689,0.48783472180366516,0,-14.49993896484375,0.7479074232478911,0.7731717041578983,0.4294919008762755,0.3128954359077366,-0.011557927855576801,0.5481851310195143,51.1361864517985,-0.3626931607723236,0.92,5.704509258270264,-0.029522495344281197,-35.85144805908203,2.2923290729522705
0.9991444945335388,-0.005053287837654352,0.04104681313037872,-0.004757935181260109,0.9718716144561768,0.23546314239501953,-0.041082095354795456,-0.23545697331428528,0.9710160493850708,0.9999992251396179,0.16466577351093292,0.07864843308925629,0.736865758895874,0.721989095211029,0.300405889749527,0.0156563650816679,0.010316764935851097,0.29836785793304443,0.0038692038506269455,0.0031397705897688866,0.11329372227191925,0.10780595988035202,1,0.09098620387131676,1,0.545756592426664,0.33423191615131903,-0.01576526093825406,0.5317264121478353,48.14127325970147,0.49142163395881655,0.43227019608020784,0.579243952035904,0.42009219229221345,777.8520965576172,305.25607109069824,825.9688568115234,303.7199807167053,712.5056457519531,303.35882663726807,661.3258361816406,300.7842493057251,478,0.5878223180770874,0.4878219962120056,0,-13.630290031433105,0.7688020828363995,0.7629939202565321,0.42777091823090085,0.310267668757614,-0.011823844289134994,0.5429762784891402,51.24452513383293,-0.2728409469127655,0.92,5.695329666137695,0.02493138797581196,-35.84477615356445,2.3544931411743164
0.9991687536239624,-0.00392026687040925,0.04057563096284866,-0.005940645933151245,0.9707358479499817,0.2400764524936676,-0.04032936319708824,-0.24011793732643127,0.9699056148529053,0.9999997615814209,0.15456974506378174,0.07845475524663925,0.7459978461265564,0.7273916006088257,0.3070809841156006,0.015853067860007286,0.008785557933151722,0.31366145610809326,0.003567812731489539,0.0029441032093018293,0.11375053226947784,0.10746847838163376,1,0.0904111037378412,1,0.5561281056540109,0.3354476143087307,-0.013949692138643154,0.5360905186731564,48.17721980338212,0.4912904858589172,0.432365882396698,0.5791200757026672,0.42018463015556334,777.7980804443359,305.2632808685303,825.9516906738281,303.75519275665283,712.6038360595703,303.325674533844,661.4115905761719,300.7818031311035,478,0.58782958984375,0.48781874775886536,0,-13.90503978729248,0.7790723219359909,0.7940243807402987,0.4300294903678863,0.3116185575071084,-0.011390756059386045,0.5440887365194867,51.25541219665216,-0.34065309166908264,0.92,5.702895641326904,0.010609415359795094,-35.869625091552734,2.3113291263580322
0.9991282224655151,-0.004003424197435379,0.04155363887548447,-0.006314094178378582,0.9694473743438721,0.24521797895431519,-0.04126577824354172,-0.2452666163444519,0.968576967716217,1.0,0.173195019364357,0.09529394656419754,0.7401222586631775,0.7271180152893066,0.29678425192832947,0.01590832509100437,0.010420620441436768,0.29542258381843567,0.003764245891943574,0.003234242321923375,0.11081616580486298,0.1264902949333191,1,0.09072538648733372,1,0.5469909417130315,0.3305019284086541,-0.01431328068563432,0.5336474525264476,48.40252882876211,0.4914032220840454,0.43310404717922213,0.5791141390800476,0.4199968665838242,777.4497985839844,305.27682065963745,825.8316040039062,303.86059284210205,712.5471496582031,303.136203289032,661.2782287597656,300.7717180252075,478,0.5877109169960022,0.48689281940460205,0,-14.209948539733887,0.7790723219359909,0.773177088570444,0.4279688263603488,0.3030055795409036,-0.015145061248496152,0.5387878116887339,51.32341610566984,-0.36208176612854004,0.92,5.691378116607666,-0.0018805559957399964,-35.86652755737305,2.3650262355804443
0.9992333054542542,-0.0024193893186748028,0.03907560184597969,-0.007883179932832718,0.9652122259140015,0.26134881377220154,-0.03834855183959007,-0.26145651936531067,0.9644532203674316,1.0,0.16662900149822235,0.09410915523767471,0.7358419895172119,0.7279435396194458,0.3283402621746063,0.013437113724648952,0.009813638404011726,0.320835143327713,0.003893469227477908,0.0034124122466892004,0.11224869638681412,0.12519462406635284,1,0.09120214274868603,1,0.5497543220681873,0.3305764294941691,-0.015804153073619376,0.5338150839913135,48.48203823970739,0.4909805417060852,0.4337430983781815,0.5787160754203796,0.4199468582868576,777.3381805419922,305.31503677368164,825.8019256591797,303.98333072662354,712.3516845703125,303.1290578842163,660.5071258544922,300.7702374458313,478,0.5877355337142944,0.48620375990867615,0,-15.167928695678711,0.7739137716222028,0.7657788625072358,0.42227766756589374,0.30270218361276696,-0.016194714906215064,0.5409671136684544,51.89819170647932,-0.4520100951194763,0.92,5.702358722686768,-0.05307323485612869,-35.899383544921875,2.197748899459839
0.9990521669387817,-0.0025130384601652622,0.04345506802201271,-0.00821007415652275,0.9695332050323486,0.24482223391532898,-0.04274637997150421,-0.24494695663452148,0.9685936570167542,0.9999999403953552,0.14398176968097687,0.09358380734920502,0.7306354641914368,0.7169381976127625,0.31976333260536194,0.013239419087767601,0.009932010434567928,0.32054194808006287,0.004042362328618765,0.003373699728399515,0.11335252225399017,0.11869192868471146,1,0.0911779130367004,1,0.546315016412198,0.3366261435769803,-0.013486984016542808,0.5341648987131323,48.39463394072916,0.49095185399055485,0.4324580103158951,0.5786256968975068,0.41949101984500886,777.0979309082031,304.8403286933899,825.4685211181641,303.3150100708008,712.3469543457031,302.74043798446655,660.6279754638672,300.6948137283325,478,0.5876738429069519,0.48703300952911377,0,-14.19194221496582,0.7688020828363995,0.755465586040229,0.4193212242754289,0.3022523905820638,-0.015959624798878507,0.5339828731710724,51.75941803460114,-0.4708382785320282,0.92,5.65984582901001,0.010477060452103615,-35.838809967041016,2.4499335289001465
0.9991917014122009,-0.002317593200132251,0.04013184830546379,-0.007762649096548557,0.9684213995933533,0.24919816851615906,-0.03944207727909088,-0.2493082880973816,0.9676206707954407,1.0000004768371582,0.14731767773628235,0.10460478812456131,0.7122933864593506,0.6973603963851929,0.3051738739013672,0.016111820936203003,0.009211606346070766,0.309770405292511,0.004536798689514399,0.003878014860674739,0.11259757727384567,0.1344453990459442,1,0.09020033428665991,1,0.551150857711602,0.33635152233174087,-0.019226368631859347,0.523874864293694,48.447476536434486,0.49131525754928584,0.4317887157201767,0.5783445954322814,0.41868344247341155,776.3211059570312,304.47908878326416,824.7471618652344,303.0385708808899,711.9419860839844,302.45895624160767,660.5524444580078,300.2097415924072,478,0.5870293378829956,0.48689472675323486,1,-14.44806957244873,0.7637844747563626,0.7835281081446803,0.4282718168418859,0.30163391120516264,-0.019764233099910634,0.5219480182264816,51.438739828742236,-0.44511786103248596,0.92,5.659589767456055,0.013925409875810146,-35.92183303833008,2.260450839996338
0.9991369247436523,-0.004301948007196188,0.0413140133023262,-0.006460275035351515,0.9664251208305359,0.25686708092689514,-0.041031934320926666,-0.25691232085227966,0.9655632376670837,0.9999995827674866,0.14961309731006622,0.10993479192256927,0.7093685865402222,0.6970580816268921,0.29051440954208374,0.016844823956489563,0.00984586775302887,0.29503515362739563,0.004610650707036257,0.003846262115985155,0.11614334583282471,0.1444687843322754,1,0.09017891194877294,1,0.5475905747098578,0.33400637689851687,-0.020764076301412186,0.5201103207765397,48.702624568750075,0.4912681996822357,0.4316150486469269,0.5782940804958343,0.41846909523010256,775.9612274169922,304.30262088775635,824.6431732177734,302.8835391998291,711.8368530273438,302.3719882965088,660.3285980224609,300.2197194099426,478,0.5870258808135986,0.48685404658317566,1,-14.89976692199707,0.7674331567914476,0.7657126139099556,0.43066426948748376,0.2988408776534042,-0.020314000361397803,0.5212407688724274,51.553201599039625,-0.3704610764980316,0.92,5.653134346008301,-0.009412674233317375,-35.9100227355957,2.351616621017456
0.9990203976631165,-0.006416886113584042,0.043784212321043015,-0.00512951472774148,0.9659684300422668,0.2586091458797455,-0.04395363852381706,-0.25858041644096375,0.9649892449378967,1.0000001192092896,0.1500578373670578,0.09642588347196579,0.7129254341125488,0.7015336751937866,0.3086470365524292,0.01462240144610405,0.009864632971584797,0.3086608350276947,0.004414886701852083,0.0037851969245821238,0.10802999138832092,0.12491757422685623,1,0.09073851744342018,1,0.5481014163502638,0.3361680788123733,-0.020498527449948144,0.5224157877868721,48.52156570294117,0.4909072041511535,0.43237960040569307,0.5779869079589843,0.418538299202919,776.0350036621094,304.3009901046753,824.5356750488281,302.87718772888184,711.4412689208984,302.3663878440857,659.5466613769531,300.27962923049927,478,0.5870797038078308,0.48615869879722595,1,-15.000682830810547,0.7720836357061114,0.7652767988193228,0.42813597650479923,0.3024137038970978,-0.019044825027340246,0.5241905021325949,51.93654641729035,-0.2941851317882538,0.92,5.639188766479492,-0.0030152173712849617,-35.914554595947266,2.519169330596924
0.9989064931869507,-0.005402844399213791,0.04643906652927399,-0.006653152406215668,0.9667635560035706,0.2555854618549347,-0.046276483684778214,-0.2556149363517761,0.9656704664230347,1.0000005960464478,0.14668762683868408,0.09291991591453552,0.7132225632667542,0.7009882926940918,0.29132235050201416,0.015719091519713402,0.010629660449922085,0.2949461340904236,0.004404735751450062,0.003710154676809907,0.1114153116941452,0.11580702662467957,1,0.09046299709309676,1,0.5451701187453828,0.33788061313646855,-0.020376938537576654,0.5244361667914347,48.288094555381534,0.49106005430221555,0.43258407711982727,0.5780974984169006,0.41852107644081116,775.9624481201172,304.2894244194031,824.2311096191406,302.9196095466614,711.4677429199219,302.2981524467468,659.7164154052734,300.2607464790344,478,0.5870374441146851,0.4859369993209839,1,-14.826273918151855,0.7720836357061114,0.7572604565127548,0.43222079912338696,0.3047541711420992,-0.01936546275923249,0.5248418318550566,51.791417461865834,-0.381609171628952,0.92,5.631489276885986,0.009372993372380733,-35.99444580078125,2.6523942947387695
0.9990259408950806,0.003375164931640029,0.04399866610765457,-0.014112373813986778,0.9691444039344788,0.246089369058609,-0.04181046411395073,-0.2464706003665924,0.9682480096817017,0.9999997019767761,0.5154674053192139,0.3910943269729614,0.8496644496917725,0.8324780464172363,0.09098788350820541,0.05784055218100548,0.05188325047492981,0.08698233962059021,0.0022128175478428602,0.0015947417123243213,0.180768683552742,0.19635820388793945,1,0.09211682797784579,1,0.48967589347736284,0.20349074170820772,0.005138333981434872,0.5202210080953868,48.240329718601714,0.49315108656883244,0.4370506763458252,0.5801137864589692,0.4228358924388885,776.9602203369141,305.1503920555115,825.1679229736328,306.92431926727295,711.1106109619141,302.79717206954956,659.6810913085938,302.74691820144653,478,0.5869626998901367,0.48578521609306335,1,-14.281509399414062,0.7720836357061114,0.6456797134326723,0.4669204238250972,0.1841272204540315,0.0009973644049648654,0.459816954946577,51.42954420686011,-0.809313952922821,0.92,5.622035026550293,-0.0037459481973201036,-35.99352264404297,2.396261692047119
0.9992479085922241,0.0034508362878113985,0.038624219596385956,-0.012562011368572712,0.9711281061172485,0.23822759091854095,-0.03668699786067009,-0.23853358626365662,0.9704410433769226,0.9999997615814209,0.44477778673171997,0.3644882142543793,0.8374680280685425,0.8202303647994995,0.07352492213249207,0.07809232920408249,0.0630495697259903,0.06256351619958878,0.0023978117387741804,0.0017143263248726726,0.18020184338092804,0.19753499329090118,1,0.0907997408852724,1,0.4986868095380719,0.21973436853032427,0.0029813842546781485,0.5412055131026874,47.99375239973235,0.49386435747146606,0.43546362221241,0.5804870128631592,0.42247359454631805,777.14111328125,305.13354778289795,825.1179504394531,306.4076614379883,711.0250854492188,302.98675060272217,660.8767700195312,302.79279470443726,478,0.5866226553916931,0.4870099723339081,1,-13.809487342834473,0.7574004471850757,0.6621772267078899,0.4812279577117983,0.20218886250946239,-0.004302726344362942,0.4702209921728938,50.14869050559755,-0.7202539443969727,0.92,5.638653755187988,0.009561863727867603,-35.98321533203125,2.1024818420410156
0.9990689754486084,0.0013798485742881894,0.043120164424180984,-0.012235239148139954,0.9675136208534241,0.2525227963924408,-0.041370902210474014,-0.25281524658203125,0.9666296243667603,0.9999998211860657,0.40543419122695923,0.2963484525680542,0.8225545883178711,0.8083364963531494,0.14153869450092316,0.040483612567186356,0.02857355773448944,0.1341458410024643,0.002672584494575858,0.002001014305278659,0.16365505754947662,0.18368083238601685,1,0.09007793046604771,1,0.5194690584145986,0.24079630532707313,0.000633834538777404,0.5414608301608054,47.830624755848184,0.49267830252647404,0.4361023545265198,0.5792909443378449,0.4217368006706238,776.1961364746094,304.88680601119995,824.0146636962891,305.9625005722046,711.1210632324219,302.57476329803467,660.8641052246094,302.38662242889404,478,0.5866126418113708,0.485634446144104,1,-14.65699577331543,0.5782886344870747,0.6832503311172269,0.45878013254328154,0.2326388869311369,-0.007575360098095379,0.4949234702382673,50.257310167638146,-0.7016457319259644,0.92,5.621546745300293,-0.015937738120555878,-36.00675964355469,2.3710546493530273
0.9989750385284424,-0.00013281682913657278,0.045263949781656265,-0.012174762785434723,0.9623556137084961,0.271520733833313,-0.04359607771039009,-0.27179354429244995,0.9613675475120544,1.0,0.35550710558891296,0.2603304088115692,0.7754610776901245,0.7634280323982239,0.1807847023010254,0.03124350681900978,0.020869949832558632,0.17391827702522278,0.003593346569687128,0.002908739959821105,0.15394902229309082,0.18179966509342194,1,0.08990388211137151,1,0.530938900047601,0.2649378788476913,-0.01229177349896955,0.5241810185324646,47.689938397085946,0.4922552347183228,0.43499777019023894,0.5788267493247986,0.42076513469219207,776.0897064208984,304.89777088165283,823.7726593017578,305.7139992713928,711.1073303222656,302.5930452346802,660.7379913330078,302.0596933364868,478,0.5865715146064758,0.4857673645019531,1,-15.786420822143555,0.5782886344870747,0.6961604628825954,0.45044787616235743,0.2491533093510783,-0.018004033604818975,0.47925376273247206,50.37216269491333,-0.6982436180114746,0.92,5.6199421882629395,-0.0839972123503685,-36.009422302246094,2.4986629486083984
0.9987790584564209,-0.010130790993571281,0.04835175722837448,-0.0025449609383940697,0.9668963551521301,0.2551567554473877,-0.049336083233356476,-0.2549682557582855,0.9656899571418762,0.9999999403953552,0.2831067442893982,0.19958072900772095,0.739026665687561,0.7314614057540894,0.22395901381969452,0.02432652749121189,0.01583612710237503,0.2192768007516861,0.004137321840971708,0.0035688162315636873,0.14039215445518494,0.19350509345531464,1,0.08964317266420338,1,0.5330457002686656,0.29533140111124645,-0.018685041854686897,0.5172249719021742,47.46974372835449,0.4909277319908142,0.4334201753139496,0.5787638187408447,0.419611656665802,776.0671234130859,304.71237659454346,823.5343933105469,304.22775506973267,711.5795135498047,302.44011640548706,661.3509368896484,301.4474844932556,478,0.5878360867500305,0.4861914813518524,1,-14.790124893188477,0.5782886344870747,0.6966474062819134,0.44081585718700694,0.2686546904520751,-0.02130839327291549,0.49654118665689917,50.23838404565626,-0.1459934413433075,0.92,5.6794586181640625,0.003542806953191757,-36.11903381347656,2.827897071838379
0.9987888932228088,-0.010386020876467228,0.04809200018644333,-0.0023477047216147184,0.9662915468215942,0.2574397325515747,-0.049144670367240906,-0.2572408616542816,0.9650968313217163,1.0000001192092896,0.2498549520969391,0.2105138748884201,0.7159196138381958,0.7062532901763916,0.21083584427833557,0.025984423235058784,0.016345662996172905,0.2071041464805603,0.004875649232417345,0.003833654336631298,0.14045438170433044,0.18254272639751434,1,0.08946333975124394,1,0.535180653091927,0.3077000593380404,-0.02612346884697933,0.5114365686486666,47.64705315290288,0.4909767508506775,0.43241442143917086,0.5786328911781311,0.41827828586101534,775.8064270019531,303.63365650177,823.4530639648438,303.4345078468323,711.3053131103516,301.8112564086914,660.8576965332031,301.2215781211853,478,0.5876561403274536,0.4858638644218445,1,-14.924859046936035,0.6631527793426474,0.6310350091919399,0.44762895626842314,0.2708620267454098,-0.025830937319352636,0.49045981233873337,50.45106281237928,-0.13467642664909363,0.92,5.639834880828857,-0.0026648996863514185,-35.9868049621582,2.8169167041778564
0.9988260269165039,-0.008996039628982544,0.04759960621595383,-0.003150439588353038,0.9684617519378662,0.24914199113845825,-0.04833969846367836,-0.2489994764328003,0.9672964811325073,0.9999995827674866,0.25038138031959534,0.18572935461997986,0.7251233458518982,0.7128279209136963,0.2597985863685608,0.018356194719672203,0.01333573367446661,0.2608146667480469,0.004395039286464453,0.00352757447399199,0.13669225573539734,0.17649014294147491,1,0.09060224155155167,1,0.5337760701334071,0.3073773148470219,-0.022942652273029506,0.5152892255133341,47.794634850829084,0.4906721472740173,0.4317574441432953,0.5780610203742981,0.4183883607387543,775.6602478027344,303.644814491272,823.4544372558594,303.4384775161743,710.8354187011719,301.78306102752686,659.6684265136719,300.93966722488403,478,0.5873888731002808,0.486630916595459,1,-14.435556411743164,0.6992321126732322,0.6473435879038688,0.4358801172503572,0.2726571012526479,-0.021926219070598565,0.5009273472277533,51.1739426146195,-0.18071845173835754,0.92,5.616631031036377,0.031458500772714615,-35.95333480834961,2.770740270614624
0.9990883469581604,-0.009350824169814587,0.04165478050708771,-0.0008395959157496691,0.9712252020835876,0.23816166818141937,-0.042683158069849014,-0.23797951638698578,0.9703317880630493,1.0000001192092896,0.24565301835536957,0.16732089221477509,0.7179007530212402,0.7056328058242798,0.26744937896728516,0.017782388255000114,0.012267929501831532,0.26977598667144775,0.004470165818929672,0.0036970556247979403,0.12772351503372192,0.17306920886039734,1,0.09052127749363917,1,0.5345989821759074,0.3104506694750238,-0.025128404992837715,0.5107299513168582,47.852009973253786,0.49074237346649174,0.4327226310968399,0.5781131267547608,0.41841140687465667,775.6954956054688,303.92189741134644,823.5444641113281,303.3823871612549,710.9538269042969,302.0674395561218,660.1480102539062,300.93048334121704,478,0.587370753288269,0.4856887757778168,1,-13.780126571655273,0.7244326453906249,0.6533297249268603,0.43165329897466514,0.27901873159432344,-0.024262800076576052,0.5008185767871749,50.818536726762964,-0.04814918339252472,0.92,5.6399030685424805,0.06862211972475052,-35.939388275146484,2.446307897567749
0.999116837978363,-0.007885690778493881,0.04127226024866104,-0.0032261963933706284,0.9649360179901123,0.26246529817581177,-0.041894812136888504,-0.2623666226863861,0.9640583395957947,1.0,0.22459493577480316,0.13852918148040771,0.7177707552909851,0.707112729549408,0.2829943597316742,0.016369584947824478,0.011578629724681377,0.28439462184906006,0.004382796119898558,0.0036910902708768845,0.12522916495800018,0.16352899372577667,1,0.09087116526704939,1,0.5368235566884526,0.3144300306607403,-0.02478103233420049,0.514724844772591,48.37981469988513,0.49072726964950564,0.4328362911939621,0.578124725818634,0.41845249831676484,775.7902526855469,303.9477324485779,824.1667175292969,303.37841749191284,711.1858367919922,302.0782542228699,659.7820281982422,300.8397173881531,478,0.5873974561691284,0.48561620712280273,1,-15.224224090576172,0.7364071175547653,0.6927892185150383,0.4295417993955249,0.28509009641806055,-0.022786924031719242,0.5152184782435673,51.41872724539838,-0.1850101798772812,0.92,5.6533331871032715,-0.014908977784216404,-35.92949676513672,2.4010984897613525
0.9989346265792847,-0.0069048358127474785,0.04562855139374733,-0.005193226505070925,0.9656425714492798,0.25982189178466797,-0.045854903757572174,-0.25978201627731323,0.9645779132843018,0.9999999403953552,0.17312486469745636,0.10908845067024231,0.7144775390625,0.7041164636611938,0.2778998911380768,0.016561927273869514,0.011361892335116863,0.28115114569664,0.004338250495493412,0.0035874866880476475,0.12471866607666016,0.14720037579536438,1,0.09043342062644008,1,0.5392075834742357,0.3257702321462957,-0.021451571126187518,0.5282626097861831,48.45083044303466,0.49085891246795654,0.43253186345100403,0.5784425735473633,0.41826626658439636,776.0044860839844,303.8997530937195,824.4468688964844,302.99503326416016,711.6525268554688,302.0047616958618,660.2726745605469,300.2831482887268,478,0.5875836610794067,0.48573440313339233,1,-15.073359489440918,0.7364071175547653,0.7506741443985814,0.4334516972155094,0.29659672502121187,-0.0202383139386564,0.5286553363115205,51.40868773538605,-0.2978646159172058,0.92,5.6465959548950195,-0.005906284786760807,-35.902809143066406,2.628213882446289
0.9989979863166809,-0.0064041996374726295,0.04429439827799797,-0.004722943529486656,0.9690971970558167,0.24663405120372772,-0.04450505971908569,-0.24659611284732819,0.9680959582328796,1.0000001192092896,0.15327110886573792,0.09356441348791122,0.7156235575675964,0.7015953063964844,0.29634058475494385,0.015202443115413189,0.010539480485022068,0.29917746782302856,0.004482101183384657,0.003595194313675165,0.1252964287996292,0.12113682925701141,1,0.0904391693453756,1,0.5444630044746743,0.3322810009492181,-0.021824434860451214,0.5318306055119073,48.17250630262549,0.4907633066177368,0.4328682214021683,0.5784690976142883,0.4187095552682877,776.4321899414062,304.3013548851013,824.5883178710938,303.0452871322632,711.8625640869141,302.569785118103,660.4866027832031,300.53014755249023,478,0.5877057909965515,0.4858413338661194,1,-14.290637969970703,0.7584312381430296,0.728669077373229,0.4296794025206529,0.30510942038194133,-0.019789031388639584,0.5327478829925665,51.41643240620935,-0.27087411284446716,0.92,5.654687404632568,0.026788379997015,-35.90073776245117,2.5507943630218506
0.9990178942680359,-0.007129752077162266,0.04373113065958023,-0.003999574109911919,0.9684290885925293,0.24925732612609863,-0.04412763938307762,-0.2491874247789383,0.967449426651001,1.0000003576278687,0.1547257900238037,0.09139571338891983,0.7118974328041077,0.7021675109863281,0.29016169905662537,0.016185762360692024,0.010199778713285923,0.29594263434410095,0.00437384145334363,0.003719133324921131,0.11964243650436401,0.12657248973846436,1,0.09038458638131935,1,0.5476097209130815,0.33309719761450884,-0.022225871666647246,0.5296694957908774,48.18435110671687,0.4910568714141845,0.4326382726430893,0.578372311592102,0.418630912899971,776.4227294921875,304.3448281288147,824.5896148681641,303.04758310317993,711.4881896972656,302.56701707839966,660.2088928222656,300.4140615463257,478,0.5873154401779175,0.4859926402568817,1,-14.443806648254395,0.7584312381430296,0.7151429420245282,0.43414950235232874,0.3059298941308325,-0.02108361952932954,0.5276778898372928,51.32447277488704,-0.22938276827335358,0.92,5.6363749504089355,0.00625142827630043,-35.83639144897461,2.529148578643799
0.9991586804389954,-0.002311124000698328,0.040945060551166534,-0.007768069859594107,0.9696705341339111,0.2442922592163086,-0.04026779159903526,-0.24440480768680573,0.968836784362793,1.0000001192092896,0.1703476905822754,0.11450114846229553,0.7266805171966553,0.7133998870849609,0.1849447637796402,0.03003988228738308,0.01945297233760357,0.1767713576555252,0.0043257782235741615,0.00360292149707675,0.11388829350471497,0.13104234635829926,1,0.09057381598105431,1,0.5278583841752381,0.33150029711247,-0.016964012839612033,0.5246879344702268,48.40888768263324,0.49227952361106875,0.4323242872953415,0.5797871291637421,0.4186880558729172,777.3102569580078,304.3781518936157,825.6988525390625,302.97664403915405,712.3624420166016,302.26778984069824,660.9608459472656,300.2656817436218,478,0.5875076055526733,0.4863637685775757,1,-14.158385276794434,0.7033459045649917,0.741588826050557,0.4519425791672669,0.3002324560595314,-0.019368705812359492,0.5147473925781733,51.44057265826685,-0.44544339179992676,0.7,5.646571636199951,0.018688581883907318,-35.73353958129883,2.307798385620117
0.9991918206214905,-0.009163490496575832,0.03913883864879608,-0.0006140870973467827,0.9700763821601868,0.24279911816120148,-0.04019256681203842,-0.24262693524360657,0.9692867398262024,1.0,0.17459717392921448,0.09120260924100876,0.7215926051139832,0.711266040802002,0.20307329297065735,0.026797762140631676,0.017702477052807808,0.19547125697135925,0.004130835644900799,0.0037914160639047623,0.10512471199035645,0.11914265155792236,1,0.09083880022983684,1,0.5271519890004464,0.3320627890457387,-0.01595113530184298,0.5218833068632005,48.27094787499712,0.4917804658412933,0.43244183957576754,0.5796688854694366,0.4188357084989548,777.3658752441406,304.4096088409424,825.6041717529297,302.6344585418701,712.3397827148438,302.75799036026,660.9754943847656,300.5035614967346,478,0.5878884196281433,0.48639386892318726,1,-14.053223609924316,0.6862786679237434,0.7513579160182613,0.44536910041554306,0.3078738505876548,-0.019825074624647183,0.5149418499843982,51.41373907098105,-0.03521305322647095,0.7,5.680727005004883,0.03910687938332558,-35.795711517333984,2.3034849166870117
0.9990924000740051,-0.004783483687788248,0.04232640936970711,-0.005935776978731155,0.9683443903923035,0.24954742193222046,-0.04218025133013725,-0.24957217276096344,0.9674370884895325,1.0000001192092896,0.16911639273166656,0.10603804141283035,0.7211382389068604,0.7075945734977722,0.19979864358901978,0.02663406729698181,0.018635548651218414,0.1936136782169342,0.004507724661380053,0.0036560455337166786,0.12106272578239441,0.11867867410182953,1,0.09090035197906185,1,0.5223991114694371,0.3299176382229262,-0.019621290736175478,0.5244312881722478,48.31419900792479,0.49151096940040584,0.43339836299419404,0.5794062435626983,0.41878646314144136,776.81396484375,304.44243907928467,825.108642578125,303.06914806365967,712.0065307617188,302.7527976036072,660.5970001220703,300.4779624938965,478,0.5878952741622925,0.4853881001472473,1,-14.465351104736328,0.5592129134804061,0.7670392871292853,0.44504848719866785,0.3021518656845059,-0.021825091562266464,0.5198407827659168,51.45983594482442,-0.34039992094039917,0.7,5.6675567626953125,0.02201479859650135,-35.90262985229492,2.4174673557281494
0.998819887638092,-0.003454259829595685,0.04844454675912857,-0.00867332424968481,0.9687468409538269,0.24789968132972717,-0.047786813229322433,-0.24802732467651367,0.9675737023353577,1.0000003576278687,0.1785341203212738,0.115493044257164,0.7287723422050476,0.7148138880729675,0.16575418412685394,0.03331708535552025,0.02300078794360161,0.1604219526052475,0.004382394719868898,0.00364519190043211,0.1255558729171753,0.14076434075832367,1,0.09071475963641559,1,0.5177321230503873,0.32409635744374665,-0.0179335915351795,0.5272354020016572,48.26045550062176,0.4918059051036835,0.4325824350118637,0.5797056496143341,0.4187814861536026,776.8753051757812,304.4275903701782,825.1216125488281,303.2590913772583,711.9921875,302.3126149177551,660.6822204589844,300.3762745857239,478,0.5878997445106506,0.4861990511417389,1,-14.377588272094727,0.5319626855093637,0.7350780273057448,0.45447178122607507,0.2956517315674429,-0.020334631997731528,0.521924132553078,51.34649093885826,-0.49751949310302734,0.7,5.630634307861328,0.017726847901940346,-35.83286666870117,2.739025592803955
0.9990733861923218,-0.0025576099287718534,0.04296314716339111,-0.008471427485346794,0.9670190811157227,0.2545631527900696,-0.04219725728034973,-0.2546912133693695,0.9661012887954712,1.0000001192092896,0.17514051496982574,0.11378619074821472,0.7258884906768799,0.7115386724472046,0.18170668184757233,0.0345461368560791,0.01790369674563408,0.17000775039196014,0.00427026953548193,0.0034435486886650324,0.12207184731960297,0.13688570261001587,1,0.08972920505919951,1,0.5347743872707135,0.326643758875857,-0.018389150696977823,0.526459222528107,48.219059276614075,0.4920779347419739,0.4327354162931442,0.579547393321991,0.41883355677127837,776.8785095214844,304.42962884902954,825.0822448730469,303.21407318115234,711.9847106933594,302.4137234687805,661.0648345947266,300.45013189315796,478,0.5874694585800171,0.48609814047813416,1,-14.768741607666016,0.5319626855093637,0.738158671308376,0.4586519137629501,0.29884878216471533,-0.020317513715835775,0.5218736224221266,50.95772241650806,-0.48581552505493164,0.7,5.665243625640869,0.0010542430682107806,-35.91427993774414,2.418442726135254
0.9990752339363098,-0.0013999940128996968,0.04297340288758278,-0.009643422439694405,0.9667106866836548,0.25569042563438416,-0.041900794953107834,-0.2558683454990387,0.9658030867576599,0.9999997615814209,0.1695663332939148,0.1175730898976326,0.7244834899902344,0.709751307964325,0.20439620316028595,0.027178602293133736,0.016642924398183823,0.20005393028259277,0.004415861796587706,0.003565323306247592,0.12473627924919128,0.13074588775634766,1,0.09018728879844949,1,0.5341192578669902,0.3276951596224398,-0.019871920656915756,0.5247969282976669,48.271699703464364,0.49184843301773074,0.4326926529407501,0.5793226599693299,0.41881570816040037,776.8274688720703,304.54219579696655,825.0816345214844,303.2412385940552,711.9914245605469,302.4930953979492,660.9614562988281,300.4591655731201,478,0.5874742269515991,0.48612305521965027,1,-14.838375091552734,0.5592129134804061,0.7461553107094915,0.44815411575703806,0.29947279142468297,-0.02121743016646752,0.520761737311633,51.07048591335795,-0.5530216693878174,0.7,5.664161682128906,-0.007917228154838085,-35.92871856689453,2.4014415740966797
0.9988844394683838,-0.0025832615792751312,0.04715074226260185,-0.009318172000348568,0.968086302280426,0.2504435181617737,-0.0462929792702198,-0.25060349702835083,0.9669823050498962,0.9999999403953552,0.17100633680820465,0.12015511840581894,0.728204607963562,0.712321400642395,0.19778726994991302,0.02888636663556099,0.016706379130482674,0.19150838255882263,0.0041984980925917625,0.0033854362554848194,0.11960218101739883,0.13122253119945526,1,0.09017632037762671,1,0.5344011217621634,0.3298388962807415,-0.01973887064342234,0.5242913735463124,48.17137341424312,0.49158581495285036,0.43273964524269104,0.5793051362037659,0.4188626706600189,776.8589782714844,304.6066975593567,825.0138854980469,303.34728240966797,711.6829681396484,302.4941682815552,660.7699584960938,300.3812313079834,478,0.5877193212509155,0.4861230254173279,1,-14.529145240783691,0.6721133209214621,0.7461553107094915,0.45270841281099883,0.29938742238143085,-0.02124786539636067,0.51947835952355,50.95683520118663,-0.534472644329071,0.7,5.627281188964844,-0.0017562811262905598,-35.8199577331543,2.6533405780792236
0.9987369775772095,-0.004128718748688698,0.05007525533437729,-0.008164806291460991,0.9700359106063843,0.24282439053058624,-0.04957734793424606,-0.24292653799057007,0.9687769412994385,0.9999998211860657,0.16045401990413666,0.10400375723838806,0.7300317883491516,0.7120804786682129,0.20375259220600128,0.028326459228992462,0.01571628637611866,0.19706273078918457,0.004213300533592701,0.003238379955291748,0.12160397320985794,0.12635523080825806,1,0.09012927213862379,1,0.5372957951243083,0.3330563472553239,-0.02007721554186929,0.5279277436118845,47.99347774083527,0.49143307209014897,0.4322195500135422,0.5793325781822205,0.41917793452739716,777.0941162109375,304.7251224517822,825.067138671875,303.32404375076294,711.7432403564453,302.891628742218,660.9021759033203,300.55978059768677,478,0.5878995060920715,0.486958384513855,1,-14.076997756958008,0.6754272096900453,0.7413080564057806,0.4519557147065068,0.3044362039215232,-0.01884383585791232,0.5320810757875541,50.89451198899301,-0.4683900773525238,0.7,5.615183353424072,0.013569866307079792,-35.78274154663086,2.8417375087738037
0.9987108707427979,-0.004823120776563883,0.050529785454273224,-0.007511255331337452,0.9704734086990356,0.24109114706516266,-0.05020062252879143,-0.24115990102291107,0.9691861867904663,1.0000001192092896,0.16565613448619843,0.11220205575227737,0.7254467010498047,0.7104158401489258,0.19837184250354767,0.028737841174006462,0.016855932772159576,0.19162967801094055,0.004408844280987978,0.003445088630542159,0.12329282611608505,0.13967442512512207,1,0.09006751214144426,1,0.5333760672968304,0.33219798746894713,-0.01919205339112233,0.5275985151988595,47.99617373791368,0.4916127443313598,0.43187873959541323,0.5795166611671447,0.418859475851059,777.0978546142578,304.4263243675232,825.0761413574219,303.11609745025635,712.2148132324219,302.49313831329346,661.1711120605469,300.46538829803467,478,0.5879039168357849,0.48698073625564575,1,-13.972982406616211,0.6754272096900453,0.7461553107094915,0.45042691718907,0.30071146114403874,-0.0187889594170637,0.5263625235072187,51.08396225382506,-0.430910587310791,0.7,5.618641376495361,0.025487229228019714,-35.77693176269531,2.877492904663086
0.9990072846412659,-0.003673381870612502,0.04439568892121315,-0.007475207559764385,0.9686397314071655,0.248356893658638,-0.04391571879386902,-0.24844221770763397,0.9676507115364075,1.0000001192092896,0.15378324687480927,0.11333536356687546,0.7241432666778564,0.7130306959152222,0.2113385796546936,0.026916375383734703,0.015539533458650112,0.2045799344778061,0.004266100469976664,0.0035066278651356697,0.10583019256591797,0.1388576775789261,1,0.08984326788400875,1,0.5377434345446855,0.33716741953165763,-0.020427272456540503,0.52392359123717,48.35470037398448,0.49177921414375303,0.43209606409072876,0.5792769849300384,0.41832607984542847,776.6899108886719,304.19116973876953,825.0251770019531,302.82036781311035,712.1452331542969,302.0605516433716,661.1164855957031,300.1458191871643,478,0.5874977707862854,0.4862300157546997,1,-14.399540901184082,0.6754272096900453,0.7350829432924361,0.44837459504045835,0.30164192458437994,-0.020175588970970697,0.5201826661480711,51.064657816141974,-0.42871540784835815,0.7,5.644711494445801,0.021852048113942146,-35.844051361083984,2.5169947147369385
0.9991331696510315,-0.001387515221722424,0.04160430654883385,-0.008890974335372448,0.9692687392234802,0.2458432912826538,-0.04066687077283859,-0.24600009620189667,0.9684163331985474,0.9999998211860657,0.5289546251296997,0.38379454612731934,0.8177136182785034,0.8040119409561157,0.09980829805135727,0.07037930935621262,0.04841401427984238,0.0659361481666565,0.0029230872169137,0.0018769107991829515,0.18983642756938934,0.18320536613464355,1,0.08919808510590335,1,0.5125249269097265,0.20122964467226281,-0.0037722921151893516,0.455913138474541,48.209068195824486,0.493481981754303,0.43562241792678835,0.5807562351226807,0.421513968706131,777.0220947265625,304.2164897918701,825.2104187011719,305.6305932998657,712.2258758544922,302.5615453720093,661.4652252197266,303.24836254119873,478,0.5872742533683777,0.48589155077934265,1,-14.252983093261719,0.6754272096900453,0.7225160319655773,0.49068460385742657,0.19756520111768314,-0.008685328370166378,0.4490555194627582,50.76529691423222,-0.5098437666893005,0.7,5.682034015655518,0.013774869963526726,-36.070526123046875,2.3306825160980225
0.9991582632064819,0.0004378139856271446,0.04101884365081787,-0.010437244549393654,0.9697479605674744,0.24388520419597626,-0.03967117518186569,-0.24410803616046906,0.9689362645149231,0.9999998211860657,0.500785768032074,0.43127867579460144,0.8307716846466064,0.8115750551223755,0.08617576211690903,0.08286704123020172,0.061030447483062744,0.050472572445869446,0.002789270831272006,0.0015806976007297635,0.2004336416721344,0.183867946267128,1,0.089315343054343,1,0.511778306426954,0.20375351958388924,-0.002407803950091867,0.4773205415045885,48.01941457187996,0.4935030579566956,0.43593490719795225,0.5812317371368408,0.4217678964138031,777.7727508544922,304.1986155509949,825.7752990722656,305.47122716903687,712.3725891113281,302.58551359176636,661.4524841308594,303.3276057243347,478,0.5877286791801453,0.48583298921585083,1,-14.14048957824707,0.6597657405367113,0.6873322765586994,0.4998300300981751,0.17772266705917036,-0.0015995786079375995,0.43658631346823856,50.92551219238771,-0.5984920263290405,0.7,5.710125923156738,0.030352050438523293,-36.115936279296875,2.273587465286255
0.9991262555122375,-0.0014720514882355928,0.041768260300159454,-0.008685496635735035,0.9702478647232056,0.24195793271064758,-0.04088174179196358,-0.24210931360721588,0.9693873524665833,0.9999999403953552,0.46638959646224976,0.39771416783332825,0.8278884291648865,0.8108524084091187,0.08326168358325958,0.0854894146323204,0.06428582221269608,0.049695830792188644,0.0028502512723207474,0.001703248475678265,0.17616382241249084,0.19373367726802826,1,0.08933717835791456,1,0.5046850167970104,0.22171367255259436,-0.003003042116760043,0.48507321443666374,47.93706529768396,0.4934678792953491,0.43585539162158965,0.5811966776847839,0.42174634635448455,777.4494171142578,304.21640396118164,825.3672027587891,305.5758333206177,712.1586608886719,302.4493646621704,661.3892364501953,303.26544284820557,478,0.5877287983894348,0.4858909547328949,1,-14.023029327392578,0.4886761683746569,0.6826059915470917,0.5015696205080185,0.1899633456828089,-0.001028012163285791,0.46517934256347965,50.775982920288754,-0.49806493520736694,0.7,5.700943470001221,0.03820214048027992,-36.091827392578125,2.343003988265991
0.9989782571792603,-0.0031880454625934362,0.045080944895744324,-0.008022377267479897,0.969157874584198,0.246310293674469,-0.04447579383850098,-0.24642027914524078,0.968142032623291,1.0000003576278687,0.37388667464256287,0.307611882686615,0.8164619207382202,0.8000931739807129,0.11544080078601837,0.05632451921701431,0.03803404048085213,0.09076333791017532,0.0029473004397004843,0.00186429254245013,0.16112171113491058,0.19046585261821747,1,0.08961521356023168,1,0.5172422087680346,0.25466891961396876,-0.00376174565530934,0.5301840976026823,48.193320522022724,0.49272826313972473,0.4350641369819641,0.580434113740921,0.42132508754730225,777.1119689941406,304.2160391807556,825.2949523925781,305.21416425704956,712.0024108886719,302.4056124687195,661.2069702148438,302.69782304763794,478,0.5877058506011963,0.48626095056533813,1,-14.280213356018066,0.4886761683746569,0.6758173287748268,0.4819704981337408,0.22409401923105976,-0.0026657745414428633,0.5115618999868492,50.79628116675882,-0.46010857820510864,0.7,5.68181037902832,0.02398473396897316,-36.05238723754883,2.5491161346435547
0.9991722702980042,-0.003534960327669978,0.040524084120988846,-0.0060067628510296345,0.9724739789962769,0.23293425142765045,-0.040232036262750626,-0.23298485577106476,0.9716477394104004,1.0000004768371582,0.2649259567260742,0.21918968856334686,0.7681035995483398,0.751976490020752,0.1423574984073639,0.048477888107299805,0.02623135596513748,0.11463406682014465,0.003694792278110981,0.002544345334172249,0.1437857747077942,0.1779175102710724,1,0.08928630295600766,1,0.527031366217333,0.29775670640184265,-0.012662870510963334,0.5253366802170951,47.728144228921984,0.4925369620323181,0.43361870348453524,0.579996645450592,0.41993755996227267,777.0299530029297,304.2273259162903,824.7575378417969,303.99624824523926,711.8206787109375,302.4492144584656,661.3205718994141,301.7526340484619,478,0.5874596834182739,0.4863188564777374,1,-13.483989715576172,0.4886761683746569,0.6755336040250332,0.47532334833464696,0.2645306352422128,-0.014057261728592292,0.5103878832605959,50.50491077453643,-0.34444311261177063,0.7,5.673159122467041,0.07243102788925171,-35.97523880004883,2.305748224258423
0.9991331100463867,-0.003551218658685684,0.0414772592484951,-0.006284936796873808,0.9720662236213684,0.2346227616071701,-0.041151829063892365,-0.23468004167079926,0.9712012410163879,0.9999995827674866,0.2164059728384018,0.16165362298488617,0.7575586438179016,0.7431211471557617,0.14569635689258575,0.046967897564172745,0.02510630153119564,0.11793273687362671,0.003703660098835826,0.0026933494955301285,0.13262343406677246,0.16397015750408173,1,0.08911275679561989,1,0.5283300489655506,0.3153339888482118,-0.012468321011262743,0.5396792011597586,47.78768988113645,0.49256254434585567,0.43330234885215757,0.5800355792045593,0.4195536732673645,777.0037078857422,304.23672437667847,824.7876739501953,303.6401581764221,712.0559692382812,302.4414038658142,661.6449737548828,301.07512950897217,478,0.5874730348587036,0.4862513244152069,1,-13.584489822387695,0.49656032885493223,0.7266765276203874,0.47271210080103,0.28450844827294475,-0.014959629893653261,0.5208294172402538,50.42950695125067,-0.3604080080986023,0.7,5.680262088775635,0.07506229728460312,-35.98667526245117,2.358491897583008
0.9989127516746521,-0.002298070816323161,0.04656217619776726,-0.009466777555644512,0.9679750204086304,0.25086793303489685,-0.04564753547310829,-0.25103598833084106,0.9669008255004883,0.9999998211860657,0.1899595707654953,0.16777005791664124,0.7333548069000244,0.7168258428573608,0.11224468052387238,0.06553855538368225,0.03949651122093201,0.07248471677303314,0.004483192693442106,0.0031855693086981773,0.12817397713661194,0.1867237538099289,1,0.08887695591011706,1,0.5116767368946701,0.32035626588342936,-0.018554825378205426,0.5283293378445142,48.215124717809964,0.49336073398590086,0.4325161248445511,0.5818323850631714,0.41890325844287873,778.1678009033203,304.3025779724121,826.3706970214844,303.2167339324951,713.9353942871094,302.4787187576294,663.4456634521484,300.700478553772,478,0.5884716510772705,0.48638713359832764,1,-14.554329872131348,0.464124582925765,0.7028226146832445,0.48456955025487597,0.2820978318375042,-0.020681858573418577,0.5263861561778939,50.52103579807585,-0.5429804921150208,0.5,5.734592914581299,0.01757963001728058,-35.93276596069336,2.6163201332092285
0.9989857077598572,-0.0012123552151024342,0.04501323774456978,-0.01014688890427351,0.9678666591644287,0.2512592375278473,-0.0438714325428009,-0.25146111845970154,0.9668725728988647,1.0,0.19492338597774506,0.17041414976119995,0.7402361631393433,0.7249511480331421,0.10228659212589264,0.07166794687509537,0.0458051934838295,0.06343908607959747,0.0042077223770320415,0.003071409184485674,0.12017295509576797,0.17827188968658447,1,0.0890760785141953,1,0.5097389337151258,0.3206653599700928,-0.01766404794810324,0.5278392799331404,48.106428550113556,0.49365913271903994,0.43309994637966154,0.5821611821651459,0.4186732679605484,778.6710357666016,304.1284489631653,826.7687225341797,303.21139097213745,713.9980316162109,302.08696603775024,663.5797119140625,300.4996347427368,478,0.588502049446106,0.48557332158088684,1,-14.578335762023926,0.44956967078369203,0.6934984791599866,0.4886098084863625,0.2830473432598262,-0.02074590689659418,0.5151795814262135,50.44330066846403,-0.5819441676139832,0.5,5.75238561630249,0.02823079191148281,-35.948238372802734,2.5144548416137695
0.9989332556724548,0.0017065947176888585,0.04614609479904175,-0.013171624392271042,0.9683322310447693,0.24931730329990387,-0.044259268790483475,-0.24965916574001312,0.9673218131065369,1.0000003576278687,0.18673646450042725,0.1642591804265976,0.7362847924232483,0.719491720199585,0.09218703955411911,0.09383878111839294,0.0570724792778492,0.042856499552726746,0.0043293144553899765,0.0029665175825357437,0.12245739996433258,0.1744978129863739,1,0.08829471907601218,1,0.5065698129277344,0.32170537477687083,-0.016707067175864943,0.5308116594494754,48.198521362424486,0.4942724406719208,0.4329426497220993,0.5828392207622528,0.4187175244092941,778.8503265380859,304.1564726829529,827.0405578613281,303.2625675201416,714.6687316894531,302.0839834213257,664.1355895996094,300.38239002227783,478,0.588566780090332,0.4857748746871948,1,-14.471833229064941,0.44956967078369203,0.6889664716200791,0.503802217808916,0.2845667717541167,-0.020293507097450675,0.5161589395721472,50.56178269868602,-0.7554405927658081,0.5,5.749166011810303,0.02291765809059143,-35.910240173339844,2.5366978645324707
0.9988763332366943,-0.0008268762612715364,0.04738478735089302,-0.011006797663867474,0.9684604406356812,0.24892427027225494,-0.04609612375497818,-0.2491661161184311,0.9673631191253662,1.0,0.17255505919456482,0.1560482680797577,0.7337733507156372,0.7170339822769165,0.09540145844221115,0.08731476217508316,0.05292496457695961,0.047100137919187546,0.004391842056065798,0.0029931790195405483,0.12209442257881165,0.167977437376976,1,0.08833106281515346,1,0.5081692627185235,0.32428143444900676,-0.01680035063438806,0.531706577856172,48.18805425705748,0.49361000061035154,0.4328261613845825,0.5829015135765075,0.4185597896575928,779.0477752685547,304.1183853149414,827.2171783447266,302.777795791626,714.8789978027344,302.1823024749756,664.2413330078125,300.38869857788086,478,0.589291512966156,0.48573362827301025,1,-14.44385814666748,0.44270631114515385,0.687023531363587,0.5016032908416226,0.28659476193102645,-0.02053955627952598,0.5156687587562243,50.66941987948828,-0.6313269138336182,0.5,5.764952659606934,0.03268517926335335,-35.909549713134766,2.6420493125915527
0.9988330602645874,-0.001965210074558854,0.048256952315568924,-0.010229486040771008,0.9678944945335388,0.2511485517024994,-0.04720120131969452,-0.2513490915298462,0.9667448997497559,1.0000001192092896,0.18031936883926392,0.16279415786266327,0.7277087569236755,0.7104178071022034,0.08304598927497864,0.08441907167434692,0.06221948564052582,0.04783961921930313,0.004650247748941183,0.003282478777691722,0.1285354644060135,0.17112773656845093,1,0.08924692931499144,1,0.49810849076176916,0.3221269242600116,-0.01888149288311501,0.5287704755410134,48.02408093518081,0.4933950781822205,0.43261765539646146,0.5832108139991761,0.41844614446163175,779.6315002441406,304.04053688049316,827.6390075683594,302.7789545059204,714.9764251708984,302.1917653083801,664.2942810058594,300.46828508377075,478,0.5898157358169556,0.4858284890651703,1,-14.57396125793457,0.4364949777031549,0.6754494091246919,0.4963743451674212,0.2862100239423768,-0.02151510039456601,0.5139889516090675,50.71143974836294,-0.5867705941200256,0.5,5.7727789878845215,0.015702683478593826,-35.83852005004883,2.705434799194336
0.9988316297531128,0.0017331509152427316,0.04829366132616997,-0.013847459107637405,0.9677139520645142,0.2516704201698303,-0.04629826545715332,-0.2520451843738556,0.9666073322296143,1.0000001192092896,0.1603974550962448,0.15527084469795227,0.7292596101760864,0.7113136053085327,0.0855405405163765,0.09839096665382385,0.06334702670574188,0.03916056454181671,0.00461570406332612,0.003110365243628621,0.11562768369913101,0.1598668396472931,1,0.08816245366734604,1,0.503306157637177,0.33135318121718704,-0.0164838391405144,0.5315186330432342,48.0108892733456,0.4939877152442932,0.4335278391838074,0.583763575553894,0.4186388075351715,779.8906707763672,304.0940308570862,827.8900146484375,303.0411887168884,716.058349609375,302.17331171035767,665.1620483398438,300.37970781326294,478,0.5897758603096008,0.48511096835136414,1,-14.614587783813477,0.4364949777031549,0.689413982206237,0.5048684149579203,0.2895246767590859,-0.02072562977167229,0.517834823320903,50.927895086685226,-0.7942781448364258,0.5,5.801560401916504,0.023011382669210434,-35.92882537841797,2.6536436080932617
0.9990479350090027,0.0022550784051418304,0.04356835409998894,-0.013088377192616463,0.9681540727615356,0.2500128746032715,-0.041617076843976974,-0.25034505128860474,0.967261791229248,1.0000004768371582,0.14584866166114807,0.14286547899246216,0.7399638295173645,0.7221920490264893,0.07955830544233322,0.10706207156181335,0.07137466967105865,0.03448643907904625,0.004440773278474808,0.002852813806384802,0.11313790082931519,0.1458759754896164,1,0.08815890550892617,1,0.4994769250877277,0.33218413636467975,-0.014727714738127954,0.5363529203024762,48.49526433772875,0.4944574236869812,0.43378962874412536,0.5837218165397644,0.4188487410545349,779.4071960449219,304.06102895736694,827.8912353515625,303.01767110824585,716.0463714599609,302.1574115753174,664.9137878417969,300.4202198982239,478,0.5892643928527832,0.48505911231040955,1,-14.510777473449707,0.42534320761517996,0.7233966871221393,0.5064987280880043,0.29386246082659173,-0.015943101119552553,0.5251363320559321,51.16208500925101,-0.7505804300308228,0.5,5.8071370124816895,0.032126039266586304,-35.943016052246094,2.385171413421631
0.9989126324653625,0.0029272695537656546,0.046529874205589294,-0.014517691917717457,0.9679367542266846,0.25077423453330994,-0.04430389031767845,-0.2511770725250244,0.9669267535209656,0.9999997019767761,0.15469487011432648,0.15105359256267548,0.7317057847976685,0.7132872343063354,0.11855588108301163,0.06121623143553734,0.03619915246963501,0.08053246140480042,0.004662286955863237,0.0031545774545520544,0.12251666933298111,0.14593614637851715,1,0.08813861310250533,1,0.5186857365048894,0.3331604101439558,-0.01660762511745555,0.5315646439936653,47.89957753881925,0.493256664276123,0.43345016837120054,0.582517123222351,0.4183477520942688,779.0376281738281,303.8847327232361,826.9288635253906,302.9908061027527,715.8265686035156,301.7678904533386,664.8629760742188,300.1633930206299,478,0.589260458946228,0.48489758372306824,1,-14.561788558959961,0.42534320761517996,0.6977115938543276,0.47866642713869223,0.2923310083830793,-0.01976243744291302,0.5159798749759325,50.9888436386407,-0.832649290561676,0.5,5.78646993637085,0.034346893429756165,-35.9730110168457,2.539257049560547
0.9989032745361328,0.002084239386022091,0.04677411913871765,-0.013794402591884136,0.9677672386169434,0.2514684796333313,-0.044742338359355927,-0.25183790922164917,0.9667345881462097,1.0,0.1580449640750885,0.1464419960975647,0.7345986366271973,0.7163933515548706,0.11876022815704346,0.05705563351511955,0.03517553582787514,0.08798583596944809,0.004501658491790295,0.0031456442084163427,0.11855438351631165,0.14257431030273438,1,0.08880683342661613,1,0.5177589168129317,0.33175082496425984,-0.017269483241635564,0.5296996780850742,47.91977210299779,0.4932436406612396,0.4334409862756729,0.582335478067398,0.4183596700429916,779.1854858398438,303.9563798904419,827.0954895019531,302.98885345458984,715.316162109375,301.9510531425476,664.2728424072266,300.13073444366455,478,0.5890918374061584,0.4849186837673187,1,-14.601243019104004,0.4398435392911819,0.708783961271383,0.4765002307425214,0.29325609094587357,-0.020858470440073315,0.5138241096305145,51.07576770331885,-0.7911784648895264,0.5,5.7656145095825195,0.025754889473319054,-35.90513610839844,2.5644030570983887
0.9987794756889343,0.0019888849928975105,0.04935263842344284,-0.014394206926226616,0.9675386548042297,0.25231310725212097,-0.047248777002096176,-0.252715528011322,0.9663862586021423,0.9999990463256836,0.16130857169628143,0.15937159955501556,0.7367780208587646,0.7152889966964722,0.11690197139978409,0.05696137621998787,0.03548608720302582,0.08601920306682587,0.004512207582592964,0.003040272742509842,0.1222195029258728,0.14377760887145996,1,0.08879456355720351,1,0.5148629085079236,0.32922648857331677,-0.016970356149490513,0.5288074554253736,48.18380717525143,0.49312396645545964,0.43353001177310946,0.5824701368808747,0.41841948926448824,779.0825653076172,303.9359951019287,827.2576904296875,303.0213403701782,715.6968688964844,301.9618892669678,664.2891693115234,300.2261996269226,478,0.589346170425415,0.4848894774913788,1,-14.65499496459961,0.47717092967692976,0.6893734780593593,0.47635658802626085,0.28799102220336165,-0.020294084340609597,0.5100202988598714,51.43699247863376,-0.8256779313087463,0.5,5.759514331817627,0.021522797644138336,-35.882774353027344,2.7081637382507324
0.9986184239387512,0.001198907382786274,0.05253446474671364,-0.014438862912356853,0.9675189852714539,0.2523857355117798,-0.05052550882101059,-0.25279557704925537,0.9661995768547058,1.0,0.15722644329071045,0.12833119928836823,0.7333850860595703,0.7150266170501709,0.10992007702589035,0.055357545614242554,0.03777867183089256,0.08775025606155396,0.004462435841560364,0.0032179446425288916,0.1193435862660408,0.13463158905506134,1,0.08893195320010226,1,0.5098642431142418,0.3308229600896896,-0.017083341866531807,0.529887020547314,48.122638102352816,0.4929016292095184,0.43320372998714446,0.5826233685016632,0.41806462705135344,779.1531372070312,303.7648916244507,827.269287109375,302.9746913909912,715.9114837646484,301.7036032676697,664.4890594482422,299.77975130081177,478,0.5897217392921448,0.484860897064209,1,-14.662145614624023,0.47717092967692976,0.7083252852485505,0.47447864858484673,0.296824042273878,-0.0208790609955004,0.5145538408739564,51.458399985520614,-0.8283726572990417,0.5,5.760338306427002,0.026057347655296326,-35.87895584106445,2.8961312770843506
0.9985082149505615,-0.0012104198103770614,0.054589055478572845,-0.011681689880788326,0.9718710780143738,0.23522359132766724,-0.05333824083209038,-0.23551034927368164,0.9704070091247559,1.0000003576278687,0.1462341994047165,0.11427684128284454,0.727150559425354,0.7092709541320801,0.11601095646619797,0.05266546830534935,0.03415501117706299,0.09058506041765213,0.004318924155086279,0.0031381691806018353,0.11580094695091248,0.13783970475196838,1,0.08885996892384204,1,0.5115229188786345,0.33433218499743694,-0.015261978374977699,0.5323020399180634,48.1844831569987,0.4923872411251068,0.43234647810459137,0.582601135969162,0.41810037195682526,779.1426086425781,303.7677025794983,827.3150634765625,302.69112825393677,715.9089660644531,301.84256315231323,664.4741821289062,299.7828412055969,478,0.5902138948440552,0.4857538938522339,1,-13.641501426696777,0.47717092967692976,0.7243164527172267,0.47506458916489386,0.29815561171531385,-0.0202097410552654,0.5180480463334736,51.47600851947563,-0.6702808737754822,0.5,5.750241279602051,0.07635341584682465,-35.83391571044922,3.057506799697876
0.9985401630401611,0.002013337565585971,0.05397743731737137,-0.015128346160054207,0.9697347283363342,0.24369174242019653,-0.051853157579898834,-0.24415257573127747,0.9683495163917542,0.9999995231628418,0.13724897801876068,0.11370915919542313,0.7245163917541504,0.7049601674079895,0.1159496158361435,0.05484650284051895,0.03509233146905899,0.08975811302661896,0.004657786339521408,0.0032223048619925976,0.12707564234733582,0.13163208961486816,1,0.08886825583833882,1,0.5155327258825609,0.33605437169670554,-0.01550742317351445,0.5356922641813576,48.01300803447518,0.4930009484291077,0.4320247650146484,0.5825991272926331,0.4181400418281555,779.423828125,303.82147550582886,827.4256896972656,302.78695821762085,715.8527374267578,301.84458017349243,664.4866180419922,299.67849254608154,478,0.5895981788635254,0.4861152768135071,1,-14.151191711425781,0.45715936886000463,0.7253344635892665,0.4753933309096102,0.3009897770720838,-0.019471908910189,0.5235711231358644,51.411770601316974,-0.8679911494255066,0.5,5.7438273429870605,0.04255121946334839,-35.84131622314453,2.972299814224243
0.9988833069801331,0.0010711561189964414,0.04723380506038666,-0.012752543203532696,0.9687485694885254,0.24771685898303986,-0.045492324978113174,-0.24804261326789856,0.9676803946495056,1.0000003576278687,0.15268409252166748,0.11908946186304092,0.7216631770133972,0.702335774898529,0.10332076251506805,0.06768795102834702,0.042951468378305435,0.06684233993291855,0.004660240840166807,0.0031810253858566284,0.12113741785287857,0.13620875775814056,1,0.08879022724344686,1,0.5139772890750122,0.33381767960345343,-0.01852723728161702,0.5236766160761732,48.071903195988234,0.49354862570762636,0.43157119750976564,0.5826080977916718,0.417684805393219,779.2967224121094,303.4643340110779,827.3561096191406,302.36743927001953,715.3572082519531,301.6775107383728,664.2165374755859,299.61615800857544,478,0.5890594720840454,0.48611360788345337,1,-14.376916885375977,0.45711407366098583,0.7325749791857284,0.48398902770248975,0.30072025348782533,-0.019979998529461102,0.5186273997307018,51.182197907434414,-0.7314439415931702,0.5,5.748188495635986,0.042093679308891296,-35.83171844482422,2.6074180603027344
0.9987929463386536,0.0011706887744367123,0.04910341277718544,-0.013125850819051266,0.9697195887565613,0.24386827647686005,-0.04733105003833771,-0.24421845376491547,0.9685644507408142,0.9999999403953552,0.19352027773857117,0.1316693276166916,0.7368878126144409,0.7208438515663147,0.08351492881774902,0.07468463480472565,0.05578908324241638,0.05909111350774765,0.004087697248905897,0.003159403335303068,0.13071180880069733,0.14679905772209167,1,0.08974804596302702,1,0.5026888822387209,0.32226076406477316,-0.014888724755446964,0.5325537339470365,47.60513957027373,0.49363552331924443,0.43149338066577914,0.5829787135124207,0.4181356817483902,780.0685882568359,303.9374327659607,827.6602935791016,302.8065490722656,715.0030517578125,301.73203468322754,664.2478179931641,299.6485376358032,478,0.5893431901931763,0.4866423010826111,1,-14.151841163635254,0.44093730900474093,0.6885581379918553,0.4845229416162676,0.2939762293814405,-0.020497133318799425,0.509796314202192,50.797979433756325,-0.7529213428497314,0.5,5.7556633949279785,0.05283337086439133,-35.86260986328125,2.7128829956054688
0.9989767670631409,3.7669571611331776e-05,0.045226700603961945,-0.01078557688742876,0.9713459610939026,0.23742510378360748,-0.043921831995248795,-0.2376699298620224,0.9703524708747864,1.0,0.18499848246574402,0.13067293167114258,0.7318690419197083,0.7178171873092651,0.0772528126835823,0.08789954334497452,0.06698527932167053,0.046170640736818314,0.004381637088954449,0.0033989385701715946,0.12971073389053345,0.14374367892742157,1,0.08913124294757367,1,0.49316566279963303,0.32245224629023445,-0.014678456880836742,0.5346114681480768,48.08326350058919,0.49399955272674556,0.43176019191741943,0.5828850388526916,0.4182121157646179,778.8700103759766,303.9361238479614,826.9392395019531,302.7744698524475,714.9004364013672,301.79303884506226,664.1500091552734,299.8350262641907,478,0.588885486125946,0.4864519238471985,1,-13.76259994506836,0.4405206525407826,0.685789687567138,0.4921004385218036,0.2973312315409889,-0.020641965165842237,0.5092305507044818,50.78818444313089,-0.6185769438743591,0.5,5.754980087280273,0.07782657444477081,-35.92190170288086,2.5173451900482178
0.9992046356201172,-0.0019368546782061458,0.039830248802900314,-0.007977127097547054,0.9689226150512695,0.24723532795906067,-0.03907129168510437,-0.24735642969608307,0.9681364893913269,0.9999998211860657,0.13784652948379517,0.12147746980190277,0.7459666132926941,0.7331882119178772,0.0421428382396698,0.1751105636358261,0.15754619240760803,0.014267180114984512,0.003937866073101759,0.0027538116555660963,0.12154418230056763,0.14750051498413086,1,0.08878331947915105,1,0.4776778188255959,0.32985493698741447,-0.003389187628437792,0.564910786498053,48.2138024097885,0.49571653008461003,0.43189503252506256,0.5843525707721711,0.41808851063251495,779.7312164306641,303.2555294036865,827.9190063476562,301.67197465896606,715.0603485107422,301.6389727592468,664.2586517333984,299.70003604888916,478,0.588636040687561,0.4861934781074524,1,-14.332310676574707,0.4377241680765884,0.6743321733389668,0.5312458625913716,0.3011108000761174,-0.015046017308937095,0.5295975682129483,50.83868478949498,-0.4574097990989685,0.3,5.783792972564697,0.06222527474164963,-35.87693786621094,2.239189863204956
0.9992923140525818,-0.0019264350412413478,0.03756462782621384,-0.00719927903264761,0.970428466796875,0.24128158390522003,-0.03691858798265457,-0.24138125777244568,0.9697278141975403,1.0000003576278687,0.1313498467206955,0.11473818868398666,0.7324398756027222,0.7152948379516602,0.060485828667879105,0.14342786371707916,0.10577815771102905,0.02011498250067234,0.0043280175887048244,0.002909629372879863,0.13246943056583405,0.1397341936826706,1,0.08798942410097621,1,0.49532631452476156,0.3321160785246287,-0.009531769305233235,0.5551025956689545,48.17284495671831,0.4952338516712189,0.4314451634883881,0.5837913930416108,0.41752294898033143,779.3803405761719,303.1661367416382,827.5143432617188,301.2320280075073,715.1726531982422,301.60738706588745,664.3443298339844,299.4631862640381,478,0.5885575413703918,0.48607778549194336,1,-13.977799415588379,0.42974015675415267,0.6853746114467072,0.5245733351847237,0.30495949614997914,-0.018087028934848873,0.5273420975577225,50.87352998566106,-0.4127732515335083,0.3,5.791763782501221,0.09035645425319672,-35.90913391113281,2.115760087966919
0.9992946982383728,-0.0019389452645555139,0.03750260919332504,-0.007261521182954311,0.9698403477668762,0.24363286793231964,-0.036843933165073395,-0.24373333156108856,0.9691421389579773,0.9999995231628418,0.16467636823654175,0.11732710152864456,0.7414569854736328,0.7266310453414917,0.05674584209918976,0.16494926810264587,0.12143771350383759,0.016121165826916695,0.004122650716453791,0.0027844419237226248,0.14162644743919373,0.14771923422813416,1,0.0874887551149921,1,0.4884826015204899,0.321114459296204,-0.006410076474162103,0.5554188819561265,48.08362034617079,0.4953981935977936,0.43185308277606965,0.583995133638382,0.41806545555591584,779.0287780761719,303.41922998428345,827.0829772949219,301.73742055892944,715.4489898681641,301.6731548309326,664.6714019775391,299.6014165878296,478,0.5885969400405884,0.4862123727798462,1,-14.11677360534668,0.42974015675415267,0.6854312910999216,0.5304379336934508,0.3017282072954855,-0.014987185565914737,0.5286759197201885,50.81983403593248,-0.41634082794189453,0.3,5.8050737380981445,0.07929126918315887,-35.96305847167969,2.1114797592163086
0.9990383386611938,-0.001614356879144907,0.04381490498781204,-0.009730770252645016,0.966235876083374,0.2574753761291504,-0.042751193046569824,-0.2576541304588318,0.9652909636497498,1.0000004768371582,0.15937691926956177,0.1189645379781723,0.7488681674003601,0.7360007762908936,0.05408552289009094,0.1708807647228241,0.13064447045326233,0.015797514468431473,0.003984099254012108,0.002766111632809043,0.12713973224163055,0.15305465459823608,1,0.08759085921070268,1,0.4851606997892072,0.32333518131489447,-0.0065243024939502636,0.5599205871407619,48.152067318557435,0.49542862772941587,0.43265863656997683,0.5840203821659088,0.4183306634426117,778.9241027832031,303.55130195617676,827.0594787597656,302.2835612297058,715.2352142333984,301.6788625717163,664.6149444580078,299.6404695510864,478,0.5885917544364929,0.4856720268726349,1,-14.944893836975098,0.42423324386819716,0.6757784154210742,0.5327310125654737,0.3013954103607639,-0.014496066134797536,0.5302343653534268,50.661294479525495,-0.5580510497093201,0.3,5.781538009643555,0.03155428543686867,-35.95777893066406,2.450209617614746
0.9988728761672974,0.0009222953231073916,0.04745578393340111,-0.012940132059156895,0.9672298431396484,0.25357240438461304,-0.045666858553886414,-0.2539007067680359,0.9661516547203064,1.0,0.1520313322544098,0.12033868581056595,0.7475553154945374,0.7330352067947388,0.04884416237473488,0.16493351757526398,0.13933898508548737,0.015980269759893417,0.0038838067557662725,0.002666084561496973,0.12111371755599976,0.1424601525068283,1,0.08853331420667868,1,0.48670944286403467,0.3286786018676639,-0.008478547018180748,0.563711884183158,47.746562563227855,0.49560390710830693,0.43252739012241365,0.5843945622444153,0.41842555701732637,780.2827453613281,303.6755633354187,828.0175018310547,302.6138377189636,715.1885986328125,301.7134737968445,664.5454406738281,299.6365427970886,478,0.5887906551361084,0.4858981668949127,1,-14.724164009094238,0.42423324386819716,0.6769627355688866,0.5313578777581179,0.3011087235108595,-0.014912318153211094,0.5327578959936764,50.685728667325684,-0.7422099709510803,0.3,5.7820048332214355,0.04131495952606201,-35.973697662353516,2.6174285411834717
0.9987823367118835,-0.00526354881003499,0.049051620066165924,-0.006255199667066336,0.9727551937103271,0.23175029456615448,-0.048935048282146454,-0.23177491128444672,0.9715378284454346,0.9999999403953552,0.14604003727436066,0.10544676333665848,0.72892165184021,0.7256067991256714,0.05654764920473099,0.1448088139295578,0.12000538408756256,0.01985987089574337,0.004180294461548328,0.003107854165136814,0.11184316873550415,0.1335894614458084,1,0.08850602136139808,1,0.4863470759384019,0.33410733514042046,-0.011250210879114611,0.5520764517095208,47.67101417952231,0.4951373875141144,0.43221779465675353,0.5843983829021454,0.41811938881874083,780.3072357177734,303.52840662002563,827.9542541503906,302.0160484313965,715.6935882568359,301.7439651489258,665.1901245117188,299.8818254470825,478,0.589260995388031,0.4859015941619873,1,-13.417964935302734,0.43206394384685,0.7189282734722324,0.5203122834505868,0.30692709151655306,-0.015880452246874868,0.5264536305773007,50.53778205090348,-0.3588287830352783,0.3,5.789964199066162,0.1146230399608612,-35.92911911010742,2.80489182472229
0.9988566040992737,0.0014424051623791456,0.047784432768821716,-0.013200847432017326,0.9690037369728088,0.24669328331947327,-0.045947473496198654,-0.2470420002937317,0.9679148197174072,0.9999997019767761,0.5145012140274048,0.41123655438423157,0.8122894763946533,0.7964589595794678,0.05383957177400589,0.13447116315364838,0.11455370485782623,0.02410772256553173,0.0028982122894376516,0.0017867141868919134,0.18860626220703125,0.19052816927433014,1,0.08881041636622719,1,0.4875119471689149,0.20189903048725136,-0.006107292140256176,0.4869204384485266,47.73877021255225,0.4949187099933624,0.4350817620754242,0.5842020571231842,0.4211478054523468,780.2510833740234,304.0850830078125,827.9522705078125,305.9790015220642,715.6906890869141,302.1517038345337,665.0652313232422,302.50983238220215,478,0.5892833471298218,0.4860660433769226,1,-14.317984580993652,0.43206394384685,0.6911332850637942,0.5136770138444925,0.18910817559209847,-0.008200139237098152,0.42597915182860824,50.62672446385637,-0.7571744918823242,0.3,5.812648773193359,0.00684602465480566,-36.064430236816406,2.633523464202881
0.998894989490509,0.003816890064626932,0.04684311896562576,-0.015165128745138645,0.9695601463317871,0.2443830519914627,-0.04448443651199341,-0.2448233664035797,0.9685466885566711,0.9999999403953552,0.487323522567749,0.4116618037223816,0.8157646656036377,0.7976793646812439,0.05445989966392517,0.12972143292427063,0.11047640442848206,0.025735262781381607,0.0028899013996124268,0.0017140638083219528,0.18845616281032562,0.18974708020687103,1,0.08888551309665474,1,0.48874183852452924,0.21008466447220803,-0.00671196139272713,0.49801820079970993,47.75194486582297,0.4947862505912781,0.4354463994503021,0.5841103672981263,0.42141132354736327,780.2278900146484,304.35025691986084,827.9450988769531,306.17130517959595,715.4827880859375,302.2729182243347,664.9240875244141,302.55176067352295,478,0.5893241167068481,0.48596492409706116,1,-14.185730934143066,0.42423324386819716,0.702653651487962,0.5137928759820458,0.18849422175584613,-0.006513123270368304,0.4394506536480104,50.559469495658064,-0.8697922229766846,0.3,5.813396453857422,0.005764162167906761,-36.069339752197266,2.549611806869507
0.9989343881607056,0.001428840565495193,0.046130117028951645,-0.013022802770137787,0.9676308631896973,0.25203362107276917,-0.04427681118249893,-0.2523658275604248,0.9666184186935425,0.9999995827674866,0.40332692861557007,0.3848753571510315,0.8067526817321777,0.7873650789260864,0.06813106685876846,0.12532886862754822,0.09187618643045425,0.0266097504645586,0.0031522614881396294,0.0018698392668738961,0.17853955924510956,0.19021131098270416,1,0.08790476820561507,1,0.4979779478379986,0.23732137320770388,-0.0069288450174988265,0.5355902654416379,47.80969210997131,0.49460644125938413,0.43519877791404726,0.5839406311511993,0.4212756097316742,779.7841644287109,304.3215250968933,827.5705718994141,305.81347703933716,715.6803894042969,302.38205194473267,665.4807281494141,302.60860204696655,478,0.5893341898918152,0.48607683181762695,1,-14.632221221923828,0.41674608856799084,0.6962826298630813,0.5143117193792452,0.2032356650590346,-0.007840608020522622,0.44840621537323205,50.20017246139902,-0.7469052672386169,0.3,5.814024448394775,-0.026040412485599518,-36.02194595336914,2.5377039909362793
0.9990535378456116,0.001783280516974628,0.04346122220158577,-0.013034192845225334,0.9655197262763977,0.26000332832336426,-0.04149901121854782,-0.26032373309135437,0.9646291136741638,1.0000001192092896,0.3001370131969452,0.26944804191589355,0.770599365234375,0.7524896860122681,0.0640752911567688,0.11528288573026657,0.09391742944717407,0.030628474429249763,0.003863281337544322,0.002636333927512169,0.16537831723690033,0.19003701210021973,1,0.08843895800092968,1,0.4935787469623114,0.27395262144002686,-0.010823667944749718,0.5363052868648286,47.611342073228684,0.49490264654159544,0.43339449167251587,0.5839251041412353,0.4196164906024933,779.9931335449219,303.9667010307312,827.6039123535156,304.1982936859131,715.6797027587891,301.93506717681885,665.469970703125,301.3008642196655,478,0.5890224575996399,0.4862219989299774,1,-15.102590560913086,0.41674608856799084,0.6342136390831112,0.5070190282402468,0.24681614175519778,-0.014461656882696296,0.4919486030344193,50.21373722989426,-0.7474693059921265,0.3,5.813813209533691,-0.025795603170990944,-35.96467208862305,2.378401041030884
0.9990120530128479,0.0034981057979166508,0.04430358484387398,-0.01494359690696001,0.9652909636497498,0.2607489824295044,-0.04185376316308975,-0.2611534297466278,0.9643895626068115,1.0000001192092896,0.2489260733127594,0.2251344919204712,0.7416961193084717,0.7266877293586731,0.05462952330708504,0.13594546914100647,0.11603667587041855,0.023451751098036766,0.004513812251389027,0.0031885765492916107,0.16718055307865143,0.20031233131885529,1,0.08811761713430098,1,0.4888517728694659,0.29227683062997073,-0.013973384435002147,0.5445104142977333,47.05559053375,0.49535081982612605,0.4329344809055328,0.5845329582691192,0.418732750415802,780.6377410888672,303.93020153045654,827.6905059814453,303.41453075408936,715.9241485595703,301.82050466537476,666.7799377441406,300.53452491760254,478,0.5891821384429932,0.48579826951026917,1,-15.152108192443848,0.41674608856799084,0.6348440446665246,0.5111483411137614,0.2660361214865282,-0.02084614174741356,0.506630770407816,49.16103335652535,-0.8569877743721008,0.3,5.836816310882568,-0.01706348918378353,-36.0137939453125,2.398744583129883
0.9990102052688599,0.00349045661278069,0.04434604197740555,-0.015009677037596703,0.9649008512496948,0.26218512654304504,-0.04187439754605293,-0.26259124279022217,0.9639980792999268,0.9999999403953552,0.2235468327999115,0.22334526479244232,0.726362943649292,0.7113304138183594,0.062156885862350464,0.12855641543865204,0.10334840416908264,0.024688178673386574,0.005076596979051828,0.0033542532473802567,0.16710086166858673,0.1927935928106308,1,0.08785168281786314,1,0.4971890536739868,0.30353712209861144,-0.01981848236637157,0.535528946300724,46.835862750389424,0.49534282088279724,0.4330287665128708,0.5845689475536346,0.4182386487722397,781.0269927978516,303.84389877319336,827.8565979003906,303.07831048965454,715.9085083007812,301.809024810791,666.9821166992188,300.3562331199646,478,0.5892261266708374,0.4852098822593689,1,-15.23756217956543,0.48394946589855853,0.6104598896808767,0.5134486798740435,0.2711243866791605,-0.024184550556378057,0.5014273749029357,48.947956024171994,-0.8607783913612366,0.3,5.837512969970703,-0.022496994584798813,-35.9742546081543,2.399927854537964
0.9989169239997864,0.0007968295249156654,0.04652358591556549,-0.012417251244187355,0.9681581854820251,0.25003114342689514,-0.04484295845031738,-0.25033801794052124,0.9671194553375244,0.9999995231628418,0.18385876715183258,0.15293525159358978,0.728562593460083,0.7146278023719788,0.06324082612991333,0.1459517776966095,0.10589823126792908,0.02017207071185112,0.004840670619159937,0.0031451957765966654,0.1521071046590805,0.18804827332496643,1,0.08721637342300187,1,0.4952565549849322,0.3152426799142818,-0.015149007265900995,0.5487804411170242,47.10922271588503,0.49525759816169734,0.43201799094676974,0.5848392069339752,0.4181994289159775,780.736083984375,303.6465525627136,827.8386688232422,302.8557515144348,716.4952087402344,301.5058922767639,666.9789886474609,299.87354278564453,478,0.5895816087722778,0.48618143796920776,1,-14.512433052062988,0.48449741256372886,0.7131902987640424,0.5227852450091623,0.29189813803205134,-0.017454254877941434,0.5349500187082104,49.543118767758486,-0.7121907472610474,0.3,5.836976051330566,0.02105732262134552,-35.9279670715332,2.570173978805542
0.9988932013511658,0.004121416248381138,0.04685605689883232,-0.015578166581690311,0.9689220190048218,0.24687515199184418,-0.04438243806362152,-0.24733181297779083,0.967913806438446,1.0,0.15307937562465668,0.14412878453731537,0.7379143238067627,0.7228249311447144,0.06019052490592003,0.1437045931816101,0.10955671966075897,0.019172172993421555,0.004470972344279289,0.0027890452183783054,0.14009182155132294,0.16474062204360962,1,0.08719202441231502,1,0.48925445520057753,0.3252529117993951,-0.010149188314121291,0.5511350832143305,47.42891726003842,0.49521823525428776,0.43262377083301545,0.5852416336536408,0.4186039835214615,780.7945251464844,303.95339727401733,828.2113647460938,302.8831100463867,717.0488739013672,301.7408537864685,667.1637725830078,299.8394250869751,478,0.590023398399353,0.48598021268844604,1,-14.33410358428955,0.48449741256372886,0.7339786394147464,0.5259879829918169,0.29541499010916145,-0.015875407498997438,0.5332050914196196,49.92132575104631,-0.8934796452522278,0.3,5.854611873626709,0.03481220826506615,-35.9549674987793,2.543761968612671
0.9991153478622437,0.0034389428328722715,0.04191236197948456,-0.014154939912259579,0.965996503829956,0.258167564868927,-0.03959936648607254,-0.25853246450424194,0.9651905298233032,1.0000001192092896,0.1721164882183075,0.1488504409790039,0.7319146394729614,0.714242696762085,0.031803227961063385,0.19812408089637756,0.19263142347335815,0.012592541053891182,0.004735887516289949,0.0031096809543669224,0.15497435629367828,0.15064045786857605,1,0.08844636615552401,1,0.4619826444608862,0.3134270770665123,-0.01416632755347041,0.5564294434917619,47.71611218355376,0.4960371375083923,0.4340502232313156,0.5858464360237121,0.41826017796993253,780.9453582763672,303.934965133667,828.6429595947266,302.605984210968,717.0409393310547,301.85715436935425,666.8556213378906,299.82346057891846,478,0.5898092985153198,0.48420995473861694,1,-14.995038986206055,0.48394946589855853,0.6754870973966761,0.5282951358063029,0.2949744757126024,-0.01929285325435849,0.5300124231670135,50.22650746974854,-0.8116821050643921,0.3,5.890989780426025,0.01679995469748974,-36.039066314697266,2.269469738006592
0.9991825819015503,0.004339869134128094,0.04019159451127052,-0.0140783516690135,0.9693384170532227,0.24532604217529297,-0.037894561886787415,-0.24569135904312134,0.9686071872711182,0.9999995231628418,0.1619493067264557,0.14238862693309784,0.7467941045761108,0.7280732989311218,0.0323077067732811,0.20736300945281982,0.1995294839143753,0.011337841860949993,0.004372274037450552,0.0027414083015173674,0.1413482129573822,0.13860943913459778,1,0.0886849525960242,1,0.4646115614503503,0.3177352188903451,-0.011061551284273701,0.556926044367799,47.89194654508633,0.49620974659919737,0.4334910660982132,0.5856807887554168,0.41866613924503326,780.9172058105469,303.96350383758545,828.7899780273438,302.6084303855896,716.6159057617188,302.07788944244385,665.9305572509766,299.93924617767334,478,0.5894710421562195,0.48517507314682007,1,-14.233131408691406,0.4723453760668635,0.7089210324604601,0.5342592453198598,0.29501328884886185,-0.014398386553034536,0.5272027602431231,50.73044794569435,-0.8072366118431091,0.3,5.852781772613525,0.057291701436042786,-35.9524040222168,2.1717183589935303
0.9990015029907227,-0.001070753438398242,0.04466449096798897,-0.010425047017633915,0.9665289521217346,0.2563456892967224,-0.043444011360406876,-0.25655534863471985,0.9655526876449585,0.9999999403953552,0.11240915954113007,0.13407258689403534,0.7217481732368469,0.7028388977050781,0.021359756588935852,0.28371095657348633,0.29844024777412415,0.006321249064058065,0.004913519602268934,0.003057959256693721,0.1338137537240982,0.14653785526752472,1,0.08811335286215675,1,0.45210899167188545,0.3371057268320789,-0.00924413825017813,0.5779582217223102,47.8275452060158,0.4965812206268311,0.43170574903488157,0.5860707998275757,0.4173062801361084,780.5087280273438,302.64572381973267,828.3148956298828,301.21589183807373,716.5351867675781,301.35201930999756,666.4998626708984,299.5833492279053,478,0.5894895792007446,0.4856005311012268,1,-14.880138397216797,0.42528874938451544,0.7182528492347662,0.5473288842369037,0.30549801634760226,-0.017389513610696048,0.5356601261336743,50.066574192960275,-0.5978864431381226,0.08,5.823695182800293,0.03602728247642517,-35.90110397338867,2.4899420738220215
0.9988135695457458,-0.000202638897462748,0.04869667440652847,-0.011426324024796486,0.9710985422134399,0.23840533196926117,-0.04733757674694061,-0.23867890238761902,0.9699440598487854,1.0000003576278687,0.12735746800899506,0.16398775577545166,0.7068185806274414,0.6889233589172363,0.022318055853247643,0.26743143796920776,0.284564346075058,0.006724937818944454,0.005172909237444401,0.0033572257962077856,0.1508965939283371,0.18380048871040344,1,0.08835906465908155,1,0.45216862103540323,0.32901754449271303,-0.011689498771058956,0.577369173067196,47.599748218087,0.4966082274913788,0.43044641315937043,0.5861164629459381,0.41682031452655793,780.8522796630859,302.62091875076294,828.4311676025391,301.21185779571533,716.5345764160156,301.1570119857788,666.5715026855469,299.2195773124695,478,0.5895082354545593,0.4863739013671875,1,-13.824385643005371,0.35621732306059145,0.6699202665575066,0.5445124165359095,0.29127320914163557,-0.023622846892526785,0.5238182217020825,50.00062389420354,-0.6554291844367981,0.08,5.792787075042725,0.08755964040756226,-35.814476013183594,2.713257312774658
0.9990516304969788,-0.0040216888301074505,0.0433545783162117,-0.006256000138819218,0.9721346497535706,0.23433946073055267,-0.04308893159031868,-0.23438847064971924,0.9711875915527344,0.9999995231628418,0.14613275229930878,0.1496427059173584,0.7083765268325806,0.6916073560714722,0.026760827749967575,0.23663394153118134,0.2402888983488083,0.008317033760249615,0.005024159327149391,0.0034151519648730755,0.16594043374061584,0.19328822195529938,1,0.08827662375620206,1,0.46223227199349926,0.3209785804602158,-0.012132334318905513,0.5756234547646083,47.74185388629835,0.49646866917610166,0.430022594332695,0.5857043325901031,0.41637602150440217,780.6709289550781,302.25656747817993,828.3856964111328,300.6485939025879,716.4389801025391,300.8227229118347,666.3053894042969,299.11855459213257,478,0.5892356634140015,0.48635342717170715,1,-13.56842041015625,0.35621732306059145,0.6995114969210313,0.5383576581584062,0.29171957492174183,-0.021724653773087542,0.532537255302436,50.16254684583984,-0.3587779402732849,0.08,5.804320812225342,0.12175130844116211,-35.79734420776367,2.469578266143799
0.9988006353378296,-0.0013325019972398877,0.048943959176540375,-0.010778984986245632,0.9691206812858582,0.24635137617588043,-0.047760866582393646,-0.2465834766626358,0.9679439067840576,1.0,0.1274174302816391,0.15896843373775482,0.6984737515449524,0.682132363319397,0.017781130969524384,0.2789727747440338,0.3004796504974365,0.007279344368726015,0.005482322536408901,0.003591045970097184,0.1566118746995926,0.17873312532901764,1,0.08905794075834753,1,0.4409926856655022,0.3279645964614935,-0.014353304813095725,0.5664427928647643,47.732189908728955,0.49688524603843687,0.43109543025493624,0.5862615168094635,0.41646105945110323,780.8853149414062,302.4427556991577,828.5956573486328,300.998740196228,716.8989562988281,300.88430643081665,666.6069030761719,299.1223740577698,478,0.5893762707710266,0.485365629196167,1,-14.292088508605957,0.29225314174275285,0.6628646001900246,0.5351124762662123,0.2938124712789813,-0.0227884723732623,0.5298446992621351,50.322907538598415,-0.618307888507843,0.08,5.803279876708984,0.0739344134926796,-35.828189849853516,2.737537384033203
0.9985978603363037,0.003025572979822755,0.05284988507628441,-0.016264501959085464,0.9676104784011841,0.25192341208457947,-0.05037589743733406,-0.2524297833442688,0.9663029909133911,0.9999998211860657,0.1293269246816635,0.11915811151266098,0.7238917350769043,0.7016247510910034,0.02327047660946846,0.2768523395061493,0.28259938955307007,0.006753658410161734,0.005068549420684576,0.0032039969228208065,0.14265021681785583,0.12595140933990479,1,0.08798815337110992,1,0.4488119575224871,0.3313543248831482,-0.008097879373970196,0.5644450583524931,47.859572256504556,0.49648850560188296,0.4322665989398956,0.5867896616458893,0.41774181127548216,781.1598205566406,303.271279335022,828.9988708496094,301.8698787689209,718.4625244140625,301.5636992454529,667.0614624023438,299.21494245529175,478,0.5903011560440063,0.48547521233558655,1,-14.640342712402344,0.29225314174275285,0.6835163350757605,0.541196351359111,0.3078081109317666,-0.01718429828016729,0.5255383057599944,51.45469691383668,-0.933113157749176,0.08,5.823288440704346,0.03808923810720444,-35.8593864440918,2.8875484466552734
0.9988388419151306,0.0016261215787380934,0.048148803412914276,-0.013471178710460663,0.9689901471138,0.24673178791999817,-0.04625450074672699,-0.24709393084049225,0.9678869247436523,1.0,0.14093127846717834,0.14795874059200287,0.7256208658218384,0.708835780620575,0.019748860970139503,0.3049560785293579,0.31837230920791626,0.005760036408901215,0.004816570319235325,0.0032002446241676807,0.13456937670707703,0.14603453874588013,1,0.08828027596976275,1,0.442554041219599,0.3242722607863147,-0.007492340267898971,0.5623090510830748,47.97909901024721,0.49693230390548704,0.43186492323875425,0.5869449138641357,0.4177004754543304,781.1831665039062,303.19008350372314,829.1411590576172,301.7670965194702,717.9159545898438,301.5426707267761,667.0611572265625,299.2608404159546,478,0.5900126099586487,0.48583555221557617,1,-14.321267127990723,0.3014890234130031,0.6997482798847969,0.5472936261237236,0.2967836052516323,-0.017512513964643168,0.5107381342602711,50.905963938713434,-0.772692084312439,0.08,5.841406345367432,0.06780242174863815,-35.883541107177734,2.6511335372924805
0.9991263747215271,0.0005549176130443811,0.04178638011217117,-0.010885125957429409,0.9688521027565002,0.24740083515644073,-0.040347542613744736,-0.24763953685760498,0.968011736869812,1.0,0.12599486112594604,0.14436420798301697,0.7130093574523926,0.6948081254959106,0.018539728596806526,0.3334701657295227,0.34943175315856934,0.004533451050519943,0.005189179442822933,0.0031995191238820553,0.1352982223033905,0.1452585756778717,1,0.08800559501249176,1,0.4447206936154959,0.32830899098321,-0.011965939512607682,0.5650006521049129,47.9908804856778,0.4977166295051575,0.43142326474189757,0.5867244839668274,0.4172817051410675,780.8475494384766,303.02460193634033,828.8032531738281,301.18746042251587,717.1749114990234,301.54144763946533,666.7051696777344,299.3243980407715,478,0.5890078544616699,0.4858584403991699,1,-14.349809646606445,0.3014890234130031,0.7210545660438019,0.5562789873324941,0.3025567058647623,-0.018685683709155018,0.5159196685607287,50.518413955029104,-0.6241923570632935,0.08,5.8445587158203125,0.07715727388858795,-35.9414176940918,2.3123714923858643
0.9991304278373718,0.0015866688918322325,0.04166368022561073,-0.012045533396303654,0.9676492810249329,0.25201138854026794,-0.039915964007377625,-0.25229412317276,0.9668269753456116,1.0000003576278687,0.12852740287780762,0.13169033825397491,0.7296871542930603,0.7101608514785767,0.03397541493177414,0.2609415054321289,0.2264208197593689,0.007061788812279701,0.004787974525243044,0.002707901643589139,0.14724129438400269,0.1278350055217743,1,0.08708806266111248,1,0.47568658840075134,0.3284060723968212,-0.010601983781051429,0.5713470844108434,47.91300988047915,0.4969442844390869,0.43254055082798004,0.5857589602470398,0.417565181851387,780.5332946777344,303.0162978172302,828.4157562255859,301.305627822876,716.4253997802734,301.61163568496704,666.1976623535156,299.3540096282959,478,0.5888146758079529,0.485024631023407,1,-14.625222206115723,0.3014890234130031,0.6742887642443195,0.5560675493780867,0.3070409697518977,-0.015096037016246438,0.5263323174295166,50.278449484084575,-0.6907253861427307,0.08,5.820634365081787,0.05705203115940094,-35.91802978515625,2.287623882293701
0.9988161325454712,0.0013768586795777082,0.048626333475112915,-0.01335818599909544,0.9689360857009888,0.24695022404193878,-0.04677579179406166,-0.2473074197769165,0.9678073525428772,1.0000001192092896,0.12264245748519897,0.12229683250188828,0.7451413869857788,0.7248080372810364,0.03300085663795471,0.23603464663028717,0.22207477688789368,0.008602552115917206,0.00436835503205657,0.0026172047946602106,0.12309709936380386,0.11886762827634811,1,0.08792162961009667,1,0.4696717156895143,0.33918409617598033,-0.005995626858367811,0.576476573213682,47.46130383440206,0.49619588255882263,0.4332277595996857,0.5862264335155487,0.41797317266464235,781.5980529785156,303.11620473861694,829.0402984619141,301.7713236808777,717.2110748291016,301.5763807296753,666.6757965087891,299.50674533843994,478,0.5900305509567261,0.48474541306495667,1,-14.334260940551758,0.31639659390308317,0.6692099005514912,0.5447065932265934,0.3085740410904553,-0.013950080985725428,0.531468396422421,50.577640768083036,-0.7662291526794434,0.08,5.84376335144043,0.07630236446857452,-35.94367980957031,2.6810336112976074
0.9988152384757996,-0.0006643079104833305,0.04865949600934982,-0.011382357217371464,0.9689818620681763,0.24686980247497559,-0.04731416329741478,-0.24713116884231567,0.9678261876106262,1.0,0.5615354776382446,0.528561532497406,0.8747655153274536,0.8531278967857361,0.05385039746761322,0.14360307157039642,0.11917965859174728,0.026287447661161423,0.0022189037408679724,0.0010927623370662332,0.1932174265384674,0.17254787683486938,1,0.08928967540216891,1,0.48661490095135984,0.1797216515124158,0.01121892310473609,0.4857415419314288,47.70946328991811,0.4944056272506714,0.43903214037418364,0.5848026275634766,0.42378908693790435,781.3285064697266,304.55331087112427,829.0071105957031,306.2690019607544,716.4838409423828,303.2866859436035,664.6540832519531,304.2447280883789,478,0.5903970003128052,0.4847569465637207,1,-14.324198722839355,0.3598042306763279,0.6051126082681465,0.5177721720653513,0.14787197399946259,0.015377514904128602,0.41601790258340043,51.838611353927085,-0.6529062986373901,0.08,5.863082408905029,0.011702162213623524,-36.126861572265625,2.711914300918579
0.9986631274223328,-0.001848834566771984,0.051658838987350464,-0.01087186485528946,0.9694947004318237,0.24487118422985077,-0.050535693764686584,-0.24510543048381805,0.968178391456604,0.9999998211860657,0.4988866448402405,0.4193758964538574,0.8501462936401367,0.8306982517242432,0.08220309764146805,0.09617762267589569,0.06878422945737839,0.043938931077718735,0.0025638958904892206,0.001309166313149035,0.21143215894699097,0.17785854637622833,1,0.08900438074875769,1,0.5100035564865552,0.19660705266589779,0.00805496129581756,0.5122044234095041,47.76563486231241,0.49355046749114995,0.4367998719215393,0.5840273976325989,0.4232239603996277,781.2134552001953,304.57528352737427,828.9535522460938,306.13701581954956,715.9024810791016,303.21484565734863,664.3838500976562,303.66910457611084,478,0.590476930141449,0.4864240884780884,1,-14.206597328186035,0.3630290242429987,0.6484894540435905,0.5103640793067702,0.1825733119208364,0.00990919620564619,0.4737432435387614,51.520633628388666,-0.623721182346344,0.08,5.846401691436768,0.004983383230865002,-36.09521484375,2.8967156410217285
0.9986779093742371,0.0047209844924509525,0.05118816718459129,-0.017299532890319824,0.9685583114624023,0.24818453192710876,-0.04840704798698425,-0.24874193966388702,0.9673594236373901,1.0000003576278687,0.4582436978816986,0.2936163544654846,0.8115469217300415,0.7941507697105408,0.07374639809131622,0.10273194313049316,0.0782274529337883,0.039207879453897476,0.003085516393184662,0.002072128001600504,0.19740892946720123,0.18045462667942047,1,0.08886753084416282,1,0.5027313897090733,0.21981793823578452,0.005074548937738806,0.5123242505539859,47.420238983834345,0.4942717790603638,0.43531509339809416,0.5841719150543213,0.4217128068208694,781.1151123046875,304.61081743240356,828.5147094726562,306.0098361968994,715.9092712402344,302.72921562194824,665.1447296142578,302.02353715896606,478,0.5899001359939575,0.48639771342277527,1,-14.42034912109375,0.3724303201010489,0.6666326175404055,0.5089148169228936,0.23304734356865764,-0.009378937323848847,0.4971297668400192,50.76944621216744,-0.9924030303955078,0.08,5.823696613311768,-0.00861317291855812,-36.0191764831543,2.7746036052703857
0.9988781809806824,0.003588448977097869,0.04721769317984581,-0.015266901813447475,0.9682854413986206,0.24937975406646729,-0.04482528567314148,-0.24982087314128876,0.9672539234161377,1.0000003576278687,0.28335264325141907,0.24662959575653076,0.782623291015625,0.7615274786949158,0.043410785496234894,0.14086852967739105,0.1271650195121765,0.02539459988474846,0.0038061970844864845,0.002333099488168955,0.2054247409105301,0.17525386810302734,1,0.08929571833888807,1,0.47768352107612844,0.268451185980518,-0.0005308465508044597,0.5502399798394034,47.38538477912995,0.49518920779228215,0.43434809148311615,0.5850458920001984,0.4206833094358444,781.3481140136719,304.40486669540405,828.7332916259766,304.26474809646606,716.4279174804688,302.7001619338989,666.3720703125,301.5481209754944,478,0.5898566842079163,0.48633521795272827,1,-14.481786727905273,0.4072868199721847,0.6527980200986622,0.5083771113929515,0.2568453059667193,-0.009128737309532344,0.5249296984003393,50.069102590050726,-0.875643253326416,0.08,5.860718250274658,-0.0030829785391688347,-36.041568756103516,2.5691604614257812
0.9989966750144958,0.002798010827973485,0.04469779133796692,-0.013624857179820538,0.9697266817092896,0.2438124716281891,-0.042662449181079865,-0.24417683482170105,0.9687918424606323,1.000000238418579,0.2383689433336258,0.1719222515821457,0.7772204875946045,0.7594209909439087,0.04851533845067024,0.1440080851316452,0.1253199577331543,0.022517753764986992,0.0036299715284258127,0.002493645530194044,0.18067513406276703,0.16629952192306519,1,0.08883972736748778,1,0.48227344473870326,0.29137897876345226,4.219462070656714e-05,0.5697656141944233,47.39425113595408,0.49528548717498777,0.4336075037717819,0.5850118160247803,0.420138880610466,781.2240600585938,304.3569302558899,828.6156463623047,303.8543486595154,716.3773345947266,302.29761600494385,666.3252258300781,300.7818675041199,478,0.5897263288497925,0.4865313768386841,1,-14.14633846282959,0.41610806501862946,0.6801862318044428,0.5143724048590674,0.28165992293464004,-0.009391570501416409,0.5346450038570357,50.07505452224787,-0.7813823223114014,0.08,5.855517864227295,0.027533043175935745,-35.98458480834961,2.445120334625244
0.999060869216919,0.00031520682387053967,0.04332699999213219,-0.01124084834009409,0.9676205515861511,0.25215891003608704,-0.04184461385011673,-0.2524091601371765,0.966715395450592,1.0000001192092896,0.17149397730827332,0.1456814855337143,0.7326514720916748,0.7152676582336426,0.04802650213241577,0.14600607752799988,0.12876249849796295,0.021013721823692322,0.004922826308757067,0.003113421378657222,0.16154015064239502,0.1354711949825287,1,0.08870534848010787,1,0.4831391449154143,0.31773704239934686,-0.016357136556772532,0.5503362421376085,47.520669670403805,0.4955260574817657,0.43331561982631683,0.5851175606250762,0.418250247836113,781.2770080566406,303.5827374458313,828.7841033935547,302.4469828605652,716.4701080322266,302.02609062194824,666.3796997070312,300.4347896575928,478,0.5895915031433105,0.48493462800979614,1,-14.633221626281738,0.4267506628668636,0.7023499369957632,0.5165725666754579,0.29940816929437314,-0.020369852499569154,0.5285715995036943,50.11567863497596,-0.6446313261985779,0.08,5.867310047149658,0.031262148171663284,-35.99907302856445,2.3982200622558594
0.9989902973175049,0.000736995367333293,0.044920165091753006,-0.011757497675716877,0.969306468963623,0.2455741912126541,-0.04336041212081909,-0.24585439264774323,0.9683364629745483,0.9999997019767761,0.1679508090019226,0.1501147747039795,0.7327607870101929,0.7129544019699097,0.045474644750356674,0.15824665129184723,0.14298219978809357,0.016922852024435997,0.0047773756086826324,0.002917471108958125,0.15717360377311707,0.1369989663362503,1,0.08839321797791165,1,0.4824642782443183,0.31866067427417005,-0.016054736819578034,0.5540475612804074,47.57795977992209,0.4956824481487274,0.43283775746822356,0.5852709114551544,0.41832977831363677,781.2218475341797,303.6729669570923,828.7837219238281,302.4358892440796,716.4495086669922,302.10546255111694,666.3569641113281,300.42983293533325,478,0.589588463306427,0.4854920208454132,1,-14.246011734008789,0.43991339226995346,0.7245547770201388,0.5250282891601519,0.297964882451025,-0.020197827007737378,0.5281970801456389,50.12056219527791,-0.6743046641349792,0.08,5.8521528244018555,0.04927540570497513,-35.98138427734375,2.485147476196289
