R00,R01,R02,R10,R11,R12,R20,R21,R22,R_scale,bs_eyeBlinkLeft,bs_eyeBlinkRight,bs_eyeLookDownLeft,bs_eyeLookDownRight,bs_eyeLookInLeft,bs_eyeLookInRight,bs_eyeLookOutLeft,bs_eyeLookOutRight,bs_eyeLookUpLeft,bs_eyeLookUpRight,bs_eyeSquintLeft,bs_eyeSquintRight,detected,interocular_norm,is_laptop,leye_h,leye_open,leye_v,leye_vlid,leye_width_px,m0_cx,m0_cy,m0_px,m0_py,mp_lin_x,mp_lin_y,mp_lout_x,mp_lout_y,mp_rin_x,mp_rin_y,mp_rout_x,mp_rout_y,n_landmarks,nose_x,nose_y,pass,pitch,px_raw,py_raw,reye_h,reye_open,reye_v,reye_vlid,reye_width_px,roll,target_x,tx,ty,tz,yaw
0.9939638376235962,-0.04682696610689163,0.09921276569366455,0.02470429614186287,0.9766395092010498,0.21345938742160797,-0.10689076036214828,-0.2097199261188507,0.9719011783599854,0.9999999403953552,0.1018109917640686,0.08325096219778061,0.6428025960922241,0.6125770807266235,0.06730802357196808,0.08201725780963898,0.06319966167211533,0.055360399186611176,0.008618324995040894,0.004525734577327967,0.17725218832492828,0.07560549676418304,1,0.09043819918739529,1,0.4814930937424532,0.32708958941328237,-0.026799843774310772,0.5107245910833,47.79134568680489,0.487386018037796,0.4317158907651901,0.6120209991931915,0.3989765793085098,816.6221618652344,288.085298538208,864.3907165527344,286.609525680542,751.9232177734375,289.69528913497925,699.6763610839844,290.2972197532654,478,0.6246349811553955,0.4672606885433197,0,-12.176763534545898,0.33544311695188334,0.6750434388528493,0.49683293570530135,0.30945029887075237,-0.02701810458196844,0.498180359858205,52.250323965521815,1.4237544536590576,0.08,7.688625812530518,0.8792464733123779,-35.78084945678711,6.136111736297607
0.9946026802062988,-0.03857908025383949,0.09631805866956711,0.015534348785877228,0.9732091426849365,0.22939632833003998,-0.10258752107620239,-0.22666196525096893,0.9685556888580322,0.9999998211860657,0.11891627311706543,0.08286573737859726,0.6924071311950684,0.6740487813949585,0.06256740540266037,0.10087716579437256,0.08178120851516724,0.04073524847626686,0.0055654761381447315,0.003699318505823612,0.09706030040979385,0.06924957782030106,1,0.08972990311099757,1,0.4759121758620629,0.34922980404195575,-0.017354307480811244,0.5030003371350577,47.89752040001166,0.48974785804748533,0.4327741414308548,0.6147227644920349,0.40064193308353424,819.3193054199219,289.6858263015747,867.1937561035156,288.1994104385376,755.7584381103516,289.99831438064575,702.8108215332031,290.4314374923706,478,0.6249749064445496,0.46786779165267944,0,-13.171359062194824,0.30367534750571457,0.6777613935422866,0.5048855750131057,0.31787342937219465,-0.02396757010099474,0.4848392094371281,52.94938806951911,0.8948097825050354,0.08,7.7404351234436035,0.7379747629165649,-35.454071044921875,5.888190269470215
0.9947583675384521,-0.027426784858107567,0.09850671142339706,0.004666677676141262,0.9745301008224487,0.22420819103717804,-0.10214707255363464,-0.22257328033447266,0.9695499539375305,0.9999995827674866,0.1036093458533287,0.09398889541625977,0.6911745667457581,0.6759442090988159,0.06387265771627426,0.09858661144971848,0.07975693047046661,0.041776496917009354,0.005267629399895668,0.0039328900165855885,0.09811265021562576,0.10232463479042053,1,0.09031258897378154,1,0.4774840349644156,0.35791087578830233,-0.02010571421599003,0.529688595734461,48.57757469220485,0.49039289355278015,0.42950132489204407,0.6155252158641815,0.4051324129104614,820.4724884033203,294.0864944458008,869.0052032470703,291.999306678772,756.0924530029297,293.18872690200806,703.1260681152344,292.8040552139282,478,0.6251323223114014,0.47563108801841736,0,-12.929008483886719,0.27947744860285995,0.6539857420226213,0.5107705156550483,0.31214186425950097,-0.028791615919683006,0.5087476809008636,52.96778172139195,0.26878786087036133,0.08,7.708014011383057,0.5345809459686279,-35.26674270629883,5.862821578979492
0.9953258633613586,-0.026576953008770943,0.09284421801567078,0.006238564383238554,0.9770735502243042,0.21281057596206665,-0.09637149423360825,-0.21123667061328888,0.9726723432540894,1.0000001192092896,0.6240758895874023,0.584791898727417,0.8778741359710693,0.8568757772445679,0.11347638815641403,0.13022580742835999,0.052956510335206985,0.036599382758140564,0.0023254742845892906,0.0008846775162965059,0.23395879566669464,0.1888526976108551,1,0.08722840465174285,1,0.5260591150331251,0.15220916500655732,0.013689201482140534,0.4178850778934931,48.215278617878816,0.48974141478538513,0.43506459295749667,0.6123315989971161,0.420185187458992,816.9005584716797,300.6524991989136,865.0891876220703,302.25534439086914,752.5292205810547,300.7168507575989,698.3599090576172,303.70800733566284,478,0.622590184211731,0.48512059450149536,0,-12.252744674682617,0.30746028277737164,0.5933552349047759,0.5472535782798532,0.11533292789985052,0.022460551886034772,0.3572471950826104,54.251832491688404,0.3591172695159912,0.08,7.606454372406006,0.20730777084827423,-35.58306884765625,5.530262470245361
0.99497389793396,-0.03594565391540527,0.09345968067646027,0.016760526224970818,0.9799632430076599,0.19847199320793152,-0.09872126579284668,-0.1959080696105957,0.9756403565406799,1.0000003576278687,0.6586763858795166,0.590114176273346,0.9072683453559875,0.895986020565033,0.11384428292512894,0.07836680859327316,0.044210974127054214,0.0726080909371376,0.0014950367622077465,0.0007187147857621312,0.22350189089775085,0.20733875036239624,1,0.09165815298356579,1,0.5261804209848114,0.1341804235810452,0.03367259045435038,0.4669894888051987,50.42232356387169,0.4883223116397858,0.4354825228452682,0.6075039446353913,0.4236220926046371,812.5309753417969,302.2921657562256,862.9344177246094,303.67191553115845,745.3266906738281,302.28461265563965,689.6831512451172,305.6033420562744,478,0.6191816329956055,0.4881395697593689,0,-11.35396957397461,0.33544311695188334,0.6183752283280939,0.5257657258028003,0.10112606972106142,0.03328235362006703,0.3811566084710975,55.74242051705892,0.9650670289993286,0.08,7.3208537101745605,0.19493649899959564,-35.52174758911133,5.665539741516113
0.9935393333435059,-0.03510771319270134,0.10792108625173569,0.014430996030569077,0.9823108315467834,0.18670061230659485,-0.11256667226552963,-0.18393690884113312,0.9764711260795593,1.000000238418579,0.5126731395721436,0.47171568870544434,0.8321794867515564,0.8149303197860718,0.2128133922815323,0.04282636195421219,0.015141070820391178,0.16591760516166687,0.0030538991559296846,0.0014645821647718549,0.17807765305042267,0.18964983522891998,1,0.08807177473537119,1,0.5378504368194772,0.2036288564374624,0.0054909754594724,0.4145413620142002,46.65148823755834,0.4859947919845581,0.43209039568901064,0.603402054309845,0.42027276158332827,807.2454833984375,302.06658124923706,853.8961029052734,301.7818808555603,742.9723358154297,302.0414328575134,690.4373168945312,303.5606360435486,478,0.6174072623252869,0.4881823658943176,0,-10.667747497558594,0.41324540916444,0.7176980916420524,0.4878550671520829,0.1514877558244092,0.008655008771308101,0.37653394319989103,52.556980425484205,0.8321532011032104,0.08,7.136818885803223,0.2673831582069397,-35.77661895751953,6.463293552398682
0.993148922920227,-0.060890182852745056,0.09973841905593872,0.04493747279047966,0.9868876338005066,0.15502721071243286,-0.10787024348974228,-0.1494830697774887,0.9828625321388245,0.9999995827674866,0.20089708268642426,0.21557585895061493,0.7219375371932983,0.6942077279090881,0.1923457831144333,0.03004271164536476,0.018714211881160736,0.18930399417877197,0.005894490983337164,0.0027080571744590998,0.17270277440547943,0.11625560373067856,1,0.08977555030784905,1,0.5146112626271613,0.30545626954586097,-0.012026244593183822,0.47912945919302274,48.57478495372297,0.48610224127769475,0.4270884692668915,0.5992484271526337,0.4140491485595703,801.0664367675781,298.1769919395447,849.4874572753906,294.31506156921387,738.3589172363281,300.31346797943115,685.1314544677734,301.6392731666565,478,0.613146185874939,0.48696067929267883,0,-8.64781379699707,0.42861430623803476,0.6862801468160726,0.46207536039369335,0.26603793655578584,-0.0059779375640320286,0.480906201491929,53.24397198067436,2.590721845626831,0.08,6.854311466217041,0.5229642391204834,-35.60737228393555,6.192558765411377
0.9943115711212158,-0.0672905370593071,0.08256204426288605,0.054503947496414185,0.987427294254303,0.1483808010816574,-0.09150863438844681,-0.14303678274154663,0.985477864742279,1.0000003576278687,0.15618860721588135,0.23123350739479065,0.7034569978713989,0.6750705242156982,0.04893168434500694,0.13975931704044342,0.12198223918676376,0.022481542080640793,0.006411993410438299,0.0026587045285850763,0.19369888305664062,0.15603359043598175,1,0.09097971371739562,1,0.47958112738734837,0.3160671034346132,-0.006630186172060535,0.509189521968113,48.738929526195705,0.4899487257003784,0.4229558318853378,0.5968534111976623,0.4123976737260818,796.9884490966797,296.156644821167,845.5192565917969,291.6573143005371,731.0445404052734,299.9985337257385,678.7358093261719,301.5561890602112,478,0.6069046854972839,0.489441841840744,0,-8.258501052856445,0.449194328349121,0.6788291279973783,0.5208488113554912,0.26531276206271726,-0.0037167440064654112,0.49721165625856456,52.331917959801935,3.1375715732574463,0.08,6.537531852722168,0.5599013566970825,-35.406246185302734,5.25040340423584
0.9937244057655334,-0.07325991988182068,0.08452653139829636,0.06502220779657364,0.9932160377502441,0.09640485048294067,-0.09101571887731552,-0.09030375629663467,0.9917466044425964,0.9999998211860657,0.09796274453401566,0.07699795812368393,0.4614000916481018,0.4391711950302124,0.05986575782299042,0.0883028581738472,0.07147971540689468,0.04005986079573631,0.015287377871572971,0.011746029369533062,0.21666696667671204,0.17755399644374847,1,0.08995839592860679,1,0.4695198391127851,0.35034875510432495,-0.03466673743497615,0.4883496000201332,50.0342657654828,0.48905836343765263,0.40877860188484194,0.5953986525535584,0.4205917060375214,793.6285400390625,304.69207763671875,843.2360076904297,298.17081212997437,731.2071990966797,308.0311918258667,678.2709503173828,308.56201171875,478,0.6063402891159058,0.5118131041526794,0,-5.202735424041748,0.449194328349121,0.5567333060927125,0.5009805070830495,0.31481882852235227,-0.037990450056007326,0.46660630146600957,52.93891011995022,3.7436883449554443,0.08,6.479499340057373,0.2332523912191391,-35.45314407348633,5.222043037414551
0.9922409653663635,-0.07355471700429916,0.10023752599954605,0.0653548389673233,0.9944233298301697,0.0827711820602417,-0.10576673597097397,-0.07557795196771622,0.9915146827697754,1.0000003576278687,0.17401158809661865,0.1691848337650299,0.4647950530052185,0.4331008493900299,0.09458080679178238,0.07290758937597275,0.04813136160373688,0.05152386054396629,0.016980867832899094,0.010089825838804245,0.29332825541496277,0.25224044919013977,1,0.0884306060524502,1,0.49191361670592787,0.31100869656925895,-0.03851936063709975,0.4679719720951638,48.151947581576984,0.4878151774406433,0.4090533345937729,0.595094358921051,0.4294655412435532,794.2727661132812,310.7456946372986,842.0875549316406,305.0574588775635,731.3362884521484,314.05794382095337,679.229736328125,315.28783321380615,478,0.6072791814804077,0.5204122066497803,0,-4.358926773071289,0.449194328349121,0.5914217526819745,0.5021774989291635,0.2835259533250047,-0.04011490928061518,0.45392039557986785,52.121064861305975,3.7683944702148438,0.08,6.441534042358398,-0.06473240256309509,-35.46460723876953,6.071342945098877
0.992976188659668,-0.06156525760889053,0.10103493928909302,0.05420118570327759,0.9957782030105591,0.07408171892166138,-0.10516924411058426,-0.06808512657880783,0.9921209216117859,0.9999995827674866,0.13514818251132965,0.1550312489271164,0.5220557451248169,0.481469988822937,0.08905793726444244,0.08606020361185074,0.05722254514694214,0.04091415926814079,0.014737141318619251,0.007457766681909561,0.30535876750946045,0.20092077553272247,1,0.0882355785043809,1,0.4893918910074949,0.32028037292554373,-0.024405152993835832,0.49139288699543454,48.42128541896426,0.48889035582542417,0.4102310001850128,0.5938329756259918,0.4294885456562042,792.2340393066406,310.4254174232483,840.2845764160156,304.44488525390625,729.095458984375,313.8003444671631,677.1467590332031,314.11620140075684,478,0.6049426198005676,0.5192575454711914,0,-3.9258153438568115,0.449194328349121,0.6639304937388741,0.5142851698360956,0.2960681605647863,-0.029178919133783867,0.46716555310575586,51.94966017524352,3.1243653297424316,0.08,6.277848720550537,0.0027693971060216427,-35.44182205200195,6.036917209625244
0.9932146072387695,-0.06234459951519966,0.09817317128181458,0.05602225288748741,0.9962528347969055,0.06589247286319733,-0.10191334038972855,-0.0599454790353775,0.9929854273796082,1.0000001192092896,0.11629826575517654,0.10363198071718216,0.4907761812210083,0.4502306282520294,0.05467973276972771,0.12109939008951187,0.10949043929576874,0.022640332579612732,0.014992866665124893,0.009339802898466587,0.3021605908870697,0.21684667468070984,1,0.08970017886113996,1,0.473598612419225,0.3398149434352474,-0.02145863556062064,0.5189285481781134,48.30212569904299,0.48987865447998047,0.4058579206466675,0.5908747911453247,0.43440496921539307,788.7757110595703,314.6054148674011,836.6030883789062,307.84987449645996,723.599853515625,317.6263117790222,671.2358856201172,317.35562324523926,478,0.6009961366653442,0.5285470485687256,0,-3.4546926021575928,0.42773141214234744,0.6741968501496691,0.5325183922140443,0.3087237900808946,-0.03485489602682929,0.4789233868153599,52.364667535933265,3.228346586227417,0.08,5.9895782470703125,-0.2276880294084549,-35.2390022277832,5.849359512329102
0.9926774501800537,-0.0831863060593605,0.08758775889873505,0.0786648541688919,0.9954444169998169,0.05387171730399132,-0.09167014807462692,-0.046587180346250534,0.9946990013122559,1.0000004768371582,0.11596295982599258,0.07493150979280472,0.4980778694152832,0.4951287508010864,0.05507325008511543,0.21314162015914917,0.12885400652885437,0.009436971507966518,0.015582104213535786,0.006455682683736086,0.30364179611206055,0.1273137778043747,1,0.08711959679564593,1,0.4687609710212729,0.34171540132704237,-0.02353331333706924,0.5072597558063042,48.22157885738873,0.4890201568603516,0.40866491198539734,0.5860085368156434,0.43474826216697693,780.6618499755859,313.8008165359497,828.3763122558594,306.825807094574,717.5955200195312,318.4873867034912,665.9393310546875,319.12506580352783,478,0.5969883799552917,0.5260833501815796,0,-2.681514263153076,0.41286789242917465,0.7182789688120741,0.5559306357260879,0.3358682357486638,-0.03013137529559432,0.4908120066405917,51.66012478797926,4.530942916870117,0.08,5.78205680847168,-0.16397318243980408,-35.459346771240234,5.2596964836120605
0.9928854703903198,-0.08780781924724579,0.08042572438716888,0.08436757326126099,0.9954078793525696,0.045225098729133606,-0.08402751386165619,-0.038118019700050354,0.9957340955734253,0.9999998211860657,0.10202890634536743,0.08690088987350464,0.46965712308883667,0.43627381324768066,0.049559399485588074,0.15309299528598785,0.13170920312404633,0.015092384070158005,0.017069723457098007,0.009477374143898487,0.31043076515197754,0.16570843756198883,1,0.0890709891631762,1,0.46748447739296434,0.34170596323911545,-0.02676313826206578,0.5095507613874976,48.80216866330568,0.48909258246421816,0.40577884912490847,0.5854834258556366,0.4358530879020691,780.9620666503906,314.8964238166809,829.1184997558594,306.9837999343872,716.9928741455078,319.8022699356079,664.8668670654297,320.58538913726807,478,0.5963908433914185,0.5300742387771606,0,-2.1922876834869385,0.41982133488929657,0.6524035257760937,0.5352261697300613,0.32203756283254403,-0.03394564313961304,0.4861117651335811,52.1318893758957,4.856875896453857,0.08,5.795685291290283,-0.1691647469997406,-35.4721794128418,4.820105075836182
0.9930737018585205,-0.0872284397482872,0.07871364057064056,0.08389293402433395,0.9954700469970703,0.04473729059100151,-0.08225943148136139,-0.037823911756277084,0.9958929419517517,0.9999997615814209,0.1221856102347374,0.1029590293765068,0.4575756788253784,0.44150593876838684,0.06780538707971573,0.13112148642539978,0.08897772431373596,0.020643126219511032,0.01587490923702717,0.00990145280957222,0.30290597677230835,0.2210814207792282,1,0.08848801724736785,1,0.479020508156524,0.32767462238192196,-0.02614201645416138,0.4907754930356104,49.33350869335318,0.4887744009494781,0.4056410759687424,0.5861115276813507,0.43528991639614106,781.6423034667969,314.4834494590759,830.3713226318359,306.7842435836792,718.2552337646484,319.12017345428467,666.3216400146484,319.90264892578125,478,0.5973371267318726,0.5296488404273987,0,-2.175042152404785,0.41982133488929657,0.6423659846661393,0.5313184911597401,0.31183438002929564,-0.03272427603803185,0.4753633375368406,51.93948813530425,4.828770637512207,0.08,5.851771831512451,-0.16419367492198944,-35.429725646972656,4.718449592590332
0.992698073387146,-0.08775938302278519,0.08275754004716873,0.08481870591640472,0.9956557750701904,0.03841063007712364,-0.0857689157128334,-0.031110769137740135,0.995829164981842,0.9999999403953552,0.11757754534482956,0.11728750914335251,0.40584203600883484,0.39043086767196655,0.06042707338929176,0.13235130906105042,0.09504380077123642,0.019281238317489624,0.019853170961141586,0.013028115034103394,0.33541011810302734,0.2605215609073639,1,0.08874254290806677,1,0.47492232192818407,0.32749229356913045,-0.03138284115568123,0.4922997080939177,49.24731488955896,0.48847741484642027,0.4038585424423218,0.586626535654068,0.435089647769928,782.3467254638672,314.61721658706665,831.0047912597656,307.0217800140381,718.7763214111328,319.296019077301,666.9309234619141,320.02920627593994,478,0.5981491208076477,0.5312311053276062,0,-1.7893993854522705,0.417367486543856,0.6422877616467935,0.5300968872455689,0.3086383522061815,-0.03946704625252575,0.4708624058324934,51.8505819840511,4.883639335632324,0.08,5.863311290740967,-0.1751514971256256,-35.3504638671875,4.920241832733154
0.9936373233795166,-0.08408873528242111,0.07492613792419434,0.0805952176451683,0.9955665469169617,0.048494335263967514,-0.07867178320884705,-0.04214709624648094,0.9960092306137085,0.9999998211860657,0.13668614625930786,0.104341521859169,0.4606717824935913,0.41453200578689575,0.08180798590183258,0.06112996116280556,0.04982827231287956,0.06600718200206757,0.016838572919368744,0.011609087698161602,0.2979835569858551,0.1750337779521942,1,0.08980554856517754,1,0.48363769205076557,0.3246476962370393,-0.034002235902773,0.4764819459737917,48.31865389109505,0.4878964126110077,0.40558943152427673,0.5813765227794647,0.43638375401496887,777.1269226074219,315.22223711013794,824.9830627441406,308.55274200439453,713.4251403808594,319.80132579803467,662.0671081542969,320.86026191711426,478,0.593480110168457,0.5307943224906921,0,-2.4230806827545166,0.4202388648689292,0.6782907700602071,0.4854295300295623,0.3163006104826154,-0.03744626436311437,0.4604282305491779,51.36894801328582,4.63718318939209,0.3,5.666473388671875,-0.21408148109912872,-35.76654815673828,4.512223720550537
0.9922142028808594,-0.08939054608345032,0.08671967685222626,0.08633019775152206,0.9955251216888428,0.03842799365520477,-0.0897667333483696,-0.03064228780567646,0.9954913258552551,1.0,0.10759737342596054,0.10219492763280869,0.4258936047554016,0.37785983085632324,0.11682581156492233,0.046813756227493286,0.03093709610402584,0.09206985682249069,0.020391136407852173,0.012048528529703617,0.29174911975860596,0.15563812851905823,1,0.08848262842166774,1,0.5003952475845255,0.34383718391097257,-0.03926205414449346,0.4653087055764074,48.25902405883416,0.48679316639900205,0.40506513714790343,0.5809214174747467,0.4357314884662628,776.5456390380859,314.53896045684814,824.3061065673828,307.62006282806396,713.61328125,319.73787546157837,662.1170043945312,320.8878993988037,478,0.5941282510757446,0.5306663513183594,0,-1.763068675994873,0.4202388648689292,0.5957868465099461,0.4889178258399369,0.3203463805999492,-0.03733965270395039,0.4594002043517826,51.50911652449783,4.972646236419678,0.3,5.650031089782715,-0.1569015383720398,-35.805423736572266,5.1501874923706055
0.9935998916625977,-0.08796527981758118,0.07086165249347687,0.0843682736158371,0.9950635433197021,0.05225302651524544,-0.07510828226804733,-0.04594013839960098,0.996116578578949,0.9999997019767761,0.0917782187461853,0.09390976279973984,0.41180700063705444,0.3645523190498352,0.0992225781083107,0.053856540471315384,0.03864019364118576,0.07441196590662003,0.020611489191651344,0.01311100646853447,0.2718447148799896,0.1578967124223709,1,0.08889810655283895,1,0.49642907481266807,0.34908101178543194,-0.04114591126240724,0.46788355602940557,48.943654720764336,0.4882300972938538,0.40594032406806946,0.5811053395271302,0.43621841073036194,776.5657043457031,315.1889991760254,824.9601745605469,307.8775978088379,713.5365295410156,320.2698755264282,661.8173980712891,321.42919063568115,478,0.5928752422332764,0.5302780866622925,0,-2.64056658744812,0.4242261138559923,0.5913310751150848,0.4921117605796147,0.32524858675082424,-0.04041477933056435,0.4618642486217153,51.73212320801135,4.853440761566162,0.3,5.706302642822266,-0.21523799002170563,-35.90461730957031,4.307443618774414
0.9931721687316895,-0.0855691134929657,0.07929079979658127,0.08185800164937973,0.9954419732093811,0.048933789134025574,-0.08311662822961807,-0.04210909456014633,0.9956497550010681,1.000000238418579,0.08529762178659439,0.08045795559883118,0.45269912481307983,0.4081965684890747,0.10653481632471085,0.06030069291591644,0.038493767380714417,0.06530195474624634,0.017183616757392883,0.01094732340425253,0.2908327579498291,0.15530544519424438,1,0.08809318567077415,1,0.4983757457582195,0.35019064764684005,-0.02923000354354544,0.49793740347035825,48.85924383067986,0.48739773631095884,0.4061217725276947,0.5814818799495697,0.437034410238266,776.6462707519531,315.72662115097046,824.9169921875,308.16598892211914,714.3199920654297,320.3565001487732,662.1516418457031,321.41653060913086,478,0.5940841436386108,0.5309126377105713,0,-2.42177152633667,0.4442217264776782,0.6798039646176179,0.49998245484826065,0.3251214181702537,-0.03695853006540347,0.4707648588933324,52.17911870977976,4.711711406707764,0.3,5.665679931640625,-0.22781282663345337,-35.74114227294922,4.7677321434021
0.9926451444625854,-0.08665008097887039,0.0845421627163887,0.08214258402585983,0.9950785636901855,0.05541849881410599,-0.08892811089754105,-0.04806637763977051,0.9948775768280029,0.9999997615814209,0.06219855323433876,0.06158369034528732,0.45034101605415344,0.40811097621917725,0.10896192491054535,0.057907357811927795,0.036892879754304886,0.06950730085372925,0.017360778525471687,0.010768097825348377,0.27786773443222046,0.14601674675941467,1,0.08812212393791269,1,0.4968427253143062,0.3598485174786483,-0.02926702436178447,0.5106049562823564,48.87687114062488,0.4871189951896667,0.4063023805618286,0.5815011620521545,0.43783246278762816,776.6315460205078,316.3852000236511,824.8753356933594,308.5439443588257,714.2258453369141,321.13213062286377,662.1479797363281,321.62582874298096,478,0.5943821668624878,0.5315300822257996,0,-2.7660293579101562,0.4472860010900747,0.6507285737773868,0.5007051653551,0.3327518306823704,-0.03397347530229809,0.4956825711029863,52.080205677883605,4.73051643371582,0.3,5.685719013214111,-0.26527607440948486,-35.86567687988281,5.101944923400879
0.9921789169311523,-0.08483376353979111,0.09156493842601776,0.078366219997406,0.9943167567253113,0.07206171005964279,-0.0971578061580658,-0.06432252377271652,0.9931883215904236,0.9999999403953552,0.062096189707517624,0.05327877029776573,0.45145922899246216,0.41069215536117554,0.11453070491552353,0.051321450620889664,0.034181322902441025,0.08398214727640152,0.01767537370324135,0.010731522925198078,0.2827579081058502,0.1286233812570572,1,0.08825250338560467,1,0.49675509828753306,0.3603593330451772,-0.029201185307272785,0.5094968704263849,48.84002031218546,0.48690420389175415,0.4058822602033615,0.5814420580863953,0.4376720398664474,776.6719818115234,316.4394450187683,824.8586273193359,308.47736120224,714.3024444580078,321.10241174697876,662.3300933837891,321.11047983169556,478,0.5945378541946411,0.5317897796630859,0,-3.705510139465332,0.4442217264776782,0.6576238486609807,0.49460447827483317,0.33761348839186167,-0.03315241154816908,0.4973268670646445,51.97235170145548,4.516071796417236,0.3,5.691705703735352,-0.31615135073661804,-35.957908630371094,5.575527667999268
0.9937560558319092,-0.08111637830734253,0.07661035656929016,0.07698658108711243,0.9954913854598999,0.05540728569030762,-0.08075936138629913,-0.04916335642337799,0.9955204129219055,1.0000004768371582,0.09044531732797623,0.06600169837474823,0.4822787344455719,0.4388366639614105,0.11014895886182785,0.04864361509680748,0.03518841415643692,0.09099876135587692,0.01559680700302124,0.009928724728524685,0.3090364634990692,0.1413397639989853,1,0.08884173574918178,1,0.49973306180141985,0.3428324004309187,-0.025818716779352793,0.5068062427424568,48.67005643457572,0.48817335367202763,0.4068607836961746,0.5809589505195618,0.4379890710115433,776.6050720214844,316.5319275856018,824.6830749511719,308.9635705947876,713.5652160644531,320.93660831451416,662.1382141113281,321.109836101532,478,0.5927855968475342,0.5311282873153687,0,-2.827230930328369,0.4442217264776782,0.6483529537461103,0.48387090187832116,0.32937361285767036,-0.032131518291192776,0.49313487232279396,51.42729370534455,4.429872989654541,0.3,5.676368713378906,-0.2623656988143921,-35.9040412902832,4.6322150230407715
0.9935584664344788,-0.08148430287837982,0.07875237613916397,0.07691460847854614,0.9952656030654907,0.059418950229883194,-0.08322123438119888,-0.052978988736867905,0.9951217770576477,1.0000001192092896,0.09420814365148544,0.07058661431074142,0.4757954776287079,0.4422382116317749,0.11118507385253906,0.050204016268253326,0.03493570163846016,0.08816234767436981,0.015930959954857826,0.009996388107538223,0.3151499629020691,0.14315076172351837,1,0.08891305885898251,1,0.5005294168003638,0.34234303026901,-0.025997381930056268,0.5055267038270066,48.400712864612764,0.48791220784187317,0.40700343549251555,0.5808152258396149,0.4379239410161972,776.6109466552734,316.2516689300537,824.4570922851562,308.94582509994507,713.3115386962891,320.8773422241211,661.8013763427734,321.2981915473938,478,0.5929030179977417,0.5309205055236816,0,-3.047475576400757,0.4123194862469885,0.6619043908883626,0.4854921435663983,0.32758831233351277,-0.03262465782174309,0.49231257013537855,51.51188154146052,4.426624774932861,0.3,5.664155006408691,-0.27634862065315247,-35.913421630859375,4.773746490478516
0.994770348072052,-0.08207548409700394,0.06079056113958359,0.07967822253704071,0.9959826469421387,0.0408652201294899,-0.06390037387609482,-0.035807814449071884,0.9973136782646179,1.0000005960464478,0.11022019386291504,0.09072047472000122,0.4430276155471802,0.3941439688205719,0.09002488106489182,0.062082815915346146,0.04721057787537575,0.06159026175737381,0.02066899463534355,0.01094078365713358,0.36361661553382874,0.14094415307044983,1,0.08915094098326837,1,0.4948213238285652,0.3286403697809213,-0.036560755237777416,0.47620210483276426,48.10851900749156,0.48856150507926943,0.4061321586370468,0.5802178323268891,0.4370140999555588,775.9376525878906,315.7183599472046,823.4592437744141,308.2264995574951,711.7604827880859,320.863094329834,661.1037445068359,321.3508701324463,478,0.5916563272476196,0.530881941318512,0,-2.056279420852661,0.4123194862469885,0.6762769230880731,0.49019577389118735,0.32607252010141335,-0.03664850127267283,0.478361333570406,50.65908663438368,4.57944917678833,0.3,5.64944314956665,-0.21593347191810608,-35.85677719116211,3.66371750831604
0.9948211908340454,-0.08137720078229904,0.06089848652482033,0.07801003754138947,0.9953916072845459,0.055767204612493515,-0.06515602767467499,-0.05072770640254021,0.9965848326683044,1.000000238418579,0.11196722835302353,0.06350087374448776,0.464247465133667,0.42619654536247253,0.07863440364599228,0.07076322287321091,0.05525936186313629,0.05411476641893387,0.01593182608485222,0.010892418213188648,0.2991175055503845,0.12463320046663284,1,0.08939300909238031,1,0.4860274644285895,0.33556842310518514,-0.03194198939780025,0.4795726965476287,48.635139997534736,0.4895984888076782,0.40834093689918516,0.5800678491592407,0.4365853726863861,775.1948547363281,315.71842432022095,823.2810974121094,308.43212842941284,711.5751647949219,319.970862865448,660.3093719482422,320.47119140625,478,0.5904693603515625,0.5282444357872009,0,-2.913928747177124,0.4123194862469885,0.7358843472665323,0.49232774988828315,0.33987952487023093,-0.03570101022380711,0.4794534262654207,51.26823426791634,4.483738422393799,0.3,5.627521991729736,-0.2352515459060669,-35.89078903198242,3.735811471939087
0.9948514103889465,-0.07319269329309464,0.0700964406132698,0.07047595828771591,0.9966918230056763,0.04047929495573044,-0.07282733172178268,-0.035330768674612045,0.9967186450958252,1.0000003576278687,0.0837007611989975,0.06340440362691879,0.41302764415740967,0.3735046088695526,0.09696166962385178,0.0657244399189949,0.04503617808222771,0.059328921139240265,0.022263595834374428,0.011894655413925648,0.360028475522995,0.11135099083185196,1,0.08880108278475404,1,0.493825948251149,0.3469629309631363,-0.03478738238622204,0.48986117350217245,48.71350721727362,0.48944588303565983,0.4038447141647339,0.5800291478633881,0.43650007247924805,775.1278686523438,315.7582926750183,823.2855987548828,308.42079877853394,711.6182708740234,320.22629499435425,660.1214599609375,320.1956105232239,478,0.5905832648277283,0.5326553583145142,0,-2.030118227005005,0.45820057803728276,0.6327074893407302,0.49986065900344917,0.34279009265697685,-0.036182709325552724,0.4841723038904367,51.49682005578489,4.052103042602539,0.3,5.564300537109375,-0.21027043461799622,-35.79526901245117,4.176395893096924
0.9946877956390381,-0.07514027506113052,0.07035686075687408,0.07248906791210175,0.9965863227844238,0.039509739726781845,-0.0730854868888855,-0.0341997891664505,0.9967390894889832,0.9999997615814209,0.0973249152302742,0.06721987575292587,0.4668149948120117,0.4244363009929657,0.09314035624265671,0.06666616350412369,0.04659586772322655,0.05664278194308281,0.017772361636161804,0.009724650532007217,0.38272613286972046,0.12530821561813354,1,0.0884740669262895,1,0.4901672954972079,0.3290547389082666,-0.02221776238902522,0.5045398329035543,49.54647097042318,0.4892421901226044,0.40430834591388704,0.5793414056301117,0.43613519966602327,773.3014678955078,314.7881269454956,822.3594665527344,307.8479862213135,711.3018035888672,319.180748462677,659.2797088623047,319.8864483833313,478,0.5900992155075073,0.5318268537521362,0,-1.9651433229446411,0.4590163946127006,0.6517466465930297,0.49839395744166504,0.3331758242227104,-0.028530220822963106,0.48974578090558224,52.0268810541388,4.168129920959473,0.3,5.511074542999268,-0.17750996351242065,-35.77928924560547,4.191226482391357
0.9943772554397583,-0.08185596019029617,0.06718283891677856,0.07949512451887131,0.9961448311805725,0.03709651529788971,-0.06996040046215057,-0.031547222286462784,0.9970508217811584,0.9999999403953552,0.11006195843219757,0.10026414692401886,0.5038737058639526,0.45550841093063354,0.08217207342386246,0.0647960975766182,0.05193063244223595,0.05541808530688286,0.015575048513710499,0.008284795098006725,0.3589056432247162,0.15856170654296875,1,0.08879661144029208,1,0.4839348556717162,0.31904083629213376,-0.021074467450911086,0.49272248519826817,49.49384019301424,0.48887995481491087,0.405048143863678,0.579046881198883,0.43667120933532716,772.8209686279297,314.7524428367615,821.8380737304688,307.8994417190552,710.8735656738281,319.2620301246643,658.8316345214844,320.68347215652466,478,0.5901669263839722,0.5316230654716492,0,-1.8122644424438477,0.4590163946127006,0.7200398486940621,0.496503672972941,0.3113687623174663,-0.023244513468104827,0.4758565949878934,52.061339740918584,4.5707688331604,0.3,5.539669513702393,-0.15897762775421143,-35.89097213745117,4.011712551116943
0.9941763281822205,-0.07779944688081741,0.07457000017166138,0.07427168637514114,0.9960348606109619,0.04897180572152138,-0.0780843049287796,-0.04314811900258064,0.9960125684738159,1.0000004768371582,0.08921904861927032,0.05814254656434059,0.4907985329627991,0.4279201328754425,0.07702222466468811,0.06108760088682175,0.04933198541402817,0.06669498234987259,0.01631685346364975,0.009646987542510033,0.36163249611854553,0.11585385352373123,1,0.0892231289887968,1,0.47760415243626686,0.3343641637233325,-0.0228193888641627,0.5046559064772114,49.32512631838603,0.48893594145774844,0.40476380884647367,0.5791481077671051,0.43632101118564603,773.0506134033203,315.0140333175659,821.8604278564453,307.90276765823364,710.8894348144531,319.2531681060791,658.8547515869141,319.94672298431396,478,0.5902121663093567,0.5315572023391724,0,-2.480551242828369,0.45820057803728276,0.7164990306520902,0.4925557797279404,0.33488449990610303,-0.025776832288361896,0.4960205461203061,52.039305117031844,4.272444725036621,0.3,5.526702880859375,-0.18859364092350006,-35.961151123046875,4.47845983505249
0.9946562051773071,-0.07873581349849701,0.0667804405093193,0.07622181624174118,0.9963122606277466,0.03939694166183472,-0.06963612139225006,-0.03409629315137863,0.9969896674156189,1.0,0.09458406269550323,0.060548797249794006,0.484761506319046,0.42819932103157043,0.10442154854536057,0.05880214646458626,0.038701314479112625,0.06871700286865234,0.016757464036345482,0.009223559871315956,0.3411044180393219,0.1159154623746872,1,0.08824909164594599,1,0.49468712605039283,0.3403354869966954,-0.02661254274126627,0.4970663604779665,48.80718744736263,0.48898178339004517,0.4064229875802994,0.5786528587341309,0.4362986236810684,772.9258728027344,315.11574268341064,821.1973571777344,307.904269695282,710.3977966308594,319.3816137313843,658.9213562011719,319.955198764801,478,0.5896710753440857,0.529875636100769,0,-1.9587087631225586,0.4531475644783616,0.7070691892682973,0.4963377148492334,0.3375512838693968,-0.02766822033287161,0.4945308442524367,51.479635966124356,4.382086277008057,0.3,5.526617050170898,-0.15349768102169037,-35.91648483276367,3.99308705329895
0.9955914616584778,-0.07346239686012268,0.058317191898822784,0.07010715454816818,0.9958730340003967,0.05763543024659157,-0.06231055036187172,-0.0532928965985775,0.9966329336166382,0.9999995827674866,0.09768647700548172,0.07312634587287903,0.4873114824295044,0.44041162729263306,0.0853661596775055,0.07552303373813629,0.05615028738975525,0.0455695316195488,0.01558727491647005,0.009285200387239456,0.3194196820259094,0.15551775693893433,1,0.08864740080785938,1,0.4895763201368186,0.3377316930963632,-0.026645479953559866,0.504102477109208,48.82103193335957,0.4906588733196259,0.408523878455162,0.5786278188228607,0.43593349158763883,772.8868865966797,315.1004648208618,821.2232971191406,308.23864459991455,709.556884765625,318.91669034957886,658.2066345214844,319.44165229797363,478,0.5879689455032349,0.5274096131324768,0,-3.060858726501465,0.4531475644783616,0.7045916289136611,0.505342536411172,0.3236346817519066,-0.031368078307778664,0.49381862749262606,51.35293356066265,4.027981758117676,0.3,5.525214195251465,-0.17321884632110596,-36.0034065246582,3.5724456310272217
0.9958136677742004,-0.06934449821710587,0.05955187603831291,0.06599612534046173,0.9962210059165955,0.05646485835313797,-0.0632423534989357,-0.05229828134179115,0.9966269731521606,0.9999999403953552,0.09368472546339035,0.07894574105739594,0.4729039669036865,0.41716817021369934,0.10047828406095505,0.07036815583705902,0.04276527836918831,0.05341324582695961,0.017416678369045258,0.009497628547251225,0.34264838695526123,0.15505675971508026,1,0.08788637482390664,1,0.49902684531725633,0.3412283831303263,-0.028549941787024552,0.4974541871186911,48.414285946976875,0.490256416797638,0.40755155086517336,0.5782838344573975,0.4358319878578186,772.6222229003906,315.0546956062317,820.5494689941406,308.2047200202942,709.6635437011719,318.9271831512451,658.4712982177734,319.3844676017761,478,0.5880274176597595,0.5282804369926453,0,-3.003856897354126,0.4531475644783616,0.6858357507364226,0.5024009699670087,0.32550474207906144,-0.032453916596479795,0.48884054665936816,51.19428783373799,3.7916507720947266,0.3,5.497279167175293,-0.19690947234630585,-35.925865173339844,3.62593936920166
0.9972713589668274,-0.07191889733076096,0.016661735251545906,0.07097326219081879,0.9961372017860413,0.05170578509569168,-0.020315971225500107,-0.050382208079099655,0.9985232949256897,1.0000001192092896,0.0811074748635292,0.06586305052042007,0.48288750648498535,0.45045891404151917,0.06855068355798721,0.06187250837683678,0.05272259935736656,0.06815560162067413,0.012199866585433483,0.01051309797912836,0.21559832990169525,0.18121834099292755,1,0.09030785407446947,1,0.49459665556271903,0.34846613096162343,-0.028754777918526035,0.497763002251973,49.90301588114555,0.4929718911647797,0.40755211710929873,0.5719224154949188,0.4368315875530243,765.0331115722656,316.02546215057373,814.4950866699219,309.4054913520813,700.7968902587891,319.62475061416626,650.2304840087891,319.60155487060547,478,0.5789505243301392,0.5292794704437256,0,-2.888507127761841,0.44184307639542664,0.683684915941913,0.478745538882633,0.3334006581428032,-0.03327534476353062,0.48710073616610733,50.566411571157495,4.070731163024902,0.5,5.245586395263672,-0.22459296882152557,-36.12278366088867,1.1640993356704712
0.9973220229148865,-0.07095862925052643,0.017712492495775223,0.06985889375209808,0.9959579706192017,0.05645780265331268,-0.02164706401526928,-0.0550692044198513,0.9982478022575378,1.0000001192092896,0.07271786779165268,0.04880211874842644,0.4872666001319885,0.4471556544303894,0.08748067915439606,0.05874335393309593,0.04552268236875534,0.06484533846378326,0.013209382072091103,0.00973582360893488,0.24187396466732025,0.1543603539466858,1,0.08924250916323434,1,0.5055843466257463,0.3484724840343148,-0.028142586205001104,0.5059744489114507,50.17789099434912,0.4925097465515137,0.4077026337385178,0.5715019941329956,0.4374218672513962,764.2491912841797,316.4346385002136,813.9259338378906,309.36060190200806,701.2039947509766,320.145742893219,649.9835968017578,319.69882249832153,478,0.5789922475814819,0.5297192335128784,0,-3.1575706005096436,0.4972873848309796,0.6720259889094992,0.4802078204072986,0.33956689960770936,-0.027757251570479192,0.5026821495404933,51.2223477011563,4.00682258605957,0.5,5.220625400543213,-0.244210347533226,-36.14158630371094,1.240382194519043
0.9974485039710999,-0.06989755481481552,0.014513549394905567,0.06887625902891159,0.9957085847854614,0.06180939823389053,-0.018771592527627945,-0.06065201386809349,0.9979825019836426,0.999999463558197,0.059765350073575974,0.040943391621112823,0.4878876209259033,0.45435649156570435,0.08965134620666504,0.05168506130576134,0.039774779230356216,0.0810341164469719,0.012642834335565567,0.010420153848826885,0.20927557349205017,0.13665089011192322,1,0.08939303230084274,1,0.5020400475535897,0.35405031959068434,-0.02334090939437263,0.5040729481785536,50.902820733933545,0.4927822291851044,0.4076368480920792,0.5706042587757111,0.4378154546022415,762.5906372070312,316.4943766593933,813.04443359375,309.74814891815186,700.8306121826172,320.13550758361816,649.0861511230469,319.9723219871521,478,0.5778220295906067,0.5301786065101624,0,-3.477851629257202,0.4976408861562591,0.6356540138725065,0.4684435978095393,0.34348137597265,-0.027042262064148545,0.4998465089518451,51.744718377702775,3.9501430988311768,0.5,5.202179908752441,-0.26304081082344055,-36.24412536621094,1.0755960941314697
0.9977047443389893,-0.06703605502843857,0.009555247612297535,0.06667881458997726,0.9972026348114014,0.03377794101834297,-0.011792856268584728,-0.03306327760219574,0.9993836283683777,0.9999999403953552,0.06469419598579407,0.04776589572429657,0.48831501603126526,0.43849655985832214,0.09304628521203995,0.050879206508398056,0.03954470530152321,0.08257065713405609,0.01415765006095171,0.010011803358793259,0.2438795417547226,0.12652505934238434,1,0.08926512629818913,1,0.5050979109292341,0.35513674619507046,-0.025620527957750144,0.5035542626322836,50.25767184981219,0.4926843404769897,0.4074410408735275,0.5708101153373718,0.4377261012792587,763.2682037353516,316.4965009689331,813.0659484863281,309.71282958984375,700.8564758300781,320.17853021621704,650.2396392822266,319.9715495109558,478,0.5781257748603821,0.5302850604057312,0,-1.8948633670806885,0.5081285704756182,0.6295727479474353,0.46297642458036253,0.3489015936735986,-0.028605886476135534,0.4981532856817094,50.61725973643285,3.8235175609588623,0.5,5.195323467254639,-0.17737925052642822,-36.07997131347656,0.6756965517997742
0.9975340366363525,-0.06598063558340073,0.023926381021738052,0.06411311775445938,0.9953530430793762,0.07184603065252304,-0.02855564095079899,-0.07013485580682755,0.9971286654472351,0.9999997615814209,0.06722094118595123,0.054513487964868546,0.49874991178512573,0.4546276330947876,0.09025900810956955,0.057725127786397934,0.04483918473124504,0.06501036137342453,0.013183079659938812,0.009209156036376953,0.226495623588562,0.13836538791656494,1,0.08943282056536864,1,0.5006242462615803,0.3563875670290128,-0.026221907756286883,0.5068858959691614,49.75572164586169,0.49186189174652095,0.40909438729286196,0.5717563152313232,0.43754696249961855,764.6417999267578,316.495943069458,813.9410400390625,309.7716021537781,701.6304016113281,320.0675940513611,650.3559875488281,319.93539333343506,478,0.5798944234848022,0.5284525752067566,0,-4.02337646484375,0.4976408861562591,0.6616291642172489,0.47658277783416303,0.33863017435134857,-0.03166700076288276,0.4974189136989839,51.2745844896384,3.677433729171753,0.5,5.1942877769470215,-0.30246880650520325,-36.038421630859375,1.6363400220870972
0.9976049661636353,-0.0665879026055336,0.018718447536230087,0.06541892141103745,0.9962092041969299,0.057336244732141495,-0.02246539108455181,-0.055974386632442474,0.9981794357299805,0.9999999403953552,0.057779502123594284,0.047713205218315125,0.4596502482891083,0.43063491582870483,0.07981480658054352,0.0734022781252861,0.05831686779856682,0.04528997465968132,0.014265053905546665,0.01079868245869875,0.18535104393959045,0.14589308202266693,1,0.08931226288899709,1,0.4972904217540777,0.3678321537812932,-0.029909905747590042,0.5005261333481588,49.89006911567369,0.49270561933517454,0.407712909579277,0.5720728993415832,0.437762114405632,764.7813415527344,317.0410108566284,814.2066955566406,310.2473831176758,701.4865112304688,320.3198289871216,650.3605651855469,320.0178551673889,478,0.5793672800064087,0.530049204826355,0,-3.2095837593078613,0.4976408861562591,0.5807512064165375,0.48709782148313885,0.34585995137699965,-0.03511393463299319,0.48871823062585024,51.12683783765939,3.751854658126831,0.5,5.200263023376465,-0.2898140847682953,-35.973350524902344,1.2872803211212158
0.997771680355072,-0.06423626840114594,0.01803281344473362,0.06321290880441666,0.9966176152229309,0.05251213535666466,-0.021345000714063644,-0.05125525966286659,0.9984574913978577,0.9999992251396179,0.06605897843837738,0.056518275290727615,0.46356135606765747,0.43160080909729004,0.07827495783567429,0.069111667573452,0.05498267710208893,0.05083317309617996,0.014472397975623608,0.010925515554845333,0.1957634836435318,0.1558465212583542,1,0.0893604290719871,1,0.4917590471521886,0.35993975658921196,-0.028779728102203757,0.49340453620573316,50.57239155726771,0.49276944398880007,0.40668695569038393,0.5720014214515686,0.43794029355049136,764.0393829345703,317.00167894363403,814.2310333251953,310.807728767395,702.0625305175781,320.0085425376892,650.3070068359375,320.1040291786194,478,0.5792319774627686,0.5312533378601074,0,-2.938667058944702,0.4976408861562591,0.6550351995053223,0.4799606330080097,0.3377560993950074,-0.03267485740727207,0.48337317208283737,51.75561176686998,3.6250765323638916,0.5,5.196839332580566,-0.27970343828201294,-35.96824264526367,1.2230712175369263
0.9974949955940247,-0.06968092173337936,0.012179798446595669,0.06908482313156128,0.9966425895690918,0.04394204542040825,-0.01520081702619791,-0.042990542948246,0.9989597797393799,1.0,0.07059385627508163,0.06530027836561203,0.4482172131538391,0.4144408702850342,0.07195506244897842,0.07292912155389786,0.05964909493923187,0.047187916934490204,0.01555707398802042,0.011969052255153656,0.21324749290943146,0.175794318318367,1,0.08901268890226853,1,0.4912848503411926,0.35567462789961085,-0.02961655647771659,0.4871699516310714,50.12972097658365,0.49300300478935244,0.40643054246902466,0.5719037592411041,0.4376092553138733,763.9347076416016,316.8137741088867,813.5972595214844,309.98589992523193,701.8915557861328,320.06094217300415,650.8348083496094,320.2844452857971,478,0.5789007544517517,0.5311787128448486,0,-2.4642210006713867,0.49598801781179047,0.6593286144765874,0.47833667371882477,0.3353190052900898,-0.03419142126084227,0.4759807331591331,51.05723663243522,3.9618821144104004,0.5,5.2395710945129395,-0.2334316521883011,-36.12828063964844,0.8709761500358582
0.9974769949913025,-0.06969517469406128,0.013496696949005127,0.06896546483039856,0.9964366555213928,0.048556435853242874,-0.016832737252116203,-0.04750311002135277,0.9987292289733887,0.9999999403953552,0.07647628337144852,0.06342171132564545,0.4765002131462097,0.4531625211238861,0.07623198628425598,0.07082266360521317,0.05858873948454857,0.04980604350566864,0.012789994478225708,0.010177514515817165,0.20495106279850006,0.16574501991271973,1,0.08903216448357573,1,0.49464181256717726,0.3519475193592092,-0.027037632566197112,0.49469875716599754,49.92378706429212,0.49311631321907046,0.4084879457950592,0.5720323860645294,0.4379812180995941,764.3520355224609,316.88082933425903,813.8245391845703,310.1833748817444,701.8935394287109,320.1809334754944,650.8570098876953,320.469388961792,478,0.578916072845459,0.5294932723045349,0,-2.7231383323669434,0.4856308113042152,0.6707043928802229,0.48103310060295384,0.33381458221290433,-0.03231250393473299,0.4817955482373213,51.03734470229236,3.955130100250244,0.5,5.249924182891846,-0.2400454878807068,-36.16897201538086,0.9644902944564819
0.9976156949996948,-0.0670107752084732,0.016506247222423553,0.0662214383482933,0.9968142509460449,0.04445231705904007,-0.019432440400123596,-0.043253254145383835,0.9988751411437988,0.9999997615814209,0.06780663877725601,0.06394841521978378,0.46870750188827515,0.43630915880203247,0.09763690829277039,0.054999250918626785,0.04148472100496292,0.06628267467021942,0.013627512380480766,0.010577937588095665,0.1999627649784088,0.19420671463012695,1,0.0885672274606247,1,0.4991826032207182,0.35715444056219814,-0.02675787084987845,0.49923216193400544,50.38075363486543,0.4927069425582886,0.4071600764989853,0.5722456455230713,0.4380143016576767,764.3310546875,317.1101903915405,814.2795562744141,310.52478790283203,702.6969909667969,320.02710342407227,651.2809753417969,320.1486825942993,478,0.5795387029647827,0.5308542251586914,0,-2.4794704914093018,0.4856308113042152,0.6446661013554118,0.480039811565198,0.33101328537858155,-0.032901014299754276,0.4912645339188593,51.41615936986843,3.7977054119110107,0.5,5.260402202606201,-0.23947452008724213,-36.107513427734375,1.1134668588638306
0.9974724054336548,-0.0656643733382225,0.027148466557264328,0.06466729938983917,0.9972535371780396,0.036104556173086166,-0.02944468893110752,-0.0342576764523983,0.9989792108535767,1.0000004768371582,0.05587029829621315,0.040368590503931046,0.46967506408691406,0.4392799735069275,0.09271328151226044,0.05540134385228157,0.0416809543967247,0.07173798233270645,0.014033878222107887,0.011213431134819984,0.20082317292690277,0.15251445770263672,1,0.08865763215210101,1,0.4915140052846235,0.3630458808300106,-0.021975928827750645,0.5053904710396083,50.457024936891315,0.4925417959690094,0.40676255226135255,0.5725443422794342,0.4381955981254578,764.3320465087891,317.24136114120483,814.3501281738281,310.60036182403564,703.7565612792969,320.063259601593,651.3179016113281,319.7914123535156,478,0.5800025463104248,0.5314330458641052,0,-1.9640562534332275,0.46726289297666834,0.5803116573471785,0.47581412973794857,0.34135172620445986,-0.029336091987926704,0.5017922310903458,52.439364305874435,3.7093605995178223,0.5,5.238958835601807,-0.20592540502548218,-36.11216354370117,1.687300205230713
0.9974856376647949,-0.06668142974376678,0.02399931289255619,0.06583274900913239,0.9972317218780518,0.0345681756734848,-0.026237914338707924,-0.032901324331760406,0.9991140961647034,1.0000004768371582,0.057920899242162704,0.06070045754313469,0.4496675729751587,0.4089284837245941,0.12265513092279434,0.04318686202168465,0.027795128524303436,0.1005278155207634,0.016043715178966522,0.011610718443989754,0.2162557989358902,0.18301840126514435,1,0.08806033044287673,1,0.5094674215791433,0.36029341001759396,-0.025186730778667975,0.49140882938773767,50.381607176791555,0.49179866909980774,0.4065303534269333,0.5720091760158539,0.43835643231868743,764.2388916015625,317.38128662109375,814.1206359863281,310.3018856048584,703.7142181396484,320.8680510520935,651.3047027587891,320.00231981277466,478,0.5802105069160461,0.5318260788917542,0,-1.8860968351364136,0.4856308113042152,0.5589506302377533,0.47022003399379275,0.32372439737356173,-0.031911467662270404,0.47807005840509964,52.41666522338197,3.775970458984375,0.5,5.26810884475708,-0.2057117372751236,-36.2108154296875,1.5034942626953125
0.997641921043396,-0.06584272533655167,0.019373055547475815,0.06452969461679459,0.9959880709648132,0.061996039003133774,-0.023377321660518646,-0.06059969961643219,0.9978883862495422,1.0000001192092896,0.054088011384010315,0.05837111175060272,0.44629353284835815,0.40330779552459717,0.11395467817783356,0.044128306210041046,0.030376894399523735,0.09502483159303665,0.015973633155226707,0.012095057405531406,0.209375262260437,0.18926531076431274,1,0.08792079207750603,1,0.5087239202568897,0.3640279720983783,-0.02669503808176007,0.4940614258615601,50.28266876008767,0.4919996201992035,0.4065943568944931,0.5719904839992523,0.43828715980052946,764.1429138183594,317.38409757614136,813.9274597167969,310.3239440917969,703.3525085449219,320.86517572402954,651.4518737792969,320.10993003845215,478,0.5799908638000488,0.5316928029060364,0,-3.4751861095428467,0.4856308113042152,0.5719280160998944,0.47325951903000213,0.32757155021082474,-0.03402314798340451,0.4796536261592329,51.90612955349491,3.7008626461029053,0.5,5.315152645111084,-0.30110588669776917,-36.427799224853516,1.3395438194274902
0.997750997543335,-0.06361208856105804,0.021130865439772606,0.06209786236286163,0.9958919882774353,0.06590192019939423,-0.0252362173050642,-0.06444151699542999,0.9976024031639099,0.9999997019767761,0.05865012854337692,0.06111138314008713,0.4474705159664154,0.42265257239341736,0.09315889328718185,0.05394787713885307,0.0397847481071949,0.0790017619729042,0.01618633233010769,0.012765934690833092,0.23935700953006744,0.17791034281253815,1,0.08861397942585705,1,0.4960568180963221,0.3586061899169678,-0.02546152868736669,0.5035802702330328,50.63977865726213,0.49255236983299255,0.4067930608987808,0.5723146498203278,0.4383860260248184,764.1740417480469,317.47368335723877,814.3441009521484,310.5923795700073,703.3338928222656,320.8607769012451,651.4051818847656,320.1385545730591,478,0.5797622799873352,0.5315929651260376,0,-3.695965528488159,0.4659637804519456,0.6414125241408554,0.47340032958501627,0.3312237792418764,-0.03431110676235305,0.48456128576364577,51.93373301454104,3.561371326446533,0.5,5.2821269035339355,-0.3296133577823639,-36.283935546875,1.4460822343826294
0.9971170425415039,-0.07438363879919052,0.014994408003985882,0.073470838367939,0.9958198666572571,0.05426604300737381,-0.018968230113387108,-0.05300793796777725,0.9984139204025269,1.0000001192092896,0.08680380135774612,0.07621990144252777,0.4499432444572449,0.41850486397743225,0.08244101703166962,0.05436230078339577,0.04326393082737923,0.08250196278095245,0.016022702679038048,0.012477819807827473,0.2648288607597351,0.16671401262283325,1,0.0893479398639978,1,0.49404936302464364,0.3432207202912139,-0.028909972528792526,0.477007786760421,50.429906702919006,0.4921732902526855,0.40654089152812956,0.5719523787498474,0.437846502661705,764.1648864746094,316.528902053833,814.1292572021484,309.69244480133057,702.7622222900391,320.7826280593872,651.3212585449219,321.0192847251892,478,0.5797790884971619,0.5313056111335754,0,-3.03910231590271,0.4928082803800818,0.6761675535203444,0.46282437215661537,0.32794027614174104,-0.03673369097131513,0.4644633242079814,51.4415081185108,4.21412467956543,0.5,5.293066501617432,-0.276577353477478,-36.21781921386719,1.086864709854126
0.9973422884941101,-0.07011906057596207,0.019788002595305443,0.06917981058359146,0.9966016411781311,0.044714923948049545,-0.022856110706925392,-0.04322716221213341,0.9988037943840027,0.9999998211860657,0.0910676121711731,0.06684494763612747,0.4631544053554535,0.4149545133113861,0.08378835022449493,0.0509280227124691,0.041908834129571915,0.08375382423400879,0.016091281548142433,0.01208125427365303,0.3321933448314667,0.17270857095718384,1,0.08944960114769543,1,0.4907372559894081,0.3295812452185457,-0.026739757528354065,0.5029093001129218,50.22332843949013,0.49235038161277767,0.4061953216791153,0.5721378147602081,0.43754283487796786,764.3802642822266,316.36178970336914,814.1578674316406,309.68549251556396,702.8593444824219,320.2856683731079,651.3905334472656,320.42651653289795,478,0.5797874331474304,0.5313475131988525,0,-2.478153705596924,0.4929638240335412,0.6784010494147105,0.4640395534177961,0.3269655900420912,-0.03393660908570209,0.49137879201260914,51.46900375643263,3.9679179191589355,0.5,5.261955261230469,-0.2209642380475998,-36.162967681884766,1.3096727132797241
0.99715256690979,-0.07251855731010437,0.02068432793021202,0.07145986706018448,0.9962875843048096,0.04800489917397499,-0.02408880554139614,-0.046390093863010406,0.9986329078674316,1.0000001192092896,0.0908714309334755,0.07592260837554932,0.3536933958530426,0.32270482182502747,0.10170354694128036,0.04091197997331619,0.0326509028673172,0.10307292640209198,0.023196343332529068,0.017390362918376923,0.3580913841724396,0.13400457799434662,1,0.08990552821853103,1,0.49621881834187603,0.3350976187904904,-0.04625375022876423,0.47248263862846124,49.5874913755766,0.4907766282558441,0.4052871912717819,0.5718663036823273,0.4375336617231369,764.9876403808594,316.7679190635681,814.1633605957031,310.390784740448,702.3804473876953,321.1684799194336,651.1332702636719,321.70026540756226,478,0.5810896754264832,0.532246470451355,0,-2.6596829891204834,0.4495970942119779,0.5404242934760847,0.45918107891900045,0.3339768472327086,-0.05037790090415629,0.44691039321436576,51.24993618619359,4.099032878875732,0.7,5.282007694244385,-0.2796498239040375,-36.14228439331055,1.3803203105926514
0.9975805878639221,-0.06725703179836273,0.0175920519977808,0.0663057416677475,0.9965463280677795,0.04999000206589699,-0.020893467590212822,-0.048702605068683624,0.9985947608947754,1.0000003576278687,0.09382203221321106,0.07009321451187134,0.37673088908195496,0.3395586907863617,0.09727322310209274,0.043715137988328934,0.034910254180431366,0.09615175426006317,0.021588560193777084,0.016520000994205475,0.3175860047340393,0.13040950894355774,1,0.089252602509846,1,0.49630187192644487,0.34129770904281737,-0.045028588701699464,0.47375224773549846,49.48718109685724,0.49229946732521057,0.4084646970033646,0.5721986591815948,0.4374362498521805,764.9899291992188,316.7718458175659,814.1564178466797,311.14712476730347,703.1834411621094,320.52764654159546,652.1791076660156,320.9796094894409,478,0.5798991918563843,0.5289715528488159,0,-2.792167901992798,0.46959013043148573,0.573120863810442,0.4566366476559724,0.3406833243378754,-0.048541486570119786,0.45441555730744626,51.00633593965546,3.802659273147583,0.7,5.3171467781066895,-0.2618529796600342,-36.31126022338867,1.1971945762634277
0.9976362586021423,-0.06776860356330872,0.011366482824087143,0.06721381843090057,0.9967848658561707,0.043616242706775665,-0.014285747893154621,-0.04274916648864746,0.9989837408065796,0.9999998211860657,0.07983089983463287,0.07040183246135712,0.39088431000709534,0.3423885703086853,0.08765289187431335,0.04997340589761734,0.038104716688394547,0.0842210054397583,0.020990561693906784,0.016025936231017113,0.30293008685112,0.13857002556324005,1,0.08933473912696291,1,0.4970468224333515,0.34729689613250114,-0.04396358109229031,0.48347606398071225,49.47240180029668,0.4924096584320068,0.4082360088825226,0.5721305727958679,0.43748239874839784,765.0111389160156,316.776180267334,814.1505432128906,311.04578018188477,701.9792175292969,320.5067467689514,651.9723510742188,320.95489025115967,478,0.5797209143638611,0.5292463898658752,0,-2.450343370437622,0.4798313324888214,0.5781848799057726,0.467257313296246,0.344394837163524,-0.04797591249630574,0.4647587970684849,50.00887446580538,3.854367733001709,0.7,5.327901363372803,-0.22879451513290405,-36.30287170410156,0.8185408711433411
0.9976803660392761,-0.06635105609893799,0.01521035935729742,0.06534068286418915,0.9960958957672119,0.05936036258935928,-0.0190895963460207,-0.058228813111782074,0.9981207847595215,0.9999997019767761,0.07809490710496902,0.04782484099268913,0.4094712436199188,0.35572341084480286,0.10340899974107742,0.041013263165950775,0.033587746322155,0.10198365896940231,0.020540881901979446,0.014467542059719563,0.33865445852279663,0.08772885054349899,1,0.08986824089132532,1,0.4968284763804652,0.3438727364664216,-0.040825702947724384,0.48536426309197345,49.42312354207127,0.4921849727630615,0.40798787772655487,0.572084105014801,0.438882514834404,765.3070068359375,317.5775384902954,814.3489837646484,311.4513945579529,702.3946380615234,321.89724683761597,651.8529510498047,321.6568350791931,478,0.5798991322517395,0.5308946371078491,0,-3.338762044906616,0.5099499797376044,0.6085878380844734,0.4562476193726766,0.35612295746043526,-0.04258861784641518,0.476885822145822,50.54225879306555,3.747097969055176,0.7,5.348702430725098,-0.30854326486587524,-36.4619255065918,1.0938197374343872
0.9973863363265991,-0.06886369735002518,0.021869642660021782,0.06820012629032135,0.9972275495529175,0.02976316213607788,-0.02385861612856388,-0.028193863108754158,0.9993176460266113,1.0000003576278687,0.08288218826055527,0.05358462035655975,0.3977554440498352,0.34448543190956116,0.15315350890159607,0.027363572269678116,0.020682336762547493,0.1592669039964676,0.02007339894771576,0.015444478951394558,0.3141043186187744,0.12534664571285248,1,0.08985053954740024,1,0.5111026983934758,0.3474821182152202,-0.04399282183896292,0.4837187772363353,49.10826375100142,0.49108560085296626,0.406092569231987,0.5721234798431396,0.4381573647260666,766.2440490722656,317.4489212036133,814.9488830566406,311.1671447753906,702.9978942871094,321.26370906829834,652.1980285644531,321.0161089897156,478,0.5810378789901733,0.5320647954940796,0,-1.6160635948181152,0.510785973206919,0.6468814333195848,0.447872904106883,0.3475607490315086,-0.044837785245522184,0.4811386574031675,50.80046912520021,3.9117298126220703,0.7,5.334693908691406,-0.20701725780963898,-36.245765686035156,1.3671276569366455
0.9979551434516907,-0.06109300255775452,0.018792472779750824,0.06002996116876602,0.9968039393424988,0.052709393203258514,-0.021952588111162186,-0.05147344991564751,0.9984330534934998,0.9999995231628418,0.0723978653550148,0.05413605272769928,0.39212021231651306,0.3388054370880127,0.16119015216827393,0.02474363148212433,0.01989508420228958,0.16487716138362885,0.021316032856702805,0.015102537348866463,0.3373801112174988,0.11065495014190674,1,0.090539311175922,1,0.5137173072646354,0.3453146035443259,-0.04114124560737215,0.48635920131582094,50.12130011226377,0.4913526594638824,0.4055547624826431,0.5723818957805633,0.4382384330034256,766.6460418701172,317.43699073791504,816.3449859619141,310.9439420700073,703.6302185058594,321.3539171218872,652.1138000488281,320.99701166152954,478,0.5810292363166809,0.5326836705207825,0,-2.9512269496917725,0.5401013837865042,0.6548809198730828,0.44108161288202463,0.3456467946543322,-0.04249993678925374,0.48428482334791556,51.517654762718166,3.4423627853393555,0.7,5.358190536499023,-0.26768678426742554,-36.29202651977539,1.2578916549682617
0.9981334209442139,-0.05721918120980263,0.021346721798181534,0.05584509298205376,0.9966228604316711,0.06020136922597885,-0.024719305336475372,-0.058896876871585846,0.9979579448699951,1.0000001192092896,0.07742847502231598,0.05727355182170868,0.41571688652038574,0.35508817434310913,0.15329138934612274,0.026455381885170937,0.01990729384124279,0.16101670265197754,0.0192976463586092,0.01329498179256916,0.3297606110572815,0.11557646840810776,1,0.09038163267001872,1,0.5125203196054303,0.34762531869214525,-0.045323513048068496,0.48787720358069503,49.549773195111186,0.49150726199150085,0.40594345033168794,0.5726982057094574,0.4386295050382614,767.1463775634766,317.8583765029907,816.3608551025391,312.10379362106323,703.7260437011719,321.36147022247314,652.2023010253906,320.99621772766113,478,0.5811909437179565,0.5326860547065735,0,-3.3775296211242676,0.5402868218853071,0.6528315859689126,0.44894303348379094,0.34461531776827165,-0.04332240359232473,0.48348867993646355,51.52503730040511,3.2023329734802246,0.7,5.3428449630737305,-0.34323206543922424,-36.19627380371094,1.4164561033248901
0.9979201555252075,-0.0585549958050251,0.02695578709244728,0.05719183385372162,0.9971683025360107,0.04883168265223503,-0.02973879687488079,-0.047188472002744675,0.9984431862831116,0.9999998211860657,0.07394362986087799,0.05527269095182419,0.365541934967041,0.3167697489261627,0.18309012055397034,0.020786145702004433,0.018239054828882217,0.18392504751682281,0.021549208089709282,0.01748957671225071,0.3079545199871063,0.14231817424297333,1,0.091128338515749,1,0.5070754442132689,0.35047641770180904,-0.0483094056946547,0.4840317516170521,49.682647017227524,0.49061784744262693,0.40484304130077364,0.5726831316947937,0.43753148019313814,767.3463439941406,317.6949977874756,816.6355133056641,311.4545488357544,703.8442230224609,320.81597328186035,652.1662139892578,320.27328729629517,478,0.5820652842521667,0.5326884388923645,0,-2.705902338027954,0.5402868218853071,0.5716596278259396,0.4381384014147638,0.3415467849349748,-0.049936251241669775,0.4812096189562612,51.680858408293815,3.2800920009613037,0.7,5.330045700073242,-0.28445756435394287,-36.112037658691406,1.7041586637496948
0.9975919127464294,-0.06454922258853912,0.02536994218826294,0.06278401613235474,0.9959011673927307,0.06510889530181885,-0.029468687251210213,-0.06335926800966263,0.9975556135177612,0.9999998211860657,0.05705913156270981,0.05893212556838989,0.3442266881465912,0.304974764585495,0.17325878143310547,0.021250011399388313,0.018895963206887245,0.18084590137004852,0.02325582504272461,0.017624009400606155,0.3268878757953644,0.13408367335796356,1,0.09116188437841552,1,0.5100962285949944,0.3597203709641545,-0.051596428884584426,0.48518774594122904,49.46739374022125,0.4905546426773071,0.4051940947771072,0.5726662993431091,0.4365770727396011,767.6956939697266,316.7456889152527,816.6301727294922,309.5041537284851,703.7508392333984,320.84285974502563,652.2218322753906,320.4827570915222,478,0.582111656665802,0.5313829779624939,0,-3.6342320442199707,0.5402868218853071,0.5368845655797746,0.43868163487170114,0.3440062127674162,-0.04936190670102451,0.4870253342824788,51.530265205047584,3.6011927127838135,0.7,5.344109535217285,-0.33202481269836426,-36.10675811767578,1.6886757612228394
0.9974247217178345,-0.06853005290031433,0.021155843511223793,0.06793777644634247,0.997309148311615,0.027549339458346367,-0.022986873984336853,-0.02604110911488533,0.999396562576294,1.000000238418579,0.08614106476306915,0.07953374087810516,0.3811172544956207,0.34991195797920227,0.17900925874710083,0.019769251346588135,0.021386440843343735,0.1732027679681778,0.020664339885115623,0.014999418519437313,0.35671669244766235,0.17645695805549622,1,0.09235761734863755,1,0.5016583769662852,0.3362913479244854,-0.04334072772736263,0.4766933115193926,49.6637895971739,0.4906039834022522,0.40396084189414977,0.5725330114364624,0.4373116075992584,767.7043914794922,316.7443585395813,816.8515777587891,309.59970474243164,703.4922790527344,320.8548331260681,651.7196655273438,320.84148645401,478,0.5819290280342102,0.5333507657051086,0,-1.4926087856292725,0.5399759734932729,0.5723133591320205,0.4288293362851711,0.3223637823878808,-0.039930613269454976,0.4863673404458469,51.77261524673696,3.8965795040130615,0.7,5.30875301361084,-0.2223922610282898,-35.86064529418945,1.317166805267334
0.9975963234901428,-0.06102367490530014,0.03282800689339638,0.05968480184674263,0.9974023699760437,0.04032599925994873,-0.03520357981324196,-0.03826974704861641,0.998647153377533,1.0000001192092896,0.06973052769899368,0.043593622744083405,0.47277697920799255,0.4274488687515259,0.16556434333324432,0.023744987323880196,0.01979510486125946,0.1719212383031845,0.013196496292948723,0.011076035909354687,0.27895718812942505,0.13489241898059845,1,0.09104823260634513,1,0.5053702518176684,0.35116791019170424,-0.027083409685594022,0.5182541426355446,49.4747583455778,0.49047115445137024,0.40626384913921354,0.5731510818004608,0.44048520028591154,767.7894592285156,318.8824224472046,816.8792724609375,312.7227187156677,704.7865295410156,322.02794551849365,652.0858764648438,321.3087487220764,478,0.5826799273490906,0.534221351146698,0,-2.1945912837982178,0.5370730214621388,0.7014111988483577,0.4436035370151046,0.33893405832267237,-0.032599891067536996,0.5000440159100313,52.70556022653029,3.4238452911376953,0.7,5.309765338897705,-0.3334437906742096,-35.965675354003906,2.0174334049224854
0.997910737991333,-0.05949082598090172,0.02519865892827511,0.05848313122987747,0.9975263476371765,0.03899886831641197,-0.02745639905333519,-0.03744369000196457,0.9989214539527893,0.9999998211860657,0.06683475524187088,0.04101427644491196,0.4297095239162445,0.38489651679992676,0.22652536630630493,0.01698440872132778,0.012277478352189064,0.23813827335834503,0.016144447028636932,0.013217353262007236,0.31457391381263733,0.10699083656072617,1,0.08998068989361337,1,0.5222888065577436,0.3510481140950877,-0.031049147253334585,0.5124135270215732,49.465439655216436,0.489799827337265,0.40717287063598634,0.5723157227039337,0.4399845123291016,766.9020080566406,318.8045310974121,815.9877777099609,312.6875925064087,704.3778228759766,321.7145347595215,652.0750427246094,321.25924587249756,478,0.5825158953666687,0.5328116416931152,0,-2.146676778793335,0.5370730214621388,0.6511534684243936,0.4398010211228084,0.350481459584805,-0.039461432514342816,0.4886496070539809,52.30476173005194,3.354015350341797,0.7,5.332825183868408,-0.3270438611507416,-36.067832946777344,1.573333501815796
0.9977692365646362,-0.06148955971002579,0.025993024930357933,0.06111140549182892,0.9980167746543884,0.015101260505616665,-0.026870043948292732,-0.013479137793183327,0.999548077583313,0.9999997019767761,0.08653274178504944,0.04692081734538078,0.39091163873672485,0.36895912885665894,0.2733135521411896,0.013137178495526314,0.010148699395358562,0.2721237242221832,0.01885809376835823,0.015439766459167004,0.33895745873451233,0.123348668217659,1,0.09063254861677732,1,0.5292636808722528,0.3439850993681353,-0.034380142409507,0.49189728043318026,49.474692200878316,0.48982657790184025,0.4051883578300476,0.5720911800861359,0.4399946093559265,767.3759460449219,318.78577709198,816.4640808105469,312.61324167251587,704.3479919433594,321.84823751449585,652.0657348632812,321.25879526138306,478,0.5822646021842957,0.5348062515258789,0,-0.772599995136261,0.5370730214621388,0.5835492635074114,0.4264909917477944,0.3386568724909344,-0.0373821442163319,0.480818033398282,52.28557972961288,3.504875421524048,0.7,5.316298961639404,-0.25072890520095825,-35.962059020996094,1.5397253036499023
0.9977739453315735,-0.0620344802737236,0.024474026635289192,0.0616513192653656,0.9979676604270935,0.016111986711621284,-0.02542378380894661,-0.01456726249307394,0.9995706081390381,0.9999998211860657,0.07351762056350708,0.048174742609262466,0.394702672958374,0.35903286933898926,0.2690522372722626,0.013726288452744484,0.010498320683836937,0.2721129059791565,0.018668055534362793,0.0153506463393569,0.2997146546840668,0.13740132749080658,1,0.09069351163238057,1,0.5287054491773714,0.3499500589657419,-0.03631332722032297,0.48502642724551615,49.59336772729639,0.4897896647453308,0.40439566373825075,0.5721057057380676,0.43995257616043093,767.3777770996094,318.90557527542114,816.5660095214844,312.5794458389282,704.2289733886719,321.84308767318726,652.0553588867188,321.2569069862366,478,0.5823160409927368,0.5355569124221802,0,-0.834942102432251,0.5823510652300405,0.5676181128734531,0.427246958907352,0.341569473138029,-0.0376363507980248,0.48398099577329295,52.17690732594757,3.535745859146118,0.7,5.322796821594238,-0.26037997007369995,-35.939369201660156,1.4568324089050293
0.9979143142700195,-0.06109316274523735,0.020846469327807426,0.06055288761854172,0.9978358149528503,0.02563244290649891,-0.022367319092154503,-0.024316655471920967,0.9994540214538574,0.9999998211860657,0.057168781757354736,0.039266545325517654,0.3961290121078491,0.3509034514427185,0.22940221428871155,0.01633634977042675,0.01245657354593277,0.2411002665758133,0.01818547211587429,0.015366300009191036,0.2382419854402542,0.1217661052942276,1,0.09029155766253759,1,0.525272857473257,0.3626010554854558,-0.038093674250274163,0.47657485442101494,50.03552887790393,0.4906570732593536,0.40465830862522123,0.5722271025180816,0.44026618301868437,766.9549560546875,319.4734525680542,816.5279388427734,312.6857042312622,704.2354583740234,322.3582863807678,652.0560455322266,321.3161516189575,478,0.581570029258728,0.5356078743934631,0,-1.3937277793884277,0.6579531768794282,0.5782541776598434,0.4347485445114667,0.3499056153123885,-0.03903277241553461,0.4822588990657112,52.1898186381293,3.4724183082580566,0.7,5.338436603546143,-0.3016033172607422,-36.07353591918945,1.2816598415374756
0.9977987408638,-0.061904244124889374,0.023781292140483856,0.06117190793156624,0.9976648688316345,0.030377943068742752,-0.025606270879507065,-0.028856342658400536,0.9992555379867554,1.0000001192092896,0.06633374094963074,0.048079222440719604,0.4055546224117279,0.36135080456733704,0.24613285064697266,0.014253653585910797,0.012714486569166183,0.2524157464504242,0.01732839271426201,0.014341438189148903,0.26466450095176697,0.12711119651794434,1,0.09101759483083556,1,0.5193128342871632,0.35375176202046926,-0.03616139247957437,0.4810199846073132,50.28246309419867,0.49042557477951054,0.4045859634876251,0.5718977332115174,0.4401813209056854,766.5189361572266,319.0238928794861,816.3994598388672,312.6788592338562,704.0547943115234,322.23621368408203,651.6477966308594,321.6015601158142,478,0.5814721584320068,0.5355953574180603,0,-1.654118537902832,0.6579531768794282,0.5079745815991551,0.4241159018088421,0.34361834891156734,-0.03966685744678502,0.4784306078126167,52.41084039736116,3.5082333087921143,0.7,5.316856384277344,-0.3159058094024658,-36.066162109375,1.4672915935516357
0.9983968734741211,-0.053000982850790024,0.019863594323396683,0.05266125872731209,0.9984633326530457,0.017253030091524124,-0.020747501403093338,-0.01617933064699173,0.9996538162231445,0.9999995231628418,0.05550007522106171,0.0490315742790699,0.4158356785774231,0.3688589036464691,0.24914106726646423,0.013376571238040924,0.012813170440495014,0.2539169490337372,0.016922080889344215,0.01304849237203598,0.23696693778038025,0.11349979043006897,1,0.09142444892876168,1,0.5260496948356138,0.3644670909603099,-0.03588018301430032,0.4875637782612814,50.50022394502018,0.4914066374301911,0.40435823500156404,0.5725521624088288,0.44023260176181794,767.7725982666016,318.9759564399719,817.9639434814453,313.39908599853516,704.2796325683594,321.73770904541016,652.4008941650391,321.39734745025635,478,0.5811455249786377,0.5358743667602539,0,-0.9272473454475403,0.6671978315433531,0.51082828120824,0.4246715793403316,0.3470253519508737,-0.03826248305540325,0.4840063573228197,51.879854899945094,3.0193145275115967,0.92,5.340665817260742,-0.2609051465988159,-35.9702033996582,1.1888294219970703
0.99857097864151,-0.045291073620319366,0.02836640551686287,0.04455443099141121,0.9986664056777954,0.026083922013640404,-0.02950994484126568,-0.024782801046967506,0.9992572665214539,1.0000001192092896,0.04702429845929146,0.03891545161604881,0.4246270954608917,0.3857523202896118,0.3056432604789734,0.0107492133975029,0.008772742003202438,0.31351932883262634,0.015375416725873947,0.012858103960752487,0.19133706390857697,0.1299142986536026,1,0.09013888289135275,1,0.5356301272998475,0.37627963284984783,-0.03472308474121025,0.5039785026408272,50.19760012573688,0.49101902246475215,0.40496124923229215,0.5733819723129272,0.44088550508022306,768.6222839355469,319.92404222488403,818.5576629638672,314.7998857498169,706.1143493652344,321.69082403182983,654.0678405761719,320.7533812522888,478,0.582362949848175,0.5359242558479309,0,-1.420714020729065,0.6636379899656732,0.5207689619731575,0.4265931874903065,0.34902877081576555,-0.03718919806418345,0.5010630493762879,52.054950544583015,2.554739475250244,0.92,5.379040241241455,-0.3062704801559448,-36.03547286987305,1.6910406351089478
0.9984081387519836,-0.045000314712524414,0.03400363028049469,0.04432518407702446,0.9988097548484802,0.020354822278022766,-0.03487912565469742,-0.01881519705057144,0.9992143511772156,0.9999998211860657,0.040035706013441086,0.025564076378941536,0.39677152037620544,0.35370585322380066,0.3698045313358307,0.008056304417550564,0.006882642861455679,0.3666941821575165,0.018678369000554085,0.015217190608382225,0.1781463772058487,0.08688194304704666,1,0.09079832580541064,1,0.5427933514202434,0.38812792313870076,-0.036156021982775954,0.5052475060560219,50.01716293080184,0.48975024223327634,0.40442270040512085,0.5728962779045105,0.4407113194465637,768.8568878173828,319.9035716056824,818.6132049560547,314.8020529747009,706.0502624511719,321.5324020385742,653.55224609375,320.68615436553955,478,0.5831460356712341,0.5362886190414429,0,-1.0787514448165894,0.6636379899656732,0.48576264282424525,0.41259730674050943,0.3661435926362175,-0.038223081081302665,0.5136223680518579,52.5048365076329,2.5420258045196533,0.92,5.37218713760376,-0.26686808466911316,-36.0269660949707,1.998831868171692
0.9984849095344543,-0.04656367003917694,0.02932211570441723,0.046038683503866196,0.9987714290618896,0.0183314997702837,-0.03013969399034977,-0.016953812912106514,0.999401867389679,1.0000001192092896,0.05341578647494316,0.04375776648521423,0.3951820433139801,0.35693690180778503,0.3587806522846222,0.008399848826229572,0.007298682816326618,0.3546769618988037,0.017428522929549217,0.014913205988705158,0.18726128339767456,0.13457846641540527,1,0.09163336233051268,1,0.538134465248644,0.37763377877871085,-0.040188640463712746,0.4913570170882882,49.781000645090096,0.48969419002532955,0.40437463819980624,0.5728103637695312,0.440873721241951,769.2015075683594,320.28772830963135,818.7065887451172,315.0537085533142,705.3352355957031,321.70406341552734,653.0860137939453,320.8026051521301,478,0.5831161737442017,0.5364990830421448,0,-0.9718700051307678,0.6774118445040357,0.46154370766178116,0.41127846361588793,0.3437420982025365,-0.03907088359688075,0.48928436805375664,52.25699767489943,2.6399548053741455,0.92,5.3747735023498535,-0.28168314695358276,-35.95801544189453,1.7271387577056885
0.9983200430870056,-0.053054507821798325,0.023287739604711533,0.052350617945194244,0.9981822371482849,0.029861195012927055,-0.024829687550663948,-0.02859194204211235,0.999282717704773,1.0000001192092896,0.06288335472345352,0.04040193930268288,0.40413230657577515,0.3571889102458954,0.3028905987739563,0.010773270390927792,0.00991717167198658,0.29902005195617676,0.017479009926319122,0.014412087388336658,0.22277450561523438,0.10565291345119476,1,0.09145115282160529,1,0.5290167263061436,0.3696604278226814,-0.04351655249276798,0.48367781858642556,49.43741249414282,0.4900929868221283,0.4048019587993622,0.5729194819927216,0.44052683711051943,768.9912414550781,319.9202013015747,818.0818939208984,314.07506704330444,705.3071594238281,321.9485092163086,653.1674957275391,321.2790298461914,478,0.5828264951705933,0.5357248783111572,0,-1.6389262676239014,0.6774118445040357,0.5091337404613911,0.41599202488896136,0.35313533502286887,-0.040224526477690786,0.48491447442854296,52.143961616791486,3.001767158508301,0.92,5.376654624938965,-0.3379417061805725,-35.921791076660156,1.4227824211120605
0.9984962344169617,-0.049677617847919464,0.023184161633253098,0.048771198838949203,0.9980811476707458,0.03814847022294998,-0.02503480389714241,-0.0369604155421257,0.9990030527114868,0.9999998211860657,0.05686788633465767,0.035142190754413605,0.40051907300949097,0.35609671473503113,0.344756543636322,0.008745656348764896,0.008066325448453426,0.3395825922489166,0.01652809977531433,0.014558026567101479,0.21386577188968658,0.10154873877763748,1,0.0907097012734798,1,0.5381389190751162,0.36851302099470284,-0.04329902245898623,0.4866976085692726,50.084605887379354,0.4903417229652405,0.40535499453544616,0.5725650191307068,0.4407259404659271,768.2389831542969,320.39963006973267,817.9324340820312,314.15233612060547,705.6892395019531,322.2872829437256,653.9813995361328,320.97469568252563,478,0.5822232961654663,0.535370945930481,0,-2.1188225746154785,0.6774118445040357,0.45736719251365804,0.40318301837808285,0.3590354198320095,-0.04043892687005818,0.49131584417667673,51.724497091345384,2.7963695526123047,0.92,5.400608539581299,-0.3581257164478302,-36.14134216308594,1.4345383644104004
0.9982268214225769,-0.05407244339585304,0.024886764585971832,0.05350259318947792,0.9983023405075073,0.02302081696689129,-0.02608930505812168,-0.021648498252034187,0.9994251728057861,1.0000001192092896,0.05226028338074684,0.032253604382276535,0.3961685597896576,0.35733842849731445,0.34467238187789917,0.008535020984709263,0.008109229616820812,0.3447037637233734,0.017235875129699707,0.014481022953987122,0.22078219056129456,0.09304003417491913,1,0.09075402301612948,1,0.5375766937843991,0.3717604380721457,-0.041455717201252636,0.4891212733574337,50.06039704166404,0.4902862727642059,0.4047896772623062,0.5725969493389129,0.44020330011844633,768.2395935058594,319.4571018218994,817.9389953613281,313.45603466033936,705.9947204589844,322.0060157775879,653.9573669433594,320.9621214866638,478,0.582310676574707,0.5354136228561401,0,-1.2408868074417114,0.7048169079020657,0.47811961397847796,0.40180845378158997,0.3610702410164199,-0.03807181287180413,0.4963208216118722,52.04782297373108,3.0679821968078613,0.92,5.397094249725342,-0.29750770330429077,-36.076904296875,1.49497652053833
0.9982098340988159,-0.056168101727962494,0.020550433546304703,0.05568714067339897,0.9981769919395447,0.023273028433322906,-0.0218201857060194,-0.022086961194872856,0.9995179176330566,1.0000001192092896,0.04418477788567543,0.031688228249549866,0.4467068016529083,0.39664915204048157,0.2918126583099365,0.010752053931355476,0.010785697028040886,0.29397502541542053,0.016216877847909927,0.011060377582907677,0.2233557254076004,0.0746738463640213,1,0.09142724059938549,1,0.5275317768449824,0.37494678024479333,-0.03699449345149062,0.4939415141388027,49.97114347595631,0.49042170047760014,0.405582794547081,0.5727297544479371,0.4410370081663132,768.3796691894531,319.46534156799316,817.9454803466797,313.11352729797363,705.2928924560547,322.62219429016113,653.2676696777344,321.71249628067017,478,0.5823080539703369,0.5354542136192322,0,-1.2658939361572266,0.7048169079020657,0.5471948264922739,0.4112221997696976,0.3639999281712409,-0.02881059707799261,0.5132334904827235,52.03317552971754,3.1930503845214844,0.92,5.393102645874023,-0.2964847683906555,-36.031620025634766,1.2503037452697754
0.9982772469520569,-0.05289464443922043,0.025390421971678734,0.0525667779147625,0.9985274076461792,0.01341195311397314,-0.026062486693263054,-0.01205415278673172,0.9995876550674438,0.9999998211860657,0.03648674115538597,0.0328061580657959,0.43877163529396057,0.38276663422584534,0.30033138394355774,0.010823200456798077,0.008796470239758492,0.3046688437461853,0.016601700335741043,0.011242144741117954,0.18536271154880524,0.08281014859676361,1,0.08984550050153428,1,0.5322424202221671,0.3853909644336868,-0.03760822720488134,0.49313724711523915,50.37067288445073,0.4902057409286499,0.40577954351902007,0.5725340604782104,0.4412476450204849,767.1308135986328,319.68212842941284,817.1836853027344,314.03281688690186,705.6072235107422,322.49059438705444,653.2892608642578,321.59149646759033,478,0.5823283195495605,0.5354681015014648,0,-0.6909034848213196,0.6712513673255303,0.4622923008202597,0.4229711003159309,0.3625461209374177,-0.030968380265881827,0.5105922705178074,52.32568769402243,3.014267921447754,0.92,5.365015029907227,-0.2806820869445801,-36.04680252075195,1.4934395551681519
0.9985570907592773,-0.04895773157477379,0.02206355705857277,0.047841381281614304,0.9976736903190613,0.04856400936841965,-0.02438981458544731,-0.04743840917944908,0.9985763430595398,1.0,0.11670269817113876,0.08061956614255905,0.5332830548286438,0.4811859428882599,0.13396506011486053,0.02971687912940979,0.02780342660844326,0.13923850655555725,0.011901125311851501,0.008147339336574078,0.26507335901260376,0.11205670237541199,1,0.09020666165890548,1,0.4963183661977098,0.3331824597641308,-0.027863899345475014,0.4642705915132864,49.05755058033122,0.49196762442588804,0.40923077166080474,0.5742891490459442,0.4417824774980545,768.3926391601562,319.579496383667,817.19970703125,314.6283960342407,705.640869140625,322.24239349365234,654.6858215332031,321.85046911239624,478,0.5823215246200562,0.5325517058372498,0,-2.719850778579712,0.6329985047332407,0.7075815291614017,0.447020394838027,0.32359184525584717,-0.028598760158308468,0.46868074533378346,50.956554843289446,2.7429723739624023,0.92,5.431735038757324,-0.38110780715942383,-36.286041259765625,1.3975720405578613
0.998546302318573,-0.05157958343625069,0.01564750447869301,0.051175836473703384,0.9983718991279602,0.025190256536006927,-0.016921337693929672,-0.02435285784304142,0.9995601773262024,1.0,0.34287717938423157,0.3148059546947479,0.6841678619384766,0.6497463583946228,0.08616840094327927,0.05855299159884453,0.0451786071062088,0.07416419684886932,0.006445374805480242,0.003921696450561285,0.3185529410839081,0.21347486972808838,1,0.08915635171778731,1,0.497626311630299,0.22775897804555992,0.0019462178834680575,0.43374364122530884,48.966121523538924,0.49304195642471316,0.4111588537693024,0.5747398376464844,0.44718789458274844,768.2344055175781,320.9309434890747,817.1237182617188,318.1893825531006,705.6131744384766,323.8174080848694,654.7297668457031,325.7192015647888,478,0.5816978812217712,0.536029040813446,0,-1.3956537246704102,0.6070411796848046,0.6711558705190298,0.4729606432852107,0.23194831440846395,-0.0055721683153930075,0.40667009798838605,50.918935444433785,2.933861017227173,0.92,5.43684196472168,-0.38522428274154663,-36.31989288330078,0.9695674777030945
0.998363733291626,-0.05306924507021904,0.021297091618180275,0.05242234095931053,0.9981784224510193,0.029863137751817703,-0.02284310758113861,-0.028697824105620384,0.9993270635604858,1.0000001192092896,0.32509666681289673,0.31367892026901245,0.6338504552841187,0.5928564071655273,0.18370479345321655,0.022128963842988014,0.020378638058900833,0.1800002008676529,0.0077020954340696335,0.0052336882799863815,0.2864696979522705,0.21077758073806763,1,0.09091551795426564,1,0.507734799455343,0.2500504787161111,-0.010729161282701516,0.42507185889635773,48.709988116321966,0.4915194988250733,0.410259473323822,0.5733526825904847,0.4462428569793701,768.21533203125,321.00050926208496,816.8302154541016,317.9581332206726,704.6488952636719,323.82232189178467,653.7162780761719,325.6146812438965,478,0.5818331837654114,0.5359833836555481,0,-1.6449192762374878,0.5149883666058706,0.7103583431900266,0.4351283237345809,0.23451295838930955,-0.020206473082239333,0.3929735587482932,50.96414470701388,3.0057411193847656,0.92,5.394700527191162,-0.40338262915611267,-36.23215866088867,1.3089274168014526
0.9981333017349243,-0.05664042383432388,0.022845052182674408,0.05595690757036209,0.9979965686798096,0.02952471375465393,-0.024471575394272804,-0.028191229328513145,0.9993029236793518,1.0000008344650269,0.14451804757118225,0.1488570272922516,0.5999916791915894,0.5551302433013916,0.2577136754989624,0.01407887414097786,0.013656404800713062,0.2536488175392151,0.009078762494027615,0.005928472615778446,0.2567313313484192,0.1791040003299713,1,0.09112855962130435,1,0.5189288798073054,0.31956669440993113,-0.010014385749943976,0.488227559793546,48.93572061199712,0.4903743147850037,0.4097706526517868,0.5728586196899415,0.44499145448207855,768.1930541992188,320.5100727081299,816.9052124023438,315.8377718925476,704.7740936279297,323.2553458213806,653.7153625488281,324.5168423652649,478,0.5824843049049377,0.5352208018302917,0,-1.615936517715454,0.5149883666058706,0.7544123158468607,0.4184687361095711,0.29044510880173746,-0.015105308686222488,0.47660697776386163,51.07431245783336,3.2087316513061523,0.92,5.413631916046143,-0.3356824517250061,-36.280494689941406,1.4022579193115234
0.9980166554450989,-0.055416859686374664,0.029863832518458366,0.05423397198319435,0.9977639317512512,0.03906141594052315,-0.03196171671152115,-0.037364326417446136,0.998790442943573,1.0000005960464478,0.1174587532877922,0.08758291602134705,0.473722904920578,0.4369843006134033,0.307344526052475,0.010729082860052586,0.010191074572503567,0.30397510528564453,0.012918204069137573,0.0111294100061059,0.24152326583862305,0.18587076663970947,1,0.09130666402060654,1,0.5240520670962892,0.3389743569354385,-0.027963932201209178,0.4775829232476062,49.39522655431576,0.48991391658782957,0.407398647069931,0.5723257422447204,0.44271445870399473,767.7833557128906,320.4522442817688,816.9093322753906,315.30182361602783,704.7897338867188,322.72714376449585,652.982177734375,322.816686630249,478,0.5824118256568909,0.5353158116340637,0,-2.142411708831787,0.5149883666058706,0.643521045019756,0.4101998090607764,0.31211665219855905,-0.03408217107001377,0.4688634506662991,51.80763353509474,3.1104934215545654,0.92,5.371464252471924,-0.36614489555358887,-36.19251251220703,1.8315832614898682
0.9978935122489929,-0.056219931691884995,0.032369595021009445,0.05510289594531059,0.9978870749473572,0.03442487493157387,-0.03423656150698662,-0.03256869688630104,0.9988829493522644,1.0,0.09641581028699875,0.06121880188584328,0.47985008358955383,0.4431173503398895,0.31445589661598206,0.010730191133916378,0.009902621619403362,0.31122034788131714,0.012355339713394642,0.010943715460598469,0.21061396598815918,0.1596352458000183,1,0.09085586556072175,1,0.5242102877468365,0.3479047327293888,-0.027740102057545145,0.4866504601019851,49.53463609764438,0.48966038823127744,0.40845947265625,0.5725172221660614,0.44268982410430907,767.6933288574219,320.5652403831482,816.9355773925781,315.1911234855652,705.4378509521484,322.7233028411865,653.4170532226562,322.54711389541626,478,0.5828568339347839,0.5342303514480591,0,-1.8674739599227905,0.5317539184386216,0.6163990435330681,0.4101356331128564,0.3241065824860873,-0.03171851663230374,0.4869693888783857,52.02109609630878,3.1606180667877197,0.92,5.391780853271484,-0.32480818033218384,-36.278602600097656,1.96199369430542
0.9982212781906128,-0.05532818287611008,0.02220471389591694,0.05502496287226677,0.9983862042427063,0.014042400754988194,-0.022945823147892952,-0.012795611284673214,0.9996548891067505,1.0000003576278687,0.11188898980617523,0.0601198747754097,0.45056232810020447,0.4120171070098877,0.29666993021965027,0.010996033437550068,0.010921146720647812,0.29283756017684937,0.013770687393844128,0.012567244470119476,0.27802756428718567,0.16850946843624115,1,0.09089359854758232,1,0.5225779868439498,0.3370198541063578,-0.03187187163636011,0.49103781517706296,49.447315599373475,0.49023230075836177,0.40573837161064147,0.5725063800811767,0.44168986678123473,767.6549530029297,319.9666142463684,816.8577575683594,315.055296421051,705.3147125244141,322.0420432090759,653.4220886230469,321.8550181388855,478,0.5822740793228149,0.5359514951705933,0,-0.7333475351333618,0.5381892642659157,0.6589011930252014,0.41022498940185226,0.32753515510533476,-0.03487823068822719,0.490103764684311,51.89296092775407,3.155122756958008,0.92,5.399643898010254,-0.2777343988418579,-36.16819763183594,1.3148140907287598
0.9982252717018127,-0.053401947021484375,0.026352930814027786,0.05294281616806984,0.9984385371208191,0.01782352104783058,-0.027263585478067398,-0.016396677121520042,0.9994937777519226,1.000000238418579,0.06370758265256882,0.03976139798760414,0.4406866133213043,0.39887529611587524,0.27917397022247314,0.012595707550644875,0.010807574726641178,0.27878355979919434,0.014505487866699696,0.012376916594803333,0.18579255044460297,0.11891788244247437,1,0.09113465340191611,1,0.5272203508094806,0.36800956836840004,-0.03258008145889203,0.48963081375242684,49.74498338952853,0.4905890464782715,0.4055651754140854,0.5726828217506409,0.44394257962703704,768.1510925292969,321.68039560317993,817.6259613037109,316.5034532546997,704.541015625,324.1197466850281,652.6731872558594,323.074951171875,478,0.5820937752723694,0.5383774042129517,1,-0.9398518800735474,0.6378194768446958,0.5790104221996308,0.4258260675474155,0.3491068077842065,-0.0335579844964717,0.4958482255161408,51.878350180963636,3.0359482765197754,0.92,5.348483562469482,-0.3915533423423767,-36.02900695800781,1.562281847000122
0.9981546401977539,-0.05003826692700386,0.03440168499946594,0.04924989864230156,0.9985124468803406,0.023394666612148285,-0.03552113473415375,-0.021657230332493782,0.9991341829299927,1.0000004768371582,0.06396513432264328,0.02826058864593506,0.38233140110969543,0.3542346954345703,0.33110976219177246,0.009567664936184883,0.008291276171803474,0.33351993560791016,0.01596362330019474,0.01660635508596897,0.1942542940378189,0.11208827793598175,1,0.0912681339884556,1,0.5310175159170545,0.3683836635764837,-0.03768306072699756,0.4875933519000533,49.484178205768906,0.48953302502632146,0.4049268901348114,0.5726081907749176,0.4429715216159821,768.4977722167969,321.91372632980347,817.7032470703125,316.66919231414795,704.8081207275391,323.77947092056274,652.7652740478516,321.9460201263428,478,0.5830751657485962,0.5380446314811707,1,-1.2417486906051636,0.6378194768446958,0.47101230981310577,0.41773548321642767,0.3565442740087308,-0.044466328710747786,0.4894140371629519,52.07513257250946,2.824737310409546,0.92,5.358493804931641,-0.3980213701725006,-36.08241653442383,2.0356390476226807
0.9982045888900757,-0.04977855458855629,0.03331141546368599,0.0488019697368145,0.9983723163604736,0.029514677822589874,-0.03472639620304108,-0.027836021035909653,0.9990090727806091,1.0000003576278687,0.059349462389945984,0.03313435986638069,0.4033965468406677,0.3692481517791748,0.3034379482269287,0.011033906601369381,0.00873306579887867,0.31682056188583374,0.014944713562726974,0.01508772000670433,0.17997346818447113,0.1249740794301033,1,0.09095013162385171,1,0.5291199203445971,0.37171262534171,-0.037965170847994306,0.4860365052245518,49.56167391892167,0.489639264345169,0.40725978314876554,0.5727066814899444,0.44338186681270597,768.3192443847656,322.3527503013611,817.5833892822266,316.9302463531494,704.7188568115234,323.91162872314453,652.8813171386719,322.16068267822266,478,0.5830674171447754,0.5361220836639404,1,-1.596055507659912,0.6378194768446958,0.4720860035098925,0.42381828214044914,0.35137337015240966,-0.04325870500830092,0.485995774468251,51.86710259394119,2.798947334289551,0.92,5.366899013519287,-0.4219474792480469,-36.10548782348633,1.9900760650634766
0.9985336661338806,-0.045896708965301514,0.028706060722470284,0.04507414624094963,0.9985719919204712,0.02867400087416172,-0.029981115832924843,-0.02733806148171425,0.999176561832428,1.0,0.06595278531312943,0.037178631871938705,0.40111440420150757,0.3640798330307007,0.2947417199611664,0.011867819353938103,0.009652769193053246,0.29767903685569763,0.015986155718564987,0.014970919117331505,0.20138221979141235,0.12503916025161743,1,0.09094322600546843,1,0.5287246914619429,0.36969875924964346,-0.03829485706749115,0.4850317414620492,49.64495052920444,0.490777850151062,0.4053629368543625,0.5727241039276123,0.44415203034877776,768.2684326171875,322.9329013824463,817.6245880126953,317.5858426094055,704.8616027832031,324.4770812988281,652.9273986816406,322.5739789009094,478,0.5819462537765503,0.5387890934944153,1,-1.5672553777694702,0.639758797704018,0.521229875443448,0.4224227994762383,0.3522638749395841,-0.042604099850248024,0.4841310956772968,51.96906151263127,2.5845961570739746,0.92,5.339855670928955,-0.49150550365448,-35.96546173095703,1.7180486917495728
0.9984556436538696,-0.04875444620847702,0.026632685214281082,0.048297103494405746,0.9986787438392639,0.01755417324602604,-0.027453338727355003,-0.016240781173110008,0.9994912147521973,0.999999463558197,0.0759582668542862,0.040006477385759354,0.38991329073905945,0.35359078645706177,0.2763426601886749,0.012762544676661491,0.01099200639873743,0.27497348189353943,0.01667594537138939,0.015869716182351112,0.21120420098304749,0.13093312084674835,1,0.09131790819357503,1,0.5210724863314679,0.36074666598337307,-0.03854312727497622,0.4727247479511405,49.94282738656627,0.4909579217433929,0.40443543791770936,0.5729344546794891,0.4435119450092316,768.2786560058594,322.4275732040405,817.9054260253906,316.817786693573,705.0224304199219,323.98632287979126,652.9026794433594,322.4731492996216,478,0.5819765329360962,0.5390765070915222,1,-0.9309199452400208,0.6603692722163007,0.5344256569935485,0.42247887186493677,0.3481718150526173,-0.04144981182869756,0.476393942051639,52.141712057113104,2.7693417072296143,0.92,5.347789287567139,-0.416528582572937,-35.95893096923828,1.5731580257415771
0.9985313415527344,-0.04859175533056259,0.023956993594765663,0.0481039360165596,0.9986311793327332,0.020535362884402275,-0.02492203749716282,-0.01935274712741375,0.9995020627975464,0.9999998211860657,0.06549746543169022,0.03743741661310196,0.44332683086395264,0.41103219985961914,0.29134511947631836,0.011686934158205986,0.009840224869549274,0.29701852798461914,0.013018178753554821,0.012304378673434258,0.18803147971630096,0.1367541253566742,1,0.09096781240173214,1,0.5291998915838383,0.3668881574243383,-0.030654981830463612,0.4877937549409151,49.876682362475556,0.49088955521583555,0.40511531233787534,0.572885400056839,0.44423258900642393,768.3734893798828,322.4877405166626,817.9228973388672,316.783390045166,705.0633239746094,324.00168657302856,653.3377838134766,322.52209424972534,478,0.5819958448410034,0.5391172766685486,1,-1.109244465827942,0.679583112729921,0.5912220186797139,0.4204938321041355,0.34743432576912653,-0.030776236936985713,0.49877202807746146,51.74669746474295,2.7580738067626953,0.92,5.37087345123291,-0.4224023222923279,-36.01204299926758,1.4280753135681152
0.9986105561256409,-0.04640180245041847,0.024975867941975594,0.045633260160684586,0.9984923005104065,0.03050890378654003,-0.026353875175118446,-0.02932678535580635,0.9992223381996155,0.9999995827674866,0.0520334430038929,0.023223819211125374,0.4600745737552643,0.4255683124065399,0.30987098813056946,0.010203168727457523,0.008759585209190845,0.3168972134590149,0.011505275033414364,0.011503979563713074,0.1500905156135559,0.08084274083375931,1,0.09083870840297723,1,0.5344180855614896,0.37980701126681576,-0.029466909971190513,0.5022829873261884,49.853585127048014,0.4907362997531891,0.40835229158401487,0.572763854265213,0.44383583068847654,768.3770751953125,322.20067977905273,817.9383087158203,316.80956840515137,705.1918029785156,323.3010506629944,653.3650970458984,322.3479652404785,478,0.5820275545120239,0.5354835391044617,1,-1.6811261177062988,0.679583112729921,0.5692729763234708,0.41787676898079856,0.3698974598448907,-0.03282484454697019,0.5102713255757853,51.83546874247652,2.616410732269287,0.92,5.3887224197387695,-0.4178752601146698,-36.137516021728516,1.5101405382156372
0.9985496401786804,-0.04515959322452545,0.029312841594219208,0.0442562960088253,0.9985464215278625,0.030766116455197334,-0.030659615993499756,-0.02942420169711113,0.999096691608429,1.0000003576278687,0.05096742510795593,0.03910113126039505,0.383791446685791,0.3389706015586853,0.31863611936569214,0.009886514395475388,0.008579432033002377,0.31802448630332947,0.01734420843422413,0.01614878885447979,0.18159310519695282,0.1321629285812378,1,0.09123570660804517,1,0.5313101894540779,0.3779534830812764,-0.04533991896148618,0.4800668227124246,49.628668187827905,0.4902216136455536,0.4063192754983902,0.572718495130539,0.44174154102802277,768.6275482177734,321.4379668235779,817.9426574707031,315.86798429489136,704.6153259277344,322.8052067756653,653.1993103027344,321.41314029693604,478,0.5824968814849854,0.5354222655296326,1,-1.6869192123413086,0.6603692722163007,0.43879434238057347,0.41782059599823884,0.35330007818341436,-0.04611090710225672,0.490617789116008,51.43485697398521,2.5377209186553955,0.92,5.362884521484375,-0.39178895950317383,-36.084678649902344,1.756941795349121
0.9988610148429871,-0.04491892457008362,0.016092248260974884,0.04466523602604866,0.9988771677017212,0.015793083235621452,-0.016783617436885834,-0.015056345611810684,0.999745786190033,0.9999995827674866,0.050880808383226395,0.042048562318086624,0.4022766947746277,0.3526684045791626,0.24865642189979553,0.013833210803568363,0.013421527110040188,0.24563194811344147,0.01673438958823681,0.01521454006433487,0.21122115850448608,0.1353481113910675,1,0.0910296301285648,1,0.5191896397072753,0.36979906923039424,-0.03638153939576719,0.4953905411469082,50.71521225137757,0.49147562384605403,0.40390310287475584,0.5726238906383514,0.4415749073028564,767.1774291992188,320.7332754135132,817.6071929931641,315.36003828048706,704.7249603271484,322.53722190856934,653.1743621826172,321.4300274848938,478,0.5811482667922974,0.5376718044281006,1,-0.8628191351890564,0.6589428460852784,0.5063764986365517,0.4178079941691398,0.3529469235901873,-0.04277934804730509,0.49042794339560597,51.56248683542999,2.5603418350219727,0.92,5.353035926818848,-0.33853235840797424,-36.04506301879883,0.9616755247116089
0.9980747699737549,-0.05439741536974907,0.02979370765388012,0.05316735431551933,0.9977587461471558,0.040629398077726364,-0.031937066465616226,-0.03896714001893997,0.9987300038337708,1.0000001192092896,0.04997950419783592,0.04353265091776848,0.4378497004508972,0.40140068531036377,0.2537159323692322,0.013507694937288761,0.012915517203509808,0.2579512894153595,0.0142540093511343,0.01210913248360157,0.19301779568195343,0.14284323155879974,1,0.09086462447127745,1,0.5225846191036396,0.37203797046397796,-0.03379229987143559,0.4984286652533082,50.690399510559615,0.49123945236206057,0.4055003345012665,0.5724871993064881,0.44253907799720765,767.0835876464844,320.82897663116455,817.4391937255859,315.0126600265503,704.7441101074219,323.12029123306274,653.1548309326172,322.7084970474243,478,0.5812477469444275,0.5370387434959412,1,-2.234358310699463,0.6376425027620678,0.5381688240455699,0.41765179955999465,0.3509986205113125,-0.035500343151066996,0.5091407752311813,51.59092265438217,3.0492587089538574,0.92,5.305314540863037,-0.45228612422943115,-35.9642333984375,1.8301702737808228
0.998450517654419,-0.04993421584367752,0.024558143690228462,0.04964963346719742,0.9986938238143921,0.012064984068274498,-0.02512853592634201,-0.010826981626451015,0.999625563621521,0.9999999403953552,0.047000594437122345,0.039975155144929886,0.42440319061279297,0.37213829159736633,0.27990445494651794,0.011501182802021503,0.012087379582226276,0.27304524183273315,0.017491372302174568,0.012781303375959396,0.23586052656173706,0.11697149276733398,1,0.09123780448319782,1,0.5182540258372745,0.3747765736143588,-0.03416010267516323,0.49910252555020534,50.17403642882505,0.4908923864364624,0.4033834844827652,0.5726731181144714,0.44247268736362455,767.5928497314453,320.8507990837097,817.4424743652344,315.15440940856934,705.0725555419922,323.096559047699,653.2054138183594,322.37242698669434,478,0.581780731678009,0.5390892028808594,1,-0.62054842710495,0.6293636859190324,0.5437630062172347,0.41422727962632594,0.35514597882561866,-0.03430766048546209,0.5089130960488026,51.87219638616559,2.8467841148376465,0.92,5.3325276374816895,-0.3536154627799988,-35.95428466796875,1.4399105310440063
0.9983682036399841,-0.051646407693624496,0.024363480508327484,0.051365528255701065,0.9986075758934021,0.012017409317195415,-0.024950213730335236,-0.010746347717940807,0.999630868434906,0.9999999403953552,0.043360304087400436,0.03803668171167374,0.4184108078479767,0.3671686351299286,0.28121814131736755,0.011428684927523136,0.011883290484547615,0.2754434645175934,0.01815066486597061,0.01268742885440588,0.2257295399904251,0.0976962000131607,1,0.0910707239032626,1,0.5221469295412606,0.3783594848888513,-0.035220953754379954,0.49830357821077115,49.98899206216665,0.49083177447319026,0.40363997519016265,0.5726283609867096,0.4427508145570755,767.7057647705078,320.8531594276428,817.3655700683594,315.1257634162903,705.0211334228516,323.3935761451721,653.1884002685547,322.8565764427185,478,0.5817965865135193,0.5391108393669128,1,-0.6159239411354065,0.6260690041376962,0.5385136186243306,0.4160065309775381,0.35909880168582736,-0.03376413301783313,0.5057127686048528,51.835514804317825,2.9452412128448486,0.92,5.34407901763916,-0.3496287763118744,-36.01576232910156,1.4296902418136597
0.9982399344444275,-0.05293913930654526,0.026729702949523926,0.052353281527757645,0.9983826279640198,0.02216208726167679,-0.02785971201956272,-0.020723693072795868,0.9993969798088074,0.9999998211860657,0.05314595624804497,0.04348058998584747,0.43399736285209656,0.3872898817062378,0.30168431997299194,0.010255101136863232,0.010885576717555523,0.2953951060771942,0.015672657638788223,0.012351267039775848,0.20316371321678162,0.10162476450204849,1,0.09151970541720708,1,0.5219626235696468,0.37298789898647305,-0.036754946492434104,0.49189710401522213,49.997119316368526,0.49022542834281924,0.4059294104576111,0.5723354756832123,0.44245787858963015,767.6071929931641,320.82638025283813,817.3023223876953,315.3394818305969,704.7466278076172,323.0339026451111,652.7703857421875,322.7656602859497,478,0.5821100473403931,0.536528468132019,1,-1.1879262924194336,0.5462934571545298,0.5212085516335756,0.4102438278037069,0.3524760991308977,-0.038129323898780584,0.4919800423001495,51.97693424309811,3.00216007232666,0.92,5.350940227508545,-0.3540544807910919,-36.0826530456543,1.5964504480361938
0.998063862323761,-0.050358179956674576,0.03650401532649994,0.048882339149713516,0.9979931116104126,0.04025367274880409,-0.03845784813165665,-0.03839133679866791,0.9985224604606628,0.9999997019767761,0.05348854139447212,0.04533768817782402,0.43674322962760925,0.3927321434020996,0.32641366124153137,0.008656772784888744,0.009918974712491035,0.32242000102996826,0.015367449261248112,0.011904732324182987,0.2096552550792694,0.11089485138654709,1,0.09189802987969212,1,0.520507479759625,0.3654220052981438,-0.035602713639154106,0.4900802350567442,50.67629076854723,0.4896401941776276,0.4058676898479462,0.5719513475894928,0.44244306683540346,766.9480895996094,320.8193635940552,817.3262023925781,315.33008337020874,704.7273254394531,322.96008825302124,651.6107177734375,322.59554386138916,478,0.5823111534118652,0.5365753769874573,1,-2.201831817626953,0.5423893778253348,0.5127674046006868,0.40929391103350693,0.340080281085869,-0.03547104359063429,0.49741441094486977,53.11785860391151,2.8039443492889404,0.92,5.31258487701416,-0.40218210220336914,-36.0997200012207,2.2040157318115234
0.9981797337532043,-0.052375081926584244,0.029901554808020592,0.051965441554784775,0.998546302318573,0.014316796325147152,-0.030607931315898895,-0.012736879289150238,0.9994503259658813,1.0000004768371582,0.0656021386384964,0.048776768147945404,0.4307127594947815,0.38332638144493103,0.3097948431968689,0.009608513675630093,0.010566391050815582,0.30183351039886475,0.015804173424839973,0.012877942062914371,0.2468453198671341,0.12828446924686432,1,0.09159335569734875,1,0.5177665499796755,0.35577279642043397,-0.03684988463805668,0.4911518515089302,50.21035492582492,0.4899815022945404,0.40490140318870543,0.5720203816890717,0.4422813832759857,766.9395446777344,320.767822265625,816.84814453125,315.27133226394653,704.5602416992188,322.9566550254822,651.97509765625,322.4944996833801,478,0.5820388793945312,0.5373799800872803,1,-0.730131208896637,0.5339098631168273,0.5993036191684412,0.41187358917436384,0.34018879281298203,-0.03674743633264076,0.49531214722047656,52.587174878340626,2.9801394939422607,0.92,5.314869403839111,-0.32093939185142517,-36.03770065307617,1.7539790868759155
0.9976161122322083,-0.05911502614617348,0.035603415220975876,0.05812372639775276,0.9979091882705688,0.028263580054044724,-0.03719976544380188,-0.026126818731427193,0.9989662766456604,0.9999997615814209,0.07486782968044281,0.048337019979953766,0.4367726743221283,0.3982205092906952,0.2843032479286194,0.011447097174823284,0.010864438489079475,0.29342928528785706,0.014440059661865234,0.012552205473184586,0.2441590577363968,0.13667504489421844,1,0.09109927262889586,1,0.5187225124277514,0.3511624221667152,-0.035362595510923855,0.4868607917115099,49.981971446529656,0.488951975107193,0.4050998091697693,0.5725166141986847,0.4422879219055176,767.4428558349609,320.81586599349976,817.0946502685547,315.0802946090698,704.5656585693359,323.0203628540039,652.2404479980469,322.30180978775024,478,0.5835646390914917,0.5371881127357483,1,-1.4981639385223389,0.5339098631168273,0.6021363296522732,0.4270979801893255,0.3389492452366091,-0.035612100184630624,0.49384657796411663,52.330144084871606,3.334432363510132,0.92,5.376686096191406,-0.3576992154121399,-36.18359375,2.1318814754486084
0.9981904029846191,-0.044199150055646896,0.04077097773551941,0.042688701301813126,0.9983955025672913,0.03720235079526901,-0.04234987124800682,-0.035394564270973206,0.9984756708145142,0.9999998211860657,0.04679914191365242,0.039096008986234665,0.4229893386363983,0.37765729427337646,0.16296380758285522,0.024250172078609467,0.019453423097729683,0.17524071037769318,0.015648894011974335,0.01316645834594965,0.17574717104434967,0.10959844291210175,1,0.0903552121041977,1,0.5068599297939291,0.38140723880911415,-0.041381986431365994,0.49145039950605773,49.50531389705671,0.49141775965690615,0.4061844140291214,0.5753054559230805,0.4422206073999405,770.1951599121094,321.34636402130127,819.4270324707031,316.150324344635,706.7719268798828,323.05615425109863,655.3359985351562,321.7287611961365,478,0.5838876962661743,0.5360361933708191,1,-2.0302047729492188,0.5222580955933532,0.4905117271198962,0.45226343332360364,0.35601071497609504,-0.04199156153049298,0.4929612093161725,51.45305333125638,2.448824167251587,0.7,5.413836479187012,-0.4149377644062042,-36.116580963134766,2.427194595336914
0.9983453154563904,-0.041249025613069534,0.040064942091703415,0.03977871686220169,0.9985295534133911,0.03682820871472359,-0.041525162756443024,-0.03517354279756546,0.998518168926239,1.0000003576278687,0.043103914707899094,0.03667712211608887,0.4469076097011566,0.3886411190032959,0.17671577632427216,0.021652402356266975,0.01715286448597908,0.1852438598871231,0.016318395733833313,0.011793054640293121,0.21060673892498016,0.09444769471883774,1,0.09077473333500471,1,0.5175088898333589,0.376172770682082,-0.03624114146980521,0.49483719907533236,50.02436628007325,0.4912414014339447,0.4064003825187683,0.5751044809818268,0.4424431324005127,770.4758453369141,321.2354063987732,820.1963806152344,315.7303547859192,706.7918395996094,323.1410837173462,654.6372222900391,321.7000079154968,478,0.5838630795478821,0.5360427498817444,1,-2.0174520015716553,0.5222580955933532,0.6000926172837041,0.4495064794529087,0.3562002870300238,-0.03604956742229692,0.5031785352494244,52.174522578350015,2.2817230224609375,0.7,5.390285968780518,-0.40384411811828613,-36.037723541259766,2.3799006938934326
0.9979654550552368,-0.046783652156591415,0.043315596878528595,0.04575751721858978,0.9986547827720642,0.024387603625655174,-0.04439827427268028,-0.02235596999526024,0.9987637996673584,0.9999998211860657,0.04465901479125023,0.035363052040338516,0.41434258222579956,0.3590265214443207,0.19789935648441315,0.020553188398480415,0.013383268378674984,0.21090233325958252,0.017505522817373276,0.013647889718413353,0.18730469048023224,0.10999739915132523,1,0.08985130892963167,1,0.5225175328299583,0.37795984969060026,-0.03962499245178702,0.48737083530305203,50.37943779434066,0.4907585501670837,0.4058209747076035,0.5748618960380554,0.44242466390132906,769.7001647949219,321.53424739837646,819.7429656982422,315.7199692726135,706.9123077392578,323.2273006439209,654.9319458007812,321.91009998321533,478,0.5841033458709717,0.5366036891937256,1,-1.2822738885879517,0.5222580955933532,0.5033332345994754,0.45074621571647994,0.3585733492327463,-0.03932510329068313,0.4995269835782528,51.997048425267174,2.625218629837036,0.7,5.379512786865234,-0.3763270080089569,-35.99240493774414,2.5446701049804688
0.9982696175575256,-0.04372106492519379,0.03932265564799309,0.04332717880606651,0.9990023970603943,0.010814218781888485,-0.03975624218583107,-0.009091787971556187,0.9991680979728699,0.9999997615814209,0.051655691117048264,0.03184943646192551,0.41272151470184326,0.36482521891593933,0.22653773427009583,0.01873856782913208,0.010744534432888031,0.23598435521125793,0.016135316342115402,0.01417411770671606,0.16852979362010956,0.11581560224294662,1,0.08955085785760024,1,0.5284919435216603,0.37588972726997305,-0.03479469208660788,0.48763332926884556,50.49652426527334,0.49091153740882876,0.4054386645555496,0.5747089922428131,0.44320649206638335,769.4730377197266,321.9793653488159,819.7234344482422,316.9997477531433,706.9779968261719,323.2448101043701,654.8731231689453,321.9349694252014,478,0.5837974548339844,0.5377678275108337,1,-0.5213403701782227,0.5112414374367583,0.5551693118900979,0.4504879700864195,0.35844977660378224,-0.039415060385105234,0.49462335564452903,52.12133480202315,2.4852077960968018,0.7,5.384279251098633,-0.34949997067451477,-35.97859573364258,2.2784652709960938
0.9981011152267456,-0.044709015637636185,0.042369741946458817,0.044776905328035355,0.9989967942237854,-0.0006542635383084416,-0.04229798913002014,0.0025501891504973173,0.9991018772125244,0.9999998211860657,0.05496583133935928,0.032955363392829895,0.41304999589920044,0.35355842113494873,0.22208666801452637,0.01806509681046009,0.011145737953484058,0.2351226806640625,0.017340926453471184,0.014607232064008713,0.208867609500885,0.10937505960464478,1,0.08974352586580032,1,0.528174480349687,0.3703520165417849,-0.0344302300930372,0.4868959174169816,50.31221909176747,0.49062567949295044,0.4044904142618179,0.5747511982917786,0.44289571344852446,769.7352600097656,321.6806101799011,819.7714233398438,316.4173650741577,707.0798492431641,323.22165727615356,654.8923492431641,321.90113067626953,478,0.5841255187988281,0.5384052991867065,1,0.14624609053134918,0.5112414374367583,0.6007158884753286,0.4480856216195966,0.3588374449183986,-0.039408369013496675,0.4937757556116028,52.204204302483234,2.568686008453369,0.7,5.3628082275390625,-0.29926779866218567,-35.881038665771484,2.4242193698883057
0.9978069067001343,-0.04497382417321205,0.048565931618213654,0.044622600078582764,0.998969554901123,0.008292543701827526,-0.04888881742954254,-0.00610722228884697,0.9987855553627014,1.0,0.0492948442697525,0.027247082442045212,0.39295607805252075,0.3472989499568939,0.22984439134597778,0.01956341601908207,0.010319992899894714,0.2336801141500473,0.0184482354670763,0.015773016959428787,0.20584438741207123,0.10749215632677078,1,0.0884184274623566,1,0.533756518407919,0.3762919746453885,-0.035003470432273566,0.4935690606710775,50.29385452820732,0.4908567607402802,0.40461463034152984,0.5751748621463776,0.44302583038806914,769.7392272949219,321.93288803100586,819.7277069091797,316.39901876449585,708.5371398925781,323.2967805862427,656.3230895996094,321.85546875,478,0.5843181014060974,0.5384112000465393,1,-0.3503391444683075,0.5513479356867197,0.5788433509246542,0.4468932001193482,0.3654626124933065,-0.03881265462197299,0.502093101880395,52.23393942553472,2.5605998039245605,0.7,5.392601490020752,-0.34398195147514343,-36.010555267333984,2.8022396564483643
0.9983704686164856,-0.04026075452566147,0.04044298455119133,0.03877345100045204,0.9985660910606384,0.0369100496172905,-0.04187101870775223,-0.03528178483247757,0.9984999299049377,1.0000001192092896,0.06282034516334534,0.035625606775283813,0.41807812452316284,0.36310872435569763,0.22943080961704254,0.017020639032125473,0.012340585701167583,0.23489385843276978,0.017299573868513107,0.014382402412593365,0.25067195296287537,0.11667851358652115,1,0.08969797406004265,1,0.5192117079811394,0.360624426155115,-0.035724262811966924,0.4863186874258658,50.270529200473405,0.4909464120864868,0.40577211380004885,0.5752068758010864,0.44362720251083376,769.8990631103516,322.66236305236816,819.8512268066406,317.01369524002075,708.4977722167969,323.98754596710205,655.8615875244141,321.91638708114624,478,0.5842604637145996,0.5378550887107849,1,-2.0236923694610596,0.5513479356867197,0.6283138030307512,0.4367224907347607,0.35157545130047385,-0.039027243504815685,0.4952838844882112,52.67691750859063,2.2240631580352783,0.7,5.429111480712891,-0.4670993983745575,-36.082218170166016,2.3997340202331543
0.9980449080467224,-0.04015108942985535,0.04789769649505615,0.03924058377742767,0.9990336298942566,0.019801020622253418,-0.048646438866853714,-0.01788276433944702,0.9986559748649597,1.0000005960464478,0.05593938007950783,0.04364686831831932,0.3631120026111603,0.308986097574234,0.25712889432907104,0.014462892897427082,0.010609644465148449,0.26079267263412476,0.022293223068118095,0.01752128265798092,0.2504413425922394,0.11348572373390198,1,0.08965953550120775,1,0.5224991747478812,0.37306460709800543,-0.04519105930057879,0.47627977646512737,49.854722735653,0.4902819871902466,0.4039770603179932,0.5751727104187012,0.4424286723136902,770.1762390136719,321.8351483345032,819.7824096679688,316.8631052970886,708.4653472900391,323.27139616012573,655.9993743896484,321.75036907196045,478,0.5848907232284546,0.538451611995697,1,-1.0258761644363403,0.6094584903431469,0.5028078807629593,0.43528200889246355,0.3542058147103543,-0.046417470519383434,0.4784670110494881,52.48801611694265,2.2515642642974854,0.7,5.3949079513549805,-0.3987211585044861,-35.96392059326172,2.7883360385894775
0.9981913566589355,-0.03581351041793823,0.04828305542469025,0.03343497961759567,0.9982290863990784,0.049200937151908875,-0.04995965585112572,-0.04749760776758194,0.9976211786270142,1.0000001192092896,0.04777625575661659,0.03903828561306,0.43684762716293335,0.39589157700538635,0.2543458044528961,0.01476483978331089,0.0099525460973382,0.2648910582065582,0.015002877451479435,0.012583010829985142,0.20972703397274017,0.1138404831290245,1,0.08972430747111922,1,0.5321522080547729,0.37909064888316746,-0.03617239628714297,0.5059140682532868,49.086482887086966,0.49053347706794737,0.4077840864658356,0.5754158556461334,0.44433264136314393,771.2928771972656,322.72029876708984,820.1786804199219,318.28622102737427,708.406982421875,323.9400386810303,656.0450744628906,322.3927688598633,478,0.584882378578186,0.5365485548973083,1,-2.7258431911468506,0.6094584903431469,0.5584607289181879,0.44064592469325436,0.35368419674588564,-0.03830157207641142,0.5028144042869497,52.3847635206022,1.9184370040893555,0.7,5.4323530197143555,-0.5228469967842102,-36.12802505493164,2.8636693954467773
0.998208224773407,-0.03860907629132271,0.0457129031419754,0.038444165140390396,0.9992507100105286,0.004481612704694271,-0.045851677656173706,-0.002716136397793889,0.9989445805549622,0.9999998211860657,0.054729580879211426,0.0369412899017334,0.4307313859462738,0.3764992952346802,0.23558896780014038,0.015955302864313126,0.011747900396585464,0.24112722277641296,0.01589854061603546,0.013449900783598423,0.20781853795051575,0.11190631985664368,1,0.09009226677032077,1,0.5218173275309083,0.37308657062098743,-0.032562416925800024,0.49686698755090447,49.4861770459561,0.4905786335468292,0.40497528314590453,0.5759271204471588,0.4441025137901306,771.4918518066406,322.4300193786621,820.7510375976562,317.69564151763916,709.0746307373047,323.8515901565552,656.1936187744141,322.3871684074402,478,0.5853484869003296,0.5391272306442261,1,-0.1557871699333191,0.6094584903431469,0.597755057929391,0.44162144226747063,0.34872899031632204,-0.037274419542701887,0.49954223450900187,52.901285025833396,2.205552101135254,0.7,5.436880111694336,-0.3539164960384369,-36.0088996887207,2.6280288696289062
0.99828040599823,-0.040279749780893326,0.04258853569626808,0.040269047021865845,0.999188244342804,0.0011084427824243903,-0.04259858652949333,0.0006084474734961987,0.9990921020507812,1.000000238418579,0.05846166983246803,0.037776317447423935,0.43126049637794495,0.38506951928138733,0.22650955617427826,0.016881562769412994,0.012691020965576172,0.2312568575143814,0.015487156808376312,0.013186391443014145,0.19534558057785034,0.10871858149766922,1,0.0903841676547526,1,0.5182079279595003,0.369602662862185,-0.032364785626823725,0.4901010961192388,50.00243666824803,0.4908922553062439,0.40494937300682066,0.5758813858032227,0.4440181314945221,771.1964416503906,322.42705821990967,820.9734344482422,317.68420457839966,709.0092468261719,323.79258155822754,655.5510711669922,322.30314016342163,478,0.5849891304969788,0.5390687584877014,1,0.03489314764738083,0.5933097432881064,0.6452412270558702,0.4443234794249748,0.3440368119159911,-0.03720413104723988,0.4931638723114907,53.478920899577155,2.3099684715270996,0.7,5.436827659606934,-0.3409816324710846,-35.949337005615234,2.441457748413086
0.9978751540184021,-0.04033827409148216,0.051167238503694534,0.03934311866760254,0.9990193843841553,0.02030981332063675,-0.0519363172352314,-0.01825357787311077,0.9984835982322693,1.0000001192092896,0.040417104959487915,0.043024178594350815,0.444175124168396,0.3930254876613617,0.2075836956501007,0.019178476184606552,0.01198744960129261,0.22145678102970123,0.015051018446683884,0.011515067890286446,0.19255468249320984,0.11737068742513657,1,0.08959436944108475,1,0.5291805182592793,0.3793691329010223,-0.03164688802837005,0.49720051464389065,49.71087291293073,0.49062723517417905,0.40644808709621427,0.5763377010822296,0.44349940717220304,772.0078277587891,322.0068097114563,821.4204406738281,316.5694785118103,708.99169921875,323.70447635650635,656.1329650878906,321.86190605163574,478,0.5857104659080505,0.5370513200759888,1,-1.0473246574401855,0.5901042594369346,0.5635143524016508,0.45899369264935874,0.3420003685251423,-0.03459078595554727,0.4983357643135652,52.89083889815939,2.2578251361846924,0.7,5.44583797454834,-0.387586385011673,-35.992652893066406,2.9770710468292236
0.9980019330978394,-0.035968661308288574,0.05194571241736412,0.034269433468580246,0.9988597631454468,0.03324009105563164,-0.05308207869529724,-0.03139351308345795,0.9980965256690979,0.9999995231628418,0.03717736899852753,0.036533843725919724,0.44046929478645325,0.3936867117881775,0.2472335696220398,0.01640469953417778,0.009279816411435604,0.262844055891037,0.014652380719780922,0.011811741627752781,0.15329524874687195,0.10361863672733307,1,0.08971173990643469,1,0.5318214330233285,0.3853810130336491,-0.03742510063305185,0.49947006642814135,49.97287622822885,0.4901933133602142,0.40823356807231903,0.5764027893543243,0.44464074075222015,772.1669006347656,323.3759379386902,821.9002532958984,318.48901748657227,709.2974090576172,324.2293953895569,656.3426208496094,322.2814893722534,478,0.5862094759941101,0.5364071726799011,1,-1.801552176475525,0.5690039440644592,0.45126188194763484,0.4539323855324212,0.3472028806241366,-0.037542679695019066,0.4988160630331179,52.99060229996628,1.9666521549224854,0.7,5.4745354652404785,-0.4478900134563446,-36.05531311035156,3.042809009552002
0.9983291625976562,-0.03562742471694946,0.04549197480082512,0.03468111529946327,0.9991687536239624,0.021424392238259315,-0.04621744900941849,-0.01981089822947979,0.9987348914146423,0.9999998211860657,0.03780543431639671,0.029096966609358788,0.4084997773170471,0.36484694480895996,0.20326103270053864,0.019424492493271828,0.01257131528109312,0.2146354764699936,0.016671299934387207,0.014485611580312252,0.16935236752033234,0.10556983202695847,1,0.089624227341884,1,0.5249213126423105,0.386230185580606,-0.03676016585227309,0.5017130354394275,49.96853043692316,0.490825355052948,0.4056716561317444,0.5767145752906799,0.44454365968704224,772.1660614013672,323.32892417907715,821.8948364257812,318.4398579597473,709.5729064941406,324.16165351867676,657.0069885253906,322.17166900634766,478,0.5858892202377319,0.5388720035552979,1,-1.1363695859909058,0.5569826434018662,0.5007889130440382,0.4532605752779688,0.35819765909451606,-0.03780565810924702,0.5066405097537097,52.603571840340564,1.9896068572998047,0.7,5.503813743591309,-0.43015873432159424,-36.102294921875,2.649008274078369
0.9983383417129517,-0.0431017130613327,0.03824464604258537,0.04242296144366264,0.9989305734634399,0.01838541030883789,-0.03899617865681648,-0.016732405871152878,0.9990992546081543,0.9999998211860657,0.028095979243516922,0.03222968056797981,0.396119624376297,0.33913058042526245,0.16271257400512695,0.024359438568353653,0.016447721049189568,0.17023725807666779,0.019909877330064774,0.014853689819574356,0.16134412586688995,0.0985708236694336,1,0.09005992131043372,1,0.5199529157645667,0.39563243140569204,-0.03830026542730537,0.4930052667268525,49.83430477582241,0.4910440742969513,0.40404937863349916,0.5768648087978363,0.4428512275218964,772.4941253662109,321.364688873291,822.0085144042969,315.7270288467407,708.8716125488281,323.7088108062744,656.9882202148438,322.2804594039917,478,0.585820734500885,0.5388018488883972,1,-0.9594707489013672,0.5113357916070523,0.4195807223589776,0.45895944054784155,0.36274243672500556,-0.035758971040937775,0.5059062041533723,51.90304989029409,2.4332382678985596,0.7,5.512844085693359,-0.35548141598701477,-36.060791015625,2.2348830699920654
0.9984769821166992,-0.036191947758197784,0.0416390486061573,0.03526722267270088,0.9991193413734436,0.022732624784111977,-0.04242511838674545,-0.021229516714811325,0.9988740682601929,0.9999997615814209,0.0508534237742424,0.04556794837117195,0.393410861492157,0.33766573667526245,0.20035426318645477,0.019308479502797127,0.013645509257912636,0.20943905413150787,0.019658690318465233,0.014910117723047733,0.2431405782699585,0.12847763299942017,1,0.0899907380846596,1,0.5204372104899921,0.3712630783367519,-0.04222280442943842,0.48345788128268213,49.803310397369124,0.4910084426403045,0.4039090573787689,0.5768279254436492,0.44276347756385803,772.4559020996094,321.90439224243164,821.9819641113281,316.65663957595825,709.3757629394531,323.66761207580566,657.1173858642578,321.53510570526123,478,0.5858194828033447,0.5388544201850891,1,-1.217549443244934,0.5113040584960845,0.5621910058889482,0.45228339890916597,0.34362376355785457,-0.040231234822825035,0.4958579005134687,52.301869546492455,2.02290415763855,0.7,5.4989824295043945,-0.39160510897636414,-36.03565979003906,2.4315099716186523
0.9988946914672852,-0.027461618185043335,0.03814697265625,0.02634935826063156,0.9992215037345886,0.02936025708913803,-0.03892355039715767,-0.028322657570242882,0.9988407492637634,1.0,0.06871911883354187,0.05108901113271713,0.44979599118232727,0.38736340403556824,0.11105239391326904,0.043162789195775986,0.029239259660243988,0.0972587913274765,0.016729313880205154,0.01201191172003746,0.24735181033611298,0.12553025782108307,1,0.08922408468009466,1,0.5058385293872145,0.3604543011741099,-0.03339392808087992,0.49524643970908844,49.539650732613715,0.49296450018882754,0.40537477731704713,0.5780953109264374,0.444076669216156,772.8630065917969,322.5166869163513,822.2570037841797,318.72063159942627,710.0071716308594,323.4981179237366,658.1840515136719,321.67121171951294,478,0.5851308107376099,0.5387018918991089,1,-1.624216914176941,0.5295750765338614,0.6787243668133891,0.47660242072567,0.3423421358821838,-0.03662239323652622,0.48968200637536136,51.85531183073905,1.5110270977020264,0.5,5.5228047370910645,-0.43426352739334106,-36.083778381347656,2.2307186126708984
0.9987822771072388,-0.026056136935949326,0.041893370449543,0.0250241756439209,0.9993748664855957,0.024971922859549522,-0.04251785948872566,-0.02389315702021122,0.9988099932670593,0.999999463558197,0.07720009237527847,0.059997670352458954,0.46045899391174316,0.39984995126724243,0.11956369131803513,0.03769500181078911,0.02491961419582367,0.11784380674362183,0.015361317433416843,0.011600008234381676,0.2568095922470093,0.15181246399879456,1,0.08950496539636418,1,0.5061685086882889,0.3523235143805514,-0.028931829624829895,0.49783478667321185,49.8164057654702,0.4915683448314667,0.4056700080633163,0.5782460153102875,0.44481094777584074,773.1201171875,323.16940784454346,822.7745056152344,319.1549348831177,710.6211090087891,323.7461042404175,658.3378601074219,321.71786069869995,478,0.5866776704788208,0.5391409397125244,1,-1.3703466653823853,0.5111552381837684,0.6948538960124574,0.4697304789989726,0.3298169281442433,-0.03335801307449889,0.4879917171969055,52.322575315550715,1.435227394104004,0.5,5.5482497215271,-0.44283923506736755,-36.09017562866211,2.436828374862671
0.9987990260124207,-0.024067314341664314,0.04267748445272446,0.023061474785208702,0.9994481801986694,0.02390618622303009,-0.04322926700115204,-0.022893279790878296,0.998802900314331,1.0000001192092896,0.06343715637922287,0.05812326818704605,0.4646468758583069,0.4074872136116028,0.1130787655711174,0.04419373720884323,0.029456771910190582,0.09329678118228912,0.015209740027785301,0.011176667176187038,0.23372064530849457,0.16318537294864655,1,0.08850207801606977,1,0.5070194582651898,0.36455616066967816,-0.028706771848024993,0.5091728495390074,49.536587524114594,0.4922011613845825,0.40547414422035216,0.5788347244262695,0.4445513069629669,773.4032440185547,323.0769681930542,822.7792358398438,319.0913772583008,711.4582061767578,323.22288036346436,659.7893524169922,321.53815269470215,478,0.586633563041687,0.5390771627426147,1,-1.313030481338501,0.510184147408905,0.6350899002388597,0.47427454517529133,0.33671083456317985,-0.03360884701335796,0.4979566120228428,51.69631279181651,1.3226789236068726,0.5,5.558459758758545,-0.43608108162879944,-36.08155822753906,2.477626323699951
0.9987114667892456,-0.023222830146551132,0.0451236329972744,0.021903086453676224,0.9993239641189575,0.029525013640522957,-0.0457787849009037,-0.028498653322458267,0.9985450506210327,1.0,0.06151370704174042,0.04779509827494621,0.4607797861099243,0.4197979271411896,0.1102985292673111,0.04347658529877663,0.02996067702770233,0.09794905036687851,0.014033323153853416,0.01170189119875431,0.21578820049762726,0.14687924087047577,1,0.08898277322295146,1,0.5040568067359806,0.3604639290615701,-0.028453607612647584,0.5082590214437817,50.013466687155805,0.4925467789173126,0.40683827698230746,0.5791181743144989,0.44417891800403597,773.6923980712891,323.0706810951233,823.5456848144531,319.0710997581482,711.5630340576172,323.04293632507324,659.7389221191406,320.71439266204834,478,0.5865713953971863,0.5373406410217285,1,-1.634787917137146,0.4990894003490808,0.6334013597183338,0.47447400212753127,0.33964225132105297,-0.03337143163532134,0.4924212060643326,51.87639823567279,1.2563719749450684,0.5,5.561892509460449,-0.4376550316810608,-36.059104919433594,2.6238479614257812
0.998786211013794,-0.031138917431235313,0.038164474070072174,0.02971377596259117,0.9988601207733154,0.0373571515083313,-0.03928424045443535,-0.036177799105644226,0.9985729455947876,1.0,0.04568839445710182,0.038631878793239594,0.47057288885116577,0.43355876207351685,0.09703884273767471,0.049615539610385895,0.03598049655556679,0.07879773527383804,0.012918518856167793,0.01038441900163889,0.18851210176944733,0.12292289733886719,1,0.08993733742479253,1,0.503191872674603,0.36946119076923384,-0.025378062563726284,0.5153121030641933,50.18769054991472,0.4925152242183686,0.40729284584522246,0.5786199748516083,0.44503778517246245,773.5979461669922,323.4008502960205,823.5334777832031,318.37621450424194,710.2507781982422,324.2919874191284,658.0698394775391,321.85654163360596,478,0.5861047506332397,0.53774493932724,1,-2.074889898300171,0.4736829986324639,0.5898032327443378,0.47958244182203813,0.34754845430257686,-0.031686961777383386,0.5006775025690278,52.237742696755845,1.7040401697158813,0.5,5.54696798324585,-0.49478721618652344,-35.98835372924805,2.2514002323150635
0.9979596734046936,-0.03240310028195381,0.055013105273246765,0.031358640640974045,0.9993131756782532,0.01974407210946083,-0.05561509728431702,-0.017978709191083908,0.9982904195785522,1.0000001192092896,0.05009343475103378,0.04244493320584297,0.4274783730506897,0.3811732530593872,0.10014992952346802,0.04899097979068756,0.03457353264093399,0.07729517668485641,0.015584335662424564,0.013014441356062889,0.21664489805698395,0.13396036624908447,1,0.08907830412315643,1,0.500422883937756,0.36918428488398436,-0.028650100673457156,0.5070218838500259,49.93863745484056,0.49232424497604366,0.40614033639431,0.5790461421012878,0.44396484792232516,773.5987854003906,322.932493686676,823.2874298095703,317.9418897628784,710.8207702636719,323.5877466201782,658.5384368896484,321.511287689209,478,0.5867218971252441,0.5378245115280151,1,-1.0317566394805908,0.4700304999405553,0.6382003817408803,0.4905497644928806,0.3471460902461725,-0.03970046269621859,0.4874176802372084,52.32355172223283,1.7997989654541016,0.5,5.4880547523498535,-0.4279741942882538,-35.88053894042969,3.188155174255371
0.9981902837753296,-0.03453339636325836,0.0492313876748085,0.03451164811849594,0.9994034171104431,0.0012918501161038876,-0.04924663156270981,0.00040954723954200745,0.9987865686416626,1.0000001192092896,0.03657804802060127,0.03405006229877472,0.42384952306747437,0.37394818663597107,0.12036289274692535,0.04476361349225044,0.02744416519999504,0.08822466433048248,0.0169525146484375,0.012113177217543125,0.19495831429958344,0.10004804283380508,1,0.08859683441476375,1,0.5129210415951554,0.3841286688506729,-0.029798923299556836,0.5057009691400397,49.99954064701572,0.4920762419700623,0.4044243186712265,0.5787932515144348,0.44401670396327975,773.6092376708984,322.8333377838135,823.2810974121094,317.11840867996216,710.8267974853516,323.92385959625244,658.6594390869141,321.8117165565491,478,0.5867170095443726,0.5395923852920532,1,0.02349383383989334,0.4700304999405553,0.5391398678518152,0.489179634156819,0.35958077111910275,-0.03592724297327049,0.4951616753746765,52.210098933018834,1.9801677465438843,0.5,5.485326290130615,-0.3720986843109131,-35.77369689941406,2.822765588760376
0.9979193806648254,-0.03188386559486389,0.05604036897420883,0.031180117279291153,0.9994240403175354,0.013387884013354778,-0.05643494799733162,-0.01161270309239626,0.9983387589454651,0.9999995231628418,0.06222695857286453,0.041266828775405884,0.4279170036315918,0.37477827072143555,0.1157149150967598,0.04308263584971428,0.029759228229522705,0.09554491937160492,0.017825672402977943,0.012662731111049652,0.26270419359207153,0.10320933908224106,1,0.08890626568633178,1,0.5042245535112208,0.36424451201632396,-0.03608126079151151,0.4920082357401746,49.68656292401383,0.49231497049331663,0.4045733094215393,0.5790740013122558,0.444187331199646,773.8691711425781,323.1369423866272,823.2939910888672,318.0436420440674,711.3683319091797,324.0116214752197,659.4379425048828,321.93063497543335,478,0.5867590308189392,0.5396140217781067,1,-0.666435956954956,0.46896692511658183,0.6627999674367934,0.47932270204782124,0.3544068709088905,-0.03813808995368804,0.48943168204410886,51.97206796538065,1.7896316051483154,0.5,5.482909202575684,-0.42076751589775085,-35.82099914550781,3.2352030277252197
0.9980325698852539,-0.030197516083717346,0.054946064949035645,0.028785735368728638,0.9992393255233765,0.02630653977394104,-0.055698636919260025,-0.024673130363225937,0.9981427192687988,1.0000003576278687,0.06337226927280426,0.048374325037002563,0.45957112312316895,0.4074409306049347,0.10957211256027222,0.04186760261654854,0.02905001863837242,0.09862950444221497,0.015031450428068638,0.01049113180488348,0.2643357813358307,0.11604342609643936,1,0.08888829010647466,1,0.5052222299982145,0.3619553315560165,-0.03194472182655765,0.4994497896567269,49.51226701581739,0.49227434396743774,0.40602647662162783,0.5790852308273315,0.44413244128227236,773.9471435546875,322.6849150657654,823.2408142089844,318.0374836921692,711.3748168945312,323.6434078216553,659.6530914306641,321.9064950942993,478,0.5868108868598938,0.5381059646606445,1,-1.4160082340240479,0.4700304999405553,0.6463660200267012,0.47786203559775675,0.34836796900724376,-0.0353782645008818,0.4966362757939335,51.7508816435585,1.6520942449569702,0.5,5.503662109375,-0.45012030005455017,-35.92437744140625,3.192949056625366
0.9985406398773193,-0.022151831537485123,0.04925296828150749,0.021290799602866173,0.9996123909950256,0.017938334494829178,-0.04963124915957451,-0.016863493248820305,0.9986252188682556,0.9999998211860657,0.32051169872283936,0.32650718092918396,0.671602725982666,0.6570665836334229,0.09539613127708435,0.06540019810199738,0.046649158000946045,0.06176507845520973,0.006730979774147272,0.00430810684338212,0.23334941267967224,0.24855896830558777,1,0.08854051940085247,1,0.5001697565514706,0.25076903495226444,-0.009578026103513115,0.4361212457517148,48.689704783034536,0.4928604602813721,0.4141436547040939,0.5797176003456116,0.4539301127195358,774.4757843017578,328.26266527175903,823.1230163574219,326.2294006347656,711.3746643066406,327.6823425292969,660.1931762695312,327.5416874885559,478,0.5868571400642395,0.5397864580154419,1,-0.9674451351165771,0.4700304999405553,0.7165080359075267,0.49325643513621964,0.205098242486066,-0.010248191433997222,0.39846908695639927,51.18168130919127,1.221470594406128,0.5,5.608944416046143,-0.5901781916618347,-36.392494201660156,2.844829797744751
0.9985101819038391,-0.025499597191810608,0.04824068024754524,0.024837177246809006,0.9995895028114319,0.01428157463669777,-0.04858505353331566,-0.013062168844044209,0.9987335801124573,0.9999997019767761,0.22230640053749084,0.23580126464366913,0.6186045408248901,0.6011863350868225,0.08789753913879395,0.06066978722810745,0.04733255133032799,0.0671163871884346,0.008424035273492336,0.005666594486683607,0.23209859430789948,0.23541297018527985,1,0.08875813994659867,1,0.495822707624672,0.2894028532259726,-0.01627089032051718,0.44241461658672077,48.175988596765656,0.492344605922699,0.41230773329734804,0.5798388600349427,0.4521093308925629,774.8761749267578,327.41626739501953,822.9664611816406,324.54394340515137,711.5603637695312,327.2715139389038,660.5864715576172,326.6505718231201,478,0.5874942541122437,0.5398015975952148,1,-0.7493134140968323,0.45594622183415434,0.6794560177261659,0.4878994585732009,0.24440408912345374,-0.018451614161797462,0.4370812712651078,50.97767409802984,1.4248948097229004,0.5,5.624772071838379,-0.5556619167327881,-36.363311767578125,2.7848145961761475
0.998224139213562,-0.024193033576011658,0.05443456023931503,0.023590663447976112,0.9996534585952759,0.011681493371725082,-0.05469829961657524,-0.01037662848830223,0.9984490275382996,0.9999995231628418,0.2211928814649582,0.1576615571975708,0.517376720905304,0.5153247117996216,0.10339544713497162,0.044889871031045914,0.033731259405612946,0.10326901823282242,0.01025677565485239,0.010283811949193478,0.22858268022537231,0.27708926796913147,1,0.08882434411455467,1,0.48736626575733316,0.2953353892455595,-0.011114928481536064,0.44011546977507937,48.99582574282071,0.4921955049037934,0.40943155586719515,0.5788619697093964,0.4498267561197281,772.8097534179688,326.32651805877686,821.7462921142578,323.91692876815796,711.5013122558594,325.38158655166626,660.1987457275391,325.02923011779785,478,0.586666464805603,0.540395200252533,1,-0.595439076423645,0.45594622183415434,0.6261639457138874,0.46721176655313557,0.2761612227643964,-0.035594566658497716,0.4281401214314476,51.303776542783154,1.3537979125976562,0.5,5.547948360443115,-0.5297411680221558,-36.26060485839844,3.1355464458465576
0.9985795617103577,-0.027315376326441765,0.045745957642793655,0.02531789243221283,0.9987242817878723,0.04368911311030388,-0.04688099026679993,-0.042468857020139694,0.9979972839355469,1.0000001192092896,0.11980561167001724,0.09494196623563766,0.5305945873260498,0.5178629159927368,0.09976904839277267,0.04286712035536766,0.03340636566281319,0.1046166867017746,0.008437903597950935,0.009546955116093159,0.18234564363956451,0.2373037040233612,1,0.08925651836636982,1,0.48952502122707725,0.33714853279550766,-0.009334655910956615,0.5016288115052151,49.16637337401755,0.4920754134654999,0.410672652721405,0.5786071717739105,0.44940232038497924,772.8469848632812,326.14691734313965,821.904296875,322.8739356994629,711.0325622558594,325.5062770843506,659.3228149414062,324.68575716018677,478,0.5865317583084106,0.5387296676635742,1,-2.4366989135742188,0.45059482042028437,0.6051012032331456,0.46920650768282157,0.30485718588321903,-0.03309294122656095,0.47017696677247695,51.71625682871851,1.4523605108261108,0.5,5.613039016723633,-0.6192095875740051,-36.496456146240234,2.6870675086975098
0.9983989000320435,-0.024538924917578697,0.050964921712875366,0.023155558854341507,0.9993519186973572,0.02755887620151043,-0.05160816013813019,-0.02633463218808174,0.9983202219009399,1.0000004768371582,0.11712401360273361,0.09482221305370331,0.516013503074646,0.49467211961746216,0.12586337327957153,0.03381624445319176,0.026421843096613884,0.1343507319688797,0.01011867169290781,0.009667079895734787,0.21866261959075928,0.2116309106349945,1,0.08987004529000567,1,0.49199670149214153,0.3342127635747955,-0.016240084037671843,0.4995022647147748,49.359376186167694,0.4914665162563324,0.40873114168643954,0.5783723533153534,0.4490011125802994,772.9886627197266,326.04636669158936,822.2230529785156,322.5359773635864,710.7051086425781,325.54490089416504,658.9334106445312,324.58829641342163,478,0.586905837059021,0.5402699708938599,1,-1.5110516548156738,0.4449428816267501,0.6482319710688158,0.4624980572120813,0.30555802808254107,-0.033029981683155595,0.4707124971304173,51.780535009181875,1.3286051750183105,0.5,5.545313358306885,-0.5662136673927307,-36.24238586425781,2.9582438468933105
0.9986169338226318,-0.03066832944750786,0.04270431026816368,0.03135742247104645,0.9993870854377747,-0.015560915693640709,-0.04220091551542282,0.016878481954336166,0.9989665746688843,0.9999995231628418,0.04899289831519127,0.04133497551083565,0.4825170338153839,0.434960275888443,0.1241818219423294,0.03290821611881256,0.025667129084467888,0.13274839520454407,0.013829412870109081,0.010558806359767914,0.21537400782108307,0.1115335002541542,1,0.08933015285860997,1,0.49642036937723616,0.371346523860553,-0.021198770361685413,0.50834787921101,48.992860423811486,0.49176327586174007,0.4064012676477432,0.5786953389644622,0.4468613177537918,773.5408020019531,324.3053984642029,822.3023223876953,319.5499277114868,711.2361907958984,325.13763427734375,659.5816802978516,323.1967878341675,478,0.5869320631027222,0.5404600501060486,1,0.9679740071296692,0.45059482042028437,0.5918988508234482,0.46537407782765744,0.34510981894660003,-0.02505367840817226,0.5081772860960648,51.69095994283919,1.7985451221466064,0.5,5.570167064666748,-0.35501575469970703,-36.121768951416016,2.4186525344848633
0.9980032444000244,-0.034611787647008896,0.05283605679869652,0.034744102507829666,0.999394953250885,-0.0015876141842454672,-0.0527491495013237,0.003420148976147175,0.9986019134521484,1.0000005960464478,0.05641840398311615,0.04606027528643608,0.42788681387901306,0.38019898533821106,0.11854365468025208,0.03686227649450302,0.025954246520996094,0.12124225497245789,0.017192475497722626,0.01313911471515894,0.22600813210010529,0.13774657249450684,1,0.08886873074668597,1,0.4990268139354295,0.3724097456024241,-0.033700146078788996,0.48483871600803263,48.85520343913767,0.4915867745876312,0.40500929951667786,0.5788990557193756,0.4463600814342499,773.7769317626953,324.4118070602417,822.3756408691406,319.41216945648193,711.5633392333984,325.6720805168152,659.6970367431641,323.23721408843994,478,0.5873122811317444,0.541350781917572,1,0.19623367488384247,0.4633813525250556,0.5789711002165677,0.4714256200769693,0.3419380718133756,-0.03301005237739757,0.49454600966873413,51.923423506509735,1.9938678741455078,0.5,5.539884567260742,-0.4402088224887848,-36.049041748046875,3.0237069129943848
0.9974533915519714,-0.025833049789071083,0.06647894531488419,0.024806974455714226,0.9995607733726501,0.016214163973927498,-0.0668686032295227,-0.014523697085678577,0.9976560473442078,1.0000001192092896,0.055952075868844986,0.04907103255391121,0.4154767692089081,0.3608700633049011,0.09086867421865463,0.058176252990961075,0.042340487241744995,0.057607945054769516,0.019635705277323723,0.012515879236161709,0.28542599081993103,0.13026805222034454,1,0.0877734258836215,1,0.49386262350409155,0.37147843883751924,-0.034639210734562276,0.5025048542414611,48.35229417984616,0.49233181476593013,0.40369016826152804,0.5806381821632385,0.44459170997142794,775.2706909179688,323.133487701416,823.4230041503906,318.7404155731201,712.5864410400391,324.1078591346741,661.3262176513672,322.12008476257324,478,0.5883063673973083,0.5409015417098999,1,-0.8340426683425903,0.45156885146600045,0.6435930797888045,0.5023815095074087,0.3494154509153391,-0.038992479059153304,0.49385484556621406,51.29874997418086,1.4246699810028076,0.3,5.521084308624268,-0.4575294256210327,-35.92620849609375,3.8341495990753174
0.9978390336036682,-0.0261713657528162,0.06026853993535042,0.025496968999505043,0.9996036887168884,0.011931879445910454,-0.06055692210793495,-0.010369421914219856,0.9981108903884888,0.9999999403953552,0.0610993355512619,0.05915915220975876,0.4147908091545105,0.3608894348144531,0.10566651821136475,0.05911218374967575,0.03621865436434746,0.0608537383377552,0.019901888445019722,0.01283051073551178,0.27941837906837463,0.16276784241199493,1,0.08745550530157631,1,0.5016732176677138,0.3673910283874644,-0.034710971157198144,0.49815462980048153,48.476521970245805,0.49273977279663084,0.40336547791957855,0.5801434278488159,0.44451306760311127,774.7478485107422,323.1680989265442,823.0205535888672,318.7274765968323,712.1572113037109,323.9526343345642,661.1439514160156,321.921021938324,478,0.5874036550521851,0.5411475896835327,1,-0.5952271819114685,0.4538577517126528,0.6386462352702015,0.4998095172030425,0.341202886154265,-0.03848714621259208,0.4936491196819089,51.05369852812044,1.4637138843536377,0.3,5.520126819610596,-0.4378439486026764,-35.936710357666016,3.4717800617218018
0.9984781742095947,-0.03172298148274422,0.04511040076613426,0.031447120010852814,0.9994822144508362,0.006812120322138071,-0.04530314728617668,-0.005383157636970282,0.9989587664604187,0.9999997019767761,0.05528673902153969,0.04759650677442551,0.43133023381233215,0.3841452896595001,0.08708291500806808,0.09190882742404938,0.05328993871808052,0.032892655581235886,0.017167510464787483,0.010954853147268295,0.2525848150253296,0.14385460317134857,1,0.08709558976796684,1,0.5051953728418679,0.3700940757269349,-0.030380041160933135,0.5078010321085337,48.92972116657834,0.49359359145164494,0.40384634435176847,0.5799488604068757,0.4456480354070663,774.2463684082031,323.77286195755005,822.9215240478516,318.78820180892944,711.0350036621094,324.8384499549866,660.3988647460938,322.5097131729126,478,0.5863552689552307,0.5418016910552979,1,-0.3087506890296936,0.4558953541380228,0.7012157710942939,0.5183048465660713,0.351938317119114,-0.03260173634799541,0.4965042057413969,50.68965949208571,1.8039369583129883,0.3,5.538359642028809,-0.44731324911117554,-35.9349250793457,2.5965678691864014
0.9982616305351257,-0.028273869305849075,0.05171346664428711,0.027425479143857956,0.9994786381721497,0.017042379826307297,-0.05216836556792259,-0.015594487078487873,0.9985165596008301,0.9999993443489075,0.06885237991809845,0.05691239610314369,0.4446098804473877,0.39752691984176636,0.10701626539230347,0.05134830251336098,0.034704603254795074,0.07428798824548721,0.015856333076953888,0.011570058763027191,0.2526511549949646,0.17531117796897888,1,0.08789389828970687,1,0.5054900057619663,0.36167954567205146,-0.032076264977871694,0.5024186906582712,48.86100583780521,0.4927821576595306,0.40433391034603117,0.5795795142650604,0.445175489783287,774.2921447753906,323.72692108154297,822.9414367675781,319.1833233833313,711.4250183105469,324.0260410308838,660.479736328125,321.96503162384033,478,0.5867973566055298,0.5408415794372559,1,-0.8947529196739197,0.4558953541380228,0.6922826961578133,0.4938385403905269,0.33647656469567205,-0.03366078838586311,0.4981821094955458,50.986954372136935,1.5737046003341675,0.3,5.543616771697998,-0.4591031074523926,-35.99772644042969,2.990384578704834
0.9978911876678467,-0.026915105059742928,0.05906495451927185,0.024809742346405983,0.999040424823761,0.0360933281481266,-0.05997972935438156,-0.03455182537436485,0.9976014494895935,0.9999998211860657,0.06255565583705902,0.05823828652501106,0.4371732473373413,0.39341941475868225,0.10769440978765488,0.06587107479572296,0.03770025074481964,0.05382641777396202,0.016278019174933434,0.010665635578334332,0.24261058866977692,0.17024070024490356,1,0.0865973254673342,1,0.5072643698820318,0.36819428886157085,-0.032430230909275284,0.5016584134919047,48.96079551244832,0.49294043779373165,0.4057781457901001,0.57998628616333,0.4451600074768066,774.0267944335938,323.72421741485596,822.7787780761719,319.2071843147278,712.3458862304688,324.02387380599976,661.070556640625,321.97515964508057,478,0.5870458483695984,0.5393818616867065,1,-1.9836405515670776,0.47114583142999106,0.6621124102750188,0.5056102778380347,0.33665521287432965,-0.0340919113157699,0.49885439255326464,51.31624162351417,1.4242041110992432,0.3,5.544197082519531,-0.5260310769081116,-36.09771728515625,3.4386491775512695
0.9979715347290039,-0.023536261171102524,0.05915181711316109,0.021611524745821953,0.9992226362228394,0.03297079727053642,-0.05988186225295067,-0.031625550240278244,0.9977043867111206,0.9999998211860657,0.0799139216542244,0.05687681585550308,0.4422641098499298,0.4038003087043762,0.094763845205307,0.07551378011703491,0.04802629351615906,0.042098745703697205,0.015795284882187843,0.011236459016799927,0.2717795670032501,0.18318042159080505,1,0.08617132719150081,1,0.4976952135354207,0.3524398388193298,-0.02608590688983051,0.5052576625356582,49.47626316245201,0.493765527009964,0.40612097680568693,0.5803843080997467,0.4457338660955429,773.5169982910156,324.27037954330444,822.7800750732422,319.68236446380615,714.1692352294922,324.11794424057007,661.3778686523438,321.97717666625977,478,0.5866187810897827,0.539612889289856,1,-1.8155717849731445,0.4626905072253958,0.6894173741253514,0.5000332546888487,0.3272764836008288,-0.032555481104161066,0.49640789579241407,52.83475438568587,1.2405719757080078,0.3,5.540084362030029,-0.5247104167938232,-36.1145133972168,3.4330315589904785
0.9984669089317322,-0.024234713986516,0.0497642457485199,0.023076828569173813,0.9994524717330933,0.0237116739153862,-0.05031164363026619,-0.02252691611647606,0.9984794855117798,1.0,0.0801338255405426,0.058449432253837585,0.4307328760623932,0.39196035265922546,0.08159230649471283,0.08303284645080566,0.05833620950579643,0.036158978939056396,0.016521884128451347,0.012101474218070507,0.2711240351200104,0.17711293697357178,1,0.08698257057728054,1,0.49521726176397024,0.3536228681317114,-0.02869332049179805,0.4989740490484444,49.33548029357546,0.49407073855400085,0.40597946047782896,0.5799203217029572,0.44563872218132017,773.4058380126953,324.2661952972412,822.5279235839844,319.68249320983887,712.4624633789062,324.31913137435913,660.9099578857422,322.02852487564087,478,0.5858495831489563,0.5396592617034912,1,-1.2924433946609497,0.47773439177927735,0.6753760382523354,0.49936507194865587,0.335577408769077,-0.0357562849199554,0.4897094952736333,51.603369084371685,1.323999285697937,0.3,5.533860683441162,-0.4969455301761627,-36.091766357421875,2.883862257003784
0.998216450214386,-0.026841185986995697,0.05332447588443756,0.026689862832427025,0.9996374845504761,0.0035479962825775146,-0.053400374948978424,-0.0021184501238167286,0.99857097864151,0.9999999403953552,0.07250218093395233,0.054552629590034485,0.44463932514190674,0.3933367133140564,0.08357606828212738,0.058147821575403214,0.04543953761458397,0.061380259692668915,0.016116220504045486,0.011771595105528831,0.28735804557800293,0.14935988187789917,1,0.08835215614081895,1,0.49650695506733833,0.35494145703945496,-0.028695647999987563,0.5045904279287367,49.59116844236455,0.4929996252059936,0.4055848330259323,0.5795507550239563,0.44582869708538053,773.7309265136719,324.1670823097229,823.111572265625,319.6024560928345,712.3481750488281,324.4657516479492,660.4541015625,322.5707173347473,478,0.5865511298179626,0.5402438640594482,1,-0.1215517595410347,0.4630798445564644,0.6558110686419015,0.47903634602942663,0.33849978032707206,-0.034550423251967124,0.4986268150205861,51.928662780361414,1.5315837860107422,0.3,5.510120391845703,-0.43706801533699036,-35.949302673339844,3.0610718727111816
0.9978876113891602,-0.02722073160111904,0.05898572877049446,0.02758714370429516,0.9996047616004944,-0.00540506886318326,-0.058815307915210724,0.007020893041044474,0.9982442259788513,1.0,0.06653133034706116,0.0520947128534317,0.45545098185539246,0.39682313799858093,0.07925473153591156,0.0637671947479248,0.0512365885078907,0.05240200087428093,0.01689949817955494,0.01147634256631136,0.2947533130645752,0.13458725810050964,1,0.08792186053663646,1,0.4895729199553486,0.359395398175012,-0.024920573112882014,0.5103192755843019,49.113301350407774,0.4930193066596985,0.40578612089157107,0.5797282695770264,0.4458182692527771,773.5780334472656,323.80603551864624,822.4855041503906,319.31430101394653,712.3578643798828,324.5125079154968,660.5979156494141,322.59554386138916,478,0.5867089629173279,0.540032148361206,1,0.4029684066772461,0.46479027789459637,0.6338382717685659,0.48763365445021367,0.3433048680030149,-0.03266234359414004,0.49872817623205395,51.795434585193746,1.5835694074630737,0.3,5.5099077224731445,-0.3783080577850342,-36.08024215698242,3.371814727783203
0.9983413219451904,-0.028030145913362503,0.050287555903196335,0.028279218822717667,0.999591052532196,-0.004248158540576696,-0.050147879868745804,0.005663190968334675,0.9987257719039917,1.0,0.06773071736097336,0.061198651790618896,0.46786320209503174,0.4106568396091461,0.08505861461162567,0.06541440635919571,0.051119279116392136,0.049413472414016724,0.01646871492266655,0.01040931697934866,0.28146395087242126,0.1530143767595291,1,0.08755650834343423,1,0.49610237488589953,0.3607082442856039,-0.024801446623188915,0.5112129878162746,48.87373643408319,0.4932295918464661,0.40536420345306395,0.5795703768730164,0.44621514081954955,773.5783386230469,323.87688875198364,822.2358703613281,319.2848610877991,711.6832733154297,324.68934059143066,660.6288146972656,323.1146478652954,478,0.5863407850265503,0.5408509373664856,1,0.3248874247074127,0.4630798445564644,0.6852921651341629,0.49460195980746186,0.33823918907747974,-0.030318391753746544,0.5019198992284594,51.078737279593426,1.6225379705429077,0.3,5.531318664550781,-0.3929101824760437,-36.12288284301758,2.874467372894287
0.9986223578453064,-0.02790636382997036,0.04443515092134476,0.027989652007818222,0.9996073842048645,-0.0012532859109342098,-0.04438269883394241,0.0024953035172075033,0.9990114569664001,1.0000004768371582,0.07843106240034103,0.07664811611175537,0.4617977440357208,0.41093531250953674,0.0583050362765789,0.09355957806110382,0.08006103336811066,0.029843224212527275,0.015963256359100342,0.011175692081451416,0.27898693084716797,0.1920732855796814,1,0.08777643874970348,1,0.48148328810031993,0.35292911864747306,-0.022227068528482823,0.5091193519675864,48.922650894923805,0.4938856065273285,0.4050139248371124,0.5800447762012482,0.4459416329860687,773.5964965820312,323.7075448036194,822.3191070556641,319.2879295349121,711.1839294433594,324.2236876487732,660.5787658691406,323.00092220306396,478,0.5861591696739197,0.5409277081489563,1,0.14311152696609497,0.4630798445564644,0.7102604724245031,0.5098627839234378,0.3301575619000622,-0.03238867538071769,0.49087740623508364,50.61993417429438,1.6054809093475342,0.3,5.532654762268066,-0.40339410305023193,-36.0745849609375,2.543776750564575
0.9979120492935181,-0.021581340581178665,0.060874611139297485,0.02082546055316925,0.999698281288147,0.013024208135902882,-0.061137329787015915,-0.011729246005415916,0.998060405254364,0.9999995231628418,0.060564879328012466,0.06343943625688553,0.470132976770401,0.42445603013038635,0.0870274230837822,0.06487216055393219,0.04964061081409454,0.05073799565434456,0.015340869314968586,0.010900918394327164,0.22235164046287537,0.17319808900356293,1,0.08786917375847544,1,0.4955597977801495,0.37258757907727863,-0.023153080526973083,0.5166413724210509,48.41782157967378,0.49326102733612065,0.4062635600566864,0.5803194522857666,0.44671741127967834,774.9026489257812,324.5425486564636,823.1528472900391,320.5171537399292,712.2936248779297,324.3885898590088,660.95458984375,322.8430151939392,478,0.587058424949646,0.5404538512229919,1,-0.6733112335205078,0.461827300375996,0.6492808280728781,0.5001071583957183,0.3333303843385531,-0.03126602025542637,0.4983079704337317,51.36229472471765,1.1955339908599854,0.3,5.524779319763184,-0.4599609375,-36.1278190612793,3.505096673965454
0.9982542395591736,-0.02288552187383175,0.054448872804641724,0.022007156163454056,0.9996187090873718,0.0166773684322834,-0.054809778928756714,-0.015449997037649155,0.99837726354599,1.0000001192092896,0.0635346993803978,0.06468267738819122,0.46558573842048645,0.422065407037735,0.08345800638198853,0.07522757351398468,0.05472064018249512,0.04210597276687622,0.015637658536434174,0.01105835847556591,0.2144264578819275,0.17354227602481842,1,0.0874355735695608,1,0.49359764048708377,0.36737100843928067,-0.022698584749653385,0.5135533327276242,48.94301357614179,0.49363608360290523,0.40743237137794497,0.5803411126136779,0.44659548401832583,774.2829895019531,324.3957567214966,823.06884765625,320.47674894332886,712.3970794677734,324.2946267127991,661.2654113769531,322.8180170059204,478,0.5867050290107727,0.5391631126403809,1,-0.8865876197814941,0.461827300375996,0.6654875512891786,0.502089491945687,0.3348042307615664,-0.030956408987801973,0.49603799829267503,51.15298484036455,1.2629176378250122,0.3,5.551993370056152,-0.46572041511535645,-36.15231704711914,3.1419434547424316
0.998424232006073,-0.02332175523042679,0.05104098469018936,0.023390935733914375,0.9997261166572571,-0.0007585086859762669,-0.05100931599736214,0.0019512181170284748,0.9986962080001831,0.9999993443489075,0.07890316098928452,0.0706605613231659,0.4567497968673706,0.3947374224662781,0.07056597620248795,0.0736292153596878,0.06115329638123512,0.04369645565748215,0.01772465370595455,0.011424020864069462,0.3113558292388916,0.1694633960723877,1,0.08870845286929051,1,0.4901538963224434,0.3511504165257015,-0.027701320198044433,0.5177474064924882,49.12667793649876,0.49380795955657963,0.4048915565013885,0.5805125713348389,0.44512534737586973,775.0639343261719,323.1931400299072,824.0419006347656,319.3735456466675,711.9699859619141,323.65145444869995,660.914306640625,322.41504192352295,478,0.5867046117782593,0.5402337908744812,1,0.1119423657655716,0.448417440114728,0.6788409027200206,0.49815618946798584,0.3333819574790408,-0.034639992040884485,0.5033518187060121,51.070648194367564,1.342071533203125,0.3,5.529012680053711,-0.3755747973918915,-35.92715072631836,2.923887252807617
0.998016893863678,-0.024966154247522354,0.05778351426124573,0.024448217824101448,0.9996544718742371,0.009653441607952118,-0.05800453945994377,-0.00822156947106123,0.9982824325561523,0.9999997019767761,0.07197848707437515,0.06203565001487732,0.4443235397338867,0.393995076417923,0.07249543815851212,0.07383934408426285,0.06202726811170578,0.04212202876806259,0.017372064292430878,0.011108526960015297,0.27091220021247864,0.12356878817081451,1,0.08848816644678924,1,0.4868446450405485,0.3603760446001009,-0.03334787634930625,0.4986689465312744,48.709583700817745,0.493123996257782,0.4061231195926666,0.5809004783630372,0.4459822356700897,775.521240234375,324.14809226989746,824.0514373779297,319.9715495109558,712.1446990966797,325.12291431427,660.9263610839844,322.88578033447266,478,0.5877764821052551,0.5398591160774231,1,-0.4718610346317291,0.45797438990641404,0.6978844555175064,0.5079374440613396,0.33997455011288724,-0.040066880321139996,0.48035481982603334,51.26717192637807,1.4032824039459229,0.3,5.5518598556518555,-0.4495776295661926,-35.98639678955078,3.3252813816070557
0.9981326460838318,-0.02271946147084236,0.05670100823044777,0.02170543186366558,0.9995943903923035,0.018436158075928688,-0.05709686502814293,-0.017170993611216545,0.9982209801673889,1.0000001192092896,0.06912175565958023,0.05317676439881325,0.4417070150375366,0.3949914574623108,0.08387649059295654,0.09695491194725037,0.05810731649398804,0.030153416097164154,0.01683063432574272,0.00993078202009201,0.26663467288017273,0.10864480584859848,1,0.08681428389303006,1,0.49970797840917824,0.3661300148288102,-0.03274210883443136,0.5017464635224421,48.493606905999876,0.4934479713439941,0.40655979216098787,0.5811609745025634,0.44585916101932527,775.5084228515625,323.97690296173096,823.8350677490234,319.9562931060791,712.6902008056641,324.724702835083,661.7352294921875,322.70450592041016,478,0.5877130031585693,0.5392993688583374,1,-0.9854816198348999,0.45797438990641404,0.681311946403545,0.5226073910281073,0.3521524179852663,-0.03793718593768934,0.4882053494325483,50.995002669215175,1.2457598447799683,0.3,5.555593013763428,-0.48274651169776917,-35.98006057739258,3.2731893062591553
0.9975303411483765,-0.021309152245521545,0.06692620366811752,0.021579787135124207,0.9997615814208984,-0.0033233806025236845,-0.06683941930532455,0.004759425763040781,0.9977523684501648,1.0000001192092896,0.07904599606990814,0.056955624371767044,0.44674232602119446,0.38461634516716003,0.034016355872154236,0.15979567170143127,0.15840303897857666,0.013182216323912144,0.018100447952747345,0.01173847634345293,0.3166087567806244,0.14020997285842896,1,0.08733155530210676,1,0.456274665228189,0.3578952247427332,-0.02056276497028956,0.5151260342575408,47.92814814983529,0.49452784061431887,0.4021425276994705,0.5837339997291565,0.4460674554109573,777.3428344726562,324.00848865509033,825.0782012939453,319.7140574455261,715.5219268798828,324.55347061157227,664.0359497070312,322.5491952896118,478,0.5892061591148376,0.5439249277114868,1,0.2733072340488434,0.4406797540046367,0.6560164980444321,0.5307183441899036,0.3421961352471309,-0.035006069007432264,0.48083827290036446,51.52497418837453,1.2392984628677368,0.08,5.596409320831299,-0.4340228736400604,-35.95180130004883,3.8324735164642334
0.9976800084114075,-0.013182143680751324,0.06678903847932816,0.012921459041535854,0.9999071359634399,0.0043335724622011185,-0.06683995574712753,-0.003460504347458482,0.9977576732635498,1.0000001192092896,0.0952550619840622,0.051728349179029465,0.4540393054485321,0.40580296516418457,0.035916101187467575,0.160548135638237,0.15397784113883972,0.012615731917321682,0.01586826518177986,0.01131213828921318,0.33033037185668945,0.14320039749145508,1,0.08743025908443752,1,0.4556113494956195,0.3475725380148714,-0.023230075915569727,0.5319284970110512,47.94387713843043,0.4943110406398773,0.40343943536281585,0.5841383397579193,0.44690957963466643,777.8371429443359,324.8472046852112,825.6758117675781,321.6727566719055,715.4648590087891,324.56520795822144,663.9666748046875,322.37982988357544,478,0.589827299118042,0.5434701442718506,1,-0.19871707260608673,0.4350896388936564,0.6383172103755557,0.5408049174473701,0.33956879986490135,-0.03603883418139884,0.4902364531808331,51.544532724158124,0.7420251369476318,0.08,5.62531042098999,-0.46834149956703186,-36.01935958862305,3.8325042724609375
0.9974356889724731,-0.007014632690697908,0.07122430205345154,0.007201338652521372,0.9999712705612183,-0.0023649297654628754,-0.07120566070079803,0.0028717697132378817,0.9974575638771057,0.9999997019767761,0.07425585389137268,0.038462258875370026,0.448822945356369,0.38728833198547363,0.04071636125445366,0.13979947566986084,0.1255233883857727,0.015820469707250595,0.01801135763525963,0.011743412353098392,0.31608811020851135,0.10847088694572449,1,0.08731814268248624,1,0.4588337994033253,0.3592183652383961,-0.02360870122784244,0.5311209834056122,47.72781648377953,0.4934105217456818,0.40282989144325254,0.5841357052326203,0.4461605608463287,778.006591796875,324.0990614891052,825.6697845458984,321.6162157058716,715.5012512207031,323.8358402252197,664.036865234375,321.5444612503052,478,0.5907251834869385,0.5433306694030762,1,0.16495922207832336,0.3974771247374956,0.6602326162784031,0.5413531017785685,0.354128693221069,-0.0344314720786846,0.5021638887667784,51.515370935862215,0.41365987062454224,0.08,5.620842456817627,-0.40916022658348083,-36.01384353637695,4.0832390785217285
0.9987871646881104,-0.0010402672924101353,0.049224913120269775,0.00017308945825789124,0.9998447895050049,0.017617566511034966,-0.04923560097813606,-0.017587672919034958,0.9986322522163391,1.0000001192092896,0.14873676002025604,0.06025504693388939,0.5036435127258301,0.4616115093231201,0.037480879575014114,0.146239772439003,0.1353466957807541,0.015722353011369705,0.011851356364786625,0.00931846909224987,0.3048095703125,0.14688991010189056,1,0.0888159799469537,1,0.4610773882289125,0.32105945483789483,-0.025461501850156405,0.5246226610774932,47.774620347993604,0.49435637593269344,0.405699759721756,0.5841982781887054,0.4488118588924408,779.0667724609375,326.32518768310547,826.8142700195312,324.7155833244324,714.4487762451172,325.3809857368469,663.4503936767578,322.69965648651123,478,0.589841902256012,0.5431120991706848,1,-1.0089752674102783,0.3974771247374956,0.7155314376925185,0.5400065780531967,0.3312152751439463,-0.03797904663739261,0.49371446795029544,51.068821713836165,0.009929337538778782,0.08,5.700722694396973,-0.5213736295700073,-36.08427810668945,2.8221330642700195
0.9984241724014282,-0.018399866297841072,0.0530153326690197,0.01845429465174675,0.9998295903205872,-0.0005372939049266279,-0.05299641191959381,0.0015147858066484332,0.9985936284065247,0.9999997615814209,0.12623295187950134,0.05537819862365723,0.46084877848625183,0.41532057523727417,0.027231337502598763,0.2100953608751297,0.20968356728553772,0.008138970471918583,0.015540123917162418,0.011310113593935966,0.3471051752567291,0.1548854112625122,1,0.08802489499265734,1,0.4472854014964102,0.3255488673555389,-0.022073642128726565,0.5209404326762467,47.7906926956083,0.4943773686885834,0.40401651263237,0.5845137774944306,0.44719149470329284,778.3854675292969,324.8640489578247,826.0500335693359,321.3942575454712,714.4567108154297,325.3538417816162,663.2742309570312,322.76761293411255,478,0.5901364088058472,0.5431749820709229,1,0.08691298961639404,0.39406662046256774,0.7299440463963712,0.5589163120390933,0.3317480077187479,-0.03920447315778343,0.49167307950741757,51.247778724638565,1.058901309967041,0.08,5.699531078338623,-0.4195564389228821,-36.11666488647461,3.037893772125244
0.9978024959564209,-0.013694127090275288,0.0648275837302208,0.014144708402454853,0.9998788237571716,-0.006496595684438944,-0.06473077833652496,0.007399288006126881,0.9978752732276917,0.9999998211860657,0.12744322419166565,0.0650339126586914,0.44757071137428284,0.4188537001609802,0.03347616642713547,0.15478457510471344,0.14823472499847412,0.01438743993639946,0.014583435840904713,0.011930172331631184,0.3375933766365051,0.1600264608860016,1,0.08916297557989944,1,0.45322420123908685,0.3311172688088139,-0.025487968135345585,0.5179765850313468,47.01975907287978,0.4927877187728882,0.40412976741790774,0.584982693195343,0.4467237234115601,780.4298400878906,324.85458612442017,827.3384094238281,321.62288904190063,714.9281311035156,324.6157193183899,663.5155487060547,322.65530347824097,478,0.5921949744224548,0.5425939559936523,1,0.42484286427497864,0.35829917609485434,0.6430074192260606,0.5498336263491806,0.3221938085818934,-0.04284261259118376,0.48553277541175976,51.44994518116532,0.812162458896637,0.08,5.679905414581299,-0.38761666417121887,-35.92058181762695,3.711395263671875
0.9978591203689575,-0.0048704566434025764,0.06521819531917572,0.003716391045600176,0.9998345971107483,0.017805015668272972,-0.06529412418603897,-0.01752462051808834,0.9977121949195862,0.9999995827674866,0.15807437896728516,0.06934459507465363,0.4785064458847046,0.4605451226234436,0.06424563378095627,0.12016566842794418,0.0839618444442749,0.02132093347609043,0.011561360210180283,0.009911952540278435,0.29928094148635864,0.17709024250507355,1,0.08712372649750828,1,0.48034631760081214,0.32957262474277854,-0.028559931952560427,0.5191389071356202,46.13432375997753,0.4920165538787842,0.4066717356443405,0.5841639041900635,0.44844803512096404,779.7404479980469,326.68481826782227,825.8232879638672,324.50589895248413,714.8760223388672,324.90200757980347,663.9196014404297,322.6578140258789,478,0.5921473503112793,0.5417762994766235,1,-1.0062856674194336,0.39406662046256774,0.6751866610152993,0.5518223379874694,0.3212695267642035,-0.04365336190775036,0.48678258264458496,51.00581570358625,0.21338936686515808,0.08,5.702098369598389,-0.5165171027183533,-36.10548400878906,3.7437407970428467
0.9977226257324219,-0.0069736335426568985,0.06708859652280807,0.007555960211902857,0.9999358654022217,-0.008430139161646366,-0.06702550500631332,0.008917858824133873,0.9977114200592041,0.9999998211860657,0.1442822962999344,0.04798191040754318,0.49799543619155884,0.4665517508983612,0.06236104294657707,0.1139981672167778,0.08624761551618576,0.022407423704862595,0.011692068539559841,0.008898097090423107,0.32511356472969055,0.12259180098772049,1,0.08743506743729063,1,0.4765215925895274,0.3292914777712161,-0.02532884692275906,0.5152701781304991,46.39066033078687,0.4921107888221741,0.40660578310489653,0.584220826625824,0.44925624430179595,779.7261810302734,327.02908515930176,826.0382843017578,324.33048248291016,715.1509094238281,326.0835313796997,664.0245056152344,322.73609161376953,478,0.5921100378036499,0.5426504611968994,1,0.5121140480041504,0.3999827133898621,0.6833903082261702,0.5446999592031011,0.3380274071890296,-0.037594606899189704,0.4906849308496381,51.23587141337982,0.4339044988155365,0.08,5.679985046386719,-0.44809621572494507,-36.005252838134766,3.8431594371795654
0.9973081946372986,-0.0074077025055885315,0.07294906675815582,0.006322930101305246,0.9998661279678345,0.015089938417077065,-0.07305105775594711,-0.014588076621294022,0.9972215294837952,1.0000001192092896,0.166112020611763,0.05754461884498596,0.4583842158317566,0.43295007944107056,0.04326733574271202,0.13552187383174896,0.12186902016401291,0.018145594745874405,0.012982606887817383,0.010705550201237202,0.2991581857204437,0.13073521852493286,1,0.08789136797251207,1,0.4573430954059457,0.32365198935923467,-0.03470231232063047,0.48568422644866466,46.266027107313576,0.4919845163822174,0.40644735395908355,0.5847168862819672,0.44827241003513335,779.8330688476562,326.5125346183777,826.0444641113281,324.2648220062256,715.419921875,325.5029511451721,664.0266418457031,322.6321506500244,478,0.5927323698997498,0.5418250560760498,1,-0.8381041884422302,0.3999827133898621,0.6610961471493019,0.5485450940080121,0.33138177753449316,-0.04403502150635499,0.4730697657658249,51.47339825342418,0.36325013637542725,0.08,5.689596176147461,-0.5248497724533081,-36.08270263671875,4.189248561859131
0.9975243806838989,-0.0235409177839756,0.06626397371292114,0.0234738327562809,0.9997228980064392,0.001790965790860355,-0.06628777831792831,-0.00023107900051400065,0.9978005290031433,0.9999998211860657,0.13019078969955444,0.052038926631212234,0.42691874504089355,0.39441242814064026,0.040708668529987335,0.15529099106788635,0.14260223507881165,0.013930443674325943,0.016826586797833443,0.011631880886852741,0.326083242893219,0.1280509978532791,1,0.08714019942216542,1,0.460330058062608,0.3400654465762016,-0.03724706004033937,0.4932558211674768,46.17976076827947,0.492121160030365,0.40397884845733645,0.5843469500541687,0.4457882285118103,779.1609191894531,324.06893491744995,825.2058410644531,320.54253816604614,715.2562713623047,324.57788944244385,664.0328979492188,322.62545585632324,478,0.5922257900238037,0.5418093800544739,1,-0.013269035145640373,0.3999827133898621,0.6061297352674382,0.551186587849238,0.3385238972255363,-0.04040808729582429,0.48379232502143366,51.260569454768756,1.3480405807495117,0.08,5.675514221191406,-0.42651766538619995,-35.948543548583984,3.8007967472076416
0.9969303607940674,-0.01834265887737274,0.0761152133345604,0.017861707136034966,0.9998160600662231,0.006994876079261303,-0.0762295052409172,-0.005613801535218954,0.9970744848251343,1.0000003576278687,0.12991805374622345,0.06206335872411728,0.41788920760154724,0.39437711238861084,0.025121450424194336,0.19585545361042023,0.19929902255535126,0.010554960928857327,0.016247952356934547,0.01239257026463747,0.32532310485839844,0.1415235996246338,1,0.08940748179540985,1,0.43893863055529964,0.3371999205485071,-0.033370685231239414,0.4997449881255173,46.59732010840444,0.49201108217239375,0.4038535952568054,0.5856830596923828,0.44565898180007935,781.0843658447266,324.0885043144226,827.5637054443359,320.77471017837524,715.2570343017578,324.37509298324585,663.8694763183594,322.4066734313965,478,0.593671977519989,0.5418053865432739,1,-0.32258743047714233,0.3999827133898621,0.682329047630336,0.557608740781261,0.32921165930611074,-0.04450715486914413,0.47932481685996314,51.42524468713872,1.0264416933059692,0.08,5.66523551940918,-0.4330037832260132,-35.808170318603516,4.371870040893555
0.9970579147338867,-0.016045603901147842,0.07495291531085968,0.015374336391687393,0.9998364448547363,0.009524619206786156,-0.07509350031614304,-0.008344226516783237,0.9971415996551514,0.9999998211860657,0.1276109218597412,0.05307406932115555,0.4194748103618622,0.3903997838497162,0.02958301082253456,0.17886044085025787,0.17889298498630524,0.011986144818365574,0.01715504191815853,0.012436551973223686,0.3353922665119171,0.11167357861995697,1,0.08876881559920488,1,0.4403002645802315,0.34006678641794613,-0.035924912821952204,0.4980504898288382,45.8707855390039,0.49191279411315914,0.40572160184383393,0.5854251503944397,0.4455175966024399,780.8123779296875,324.1403889656067,826.5752410888672,320.99565982818604,715.311279296875,324.35545921325684,664.0789794921875,322.1018671989441,478,0.5935123562812805,0.539795994758606,1,-0.47944825887680054,0.3940013980770048,0.6747368192098293,0.5563698077660213,0.3402767485455871,-0.04698978999662179,0.4819588198196969,51.28184103897714,0.8834137916564941,0.08,5.670519828796387,-0.4299869239330292,-35.88215255737305,4.306594371795654
0.9969563484191895,-0.018762145191431046,0.0756700187921524,0.01858694478869438,0.9998226761817932,0.0030188527889549732,-0.07571325451135635,-0.0016031914856284857,0.9971283078193665,0.9999997615814209,0.14175668358802795,0.06182209774851799,0.40495240688323975,0.38560259342193604,0.030627716332674026,0.17993687093257904,0.1785893738269806,0.01120998989790678,0.01683768816292286,0.013755394145846367,0.31352171301841736,0.16190357506275177,1,0.08855191366969091,1,0.441999589808508,0.33273934940790084,-0.03401870984833469,0.4958738423849118,46.252488389531685,0.49216479659080503,0.4049661546945572,0.5855739772319793,0.44483659565448763,780.7428741455078,323.937292098999,826.8708801269531,320.5461645126343,715.6187438964844,323.649480342865,664.1339874267578,321.3526511192322,478,0.5934091806411743,0.5398704409599304,1,-0.09212056547403336,0.2844452308782748,0.6019201049436328,0.5589867372934688,0.32697925987604803,-0.04680322000300413,0.4741747849808552,51.535963882832895,1.0680809020996094,0.08,5.678991317749023,-0.3883918821811676,-35.886199951171875,4.342205047607422
0.9971755743026733,-0.013557903468608856,0.07387231290340424,0.013646099716424942,0.9999066591262817,-0.0006892307428643107,-0.07385607063770294,0.0016953746089711785,0.9972674250602722,1.0,0.14238333702087402,0.06353576481342316,0.3899458050727844,0.37399935722351074,0.02436738833785057,0.21777966618537903,0.21678291261196136,0.0082841906696558,0.018076278269290924,0.014922133646905422,0.31423336267471313,0.1691143810749054,1,0.088725558091905,1,0.43630563564124436,0.33393962857626397,-0.03495094362825273,0.5019596726557708,46.569680926709914,0.49324693083763127,0.4040330320596695,0.5858075201511384,0.4450237423181534,780.6840515136719,323.9623761177063,827.1684265136719,321.1449193954468,715.582275390625,323.6098909378052,663.9523315429688,321.35799407958984,478,0.5925605893135071,0.5409907102584839,1,0.0974038764834404,0.2821516108439798,0.6546368494357134,0.5648506980053934,0.32893061757475006,-0.046888917793536274,0.4763380084570236,51.67902999549755,0.7840295433998108,0.08,5.633494853973389,-0.3934297263622284,-35.74560546875,4.23549747467041
0.9973185658454895,-0.006455034017562866,0.07289696484804153,0.006223578937351704,0.9999748468399048,0.003401778172701597,-0.07291705906391144,-0.002938975114375353,0.9973336458206177,0.9999997615814209,0.12782974541187286,0.07236327975988388,0.4040197730064392,0.3641100525856018,0.02239411324262619,0.2382107675075531,0.24148866534233093,0.006952059920877218,0.020086148753762245,0.013662038370966911,0.3769524097442627,0.1419495791196823,1,0.08860579358348529,1,0.4380036357163343,0.3307634418958613,-0.03173917815768747,0.508487754562623,46.52003669356616,0.49365014433860777,0.4034272789955139,0.585918253660202,0.445264732837677,780.8469390869141,324.02129888534546,827.2819519042969,321.21000051498413,715.5828857421875,323.80661487579346,664.0104675292969,321.340913772583,478,0.5922681093215942,0.5418374538421631,1,-0.16884055733680725,0.27475019879625656,0.7160262186702222,0.5684266340277854,0.32879890233756925,-0.04652601727096721,0.4775362443742849,51.63132772221656,0.3575388789176941,0.08,5.612142086029053,-0.4263609051704407,-35.69425964355469,4.1815505027771
0.9970245957374573,-0.015807010233402252,0.07544632256031036,0.014546317048370838,0.9997457265853882,0.017230205237865448,-0.07569949328899384,-0.016081474721431732,0.9970009922981262,0.9999999403953552,0.0921241044998169,0.04070007801055908,0.4202086925506592,0.37401917576789856,0.03809752315282822,0.19622258841991425,0.17266994714736938,0.008674542419612408,0.018597261980175972,0.011699751950800419,0.3665790855884552,0.10076155513525009,1,0.08652564732059224,1,0.4513212128495643,0.3463462335530197,-0.027911405059143253,0.5283891197976656,47.436289587106394,0.4929484188556671,0.4047895073890686,0.5849476516246795,0.4456859230995178,778.4219360351562,324.09955501556396,825.7272338867188,320.57672023773193,715.5839538574219,324.7231364250183,664.0126800537109,321.719491481781,478,0.5919992327690125,0.5408964157104492,1,-0.9240919947624207,0.27475019879625656,0.6300340810280214,0.5696462128301796,0.3498750166744715,-0.045410784179303366,0.48510393947356223,51.658669793033525,0.8358704447746277,0.08,5.650315761566162,-0.4752539098262787,-36.012325286865234,4.341414451599121
