method,case_id,intent_id,condition,purpose,room,seconds,n_objects_true,recoverable,top1,top3,top5,rank
embed,I01:clean,I01,clean,needs,bedroom,0.0148,2,True,0.0,0.0,0.0,8.0
embed,I01:partial,I01,partial,needs,bedroom,0.0069,2,True,0.0,0.0,0.0,6.0
embed,I01:wrong_label,I01,wrong_label,needs,bedroom,0.0068,2,True,0.0,0.0,0.0,8.0
embed,I01:wrong_pick,I01,wrong_pick,needs,bedroom,0.0068,2,True,0.0,0.0,0.0,
embed,I02:clean,I02,clean,needs,bedroom,0.0065,2,True,1.0,1.0,1.0,1.0
embed,I02:partial,I02,partial,needs,bedroom,0.0064,2,True,1.0,1.0,1.0,1.0
embed,I02:wrong_label,I02,wrong_label,needs,bedroom,0.0065,2,True,0.0,1.0,1.0,3.0
embed,I02:wrong_pick,I02,wrong_pick,needs,bedroom,0.0064,2,True,0.0,1.0,1.0,3.0
embed,I03:clean,I03,clean,needs,bedroom,0.0065,1,True,1.0,1.0,1.0,1.0
embed,I03:partial,I03,partial,needs,bedroom,0.0064,1,True,1.0,1.0,1.0,1.0
embed,I03:wrong_label,I03,wrong_label,needs,bedroom,0.0065,1,False,0.0,0.0,0.0,
embed,I03:wrong_pick,I03,wrong_pick,needs,bedroom,0.0064,1,False,0.0,0.0,0.0,
embed,I04:clean,I04,clean,needs,bedroom,0.0061,1,True,1.0,1.0,1.0,1.0
embed,I04:partial,I04,partial,needs,bedroom,0.0062,1,True,1.0,1.0,1.0,1.0
embed,I04:wrong_label,I04,wrong_label,needs,bedroom,0.0062,1,False,0.0,0.0,0.0,
embed,I04:wrong_pick,I04,wrong_pick,needs,bedroom,0.0062,1,False,0.0,0.0,0.0,
embed,I05:clean,I05,clean,needs,bedroom,0.0067,1,True,1.0,1.0,1.0,1.0
embed,I05:partial,I05,partial,needs,bedroom,0.0067,1,True,1.0,1.0,1.0,1.0
embed,I05:wrong_label,I05,wrong_label,needs,bedroom,0.0065,1,False,0.0,0.0,0.0,
embed,I05:wrong_pick,I05,wrong_pick,needs,bedroom,0.0068,1,False,0.0,0.0,0.0,10.0
embed,I06:clean,I06,clean,needs,bedroom,0.0063,3,True,0.0,1.0,1.0,2.0
embed,I06:partial,I06,partial,needs,bedroom,0.0057,3,True,0.0,0.0,0.0,
embed,I06:wrong_label,I06,wrong_label,needs,bedroom,0.0063,3,True,0.0,0.0,0.0,10.0
embed,I06:wrong_pick,I06,wrong_pick,needs,bedroom,0.0061,3,True,0.0,1.0,1.0,3.0
embed,I07:clean,I07,clean,needs,bedroom,0.0057,1,True,1.0,1.0,1.0,1.0
embed,I07:partial,I07,partial,needs,bedroom,0.006,1,True,1.0,1.0,1.0,1.0
embed,I07:wrong_label,I07,wrong_label,needs,bedroom,0.006,1,False,0.0,0.0,1.0,5.0
embed,I07:wrong_pick,I07,wrong_pick,needs,bedroom,0.0059,1,False,0.0,0.0,0.0,
embed,I08:clean,I08,clean,needs,bedroom,0.0061,1,True,1.0,1.0,1.0,1.0
embed,I08:partial,I08,partial,needs,bedroom,0.0062,1,True,1.0,1.0,1.0,1.0
embed,I08:wrong_label,I08,wrong_label,needs,bedroom,0.0058,1,False,0.0,0.0,0.0,
embed,I08:wrong_pick,I08,wrong_pick,needs,bedroom,0.006,1,False,0.0,0.0,0.0,
embed,I09:clean,I09,clean,needs,bedroom,0.006,1,True,0.0,1.0,1.0,2.0
embed,I09:partial,I09,partial,needs,bedroom,0.006,1,True,0.0,1.0,1.0,2.0
embed,I09:wrong_label,I09,wrong_label,needs,bedroom,0.0064,1,False,0.0,0.0,0.0,
embed,I09:wrong_pick,I09,wrong_pick,needs,bedroom,0.0061,1,False,0.0,0.0,0.0,
embed,I10:clean,I10,clean,needs,bedroom,0.006,1,True,1.0,1.0,1.0,1.0
embed,I10:partial,I10,partial,needs,bedroom,0.0061,1,True,1.0,1.0,1.0,1.0
embed,I10:wrong_label,I10,wrong_label,needs,bedroom,0.006,1,False,0.0,0.0,0.0,
embed,I10:wrong_pick,I10,wrong_pick,needs,bedroom,0.006,1,False,0.0,0.0,0.0,
embed,I11:clean,I11,clean,needs,bedroom,0.0082,1,True,1.0,1.0,1.0,1.0
embed,I11:partial,I11,partial,needs,bedroom,0.0098,1,True,1.0,1.0,1.0,1.0
embed,I11:wrong_label,I11,wrong_label,needs,bedroom,0.0103,1,False,0.0,0.0,0.0,
embed,I11:wrong_pick,I11,wrong_pick,needs,bedroom,0.0127,1,False,0.0,0.0,0.0,
embed,I12:clean,I12,clean,needs,bedroom,0.0077,3,True,1.0,1.0,1.0,1.0
embed,I12:partial,I12,partial,needs,bedroom,0.0063,3,True,1.0,1.0,1.0,1.0
embed,I12:wrong_label,I12,wrong_label,needs,bedroom,0.0061,3,True,1.0,1.0,1.0,1.0
embed,I12:wrong_pick,I12,wrong_pick,needs,bedroom,0.0061,3,True,1.0,1.0,1.0,1.0
embed,I13:clean,I13,clean,needs,bathroom,0.0062,3,True,1.0,1.0,1.0,1.0
embed,I13:partial,I13,partial,needs,bathroom,0.0059,3,True,1.0,1.0,1.0,1.0
embed,I13:wrong_label,I13,wrong_label,needs,bathroom,0.0068,3,True,1.0,1.0,1.0,1.0
embed,I13:wrong_pick,I13,wrong_pick,needs,bathroom,0.0066,3,True,1.0,1.0,1.0,1.0
embed,I14:clean,I14,clean,needs,bathroom,0.0064,3,True,1.0,1.0,1.0,1.0
embed,I14:partial,I14,partial,needs,bathroom,0.0067,3,True,1.0,1.0,1.0,1.0
embed,I14:wrong_label,I14,wrong_label,needs,bathroom,0.0061,3,True,1.0,1.0,1.0,1.0
embed,I14:wrong_pick,I14,wrong_pick,needs,bathroom,0.006,3,True,1.0,1.0,1.0,1.0
embed,I15:clean,I15,clean,needs,bathroom,0.0059,1,True,0.0,1.0,1.0,3.0
embed,I15:partial,I15,partial,needs,bathroom,0.0065,1,True,0.0,1.0,1.0,3.0
embed,I15:wrong_label,I15,wrong_label,needs,bathroom,0.0063,1,False,0.0,0.0,0.0,8.0
embed,I15:wrong_pick,I15,wrong_pick,needs,bathroom,0.0057,1,False,0.0,0.0,1.0,4.0
embed,I16:clean,I16,clean,needs,bathroom,0.0056,2,True,0.0,1.0,1.0,2.0
embed,I16:partial,I16,partial,needs,bathroom,0.0056,2,True,0.0,1.0,1.0,2.0
embed,I16:wrong_label,I16,wrong_label,needs,bathroom,0.0056,2,True,0.0,1.0,1.0,2.0
embed,I16:wrong_pick,I16,wrong_pick,needs,bathroom,0.0059,2,True,0.0,0.0,1.0,5.0
embed,I17:clean,I17,clean,needs,bathroom,0.0058,1,True,1.0,1.0,1.0,1.0
embed,I17:partial,I17,partial,needs,bathroom,0.0061,1,True,1.0,1.0,1.0,1.0
embed,I17:wrong_label,I17,wrong_label,needs,bathroom,0.006,1,False,0.0,0.0,0.0,
embed,I17:wrong_pick,I17,wrong_pick,needs,bathroom,0.0061,1,False,0.0,0.0,0.0,10.0
embed,I18:clean,I18,clean,needs,bathroom,0.0061,1,True,1.0,1.0,1.0,1.0
embed,I18:partial,I18,partial,needs,bathroom,0.0063,1,True,1.0,1.0,1.0,1.0
embed,I18:wrong_label,I18,wrong_label,needs,bathroom,0.0059,1,False,0.0,0.0,0.0,
embed,I18:wrong_pick,I18,wrong_pick,needs,bathroom,0.006,1,False,0.0,0.0,0.0,
embed,I19:clean,I19,clean,needs,kitchen,0.006,2,True,0.0,0.0,0.0,6.0
embed,I19:partial,I19,partial,needs,kitchen,0.0061,2,True,0.0,0.0,0.0,
embed,I19:wrong_label,I19,wrong_label,needs,kitchen,0.0066,2,True,0.0,0.0,0.0,
embed,I19:wrong_pick,I19,wrong_pick,needs,kitchen,0.0064,2,True,0.0,0.0,0.0,
embed,I20:clean,I20,clean,needs,kitchen,0.0063,2,True,1.0,1.0,1.0,1.0
embed,I20:partial,I20,partial,needs,kitchen,0.0084,2,True,1.0,1.0,1.0,1.0
embed,I20:wrong_label,I20,wrong_label,needs,kitchen,0.0088,2,True,1.0,1.0,1.0,1.0
embed,I20:wrong_pick,I20,wrong_pick,needs,kitchen,0.0071,2,True,1.0,1.0,1.0,1.0
embed,I21:clean,I21,clean,needs,kitchen,0.0062,1,True,1.0,1.0,1.0,1.0
embed,I21:partial,I21,partial,needs,kitchen,0.0062,1,True,1.0,1.0,1.0,1.0
embed,I21:wrong_label,I21,wrong_label,needs,kitchen,0.0065,1,False,0.0,1.0,1.0,3.0
embed,I21:wrong_pick,I21,wrong_pick,needs,kitchen,0.0063,1,False,0.0,0.0,0.0,
embed,I22:clean,I22,clean,needs,kitchen,0.0061,2,True,1.0,1.0,1.0,1.0
embed,I22:partial,I22,partial,needs,kitchen,0.0063,2,True,1.0,1.0,1.0,1.0
embed,I22:wrong_label,I22,wrong_label,needs,kitchen,0.0059,2,True,0.0,0.0,1.0,4.0
embed,I22:wrong_pick,I22,wrong_pick,needs,kitchen,0.0058,2,True,0.0,0.0,1.0,4.0
embed,I23:clean,I23,clean,needs,kitchen,0.0081,2,True,0.0,1.0,1.0,3.0
embed,I23:partial,I23,partial,needs,kitchen,0.0059,2,True,0.0,1.0,1.0,2.0
embed,I23:wrong_label,I23,wrong_label,needs,kitchen,0.006,2,True,0.0,1.0,1.0,3.0
embed,I23:wrong_pick,I23,wrong_pick,needs,kitchen,0.0064,2,True,0.0,0.0,1.0,4.0
embed,I24:clean,I24,clean,needs,dining,0.0061,3,True,0.0,0.0,1.0,4.0
embed,I24:partial,I24,partial,needs,dining,0.0061,3,True,0.0,1.0,1.0,3.0
embed,I24:wrong_label,I24,wrong_label,needs,dining,0.0061,3,True,0.0,0.0,1.0,4.0
embed,I24:wrong_pick,I24,wrong_pick,needs,dining,0.0061,3,True,0.0,0.0,1.0,4.0
embed,I25:clean,I25,clean,needs,dining,0.006,2,True,1.0,1.0,1.0,1.0
embed,I25:partial,I25,partial,needs,dining,0.0063,2,True,0.0,0.0,0.0,9.0
embed,I25:wrong_label,I25,wrong_label,needs,dining,0.0059,2,True,0.0,0.0,0.0,
embed,I25:wrong_pick,I25,wrong_pick,needs,dining,0.006,2,True,0.0,0.0,0.0,
embed,I26:clean,I26,clean,needs,dining,0.006,1,True,1.0,1.0,1.0,1.0
embed,I26:partial,I26,partial,needs,dining,0.0061,1,True,1.0,1.0,1.0,1.0
embed,I26:wrong_label,I26,wrong_label,needs,dining,0.0062,1,False,1.0,1.0,1.0,1.0
embed,I26:wrong_pick,I26,wrong_pick,needs,dining,0.006,1,False,0.0,0.0,1.0,4.0
embed,I27:clean,I27,clean,needs,dining,0.0065,1,True,1.0,1.0,1.0,1.0
embed,I27:partial,I27,partial,needs,dining,0.0061,1,True,1.0,1.0,1.0,1.0
embed,I27:wrong_label,I27,wrong_label,needs,dining,0.0061,1,False,0.0,0.0,0.0,
embed,I27:wrong_pick,I27,wrong_pick,needs,dining,0.006,1,False,0.0,0.0,1.0,4.0
embed,I28:clean,I28,clean,needs,living room,0.0066,2,True,0.0,1.0,1.0,2.0
embed,I28:partial,I28,partial,needs,living room,0.0061,2,True,1.0,1.0,1.0,1.0
embed,I28:wrong_label,I28,wrong_label,needs,living room,0.0061,2,True,1.0,1.0,1.0,1.0
embed,I28:wrong_pick,I28,wrong_pick,needs,living room,0.0062,2,True,1.0,1.0,1.0,1.0
embed,I29:clean,I29,clean,needs,living room,0.0059,2,True,1.0,1.0,1.0,1.0
embed,I29:partial,I29,partial,needs,living room,0.006,2,True,1.0,1.0,1.0,1.0
embed,I29:wrong_label,I29,wrong_label,needs,living room,0.006,2,True,1.0,1.0,1.0,1.0
embed,I29:wrong_pick,I29,wrong_pick,needs,living room,0.0062,2,True,1.0,1.0,1.0,1.0
embed,I30:clean,I30,clean,needs,living room,0.0062,1,True,1.0,1.0,1.0,1.0
embed,I30:partial,I30,partial,needs,living room,0.006,1,True,1.0,1.0,1.0,1.0
embed,I30:wrong_label,I30,wrong_label,needs,living room,0.0065,1,False,0.0,0.0,0.0,
embed,I30:wrong_pick,I30,wrong_pick,needs,living room,0.0063,1,False,0.0,0.0,0.0,
embed,I31:clean,I31,clean,needs,living room,0.0063,1,True,1.0,1.0,1.0,1.0
embed,I31:partial,I31,partial,needs,living room,0.0061,1,True,1.0,1.0,1.0,1.0
embed,I31:wrong_label,I31,wrong_label,needs,living room,0.0059,1,False,0.0,0.0,0.0,
embed,I31:wrong_pick,I31,wrong_pick,needs,living room,0.0062,1,False,0.0,1.0,1.0,2.0
embed,I32:clean,I32,clean,needs,living room,0.0065,1,True,1.0,1.0,1.0,1.0
embed,I32:partial,I32,partial,needs,living room,0.0062,1,True,1.0,1.0,1.0,1.0
embed,I32:wrong_label,I32,wrong_label,needs,living room,0.0062,1,False,0.0,0.0,0.0,
embed,I32:wrong_pick,I32,wrong_pick,needs,living room,0.0059,1,False,0.0,0.0,0.0,
embed,I33:clean,I33,clean,needs,bedroom,0.0059,1,True,1.0,1.0,1.0,1.0
embed,I33:partial,I33,partial,needs,bedroom,0.0063,1,True,1.0,1.0,1.0,1.0
embed,I33:wrong_label,I33,wrong_label,needs,bedroom,0.006,1,False,0.0,0.0,0.0,
embed,I33:wrong_pick,I33,wrong_pick,needs,bedroom,0.0062,1,False,0.0,0.0,0.0,
embed,I34:clean,I34,clean,information,bedroom,0.0061,1,True,0.0,0.0,1.0,4.0
embed,I34:partial,I34,partial,information,bedroom,0.0066,1,True,0.0,0.0,1.0,4.0
embed,I34:wrong_label,I34,wrong_label,information,bedroom,0.0062,1,False,0.0,0.0,0.0,
embed,I34:wrong_pick,I34,wrong_pick,information,bedroom,0.0096,1,False,0.0,0.0,0.0,
embed,I35:clean,I35,clean,information,living room,0.0098,1,True,0.0,0.0,0.0,
embed,I35:partial,I35,partial,information,living room,0.0087,1,True,0.0,0.0,0.0,
embed,I35:wrong_label,I35,wrong_label,information,living room,0.0063,1,False,0.0,0.0,0.0,
embed,I35:wrong_pick,I35,wrong_pick,information,living room,0.0078,1,False,0.0,0.0,0.0,
embed,I36:clean,I36,clean,information,bedroom,0.0063,1,True,0.0,1.0,1.0,2.0
embed,I36:partial,I36,partial,information,bedroom,0.0063,1,True,0.0,1.0,1.0,2.0
embed,I36:wrong_label,I36,wrong_label,information,bedroom,0.0063,1,False,0.0,0.0,0.0,
embed,I36:wrong_pick,I36,wrong_pick,information,bedroom,0.0061,1,False,0.0,0.0,0.0,
embed,I37:clean,I37,clean,information,bedroom,0.0062,2,True,0.0,0.0,0.0,
embed,I37:partial,I37,partial,information,bedroom,0.006,2,True,0.0,0.0,0.0,
embed,I37:wrong_label,I37,wrong_label,information,bedroom,0.0062,2,True,0.0,0.0,0.0,
embed,I37:wrong_pick,I37,wrong_pick,information,bedroom,0.0066,2,True,0.0,0.0,0.0,
embed,I38:clean,I38,clean,information,living room,0.0065,1,True,0.0,1.0,1.0,2.0
embed,I38:partial,I38,partial,information,living room,0.0064,1,True,0.0,1.0,1.0,2.0
embed,I38:wrong_label,I38,wrong_label,information,living room,0.0061,1,False,0.0,0.0,0.0,
embed,I38:wrong_pick,I38,wrong_pick,information,living room,0.0059,1,False,0.0,0.0,0.0,
embed,I39:clean,I39,clean,information,bedroom,0.006,1,True,1.0,1.0,1.0,1.0
embed,I39:partial,I39,partial,information,bedroom,0.0061,1,True,1.0,1.0,1.0,1.0
embed,I39:wrong_label,I39,wrong_label,information,bedroom,0.0063,1,False,0.0,0.0,0.0,
embed,I39:wrong_pick,I39,wrong_pick,information,bedroom,0.0062,1,False,0.0,0.0,0.0,
embed,I40:clean,I40,clean,information,living room,0.0064,1,True,0.0,0.0,0.0,7.0
embed,I40:partial,I40,partial,information,living room,0.0063,1,True,0.0,0.0,0.0,7.0
embed,I40:wrong_label,I40,wrong_label,information,living room,0.0063,1,False,0.0,0.0,0.0,
embed,I40:wrong_pick,I40,wrong_pick,information,living room,0.0064,1,False,0.0,0.0,0.0,
embed,I41:clean,I41,clean,information,kitchen,0.006,1,True,1.0,1.0,1.0,1.0
embed,I41:partial,I41,partial,information,kitchen,0.0063,1,True,1.0,1.0,1.0,1.0
embed,I41:wrong_label,I41,wrong_label,information,kitchen,0.0066,1,False,0.0,0.0,1.0,4.0
embed,I41:wrong_pick,I41,wrong_pick,information,kitchen,0.0067,1,False,0.0,1.0,1.0,3.0
embed,I42:clean,I42,clean,information,bedroom,0.0072,1,True,1.0,1.0,1.0,1.0
embed,I42:partial,I42,partial,information,bedroom,0.0063,1,True,1.0,1.0,1.0,1.0
embed,I42:wrong_label,I42,wrong_label,information,bedroom,0.0064,1,False,0.0,0.0,0.0,9.0
embed,I42:wrong_pick,I42,wrong_pick,information,bedroom,0.0064,1,False,0.0,0.0,0.0,8.0
embed,I43:clean,I43,clean,information,dining,0.0064,1,True,1.0,1.0,1.0,1.0
embed,I43:partial,I43,partial,information,dining,0.0063,1,True,1.0,1.0,1.0,1.0
embed,I43:wrong_label,I43,wrong_label,information,dining,0.006,1,False,0.0,0.0,0.0,
embed,I43:wrong_pick,I43,wrong_pick,information,dining,0.006,1,False,0.0,0.0,0.0,
embed,I44:clean,I44,clean,social,bedroom,0.006,1,True,0.0,1.0,1.0,2.0
embed,I44:partial,I44,partial,social,bedroom,0.0068,1,True,0.0,1.0,1.0,2.0
embed,I44:wrong_label,I44,wrong_label,social,bedroom,0.0062,1,False,0.0,0.0,0.0,
embed,I44:wrong_pick,I44,wrong_pick,social,bedroom,0.0062,1,False,0.0,0.0,0.0,
embed,I45:clean,I45,clean,social,living room,0.0058,1,True,1.0,1.0,1.0,1.0
embed,I45:partial,I45,partial,social,living room,0.0058,1,True,1.0,1.0,1.0,1.0
embed,I45:wrong_label,I45,wrong_label,social,living room,0.0059,1,False,0.0,0.0,0.0,10.0
embed,I45:wrong_pick,I45,wrong_pick,social,living room,0.0059,1,False,0.0,0.0,0.0,
embed,I46:clean,I46,clean,social,living room,0.0062,1,True,1.0,1.0,1.0,1.0
embed,I46:partial,I46,partial,social,living room,0.0065,1,True,1.0,1.0,1.0,1.0
embed,I46:wrong_label,I46,wrong_label,social,living room,0.006,1,False,0.0,0.0,0.0,
embed,I46:wrong_pick,I46,wrong_pick,social,living room,0.0059,1,False,0.0,0.0,0.0,
embed,I47:clean,I47,clean,social,bedroom,0.0059,1,True,1.0,1.0,1.0,1.0
embed,I47:partial,I47,partial,social,bedroom,0.0057,1,True,1.0,1.0,1.0,1.0
embed,I47:wrong_label,I47,wrong_label,social,bedroom,0.006,1,False,0.0,0.0,0.0,
embed,I47:wrong_pick,I47,wrong_pick,social,bedroom,0.0064,1,False,0.0,0.0,0.0,10.0
embed,I48:clean,I48,clean,social,living room,0.0061,1,True,1.0,1.0,1.0,1.0
embed,I48:partial,I48,partial,social,living room,0.0059,1,True,1.0,1.0,1.0,1.0
embed,I48:wrong_label,I48,wrong_label,social,living room,0.006,1,False,0.0,0.0,0.0,
embed,I48:wrong_pick,I48,wrong_pick,social,living room,0.0057,1,False,0.0,0.0,0.0,
embed,I49:clean,I49,clean,social,dining,0.006,1,True,1.0,1.0,1.0,1.0
embed,I49:partial,I49,partial,social,dining,0.0061,1,True,1.0,1.0,1.0,1.0
embed,I49:wrong_label,I49,wrong_label,social,dining,0.0061,1,False,0.0,0.0,0.0,
embed,I49:wrong_pick,I49,wrong_pick,social,dining,0.006,1,False,0.0,0.0,0.0,
embed,I50:clean,I50,clean,social,living room,0.0124,1,True,0.0,0.0,0.0,8.0
embed,I50:partial,I50,partial,social,living room,0.0098,1,True,0.0,0.0,0.0,8.0
embed,I50:wrong_label,I50,wrong_label,social,living room,0.0108,1,False,0.0,0.0,0.0,
embed,I50:wrong_pick,I50,wrong_pick,social,living room,0.0102,1,False,0.0,0.0,0.0,9.0
embed,I51:clean,I51,clean,social,bedroom,0.0064,1,True,1.0,1.0,1.0,1.0
embed,I51:partial,I51,partial,social,bedroom,0.0064,1,True,1.0,1.0,1.0,1.0
embed,I51:wrong_label,I51,wrong_label,social,bedroom,0.0064,1,False,0.0,0.0,0.0,
embed,I51:wrong_pick,I51,wrong_pick,social,bedroom,0.0066,1,False,0.0,0.0,0.0,
embed,I52:clean,I52,clean,social,living room,0.0064,1,True,0.0,0.0,1.0,4.0
embed,I52:partial,I52,partial,social,living room,0.0062,1,True,0.0,0.0,1.0,4.0
embed,I52:wrong_label,I52,wrong_label,social,living room,0.0061,1,False,0.0,0.0,0.0,
embed,I52:wrong_pick,I52,wrong_pick,social,living room,0.0061,1,False,0.0,0.0,0.0,8.0
embed,I53:clean,I53,clean,social,bedroom,0.0067,1,True,1.0,1.0,1.0,1.0
embed,I53:partial,I53,partial,social,bedroom,0.006,1,True,1.0,1.0,1.0,1.0
embed,I53:wrong_label,I53,wrong_label,social,bedroom,0.0064,1,False,0.0,0.0,0.0,
embed,I53:wrong_pick,I53,wrong_pick,social,bedroom,0.0061,1,False,0.0,0.0,0.0,6.0
embed,I54:clean,I54,clean,etiquette,dining,0.0067,1,True,0.0,0.0,0.0,
embed,I54:partial,I54,partial,etiquette,dining,0.0064,1,True,0.0,0.0,0.0,
embed,I54:wrong_label,I54,wrong_label,etiquette,dining,0.0063,1,False,0.0,0.0,0.0,
embed,I54:wrong_pick,I54,wrong_pick,etiquette,dining,0.0063,1,False,0.0,0.0,0.0,
embed,I55:clean,I55,clean,etiquette,living room,0.0064,3,True,0.0,1.0,1.0,2.0
embed,I55:partial,I55,partial,etiquette,living room,0.0063,3,True,1.0,1.0,1.0,1.0
embed,I55:wrong_label,I55,wrong_label,etiquette,living room,0.0061,3,True,0.0,1.0,1.0,2.0
embed,I55:wrong_pick,I55,wrong_pick,etiquette,living room,0.0062,3,True,1.0,1.0,1.0,1.0
embed,I56:clean,I56,clean,etiquette,dining,0.0062,1,True,0.0,1.0,1.0,3.0
embed,I56:partial,I56,partial,etiquette,dining,0.0062,1,True,0.0,1.0,1.0,3.0
embed,I56:wrong_label,I56,wrong_label,etiquette,dining,0.0061,1,False,0.0,0.0,0.0,
embed,I56:wrong_pick,I56,wrong_pick,etiquette,dining,0.0066,1,False,0.0,0.0,0.0,
embed,I57:clean,I57,clean,etiquette,bedroom,0.0062,1,True,0.0,1.0,1.0,2.0
embed,I57:partial,I57,partial,etiquette,bedroom,0.0063,1,True,0.0,1.0,1.0,2.0
embed,I57:wrong_label,I57,wrong_label,etiquette,bedroom,0.0068,1,False,0.0,0.0,0.0,
embed,I57:wrong_pick,I57,wrong_pick,etiquette,bedroom,0.0077,1,False,0.0,0.0,0.0,
embed,I58:clean,I58,clean,etiquette,living room,0.0063,1,True,0.0,1.0,1.0,2.0
embed,I58:partial,I58,partial,etiquette,living room,0.006,1,True,0.0,1.0,1.0,2.0
embed,I58:wrong_label,I58,wrong_label,etiquette,living room,0.006,1,False,0.0,0.0,0.0,
embed,I58:wrong_pick,I58,wrong_pick,etiquette,living room,0.0059,1,False,0.0,1.0,1.0,2.0
embed,I59:clean,I59,clean,etiquette,dining,0.007,2,True,0.0,1.0,1.0,2.0
embed,I59:partial,I59,partial,etiquette,dining,0.0061,2,True,0.0,1.0,1.0,2.0
embed,I59:wrong_label,I59,wrong_label,etiquette,dining,0.0061,2,True,0.0,1.0,1.0,2.0
embed,I59:wrong_pick,I59,wrong_pick,etiquette,dining,0.0061,2,True,0.0,1.0,1.0,2.0
embed,I60:clean,I60,clean,etiquette,bedroom,0.0059,2,True,0.0,0.0,1.0,5.0
embed,I60:partial,I60,partial,etiquette,bedroom,0.0061,2,True,0.0,0.0,1.0,4.0
embed,I60:wrong_label,I60,wrong_label,etiquette,bedroom,0.0061,2,True,0.0,0.0,1.0,4.0
embed,I60:wrong_pick,I60,wrong_pick,etiquette,bedroom,0.0086,2,True,0.0,1.0,1.0,2.0
lm_choice_phi3.5,I01:clean,I01,clean,needs,bedroom,0.9957,2,True,0.0,0.0,0.0,
lm_choice_phi3.5,I01:partial,I01,partial,needs,bedroom,0.8782,2,True,1.0,1.0,1.0,1.0
lm_choice_phi3.5,I01:wrong_label,I01,wrong_label,needs,bedroom,0.8907,2,True,0.0,0.0,0.0,
lm_choice_phi3.5,I01:wrong_pick,I01,wrong_pick,needs,bedroom,0.8557,2,True,0.0,0.0,0.0,
lm_choice_phi3.5,I02:clean,I02,clean,needs,bedroom,0.9137,2,True,0.0,0.0,0.0,
lm_choice_phi3.5,I02:partial,I02,partial,needs,bedroom,0.8993,2,True,0.0,0.0,0.0,
lm_choice_phi3.5,I02:wrong_label,I02,wrong_label,needs,bedroom,0.9038,2,True,0.0,0.0,0.0,
lm_choice_phi3.5,I02:wrong_pick,I02,wrong_pick,needs,bedroom,0.9072,2,True,0.0,0.0,0.0,
lm_choice_phi3.5,I03:clean,I03,clean,needs,bedroom,0.914,1,True,1.0,1.0,1.0,1.0
lm_choice_phi3.5,I03:partial,I03,partial,needs,bedroom,0.9197,1,True,1.0,1.0,1.0,1.0
lm_choice_phi3.5,I03:wrong_label,I03,wrong_label,needs,bedroom,1.0146,1,False,0.0,0.0,0.0,
lm_choice_phi3.5,I03:wrong_pick,I03,wrong_pick,needs,bedroom,1.0042,1,False,0.0,0.0,0.0,
lm_choice_phi3.5,I04:clean,I04,clean,needs,bedroom,0.9304,1,True,1.0,1.0,1.0,1.0
lm_choice_phi3.5,I04:partial,I04,partial,needs,bedroom,1.0382,1,True,1.0,1.0,1.0,1.0
lm_choice_phi3.5,I04:wrong_label,I04,wrong_label,needs,bedroom,0.9381,1,False,0.0,0.0,0.0,
lm_choice_phi3.5,I04:wrong_pick,I04,wrong_pick,needs,bedroom,0.8983,1,False,0.0,0.0,0.0,
lm_choice_phi3.5,I05:clean,I05,clean,needs,bedroom,0.9471,1,True,1.0,1.0,1.0,1.0
lm_choice_phi3.5,I05:partial,I05,partial,needs,bedroom,0.9567,1,True,1.0,1.0,1.0,1.0
lm_choice_phi3.5,I05:wrong_label,I05,wrong_label,needs,bedroom,0.9625,1,False,0.0,0.0,0.0,
lm_choice_phi3.5,I05:wrong_pick,I05,wrong_pick,needs,bedroom,1.0172,1,False,0.0,0.0,0.0,
lm_choice_phi3.5,I06:clean,I06,clean,needs,bedroom,0.987,3,True,0.0,0.0,0.0,
lm_choice_phi3.5,I06:partial,I06,partial,needs,bedroom,0.9794,3,True,0.0,0.0,0.0,
lm_choice_phi3.5,I06:wrong_label,I06,wrong_label,needs,bedroom,0.9909,3,True,1.0,1.0,1.0,1.0
lm_choice_phi3.5,I06:wrong_pick,I06,wrong_pick,needs,bedroom,1.01,3,True,0.0,0.0,0.0,
lm_choice_phi3.5,I07:clean,I07,clean,needs,bedroom,0.953,1,True,1.0,1.0,1.0,1.0
lm_choice_phi3.5,I07:partial,I07,partial,needs,bedroom,0.9192,1,True,1.0,1.0,1.0,1.0
lm_choice_phi3.5,I07:wrong_label,I07,wrong_label,needs,bedroom,0.9692,1,False,0.0,0.0,0.0,
lm_choice_phi3.5,I07:wrong_pick,I07,wrong_pick,needs,bedroom,1.0442,1,False,0.0,0.0,0.0,
lm_choice_phi3.5,I08:clean,I08,clean,needs,bedroom,1.0304,1,True,1.0,1.0,1.0,1.0
lm_choice_phi3.5,I08:partial,I08,partial,needs,bedroom,1.0328,1,True,1.0,1.0,1.0,1.0
lm_choice_phi3.5,I08:wrong_label,I08,wrong_label,needs,bedroom,1.0834,1,False,0.0,0.0,0.0,
lm_choice_phi3.5,I08:wrong_pick,I08,wrong_pick,needs,bedroom,1.1539,1,False,0.0,0.0,0.0,
lm_choice_phi3.5,I09:clean,I09,clean,needs,bedroom,0.9522,1,True,0.0,1.0,1.0,3.0
lm_choice_phi3.5,I09:partial,I09,partial,needs,bedroom,0.9569,1,True,0.0,1.0,1.0,3.0
lm_choice_phi3.5,I09:wrong_label,I09,wrong_label,needs,bedroom,1.0427,1,False,0.0,0.0,0.0,
lm_choice_phi3.5,I09:wrong_pick,I09,wrong_pick,needs,bedroom,0.9638,1,False,0.0,0.0,0.0,
lm_choice_phi3.5,I10:clean,I10,clean,needs,bedroom,1.0729,1,True,1.0,1.0,1.0,1.0
lm_choice_phi3.5,I10:partial,I10,partial,needs,bedroom,1.0471,1,True,1.0,1.0,1.0,1.0
lm_choice_phi3.5,I10:wrong_label,I10,wrong_label,needs,bedroom,1.0054,1,False,0.0,0.0,0.0,
lm_choice_phi3.5,I10:wrong_pick,I10,wrong_pick,needs,bedroom,0.9728,1,False,1.0,1.0,1.0,1.0
lm_choice_phi3.5,I11:clean,I11,clean,needs,bedroom,1.0665,1,True,1.0,1.0,1.0,1.0
lm_choice_phi3.5,I11:partial,I11,partial,needs,bedroom,1.0216,1,True,1.0,1.0,1.0,1.0
lm_choice_phi3.5,I11:wrong_label,I11,wrong_label,needs,bedroom,0.9218,1,False,0.0,0.0,0.0,
lm_choice_phi3.5,I11:wrong_pick,I11,wrong_pick,needs,bedroom,0.9555,1,False,0.0,0.0,0.0,
lm_choice_phi3.5,I12:clean,I12,clean,needs,bedroom,1.0082,3,True,1.0,1.0,1.0,1.0
lm_choice_phi3.5,I12:partial,I12,partial,needs,bedroom,1.0003,3,True,1.0,1.0,1.0,1.0
lm_choice_phi3.5,I12:wrong_label,I12,wrong_label,needs,bedroom,0.9975,3,True,1.0,1.0,1.0,1.0
lm_choice_phi3.5,I12:wrong_pick,I12,wrong_pick,needs,bedroom,0.9931,3,True,1.0,1.0,1.0,1.0
lm_choice_phi3.5,I13:clean,I13,clean,needs,bathroom,0.9482,3,True,1.0,1.0,1.0,1.0
lm_choice_phi3.5,I13:partial,I13,partial,needs,bathroom,0.9411,3,True,1.0,1.0,1.0,1.0
lm_choice_phi3.5,I13:wrong_label,I13,wrong_label,needs,bathroom,0.9786,3,True,1.0,1.0,1.0,1.0
lm_choice_phi3.5,I13:wrong_pick,I13,wrong_pick,needs,bathroom,0.97,3,True,1.0,1.0,1.0,1.0
lm_choice_phi3.5,I14:clean,I14,clean,needs,bathroom,0.9505,3,True,1.0,1.0,1.0,1.0
lm_choice_phi3.5,I14:partial,I14,partial,needs,bathroom,0.9825,3,True,1.0,1.0,1.0,1.0
lm_choice_phi3.5,I14:wrong_label,I14,wrong_label,needs,bathroom,1.0167,3,True,0.0,1.0,1.0,2.0
lm_choice_phi3.5,I14:wrong_pick,I14,wrong_pick,needs,bathroom,0.9603,3,True,1.0,1.0,1.0,1.0
lm_choice_phi3.5,I15:clean,I15,clean,needs,bathroom,0.839,1,True,0.0,1.0,1.0,2.0
lm_choice_phi3.5,I15:partial,I15,partial,needs,bathroom,0.8324,1,True,0.0,1.0,1.0,2.0
lm_choice_phi3.5,I15:wrong_label,I15,wrong_label,needs,bathroom,0.8326,1,False,0.0,0.0,0.0,
lm_choice_phi3.5,I15:wrong_pick,I15,wrong_pick,needs,bathroom,0.8317,1,False,0.0,0.0,0.0,
lm_choice_phi3.5,I16:clean,I16,clean,needs,bathroom,0.8703,2,True,0.0,1.0,1.0,2.0
lm_choice_phi3.5,I16:partial,I16,partial,needs,bathroom,0.8742,2,True,0.0,1.0,1.0,2.0
lm_choice_phi3.5,I16:wrong_label,I16,wrong_label,needs,bathroom,0.9141,2,True,0.0,1.0,1.0,2.0
lm_choice_phi3.5,I16:wrong_pick,I16,wrong_pick,needs,bathroom,0.9066,2,True,0.0,1.0,1.0,2.0
lm_choice_phi3.5,I17:clean,I17,clean,needs,bathroom,0.9481,1,True,1.0,1.0,1.0,1.0
lm_choice_phi3.5,I17:partial,I17,partial,needs,bathroom,0.9436,1,True,1.0,1.0,1.0,1.0
lm_choice_phi3.5,I17:wrong_label,I17,wrong_label,needs,bathroom,0.8612,1,False,0.0,0.0,0.0,
lm_choice_phi3.5,I17:wrong_pick,I17,wrong_pick,needs,bathroom,0.9419,1,False,0.0,0.0,0.0,
lm_choice_phi3.5,I18:clean,I18,clean,needs,bathroom,0.8996,1,True,0.0,0.0,0.0,
lm_choice_phi3.5,I18:partial,I18,partial,needs,bathroom,0.8638,1,True,0.0,0.0,0.0,
lm_choice_phi3.5,I18:wrong_label,I18,wrong_label,needs,bathroom,0.9972,1,False,0.0,0.0,0.0,
lm_choice_phi3.5,I18:wrong_pick,I18,wrong_pick,needs,bathroom,0.8934,1,False,0.0,0.0,0.0,
lm_choice_phi3.5,I19:clean,I19,clean,needs,kitchen,0.9396,2,True,1.0,1.0,1.0,1.0
lm_choice_phi3.5,I19:partial,I19,partial,needs,kitchen,0.853,2,True,0.0,1.0,1.0,3.0
lm_choice_phi3.5,I19:wrong_label,I19,wrong_label,needs,kitchen,0.8542,2,True,0.0,1.0,1.0,3.0
lm_choice_phi3.5,I19:wrong_pick,I19,wrong_pick,needs,kitchen,0.8616,2,True,0.0,1.0,1.0,3.0
lm_choice_phi3.5,I20:clean,I20,clean,needs,kitchen,0.8633,2,True,1.0,1.0,1.0,1.0
lm_choice_phi3.5,I20:partial,I20,partial,needs,kitchen,0.8586,2,True,1.0,1.0,1.0,1.0
lm_choice_phi3.5,I20:wrong_label,I20,wrong_label,needs,kitchen,0.809,2,True,1.0,1.0,1.0,1.0
lm_choice_phi3.5,I20:wrong_pick,I20,wrong_pick,needs,kitchen,0.8579,2,True,1.0,1.0,1.0,1.0
lm_choice_phi3.5,I21:clean,I21,clean,needs,kitchen,0.9334,1,True,1.0,1.0,1.0,1.0
lm_choice_phi3.5,I21:partial,I21,partial,needs,kitchen,0.9457,1,True,1.0,1.0,1.0,1.0
lm_choice_phi3.5,I21:wrong_label,I21,wrong_label,needs,kitchen,0.9152,1,False,0.0,0.0,0.0,
lm_choice_phi3.5,I21:wrong_pick,I21,wrong_pick,needs,kitchen,0.9391,1,False,0.0,0.0,0.0,
lm_choice_phi3.5,I22:clean,I22,clean,needs,kitchen,0.8984,2,True,1.0,1.0,1.0,1.0
lm_choice_phi3.5,I22:partial,I22,partial,needs,kitchen,0.9195,2,True,1.0,1.0,1.0,1.0
lm_choice_phi3.5,I22:wrong_label,I22,wrong_label,needs,kitchen,0.8499,2,True,1.0,1.0,1.0,1.0
lm_choice_phi3.5,I22:wrong_pick,I22,wrong_pick,needs,kitchen,0.8587,2,True,1.0,1.0,1.0,1.0
lm_choice_phi3.5,I23:clean,I23,clean,needs,kitchen,0.8583,2,True,1.0,1.0,1.0,1.0
lm_choice_phi3.5,I23:partial,I23,partial,needs,kitchen,0.8843,2,True,1.0,1.0,1.0,1.0
lm_choice_phi3.5,I23:wrong_label,I23,wrong_label,needs,kitchen,0.8532,2,True,1.0,1.0,1.0,1.0
lm_choice_phi3.5,I23:wrong_pick,I23,wrong_pick,needs,kitchen,0.8568,2,True,1.0,1.0,1.0,1.0
lm_choice_phi3.5,I24:clean,I24,clean,needs,dining,0.8583,3,True,0.0,0.0,0.0,
lm_choice_phi3.5,I24:partial,I24,partial,needs,dining,0.9437,3,True,0.0,0.0,0.0,
lm_choice_phi3.5,I24:wrong_label,I24,wrong_label,needs,dining,0.9433,3,True,0.0,0.0,0.0,
lm_choice_phi3.5,I24:wrong_pick,I24,wrong_pick,needs,dining,0.9428,3,True,0.0,0.0,0.0,
lm_choice_phi3.5,I25:clean,I25,clean,needs,dining,0.9094,2,True,0.0,1.0,1.0,3.0
lm_choice_phi3.5,I25:partial,I25,partial,needs,dining,0.9492,2,True,0.0,0.0,0.0,
lm_choice_phi3.5,I25:wrong_label,I25,wrong_label,needs,dining,0.9245,2,True,0.0,0.0,0.0,
lm_choice_phi3.5,I25:wrong_pick,I25,wrong_pick,needs,dining,0.9157,2,True,0.0,0.0,0.0,
lm_choice_phi3.5,I26:clean,I26,clean,needs,dining,0.8993,1,True,1.0,1.0,1.0,1.0
lm_choice_phi3.5,I26:partial,I26,partial,needs,dining,0.8786,1,True,1.0,1.0,1.0,1.0
lm_choice_phi3.5,I26:wrong_label,I26,wrong_label,needs,dining,0.865,1,False,0.0,0.0,0.0,
lm_choice_phi3.5,I26:wrong_pick,I26,wrong_pick,needs,dining,0.9557,1,False,0.0,0.0,0.0,
lm_choice_phi3.5,I27:clean,I27,clean,needs,dining,0.956,1,True,1.0,1.0,1.0,1.0
lm_choice_phi3.5,I27:partial,I27,partial,needs,dining,0.9593,1,True,1.0,1.0,1.0,1.0
lm_choice_phi3.5,I27:wrong_label,I27,wrong_label,needs,dining,0.8777,1,False,0.0,0.0,0.0,
lm_choice_phi3.5,I27:wrong_pick,I27,wrong_pick,needs,dining,0.8791,1,False,0.0,0.0,0.0,
lm_choice_phi3.5,I28:clean,I28,clean,needs,living room,0.9129,2,True,1.0,1.0,1.0,1.0
lm_choice_phi3.5,I28:partial,I28,partial,needs,living room,0.9181,2,True,1.0,1.0,1.0,1.0
lm_choice_phi3.5,I28:wrong_label,I28,wrong_label,needs,living room,0.9235,2,True,1.0,1.0,1.0,1.0
lm_choice_phi3.5,I28:wrong_pick,I28,wrong_pick,needs,living room,0.9204,2,True,1.0,1.0,1.0,1.0
lm_choice_phi3.5,I29:clean,I29,clean,needs,living room,1.0705,2,True,0.0,0.0,0.0,
lm_choice_phi3.5,I29:partial,I29,partial,needs,living room,1.0393,2,True,0.0,1.0,1.0,2.0
lm_choice_phi3.5,I29:wrong_label,I29,wrong_label,needs,living room,1.0304,2,True,0.0,0.0,0.0,
lm_choice_phi3.5,I29:wrong_pick,I29,wrong_pick,needs,living room,1.1093,2,True,0.0,0.0,0.0,
lm_choice_phi3.5,I30:clean,I30,clean,needs,living room,0.8759,1,True,0.0,0.0,0.0,
lm_choice_phi3.5,I30:partial,I30,partial,needs,living room,0.8898,1,True,0.0,0.0,0.0,
lm_choice_phi3.5,I30:wrong_label,I30,wrong_label,needs,living room,0.894,1,False,0.0,0.0,0.0,
lm_choice_phi3.5,I30:wrong_pick,I30,wrong_pick,needs,living room,0.895,1,False,0.0,0.0,0.0,
lm_choice_phi3.5,I31:clean,I31,clean,needs,living room,0.9792,1,True,0.0,0.0,0.0,
lm_choice_phi3.5,I31:partial,I31,partial,needs,living room,0.9726,1,True,0.0,0.0,0.0,
lm_choice_phi3.5,I31:wrong_label,I31,wrong_label,needs,living room,0.9381,1,False,0.0,0.0,0.0,
lm_choice_phi3.5,I31:wrong_pick,I31,wrong_pick,needs,living room,0.8918,1,False,0.0,0.0,0.0,
lm_choice_phi3.5,I32:clean,I32,clean,needs,living room,0.9813,1,True,0.0,0.0,0.0,
lm_choice_phi3.5,I32:partial,I32,partial,needs,living room,0.9724,1,True,0.0,0.0,0.0,
lm_choice_phi3.5,I32:wrong_label,I32,wrong_label,needs,living room,1.0054,1,False,0.0,0.0,0.0,
lm_choice_phi3.5,I32:wrong_pick,I32,wrong_pick,needs,living room,0.9514,1,False,0.0,0.0,0.0,
lm_choice_phi3.5,I33:clean,I33,clean,needs,bedroom,0.9604,1,True,0.0,0.0,0.0,
lm_choice_phi3.5,I33:partial,I33,partial,needs,bedroom,0.9925,1,True,0.0,0.0,0.0,
lm_choice_phi3.5,I33:wrong_label,I33,wrong_label,needs,bedroom,0.8856,1,False,0.0,0.0,0.0,
lm_choice_phi3.5,I33:wrong_pick,I33,wrong_pick,needs,bedroom,0.9002,1,False,0.0,0.0,0.0,
lm_choice_phi3.5,I34:clean,I34,clean,information,bedroom,0.9837,1,True,0.0,0.0,0.0,
lm_choice_phi3.5,I34:partial,I34,partial,information,bedroom,0.9728,1,True,0.0,0.0,0.0,
lm_choice_phi3.5,I34:wrong_label,I34,wrong_label,information,bedroom,0.8945,1,False,0.0,0.0,0.0,
lm_choice_phi3.5,I34:wrong_pick,I34,wrong_pick,information,bedroom,0.8912,1,False,0.0,0.0,0.0,
lm_choice_phi3.5,I35:clean,I35,clean,information,living room,0.9349,1,True,0.0,0.0,0.0,
lm_choice_phi3.5,I35:partial,I35,partial,information,living room,0.9279,1,True,0.0,0.0,0.0,
lm_choice_phi3.5,I35:wrong_label,I35,wrong_label,information,living room,0.8869,1,False,0.0,0.0,0.0,
lm_choice_phi3.5,I35:wrong_pick,I35,wrong_pick,information,living room,0.8948,1,False,0.0,0.0,0.0,
lm_choice_phi3.5,I36:clean,I36,clean,information,bedroom,0.8922,1,True,0.0,0.0,0.0,
lm_choice_phi3.5,I36:partial,I36,partial,information,bedroom,0.9318,1,True,0.0,0.0,0.0,
lm_choice_phi3.5,I36:wrong_label,I36,wrong_label,information,bedroom,1.0409,1,False,0.0,0.0,0.0,
lm_choice_phi3.5,I36:wrong_pick,I36,wrong_pick,information,bedroom,0.9487,1,False,0.0,0.0,0.0,
lm_choice_phi3.5,I37:clean,I37,clean,information,bedroom,1.0361,2,True,0.0,0.0,0.0,
lm_choice_phi3.5,I37:partial,I37,partial,information,bedroom,0.8722,2,True,0.0,0.0,0.0,
lm_choice_phi3.5,I37:wrong_label,I37,wrong_label,information,bedroom,0.8447,2,True,0.0,0.0,0.0,
lm_choice_phi3.5,I37:wrong_pick,I37,wrong_pick,information,bedroom,0.9337,2,True,0.0,0.0,0.0,
lm_choice_phi3.5,I38:clean,I38,clean,information,living room,0.939,1,True,1.0,1.0,1.0,1.0
lm_choice_phi3.5,I38:partial,I38,partial,information,living room,0.9286,1,True,1.0,1.0,1.0,1.0
lm_choice_phi3.5,I38:wrong_label,I38,wrong_label,information,living room,0.8818,1,False,0.0,0.0,0.0,
lm_choice_phi3.5,I38:wrong_pick,I38,wrong_pick,information,living room,0.8841,1,False,0.0,0.0,0.0,
lm_choice_phi3.5,I39:clean,I39,clean,information,bedroom,0.8791,1,True,0.0,0.0,0.0,
lm_choice_phi3.5,I39:partial,I39,partial,information,bedroom,0.8791,1,True,0.0,0.0,0.0,
lm_choice_phi3.5,I39:wrong_label,I39,wrong_label,information,bedroom,0.9024,1,False,0.0,0.0,0.0,
lm_choice_phi3.5,I39:wrong_pick,I39,wrong_pick,information,bedroom,0.9576,1,False,0.0,0.0,0.0,
lm_choice_phi3.5,I40:clean,I40,clean,information,living room,0.9795,1,True,0.0,0.0,0.0,
lm_choice_phi3.5,I40:partial,I40,partial,information,living room,1.0192,1,True,0.0,0.0,0.0,
lm_choice_phi3.5,I40:wrong_label,I40,wrong_label,information,living room,0.9129,1,False,0.0,0.0,0.0,
lm_choice_phi3.5,I40:wrong_pick,I40,wrong_pick,information,living room,1.0378,1,False,0.0,0.0,0.0,
lm_choice_phi3.5,I41:clean,I41,clean,information,kitchen,0.877,1,True,0.0,0.0,0.0,
lm_choice_phi3.5,I41:partial,I41,partial,information,kitchen,0.8785,1,True,0.0,0.0,0.0,
lm_choice_phi3.5,I41:wrong_label,I41,wrong_label,information,kitchen,0.9599,1,False,0.0,0.0,0.0,
lm_choice_phi3.5,I41:wrong_pick,I41,wrong_pick,information,kitchen,0.9203,1,False,0.0,0.0,0.0,
lm_choice_phi3.5,I42:clean,I42,clean,information,bedroom,0.9229,1,True,0.0,0.0,0.0,
lm_choice_phi3.5,I42:partial,I42,partial,information,bedroom,0.9185,1,True,0.0,0.0,0.0,
lm_choice_phi3.5,I42:wrong_label,I42,wrong_label,information,bedroom,0.9229,1,False,0.0,0.0,0.0,
lm_choice_phi3.5,I42:wrong_pick,I42,wrong_pick,information,bedroom,0.9206,1,False,0.0,0.0,0.0,
lm_choice_phi3.5,I43:clean,I43,clean,information,dining,0.9617,1,True,0.0,0.0,0.0,
lm_choice_phi3.5,I43:partial,I43,partial,information,dining,0.9684,1,True,0.0,0.0,0.0,
lm_choice_phi3.5,I43:wrong_label,I43,wrong_label,information,dining,1.055,1,False,0.0,0.0,0.0,
lm_choice_phi3.5,I43:wrong_pick,I43,wrong_pick,information,dining,1.0201,1,False,0.0,0.0,0.0,
lm_choice_phi3.5,I44:clean,I44,clean,social,bedroom,0.905,1,True,0.0,0.0,0.0,
lm_choice_phi3.5,I44:partial,I44,partial,social,bedroom,0.9215,1,True,0.0,0.0,0.0,
lm_choice_phi3.5,I44:wrong_label,I44,wrong_label,social,bedroom,0.9127,1,False,0.0,0.0,0.0,
lm_choice_phi3.5,I44:wrong_pick,I44,wrong_pick,social,bedroom,0.9172,1,False,0.0,0.0,0.0,
lm_choice_phi3.5,I45:clean,I45,clean,social,living room,0.961,1,True,0.0,0.0,0.0,
lm_choice_phi3.5,I45:partial,I45,partial,social,living room,0.9628,1,True,0.0,0.0,0.0,
lm_choice_phi3.5,I45:wrong_label,I45,wrong_label,social,living room,0.9656,1,False,0.0,0.0,0.0,
lm_choice_phi3.5,I45:wrong_pick,I45,wrong_pick,social,living room,0.9203,1,False,0.0,0.0,0.0,
lm_choice_phi3.5,I46:clean,I46,clean,social,living room,0.9624,1,True,0.0,0.0,0.0,
lm_choice_phi3.5,I46:partial,I46,partial,social,living room,0.9614,1,True,0.0,0.0,0.0,
lm_choice_phi3.5,I46:wrong_label,I46,wrong_label,social,living room,0.9525,1,False,0.0,0.0,0.0,
lm_choice_phi3.5,I46:wrong_pick,I46,wrong_pick,social,living room,0.8711,1,False,0.0,0.0,0.0,
lm_choice_phi3.5,I47:clean,I47,clean,social,bedroom,0.9067,1,True,0.0,0.0,0.0,
lm_choice_phi3.5,I47:partial,I47,partial,social,bedroom,0.9476,1,True,0.0,0.0,0.0,
lm_choice_phi3.5,I47:wrong_label,I47,wrong_label,social,bedroom,0.9443,1,False,0.0,0.0,0.0,
lm_choice_phi3.5,I47:wrong_pick,I47,wrong_pick,social,bedroom,0.9588,1,False,0.0,0.0,0.0,
lm_choice_phi3.5,I48:clean,I48,clean,social,living room,0.9882,1,True,0.0,0.0,0.0,
lm_choice_phi3.5,I48:partial,I48,partial,social,living room,0.8677,1,True,0.0,0.0,0.0,
lm_choice_phi3.5,I48:wrong_label,I48,wrong_label,social,living room,0.8672,1,False,0.0,0.0,0.0,
lm_choice_phi3.5,I48:wrong_pick,I48,wrong_pick,social,living room,0.9563,1,False,0.0,0.0,0.0,
lm_choice_phi3.5,I49:clean,I49,clean,social,dining,0.8718,1,True,0.0,0.0,0.0,
lm_choice_phi3.5,I49:partial,I49,partial,social,dining,0.8697,1,True,0.0,0.0,0.0,
lm_choice_phi3.5,I49:wrong_label,I49,wrong_label,social,dining,0.8757,1,False,0.0,0.0,0.0,
lm_choice_phi3.5,I49:wrong_pick,I49,wrong_pick,social,dining,0.9608,1,False,0.0,0.0,0.0,
lm_choice_phi3.5,I50:clean,I50,clean,social,living room,0.8828,1,True,0.0,0.0,0.0,
lm_choice_phi3.5,I50:partial,I50,partial,social,living room,0.8742,1,True,0.0,0.0,0.0,
lm_choice_phi3.5,I50:wrong_label,I50,wrong_label,social,living room,0.8696,1,False,0.0,0.0,0.0,
lm_choice_phi3.5,I50:wrong_pick,I50,wrong_pick,social,living room,0.8705,1,False,0.0,0.0,0.0,
lm_choice_phi3.5,I51:clean,I51,clean,social,bedroom,1.0271,1,True,0.0,0.0,0.0,
lm_choice_phi3.5,I51:partial,I51,partial,social,bedroom,1.0399,1,True,0.0,0.0,0.0,
lm_choice_phi3.5,I51:wrong_label,I51,wrong_label,social,bedroom,0.888,1,False,0.0,0.0,0.0,
lm_choice_phi3.5,I51:wrong_pick,I51,wrong_pick,social,bedroom,0.9929,1,False,0.0,0.0,0.0,
lm_choice_phi3.5,I52:clean,I52,clean,social,living room,0.8716,1,True,0.0,0.0,0.0,
lm_choice_phi3.5,I52:partial,I52,partial,social,living room,0.8793,1,True,0.0,0.0,0.0,
lm_choice_phi3.5,I52:wrong_label,I52,wrong_label,social,living room,0.8739,1,False,0.0,0.0,0.0,
lm_choice_phi3.5,I52:wrong_pick,I52,wrong_pick,social,living room,0.9192,1,False,0.0,0.0,0.0,
lm_choice_phi3.5,I53:clean,I53,clean,social,bedroom,0.8733,1,True,0.0,0.0,0.0,
lm_choice_phi3.5,I53:partial,I53,partial,social,bedroom,0.8735,1,True,0.0,0.0,0.0,
lm_choice_phi3.5,I53:wrong_label,I53,wrong_label,social,bedroom,0.8343,1,False,0.0,0.0,0.0,
lm_choice_phi3.5,I53:wrong_pick,I53,wrong_pick,social,bedroom,0.8806,1,False,0.0,0.0,0.0,
lm_choice_phi3.5,I54:clean,I54,clean,etiquette,dining,0.9633,1,True,0.0,0.0,0.0,
lm_choice_phi3.5,I54:partial,I54,partial,etiquette,dining,0.9652,1,True,0.0,0.0,0.0,
lm_choice_phi3.5,I54:wrong_label,I54,wrong_label,etiquette,dining,0.9702,1,False,0.0,0.0,0.0,
lm_choice_phi3.5,I54:wrong_pick,I54,wrong_pick,etiquette,dining,0.9078,1,False,0.0,0.0,0.0,
lm_choice_phi3.5,I55:clean,I55,clean,etiquette,living room,0.9573,3,True,0.0,1.0,1.0,3.0
lm_choice_phi3.5,I55:partial,I55,partial,etiquette,living room,0.8924,3,True,0.0,1.0,1.0,3.0
lm_choice_phi3.5,I55:wrong_label,I55,wrong_label,etiquette,living room,1.0854,3,True,0.0,0.0,0.0,
lm_choice_phi3.5,I55:wrong_pick,I55,wrong_pick,etiquette,living room,0.8804,3,True,0.0,0.0,0.0,
lm_choice_phi3.5,I56:clean,I56,clean,etiquette,dining,0.9742,1,True,0.0,0.0,0.0,
lm_choice_phi3.5,I56:partial,I56,partial,etiquette,dining,0.967,1,True,0.0,0.0,0.0,
lm_choice_phi3.5,I56:wrong_label,I56,wrong_label,etiquette,dining,0.9712,1,False,0.0,0.0,0.0,
lm_choice_phi3.5,I56:wrong_pick,I56,wrong_pick,etiquette,dining,0.9773,1,False,0.0,0.0,0.0,
lm_choice_phi3.5,I57:clean,I57,clean,etiquette,bedroom,0.9317,1,True,0.0,0.0,0.0,
lm_choice_phi3.5,I57:partial,I57,partial,etiquette,bedroom,0.9308,1,True,0.0,0.0,0.0,
lm_choice_phi3.5,I57:wrong_label,I57,wrong_label,etiquette,bedroom,0.9268,1,False,0.0,0.0,0.0,
lm_choice_phi3.5,I57:wrong_pick,I57,wrong_pick,etiquette,bedroom,0.9731,1,False,0.0,0.0,0.0,
lm_choice_phi3.5,I58:clean,I58,clean,etiquette,living room,0.9231,1,True,0.0,0.0,0.0,
lm_choice_phi3.5,I58:partial,I58,partial,etiquette,living room,1.0176,1,True,0.0,0.0,0.0,
lm_choice_phi3.5,I58:wrong_label,I58,wrong_label,etiquette,living room,0.9999,1,False,0.0,0.0,0.0,
lm_choice_phi3.5,I58:wrong_pick,I58,wrong_pick,etiquette,living room,0.9042,1,False,0.0,0.0,0.0,
lm_choice_phi3.5,I59:clean,I59,clean,etiquette,dining,0.9651,2,True,0.0,0.0,0.0,
lm_choice_phi3.5,I59:partial,I59,partial,etiquette,dining,0.8731,2,True,0.0,0.0,0.0,
lm_choice_phi3.5,I59:wrong_label,I59,wrong_label,etiquette,dining,0.9768,2,True,0.0,0.0,0.0,
lm_choice_phi3.5,I59:wrong_pick,I59,wrong_pick,etiquette,dining,0.8851,2,True,0.0,0.0,0.0,
lm_choice_phi3.5,I60:clean,I60,clean,etiquette,bedroom,0.9266,2,True,0.0,0.0,0.0,
lm_choice_phi3.5,I60:partial,I60,partial,etiquette,bedroom,0.8803,2,True,0.0,0.0,0.0,
lm_choice_phi3.5,I60:wrong_label,I60,wrong_label,etiquette,bedroom,0.8402,2,True,0.0,0.0,0.0,
lm_choice_phi3.5,I60:wrong_pick,I60,wrong_pick,etiquette,bedroom,0.8891,2,True,0.0,0.0,0.0,
lm_choice_qwen1.5b,I01:clean,I01,clean,needs,bedroom,1.0287,2,True,0.0,0.0,0.0,
lm_choice_qwen1.5b,I01:partial,I01,partial,needs,bedroom,0.617,2,True,1.0,1.0,1.0,1.0
lm_choice_qwen1.5b,I01:wrong_label,I01,wrong_label,needs,bedroom,0.6,2,True,1.0,1.0,1.0,1.0
lm_choice_qwen1.5b,I01:wrong_pick,I01,wrong_pick,needs,bedroom,0.77,2,True,1.0,1.0,1.0,1.0
lm_choice_qwen1.5b,I02:clean,I02,clean,needs,bedroom,0.7031,2,True,0.0,0.0,0.0,
lm_choice_qwen1.5b,I02:partial,I02,partial,needs,bedroom,0.7737,2,True,0.0,0.0,0.0,
lm_choice_qwen1.5b,I02:wrong_label,I02,wrong_label,needs,bedroom,0.7023,2,True,1.0,1.0,1.0,1.0
lm_choice_qwen1.5b,I02:wrong_pick,I02,wrong_pick,needs,bedroom,0.7716,2,True,0.0,0.0,0.0,
lm_choice_qwen1.5b,I03:clean,I03,clean,needs,bedroom,0.6475,1,True,1.0,1.0,1.0,1.0
lm_choice_qwen1.5b,I03:partial,I03,partial,needs,bedroom,0.6152,1,True,1.0,1.0,1.0,1.0
lm_choice_qwen1.5b,I03:wrong_label,I03,wrong_label,needs,bedroom,0.6528,1,False,0.0,0.0,0.0,
lm_choice_qwen1.5b,I03:wrong_pick,I03,wrong_pick,needs,bedroom,0.5978,1,False,0.0,0.0,0.0,
lm_choice_qwen1.5b,I04:clean,I04,clean,needs,bedroom,0.6175,1,True,1.0,1.0,1.0,1.0
lm_choice_qwen1.5b,I04:partial,I04,partial,needs,bedroom,0.5996,1,True,1.0,1.0,1.0,1.0
lm_choice_qwen1.5b,I04:wrong_label,I04,wrong_label,needs,bedroom,0.6223,1,False,0.0,0.0,0.0,
lm_choice_qwen1.5b,I04:wrong_pick,I04,wrong_pick,needs,bedroom,0.6323,1,False,0.0,0.0,0.0,
lm_choice_qwen1.5b,I05:clean,I05,clean,needs,bedroom,0.5951,1,True,0.0,0.0,0.0,
lm_choice_qwen1.5b,I05:partial,I05,partial,needs,bedroom,0.612,1,True,0.0,0.0,0.0,
lm_choice_qwen1.5b,I05:wrong_label,I05,wrong_label,needs,bedroom,0.5911,1,False,0.0,0.0,0.0,
lm_choice_qwen1.5b,I05:wrong_pick,I05,wrong_pick,needs,bedroom,0.5903,1,False,0.0,0.0,0.0,
lm_choice_qwen1.5b,I06:clean,I06,clean,needs,bedroom,0.6054,3,True,0.0,0.0,0.0,
lm_choice_qwen1.5b,I06:partial,I06,partial,needs,bedroom,0.6086,3,True,1.0,1.0,1.0,1.0
lm_choice_qwen1.5b,I06:wrong_label,I06,wrong_label,needs,bedroom,0.6174,3,True,0.0,0.0,0.0,
lm_choice_qwen1.5b,I06:wrong_pick,I06,wrong_pick,needs,bedroom,0.6491,3,True,0.0,0.0,0.0,
lm_choice_qwen1.5b,I07:clean,I07,clean,needs,bedroom,0.6862,1,True,1.0,1.0,1.0,1.0
lm_choice_qwen1.5b,I07:partial,I07,partial,needs,bedroom,0.7182,1,True,1.0,1.0,1.0,1.0
lm_choice_qwen1.5b,I07:wrong_label,I07,wrong_label,needs,bedroom,0.7528,1,False,0.0,0.0,0.0,
lm_choice_qwen1.5b,I07:wrong_pick,I07,wrong_pick,needs,bedroom,0.7711,1,False,0.0,0.0,0.0,
lm_choice_qwen1.5b,I08:clean,I08,clean,needs,bedroom,0.7359,1,True,1.0,1.0,1.0,1.0
lm_choice_qwen1.5b,I08:partial,I08,partial,needs,bedroom,0.7239,1,True,1.0,1.0,1.0,1.0
lm_choice_qwen1.5b,I08:wrong_label,I08,wrong_label,needs,bedroom,0.6193,1,False,0.0,0.0,0.0,
lm_choice_qwen1.5b,I08:wrong_pick,I08,wrong_pick,needs,bedroom,0.6033,1,False,0.0,0.0,0.0,
lm_choice_qwen1.5b,I09:clean,I09,clean,needs,bedroom,0.6125,1,True,0.0,0.0,0.0,
lm_choice_qwen1.5b,I09:partial,I09,partial,needs,bedroom,0.6295,1,True,0.0,0.0,0.0,
lm_choice_qwen1.5b,I09:wrong_label,I09,wrong_label,needs,bedroom,0.613,1,False,0.0,0.0,0.0,
lm_choice_qwen1.5b,I09:wrong_pick,I09,wrong_pick,needs,bedroom,0.6324,1,False,0.0,0.0,0.0,
lm_choice_qwen1.5b,I10:clean,I10,clean,needs,bedroom,0.6098,1,True,0.0,0.0,0.0,
lm_choice_qwen1.5b,I10:partial,I10,partial,needs,bedroom,0.6177,1,True,0.0,0.0,0.0,
lm_choice_qwen1.5b,I10:wrong_label,I10,wrong_label,needs,bedroom,0.6412,1,False,0.0,0.0,0.0,
lm_choice_qwen1.5b,I10:wrong_pick,I10,wrong_pick,needs,bedroom,0.6053,1,False,0.0,0.0,0.0,
lm_choice_qwen1.5b,I11:clean,I11,clean,needs,bedroom,0.6529,1,True,1.0,1.0,1.0,1.0
lm_choice_qwen1.5b,I11:partial,I11,partial,needs,bedroom,0.6797,1,True,1.0,1.0,1.0,1.0
lm_choice_qwen1.5b,I11:wrong_label,I11,wrong_label,needs,bedroom,0.6153,1,False,0.0,0.0,0.0,
lm_choice_qwen1.5b,I11:wrong_pick,I11,wrong_pick,needs,bedroom,0.6405,1,False,0.0,0.0,0.0,
lm_choice_qwen1.5b,I12:clean,I12,clean,needs,bedroom,0.6714,3,True,1.0,1.0,1.0,1.0
lm_choice_qwen1.5b,I12:partial,I12,partial,needs,bedroom,0.8006,3,True,1.0,1.0,1.0,1.0
lm_choice_qwen1.5b,I12:wrong_label,I12,wrong_label,needs,bedroom,0.7767,3,True,1.0,1.0,1.0,1.0
lm_choice_qwen1.5b,I12:wrong_pick,I12,wrong_pick,needs,bedroom,0.8093,3,True,1.0,1.0,1.0,1.0
lm_choice_qwen1.5b,I13:clean,I13,clean,needs,bathroom,0.7749,3,True,0.0,0.0,0.0,
lm_choice_qwen1.5b,I13:partial,I13,partial,needs,bathroom,0.8647,3,True,0.0,0.0,0.0,
lm_choice_qwen1.5b,I13:wrong_label,I13,wrong_label,needs,bathroom,0.6885,3,True,0.0,0.0,0.0,
lm_choice_qwen1.5b,I13:wrong_pick,I13,wrong_pick,needs,bathroom,0.6716,3,True,0.0,0.0,0.0,
lm_choice_qwen1.5b,I14:clean,I14,clean,needs,bathroom,0.6027,3,True,0.0,0.0,0.0,
lm_choice_qwen1.5b,I14:partial,I14,partial,needs,bathroom,0.6154,3,True,0.0,0.0,0.0,
lm_choice_qwen1.5b,I14:wrong_label,I14,wrong_label,needs,bathroom,0.6138,3,True,0.0,0.0,0.0,
lm_choice_qwen1.5b,I14:wrong_pick,I14,wrong_pick,needs,bathroom,0.6041,3,True,0.0,0.0,0.0,
lm_choice_qwen1.5b,I15:clean,I15,clean,needs,bathroom,0.6249,1,True,0.0,0.0,0.0,
lm_choice_qwen1.5b,I15:partial,I15,partial,needs,bathroom,0.6257,1,True,0.0,0.0,0.0,
lm_choice_qwen1.5b,I15:wrong_label,I15,wrong_label,needs,bathroom,0.6257,1,False,0.0,0.0,0.0,
lm_choice_qwen1.5b,I15:wrong_pick,I15,wrong_pick,needs,bathroom,0.6218,1,False,0.0,0.0,0.0,
lm_choice_qwen1.5b,I16:clean,I16,clean,needs,bathroom,0.6538,2,True,0.0,0.0,0.0,
lm_choice_qwen1.5b,I16:partial,I16,partial,needs,bathroom,0.6732,2,True,0.0,0.0,0.0,
lm_choice_qwen1.5b,I16:wrong_label,I16,wrong_label,needs,bathroom,0.6686,2,True,0.0,0.0,0.0,
lm_choice_qwen1.5b,I16:wrong_pick,I16,wrong_pick,needs,bathroom,0.6259,2,True,0.0,0.0,0.0,
lm_choice_qwen1.5b,I17:clean,I17,clean,needs,bathroom,0.6592,1,True,0.0,0.0,0.0,
lm_choice_qwen1.5b,I17:partial,I17,partial,needs,bathroom,0.7956,1,True,0.0,0.0,0.0,
lm_choice_qwen1.5b,I17:wrong_label,I17,wrong_label,needs,bathroom,0.7492,1,False,0.0,0.0,0.0,
lm_choice_qwen1.5b,I17:wrong_pick,I17,wrong_pick,needs,bathroom,0.8118,1,False,0.0,0.0,0.0,
lm_choice_qwen1.5b,I18:clean,I18,clean,needs,bathroom,0.7584,1,True,0.0,0.0,0.0,
lm_choice_qwen1.5b,I18:partial,I18,partial,needs,bathroom,0.7398,1,True,0.0,0.0,0.0,
lm_choice_qwen1.5b,I18:wrong_label,I18,wrong_label,needs,bathroom,0.7718,1,False,0.0,0.0,0.0,
lm_choice_qwen1.5b,I18:wrong_pick,I18,wrong_pick,needs,bathroom,0.6054,1,False,0.0,0.0,0.0,
lm_choice_qwen1.5b,I19:clean,I19,clean,needs,kitchen,0.6097,2,True,0.0,0.0,0.0,
lm_choice_qwen1.5b,I19:partial,I19,partial,needs,kitchen,0.6211,2,True,0.0,0.0,0.0,
lm_choice_qwen1.5b,I19:wrong_label,I19,wrong_label,needs,kitchen,0.6145,2,True,0.0,0.0,0.0,
lm_choice_qwen1.5b,I19:wrong_pick,I19,wrong_pick,needs,kitchen,0.6123,2,True,0.0,0.0,0.0,
lm_choice_qwen1.5b,I20:clean,I20,clean,needs,kitchen,0.6538,2,True,1.0,1.0,1.0,1.0
lm_choice_qwen1.5b,I20:partial,I20,partial,needs,kitchen,0.6423,2,True,1.0,1.0,1.0,1.0
lm_choice_qwen1.5b,I20:wrong_label,I20,wrong_label,needs,kitchen,0.6723,2,True,0.0,1.0,1.0,2.0
lm_choice_qwen1.5b,I20:wrong_pick,I20,wrong_pick,needs,kitchen,0.6543,2,True,0.0,1.0,1.0,2.0
lm_choice_qwen1.5b,I21:clean,I21,clean,needs,kitchen,0.6456,1,True,1.0,1.0,1.0,1.0
lm_choice_qwen1.5b,I21:partial,I21,partial,needs,kitchen,0.6627,1,True,1.0,1.0,1.0,1.0
lm_choice_qwen1.5b,I21:wrong_label,I21,wrong_label,needs,kitchen,0.6163,1,False,0.0,0.0,0.0,
lm_choice_qwen1.5b,I21:wrong_pick,I21,wrong_pick,needs,kitchen,0.6068,1,False,0.0,0.0,0.0,
lm_choice_qwen1.5b,I22:clean,I22,clean,needs,kitchen,0.6819,2,True,1.0,1.0,1.0,1.0
lm_choice_qwen1.5b,I22:partial,I22,partial,needs,kitchen,0.6122,2,True,0.0,1.0,1.0,2.0
lm_choice_qwen1.5b,I22:wrong_label,I22,wrong_label,needs,kitchen,0.758,2,True,0.0,0.0,0.0,
lm_choice_qwen1.5b,I22:wrong_pick,I22,wrong_pick,needs,kitchen,0.6962,2,True,0.0,0.0,0.0,
lm_choice_qwen1.5b,I23:clean,I23,clean,needs,kitchen,0.7323,2,True,0.0,1.0,1.0,2.0
lm_choice_qwen1.5b,I23:partial,I23,partial,needs,kitchen,0.7708,2,True,1.0,1.0,1.0,1.0
lm_choice_qwen1.5b,I23:wrong_label,I23,wrong_label,needs,kitchen,0.7581,2,True,0.0,1.0,1.0,2.0
lm_choice_qwen1.5b,I23:wrong_pick,I23,wrong_pick,needs,kitchen,0.6963,2,True,1.0,1.0,1.0,1.0
lm_choice_qwen1.5b,I24:clean,I24,clean,needs,dining,0.6254,3,True,0.0,0.0,0.0,
lm_choice_qwen1.5b,I24:partial,I24,partial,needs,dining,0.6059,3,True,0.0,0.0,0.0,
lm_choice_qwen1.5b,I24:wrong_label,I24,wrong_label,needs,dining,0.6253,3,True,0.0,0.0,0.0,
lm_choice_qwen1.5b,I24:wrong_pick,I24,wrong_pick,needs,dining,0.6159,3,True,0.0,0.0,0.0,
lm_choice_qwen1.5b,I25:clean,I25,clean,needs,dining,0.6399,2,True,1.0,1.0,1.0,1.0
lm_choice_qwen1.5b,I25:partial,I25,partial,needs,dining,0.6156,2,True,0.0,0.0,0.0,
lm_choice_qwen1.5b,I25:wrong_label,I25,wrong_label,needs,dining,0.5962,2,True,0.0,0.0,0.0,
lm_choice_qwen1.5b,I25:wrong_pick,I25,wrong_pick,needs,dining,0.6099,2,True,0.0,0.0,0.0,
lm_choice_qwen1.5b,I26:clean,I26,clean,needs,dining,0.6481,1,True,1.0,1.0,1.0,1.0
lm_choice_qwen1.5b,I26:partial,I26,partial,needs,dining,0.6332,1,True,1.0,1.0,1.0,1.0
lm_choice_qwen1.5b,I26:wrong_label,I26,wrong_label,needs,dining,0.6031,1,False,0.0,0.0,0.0,
lm_choice_qwen1.5b,I26:wrong_pick,I26,wrong_pick,needs,dining,0.6023,1,False,0.0,0.0,0.0,
lm_choice_qwen1.5b,I27:clean,I27,clean,needs,dining,0.6316,1,True,1.0,1.0,1.0,1.0
lm_choice_qwen1.5b,I27:partial,I27,partial,needs,dining,0.6558,1,True,1.0,1.0,1.0,1.0
lm_choice_qwen1.5b,I27:wrong_label,I27,wrong_label,needs,dining,0.584,1,False,0.0,0.0,0.0,
lm_choice_qwen1.5b,I27:wrong_pick,I27,wrong_pick,needs,dining,0.7223,1,False,0.0,0.0,0.0,
lm_choice_qwen1.5b,I28:clean,I28,clean,needs,living room,0.7527,2,True,1.0,1.0,1.0,1.0
lm_choice_qwen1.5b,I28:partial,I28,partial,needs,living room,0.76,2,True,1.0,1.0,1.0,1.0
lm_choice_qwen1.5b,I28:wrong_label,I28,wrong_label,needs,living room,0.7423,2,True,1.0,1.0,1.0,1.0
lm_choice_qwen1.5b,I28:wrong_pick,I28,wrong_pick,needs,living room,0.8024,2,True,1.0,1.0,1.0,1.0
lm_choice_qwen1.5b,I29:clean,I29,clean,needs,living room,0.6132,2,True,0.0,0.0,0.0,
lm_choice_qwen1.5b,I29:partial,I29,partial,needs,living room,0.6345,2,True,1.0,1.0,1.0,1.0
lm_choice_qwen1.5b,I29:wrong_label,I29,wrong_label,needs,living room,0.6533,2,True,0.0,0.0,0.0,
lm_choice_qwen1.5b,I29:wrong_pick,I29,wrong_pick,needs,living room,0.5928,2,True,0.0,0.0,0.0,
lm_choice_qwen1.5b,I30:clean,I30,clean,needs,living room,0.5986,1,True,0.0,1.0,1.0,3.0
lm_choice_qwen1.5b,I30:partial,I30,partial,needs,living room,0.5961,1,True,0.0,1.0,1.0,3.0
lm_choice_qwen1.5b,I30:wrong_label,I30,wrong_label,needs,living room,0.5876,1,False,0.0,0.0,0.0,
lm_choice_qwen1.5b,I30:wrong_pick,I30,wrong_pick,needs,living room,0.6122,1,False,0.0,0.0,0.0,
lm_choice_qwen1.5b,I31:clean,I31,clean,needs,living room,0.6396,1,True,0.0,0.0,0.0,
lm_choice_qwen1.5b,I31:partial,I31,partial,needs,living room,0.6571,1,True,0.0,0.0,0.0,
lm_choice_qwen1.5b,I31:wrong_label,I31,wrong_label,needs,living room,0.6062,1,False,0.0,0.0,0.0,
lm_choice_qwen1.5b,I31:wrong_pick,I31,wrong_pick,needs,living room,0.593,1,False,0.0,0.0,0.0,
lm_choice_qwen1.5b,I32:clean,I32,clean,needs,living room,0.6528,1,True,1.0,1.0,1.0,1.0
lm_choice_qwen1.5b,I32:partial,I32,partial,needs,living room,0.6334,1,True,1.0,1.0,1.0,1.0
lm_choice_qwen1.5b,I32:wrong_label,I32,wrong_label,needs,living room,0.6056,1,False,0.0,0.0,0.0,
lm_choice_qwen1.5b,I32:wrong_pick,I32,wrong_pick,needs,living room,0.5921,1,False,0.0,0.0,0.0,
lm_choice_qwen1.5b,I33:clean,I33,clean,needs,bedroom,0.6929,1,True,0.0,1.0,1.0,3.0
lm_choice_qwen1.5b,I33:partial,I33,partial,needs,bedroom,0.6905,1,True,0.0,1.0,1.0,3.0
lm_choice_qwen1.5b,I33:wrong_label,I33,wrong_label,needs,bedroom,0.7196,1,False,0.0,1.0,1.0,3.0
lm_choice_qwen1.5b,I33:wrong_pick,I33,wrong_pick,needs,bedroom,0.6863,1,False,0.0,0.0,0.0,
lm_choice_qwen1.5b,I34:clean,I34,clean,information,bedroom,0.7383,1,True,0.0,0.0,0.0,
lm_choice_qwen1.5b,I34:partial,I34,partial,information,bedroom,0.6857,1,True,0.0,0.0,0.0,
lm_choice_qwen1.5b,I34:wrong_label,I34,wrong_label,information,bedroom,0.596,1,False,0.0,0.0,0.0,
lm_choice_qwen1.5b,I34:wrong_pick,I34,wrong_pick,information,bedroom,0.606,1,False,0.0,0.0,0.0,
lm_choice_qwen1.5b,I35:clean,I35,clean,information,living room,0.5976,1,True,0.0,0.0,0.0,
lm_choice_qwen1.5b,I35:partial,I35,partial,information,living room,0.621,1,True,0.0,0.0,0.0,
lm_choice_qwen1.5b,I35:wrong_label,I35,wrong_label,information,living room,0.5933,1,False,0.0,0.0,0.0,
lm_choice_qwen1.5b,I35:wrong_pick,I35,wrong_pick,information,living room,0.5946,1,False,0.0,0.0,0.0,
lm_choice_qwen1.5b,I36:clean,I36,clean,information,bedroom,0.6487,1,True,0.0,0.0,0.0,
lm_choice_qwen1.5b,I36:partial,I36,partial,information,bedroom,0.634,1,True,0.0,0.0,0.0,
lm_choice_qwen1.5b,I36:wrong_label,I36,wrong_label,information,bedroom,0.615,1,False,0.0,0.0,0.0,
lm_choice_qwen1.5b,I36:wrong_pick,I36,wrong_pick,information,bedroom,0.6094,1,False,0.0,0.0,0.0,
lm_choice_qwen1.5b,I37:clean,I37,clean,information,bedroom,0.5979,2,True,0.0,0.0,0.0,
lm_choice_qwen1.5b,I37:partial,I37,partial,information,bedroom,0.6422,2,True,0.0,0.0,0.0,
lm_choice_qwen1.5b,I37:wrong_label,I37,wrong_label,information,bedroom,0.5924,2,True,0.0,0.0,0.0,
lm_choice_qwen1.5b,I37:wrong_pick,I37,wrong_pick,information,bedroom,0.6224,2,True,0.0,0.0,0.0,
lm_choice_qwen1.5b,I38:clean,I38,clean,information,living room,0.6041,1,True,0.0,0.0,0.0,
lm_choice_qwen1.5b,I38:partial,I38,partial,information,living room,0.6002,1,True,0.0,0.0,0.0,
lm_choice_qwen1.5b,I38:wrong_label,I38,wrong_label,information,living room,0.7201,1,False,0.0,0.0,0.0,
lm_choice_qwen1.5b,I38:wrong_pick,I38,wrong_pick,information,living room,0.725,1,False,0.0,0.0,0.0,
lm_choice_qwen1.5b,I39:clean,I39,clean,information,bedroom,0.7017,1,True,0.0,0.0,0.0,
lm_choice_qwen1.5b,I39:partial,I39,partial,information,bedroom,0.739,1,True,0.0,0.0,0.0,
lm_choice_qwen1.5b,I39:wrong_label,I39,wrong_label,information,bedroom,0.8151,1,False,0.0,0.0,0.0,
lm_choice_qwen1.5b,I39:wrong_pick,I39,wrong_pick,information,bedroom,0.605,1,False,0.0,0.0,0.0,
lm_choice_qwen1.5b,I40:clean,I40,clean,information,living room,0.6189,1,True,0.0,0.0,0.0,
lm_choice_qwen1.5b,I40:partial,I40,partial,information,living room,0.6093,1,True,0.0,0.0,0.0,
lm_choice_qwen1.5b,I40:wrong_label,I40,wrong_label,information,living room,0.6159,1,False,0.0,0.0,0.0,
lm_choice_qwen1.5b,I40:wrong_pick,I40,wrong_pick,information,living room,0.6009,1,False,0.0,0.0,0.0,
lm_choice_qwen1.5b,I41:clean,I41,clean,information,kitchen,0.5929,1,True,0.0,0.0,0.0,
lm_choice_qwen1.5b,I41:partial,I41,partial,information,kitchen,0.6622,1,True,0.0,0.0,0.0,
lm_choice_qwen1.5b,I41:wrong_label,I41,wrong_label,information,kitchen,0.6166,1,False,0.0,0.0,0.0,
lm_choice_qwen1.5b,I41:wrong_pick,I41,wrong_pick,information,kitchen,0.6667,1,False,0.0,0.0,0.0,
lm_choice_qwen1.5b,I42:clean,I42,clean,information,bedroom,0.6086,1,True,0.0,0.0,0.0,
lm_choice_qwen1.5b,I42:partial,I42,partial,information,bedroom,0.5999,1,True,0.0,0.0,0.0,
lm_choice_qwen1.5b,I42:wrong_label,I42,wrong_label,information,bedroom,0.6056,1,False,0.0,0.0,0.0,
lm_choice_qwen1.5b,I42:wrong_pick,I42,wrong_pick,information,bedroom,0.5989,1,False,0.0,0.0,0.0,
lm_choice_qwen1.5b,I43:clean,I43,clean,information,dining,0.6183,1,True,0.0,0.0,0.0,
lm_choice_qwen1.5b,I43:partial,I43,partial,information,dining,0.6007,1,True,0.0,0.0,0.0,
lm_choice_qwen1.5b,I43:wrong_label,I43,wrong_label,information,dining,0.6604,1,False,0.0,0.0,0.0,
lm_choice_qwen1.5b,I43:wrong_pick,I43,wrong_pick,information,dining,0.7261,1,False,0.0,0.0,0.0,
lm_choice_qwen1.5b,I44:clean,I44,clean,social,bedroom,0.7131,1,True,0.0,0.0,0.0,
lm_choice_qwen1.5b,I44:partial,I44,partial,social,bedroom,0.7037,1,True,0.0,0.0,0.0,
lm_choice_qwen1.5b,I44:wrong_label,I44,wrong_label,social,bedroom,0.7183,1,False,0.0,0.0,0.0,
lm_choice_qwen1.5b,I44:wrong_pick,I44,wrong_pick,social,bedroom,0.7657,1,False,0.0,0.0,0.0,
lm_choice_qwen1.5b,I45:clean,I45,clean,social,living room,0.6508,1,True,0.0,0.0,0.0,
lm_choice_qwen1.5b,I45:partial,I45,partial,social,living room,0.6615,1,True,0.0,0.0,0.0,
lm_choice_qwen1.5b,I45:wrong_label,I45,wrong_label,social,living room,0.6579,1,False,0.0,0.0,0.0,
lm_choice_qwen1.5b,I45:wrong_pick,I45,wrong_pick,social,living room,0.6127,1,False,0.0,0.0,0.0,
lm_choice_qwen1.5b,I46:clean,I46,clean,social,living room,0.6442,1,True,0.0,0.0,0.0,
lm_choice_qwen1.5b,I46:partial,I46,partial,social,living room,0.6386,1,True,0.0,0.0,0.0,
lm_choice_qwen1.5b,I46:wrong_label,I46,wrong_label,social,living room,0.6292,1,False,0.0,0.0,0.0,
lm_choice_qwen1.5b,I46:wrong_pick,I46,wrong_pick,social,living room,0.6094,1,False,0.0,0.0,0.0,
lm_choice_qwen1.5b,I47:clean,I47,clean,social,bedroom,0.602,1,True,0.0,0.0,0.0,
lm_choice_qwen1.5b,I47:partial,I47,partial,social,bedroom,0.6138,1,True,0.0,0.0,0.0,
lm_choice_qwen1.5b,I47:wrong_label,I47,wrong_label,social,bedroom,0.6104,1,False,0.0,0.0,0.0,
lm_choice_qwen1.5b,I47:wrong_pick,I47,wrong_pick,social,bedroom,0.6182,1,False,0.0,0.0,0.0,
lm_choice_qwen1.5b,I48:clean,I48,clean,social,living room,0.5925,1,True,0.0,0.0,0.0,
lm_choice_qwen1.5b,I48:partial,I48,partial,social,living room,0.6198,1,True,0.0,0.0,0.0,
lm_choice_qwen1.5b,I48:wrong_label,I48,wrong_label,social,living room,0.6146,1,False,0.0,0.0,0.0,
lm_choice_qwen1.5b,I48:wrong_pick,I48,wrong_pick,social,living room,0.6113,1,False,0.0,0.0,0.0,
lm_choice_qwen1.5b,I49:clean,I49,clean,social,dining,0.737,1,True,0.0,0.0,0.0,
lm_choice_qwen1.5b,I49:partial,I49,partial,social,dining,0.7101,1,True,0.0,0.0,0.0,
lm_choice_qwen1.5b,I49:wrong_label,I49,wrong_label,social,dining,0.7254,1,False,0.0,0.0,0.0,
lm_choice_qwen1.5b,I49:wrong_pick,I49,wrong_pick,social,dining,0.6991,1,False,0.0,0.0,0.0,
lm_choice_qwen1.5b,I50:clean,I50,clean,social,living room,0.7653,1,True,0.0,0.0,0.0,
lm_choice_qwen1.5b,I50:partial,I50,partial,social,living room,0.6073,1,True,0.0,0.0,0.0,
lm_choice_qwen1.5b,I50:wrong_label,I50,wrong_label,social,living room,0.6217,1,False,0.0,0.0,0.0,
lm_choice_qwen1.5b,I50:wrong_pick,I50,wrong_pick,social,living room,0.6022,1,False,0.0,0.0,0.0,
lm_choice_qwen1.5b,I51:clean,I51,clean,social,bedroom,0.6104,1,True,0.0,0.0,0.0,
lm_choice_qwen1.5b,I51:partial,I51,partial,social,bedroom,0.5958,1,True,0.0,0.0,0.0,
lm_choice_qwen1.5b,I51:wrong_label,I51,wrong_label,social,bedroom,0.6017,1,False,0.0,0.0,0.0,
lm_choice_qwen1.5b,I51:wrong_pick,I51,wrong_pick,social,bedroom,0.6114,1,False,0.0,0.0,0.0,
lm_choice_qwen1.5b,I52:clean,I52,clean,social,living room,0.6081,1,True,0.0,0.0,0.0,
lm_choice_qwen1.5b,I52:partial,I52,partial,social,living room,0.6172,1,True,0.0,0.0,0.0,
lm_choice_qwen1.5b,I52:wrong_label,I52,wrong_label,social,living room,0.5993,1,False,0.0,0.0,0.0,
lm_choice_qwen1.5b,I52:wrong_pick,I52,wrong_pick,social,living room,0.6097,1,False,0.0,0.0,0.0,
lm_choice_qwen1.5b,I53:clean,I53,clean,social,bedroom,0.6287,1,True,0.0,0.0,0.0,
lm_choice_qwen1.5b,I53:partial,I53,partial,social,bedroom,0.6463,1,True,0.0,0.0,0.0,
lm_choice_qwen1.5b,I53:wrong_label,I53,wrong_label,social,bedroom,0.6139,1,False,0.0,0.0,0.0,
lm_choice_qwen1.5b,I53:wrong_pick,I53,wrong_pick,social,bedroom,0.6078,1,False,0.0,0.0,0.0,
lm_choice_qwen1.5b,I54:clean,I54,clean,etiquette,dining,0.6047,1,True,0.0,0.0,0.0,
lm_choice_qwen1.5b,I54:partial,I54,partial,etiquette,dining,0.7252,1,True,0.0,0.0,0.0,
lm_choice_qwen1.5b,I54:wrong_label,I54,wrong_label,etiquette,dining,0.7499,1,False,0.0,0.0,0.0,
lm_choice_qwen1.5b,I54:wrong_pick,I54,wrong_pick,etiquette,dining,0.7165,1,False,0.0,0.0,0.0,
lm_choice_qwen1.5b,I55:clean,I55,clean,etiquette,living room,0.7018,3,True,0.0,0.0,0.0,
lm_choice_qwen1.5b,I55:partial,I55,partial,etiquette,living room,0.7382,3,True,0.0,0.0,0.0,
lm_choice_qwen1.5b,I55:wrong_label,I55,wrong_label,etiquette,living room,0.6466,3,True,0.0,0.0,0.0,
lm_choice_qwen1.5b,I55:wrong_pick,I55,wrong_pick,etiquette,living room,0.624,3,True,0.0,0.0,0.0,
lm_choice_qwen1.5b,I56:clean,I56,clean,etiquette,dining,0.6011,1,True,0.0,0.0,0.0,
lm_choice_qwen1.5b,I56:partial,I56,partial,etiquette,dining,0.6079,1,True,0.0,0.0,0.0,
lm_choice_qwen1.5b,I56:wrong_label,I56,wrong_label,etiquette,dining,0.6054,1,False,0.0,0.0,0.0,
lm_choice_qwen1.5b,I56:wrong_pick,I56,wrong_pick,etiquette,dining,0.6178,1,False,0.0,0.0,0.0,
lm_choice_qwen1.5b,I57:clean,I57,clean,etiquette,bedroom,0.6239,1,True,0.0,0.0,0.0,
lm_choice_qwen1.5b,I57:partial,I57,partial,etiquette,bedroom,0.5961,1,True,0.0,0.0,0.0,
lm_choice_qwen1.5b,I57:wrong_label,I57,wrong_label,etiquette,bedroom,0.6077,1,False,0.0,0.0,0.0,
lm_choice_qwen1.5b,I57:wrong_pick,I57,wrong_pick,etiquette,bedroom,0.5941,1,False,0.0,0.0,0.0,
lm_choice_qwen1.5b,I58:clean,I58,clean,etiquette,living room,0.6386,1,True,0.0,0.0,0.0,
lm_choice_qwen1.5b,I58:partial,I58,partial,etiquette,living room,0.648,1,True,0.0,0.0,0.0,
lm_choice_qwen1.5b,I58:wrong_label,I58,wrong_label,etiquette,living room,0.6053,1,False,0.0,0.0,0.0,
lm_choice_qwen1.5b,I58:wrong_pick,I58,wrong_pick,etiquette,living room,0.6167,1,False,0.0,0.0,0.0,
lm_choice_qwen1.5b,I59:clean,I59,clean,etiquette,dining,0.6126,2,True,0.0,0.0,0.0,
lm_choice_qwen1.5b,I59:partial,I59,partial,etiquette,dining,0.6352,2,True,0.0,0.0,0.0,
lm_choice_qwen1.5b,I59:wrong_label,I59,wrong_label,etiquette,dining,0.7041,2,True,0.0,0.0,0.0,
lm_choice_qwen1.5b,I59:wrong_pick,I59,wrong_pick,etiquette,dining,0.7009,2,True,0.0,0.0,0.0,
lm_choice_qwen1.5b,I60:clean,I60,clean,etiquette,bedroom,0.7468,2,True,0.0,0.0,0.0,
lm_choice_qwen1.5b,I60:partial,I60,partial,etiquette,bedroom,0.71,2,True,0.0,0.0,0.0,
lm_choice_qwen1.5b,I60:wrong_label,I60,wrong_label,etiquette,bedroom,0.6789,2,True,0.0,0.0,0.0,
lm_choice_qwen1.5b,I60:wrong_pick,I60,wrong_pick,etiquette,bedroom,0.7387,2,True,0.0,0.0,0.0,
lm_choice_qwen3b,I01:clean,I01,clean,needs,bedroom,1.0158,2,True,0.0,0.0,0.0,
lm_choice_qwen3b,I01:partial,I01,partial,needs,bedroom,0.8035,2,True,1.0,1.0,1.0,1.0
lm_choice_qwen3b,I01:wrong_label,I01,wrong_label,needs,bedroom,0.7877,2,True,0.0,1.0,1.0,2.0
lm_choice_qwen3b,I01:wrong_pick,I01,wrong_pick,needs,bedroom,0.7998,2,True,0.0,0.0,0.0,
lm_choice_qwen3b,I02:clean,I02,clean,needs,bedroom,0.7081,2,True,1.0,1.0,1.0,1.0
lm_choice_qwen3b,I02:partial,I02,partial,needs,bedroom,0.8706,2,True,0.0,0.0,0.0,
lm_choice_qwen3b,I02:wrong_label,I02,wrong_label,needs,bedroom,0.8644,2,True,0.0,0.0,0.0,
lm_choice_qwen3b,I02:wrong_pick,I02,wrong_pick,needs,bedroom,0.8834,2,True,0.0,0.0,0.0,
lm_choice_qwen3b,I03:clean,I03,clean,needs,bedroom,1.0959,1,True,0.0,0.0,0.0,
lm_choice_qwen3b,I03:partial,I03,partial,needs,bedroom,1.1493,1,True,0.0,0.0,0.0,
lm_choice_qwen3b,I03:wrong_label,I03,wrong_label,needs,bedroom,1.0213,1,False,0.0,0.0,0.0,
lm_choice_qwen3b,I03:wrong_pick,I03,wrong_pick,needs,bedroom,0.9708,1,False,0.0,0.0,0.0,
lm_choice_qwen3b,I04:clean,I04,clean,needs,bedroom,0.9829,1,True,0.0,0.0,0.0,
lm_choice_qwen3b,I04:partial,I04,partial,needs,bedroom,0.9883,1,True,0.0,0.0,0.0,
lm_choice_qwen3b,I04:wrong_label,I04,wrong_label,needs,bedroom,0.8858,1,False,0.0,0.0,0.0,
lm_choice_qwen3b,I04:wrong_pick,I04,wrong_pick,needs,bedroom,0.9865,1,False,0.0,0.0,0.0,
lm_choice_qwen3b,I05:clean,I05,clean,needs,bedroom,0.9983,1,True,0.0,0.0,0.0,
lm_choice_qwen3b,I05:partial,I05,partial,needs,bedroom,1.0295,1,True,0.0,0.0,0.0,
lm_choice_qwen3b,I05:wrong_label,I05,wrong_label,needs,bedroom,1.0072,1,False,0.0,0.0,0.0,
lm_choice_qwen3b,I05:wrong_pick,I05,wrong_pick,needs,bedroom,0.9071,1,False,0.0,0.0,0.0,
lm_choice_qwen3b,I06:clean,I06,clean,needs,bedroom,1.0713,3,True,0.0,0.0,0.0,
lm_choice_qwen3b,I06:partial,I06,partial,needs,bedroom,1.0733,3,True,0.0,0.0,0.0,
lm_choice_qwen3b,I06:wrong_label,I06,wrong_label,needs,bedroom,1.1808,3,True,0.0,0.0,0.0,
lm_choice_qwen3b,I06:wrong_pick,I06,wrong_pick,needs,bedroom,1.1568,3,True,0.0,0.0,0.0,
lm_choice_qwen3b,I07:clean,I07,clean,needs,bedroom,1.022,1,True,0.0,0.0,0.0,
lm_choice_qwen3b,I07:partial,I07,partial,needs,bedroom,0.9289,1,True,0.0,0.0,0.0,
lm_choice_qwen3b,I07:wrong_label,I07,wrong_label,needs,bedroom,0.9342,1,False,0.0,0.0,0.0,
lm_choice_qwen3b,I07:wrong_pick,I07,wrong_pick,needs,bedroom,0.9436,1,False,0.0,0.0,0.0,
lm_choice_qwen3b,I08:clean,I08,clean,needs,bedroom,0.9284,1,True,0.0,0.0,0.0,
lm_choice_qwen3b,I08:partial,I08,partial,needs,bedroom,0.9272,1,True,0.0,0.0,0.0,
lm_choice_qwen3b,I08:wrong_label,I08,wrong_label,needs,bedroom,1.0318,1,False,0.0,0.0,0.0,
lm_choice_qwen3b,I08:wrong_pick,I08,wrong_pick,needs,bedroom,1.0349,1,False,0.0,0.0,0.0,
lm_choice_qwen3b,I09:clean,I09,clean,needs,bedroom,0.9539,1,True,0.0,0.0,0.0,
lm_choice_qwen3b,I09:partial,I09,partial,needs,bedroom,0.8876,1,True,0.0,0.0,0.0,
lm_choice_qwen3b,I09:wrong_label,I09,wrong_label,needs,bedroom,0.8933,1,False,0.0,0.0,0.0,
lm_choice_qwen3b,I09:wrong_pick,I09,wrong_pick,needs,bedroom,1.1626,1,False,0.0,0.0,0.0,
lm_choice_qwen3b,I10:clean,I10,clean,needs,bedroom,1.0291,1,True,0.0,0.0,0.0,
lm_choice_qwen3b,I10:partial,I10,partial,needs,bedroom,0.9988,1,True,0.0,0.0,0.0,
lm_choice_qwen3b,I10:wrong_label,I10,wrong_label,needs,bedroom,1.0607,1,False,0.0,0.0,0.0,
lm_choice_qwen3b,I10:wrong_pick,I10,wrong_pick,needs,bedroom,0.9761,1,False,0.0,0.0,0.0,
lm_choice_qwen3b,I11:clean,I11,clean,needs,bedroom,0.8748,1,True,0.0,0.0,0.0,
lm_choice_qwen3b,I11:partial,I11,partial,needs,bedroom,0.8717,1,True,0.0,0.0,0.0,
lm_choice_qwen3b,I11:wrong_label,I11,wrong_label,needs,bedroom,0.8888,1,False,0.0,0.0,0.0,
lm_choice_qwen3b,I11:wrong_pick,I11,wrong_pick,needs,bedroom,0.8797,1,False,0.0,0.0,0.0,
lm_choice_qwen3b,I12:clean,I12,clean,needs,bedroom,0.8789,3,True,0.0,0.0,0.0,
lm_choice_qwen3b,I12:partial,I12,partial,needs,bedroom,0.8746,3,True,0.0,0.0,0.0,
lm_choice_qwen3b,I12:wrong_label,I12,wrong_label,needs,bedroom,0.887,3,True,0.0,0.0,0.0,
lm_choice_qwen3b,I12:wrong_pick,I12,wrong_pick,needs,bedroom,0.8868,3,True,0.0,0.0,0.0,
lm_choice_qwen3b,I13:clean,I13,clean,needs,bathroom,0.9811,3,True,1.0,1.0,1.0,1.0
lm_choice_qwen3b,I13:partial,I13,partial,needs,bathroom,1.1235,3,True,1.0,1.0,1.0,1.0
lm_choice_qwen3b,I13:wrong_label,I13,wrong_label,needs,bathroom,1.1474,3,True,1.0,1.0,1.0,1.0
lm_choice_qwen3b,I13:wrong_pick,I13,wrong_pick,needs,bathroom,1.1029,3,True,1.0,1.0,1.0,1.0
lm_choice_qwen3b,I14:clean,I14,clean,needs,bathroom,1.0857,3,True,1.0,1.0,1.0,1.0
lm_choice_qwen3b,I14:partial,I14,partial,needs,bathroom,0.8661,3,True,1.0,1.0,1.0,1.0
lm_choice_qwen3b,I14:wrong_label,I14,wrong_label,needs,bathroom,0.9686,3,True,1.0,1.0,1.0,1.0
lm_choice_qwen3b,I14:wrong_pick,I14,wrong_pick,needs,bathroom,0.8641,3,True,1.0,1.0,1.0,1.0
lm_choice_qwen3b,I15:clean,I15,clean,needs,bathroom,0.8603,1,True,0.0,1.0,1.0,2.0
lm_choice_qwen3b,I15:partial,I15,partial,needs,bathroom,0.8709,1,True,0.0,1.0,1.0,2.0
lm_choice_qwen3b,I15:wrong_label,I15,wrong_label,needs,bathroom,0.8435,1,False,0.0,0.0,0.0,
lm_choice_qwen3b,I15:wrong_pick,I15,wrong_pick,needs,bathroom,0.8367,1,False,0.0,0.0,0.0,
lm_choice_qwen3b,I16:clean,I16,clean,needs,bathroom,0.9494,2,True,0.0,0.0,0.0,
lm_choice_qwen3b,I16:partial,I16,partial,needs,bathroom,0.953,2,True,0.0,0.0,0.0,
lm_choice_qwen3b,I16:wrong_label,I16,wrong_label,needs,bathroom,0.8573,2,True,0.0,0.0,0.0,
lm_choice_qwen3b,I16:wrong_pick,I16,wrong_pick,needs,bathroom,0.8631,2,True,0.0,0.0,0.0,
lm_choice_qwen3b,I17:clean,I17,clean,needs,bathroom,0.9951,1,True,1.0,1.0,1.0,1.0
lm_choice_qwen3b,I17:partial,I17,partial,needs,bathroom,1.0341,1,True,1.0,1.0,1.0,1.0
lm_choice_qwen3b,I17:wrong_label,I17,wrong_label,needs,bathroom,1.1023,1,False,0.0,0.0,0.0,
lm_choice_qwen3b,I17:wrong_pick,I17,wrong_pick,needs,bathroom,0.9664,1,False,0.0,0.0,0.0,
lm_choice_qwen3b,I18:clean,I18,clean,needs,bathroom,0.8476,1,True,1.0,1.0,1.0,1.0
lm_choice_qwen3b,I18:partial,I18,partial,needs,bathroom,0.8441,1,True,1.0,1.0,1.0,1.0
lm_choice_qwen3b,I18:wrong_label,I18,wrong_label,needs,bathroom,0.9469,1,False,0.0,0.0,0.0,
lm_choice_qwen3b,I18:wrong_pick,I18,wrong_pick,needs,bathroom,0.8589,1,False,1.0,1.0,1.0,1.0
lm_choice_qwen3b,I19:clean,I19,clean,needs,kitchen,0.8604,2,True,1.0,1.0,1.0,1.0
lm_choice_qwen3b,I19:partial,I19,partial,needs,kitchen,0.8645,2,True,1.0,1.0,1.0,1.0
lm_choice_qwen3b,I19:wrong_label,I19,wrong_label,needs,kitchen,0.8603,2,True,0.0,0.0,0.0,
lm_choice_qwen3b,I19:wrong_pick,I19,wrong_pick,needs,kitchen,0.9479,2,True,0.0,0.0,0.0,
lm_choice_qwen3b,I20:clean,I20,clean,needs,kitchen,0.8536,2,True,0.0,0.0,0.0,
lm_choice_qwen3b,I20:partial,I20,partial,needs,kitchen,0.7999,2,True,1.0,1.0,1.0,1.0
lm_choice_qwen3b,I20:wrong_label,I20,wrong_label,needs,kitchen,0.8695,2,True,0.0,0.0,0.0,
lm_choice_qwen3b,I20:wrong_pick,I20,wrong_pick,needs,kitchen,0.9933,2,True,0.0,0.0,0.0,
lm_choice_qwen3b,I21:clean,I21,clean,needs,kitchen,1.046,1,True,0.0,1.0,1.0,2.0
lm_choice_qwen3b,I21:partial,I21,partial,needs,kitchen,0.9495,1,True,0.0,1.0,1.0,2.0
lm_choice_qwen3b,I21:wrong_label,I21,wrong_label,needs,kitchen,1.0132,1,False,0.0,0.0,0.0,
lm_choice_qwen3b,I21:wrong_pick,I21,wrong_pick,needs,kitchen,0.8465,1,False,0.0,0.0,0.0,
lm_choice_qwen3b,I22:clean,I22,clean,needs,kitchen,0.8614,2,True,0.0,0.0,0.0,
lm_choice_qwen3b,I22:partial,I22,partial,needs,kitchen,0.8595,2,True,0.0,0.0,0.0,
lm_choice_qwen3b,I22:wrong_label,I22,wrong_label,needs,kitchen,0.8477,2,True,0.0,0.0,0.0,
lm_choice_qwen3b,I22:wrong_pick,I22,wrong_pick,needs,kitchen,0.8475,2,True,0.0,0.0,0.0,
lm_choice_qwen3b,I23:clean,I23,clean,needs,kitchen,0.8561,2,True,0.0,0.0,0.0,
lm_choice_qwen3b,I23:partial,I23,partial,needs,kitchen,0.8504,2,True,0.0,0.0,0.0,
lm_choice_qwen3b,I23:wrong_label,I23,wrong_label,needs,kitchen,0.8564,2,True,0.0,0.0,0.0,
lm_choice_qwen3b,I23:wrong_pick,I23,wrong_pick,needs,kitchen,0.8601,2,True,0.0,0.0,0.0,
lm_choice_qwen3b,I24:clean,I24,clean,needs,dining,0.8548,3,True,0.0,0.0,0.0,
lm_choice_qwen3b,I24:partial,I24,partial,needs,dining,0.8533,3,True,0.0,0.0,0.0,
lm_choice_qwen3b,I24:wrong_label,I24,wrong_label,needs,dining,1.0226,3,True,0.0,0.0,0.0,
lm_choice_qwen3b,I24:wrong_pick,I24,wrong_pick,needs,dining,1.0221,3,True,0.0,0.0,0.0,
lm_choice_qwen3b,I25:clean,I25,clean,needs,dining,0.9643,2,True,0.0,1.0,1.0,2.0
lm_choice_qwen3b,I25:partial,I25,partial,needs,dining,1.035,2,True,0.0,0.0,0.0,
lm_choice_qwen3b,I25:wrong_label,I25,wrong_label,needs,dining,0.8535,2,True,0.0,1.0,1.0,2.0
lm_choice_qwen3b,I25:wrong_pick,I25,wrong_pick,needs,dining,0.859,2,True,0.0,1.0,1.0,2.0
lm_choice_qwen3b,I26:clean,I26,clean,needs,dining,0.8622,1,True,1.0,1.0,1.0,1.0
lm_choice_qwen3b,I26:partial,I26,partial,needs,dining,0.8699,1,True,1.0,1.0,1.0,1.0
lm_choice_qwen3b,I26:wrong_label,I26,wrong_label,needs,dining,0.8742,1,False,0.0,0.0,0.0,
lm_choice_qwen3b,I26:wrong_pick,I26,wrong_pick,needs,dining,0.8736,1,False,0.0,0.0,0.0,
lm_choice_qwen3b,I27:clean,I27,clean,needs,dining,0.8627,1,True,1.0,1.0,1.0,1.0
lm_choice_qwen3b,I27:partial,I27,partial,needs,dining,0.8458,1,True,1.0,1.0,1.0,1.0
lm_choice_qwen3b,I27:wrong_label,I27,wrong_label,needs,dining,0.855,1,False,0.0,0.0,0.0,
lm_choice_qwen3b,I27:wrong_pick,I27,wrong_pick,needs,dining,0.8847,1,False,0.0,0.0,0.0,
lm_choice_qwen3b,I28:clean,I28,clean,needs,living room,0.8737,2,True,1.0,1.0,1.0,1.0
lm_choice_qwen3b,I28:partial,I28,partial,needs,living room,1.0032,2,True,1.0,1.0,1.0,1.0
lm_choice_qwen3b,I28:wrong_label,I28,wrong_label,needs,living room,1.0324,2,True,0.0,0.0,0.0,
lm_choice_qwen3b,I28:wrong_pick,I28,wrong_pick,needs,living room,0.9929,2,True,1.0,1.0,1.0,1.0
lm_choice_qwen3b,I29:clean,I29,clean,needs,living room,1.0758,2,True,0.0,0.0,0.0,
lm_choice_qwen3b,I29:partial,I29,partial,needs,living room,0.9897,2,True,0.0,0.0,0.0,
lm_choice_qwen3b,I29:wrong_label,I29,wrong_label,needs,living room,0.9809,2,True,0.0,0.0,0.0,
lm_choice_qwen3b,I29:wrong_pick,I29,wrong_pick,needs,living room,0.8692,2,True,0.0,0.0,0.0,
lm_choice_qwen3b,I30:clean,I30,clean,needs,living room,0.9181,1,True,1.0,1.0,1.0,1.0
lm_choice_qwen3b,I30:partial,I30,partial,needs,living room,0.9206,1,True,1.0,1.0,1.0,1.0
lm_choice_qwen3b,I30:wrong_label,I30,wrong_label,needs,living room,0.8689,1,False,1.0,1.0,1.0,1.0
lm_choice_qwen3b,I30:wrong_pick,I30,wrong_pick,needs,living room,0.8727,1,False,1.0,1.0,1.0,1.0
lm_choice_qwen3b,I31:clean,I31,clean,needs,living room,0.8773,1,True,0.0,1.0,1.0,2.0
lm_choice_qwen3b,I31:partial,I31,partial,needs,living room,0.863,1,True,0.0,1.0,1.0,2.0
lm_choice_qwen3b,I31:wrong_label,I31,wrong_label,needs,living room,0.8662,1,False,0.0,0.0,0.0,
lm_choice_qwen3b,I31:wrong_pick,I31,wrong_pick,needs,living room,0.9841,1,False,0.0,0.0,0.0,
lm_choice_qwen3b,I32:clean,I32,clean,needs,living room,0.9856,1,True,1.0,1.0,1.0,1.0
lm_choice_qwen3b,I32:partial,I32,partial,needs,living room,1.0271,1,True,1.0,1.0,1.0,1.0
lm_choice_qwen3b,I32:wrong_label,I32,wrong_label,needs,living room,1.002,1,False,0.0,0.0,0.0,
lm_choice_qwen3b,I32:wrong_pick,I32,wrong_pick,needs,living room,0.9802,1,False,0.0,0.0,0.0,
lm_choice_qwen3b,I33:clean,I33,clean,needs,bedroom,0.9752,1,True,0.0,1.0,1.0,2.0
lm_choice_qwen3b,I33:partial,I33,partial,needs,bedroom,0.9952,1,True,0.0,1.0,1.0,2.0
lm_choice_qwen3b,I33:wrong_label,I33,wrong_label,needs,bedroom,0.8869,1,False,1.0,1.0,1.0,1.0
lm_choice_qwen3b,I33:wrong_pick,I33,wrong_pick,needs,bedroom,0.8908,1,False,0.0,0.0,0.0,
lm_choice_qwen3b,I34:clean,I34,clean,information,bedroom,0.9415,1,True,0.0,0.0,0.0,
lm_choice_qwen3b,I34:partial,I34,partial,information,bedroom,0.9426,1,True,0.0,0.0,0.0,
lm_choice_qwen3b,I34:wrong_label,I34,wrong_label,information,bedroom,0.8777,1,False,0.0,0.0,0.0,
lm_choice_qwen3b,I34:wrong_pick,I34,wrong_pick,information,bedroom,0.9728,1,False,1.0,1.0,1.0,1.0
lm_choice_qwen3b,I35:clean,I35,clean,information,living room,0.9813,1,True,0.0,0.0,0.0,
lm_choice_qwen3b,I35:partial,I35,partial,information,living room,0.987,1,True,0.0,0.0,0.0,
lm_choice_qwen3b,I35:wrong_label,I35,wrong_label,information,living room,1.0032,1,False,0.0,0.0,0.0,
lm_choice_qwen3b,I35:wrong_pick,I35,wrong_pick,information,living room,1.1947,1,False,0.0,0.0,0.0,
lm_choice_qwen3b,I36:clean,I36,clean,information,bedroom,0.9996,1,True,0.0,0.0,0.0,
lm_choice_qwen3b,I36:partial,I36,partial,information,bedroom,1.0103,1,True,0.0,0.0,0.0,
lm_choice_qwen3b,I36:wrong_label,I36,wrong_label,information,bedroom,0.9916,1,False,0.0,0.0,0.0,
lm_choice_qwen3b,I36:wrong_pick,I36,wrong_pick,information,bedroom,0.8751,1,False,0.0,0.0,0.0,
lm_choice_qwen3b,I37:clean,I37,clean,information,bedroom,0.8935,2,True,0.0,0.0,0.0,
lm_choice_qwen3b,I37:partial,I37,partial,information,bedroom,0.9878,2,True,0.0,0.0,0.0,
lm_choice_qwen3b,I37:wrong_label,I37,wrong_label,information,bedroom,0.8907,2,True,0.0,0.0,0.0,
lm_choice_qwen3b,I37:wrong_pick,I37,wrong_pick,information,bedroom,0.8771,2,True,0.0,0.0,0.0,
lm_choice_qwen3b,I38:clean,I38,clean,information,living room,0.8649,1,True,1.0,1.0,1.0,1.0
lm_choice_qwen3b,I38:partial,I38,partial,information,living room,0.8677,1,True,1.0,1.0,1.0,1.0
lm_choice_qwen3b,I38:wrong_label,I38,wrong_label,information,living room,0.8666,1,False,0.0,0.0,0.0,
lm_choice_qwen3b,I38:wrong_pick,I38,wrong_pick,information,living room,0.8872,1,False,0.0,0.0,0.0,
lm_choice_qwen3b,I39:clean,I39,clean,information,bedroom,0.9371,1,True,0.0,0.0,0.0,
lm_choice_qwen3b,I39:partial,I39,partial,information,bedroom,0.987,1,True,0.0,0.0,0.0,
lm_choice_qwen3b,I39:wrong_label,I39,wrong_label,information,bedroom,1.0086,1,False,0.0,0.0,0.0,
lm_choice_qwen3b,I39:wrong_pick,I39,wrong_pick,information,bedroom,1.1571,1,False,0.0,0.0,0.0,
lm_choice_qwen3b,I40:clean,I40,clean,information,living room,0.8883,1,True,0.0,0.0,0.0,
lm_choice_qwen3b,I40:partial,I40,partial,information,living room,0.8819,1,True,0.0,0.0,0.0,
lm_choice_qwen3b,I40:wrong_label,I40,wrong_label,information,living room,0.8548,1,False,0.0,0.0,0.0,
lm_choice_qwen3b,I40:wrong_pick,I40,wrong_pick,information,living room,0.8636,1,False,0.0,0.0,0.0,
lm_choice_qwen3b,I41:clean,I41,clean,information,kitchen,0.8719,1,True,0.0,0.0,0.0,
lm_choice_qwen3b,I41:partial,I41,partial,information,kitchen,0.8706,1,True,0.0,0.0,0.0,
lm_choice_qwen3b,I41:wrong_label,I41,wrong_label,information,kitchen,0.8724,1,False,0.0,0.0,0.0,
lm_choice_qwen3b,I41:wrong_pick,I41,wrong_pick,information,kitchen,0.8785,1,False,0.0,0.0,0.0,
lm_choice_qwen3b,I42:clean,I42,clean,information,bedroom,0.8644,1,True,0.0,0.0,0.0,
lm_choice_qwen3b,I42:partial,I42,partial,information,bedroom,0.8536,1,True,0.0,0.0,0.0,
lm_choice_qwen3b,I42:wrong_label,I42,wrong_label,information,bedroom,0.9596,1,False,0.0,0.0,0.0,
lm_choice_qwen3b,I42:wrong_pick,I42,wrong_pick,information,bedroom,1.1032,1,False,0.0,0.0,0.0,
lm_choice_qwen3b,I43:clean,I43,clean,information,dining,1.1383,1,True,0.0,1.0,1.0,3.0
lm_choice_qwen3b,I43:partial,I43,partial,information,dining,1.0883,1,True,0.0,1.0,1.0,3.0
lm_choice_qwen3b,I43:wrong_label,I43,wrong_label,information,dining,1.0564,1,False,0.0,0.0,0.0,
lm_choice_qwen3b,I43:wrong_pick,I43,wrong_pick,information,dining,0.8649,1,False,0.0,0.0,0.0,
lm_choice_qwen3b,I44:clean,I44,clean,social,bedroom,0.8555,1,True,0.0,0.0,0.0,
lm_choice_qwen3b,I44:partial,I44,partial,social,bedroom,0.8895,1,True,0.0,0.0,0.0,
lm_choice_qwen3b,I44:wrong_label,I44,wrong_label,social,bedroom,0.9843,1,False,0.0,0.0,0.0,
lm_choice_qwen3b,I44:wrong_pick,I44,wrong_pick,social,bedroom,0.9704,1,False,0.0,0.0,0.0,
lm_choice_qwen3b,I45:clean,I45,clean,social,living room,0.8572,1,True,0.0,0.0,0.0,
lm_choice_qwen3b,I45:partial,I45,partial,social,living room,0.8428,1,True,0.0,0.0,0.0,
lm_choice_qwen3b,I45:wrong_label,I45,wrong_label,social,living room,0.9419,1,False,0.0,0.0,0.0,
lm_choice_qwen3b,I45:wrong_pick,I45,wrong_pick,social,living room,0.9511,1,False,0.0,0.0,0.0,
lm_choice_qwen3b,I46:clean,I46,clean,social,living room,0.8575,1,True,0.0,0.0,0.0,
lm_choice_qwen3b,I46:partial,I46,partial,social,living room,0.8672,1,True,0.0,0.0,0.0,
lm_choice_qwen3b,I46:wrong_label,I46,wrong_label,social,living room,1.1131,1,False,0.0,0.0,0.0,
lm_choice_qwen3b,I46:wrong_pick,I46,wrong_pick,social,living room,1.0226,1,False,0.0,0.0,0.0,
lm_choice_qwen3b,I47:clean,I47,clean,social,bedroom,1.1149,1,True,0.0,1.0,1.0,3.0
lm_choice_qwen3b,I47:partial,I47,partial,social,bedroom,0.9688,1,True,0.0,1.0,1.0,3.0
lm_choice_qwen3b,I47:wrong_label,I47,wrong_label,social,bedroom,0.874,1,False,0.0,0.0,0.0,
lm_choice_qwen3b,I47:wrong_pick,I47,wrong_pick,social,bedroom,0.8643,1,False,0.0,0.0,0.0,
lm_choice_qwen3b,I48:clean,I48,clean,social,living room,0.8554,1,True,0.0,0.0,0.0,
lm_choice_qwen3b,I48:partial,I48,partial,social,living room,0.8547,1,True,0.0,0.0,0.0,
lm_choice_qwen3b,I48:wrong_label,I48,wrong_label,social,living room,0.8566,1,False,0.0,0.0,0.0,
lm_choice_qwen3b,I48:wrong_pick,I48,wrong_pick,social,living room,0.8512,1,False,0.0,0.0,0.0,
lm_choice_qwen3b,I49:clean,I49,clean,social,dining,0.8634,1,True,0.0,0.0,0.0,
lm_choice_qwen3b,I49:partial,I49,partial,social,dining,0.8699,1,True,0.0,0.0,0.0,
lm_choice_qwen3b,I49:wrong_label,I49,wrong_label,social,dining,0.864,1,False,0.0,0.0,0.0,
lm_choice_qwen3b,I49:wrong_pick,I49,wrong_pick,social,dining,0.8649,1,False,0.0,0.0,0.0,
lm_choice_qwen3b,I50:clean,I50,clean,social,living room,0.9025,1,True,0.0,0.0,0.0,
lm_choice_qwen3b,I50:partial,I50,partial,social,living room,0.947,1,True,0.0,0.0,0.0,
lm_choice_qwen3b,I50:wrong_label,I50,wrong_label,social,living room,1.0019,1,False,0.0,0.0,0.0,
lm_choice_qwen3b,I50:wrong_pick,I50,wrong_pick,social,living room,0.9875,1,False,0.0,0.0,0.0,
lm_choice_qwen3b,I51:clean,I51,clean,social,bedroom,1.0423,1,True,0.0,0.0,0.0,
lm_choice_qwen3b,I51:partial,I51,partial,social,bedroom,0.9811,1,True,0.0,0.0,0.0,
lm_choice_qwen3b,I51:wrong_label,I51,wrong_label,social,bedroom,0.8907,1,False,0.0,0.0,0.0,
lm_choice_qwen3b,I51:wrong_pick,I51,wrong_pick,social,bedroom,0.8675,1,False,0.0,0.0,0.0,
lm_choice_qwen3b,I52:clean,I52,clean,social,living room,0.9554,1,True,0.0,0.0,0.0,
lm_choice_qwen3b,I52:partial,I52,partial,social,living room,0.9545,1,True,0.0,0.0,0.0,
lm_choice_qwen3b,I52:wrong_label,I52,wrong_label,social,living room,0.951,1,False,0.0,0.0,0.0,
lm_choice_qwen3b,I52:wrong_pick,I52,wrong_pick,social,living room,0.8517,1,False,0.0,0.0,0.0,
lm_choice_qwen3b,I53:clean,I53,clean,social,bedroom,0.9692,1,True,0.0,0.0,0.0,
lm_choice_qwen3b,I53:partial,I53,partial,social,bedroom,0.9577,1,True,0.0,0.0,0.0,
lm_choice_qwen3b,I53:wrong_label,I53,wrong_label,social,bedroom,0.8731,1,False,0.0,0.0,0.0,
lm_choice_qwen3b,I53:wrong_pick,I53,wrong_pick,social,bedroom,1.1419,1,False,0.0,0.0,0.0,
lm_choice_qwen3b,I54:clean,I54,clean,etiquette,dining,1.0264,1,True,0.0,0.0,0.0,
lm_choice_qwen3b,I54:partial,I54,partial,etiquette,dining,0.9658,1,True,0.0,0.0,0.0,
lm_choice_qwen3b,I54:wrong_label,I54,wrong_label,etiquette,dining,1.0234,1,False,0.0,0.0,0.0,
lm_choice_qwen3b,I54:wrong_pick,I54,wrong_pick,etiquette,dining,0.8788,1,False,0.0,0.0,0.0,
lm_choice_qwen3b,I55:clean,I55,clean,etiquette,living room,0.9283,3,True,0.0,1.0,1.0,3.0
lm_choice_qwen3b,I55:partial,I55,partial,etiquette,living room,0.8653,3,True,0.0,0.0,0.0,
lm_choice_qwen3b,I55:wrong_label,I55,wrong_label,etiquette,living room,0.9117,3,True,0.0,1.0,1.0,3.0
lm_choice_qwen3b,I55:wrong_pick,I55,wrong_pick,etiquette,living room,0.865,3,True,0.0,0.0,0.0,
lm_choice_qwen3b,I56:clean,I56,clean,etiquette,dining,0.8527,1,True,0.0,0.0,0.0,
lm_choice_qwen3b,I56:partial,I56,partial,etiquette,dining,0.8684,1,True,0.0,0.0,0.0,
lm_choice_qwen3b,I56:wrong_label,I56,wrong_label,etiquette,dining,0.8805,1,False,0.0,0.0,0.0,
lm_choice_qwen3b,I56:wrong_pick,I56,wrong_pick,etiquette,dining,0.8535,1,False,0.0,0.0,0.0,
lm_choice_qwen3b,I57:clean,I57,clean,etiquette,bedroom,0.8539,1,True,0.0,0.0,0.0,
lm_choice_qwen3b,I57:partial,I57,partial,etiquette,bedroom,0.857,1,True,0.0,0.0,0.0,
lm_choice_qwen3b,I57:wrong_label,I57,wrong_label,etiquette,bedroom,1.1178,1,False,0.0,0.0,0.0,
lm_choice_qwen3b,I57:wrong_pick,I57,wrong_pick,etiquette,bedroom,1.1492,1,False,0.0,0.0,0.0,
lm_choice_qwen3b,I58:clean,I58,clean,etiquette,living room,0.9764,1,True,0.0,0.0,0.0,
lm_choice_qwen3b,I58:partial,I58,partial,etiquette,living room,0.9109,1,True,0.0,0.0,0.0,
lm_choice_qwen3b,I58:wrong_label,I58,wrong_label,etiquette,living room,0.8683,1,False,0.0,0.0,0.0,
lm_choice_qwen3b,I58:wrong_pick,I58,wrong_pick,etiquette,living room,0.8768,1,False,0.0,0.0,0.0,
lm_choice_qwen3b,I59:clean,I59,clean,etiquette,dining,0.8802,2,True,0.0,0.0,0.0,
lm_choice_qwen3b,I59:partial,I59,partial,etiquette,dining,0.8728,2,True,0.0,0.0,0.0,
lm_choice_qwen3b,I59:wrong_label,I59,wrong_label,etiquette,dining,0.8553,2,True,0.0,0.0,0.0,
lm_choice_qwen3b,I59:wrong_pick,I59,wrong_pick,etiquette,dining,0.86,2,True,0.0,0.0,0.0,
lm_choice_qwen3b,I60:clean,I60,clean,etiquette,bedroom,0.8534,2,True,0.0,0.0,0.0,
lm_choice_qwen3b,I60:partial,I60,partial,etiquette,bedroom,0.8719,2,True,0.0,0.0,0.0,
lm_choice_qwen3b,I60:wrong_label,I60,wrong_label,etiquette,bedroom,0.985,2,True,0.0,1.0,1.0,3.0
lm_choice_qwen3b,I60:wrong_pick,I60,wrong_pick,etiquette,bedroom,0.8796,2,True,0.0,0.0,0.0,
lm_choice_smol1.7b,I01:clean,I01,clean,needs,bedroom,0.4285,2,True,1.0,1.0,1.0,1.0
lm_choice_smol1.7b,I01:partial,I01,partial,needs,bedroom,0.3709,2,True,1.0,1.0,1.0,1.0
lm_choice_smol1.7b,I01:wrong_label,I01,wrong_label,needs,bedroom,0.4004,2,True,1.0,1.0,1.0,1.0
lm_choice_smol1.7b,I01:wrong_pick,I01,wrong_pick,needs,bedroom,0.3828,2,True,1.0,1.0,1.0,1.0
lm_choice_smol1.7b,I02:clean,I02,clean,needs,bedroom,0.3782,2,True,0.0,1.0,1.0,2.0
lm_choice_smol1.7b,I02:partial,I02,partial,needs,bedroom,0.3946,2,True,0.0,1.0,1.0,2.0
lm_choice_smol1.7b,I02:wrong_label,I02,wrong_label,needs,bedroom,0.3705,2,True,0.0,1.0,1.0,2.0
lm_choice_smol1.7b,I02:wrong_pick,I02,wrong_pick,needs,bedroom,0.38,2,True,0.0,1.0,1.0,2.0
lm_choice_smol1.7b,I03:clean,I03,clean,needs,bedroom,0.4004,1,True,1.0,1.0,1.0,1.0
lm_choice_smol1.7b,I03:partial,I03,partial,needs,bedroom,0.4047,1,True,1.0,1.0,1.0,1.0
lm_choice_smol1.7b,I03:wrong_label,I03,wrong_label,needs,bedroom,0.3949,1,False,0.0,1.0,1.0,3.0
lm_choice_smol1.7b,I03:wrong_pick,I03,wrong_pick,needs,bedroom,0.3923,1,False,0.0,1.0,1.0,3.0
lm_choice_smol1.7b,I04:clean,I04,clean,needs,bedroom,0.386,1,True,0.0,0.0,0.0,
lm_choice_smol1.7b,I04:partial,I04,partial,needs,bedroom,0.3988,1,True,0.0,0.0,0.0,
lm_choice_smol1.7b,I04:wrong_label,I04,wrong_label,needs,bedroom,0.3776,1,False,0.0,0.0,0.0,
lm_choice_smol1.7b,I04:wrong_pick,I04,wrong_pick,needs,bedroom,0.3801,1,False,0.0,0.0,0.0,
lm_choice_smol1.7b,I05:clean,I05,clean,needs,bedroom,0.4009,1,True,0.0,0.0,0.0,
lm_choice_smol1.7b,I05:partial,I05,partial,needs,bedroom,0.3892,1,True,0.0,0.0,0.0,
lm_choice_smol1.7b,I05:wrong_label,I05,wrong_label,needs,bedroom,0.4218,1,False,0.0,0.0,0.0,
lm_choice_smol1.7b,I05:wrong_pick,I05,wrong_pick,needs,bedroom,0.4369,1,False,0.0,0.0,0.0,
lm_choice_smol1.7b,I06:clean,I06,clean,needs,bedroom,0.4276,3,True,0.0,0.0,0.0,
lm_choice_smol1.7b,I06:partial,I06,partial,needs,bedroom,0.4639,3,True,0.0,0.0,0.0,
lm_choice_smol1.7b,I06:wrong_label,I06,wrong_label,needs,bedroom,0.4346,3,True,0.0,0.0,0.0,
lm_choice_smol1.7b,I06:wrong_pick,I06,wrong_pick,needs,bedroom,0.4391,3,True,0.0,0.0,0.0,
lm_choice_smol1.7b,I07:clean,I07,clean,needs,bedroom,0.5214,1,True,1.0,1.0,1.0,1.0
lm_choice_smol1.7b,I07:partial,I07,partial,needs,bedroom,0.5468,1,True,1.0,1.0,1.0,1.0
lm_choice_smol1.7b,I07:wrong_label,I07,wrong_label,needs,bedroom,0.4524,1,False,0.0,0.0,0.0,
lm_choice_smol1.7b,I07:wrong_pick,I07,wrong_pick,needs,bedroom,0.3821,1,False,0.0,0.0,0.0,
lm_choice_smol1.7b,I08:clean,I08,clean,needs,bedroom,0.3811,1,True,0.0,0.0,0.0,
lm_choice_smol1.7b,I08:partial,I08,partial,needs,bedroom,0.3852,1,True,0.0,0.0,0.0,
lm_choice_smol1.7b,I08:wrong_label,I08,wrong_label,needs,bedroom,0.4064,1,False,0.0,0.0,0.0,
lm_choice_smol1.7b,I08:wrong_pick,I08,wrong_pick,needs,bedroom,0.3916,1,False,0.0,0.0,0.0,
lm_choice_smol1.7b,I09:clean,I09,clean,needs,bedroom,0.3898,1,True,0.0,0.0,0.0,
lm_choice_smol1.7b,I09:partial,I09,partial,needs,bedroom,0.3864,1,True,0.0,0.0,0.0,
lm_choice_smol1.7b,I09:wrong_label,I09,wrong_label,needs,bedroom,0.3895,1,False,0.0,0.0,0.0,
lm_choice_smol1.7b,I09:wrong_pick,I09,wrong_pick,needs,bedroom,0.4066,1,False,0.0,0.0,0.0,
lm_choice_smol1.7b,I10:clean,I10,clean,needs,bedroom,0.3891,1,True,0.0,0.0,0.0,
lm_choice_smol1.7b,I10:partial,I10,partial,needs,bedroom,0.3995,1,True,0.0,0.0,0.0,
lm_choice_smol1.7b,I10:wrong_label,I10,wrong_label,needs,bedroom,0.3998,1,False,0.0,0.0,0.0,
lm_choice_smol1.7b,I10:wrong_pick,I10,wrong_pick,needs,bedroom,0.3916,1,False,0.0,0.0,0.0,
lm_choice_smol1.7b,I11:clean,I11,clean,needs,bedroom,0.3931,1,True,0.0,0.0,0.0,
lm_choice_smol1.7b,I11:partial,I11,partial,needs,bedroom,0.3928,1,True,0.0,0.0,0.0,
lm_choice_smol1.7b,I11:wrong_label,I11,wrong_label,needs,bedroom,0.3929,1,False,0.0,0.0,0.0,
lm_choice_smol1.7b,I11:wrong_pick,I11,wrong_pick,needs,bedroom,0.4057,1,False,0.0,0.0,0.0,
lm_choice_smol1.7b,I12:clean,I12,clean,needs,bedroom,0.3954,3,True,0.0,0.0,0.0,
lm_choice_smol1.7b,I12:partial,I12,partial,needs,bedroom,0.3966,3,True,0.0,0.0,0.0,
lm_choice_smol1.7b,I12:wrong_label,I12,wrong_label,needs,bedroom,0.3993,3,True,0.0,0.0,0.0,
lm_choice_smol1.7b,I12:wrong_pick,I12,wrong_pick,needs,bedroom,0.4034,3,True,0.0,0.0,0.0,
lm_choice_smol1.7b,I13:clean,I13,clean,needs,bathroom,0.4157,3,True,0.0,0.0,0.0,
lm_choice_smol1.7b,I13:partial,I13,partial,needs,bathroom,0.3962,3,True,0.0,0.0,0.0,
lm_choice_smol1.7b,I13:wrong_label,I13,wrong_label,needs,bathroom,0.4002,3,True,0.0,0.0,0.0,
lm_choice_smol1.7b,I13:wrong_pick,I13,wrong_pick,needs,bathroom,0.4524,3,True,0.0,0.0,0.0,
lm_choice_smol1.7b,I14:clean,I14,clean,needs,bathroom,0.442,3,True,0.0,0.0,0.0,
lm_choice_smol1.7b,I14:partial,I14,partial,needs,bathroom,0.4473,3,True,0.0,0.0,0.0,
lm_choice_smol1.7b,I14:wrong_label,I14,wrong_label,needs,bathroom,0.4868,3,True,0.0,0.0,0.0,
lm_choice_smol1.7b,I14:wrong_pick,I14,wrong_pick,needs,bathroom,0.4521,3,True,0.0,0.0,0.0,
lm_choice_smol1.7b,I15:clean,I15,clean,needs,bathroom,0.4514,1,True,0.0,0.0,0.0,
lm_choice_smol1.7b,I15:partial,I15,partial,needs,bathroom,0.4848,1,True,0.0,0.0,0.0,
lm_choice_smol1.7b,I15:wrong_label,I15,wrong_label,needs,bathroom,0.4885,1,False,0.0,0.0,0.0,
lm_choice_smol1.7b,I15:wrong_pick,I15,wrong_pick,needs,bathroom,0.4648,1,False,0.0,0.0,0.0,
lm_choice_smol1.7b,I16:clean,I16,clean,needs,bathroom,0.4197,2,True,0.0,0.0,0.0,
lm_choice_smol1.7b,I16:partial,I16,partial,needs,bathroom,0.4005,2,True,0.0,0.0,0.0,
lm_choice_smol1.7b,I16:wrong_label,I16,wrong_label,needs,bathroom,0.4084,2,True,0.0,0.0,0.0,
lm_choice_smol1.7b,I16:wrong_pick,I16,wrong_pick,needs,bathroom,0.4029,2,True,0.0,0.0,0.0,
lm_choice_smol1.7b,I17:clean,I17,clean,needs,bathroom,0.4076,1,True,0.0,0.0,0.0,
lm_choice_smol1.7b,I17:partial,I17,partial,needs,bathroom,0.4117,1,True,0.0,0.0,0.0,
lm_choice_smol1.7b,I17:wrong_label,I17,wrong_label,needs,bathroom,0.3983,1,False,0.0,0.0,0.0,
lm_choice_smol1.7b,I17:wrong_pick,I17,wrong_pick,needs,bathroom,0.4005,1,False,0.0,0.0,0.0,
lm_choice_smol1.7b,I18:clean,I18,clean,needs,bathroom,0.3987,1,True,0.0,0.0,0.0,
lm_choice_smol1.7b,I18:partial,I18,partial,needs,bathroom,0.4043,1,True,0.0,0.0,0.0,
lm_choice_smol1.7b,I18:wrong_label,I18,wrong_label,needs,bathroom,0.4159,1,False,0.0,0.0,0.0,
lm_choice_smol1.7b,I18:wrong_pick,I18,wrong_pick,needs,bathroom,0.3997,1,False,0.0,0.0,0.0,
lm_choice_smol1.7b,I19:clean,I19,clean,needs,kitchen,0.3992,2,True,0.0,0.0,0.0,
lm_choice_smol1.7b,I19:partial,I19,partial,needs,kitchen,0.3953,2,True,0.0,0.0,0.0,
lm_choice_smol1.7b,I19:wrong_label,I19,wrong_label,needs,kitchen,0.3995,2,True,0.0,0.0,0.0,
lm_choice_smol1.7b,I19:wrong_pick,I19,wrong_pick,needs,kitchen,0.4106,2,True,0.0,0.0,0.0,
lm_choice_smol1.7b,I20:clean,I20,clean,needs,kitchen,0.3919,2,True,0.0,0.0,0.0,
lm_choice_smol1.7b,I20:partial,I20,partial,needs,kitchen,0.3953,2,True,0.0,0.0,0.0,
lm_choice_smol1.7b,I20:wrong_label,I20,wrong_label,needs,kitchen,0.3971,2,True,0.0,0.0,0.0,
lm_choice_smol1.7b,I20:wrong_pick,I20,wrong_pick,needs,kitchen,0.3962,2,True,0.0,0.0,0.0,
lm_choice_smol1.7b,I21:clean,I21,clean,needs,kitchen,0.401,1,True,0.0,0.0,0.0,
lm_choice_smol1.7b,I21:partial,I21,partial,needs,kitchen,0.3869,1,True,0.0,0.0,0.0,
lm_choice_smol1.7b,I21:wrong_label,I21,wrong_label,needs,kitchen,0.3931,1,False,0.0,0.0,0.0,
lm_choice_smol1.7b,I21:wrong_pick,I21,wrong_pick,needs,kitchen,0.3944,1,False,0.0,0.0,0.0,
lm_choice_smol1.7b,I22:clean,I22,clean,needs,kitchen,0.4652,2,True,0.0,0.0,0.0,
lm_choice_smol1.7b,I22:partial,I22,partial,needs,kitchen,0.4565,2,True,0.0,0.0,0.0,
lm_choice_smol1.7b,I22:wrong_label,I22,wrong_label,needs,kitchen,0.433,2,True,0.0,0.0,0.0,
lm_choice_smol1.7b,I22:wrong_pick,I22,wrong_pick,needs,kitchen,0.45,2,True,0.0,0.0,0.0,
lm_choice_smol1.7b,I23:clean,I23,clean,needs,kitchen,0.4672,2,True,0.0,0.0,0.0,
lm_choice_smol1.7b,I23:partial,I23,partial,needs,kitchen,0.4319,2,True,0.0,0.0,0.0,
lm_choice_smol1.7b,I23:wrong_label,I23,wrong_label,needs,kitchen,0.4958,2,True,0.0,0.0,0.0,
lm_choice_smol1.7b,I23:wrong_pick,I23,wrong_pick,needs,kitchen,0.5272,2,True,0.0,0.0,0.0,
lm_choice_smol1.7b,I24:clean,I24,clean,needs,dining,0.4085,3,True,0.0,0.0,0.0,
lm_choice_smol1.7b,I24:partial,I24,partial,needs,dining,0.3894,3,True,0.0,0.0,0.0,
lm_choice_smol1.7b,I24:wrong_label,I24,wrong_label,needs,dining,0.3825,3,True,0.0,0.0,0.0,
lm_choice_smol1.7b,I24:wrong_pick,I24,wrong_pick,needs,dining,0.3888,3,True,0.0,0.0,0.0,
lm_choice_smol1.7b,I25:clean,I25,clean,needs,dining,0.3833,2,True,0.0,0.0,0.0,
lm_choice_smol1.7b,I25:partial,I25,partial,needs,dining,0.3974,2,True,0.0,0.0,0.0,
lm_choice_smol1.7b,I25:wrong_label,I25,wrong_label,needs,dining,0.3814,2,True,0.0,0.0,0.0,
lm_choice_smol1.7b,I25:wrong_pick,I25,wrong_pick,needs,dining,0.3841,2,True,0.0,0.0,0.0,
lm_choice_smol1.7b,I26:clean,I26,clean,needs,dining,0.4021,1,True,0.0,0.0,0.0,
lm_choice_smol1.7b,I26:partial,I26,partial,needs,dining,0.3834,1,True,0.0,0.0,0.0,
lm_choice_smol1.7b,I26:wrong_label,I26,wrong_label,needs,dining,0.3812,1,False,0.0,0.0,0.0,
lm_choice_smol1.7b,I26:wrong_pick,I26,wrong_pick,needs,dining,0.3807,1,False,0.0,0.0,0.0,
lm_choice_smol1.7b,I27:clean,I27,clean,needs,dining,0.3778,1,True,0.0,0.0,0.0,
lm_choice_smol1.7b,I27:partial,I27,partial,needs,dining,0.3775,1,True,0.0,0.0,0.0,
lm_choice_smol1.7b,I27:wrong_label,I27,wrong_label,needs,dining,0.3807,1,False,0.0,0.0,0.0,
lm_choice_smol1.7b,I27:wrong_pick,I27,wrong_pick,needs,dining,0.3813,1,False,0.0,0.0,0.0,
lm_choice_smol1.7b,I28:clean,I28,clean,needs,living room,0.3958,2,True,0.0,0.0,0.0,
lm_choice_smol1.7b,I28:partial,I28,partial,needs,living room,0.3796,2,True,0.0,0.0,0.0,
lm_choice_smol1.7b,I28:wrong_label,I28,wrong_label,needs,living room,0.3786,2,True,0.0,0.0,0.0,
lm_choice_smol1.7b,I28:wrong_pick,I28,wrong_pick,needs,living room,0.3845,2,True,0.0,0.0,0.0,
lm_choice_smol1.7b,I29:clean,I29,clean,needs,living room,0.3827,2,True,0.0,0.0,0.0,
lm_choice_smol1.7b,I29:partial,I29,partial,needs,living room,0.4028,2,True,0.0,0.0,0.0,
lm_choice_smol1.7b,I29:wrong_label,I29,wrong_label,needs,living room,0.3848,2,True,0.0,0.0,0.0,
lm_choice_smol1.7b,I29:wrong_pick,I29,wrong_pick,needs,living room,0.3834,2,True,0.0,0.0,0.0,
lm_choice_smol1.7b,I30:clean,I30,clean,needs,living room,0.4028,1,True,0.0,0.0,0.0,
lm_choice_smol1.7b,I30:partial,I30,partial,needs,living room,0.38,1,True,0.0,0.0,0.0,
lm_choice_smol1.7b,I30:wrong_label,I30,wrong_label,needs,living room,0.4609,1,False,0.0,0.0,0.0,
lm_choice_smol1.7b,I30:wrong_pick,I30,wrong_pick,needs,living room,0.434,1,False,0.0,0.0,0.0,
lm_choice_smol1.7b,I31:clean,I31,clean,needs,living room,0.4377,1,True,0.0,0.0,0.0,
lm_choice_smol1.7b,I31:partial,I31,partial,needs,living room,0.4523,1,True,0.0,0.0,0.0,
lm_choice_smol1.7b,I31:wrong_label,I31,wrong_label,needs,living room,0.4291,1,False,0.0,0.0,0.0,
lm_choice_smol1.7b,I31:wrong_pick,I31,wrong_pick,needs,living room,0.4342,1,False,0.0,0.0,0.0,
lm_choice_smol1.7b,I32:clean,I32,clean,needs,living room,0.4701,1,True,0.0,0.0,0.0,
lm_choice_smol1.7b,I32:partial,I32,partial,needs,living room,0.5039,1,True,0.0,0.0,0.0,
lm_choice_smol1.7b,I32:wrong_label,I32,wrong_label,needs,living room,0.3885,1,False,0.0,0.0,0.0,
lm_choice_smol1.7b,I32:wrong_pick,I32,wrong_pick,needs,living room,0.3879,1,False,0.0,0.0,0.0,
lm_choice_smol1.7b,I33:clean,I33,clean,needs,bedroom,0.3907,1,True,0.0,0.0,0.0,
lm_choice_smol1.7b,I33:partial,I33,partial,needs,bedroom,0.3821,1,True,0.0,0.0,0.0,
lm_choice_smol1.7b,I33:wrong_label,I33,wrong_label,needs,bedroom,0.3759,1,False,0.0,0.0,0.0,
lm_choice_smol1.7b,I33:wrong_pick,I33,wrong_pick,needs,bedroom,0.3869,1,False,0.0,0.0,0.0,
lm_choice_smol1.7b,I34:clean,I34,clean,information,bedroom,0.3837,1,True,0.0,0.0,0.0,
lm_choice_smol1.7b,I34:partial,I34,partial,information,bedroom,0.3744,1,True,0.0,0.0,0.0,
lm_choice_smol1.7b,I34:wrong_label,I34,wrong_label,information,bedroom,0.3877,1,False,0.0,0.0,0.0,
lm_choice_smol1.7b,I34:wrong_pick,I34,wrong_pick,information,bedroom,0.3784,1,False,0.0,0.0,0.0,
lm_choice_smol1.7b,I35:clean,I35,clean,information,living room,0.3941,1,True,0.0,0.0,0.0,
lm_choice_smol1.7b,I35:partial,I35,partial,information,living room,0.3858,1,True,0.0,0.0,0.0,
lm_choice_smol1.7b,I35:wrong_label,I35,wrong_label,information,living room,0.3744,1,False,0.0,0.0,0.0,
lm_choice_smol1.7b,I35:wrong_pick,I35,wrong_pick,information,living room,0.3865,1,False,0.0,0.0,0.0,
lm_choice_smol1.7b,I36:clean,I36,clean,information,bedroom,0.3773,1,True,0.0,0.0,0.0,
lm_choice_smol1.7b,I36:partial,I36,partial,information,bedroom,0.3726,1,True,0.0,0.0,0.0,
lm_choice_smol1.7b,I36:wrong_label,I36,wrong_label,information,bedroom,0.3791,1,False,0.0,0.0,0.0,
lm_choice_smol1.7b,I36:wrong_pick,I36,wrong_pick,information,bedroom,0.3733,1,False,0.0,0.0,0.0,
lm_choice_smol1.7b,I37:clean,I37,clean,information,bedroom,0.3782,2,True,0.0,0.0,0.0,
lm_choice_smol1.7b,I37:partial,I37,partial,information,bedroom,0.3749,2,True,0.0,0.0,0.0,
lm_choice_smol1.7b,I37:wrong_label,I37,wrong_label,information,bedroom,0.3773,2,True,0.0,0.0,0.0,
lm_choice_smol1.7b,I37:wrong_pick,I37,wrong_pick,information,bedroom,0.3922,2,True,0.0,0.0,0.0,
lm_choice_smol1.7b,I38:clean,I38,clean,information,living room,0.3725,1,True,0.0,0.0,0.0,
lm_choice_smol1.7b,I38:partial,I38,partial,information,living room,0.3756,1,True,0.0,0.0,0.0,
lm_choice_smol1.7b,I38:wrong_label,I38,wrong_label,information,living room,0.3759,1,False,0.0,0.0,0.0,
lm_choice_smol1.7b,I38:wrong_pick,I38,wrong_pick,information,living room,0.3778,1,False,0.0,0.0,0.0,
lm_choice_smol1.7b,I39:clean,I39,clean,information,bedroom,0.474,1,True,0.0,0.0,0.0,
lm_choice_smol1.7b,I39:partial,I39,partial,information,bedroom,0.4271,1,True,0.0,0.0,0.0,
lm_choice_smol1.7b,I39:wrong_label,I39,wrong_label,information,bedroom,0.4129,1,False,0.0,0.0,0.0,
lm_choice_smol1.7b,I39:wrong_pick,I39,wrong_pick,information,bedroom,0.4611,1,False,0.0,0.0,0.0,
lm_choice_smol1.7b,I40:clean,I40,clean,information,living room,0.4262,1,True,0.0,0.0,0.0,
lm_choice_smol1.7b,I40:partial,I40,partial,information,living room,0.4402,1,True,0.0,0.0,0.0,
lm_choice_smol1.7b,I40:wrong_label,I40,wrong_label,information,living room,0.4549,1,False,0.0,0.0,0.0,
lm_choice_smol1.7b,I40:wrong_pick,I40,wrong_pick,information,living room,0.4552,1,False,0.0,0.0,0.0,
lm_choice_smol1.7b,I41:clean,I41,clean,information,kitchen,0.4471,1,True,0.0,0.0,0.0,
lm_choice_smol1.7b,I41:partial,I41,partial,information,kitchen,0.3745,1,True,0.0,0.0,0.0,
lm_choice_smol1.7b,I41:wrong_label,I41,wrong_label,information,kitchen,0.4075,1,False,0.0,0.0,0.0,
lm_choice_smol1.7b,I41:wrong_pick,I41,wrong_pick,information,kitchen,0.3764,1,False,0.0,0.0,0.0,
lm_choice_smol1.7b,I42:clean,I42,clean,information,bedroom,0.3855,1,True,0.0,0.0,0.0,
lm_choice_smol1.7b,I42:partial,I42,partial,information,bedroom,0.3784,1,True,0.0,0.0,0.0,
lm_choice_smol1.7b,I42:wrong_label,I42,wrong_label,information,bedroom,0.3765,1,False,0.0,0.0,0.0,
lm_choice_smol1.7b,I42:wrong_pick,I42,wrong_pick,information,bedroom,0.3839,1,False,0.0,0.0,0.0,
lm_choice_smol1.7b,I43:clean,I43,clean,information,dining,0.3741,1,True,0.0,0.0,0.0,
lm_choice_smol1.7b,I43:partial,I43,partial,information,dining,0.3787,1,True,0.0,0.0,0.0,
lm_choice_smol1.7b,I43:wrong_label,I43,wrong_label,information,dining,0.404,1,False,0.0,0.0,0.0,
lm_choice_smol1.7b,I43:wrong_pick,I43,wrong_pick,information,dining,0.3766,1,False,0.0,0.0,0.0,
lm_choice_smol1.7b,I44:clean,I44,clean,social,bedroom,0.3821,1,True,0.0,0.0,0.0,
lm_choice_smol1.7b,I44:partial,I44,partial,social,bedroom,0.3798,1,True,0.0,0.0,0.0,
lm_choice_smol1.7b,I44:wrong_label,I44,wrong_label,social,bedroom,0.3698,1,False,0.0,0.0,0.0,
lm_choice_smol1.7b,I44:wrong_pick,I44,wrong_pick,social,bedroom,0.3719,1,False,0.0,0.0,0.0,
lm_choice_smol1.7b,I45:clean,I45,clean,social,living room,0.3759,1,True,0.0,0.0,0.0,
lm_choice_smol1.7b,I45:partial,I45,partial,social,living room,0.3867,1,True,0.0,0.0,0.0,
lm_choice_smol1.7b,I45:wrong_label,I45,wrong_label,social,living room,0.3844,1,False,0.0,0.0,0.0,
lm_choice_smol1.7b,I45:wrong_pick,I45,wrong_pick,social,living room,0.3724,1,False,0.0,0.0,0.0,
lm_choice_smol1.7b,I46:clean,I46,clean,social,living room,0.3749,1,True,0.0,0.0,0.0,
lm_choice_smol1.7b,I46:partial,I46,partial,social,living room,0.3718,1,True,0.0,0.0,0.0,
lm_choice_smol1.7b,I46:wrong_label,I46,wrong_label,social,living room,0.3682,1,False,0.0,0.0,0.0,
lm_choice_smol1.7b,I46:wrong_pick,I46,wrong_pick,social,living room,0.3714,1,False,0.0,0.0,0.0,
lm_choice_smol1.7b,I47:clean,I47,clean,social,bedroom,0.3719,1,True,0.0,0.0,0.0,
lm_choice_smol1.7b,I47:partial,I47,partial,social,bedroom,0.3779,1,True,0.0,0.0,0.0,
lm_choice_smol1.7b,I47:wrong_label,I47,wrong_label,social,bedroom,0.4033,1,False,0.0,0.0,0.0,
lm_choice_smol1.7b,I47:wrong_pick,I47,wrong_pick,social,bedroom,0.4374,1,False,0.0,0.0,0.0,
lm_choice_smol1.7b,I48:clean,I48,clean,social,living room,0.4218,1,True,0.0,0.0,0.0,
lm_choice_smol1.7b,I48:partial,I48,partial,social,living room,0.4594,1,True,0.0,0.0,0.0,
lm_choice_smol1.7b,I48:wrong_label,I48,wrong_label,social,living room,0.4314,1,False,0.0,0.0,0.0,
lm_choice_smol1.7b,I48:wrong_pick,I48,wrong_pick,social,living room,0.4515,1,False,0.0,0.0,0.0,
lm_choice_smol1.7b,I49:clean,I49,clean,social,dining,0.4217,1,True,0.0,0.0,0.0,
lm_choice_smol1.7b,I49:partial,I49,partial,social,dining,0.4342,1,True,0.0,0.0,0.0,
lm_choice_smol1.7b,I49:wrong_label,I49,wrong_label,social,dining,0.4957,1,False,0.0,0.0,0.0,
lm_choice_smol1.7b,I49:wrong_pick,I49,wrong_pick,social,dining,0.4015,1,False,0.0,0.0,0.0,
lm_choice_smol1.7b,I50:clean,I50,clean,social,living room,0.3925,1,True,0.0,0.0,0.0,
lm_choice_smol1.7b,I50:partial,I50,partial,social,living room,0.3774,1,True,0.0,0.0,0.0,
lm_choice_smol1.7b,I50:wrong_label,I50,wrong_label,social,living room,0.3785,1,False,0.0,0.0,0.0,
lm_choice_smol1.7b,I50:wrong_pick,I50,wrong_pick,social,living room,0.4042,1,False,0.0,0.0,0.0,
lm_choice_smol1.7b,I51:clean,I51,clean,social,bedroom,0.3839,1,True,0.0,0.0,0.0,
lm_choice_smol1.7b,I51:partial,I51,partial,social,bedroom,0.387,1,True,0.0,0.0,0.0,
lm_choice_smol1.7b,I51:wrong_label,I51,wrong_label,social,bedroom,0.3741,1,False,0.0,0.0,0.0,
lm_choice_smol1.7b,I51:wrong_pick,I51,wrong_pick,social,bedroom,0.3734,1,False,0.0,0.0,0.0,
lm_choice_smol1.7b,I52:clean,I52,clean,social,living room,0.3912,1,True,0.0,0.0,0.0,
lm_choice_smol1.7b,I52:partial,I52,partial,social,living room,0.3737,1,True,0.0,0.0,0.0,
lm_choice_smol1.7b,I52:wrong_label,I52,wrong_label,social,living room,0.3802,1,False,0.0,0.0,0.0,
lm_choice_smol1.7b,I52:wrong_pick,I52,wrong_pick,social,living room,0.384,1,False,0.0,0.0,0.0,
lm_choice_smol1.7b,I53:clean,I53,clean,social,bedroom,0.376,1,True,0.0,0.0,0.0,
lm_choice_smol1.7b,I53:partial,I53,partial,social,bedroom,0.4006,1,True,0.0,0.0,0.0,
lm_choice_smol1.7b,I53:wrong_label,I53,wrong_label,social,bedroom,0.4282,1,False,0.0,0.0,0.0,
lm_choice_smol1.7b,I53:wrong_pick,I53,wrong_pick,social,bedroom,0.3746,1,False,0.0,0.0,0.0,
lm_choice_smol1.7b,I54:clean,I54,clean,etiquette,dining,0.3887,1,True,0.0,0.0,0.0,
lm_choice_smol1.7b,I54:partial,I54,partial,etiquette,dining,0.3754,1,True,0.0,0.0,0.0,
lm_choice_smol1.7b,I54:wrong_label,I54,wrong_label,etiquette,dining,0.3745,1,False,0.0,0.0,0.0,
lm_choice_smol1.7b,I54:wrong_pick,I54,wrong_pick,etiquette,dining,0.375,1,False,0.0,0.0,0.0,
lm_choice_smol1.7b,I55:clean,I55,clean,etiquette,living room,0.3745,3,True,0.0,0.0,0.0,
lm_choice_smol1.7b,I55:partial,I55,partial,etiquette,living room,0.4009,3,True,0.0,0.0,0.0,
lm_choice_smol1.7b,I55:wrong_label,I55,wrong_label,etiquette,living room,0.376,3,True,0.0,0.0,0.0,
lm_choice_smol1.7b,I55:wrong_pick,I55,wrong_pick,etiquette,living room,0.3791,3,True,0.0,0.0,0.0,
lm_choice_smol1.7b,I56:clean,I56,clean,etiquette,dining,0.4305,1,True,0.0,0.0,0.0,
lm_choice_smol1.7b,I56:partial,I56,partial,etiquette,dining,0.4274,1,True,0.0,0.0,0.0,
lm_choice_smol1.7b,I56:wrong_label,I56,wrong_label,etiquette,dining,0.4323,1,False,0.0,0.0,0.0,
lm_choice_smol1.7b,I56:wrong_pick,I56,wrong_pick,etiquette,dining,0.4761,1,False,0.0,0.0,0.0,
lm_choice_smol1.7b,I57:clean,I57,clean,etiquette,bedroom,0.4452,1,True,0.0,0.0,0.0,
lm_choice_smol1.7b,I57:partial,I57,partial,etiquette,bedroom,0.4324,1,True,0.0,0.0,0.0,
lm_choice_smol1.7b,I57:wrong_label,I57,wrong_label,etiquette,bedroom,0.4199,1,False,0.0,0.0,0.0,
lm_choice_smol1.7b,I57:wrong_pick,I57,wrong_pick,etiquette,bedroom,0.4442,1,False,0.0,0.0,0.0,
lm_choice_smol1.7b,I58:clean,I58,clean,etiquette,living room,0.4916,1,True,0.0,0.0,0.0,
lm_choice_smol1.7b,I58:partial,I58,partial,etiquette,living room,0.376,1,True,0.0,0.0,0.0,
lm_choice_smol1.7b,I58:wrong_label,I58,wrong_label,etiquette,living room,0.3751,1,False,0.0,0.0,0.0,
lm_choice_smol1.7b,I58:wrong_pick,I58,wrong_pick,etiquette,living room,0.376,1,False,0.0,0.0,0.0,
lm_choice_smol1.7b,I59:clean,I59,clean,etiquette,dining,0.3948,2,True,0.0,0.0,0.0,
lm_choice_smol1.7b,I59:partial,I59,partial,etiquette,dining,0.3775,2,True,0.0,0.0,0.0,
lm_choice_smol1.7b,I59:wrong_label,I59,wrong_label,etiquette,dining,0.389,2,True,0.0,0.0,0.0,
lm_choice_smol1.7b,I59:wrong_pick,I59,wrong_pick,etiquette,dining,0.3943,2,True,0.0,0.0,0.0,
lm_choice_smol1.7b,I60:clean,I60,clean,etiquette,bedroom,0.3802,2,True,0.0,0.0,0.0,
lm_choice_smol1.7b,I60:partial,I60,partial,etiquette,bedroom,0.3813,2,True,0.0,0.0,0.0,
lm_choice_smol1.7b,I60:wrong_label,I60,wrong_label,etiquette,bedroom,0.4187,2,True,0.0,0.0,0.0,
lm_choice_smol1.7b,I60:wrong_pick,I60,wrong_pick,etiquette,bedroom,0.3836,2,True,0.0,0.0,0.0,
lm_gen_phi3.5,I01:clean,I01,clean,needs,bedroom,1.1408,2,True,1.0,1.0,1.0,1.0
lm_gen_phi3.5,I01:partial,I01,partial,needs,bedroom,0.5079,2,True,1.0,1.0,1.0,1.0
lm_gen_phi3.5,I01:wrong_label,I01,wrong_label,needs,bedroom,0.7298,2,True,0.0,0.0,1.0,4.0
lm_gen_phi3.5,I01:wrong_pick,I01,wrong_pick,needs,bedroom,0.8115,2,True,1.0,1.0,1.0,1.0
lm_gen_phi3.5,I02:clean,I02,clean,needs,bedroom,0.5453,2,True,1.0,1.0,1.0,1.0
lm_gen_phi3.5,I02:partial,I02,partial,needs,bedroom,0.4642,2,True,1.0,1.0,1.0,1.0
lm_gen_phi3.5,I02:wrong_label,I02,wrong_label,needs,bedroom,0.912,2,True,0.0,0.0,0.0,
lm_gen_phi3.5,I02:wrong_pick,I02,wrong_pick,needs,bedroom,0.5292,2,True,0.0,1.0,1.0,2.0
lm_gen_phi3.5,I03:clean,I03,clean,needs,bedroom,0.4921,1,True,1.0,1.0,1.0,1.0
lm_gen_phi3.5,I03:partial,I03,partial,needs,bedroom,0.4819,1,True,1.0,1.0,1.0,1.0
lm_gen_phi3.5,I03:wrong_label,I03,wrong_label,needs,bedroom,0.2904,1,False,0.0,0.0,0.0,
lm_gen_phi3.5,I03:wrong_pick,I03,wrong_pick,needs,bedroom,0.3588,1,False,0.0,0.0,0.0,9.0
lm_gen_phi3.5,I04:clean,I04,clean,needs,bedroom,0.3871,1,True,1.0,1.0,1.0,1.0
lm_gen_phi3.5,I04:partial,I04,partial,needs,bedroom,0.3645,1,True,1.0,1.0,1.0,1.0
lm_gen_phi3.5,I04:wrong_label,I04,wrong_label,needs,bedroom,0.5266,1,False,0.0,0.0,0.0,
lm_gen_phi3.5,I04:wrong_pick,I04,wrong_pick,needs,bedroom,0.363,1,False,0.0,0.0,0.0,
lm_gen_phi3.5,I05:clean,I05,clean,needs,bedroom,0.4329,1,True,1.0,1.0,1.0,1.0
lm_gen_phi3.5,I05:partial,I05,partial,needs,bedroom,0.4483,1,True,1.0,1.0,1.0,1.0
lm_gen_phi3.5,I05:wrong_label,I05,wrong_label,needs,bedroom,0.4419,1,False,0.0,0.0,0.0,
lm_gen_phi3.5,I05:wrong_pick,I05,wrong_pick,needs,bedroom,0.5575,1,False,0.0,0.0,0.0,
lm_gen_phi3.5,I06:clean,I06,clean,needs,bedroom,0.6411,3,True,0.0,0.0,1.0,4.0
lm_gen_phi3.5,I06:partial,I06,partial,needs,bedroom,0.3793,3,True,0.0,0.0,0.0,7.0
lm_gen_phi3.5,I06:wrong_label,I06,wrong_label,needs,bedroom,0.6649,3,True,1.0,1.0,1.0,1.0
lm_gen_phi3.5,I06:wrong_pick,I06,wrong_pick,needs,bedroom,0.6394,3,True,1.0,1.0,1.0,1.0
lm_gen_phi3.5,I07:clean,I07,clean,needs,bedroom,0.4028,1,True,1.0,1.0,1.0,1.0
lm_gen_phi3.5,I07:partial,I07,partial,needs,bedroom,0.4161,1,True,1.0,1.0,1.0,1.0
lm_gen_phi3.5,I07:wrong_label,I07,wrong_label,needs,bedroom,0.4024,1,False,0.0,0.0,0.0,8.0
lm_gen_phi3.5,I07:wrong_pick,I07,wrong_pick,needs,bedroom,0.2932,1,False,0.0,0.0,0.0,
lm_gen_phi3.5,I08:clean,I08,clean,needs,bedroom,0.3408,1,True,1.0,1.0,1.0,1.0
lm_gen_phi3.5,I08:partial,I08,partial,needs,bedroom,0.3994,1,True,1.0,1.0,1.0,1.0
lm_gen_phi3.5,I08:wrong_label,I08,wrong_label,needs,bedroom,0.5582,1,False,0.0,0.0,0.0,
lm_gen_phi3.5,I08:wrong_pick,I08,wrong_pick,needs,bedroom,0.6305,1,False,0.0,0.0,0.0,
lm_gen_phi3.5,I09:clean,I09,clean,needs,bedroom,0.4164,1,True,0.0,1.0,1.0,2.0
lm_gen_phi3.5,I09:partial,I09,partial,needs,bedroom,0.3833,1,True,0.0,1.0,1.0,2.0
lm_gen_phi3.5,I09:wrong_label,I09,wrong_label,needs,bedroom,0.7351,1,False,0.0,0.0,0.0,8.0
lm_gen_phi3.5,I09:wrong_pick,I09,wrong_pick,needs,bedroom,0.7172,1,False,0.0,0.0,0.0,9.0
lm_gen_phi3.5,I10:clean,I10,clean,needs,bedroom,0.4202,1,True,1.0,1.0,1.0,1.0
lm_gen_phi3.5,I10:partial,I10,partial,needs,bedroom,0.4089,1,True,1.0,1.0,1.0,1.0
lm_gen_phi3.5,I10:wrong_label,I10,wrong_label,needs,bedroom,0.3364,1,False,0.0,0.0,0.0,
lm_gen_phi3.5,I10:wrong_pick,I10,wrong_pick,needs,bedroom,0.4537,1,False,0.0,0.0,0.0,
lm_gen_phi3.5,I11:clean,I11,clean,needs,bedroom,0.5289,1,True,1.0,1.0,1.0,1.0
lm_gen_phi3.5,I11:partial,I11,partial,needs,bedroom,0.5344,1,True,1.0,1.0,1.0,1.0
lm_gen_phi3.5,I11:wrong_label,I11,wrong_label,needs,bedroom,0.3359,1,False,0.0,0.0,0.0,
lm_gen_phi3.5,I11:wrong_pick,I11,wrong_pick,needs,bedroom,0.4634,1,False,0.0,0.0,0.0,
lm_gen_phi3.5,I12:clean,I12,clean,needs,bedroom,0.6846,3,True,1.0,1.0,1.0,1.0
lm_gen_phi3.5,I12:partial,I12,partial,needs,bedroom,0.4234,3,True,1.0,1.0,1.0,1.0
lm_gen_phi3.5,I12:wrong_label,I12,wrong_label,needs,bedroom,1.1587,3,True,1.0,1.0,1.0,1.0
lm_gen_phi3.5,I12:wrong_pick,I12,wrong_pick,needs,bedroom,0.8867,3,True,1.0,1.0,1.0,1.0
lm_gen_phi3.5,I13:clean,I13,clean,needs,bathroom,0.3814,3,True,1.0,1.0,1.0,1.0
lm_gen_phi3.5,I13:partial,I13,partial,needs,bathroom,0.3843,3,True,1.0,1.0,1.0,1.0
lm_gen_phi3.5,I13:wrong_label,I13,wrong_label,needs,bathroom,0.5779,3,True,1.0,1.0,1.0,1.0
lm_gen_phi3.5,I13:wrong_pick,I13,wrong_pick,needs,bathroom,0.3785,3,True,1.0,1.0,1.0,1.0
lm_gen_phi3.5,I14:clean,I14,clean,needs,bathroom,1.0442,3,True,1.0,1.0,1.0,1.0
lm_gen_phi3.5,I14:partial,I14,partial,needs,bathroom,0.4257,3,True,1.0,1.0,1.0,1.0
lm_gen_phi3.5,I14:wrong_label,I14,wrong_label,needs,bathroom,1.1426,3,True,0.0,1.0,1.0,2.0
lm_gen_phi3.5,I14:wrong_pick,I14,wrong_pick,needs,bathroom,1.1206,3,True,0.0,1.0,1.0,2.0
lm_gen_phi3.5,I15:clean,I15,clean,needs,bathroom,0.4317,1,True,0.0,1.0,1.0,3.0
lm_gen_phi3.5,I15:partial,I15,partial,needs,bathroom,0.464,1,True,0.0,1.0,1.0,3.0
lm_gen_phi3.5,I15:wrong_label,I15,wrong_label,needs,bathroom,0.5485,1,False,0.0,0.0,0.0,9.0
lm_gen_phi3.5,I15:wrong_pick,I15,wrong_pick,needs,bathroom,0.2696,1,False,0.0,0.0,0.0,
lm_gen_phi3.5,I16:clean,I16,clean,needs,bathroom,0.5248,2,True,1.0,1.0,1.0,1.0
lm_gen_phi3.5,I16:partial,I16,partial,needs,bathroom,0.2561,2,True,1.0,1.0,1.0,1.0
lm_gen_phi3.5,I16:wrong_label,I16,wrong_label,needs,bathroom,0.5745,2,True,1.0,1.0,1.0,1.0
lm_gen_phi3.5,I16:wrong_pick,I16,wrong_pick,needs,bathroom,0.7928,2,True,1.0,1.0,1.0,1.0
lm_gen_phi3.5,I17:clean,I17,clean,needs,bathroom,0.367,1,True,1.0,1.0,1.0,1.0
lm_gen_phi3.5,I17:partial,I17,partial,needs,bathroom,0.3716,1,True,1.0,1.0,1.0,1.0
lm_gen_phi3.5,I17:wrong_label,I17,wrong_label,needs,bathroom,0.5071,1,False,0.0,0.0,0.0,
lm_gen_phi3.5,I17:wrong_pick,I17,wrong_pick,needs,bathroom,0.3656,1,False,0.0,0.0,0.0,6.0
lm_gen_phi3.5,I18:clean,I18,clean,needs,bathroom,0.4956,1,True,1.0,1.0,1.0,1.0
lm_gen_phi3.5,I18:partial,I18,partial,needs,bathroom,0.4781,1,True,1.0,1.0,1.0,1.0
lm_gen_phi3.5,I18:wrong_label,I18,wrong_label,needs,bathroom,0.5041,1,False,0.0,0.0,0.0,
lm_gen_phi3.5,I18:wrong_pick,I18,wrong_pick,needs,bathroom,0.3645,1,False,0.0,0.0,0.0,
lm_gen_phi3.5,I19:clean,I19,clean,needs,kitchen,0.3687,2,True,1.0,1.0,1.0,1.0
lm_gen_phi3.5,I19:partial,I19,partial,needs,kitchen,0.3791,2,True,1.0,1.0,1.0,1.0
lm_gen_phi3.5,I19:wrong_label,I19,wrong_label,needs,kitchen,0.6685,2,True,1.0,1.0,1.0,1.0
lm_gen_phi3.5,I19:wrong_pick,I19,wrong_pick,needs,kitchen,0.5326,2,True,1.0,1.0,1.0,1.0
lm_gen_phi3.5,I20:clean,I20,clean,needs,kitchen,0.401,2,True,1.0,1.0,1.0,1.0
lm_gen_phi3.5,I20:partial,I20,partial,needs,kitchen,0.2989,2,True,1.0,1.0,1.0,1.0
lm_gen_phi3.5,I20:wrong_label,I20,wrong_label,needs,kitchen,0.4022,2,True,1.0,1.0,1.0,1.0
lm_gen_phi3.5,I20:wrong_pick,I20,wrong_pick,needs,kitchen,0.4426,2,True,1.0,1.0,1.0,1.0
lm_gen_phi3.5,I21:clean,I21,clean,needs,kitchen,0.341,1,True,1.0,1.0,1.0,1.0
lm_gen_phi3.5,I21:partial,I21,partial,needs,kitchen,0.3891,1,True,1.0,1.0,1.0,1.0
lm_gen_phi3.5,I21:wrong_label,I21,wrong_label,needs,kitchen,0.4514,1,False,0.0,1.0,1.0,3.0
lm_gen_phi3.5,I21:wrong_pick,I21,wrong_pick,needs,kitchen,0.3444,1,False,0.0,0.0,0.0,
lm_gen_phi3.5,I22:clean,I22,clean,needs,kitchen,0.7644,2,True,1.0,1.0,1.0,1.0
lm_gen_phi3.5,I22:partial,I22,partial,needs,kitchen,0.5217,2,True,1.0,1.0,1.0,1.0
lm_gen_phi3.5,I22:wrong_label,I22,wrong_label,needs,kitchen,0.8336,2,True,0.0,1.0,1.0,3.0
lm_gen_phi3.5,I22:wrong_pick,I22,wrong_pick,needs,kitchen,0.6918,2,True,1.0,1.0,1.0,1.0
lm_gen_phi3.5,I23:clean,I23,clean,needs,kitchen,0.4454,2,True,1.0,1.0,1.0,1.0
lm_gen_phi3.5,I23:partial,I23,partial,needs,kitchen,0.2507,2,True,0.0,1.0,1.0,3.0
lm_gen_phi3.5,I23:wrong_label,I23,wrong_label,needs,kitchen,0.4371,2,True,0.0,1.0,1.0,2.0
lm_gen_phi3.5,I23:wrong_pick,I23,wrong_pick,needs,kitchen,0.5485,2,True,0.0,1.0,1.0,2.0
lm_gen_phi3.5,I24:clean,I24,clean,needs,dining,0.6662,3,True,0.0,1.0,1.0,2.0
lm_gen_phi3.5,I24:partial,I24,partial,needs,dining,0.4522,3,True,1.0,1.0,1.0,1.0
lm_gen_phi3.5,I24:wrong_label,I24,wrong_label,needs,dining,0.5234,3,True,0.0,1.0,1.0,2.0
lm_gen_phi3.5,I24:wrong_pick,I24,wrong_pick,needs,dining,0.622,3,True,1.0,1.0,1.0,1.0
lm_gen_phi3.5,I25:clean,I25,clean,needs,dining,0.4462,2,True,1.0,1.0,1.0,1.0
lm_gen_phi3.5,I25:partial,I25,partial,needs,dining,0.3667,2,True,1.0,1.0,1.0,1.0
lm_gen_phi3.5,I25:wrong_label,I25,wrong_label,needs,dining,0.6453,2,True,0.0,0.0,0.0,6.0
lm_gen_phi3.5,I25:wrong_pick,I25,wrong_pick,needs,dining,0.5229,2,True,0.0,0.0,1.0,5.0
lm_gen_phi3.5,I26:clean,I26,clean,needs,dining,0.4785,1,True,1.0,1.0,1.0,1.0
lm_gen_phi3.5,I26:partial,I26,partial,needs,dining,0.4794,1,True,1.0,1.0,1.0,1.0
lm_gen_phi3.5,I26:wrong_label,I26,wrong_label,needs,dining,0.3248,1,False,0.0,0.0,0.0,9.0
lm_gen_phi3.5,I26:wrong_pick,I26,wrong_pick,needs,dining,0.373,1,False,0.0,0.0,0.0,
lm_gen_phi3.5,I27:clean,I27,clean,needs,dining,0.4395,1,True,1.0,1.0,1.0,1.0
lm_gen_phi3.5,I27:partial,I27,partial,needs,dining,0.4469,1,True,1.0,1.0,1.0,1.0
lm_gen_phi3.5,I27:wrong_label,I27,wrong_label,needs,dining,0.5134,1,False,0.0,0.0,0.0,
lm_gen_phi3.5,I27:wrong_pick,I27,wrong_pick,needs,dining,0.3968,1,False,0.0,0.0,0.0,9.0
lm_gen_phi3.5,I28:clean,I28,clean,needs,living room,0.412,2,True,1.0,1.0,1.0,1.0
lm_gen_phi3.5,I28:partial,I28,partial,needs,living room,0.3546,2,True,1.0,1.0,1.0,1.0
lm_gen_phi3.5,I28:wrong_label,I28,wrong_label,needs,living room,0.5372,2,True,1.0,1.0,1.0,1.0
lm_gen_phi3.5,I28:wrong_pick,I28,wrong_pick,needs,living room,0.6744,2,True,1.0,1.0,1.0,1.0
lm_gen_phi3.5,I29:clean,I29,clean,needs,living room,0.7781,2,True,1.0,1.0,1.0,1.0
lm_gen_phi3.5,I29:partial,I29,partial,needs,living room,0.5389,2,True,1.0,1.0,1.0,1.0
lm_gen_phi3.5,I29:wrong_label,I29,wrong_label,needs,living room,0.854,2,True,1.0,1.0,1.0,1.0
lm_gen_phi3.5,I29:wrong_pick,I29,wrong_pick,needs,living room,0.5589,2,True,1.0,1.0,1.0,1.0
lm_gen_phi3.5,I30:clean,I30,clean,needs,living room,0.6259,1,True,1.0,1.0,1.0,1.0
lm_gen_phi3.5,I30:partial,I30,partial,needs,living room,0.6261,1,True,1.0,1.0,1.0,1.0
lm_gen_phi3.5,I30:wrong_label,I30,wrong_label,needs,living room,0.559,1,False,0.0,0.0,0.0,
lm_gen_phi3.5,I30:wrong_pick,I30,wrong_pick,needs,living room,0.5968,1,False,0.0,0.0,0.0,
lm_gen_phi3.5,I31:clean,I31,clean,needs,living room,0.5659,1,True,1.0,1.0,1.0,1.0
lm_gen_phi3.5,I31:partial,I31,partial,needs,living room,0.5423,1,True,1.0,1.0,1.0,1.0
lm_gen_phi3.5,I31:wrong_label,I31,wrong_label,needs,living room,0.5031,1,False,0.0,0.0,0.0,
lm_gen_phi3.5,I31:wrong_pick,I31,wrong_pick,needs,living room,0.4365,1,False,0.0,0.0,0.0,8.0
lm_gen_phi3.5,I32:clean,I32,clean,needs,living room,0.3763,1,True,1.0,1.0,1.0,1.0
lm_gen_phi3.5,I32:partial,I32,partial,needs,living room,0.3558,1,True,1.0,1.0,1.0,1.0
lm_gen_phi3.5,I32:wrong_label,I32,wrong_label,needs,living room,0.4724,1,False,0.0,0.0,0.0,
lm_gen_phi3.5,I32:wrong_pick,I32,wrong_pick,needs,living room,0.2996,1,False,0.0,0.0,0.0,
lm_gen_phi3.5,I33:clean,I33,clean,needs,bedroom,0.3226,1,True,1.0,1.0,1.0,1.0
lm_gen_phi3.5,I33:partial,I33,partial,needs,bedroom,0.3268,1,True,1.0,1.0,1.0,1.0
lm_gen_phi3.5,I33:wrong_label,I33,wrong_label,needs,bedroom,0.4069,1,False,0.0,0.0,0.0,
lm_gen_phi3.5,I33:wrong_pick,I33,wrong_pick,needs,bedroom,0.2849,1,False,0.0,0.0,0.0,
lm_gen_phi3.5,I34:clean,I34,clean,information,bedroom,0.3712,1,True,1.0,1.0,1.0,1.0
lm_gen_phi3.5,I34:partial,I34,partial,information,bedroom,0.372,1,True,1.0,1.0,1.0,1.0
lm_gen_phi3.5,I34:wrong_label,I34,wrong_label,information,bedroom,0.4321,1,False,0.0,0.0,0.0,
lm_gen_phi3.5,I34:wrong_pick,I34,wrong_pick,information,bedroom,0.3246,1,False,0.0,0.0,0.0,
lm_gen_phi3.5,I35:clean,I35,clean,information,living room,0.6103,1,True,0.0,1.0,1.0,2.0
lm_gen_phi3.5,I35:partial,I35,partial,information,living room,0.5781,1,True,0.0,1.0,1.0,2.0
lm_gen_phi3.5,I35:wrong_label,I35,wrong_label,information,living room,0.4476,1,False,0.0,0.0,0.0,
lm_gen_phi3.5,I35:wrong_pick,I35,wrong_pick,information,living room,0.5661,1,False,0.0,0.0,0.0,
lm_gen_phi3.5,I36:clean,I36,clean,information,bedroom,0.3115,1,True,1.0,1.0,1.0,1.0
lm_gen_phi3.5,I36:partial,I36,partial,information,bedroom,0.2794,1,True,1.0,1.0,1.0,1.0
lm_gen_phi3.5,I36:wrong_label,I36,wrong_label,information,bedroom,0.5524,1,False,0.0,0.0,0.0,
lm_gen_phi3.5,I36:wrong_pick,I36,wrong_pick,information,bedroom,0.5632,1,False,0.0,0.0,0.0,
lm_gen_phi3.5,I37:clean,I37,clean,information,bedroom,0.556,2,True,1.0,1.0,1.0,1.0
lm_gen_phi3.5,I37:partial,I37,partial,information,bedroom,0.5089,2,True,1.0,1.0,1.0,1.0
lm_gen_phi3.5,I37:wrong_label,I37,wrong_label,information,bedroom,0.7149,2,True,0.0,1.0,1.0,2.0
lm_gen_phi3.5,I37:wrong_pick,I37,wrong_pick,information,bedroom,0.6199,2,True,0.0,0.0,0.0,8.0
lm_gen_phi3.5,I38:clean,I38,clean,information,living room,0.5189,1,True,1.0,1.0,1.0,1.0
lm_gen_phi3.5,I38:partial,I38,partial,information,living room,0.5084,1,True,1.0,1.0,1.0,1.0
lm_gen_phi3.5,I38:wrong_label,I38,wrong_label,information,living room,0.4036,1,False,0.0,0.0,0.0,
lm_gen_phi3.5,I38:wrong_pick,I38,wrong_pick,information,living room,0.3243,1,False,0.0,0.0,0.0,
lm_gen_phi3.5,I39:clean,I39,clean,information,bedroom,0.3564,1,True,1.0,1.0,1.0,1.0
lm_gen_phi3.5,I39:partial,I39,partial,information,bedroom,0.3741,1,True,1.0,1.0,1.0,1.0
lm_gen_phi3.5,I39:wrong_label,I39,wrong_label,information,bedroom,0.3185,1,False,0.0,0.0,0.0,
lm_gen_phi3.5,I39:wrong_pick,I39,wrong_pick,information,bedroom,0.435,1,False,0.0,0.0,0.0,
lm_gen_phi3.5,I40:clean,I40,clean,information,living room,0.3582,1,True,1.0,1.0,1.0,1.0
lm_gen_phi3.5,I40:partial,I40,partial,information,living room,0.3601,1,True,1.0,1.0,1.0,1.0
lm_gen_phi3.5,I40:wrong_label,I40,wrong_label,information,living room,0.2895,1,False,0.0,0.0,0.0,
lm_gen_phi3.5,I40:wrong_pick,I40,wrong_pick,information,living room,0.6194,1,False,0.0,0.0,0.0,
lm_gen_phi3.5,I41:clean,I41,clean,information,kitchen,0.4451,1,True,1.0,1.0,1.0,1.0
lm_gen_phi3.5,I41:partial,I41,partial,information,kitchen,0.436,1,True,1.0,1.0,1.0,1.0
lm_gen_phi3.5,I41:wrong_label,I41,wrong_label,information,kitchen,0.2855,1,False,0.0,0.0,0.0,
lm_gen_phi3.5,I41:wrong_pick,I41,wrong_pick,information,kitchen,0.4645,1,False,0.0,0.0,0.0,
lm_gen_phi3.5,I42:clean,I42,clean,information,bedroom,0.3645,1,True,1.0,1.0,1.0,1.0
lm_gen_phi3.5,I42:partial,I42,partial,information,bedroom,0.3573,1,True,1.0,1.0,1.0,1.0
lm_gen_phi3.5,I42:wrong_label,I42,wrong_label,information,bedroom,0.5665,1,False,0.0,0.0,0.0,
lm_gen_phi3.5,I42:wrong_pick,I42,wrong_pick,information,bedroom,0.5541,1,False,0.0,0.0,0.0,
lm_gen_phi3.5,I43:clean,I43,clean,information,dining,0.3957,1,True,1.0,1.0,1.0,1.0
lm_gen_phi3.5,I43:partial,I43,partial,information,dining,0.4362,1,True,1.0,1.0,1.0,1.0
lm_gen_phi3.5,I43:wrong_label,I43,wrong_label,information,dining,0.5959,1,False,0.0,0.0,0.0,
lm_gen_phi3.5,I43:wrong_pick,I43,wrong_pick,information,dining,0.5488,1,False,0.0,0.0,0.0,
lm_gen_phi3.5,I44:clean,I44,clean,social,bedroom,0.3846,1,True,1.0,1.0,1.0,1.0
lm_gen_phi3.5,I44:partial,I44,partial,social,bedroom,0.3755,1,True,1.0,1.0,1.0,1.0
lm_gen_phi3.5,I44:wrong_label,I44,wrong_label,social,bedroom,0.4354,1,False,0.0,0.0,1.0,5.0
lm_gen_phi3.5,I44:wrong_pick,I44,wrong_pick,social,bedroom,0.5211,1,False,0.0,0.0,0.0,
lm_gen_phi3.5,I45:clean,I45,clean,social,living room,0.5136,1,True,1.0,1.0,1.0,1.0
lm_gen_phi3.5,I45:partial,I45,partial,social,living room,0.527,1,True,1.0,1.0,1.0,1.0
lm_gen_phi3.5,I45:wrong_label,I45,wrong_label,social,living room,0.4,1,False,0.0,0.0,0.0,
lm_gen_phi3.5,I45:wrong_pick,I45,wrong_pick,social,living room,0.5987,1,False,0.0,0.0,0.0,
lm_gen_phi3.5,I46:clean,I46,clean,social,living room,0.2483,1,True,1.0,1.0,1.0,1.0
lm_gen_phi3.5,I46:partial,I46,partial,social,living room,0.2533,1,True,1.0,1.0,1.0,1.0
lm_gen_phi3.5,I46:wrong_label,I46,wrong_label,social,living room,0.4098,1,False,0.0,0.0,0.0,7.0
lm_gen_phi3.5,I46:wrong_pick,I46,wrong_pick,social,living room,0.5133,1,False,0.0,0.0,0.0,
lm_gen_phi3.5,I47:clean,I47,clean,social,bedroom,0.3437,1,True,0.0,1.0,1.0,2.0
lm_gen_phi3.5,I47:partial,I47,partial,social,bedroom,0.3226,1,True,0.0,1.0,1.0,2.0
lm_gen_phi3.5,I47:wrong_label,I47,wrong_label,social,bedroom,0.3989,1,False,0.0,0.0,0.0,
lm_gen_phi3.5,I47:wrong_pick,I47,wrong_pick,social,bedroom,0.4465,1,False,0.0,0.0,0.0,
lm_gen_phi3.5,I48:clean,I48,clean,social,living room,0.5478,1,True,1.0,1.0,1.0,1.0
lm_gen_phi3.5,I48:partial,I48,partial,social,living room,0.5572,1,True,1.0,1.0,1.0,1.0
lm_gen_phi3.5,I48:wrong_label,I48,wrong_label,social,living room,0.3648,1,False,0.0,0.0,0.0,
lm_gen_phi3.5,I48:wrong_pick,I48,wrong_pick,social,living room,0.3601,1,False,0.0,0.0,0.0,
lm_gen_phi3.5,I49:clean,I49,clean,social,dining,0.3631,1,True,1.0,1.0,1.0,1.0
lm_gen_phi3.5,I49:partial,I49,partial,social,dining,0.3694,1,True,1.0,1.0,1.0,1.0
lm_gen_phi3.5,I49:wrong_label,I49,wrong_label,social,dining,0.5588,1,False,0.0,0.0,0.0,
lm_gen_phi3.5,I49:wrong_pick,I49,wrong_pick,social,dining,0.42,1,False,0.0,1.0,1.0,3.0
lm_gen_phi3.5,I50:clean,I50,clean,social,living room,0.4006,1,True,1.0,1.0,1.0,1.0
lm_gen_phi3.5,I50:partial,I50,partial,social,living room,0.5136,1,True,1.0,1.0,1.0,1.0
lm_gen_phi3.5,I50:wrong_label,I50,wrong_label,social,living room,0.4735,1,False,0.0,0.0,0.0,
lm_gen_phi3.5,I50:wrong_pick,I50,wrong_pick,social,living room,0.4754,1,False,0.0,1.0,1.0,2.0
lm_gen_phi3.5,I51:clean,I51,clean,social,bedroom,0.4487,1,True,1.0,1.0,1.0,1.0
lm_gen_phi3.5,I51:partial,I51,partial,social,bedroom,0.4276,1,True,1.0,1.0,1.0,1.0
lm_gen_phi3.5,I51:wrong_label,I51,wrong_label,social,bedroom,0.5349,1,False,0.0,0.0,0.0,
lm_gen_phi3.5,I51:wrong_pick,I51,wrong_pick,social,bedroom,0.5714,1,False,0.0,0.0,0.0,
lm_gen_phi3.5,I52:clean,I52,clean,social,living room,0.4745,1,True,0.0,1.0,1.0,2.0
lm_gen_phi3.5,I52:partial,I52,partial,social,living room,0.4839,1,True,0.0,1.0,1.0,2.0
lm_gen_phi3.5,I52:wrong_label,I52,wrong_label,social,living room,0.4437,1,False,0.0,0.0,0.0,
lm_gen_phi3.5,I52:wrong_pick,I52,wrong_pick,social,living room,0.3994,1,False,0.0,0.0,0.0,
lm_gen_phi3.5,I53:clean,I53,clean,social,bedroom,0.4068,1,True,1.0,1.0,1.0,1.0
lm_gen_phi3.5,I53:partial,I53,partial,social,bedroom,0.3963,1,True,1.0,1.0,1.0,1.0
lm_gen_phi3.5,I53:wrong_label,I53,wrong_label,social,bedroom,0.4117,1,False,0.0,0.0,0.0,
lm_gen_phi3.5,I53:wrong_pick,I53,wrong_pick,social,bedroom,0.3611,1,False,0.0,0.0,0.0,
lm_gen_phi3.5,I54:clean,I54,clean,etiquette,dining,0.4368,1,True,0.0,0.0,1.0,5.0
lm_gen_phi3.5,I54:partial,I54,partial,etiquette,dining,0.4525,1,True,0.0,0.0,1.0,5.0
lm_gen_phi3.5,I54:wrong_label,I54,wrong_label,etiquette,dining,0.436,1,False,0.0,0.0,0.0,
lm_gen_phi3.5,I54:wrong_pick,I54,wrong_pick,etiquette,dining,0.3802,1,False,0.0,0.0,0.0,
lm_gen_phi3.5,I55:clean,I55,clean,etiquette,living room,0.441,3,True,0.0,1.0,1.0,2.0
lm_gen_phi3.5,I55:partial,I55,partial,etiquette,living room,0.3629,3,True,0.0,0.0,1.0,4.0
lm_gen_phi3.5,I55:wrong_label,I55,wrong_label,etiquette,living room,0.5266,3,True,1.0,1.0,1.0,1.0
lm_gen_phi3.5,I55:wrong_pick,I55,wrong_pick,etiquette,living room,0.6739,3,True,1.0,1.0,1.0,1.0
lm_gen_phi3.5,I56:clean,I56,clean,etiquette,dining,0.3978,1,True,0.0,0.0,1.0,4.0
lm_gen_phi3.5,I56:partial,I56,partial,etiquette,dining,0.4008,1,True,0.0,0.0,1.0,4.0
lm_gen_phi3.5,I56:wrong_label,I56,wrong_label,etiquette,dining,0.3876,1,False,0.0,0.0,0.0,
lm_gen_phi3.5,I56:wrong_pick,I56,wrong_pick,etiquette,dining,0.2886,1,False,0.0,0.0,0.0,
lm_gen_phi3.5,I57:clean,I57,clean,etiquette,bedroom,0.5973,1,True,0.0,1.0,1.0,2.0
lm_gen_phi3.5,I57:partial,I57,partial,etiquette,bedroom,0.5507,1,True,0.0,1.0,1.0,2.0
lm_gen_phi3.5,I57:wrong_label,I57,wrong_label,etiquette,bedroom,0.2505,1,False,0.0,0.0,0.0,
lm_gen_phi3.5,I57:wrong_pick,I57,wrong_pick,etiquette,bedroom,0.6312,1,False,0.0,0.0,0.0,
lm_gen_phi3.5,I58:clean,I58,clean,etiquette,living room,0.3348,1,True,0.0,1.0,1.0,2.0
lm_gen_phi3.5,I58:partial,I58,partial,etiquette,living room,0.3441,1,True,0.0,1.0,1.0,2.0
lm_gen_phi3.5,I58:wrong_label,I58,wrong_label,etiquette,living room,0.4147,1,False,0.0,0.0,0.0,
lm_gen_phi3.5,I58:wrong_pick,I58,wrong_pick,etiquette,living room,0.4723,1,False,0.0,0.0,1.0,4.0
lm_gen_phi3.5,I59:clean,I59,clean,etiquette,dining,0.5547,2,True,0.0,1.0,1.0,2.0
lm_gen_phi3.5,I59:partial,I59,partial,etiquette,dining,0.6404,2,True,0.0,0.0,0.0,
lm_gen_phi3.5,I59:wrong_label,I59,wrong_label,etiquette,dining,0.6347,2,True,0.0,0.0,0.0,
lm_gen_phi3.5,I59:wrong_pick,I59,wrong_pick,etiquette,dining,0.6395,2,True,0.0,0.0,0.0,
lm_gen_phi3.5,I60:clean,I60,clean,etiquette,bedroom,0.6734,2,True,0.0,1.0,1.0,2.0
lm_gen_phi3.5,I60:partial,I60,partial,etiquette,bedroom,0.4122,2,True,0.0,1.0,1.0,2.0
lm_gen_phi3.5,I60:wrong_label,I60,wrong_label,etiquette,bedroom,0.5537,2,True,0.0,1.0,1.0,3.0
lm_gen_phi3.5,I60:wrong_pick,I60,wrong_pick,etiquette,bedroom,0.561,2,True,0.0,1.0,1.0,3.0
lm_gen_qwen1.5b,I01:clean,I01,clean,needs,bedroom,0.998,2,True,1.0,1.0,1.0,1.0
lm_gen_qwen1.5b,I01:partial,I01,partial,needs,bedroom,0.3314,2,True,1.0,1.0,1.0,1.0
lm_gen_qwen1.5b,I01:wrong_label,I01,wrong_label,needs,bedroom,0.8191,2,True,1.0,1.0,1.0,1.0
lm_gen_qwen1.5b,I01:wrong_pick,I01,wrong_pick,needs,bedroom,0.677,2,True,1.0,1.0,1.0,1.0
lm_gen_qwen1.5b,I02:clean,I02,clean,needs,bedroom,0.37,2,True,0.0,0.0,1.0,4.0
lm_gen_qwen1.5b,I02:partial,I02,partial,needs,bedroom,0.3881,2,True,0.0,1.0,1.0,2.0
lm_gen_qwen1.5b,I02:wrong_label,I02,wrong_label,needs,bedroom,0.5625,2,True,1.0,1.0,1.0,1.0
lm_gen_qwen1.5b,I02:wrong_pick,I02,wrong_pick,needs,bedroom,0.6456,2,True,0.0,1.0,1.0,2.0
lm_gen_qwen1.5b,I03:clean,I03,clean,needs,bedroom,0.6017,1,True,1.0,1.0,1.0,1.0
lm_gen_qwen1.5b,I03:partial,I03,partial,needs,bedroom,0.5525,1,True,1.0,1.0,1.0,1.0
lm_gen_qwen1.5b,I03:wrong_label,I03,wrong_label,needs,bedroom,0.4106,1,False,0.0,0.0,0.0,
lm_gen_qwen1.5b,I03:wrong_pick,I03,wrong_pick,needs,bedroom,0.6188,1,False,0.0,0.0,0.0,
lm_gen_qwen1.5b,I04:clean,I04,clean,needs,bedroom,0.375,1,True,1.0,1.0,1.0,1.0
lm_gen_qwen1.5b,I04:partial,I04,partial,needs,bedroom,0.3642,1,True,1.0,1.0,1.0,1.0
lm_gen_qwen1.5b,I04:wrong_label,I04,wrong_label,needs,bedroom,0.3557,1,False,0.0,0.0,0.0,
lm_gen_qwen1.5b,I04:wrong_pick,I04,wrong_pick,needs,bedroom,0.4019,1,False,0.0,0.0,0.0,
lm_gen_qwen1.5b,I05:clean,I05,clean,needs,bedroom,0.3997,1,True,1.0,1.0,1.0,1.0
lm_gen_qwen1.5b,I05:partial,I05,partial,needs,bedroom,0.413,1,True,1.0,1.0,1.0,1.0
lm_gen_qwen1.5b,I05:wrong_label,I05,wrong_label,needs,bedroom,0.515,1,False,0.0,0.0,0.0,
lm_gen_qwen1.5b,I05:wrong_pick,I05,wrong_pick,needs,bedroom,0.3635,1,False,0.0,0.0,0.0,
lm_gen_qwen1.5b,I06:clean,I06,clean,needs,bedroom,0.767,3,True,0.0,0.0,1.0,4.0
lm_gen_qwen1.5b,I06:partial,I06,partial,needs,bedroom,0.4624,3,True,0.0,0.0,0.0,6.0
lm_gen_qwen1.5b,I06:wrong_label,I06,wrong_label,needs,bedroom,0.6755,3,True,0.0,0.0,0.0,
lm_gen_qwen1.5b,I06:wrong_pick,I06,wrong_pick,needs,bedroom,0.4865,3,True,0.0,0.0,0.0,6.0
lm_gen_qwen1.5b,I07:clean,I07,clean,needs,bedroom,0.3263,1,True,1.0,1.0,1.0,1.0
lm_gen_qwen1.5b,I07:partial,I07,partial,needs,bedroom,0.3195,1,True,1.0,1.0,1.0,1.0
lm_gen_qwen1.5b,I07:wrong_label,I07,wrong_label,needs,bedroom,0.3372,1,False,0.0,0.0,0.0,6.0
lm_gen_qwen1.5b,I07:wrong_pick,I07,wrong_pick,needs,bedroom,0.2926,1,False,0.0,0.0,0.0,
lm_gen_qwen1.5b,I08:clean,I08,clean,needs,bedroom,0.6884,1,True,0.0,1.0,1.0,2.0
lm_gen_qwen1.5b,I08:partial,I08,partial,needs,bedroom,0.6675,1,True,0.0,1.0,1.0,2.0
lm_gen_qwen1.5b,I08:wrong_label,I08,wrong_label,needs,bedroom,0.362,1,False,0.0,0.0,0.0,
lm_gen_qwen1.5b,I08:wrong_pick,I08,wrong_pick,needs,bedroom,0.4488,1,False,0.0,0.0,0.0,
lm_gen_qwen1.5b,I09:clean,I09,clean,needs,bedroom,0.282,1,True,1.0,1.0,1.0,1.0
lm_gen_qwen1.5b,I09:partial,I09,partial,needs,bedroom,0.3142,1,True,1.0,1.0,1.0,1.0
lm_gen_qwen1.5b,I09:wrong_label,I09,wrong_label,needs,bedroom,0.557,1,False,0.0,0.0,0.0,
lm_gen_qwen1.5b,I09:wrong_pick,I09,wrong_pick,needs,bedroom,0.5429,1,False,0.0,0.0,0.0,8.0
lm_gen_qwen1.5b,I10:clean,I10,clean,needs,bedroom,0.2933,1,True,1.0,1.0,1.0,1.0
lm_gen_qwen1.5b,I10:partial,I10,partial,needs,bedroom,0.3294,1,True,1.0,1.0,1.0,1.0
lm_gen_qwen1.5b,I10:wrong_label,I10,wrong_label,needs,bedroom,0.7545,1,False,0.0,0.0,0.0,
lm_gen_qwen1.5b,I10:wrong_pick,I10,wrong_pick,needs,bedroom,0.5382,1,False,0.0,0.0,0.0,
lm_gen_qwen1.5b,I11:clean,I11,clean,needs,bedroom,0.7597,1,True,1.0,1.0,1.0,1.0
lm_gen_qwen1.5b,I11:partial,I11,partial,needs,bedroom,0.6024,1,True,1.0,1.0,1.0,1.0
lm_gen_qwen1.5b,I11:wrong_label,I11,wrong_label,needs,bedroom,0.3576,1,False,0.0,0.0,0.0,
lm_gen_qwen1.5b,I11:wrong_pick,I11,wrong_pick,needs,bedroom,0.404,1,False,0.0,0.0,0.0,
lm_gen_qwen1.5b,I12:clean,I12,clean,needs,bedroom,0.693,3,True,1.0,1.0,1.0,1.0
lm_gen_qwen1.5b,I12:partial,I12,partial,needs,bedroom,0.361,3,True,1.0,1.0,1.0,1.0
lm_gen_qwen1.5b,I12:wrong_label,I12,wrong_label,needs,bedroom,0.8052,3,True,1.0,1.0,1.0,1.0
lm_gen_qwen1.5b,I12:wrong_pick,I12,wrong_pick,needs,bedroom,0.6888,3,True,1.0,1.0,1.0,1.0
lm_gen_qwen1.5b,I13:clean,I13,clean,needs,bathroom,0.2767,3,True,1.0,1.0,1.0,1.0
lm_gen_qwen1.5b,I13:partial,I13,partial,needs,bathroom,0.2823,3,True,1.0,1.0,1.0,1.0
lm_gen_qwen1.5b,I13:wrong_label,I13,wrong_label,needs,bathroom,0.4533,3,True,1.0,1.0,1.0,1.0
lm_gen_qwen1.5b,I13:wrong_pick,I13,wrong_pick,needs,bathroom,0.662,3,True,1.0,1.0,1.0,1.0
lm_gen_qwen1.5b,I14:clean,I14,clean,needs,bathroom,0.6295,3,True,0.0,1.0,1.0,2.0
lm_gen_qwen1.5b,I14:partial,I14,partial,needs,bathroom,0.3711,3,True,1.0,1.0,1.0,1.0
lm_gen_qwen1.5b,I14:wrong_label,I14,wrong_label,needs,bathroom,0.3178,3,True,0.0,1.0,1.0,3.0
lm_gen_qwen1.5b,I14:wrong_pick,I14,wrong_pick,needs,bathroom,0.3171,3,True,1.0,1.0,1.0,1.0
lm_gen_qwen1.5b,I15:clean,I15,clean,needs,bathroom,0.3234,1,True,0.0,1.0,1.0,2.0
lm_gen_qwen1.5b,I15:partial,I15,partial,needs,bathroom,0.3309,1,True,0.0,1.0,1.0,2.0
lm_gen_qwen1.5b,I15:wrong_label,I15,wrong_label,needs,bathroom,0.4753,1,False,0.0,0.0,0.0,
lm_gen_qwen1.5b,I15:wrong_pick,I15,wrong_pick,needs,bathroom,0.3766,1,False,0.0,0.0,0.0,
lm_gen_qwen1.5b,I16:clean,I16,clean,needs,bathroom,0.4761,2,True,1.0,1.0,1.0,1.0
lm_gen_qwen1.5b,I16:partial,I16,partial,needs,bathroom,0.3659,2,True,1.0,1.0,1.0,1.0
lm_gen_qwen1.5b,I16:wrong_label,I16,wrong_label,needs,bathroom,0.53,2,True,1.0,1.0,1.0,1.0
lm_gen_qwen1.5b,I16:wrong_pick,I16,wrong_pick,needs,bathroom,0.7498,2,True,0.0,1.0,1.0,3.0
lm_gen_qwen1.5b,I17:clean,I17,clean,needs,bathroom,0.3464,1,True,1.0,1.0,1.0,1.0
lm_gen_qwen1.5b,I17:partial,I17,partial,needs,bathroom,0.3814,1,True,1.0,1.0,1.0,1.0
lm_gen_qwen1.5b,I17:wrong_label,I17,wrong_label,needs,bathroom,0.3783,1,False,0.0,0.0,0.0,8.0
lm_gen_qwen1.5b,I17:wrong_pick,I17,wrong_pick,needs,bathroom,0.3108,1,False,0.0,0.0,0.0,6.0
lm_gen_qwen1.5b,I18:clean,I18,clean,needs,bathroom,0.5387,1,True,1.0,1.0,1.0,1.0
lm_gen_qwen1.5b,I18:partial,I18,partial,needs,bathroom,0.6283,1,True,1.0,1.0,1.0,1.0
lm_gen_qwen1.5b,I18:wrong_label,I18,wrong_label,needs,bathroom,0.3849,1,False,0.0,0.0,0.0,
lm_gen_qwen1.5b,I18:wrong_pick,I18,wrong_pick,needs,bathroom,0.2544,1,False,0.0,0.0,0.0,
lm_gen_qwen1.5b,I19:clean,I19,clean,needs,kitchen,0.478,2,True,1.0,1.0,1.0,1.0
lm_gen_qwen1.5b,I19:partial,I19,partial,needs,kitchen,0.3538,2,True,1.0,1.0,1.0,1.0
lm_gen_qwen1.5b,I19:wrong_label,I19,wrong_label,needs,kitchen,0.4135,2,True,1.0,1.0,1.0,1.0
lm_gen_qwen1.5b,I19:wrong_pick,I19,wrong_pick,needs,kitchen,0.5876,2,True,1.0,1.0,1.0,1.0
lm_gen_qwen1.5b,I20:clean,I20,clean,needs,kitchen,0.378,2,True,1.0,1.0,1.0,1.0
lm_gen_qwen1.5b,I20:partial,I20,partial,needs,kitchen,0.2436,2,True,1.0,1.0,1.0,1.0
lm_gen_qwen1.5b,I20:wrong_label,I20,wrong_label,needs,kitchen,0.364,2,True,1.0,1.0,1.0,1.0
lm_gen_qwen1.5b,I20:wrong_pick,I20,wrong_pick,needs,kitchen,0.4151,2,True,1.0,1.0,1.0,1.0
lm_gen_qwen1.5b,I21:clean,I21,clean,needs,kitchen,0.3193,1,True,1.0,1.0,1.0,1.0
lm_gen_qwen1.5b,I21:partial,I21,partial,needs,kitchen,0.3323,1,True,1.0,1.0,1.0,1.0
lm_gen_qwen1.5b,I21:wrong_label,I21,wrong_label,needs,kitchen,0.5419,1,False,0.0,0.0,0.0,8.0
lm_gen_qwen1.5b,I21:wrong_pick,I21,wrong_pick,needs,kitchen,0.5596,1,False,0.0,0.0,0.0,
lm_gen_qwen1.5b,I22:clean,I22,clean,needs,kitchen,0.4299,2,True,1.0,1.0,1.0,1.0
lm_gen_qwen1.5b,I22:partial,I22,partial,needs,kitchen,0.3266,2,True,1.0,1.0,1.0,1.0
lm_gen_qwen1.5b,I22:wrong_label,I22,wrong_label,needs,kitchen,0.4909,2,True,0.0,0.0,0.0,6.0
lm_gen_qwen1.5b,I22:wrong_pick,I22,wrong_pick,needs,kitchen,0.5573,2,True,1.0,1.0,1.0,1.0
lm_gen_qwen1.5b,I23:clean,I23,clean,needs,kitchen,0.551,2,True,1.0,1.0,1.0,1.0
lm_gen_qwen1.5b,I23:partial,I23,partial,needs,kitchen,0.3296,2,True,0.0,1.0,1.0,3.0
lm_gen_qwen1.5b,I23:wrong_label,I23,wrong_label,needs,kitchen,0.444,2,True,0.0,1.0,1.0,2.0
lm_gen_qwen1.5b,I23:wrong_pick,I23,wrong_pick,needs,kitchen,0.5804,2,True,0.0,1.0,1.0,2.0
lm_gen_qwen1.5b,I24:clean,I24,clean,needs,dining,0.2877,3,True,1.0,1.0,1.0,1.0
lm_gen_qwen1.5b,I24:partial,I24,partial,needs,dining,0.3862,3,True,0.0,1.0,1.0,2.0
lm_gen_qwen1.5b,I24:wrong_label,I24,wrong_label,needs,dining,0.5403,3,True,0.0,0.0,1.0,4.0
lm_gen_qwen1.5b,I24:wrong_pick,I24,wrong_pick,needs,dining,0.3868,3,True,1.0,1.0,1.0,1.0
lm_gen_qwen1.5b,I25:clean,I25,clean,needs,dining,0.5533,2,True,1.0,1.0,1.0,1.0
lm_gen_qwen1.5b,I25:partial,I25,partial,needs,dining,0.5124,2,True,1.0,1.0,1.0,1.0
lm_gen_qwen1.5b,I25:wrong_label,I25,wrong_label,needs,dining,0.4714,2,True,1.0,1.0,1.0,1.0
lm_gen_qwen1.5b,I25:wrong_pick,I25,wrong_pick,needs,dining,0.6849,2,True,1.0,1.0,1.0,1.0
lm_gen_qwen1.5b,I26:clean,I26,clean,needs,dining,0.5725,1,True,0.0,1.0,1.0,3.0
lm_gen_qwen1.5b,I26:partial,I26,partial,needs,dining,0.4719,1,True,0.0,1.0,1.0,3.0
lm_gen_qwen1.5b,I26:wrong_label,I26,wrong_label,needs,dining,0.3257,1,False,0.0,0.0,0.0,
lm_gen_qwen1.5b,I26:wrong_pick,I26,wrong_pick,needs,dining,0.4769,1,False,0.0,0.0,0.0,8.0
lm_gen_qwen1.5b,I27:clean,I27,clean,needs,dining,0.4609,1,True,1.0,1.0,1.0,1.0
lm_gen_qwen1.5b,I27:partial,I27,partial,needs,dining,0.4534,1,True,1.0,1.0,1.0,1.0
lm_gen_qwen1.5b,I27:wrong_label,I27,wrong_label,needs,dining,0.4596,1,False,0.0,0.0,1.0,5.0
lm_gen_qwen1.5b,I27:wrong_pick,I27,wrong_pick,needs,dining,0.3209,1,False,0.0,1.0,1.0,3.0
lm_gen_qwen1.5b,I28:clean,I28,clean,needs,living room,0.5131,2,True,0.0,1.0,1.0,2.0
lm_gen_qwen1.5b,I28:partial,I28,partial,needs,living room,0.2974,2,True,1.0,1.0,1.0,1.0
lm_gen_qwen1.5b,I28:wrong_label,I28,wrong_label,needs,living room,0.4116,2,True,1.0,1.0,1.0,1.0
lm_gen_qwen1.5b,I28:wrong_pick,I28,wrong_pick,needs,living room,0.4979,2,True,1.0,1.0,1.0,1.0
lm_gen_qwen1.5b,I29:clean,I29,clean,needs,living room,0.5276,2,True,1.0,1.0,1.0,1.0
lm_gen_qwen1.5b,I29:partial,I29,partial,needs,living room,0.3839,2,True,1.0,1.0,1.0,1.0
lm_gen_qwen1.5b,I29:wrong_label,I29,wrong_label,needs,living room,0.4543,2,True,1.0,1.0,1.0,1.0
lm_gen_qwen1.5b,I29:wrong_pick,I29,wrong_pick,needs,living room,0.5139,2,True,1.0,1.0,1.0,1.0
lm_gen_qwen1.5b,I30:clean,I30,clean,needs,living room,0.5402,1,True,1.0,1.0,1.0,1.0
lm_gen_qwen1.5b,I30:partial,I30,partial,needs,living room,0.5279,1,True,1.0,1.0,1.0,1.0
lm_gen_qwen1.5b,I30:wrong_label,I30,wrong_label,needs,living room,0.7294,1,False,0.0,0.0,0.0,
lm_gen_qwen1.5b,I30:wrong_pick,I30,wrong_pick,needs,living room,0.6444,1,False,0.0,0.0,0.0,
lm_gen_qwen1.5b,I31:clean,I31,clean,needs,living room,0.3118,1,True,1.0,1.0,1.0,1.0
lm_gen_qwen1.5b,I31:partial,I31,partial,needs,living room,0.3175,1,True,1.0,1.0,1.0,1.0
lm_gen_qwen1.5b,I31:wrong_label,I31,wrong_label,needs,living room,0.6291,1,False,0.0,0.0,0.0,
lm_gen_qwen1.5b,I31:wrong_pick,I31,wrong_pick,needs,living room,0.4797,1,False,0.0,0.0,0.0,9.0
lm_gen_qwen1.5b,I32:clean,I32,clean,needs,living room,0.4907,1,True,1.0,1.0,1.0,1.0
lm_gen_qwen1.5b,I32:partial,I32,partial,needs,living room,0.5178,1,True,1.0,1.0,1.0,1.0
lm_gen_qwen1.5b,I32:wrong_label,I32,wrong_label,needs,living room,0.4868,1,False,0.0,0.0,0.0,
lm_gen_qwen1.5b,I32:wrong_pick,I32,wrong_pick,needs,living room,0.8419,1,False,0.0,0.0,0.0,
lm_gen_qwen1.5b,I33:clean,I33,clean,needs,bedroom,0.5641,1,True,0.0,1.0,1.0,2.0
lm_gen_qwen1.5b,I33:partial,I33,partial,needs,bedroom,0.4825,1,True,0.0,1.0,1.0,2.0
lm_gen_qwen1.5b,I33:wrong_label,I33,wrong_label,needs,bedroom,0.3238,1,False,0.0,0.0,0.0,
lm_gen_qwen1.5b,I33:wrong_pick,I33,wrong_pick,needs,bedroom,0.479,1,False,0.0,0.0,0.0,
lm_gen_qwen1.5b,I34:clean,I34,clean,information,bedroom,0.3463,1,True,0.0,1.0,1.0,3.0
lm_gen_qwen1.5b,I34:partial,I34,partial,information,bedroom,0.321,1,True,0.0,1.0,1.0,3.0
lm_gen_qwen1.5b,I34:wrong_label,I34,wrong_label,information,bedroom,0.4526,1,False,0.0,0.0,0.0,
lm_gen_qwen1.5b,I34:wrong_pick,I34,wrong_pick,information,bedroom,0.4147,1,False,0.0,0.0,0.0,
lm_gen_qwen1.5b,I35:clean,I35,clean,information,living room,0.7858,1,True,0.0,0.0,0.0,8.0
lm_gen_qwen1.5b,I35:partial,I35,partial,information,living room,0.7624,1,True,0.0,0.0,0.0,8.0
lm_gen_qwen1.5b,I35:wrong_label,I35,wrong_label,information,living room,0.3741,1,False,0.0,0.0,0.0,
lm_gen_qwen1.5b,I35:wrong_pick,I35,wrong_pick,information,living room,0.4044,1,False,0.0,0.0,0.0,
lm_gen_qwen1.5b,I36:clean,I36,clean,information,bedroom,0.327,1,True,1.0,1.0,1.0,1.0
lm_gen_qwen1.5b,I36:partial,I36,partial,information,bedroom,0.3328,1,True,1.0,1.0,1.0,1.0
lm_gen_qwen1.5b,I36:wrong_label,I36,wrong_label,information,bedroom,0.3554,1,False,0.0,0.0,0.0,
lm_gen_qwen1.5b,I36:wrong_pick,I36,wrong_pick,information,bedroom,0.4048,1,False,0.0,0.0,0.0,
lm_gen_qwen1.5b,I37:clean,I37,clean,information,bedroom,0.5323,2,True,1.0,1.0,1.0,1.0
lm_gen_qwen1.5b,I37:partial,I37,partial,information,bedroom,0.489,2,True,1.0,1.0,1.0,1.0
lm_gen_qwen1.5b,I37:wrong_label,I37,wrong_label,information,bedroom,0.3487,2,True,0.0,0.0,0.0,
lm_gen_qwen1.5b,I37:wrong_pick,I37,wrong_pick,information,bedroom,0.5069,2,True,0.0,0.0,0.0,
lm_gen_qwen1.5b,I38:clean,I38,clean,information,living room,0.4164,1,True,1.0,1.0,1.0,1.0
lm_gen_qwen1.5b,I38:partial,I38,partial,information,living room,0.3916,1,True,1.0,1.0,1.0,1.0
lm_gen_qwen1.5b,I38:wrong_label,I38,wrong_label,information,living room,0.4025,1,False,0.0,0.0,0.0,
lm_gen_qwen1.5b,I38:wrong_pick,I38,wrong_pick,information,living room,0.3661,1,False,0.0,0.0,0.0,
lm_gen_qwen1.5b,I39:clean,I39,clean,information,bedroom,0.4517,1,True,1.0,1.0,1.0,1.0
lm_gen_qwen1.5b,I39:partial,I39,partial,information,bedroom,0.4901,1,True,1.0,1.0,1.0,1.0
lm_gen_qwen1.5b,I39:wrong_label,I39,wrong_label,information,bedroom,0.4667,1,False,0.0,0.0,0.0,
lm_gen_qwen1.5b,I39:wrong_pick,I39,wrong_pick,information,bedroom,0.4695,1,False,0.0,0.0,0.0,
lm_gen_qwen1.5b,I40:clean,I40,clean,information,living room,0.4489,1,True,1.0,1.0,1.0,1.0
lm_gen_qwen1.5b,I40:partial,I40,partial,information,living room,0.4099,1,True,1.0,1.0,1.0,1.0
lm_gen_qwen1.5b,I40:wrong_label,I40,wrong_label,information,living room,0.6188,1,False,0.0,0.0,0.0,
lm_gen_qwen1.5b,I40:wrong_pick,I40,wrong_pick,information,living room,0.952,1,False,0.0,0.0,0.0,
lm_gen_qwen1.5b,I41:clean,I41,clean,information,kitchen,0.2838,1,True,0.0,0.0,0.0,
lm_gen_qwen1.5b,I41:partial,I41,partial,information,kitchen,0.2834,1,True,0.0,0.0,0.0,
lm_gen_qwen1.5b,I41:wrong_label,I41,wrong_label,information,kitchen,0.4696,1,False,0.0,0.0,0.0,
lm_gen_qwen1.5b,I41:wrong_pick,I41,wrong_pick,information,kitchen,0.6104,1,False,0.0,0.0,0.0,
lm_gen_qwen1.5b,I42:clean,I42,clean,information,bedroom,0.3482,1,True,0.0,1.0,1.0,2.0
lm_gen_qwen1.5b,I42:partial,I42,partial,information,bedroom,0.3177,1,True,0.0,1.0,1.0,2.0
lm_gen_qwen1.5b,I42:wrong_label,I42,wrong_label,information,bedroom,0.5334,1,False,0.0,0.0,0.0,
lm_gen_qwen1.5b,I42:wrong_pick,I42,wrong_pick,information,bedroom,0.3242,1,False,0.0,0.0,0.0,
lm_gen_qwen1.5b,I43:clean,I43,clean,information,dining,0.3175,1,True,1.0,1.0,1.0,1.0
lm_gen_qwen1.5b,I43:partial,I43,partial,information,dining,0.3258,1,True,1.0,1.0,1.0,1.0
lm_gen_qwen1.5b,I43:wrong_label,I43,wrong_label,information,dining,0.3003,1,False,0.0,0.0,0.0,
lm_gen_qwen1.5b,I43:wrong_pick,I43,wrong_pick,information,dining,0.4137,1,False,0.0,0.0,0.0,
lm_gen_qwen1.5b,I44:clean,I44,clean,social,bedroom,0.5227,1,True,1.0,1.0,1.0,1.0
lm_gen_qwen1.5b,I44:partial,I44,partial,social,bedroom,0.4925,1,True,1.0,1.0,1.0,1.0
lm_gen_qwen1.5b,I44:wrong_label,I44,wrong_label,social,bedroom,0.5528,1,False,0.0,0.0,0.0,
lm_gen_qwen1.5b,I44:wrong_pick,I44,wrong_pick,social,bedroom,0.7927,1,False,0.0,0.0,0.0,
lm_gen_qwen1.5b,I45:clean,I45,clean,social,living room,0.6599,1,True,1.0,1.0,1.0,1.0
lm_gen_qwen1.5b,I45:partial,I45,partial,social,living room,0.6801,1,True,1.0,1.0,1.0,1.0
lm_gen_qwen1.5b,I45:wrong_label,I45,wrong_label,social,living room,0.3307,1,False,0.0,0.0,0.0,
lm_gen_qwen1.5b,I45:wrong_pick,I45,wrong_pick,social,living room,0.3675,1,False,0.0,0.0,0.0,
lm_gen_qwen1.5b,I46:clean,I46,clean,social,living room,0.5948,1,True,1.0,1.0,1.0,1.0
lm_gen_qwen1.5b,I46:partial,I46,partial,social,living room,0.7382,1,True,1.0,1.0,1.0,1.0
lm_gen_qwen1.5b,I46:wrong_label,I46,wrong_label,social,living room,0.453,1,False,0.0,0.0,0.0,7.0
lm_gen_qwen1.5b,I46:wrong_pick,I46,wrong_pick,social,living room,0.5207,1,False,0.0,0.0,0.0,
lm_gen_qwen1.5b,I47:clean,I47,clean,social,bedroom,0.711,1,True,0.0,1.0,1.0,2.0
lm_gen_qwen1.5b,I47:partial,I47,partial,social,bedroom,0.7512,1,True,0.0,1.0,1.0,2.0
lm_gen_qwen1.5b,I47:wrong_label,I47,wrong_label,social,bedroom,0.483,1,False,0.0,0.0,0.0,
lm_gen_qwen1.5b,I47:wrong_pick,I47,wrong_pick,social,bedroom,0.4339,1,False,0.0,0.0,0.0,
lm_gen_qwen1.5b,I48:clean,I48,clean,social,living room,0.5211,1,True,1.0,1.0,1.0,1.0
lm_gen_qwen1.5b,I48:partial,I48,partial,social,living room,0.5256,1,True,1.0,1.0,1.0,1.0
lm_gen_qwen1.5b,I48:wrong_label,I48,wrong_label,social,living room,0.3702,1,False,0.0,0.0,0.0,
lm_gen_qwen1.5b,I48:wrong_pick,I48,wrong_pick,social,living room,0.3608,1,False,0.0,0.0,0.0,
lm_gen_qwen1.5b,I49:clean,I49,clean,social,dining,0.4903,1,True,1.0,1.0,1.0,1.0
lm_gen_qwen1.5b,I49:partial,I49,partial,social,dining,0.5028,1,True,1.0,1.0,1.0,1.0
lm_gen_qwen1.5b,I49:wrong_label,I49,wrong_label,social,dining,0.3389,1,False,0.0,0.0,0.0,
lm_gen_qwen1.5b,I49:wrong_pick,I49,wrong_pick,social,dining,0.4458,1,False,0.0,0.0,1.0,4.0
lm_gen_qwen1.5b,I50:clean,I50,clean,social,living room,0.4148,1,True,1.0,1.0,1.0,1.0
lm_gen_qwen1.5b,I50:partial,I50,partial,social,living room,0.4155,1,True,1.0,1.0,1.0,1.0
lm_gen_qwen1.5b,I50:wrong_label,I50,wrong_label,social,living room,0.3636,1,False,0.0,0.0,0.0,
lm_gen_qwen1.5b,I50:wrong_pick,I50,wrong_pick,social,living room,0.3774,1,False,0.0,1.0,1.0,2.0
lm_gen_qwen1.5b,I51:clean,I51,clean,social,bedroom,0.4968,1,True,1.0,1.0,1.0,1.0
lm_gen_qwen1.5b,I51:partial,I51,partial,social,bedroom,0.5049,1,True,1.0,1.0,1.0,1.0
lm_gen_qwen1.5b,I51:wrong_label,I51,wrong_label,social,bedroom,0.4515,1,False,0.0,0.0,0.0,
lm_gen_qwen1.5b,I51:wrong_pick,I51,wrong_pick,social,bedroom,0.3272,1,False,0.0,0.0,0.0,
lm_gen_qwen1.5b,I52:clean,I52,clean,social,living room,0.4237,1,True,0.0,1.0,1.0,2.0
lm_gen_qwen1.5b,I52:partial,I52,partial,social,living room,0.4042,1,True,0.0,1.0,1.0,2.0
lm_gen_qwen1.5b,I52:wrong_label,I52,wrong_label,social,living room,0.4656,1,False,0.0,0.0,0.0,
lm_gen_qwen1.5b,I52:wrong_pick,I52,wrong_pick,social,living room,0.4167,1,False,0.0,0.0,1.0,5.0
lm_gen_qwen1.5b,I53:clean,I53,clean,social,bedroom,0.2815,1,True,1.0,1.0,1.0,1.0
lm_gen_qwen1.5b,I53:partial,I53,partial,social,bedroom,0.2917,1,True,1.0,1.0,1.0,1.0
lm_gen_qwen1.5b,I53:wrong_label,I53,wrong_label,social,bedroom,0.326,1,False,0.0,0.0,0.0,
lm_gen_qwen1.5b,I53:wrong_pick,I53,wrong_pick,social,bedroom,0.5848,1,False,0.0,0.0,0.0,
lm_gen_qwen1.5b,I54:clean,I54,clean,etiquette,dining,0.4642,1,True,0.0,0.0,1.0,5.0
lm_gen_qwen1.5b,I54:partial,I54,partial,etiquette,dining,0.4884,1,True,0.0,0.0,1.0,5.0
lm_gen_qwen1.5b,I54:wrong_label,I54,wrong_label,etiquette,dining,0.4833,1,False,0.0,0.0,0.0,
lm_gen_qwen1.5b,I54:wrong_pick,I54,wrong_pick,etiquette,dining,0.7832,1,False,0.0,0.0,0.0,9.0
lm_gen_qwen1.5b,I55:clean,I55,clean,etiquette,living room,0.4027,3,True,1.0,1.0,1.0,1.0
lm_gen_qwen1.5b,I55:partial,I55,partial,etiquette,living room,0.5618,3,True,0.0,0.0,0.0,6.0
lm_gen_qwen1.5b,I55:wrong_label,I55,wrong_label,etiquette,living room,0.6504,3,True,0.0,1.0,1.0,2.0
lm_gen_qwen1.5b,I55:wrong_pick,I55,wrong_pick,etiquette,living room,0.5003,3,True,0.0,1.0,1.0,2.0
lm_gen_qwen1.5b,I56:clean,I56,clean,etiquette,dining,0.3656,1,True,0.0,0.0,1.0,4.0
lm_gen_qwen1.5b,I56:partial,I56,partial,etiquette,dining,0.3562,1,True,0.0,0.0,1.0,4.0
lm_gen_qwen1.5b,I56:wrong_label,I56,wrong_label,etiquette,dining,0.4263,1,False,0.0,0.0,0.0,
lm_gen_qwen1.5b,I56:wrong_pick,I56,wrong_pick,etiquette,dining,0.2424,1,False,0.0,0.0,0.0,
lm_gen_qwen1.5b,I57:clean,I57,clean,etiquette,bedroom,0.4471,1,True,0.0,1.0,1.0,2.0
lm_gen_qwen1.5b,I57:partial,I57,partial,etiquette,bedroom,0.4513,1,True,0.0,1.0,1.0,2.0
lm_gen_qwen1.5b,I57:wrong_label,I57,wrong_label,etiquette,bedroom,0.3956,1,False,0.0,0.0,0.0,
lm_gen_qwen1.5b,I57:wrong_pick,I57,wrong_pick,etiquette,bedroom,0.4691,1,False,0.0,0.0,0.0,
lm_gen_qwen1.5b,I58:clean,I58,clean,etiquette,living room,0.2827,1,True,0.0,1.0,1.0,2.0
lm_gen_qwen1.5b,I58:partial,I58,partial,etiquette,living room,0.2791,1,True,0.0,1.0,1.0,2.0
lm_gen_qwen1.5b,I58:wrong_label,I58,wrong_label,etiquette,living room,0.2886,1,False,0.0,0.0,0.0,
lm_gen_qwen1.5b,I58:wrong_pick,I58,wrong_pick,etiquette,living room,0.4226,1,False,0.0,0.0,1.0,4.0
lm_gen_qwen1.5b,I59:clean,I59,clean,etiquette,dining,0.6068,2,True,0.0,1.0,1.0,3.0
lm_gen_qwen1.5b,I59:partial,I59,partial,etiquette,dining,0.4306,2,True,0.0,0.0,0.0,
lm_gen_qwen1.5b,I59:wrong_label,I59,wrong_label,etiquette,dining,0.5943,2,True,0.0,0.0,0.0,8.0
lm_gen_qwen1.5b,I59:wrong_pick,I59,wrong_pick,etiquette,dining,0.4557,2,True,0.0,0.0,0.0,6.0
lm_gen_qwen1.5b,I60:clean,I60,clean,etiquette,bedroom,0.6934,2,True,0.0,1.0,1.0,2.0
lm_gen_qwen1.5b,I60:partial,I60,partial,etiquette,bedroom,0.3212,2,True,1.0,1.0,1.0,1.0
lm_gen_qwen1.5b,I60:wrong_label,I60,wrong_label,etiquette,bedroom,0.5255,2,True,0.0,1.0,1.0,2.0
lm_gen_qwen1.5b,I60:wrong_pick,I60,wrong_pick,etiquette,bedroom,0.9926,2,True,0.0,1.0,1.0,3.0
lm_gen_qwen3b,I01:clean,I01,clean,needs,bedroom,0.6087,2,True,1.0,1.0,1.0,1.0
lm_gen_qwen3b,I01:partial,I01,partial,needs,bedroom,0.6025,2,True,1.0,1.0,1.0,1.0
lm_gen_qwen3b,I01:wrong_label,I01,wrong_label,needs,bedroom,0.9736,2,True,0.0,1.0,1.0,2.0
lm_gen_qwen3b,I01:wrong_pick,I01,wrong_pick,needs,bedroom,0.4127,2,True,0.0,0.0,1.0,5.0
lm_gen_qwen3b,I02:clean,I02,clean,needs,bedroom,0.4703,2,True,1.0,1.0,1.0,1.0
lm_gen_qwen3b,I02:partial,I02,partial,needs,bedroom,0.4257,2,True,1.0,1.0,1.0,1.0
lm_gen_qwen3b,I02:wrong_label,I02,wrong_label,needs,bedroom,0.6109,2,True,0.0,1.0,1.0,3.0
lm_gen_qwen3b,I02:wrong_pick,I02,wrong_pick,needs,bedroom,0.6762,2,True,0.0,1.0,1.0,2.0
lm_gen_qwen3b,I03:clean,I03,clean,needs,bedroom,0.5177,1,True,1.0,1.0,1.0,1.0
lm_gen_qwen3b,I03:partial,I03,partial,needs,bedroom,0.5101,1,True,1.0,1.0,1.0,1.0
lm_gen_qwen3b,I03:wrong_label,I03,wrong_label,needs,bedroom,0.5626,1,False,0.0,0.0,0.0,
lm_gen_qwen3b,I03:wrong_pick,I03,wrong_pick,needs,bedroom,0.5563,1,False,0.0,0.0,0.0,8.0
lm_gen_qwen3b,I04:clean,I04,clean,needs,bedroom,0.4633,1,True,1.0,1.0,1.0,1.0
lm_gen_qwen3b,I04:partial,I04,partial,needs,bedroom,0.4617,1,True,1.0,1.0,1.0,1.0
lm_gen_qwen3b,I04:wrong_label,I04,wrong_label,needs,bedroom,0.5805,1,False,0.0,0.0,0.0,
lm_gen_qwen3b,I04:wrong_pick,I04,wrong_pick,needs,bedroom,0.4042,1,False,0.0,0.0,0.0,
lm_gen_qwen3b,I05:clean,I05,clean,needs,bedroom,0.5026,1,True,1.0,1.0,1.0,1.0
lm_gen_qwen3b,I05:partial,I05,partial,needs,bedroom,0.5207,1,True,1.0,1.0,1.0,1.0
lm_gen_qwen3b,I05:wrong_label,I05,wrong_label,needs,bedroom,0.5689,1,False,0.0,0.0,0.0,
lm_gen_qwen3b,I05:wrong_pick,I05,wrong_pick,needs,bedroom,0.5111,1,False,0.0,0.0,0.0,9.0
lm_gen_qwen3b,I06:clean,I06,clean,needs,bedroom,0.6631,3,True,0.0,0.0,1.0,4.0
lm_gen_qwen3b,I06:partial,I06,partial,needs,bedroom,0.5763,3,True,0.0,0.0,0.0,6.0
lm_gen_qwen3b,I06:wrong_label,I06,wrong_label,needs,bedroom,0.9901,3,True,0.0,1.0,1.0,2.0
lm_gen_qwen3b,I06:wrong_pick,I06,wrong_pick,needs,bedroom,0.9926,3,True,1.0,1.0,1.0,1.0
lm_gen_qwen3b,I07:clean,I07,clean,needs,bedroom,0.7842,1,True,1.0,1.0,1.0,1.0
lm_gen_qwen3b,I07:partial,I07,partial,needs,bedroom,0.6404,1,True,1.0,1.0,1.0,1.0
lm_gen_qwen3b,I07:wrong_label,I07,wrong_label,needs,bedroom,0.4704,1,False,0.0,0.0,0.0,6.0
lm_gen_qwen3b,I07:wrong_pick,I07,wrong_pick,needs,bedroom,0.5951,1,False,0.0,0.0,0.0,
lm_gen_qwen3b,I08:clean,I08,clean,needs,bedroom,0.4855,1,True,1.0,1.0,1.0,1.0
lm_gen_qwen3b,I08:partial,I08,partial,needs,bedroom,0.4621,1,True,1.0,1.0,1.0,1.0
lm_gen_qwen3b,I08:wrong_label,I08,wrong_label,needs,bedroom,0.4834,1,False,0.0,0.0,0.0,
lm_gen_qwen3b,I08:wrong_pick,I08,wrong_pick,needs,bedroom,0.4672,1,False,0.0,0.0,0.0,
lm_gen_qwen3b,I09:clean,I09,clean,needs,bedroom,0.5851,1,True,0.0,1.0,1.0,2.0
lm_gen_qwen3b,I09:partial,I09,partial,needs,bedroom,0.5787,1,True,0.0,1.0,1.0,2.0
lm_gen_qwen3b,I09:wrong_label,I09,wrong_label,needs,bedroom,0.4775,1,False,0.0,0.0,1.0,4.0
lm_gen_qwen3b,I09:wrong_pick,I09,wrong_pick,needs,bedroom,0.4525,1,False,0.0,0.0,0.0,9.0
lm_gen_qwen3b,I10:clean,I10,clean,needs,bedroom,0.5133,1,True,1.0,1.0,1.0,1.0
lm_gen_qwen3b,I10:partial,I10,partial,needs,bedroom,0.4986,1,True,1.0,1.0,1.0,1.0
lm_gen_qwen3b,I10:wrong_label,I10,wrong_label,needs,bedroom,0.4598,1,False,0.0,0.0,0.0,
lm_gen_qwen3b,I10:wrong_pick,I10,wrong_pick,needs,bedroom,0.4512,1,False,0.0,0.0,0.0,
lm_gen_qwen3b,I11:clean,I11,clean,needs,bedroom,0.5164,1,True,1.0,1.0,1.0,1.0
lm_gen_qwen3b,I11:partial,I11,partial,needs,bedroom,0.505,1,True,1.0,1.0,1.0,1.0
lm_gen_qwen3b,I11:wrong_label,I11,wrong_label,needs,bedroom,0.6211,1,False,0.0,0.0,0.0,
lm_gen_qwen3b,I11:wrong_pick,I11,wrong_pick,needs,bedroom,0.5114,1,False,0.0,0.0,0.0,
lm_gen_qwen3b,I12:clean,I12,clean,needs,bedroom,0.8703,3,True,1.0,1.0,1.0,1.0
lm_gen_qwen3b,I12:partial,I12,partial,needs,bedroom,0.7936,3,True,1.0,1.0,1.0,1.0
lm_gen_qwen3b,I12:wrong_label,I12,wrong_label,needs,bedroom,1.0182,3,True,1.0,1.0,1.0,1.0
lm_gen_qwen3b,I12:wrong_pick,I12,wrong_pick,needs,bedroom,0.9035,3,True,1.0,1.0,1.0,1.0
lm_gen_qwen3b,I13:clean,I13,clean,needs,bathroom,0.6987,3,True,1.0,1.0,1.0,1.0
lm_gen_qwen3b,I13:partial,I13,partial,needs,bathroom,0.5699,3,True,1.0,1.0,1.0,1.0
lm_gen_qwen3b,I13:wrong_label,I13,wrong_label,needs,bathroom,0.6776,3,True,1.0,1.0,1.0,1.0
lm_gen_qwen3b,I13:wrong_pick,I13,wrong_pick,needs,bathroom,0.5671,3,True,1.0,1.0,1.0,1.0
lm_gen_qwen3b,I14:clean,I14,clean,needs,bathroom,0.8105,3,True,1.0,1.0,1.0,1.0
lm_gen_qwen3b,I14:partial,I14,partial,needs,bathroom,0.4094,3,True,1.0,1.0,1.0,1.0
lm_gen_qwen3b,I14:wrong_label,I14,wrong_label,needs,bathroom,0.923,3,True,0.0,1.0,1.0,2.0
lm_gen_qwen3b,I14:wrong_pick,I14,wrong_pick,needs,bathroom,1.0459,3,True,1.0,1.0,1.0,1.0
lm_gen_qwen3b,I15:clean,I15,clean,needs,bathroom,0.3094,1,True,0.0,1.0,1.0,3.0
lm_gen_qwen3b,I15:partial,I15,partial,needs,bathroom,0.3347,1,True,0.0,1.0,1.0,3.0
lm_gen_qwen3b,I15:wrong_label,I15,wrong_label,needs,bathroom,0.6138,1,False,0.0,0.0,0.0,
lm_gen_qwen3b,I15:wrong_pick,I15,wrong_pick,needs,bathroom,0.5901,1,False,0.0,0.0,0.0,10.0
lm_gen_qwen3b,I16:clean,I16,clean,needs,bathroom,0.5746,2,True,1.0,1.0,1.0,1.0
lm_gen_qwen3b,I16:partial,I16,partial,needs,bathroom,0.2896,2,True,1.0,1.0,1.0,1.0
lm_gen_qwen3b,I16:wrong_label,I16,wrong_label,needs,bathroom,0.6788,2,True,1.0,1.0,1.0,1.0
lm_gen_qwen3b,I16:wrong_pick,I16,wrong_pick,needs,bathroom,0.7318,2,True,0.0,0.0,1.0,4.0
lm_gen_qwen3b,I17:clean,I17,clean,needs,bathroom,0.682,1,True,1.0,1.0,1.0,1.0
lm_gen_qwen3b,I17:partial,I17,partial,needs,bathroom,0.7256,1,True,1.0,1.0,1.0,1.0
lm_gen_qwen3b,I17:wrong_label,I17,wrong_label,needs,bathroom,0.7825,1,False,0.0,0.0,0.0,
lm_gen_qwen3b,I17:wrong_pick,I17,wrong_pick,needs,bathroom,0.7607,1,False,0.0,0.0,0.0,
lm_gen_qwen3b,I18:clean,I18,clean,needs,bathroom,0.6437,1,True,1.0,1.0,1.0,1.0
lm_gen_qwen3b,I18:partial,I18,partial,needs,bathroom,0.5555,1,True,1.0,1.0,1.0,1.0
lm_gen_qwen3b,I18:wrong_label,I18,wrong_label,needs,bathroom,0.5758,1,False,0.0,0.0,0.0,
lm_gen_qwen3b,I18:wrong_pick,I18,wrong_pick,needs,bathroom,0.5826,1,False,0.0,0.0,0.0,
lm_gen_qwen3b,I19:clean,I19,clean,needs,kitchen,0.5325,2,True,1.0,1.0,1.0,1.0
lm_gen_qwen3b,I19:partial,I19,partial,needs,kitchen,0.5665,2,True,1.0,1.0,1.0,1.0
lm_gen_qwen3b,I19:wrong_label,I19,wrong_label,needs,kitchen,0.8012,2,True,1.0,1.0,1.0,1.0
lm_gen_qwen3b,I19:wrong_pick,I19,wrong_pick,needs,kitchen,0.9157,2,True,1.0,1.0,1.0,1.0
lm_gen_qwen3b,I20:clean,I20,clean,needs,kitchen,0.5763,2,True,1.0,1.0,1.0,1.0
lm_gen_qwen3b,I20:partial,I20,partial,needs,kitchen,0.3301,2,True,1.0,1.0,1.0,1.0
lm_gen_qwen3b,I20:wrong_label,I20,wrong_label,needs,kitchen,0.4117,2,True,1.0,1.0,1.0,1.0
lm_gen_qwen3b,I20:wrong_pick,I20,wrong_pick,needs,kitchen,0.4035,2,True,1.0,1.0,1.0,1.0
lm_gen_qwen3b,I21:clean,I21,clean,needs,kitchen,0.4251,1,True,1.0,1.0,1.0,1.0
lm_gen_qwen3b,I21:partial,I21,partial,needs,kitchen,0.4164,1,True,1.0,1.0,1.0,1.0
lm_gen_qwen3b,I21:wrong_label,I21,wrong_label,needs,kitchen,0.4361,1,False,0.0,0.0,0.0,10.0
lm_gen_qwen3b,I21:wrong_pick,I21,wrong_pick,needs,kitchen,0.4717,1,False,0.0,0.0,0.0,
lm_gen_qwen3b,I22:clean,I22,clean,needs,kitchen,0.5433,2,True,1.0,1.0,1.0,1.0
lm_gen_qwen3b,I22:partial,I22,partial,needs,kitchen,0.4454,2,True,1.0,1.0,1.0,1.0
lm_gen_qwen3b,I22:wrong_label,I22,wrong_label,needs,kitchen,0.6148,2,True,0.0,1.0,1.0,3.0
lm_gen_qwen3b,I22:wrong_pick,I22,wrong_pick,needs,kitchen,0.6455,2,True,1.0,1.0,1.0,1.0
lm_gen_qwen3b,I23:clean,I23,clean,needs,kitchen,0.7665,2,True,1.0,1.0,1.0,1.0
lm_gen_qwen3b,I23:partial,I23,partial,needs,kitchen,0.5591,2,True,0.0,1.0,1.0,3.0
lm_gen_qwen3b,I23:wrong_label,I23,wrong_label,needs,kitchen,0.809,2,True,0.0,0.0,1.0,4.0
lm_gen_qwen3b,I23:wrong_pick,I23,wrong_pick,needs,kitchen,0.7348,2,True,0.0,1.0,1.0,2.0
lm_gen_qwen3b,I24:clean,I24,clean,needs,dining,0.8488,3,True,0.0,1.0,1.0,3.0
lm_gen_qwen3b,I24:partial,I24,partial,needs,dining,0.5078,3,True,0.0,1.0,1.0,2.0
lm_gen_qwen3b,I24:wrong_label,I24,wrong_label,needs,dining,0.7241,3,True,0.0,0.0,1.0,4.0
lm_gen_qwen3b,I24:wrong_pick,I24,wrong_pick,needs,dining,1.076,3,True,0.0,0.0,0.0,6.0
lm_gen_qwen3b,I25:clean,I25,clean,needs,dining,0.6266,2,True,1.0,1.0,1.0,1.0
lm_gen_qwen3b,I25:partial,I25,partial,needs,dining,0.6521,2,True,0.0,1.0,1.0,2.0
lm_gen_qwen3b,I25:wrong_label,I25,wrong_label,needs,dining,0.9089,2,True,0.0,1.0,1.0,2.0
lm_gen_qwen3b,I25:wrong_pick,I25,wrong_pick,needs,dining,0.5257,2,True,0.0,0.0,0.0,
lm_gen_qwen3b,I26:clean,I26,clean,needs,dining,0.7727,1,True,1.0,1.0,1.0,1.0
lm_gen_qwen3b,I26:partial,I26,partial,needs,dining,0.7113,1,True,1.0,1.0,1.0,1.0
lm_gen_qwen3b,I26:wrong_label,I26,wrong_label,needs,dining,0.5345,1,False,1.0,1.0,1.0,1.0
lm_gen_qwen3b,I26:wrong_pick,I26,wrong_pick,needs,dining,0.6166,1,False,0.0,0.0,0.0,8.0
lm_gen_qwen3b,I27:clean,I27,clean,needs,dining,0.6203,1,True,1.0,1.0,1.0,1.0
lm_gen_qwen3b,I27:partial,I27,partial,needs,dining,0.6116,1,True,1.0,1.0,1.0,1.0
lm_gen_qwen3b,I27:wrong_label,I27,wrong_label,needs,dining,0.5134,1,False,0.0,0.0,0.0,
lm_gen_qwen3b,I27:wrong_pick,I27,wrong_pick,needs,dining,0.6585,1,False,0.0,0.0,0.0,6.0
lm_gen_qwen3b,I28:clean,I28,clean,needs,living room,1.0116,2,True,1.0,1.0,1.0,1.0
lm_gen_qwen3b,I28:partial,I28,partial,needs,living room,0.7061,2,True,1.0,1.0,1.0,1.0
lm_gen_qwen3b,I28:wrong_label,I28,wrong_label,needs,living room,1.0438,2,True,1.0,1.0,1.0,1.0
lm_gen_qwen3b,I28:wrong_pick,I28,wrong_pick,needs,living room,0.6064,2,True,1.0,1.0,1.0,1.0
lm_gen_qwen3b,I29:clean,I29,clean,needs,living room,0.5684,2,True,1.0,1.0,1.0,1.0
lm_gen_qwen3b,I29:partial,I29,partial,needs,living room,0.5162,2,True,1.0,1.0,1.0,1.0
lm_gen_qwen3b,I29:wrong_label,I29,wrong_label,needs,living room,0.6713,2,True,1.0,1.0,1.0,1.0
lm_gen_qwen3b,I29:wrong_pick,I29,wrong_pick,needs,living room,0.7856,2,True,1.0,1.0,1.0,1.0
lm_gen_qwen3b,I30:clean,I30,clean,needs,living room,0.5643,1,True,1.0,1.0,1.0,1.0
lm_gen_qwen3b,I30:partial,I30,partial,needs,living room,0.5516,1,True,1.0,1.0,1.0,1.0
lm_gen_qwen3b,I30:wrong_label,I30,wrong_label,needs,living room,0.5215,1,False,0.0,0.0,0.0,
lm_gen_qwen3b,I30:wrong_pick,I30,wrong_pick,needs,living room,0.4547,1,False,0.0,0.0,0.0,
lm_gen_qwen3b,I31:clean,I31,clean,needs,living room,0.4188,1,True,1.0,1.0,1.0,1.0
lm_gen_qwen3b,I31:partial,I31,partial,needs,living room,0.4097,1,True,1.0,1.0,1.0,1.0
lm_gen_qwen3b,I31:wrong_label,I31,wrong_label,needs,living room,0.6808,1,False,0.0,0.0,0.0,
lm_gen_qwen3b,I31:wrong_pick,I31,wrong_pick,needs,living room,0.4624,1,False,0.0,0.0,0.0,8.0
lm_gen_qwen3b,I32:clean,I32,clean,needs,living room,0.6741,1,True,1.0,1.0,1.0,1.0
lm_gen_qwen3b,I32:partial,I32,partial,needs,living room,0.6503,1,True,1.0,1.0,1.0,1.0
lm_gen_qwen3b,I32:wrong_label,I32,wrong_label,needs,living room,0.7776,1,False,0.0,0.0,0.0,
lm_gen_qwen3b,I32:wrong_pick,I32,wrong_pick,needs,living room,0.5252,1,False,0.0,0.0,0.0,8.0
lm_gen_qwen3b,I33:clean,I33,clean,needs,bedroom,0.568,1,True,1.0,1.0,1.0,1.0
lm_gen_qwen3b,I33:partial,I33,partial,needs,bedroom,0.5895,1,True,1.0,1.0,1.0,1.0
lm_gen_qwen3b,I33:wrong_label,I33,wrong_label,needs,bedroom,0.6373,1,False,0.0,0.0,0.0,
lm_gen_qwen3b,I33:wrong_pick,I33,wrong_pick,needs,bedroom,0.7806,1,False,0.0,0.0,0.0,
lm_gen_qwen3b,I34:clean,I34,clean,information,bedroom,0.7104,1,True,0.0,0.0,0.0,8.0
lm_gen_qwen3b,I34:partial,I34,partial,information,bedroom,0.6434,1,True,0.0,0.0,0.0,8.0
lm_gen_qwen3b,I34:wrong_label,I34,wrong_label,information,bedroom,0.4278,1,False,0.0,0.0,0.0,
lm_gen_qwen3b,I34:wrong_pick,I34,wrong_pick,information,bedroom,0.3582,1,False,0.0,0.0,0.0,
lm_gen_qwen3b,I35:clean,I35,clean,information,living room,0.6367,1,True,0.0,0.0,0.0,
lm_gen_qwen3b,I35:partial,I35,partial,information,living room,0.6063,1,True,0.0,0.0,0.0,
lm_gen_qwen3b,I35:wrong_label,I35,wrong_label,information,living room,0.565,1,False,0.0,0.0,0.0,
lm_gen_qwen3b,I35:wrong_pick,I35,wrong_pick,information,living room,0.6667,1,False,0.0,0.0,0.0,
lm_gen_qwen3b,I36:clean,I36,clean,information,bedroom,0.4047,1,True,1.0,1.0,1.0,1.0
lm_gen_qwen3b,I36:partial,I36,partial,information,bedroom,0.4098,1,True,1.0,1.0,1.0,1.0
lm_gen_qwen3b,I36:wrong_label,I36,wrong_label,information,bedroom,0.466,1,False,0.0,0.0,0.0,
lm_gen_qwen3b,I36:wrong_pick,I36,wrong_pick,information,bedroom,0.522,1,False,0.0,0.0,0.0,
lm_gen_qwen3b,I37:clean,I37,clean,information,bedroom,0.5253,2,True,1.0,1.0,1.0,1.0
lm_gen_qwen3b,I37:partial,I37,partial,information,bedroom,0.5691,2,True,1.0,1.0,1.0,1.0
lm_gen_qwen3b,I37:wrong_label,I37,wrong_label,information,bedroom,0.6895,2,True,0.0,1.0,1.0,3.0
lm_gen_qwen3b,I37:wrong_pick,I37,wrong_pick,information,bedroom,0.6409,2,True,0.0,1.0,1.0,2.0
lm_gen_qwen3b,I38:clean,I38,clean,information,living room,0.5606,1,True,1.0,1.0,1.0,1.0
lm_gen_qwen3b,I38:partial,I38,partial,information,living room,0.5736,1,True,1.0,1.0,1.0,1.0
lm_gen_qwen3b,I38:wrong_label,I38,wrong_label,information,living room,0.49,1,False,0.0,0.0,0.0,
lm_gen_qwen3b,I38:wrong_pick,I38,wrong_pick,information,living room,0.622,1,False,0.0,0.0,0.0,
lm_gen_qwen3b,I39:clean,I39,clean,information,bedroom,0.5378,1,True,1.0,1.0,1.0,1.0
lm_gen_qwen3b,I39:partial,I39,partial,information,bedroom,0.5221,1,True,1.0,1.0,1.0,1.0
lm_gen_qwen3b,I39:wrong_label,I39,wrong_label,information,bedroom,0.8389,1,False,0.0,0.0,0.0,
lm_gen_qwen3b,I39:wrong_pick,I39,wrong_pick,information,bedroom,0.5623,1,False,0.0,0.0,0.0,
lm_gen_qwen3b,I40:clean,I40,clean,information,living room,0.5868,1,True,1.0,1.0,1.0,1.0
lm_gen_qwen3b,I40:partial,I40,partial,information,living room,0.489,1,True,1.0,1.0,1.0,1.0
lm_gen_qwen3b,I40:wrong_label,I40,wrong_label,information,living room,0.6172,1,False,0.0,0.0,0.0,
lm_gen_qwen3b,I40:wrong_pick,I40,wrong_pick,information,living room,0.6293,1,False,0.0,0.0,0.0,
lm_gen_qwen3b,I41:clean,I41,clean,information,kitchen,0.4179,1,True,1.0,1.0,1.0,1.0
lm_gen_qwen3b,I41:partial,I41,partial,information,kitchen,0.4053,1,True,1.0,1.0,1.0,1.0
lm_gen_qwen3b,I41:wrong_label,I41,wrong_label,information,kitchen,0.4138,1,False,0.0,0.0,0.0,
lm_gen_qwen3b,I41:wrong_pick,I41,wrong_pick,information,kitchen,0.4571,1,False,0.0,1.0,1.0,3.0
lm_gen_qwen3b,I42:clean,I42,clean,information,bedroom,0.5613,1,True,1.0,1.0,1.0,1.0
lm_gen_qwen3b,I42:partial,I42,partial,information,bedroom,0.5698,1,True,1.0,1.0,1.0,1.0
lm_gen_qwen3b,I42:wrong_label,I42,wrong_label,information,bedroom,0.5775,1,False,0.0,0.0,0.0,
lm_gen_qwen3b,I42:wrong_pick,I42,wrong_pick,information,bedroom,0.6117,1,False,0.0,0.0,0.0,
lm_gen_qwen3b,I43:clean,I43,clean,information,dining,0.5407,1,True,1.0,1.0,1.0,1.0
lm_gen_qwen3b,I43:partial,I43,partial,information,dining,0.5164,1,True,1.0,1.0,1.0,1.0
lm_gen_qwen3b,I43:wrong_label,I43,wrong_label,information,dining,0.5841,1,False,0.0,0.0,0.0,
lm_gen_qwen3b,I43:wrong_pick,I43,wrong_pick,information,dining,0.5627,1,False,0.0,0.0,0.0,
lm_gen_qwen3b,I44:clean,I44,clean,social,bedroom,0.4706,1,True,1.0,1.0,1.0,1.0
lm_gen_qwen3b,I44:partial,I44,partial,social,bedroom,0.4573,1,True,1.0,1.0,1.0,1.0
lm_gen_qwen3b,I44:wrong_label,I44,wrong_label,social,bedroom,0.5735,1,False,0.0,0.0,1.0,5.0
lm_gen_qwen3b,I44:wrong_pick,I44,wrong_pick,social,bedroom,0.5039,1,False,0.0,0.0,0.0,
lm_gen_qwen3b,I45:clean,I45,clean,social,living room,0.6487,1,True,1.0,1.0,1.0,1.0
lm_gen_qwen3b,I45:partial,I45,partial,social,living room,0.6546,1,True,1.0,1.0,1.0,1.0
lm_gen_qwen3b,I45:wrong_label,I45,wrong_label,social,living room,0.8215,1,False,0.0,0.0,0.0,
lm_gen_qwen3b,I45:wrong_pick,I45,wrong_pick,social,living room,0.5846,1,False,0.0,0.0,0.0,6.0
lm_gen_qwen3b,I46:clean,I46,clean,social,living room,0.7285,1,True,1.0,1.0,1.0,1.0
lm_gen_qwen3b,I46:partial,I46,partial,social,living room,0.5505,1,True,1.0,1.0,1.0,1.0
lm_gen_qwen3b,I46:wrong_label,I46,wrong_label,social,living room,0.5146,1,False,0.0,0.0,0.0,
lm_gen_qwen3b,I46:wrong_pick,I46,wrong_pick,social,living room,0.5026,1,False,0.0,0.0,0.0,
lm_gen_qwen3b,I47:clean,I47,clean,social,bedroom,0.4614,1,True,1.0,1.0,1.0,1.0
lm_gen_qwen3b,I47:partial,I47,partial,social,bedroom,0.4711,1,True,1.0,1.0,1.0,1.0
lm_gen_qwen3b,I47:wrong_label,I47,wrong_label,social,bedroom,0.4871,1,False,0.0,0.0,0.0,
lm_gen_qwen3b,I47:wrong_pick,I47,wrong_pick,social,bedroom,0.6228,1,False,0.0,0.0,0.0,
lm_gen_qwen3b,I48:clean,I48,clean,social,living room,0.5781,1,True,1.0,1.0,1.0,1.0
lm_gen_qwen3b,I48:partial,I48,partial,social,living room,0.562,1,True,1.0,1.0,1.0,1.0
lm_gen_qwen3b,I48:wrong_label,I48,wrong_label,social,living room,0.5651,1,False,0.0,0.0,0.0,
lm_gen_qwen3b,I48:wrong_pick,I48,wrong_pick,social,living room,0.5561,1,False,0.0,0.0,0.0,
lm_gen_qwen3b,I49:clean,I49,clean,social,dining,0.5775,1,True,1.0,1.0,1.0,1.0
lm_gen_qwen3b,I49:partial,I49,partial,social,dining,0.5876,1,True,1.0,1.0,1.0,1.0
lm_gen_qwen3b,I49:wrong_label,I49,wrong_label,social,dining,0.6423,1,False,0.0,0.0,0.0,
lm_gen_qwen3b,I49:wrong_pick,I49,wrong_pick,social,dining,0.6219,1,False,0.0,0.0,0.0,
lm_gen_qwen3b,I50:clean,I50,clean,social,living room,0.6615,1,True,1.0,1.0,1.0,1.0
lm_gen_qwen3b,I50:partial,I50,partial,social,living room,0.6795,1,True,1.0,1.0,1.0,1.0
lm_gen_qwen3b,I50:wrong_label,I50,wrong_label,social,living room,0.5488,1,False,0.0,0.0,0.0,
lm_gen_qwen3b,I50:wrong_pick,I50,wrong_pick,social,living room,0.882,1,False,0.0,0.0,1.0,4.0
lm_gen_qwen3b,I51:clean,I51,clean,social,bedroom,0.7687,1,True,1.0,1.0,1.0,1.0
lm_gen_qwen3b,I51:partial,I51,partial,social,bedroom,0.7081,1,True,1.0,1.0,1.0,1.0
lm_gen_qwen3b,I51:wrong_label,I51,wrong_label,social,bedroom,0.5481,1,False,0.0,0.0,0.0,
lm_gen_qwen3b,I51:wrong_pick,I51,wrong_pick,social,bedroom,0.6611,1,False,0.0,0.0,0.0,
lm_gen_qwen3b,I52:clean,I52,clean,social,living room,0.6622,1,True,1.0,1.0,1.0,1.0
lm_gen_qwen3b,I52:partial,I52,partial,social,living room,0.6625,1,True,1.0,1.0,1.0,1.0
lm_gen_qwen3b,I52:wrong_label,I52,wrong_label,social,living room,0.4967,1,False,0.0,0.0,0.0,
lm_gen_qwen3b,I52:wrong_pick,I52,wrong_pick,social,living room,0.4242,1,False,0.0,1.0,1.0,3.0
lm_gen_qwen3b,I53:clean,I53,clean,social,bedroom,0.4046,1,True,1.0,1.0,1.0,1.0
lm_gen_qwen3b,I53:partial,I53,partial,social,bedroom,0.4244,1,True,1.0,1.0,1.0,1.0
lm_gen_qwen3b,I53:wrong_label,I53,wrong_label,social,bedroom,0.56,1,False,0.0,0.0,0.0,
lm_gen_qwen3b,I53:wrong_pick,I53,wrong_pick,social,bedroom,0.5887,1,False,0.0,0.0,0.0,
lm_gen_qwen3b,I54:clean,I54,clean,etiquette,dining,0.5178,1,True,0.0,0.0,0.0,
lm_gen_qwen3b,I54:partial,I54,partial,etiquette,dining,0.5351,1,True,0.0,0.0,0.0,
lm_gen_qwen3b,I54:wrong_label,I54,wrong_label,etiquette,dining,0.5052,1,False,0.0,0.0,0.0,
lm_gen_qwen3b,I54:wrong_pick,I54,wrong_pick,etiquette,dining,0.6204,1,False,0.0,0.0,0.0,9.0
lm_gen_qwen3b,I55:clean,I55,clean,etiquette,living room,0.5181,3,True,0.0,1.0,1.0,2.0
lm_gen_qwen3b,I55:partial,I55,partial,etiquette,living room,0.4715,3,True,0.0,0.0,0.0,6.0
lm_gen_qwen3b,I55:wrong_label,I55,wrong_label,etiquette,living room,0.6169,3,True,0.0,0.0,0.0,7.0
lm_gen_qwen3b,I55:wrong_pick,I55,wrong_pick,etiquette,living room,0.624,3,True,0.0,0.0,0.0,7.0
lm_gen_qwen3b,I56:clean,I56,clean,etiquette,dining,0.5283,1,True,0.0,0.0,1.0,5.0
lm_gen_qwen3b,I56:partial,I56,partial,etiquette,dining,0.5094,1,True,0.0,0.0,1.0,5.0
lm_gen_qwen3b,I56:wrong_label,I56,wrong_label,etiquette,dining,0.6729,1,False,0.0,0.0,0.0,
lm_gen_qwen3b,I56:wrong_pick,I56,wrong_pick,etiquette,dining,0.7083,1,False,0.0,0.0,0.0,
lm_gen_qwen3b,I57:clean,I57,clean,etiquette,bedroom,0.7038,1,True,0.0,1.0,1.0,2.0
lm_gen_qwen3b,I57:partial,I57,partial,etiquette,bedroom,0.6472,1,True,0.0,1.0,1.0,2.0
lm_gen_qwen3b,I57:wrong_label,I57,wrong_label,etiquette,bedroom,0.6458,1,False,0.0,0.0,0.0,
lm_gen_qwen3b,I57:wrong_pick,I57,wrong_pick,etiquette,bedroom,0.467,1,False,0.0,0.0,0.0,
lm_gen_qwen3b,I58:clean,I58,clean,etiquette,living room,0.5612,1,True,0.0,1.0,1.0,2.0
lm_gen_qwen3b,I58:partial,I58,partial,etiquette,living room,0.5882,1,True,0.0,1.0,1.0,2.0
lm_gen_qwen3b,I58:wrong_label,I58,wrong_label,etiquette,living room,0.5177,1,False,0.0,0.0,0.0,
lm_gen_qwen3b,I58:wrong_pick,I58,wrong_pick,etiquette,living room,0.6955,1,False,0.0,0.0,1.0,4.0
lm_gen_qwen3b,I59:clean,I59,clean,etiquette,dining,0.6884,2,True,0.0,1.0,1.0,2.0
lm_gen_qwen3b,I59:partial,I59,partial,etiquette,dining,0.7147,2,True,0.0,0.0,0.0,8.0
lm_gen_qwen3b,I59:wrong_label,I59,wrong_label,etiquette,dining,0.9316,2,True,0.0,0.0,0.0,10.0
lm_gen_qwen3b,I59:wrong_pick,I59,wrong_pick,etiquette,dining,0.7796,2,True,0.0,0.0,0.0,6.0
lm_gen_qwen3b,I60:clean,I60,clean,etiquette,bedroom,0.4562,2,True,0.0,1.0,1.0,3.0
lm_gen_qwen3b,I60:partial,I60,partial,etiquette,bedroom,0.4684,2,True,1.0,1.0,1.0,1.0
lm_gen_qwen3b,I60:wrong_label,I60,wrong_label,etiquette,bedroom,0.6568,2,True,1.0,1.0,1.0,1.0
lm_gen_qwen3b,I60:wrong_pick,I60,wrong_pick,etiquette,bedroom,0.5586,2,True,0.0,1.0,1.0,3.0
lm_gen_smol1.7b,I01:clean,I01,clean,needs,bedroom,0.315,2,True,0.0,0.0,1.0,4.0
lm_gen_smol1.7b,I01:partial,I01,partial,needs,bedroom,0.3488,2,True,0.0,1.0,1.0,2.0
lm_gen_smol1.7b,I01:wrong_label,I01,wrong_label,needs,bedroom,0.3607,2,True,0.0,1.0,1.0,2.0
lm_gen_smol1.7b,I01:wrong_pick,I01,wrong_pick,needs,bedroom,0.3614,2,True,0.0,0.0,0.0,
lm_gen_smol1.7b,I02:clean,I02,clean,needs,bedroom,0.3077,2,True,0.0,1.0,1.0,2.0
lm_gen_smol1.7b,I02:partial,I02,partial,needs,bedroom,0.3104,2,True,0.0,1.0,1.0,2.0
lm_gen_smol1.7b,I02:wrong_label,I02,wrong_label,needs,bedroom,0.378,2,True,0.0,0.0,0.0,8.0
lm_gen_smol1.7b,I02:wrong_pick,I02,wrong_pick,needs,bedroom,0.3334,2,True,0.0,1.0,1.0,2.0
lm_gen_smol1.7b,I03:clean,I03,clean,needs,bedroom,0.3687,1,True,1.0,1.0,1.0,1.0
lm_gen_smol1.7b,I03:partial,I03,partial,needs,bedroom,0.3814,1,True,1.0,1.0,1.0,1.0
lm_gen_smol1.7b,I03:wrong_label,I03,wrong_label,needs,bedroom,0.2755,1,False,0.0,0.0,0.0,
lm_gen_smol1.7b,I03:wrong_pick,I03,wrong_pick,needs,bedroom,0.2273,1,False,0.0,0.0,0.0,
lm_gen_smol1.7b,I04:clean,I04,clean,needs,bedroom,0.2921,1,True,1.0,1.0,1.0,1.0
lm_gen_smol1.7b,I04:partial,I04,partial,needs,bedroom,0.265,1,True,1.0,1.0,1.0,1.0
lm_gen_smol1.7b,I04:wrong_label,I04,wrong_label,needs,bedroom,0.2666,1,False,0.0,0.0,0.0,
lm_gen_smol1.7b,I04:wrong_pick,I04,wrong_pick,needs,bedroom,0.2611,1,False,0.0,0.0,0.0,
lm_gen_smol1.7b,I05:clean,I05,clean,needs,bedroom,0.3088,1,True,1.0,1.0,1.0,1.0
lm_gen_smol1.7b,I05:partial,I05,partial,needs,bedroom,0.2987,1,True,1.0,1.0,1.0,1.0
lm_gen_smol1.7b,I05:wrong_label,I05,wrong_label,needs,bedroom,0.2999,1,False,0.0,0.0,0.0,
lm_gen_smol1.7b,I05:wrong_pick,I05,wrong_pick,needs,bedroom,0.3243,1,False,0.0,0.0,0.0,
lm_gen_smol1.7b,I06:clean,I06,clean,needs,bedroom,0.4775,3,True,0.0,0.0,1.0,4.0
lm_gen_smol1.7b,I06:partial,I06,partial,needs,bedroom,0.1647,3,True,0.0,0.0,0.0,
lm_gen_smol1.7b,I06:wrong_label,I06,wrong_label,needs,bedroom,0.3228,3,True,0.0,1.0,1.0,2.0
lm_gen_smol1.7b,I06:wrong_pick,I06,wrong_pick,needs,bedroom,0.2312,3,True,0.0,0.0,0.0,
lm_gen_smol1.7b,I07:clean,I07,clean,needs,bedroom,0.2513,1,True,1.0,1.0,1.0,1.0
lm_gen_smol1.7b,I07:partial,I07,partial,needs,bedroom,0.2402,1,True,1.0,1.0,1.0,1.0
lm_gen_smol1.7b,I07:wrong_label,I07,wrong_label,needs,bedroom,0.2445,1,False,0.0,0.0,0.0,6.0
lm_gen_smol1.7b,I07:wrong_pick,I07,wrong_pick,needs,bedroom,0.2872,1,False,0.0,0.0,0.0,
lm_gen_smol1.7b,I08:clean,I08,clean,needs,bedroom,0.2434,1,True,1.0,1.0,1.0,1.0
lm_gen_smol1.7b,I08:partial,I08,partial,needs,bedroom,0.2404,1,True,1.0,1.0,1.0,1.0
lm_gen_smol1.7b,I08:wrong_label,I08,wrong_label,needs,bedroom,0.274,1,False,0.0,0.0,0.0,
lm_gen_smol1.7b,I08:wrong_pick,I08,wrong_pick,needs,bedroom,0.1841,1,False,0.0,0.0,0.0,
lm_gen_smol1.7b,I09:clean,I09,clean,needs,bedroom,0.2851,1,True,1.0,1.0,1.0,1.0
lm_gen_smol1.7b,I09:partial,I09,partial,needs,bedroom,0.2747,1,True,1.0,1.0,1.0,1.0
lm_gen_smol1.7b,I09:wrong_label,I09,wrong_label,needs,bedroom,0.2705,1,False,0.0,0.0,0.0,
lm_gen_smol1.7b,I09:wrong_pick,I09,wrong_pick,needs,bedroom,0.3773,1,False,0.0,0.0,0.0,
lm_gen_smol1.7b,I10:clean,I10,clean,needs,bedroom,0.1711,1,True,1.0,1.0,1.0,1.0
lm_gen_smol1.7b,I10:partial,I10,partial,needs,bedroom,0.1692,1,True,1.0,1.0,1.0,1.0
lm_gen_smol1.7b,I10:wrong_label,I10,wrong_label,needs,bedroom,0.1658,1,False,0.0,0.0,0.0,
lm_gen_smol1.7b,I10:wrong_pick,I10,wrong_pick,needs,bedroom,0.3536,1,False,0.0,0.0,0.0,
lm_gen_smol1.7b,I11:clean,I11,clean,needs,bedroom,0.359,1,True,1.0,1.0,1.0,1.0
lm_gen_smol1.7b,I11:partial,I11,partial,needs,bedroom,0.3496,1,True,1.0,1.0,1.0,1.0
lm_gen_smol1.7b,I11:wrong_label,I11,wrong_label,needs,bedroom,0.1661,1,False,0.0,0.0,0.0,
lm_gen_smol1.7b,I11:wrong_pick,I11,wrong_pick,needs,bedroom,0.2337,1,False,0.0,0.0,0.0,
lm_gen_smol1.7b,I12:clean,I12,clean,needs,bedroom,0.2763,3,True,1.0,1.0,1.0,1.0
lm_gen_smol1.7b,I12:partial,I12,partial,needs,bedroom,0.27,3,True,1.0,1.0,1.0,1.0
lm_gen_smol1.7b,I12:wrong_label,I12,wrong_label,needs,bedroom,0.3409,3,True,1.0,1.0,1.0,1.0
lm_gen_smol1.7b,I12:wrong_pick,I12,wrong_pick,needs,bedroom,0.377,3,True,1.0,1.0,1.0,1.0
lm_gen_smol1.7b,I13:clean,I13,clean,needs,bathroom,0.4207,3,True,1.0,1.0,1.0,1.0
lm_gen_smol1.7b,I13:partial,I13,partial,needs,bathroom,0.3231,3,True,1.0,1.0,1.0,1.0
lm_gen_smol1.7b,I13:wrong_label,I13,wrong_label,needs,bathroom,0.4613,3,True,1.0,1.0,1.0,1.0
lm_gen_smol1.7b,I13:wrong_pick,I13,wrong_pick,needs,bathroom,0.3144,3,True,1.0,1.0,1.0,1.0
lm_gen_smol1.7b,I14:clean,I14,clean,needs,bathroom,0.3876,3,True,0.0,1.0,1.0,2.0
lm_gen_smol1.7b,I14:partial,I14,partial,needs,bathroom,0.3328,3,True,1.0,1.0,1.0,1.0
lm_gen_smol1.7b,I14:wrong_label,I14,wrong_label,needs,bathroom,0.3421,3,True,0.0,1.0,1.0,3.0
lm_gen_smol1.7b,I14:wrong_pick,I14,wrong_pick,needs,bathroom,0.3348,3,True,1.0,1.0,1.0,1.0
lm_gen_smol1.7b,I15:clean,I15,clean,needs,bathroom,0.3359,1,True,0.0,0.0,0.0,7.0
lm_gen_smol1.7b,I15:partial,I15,partial,needs,bathroom,0.2389,1,True,0.0,0.0,0.0,7.0
lm_gen_smol1.7b,I15:wrong_label,I15,wrong_label,needs,bathroom,0.2167,1,False,0.0,0.0,0.0,
lm_gen_smol1.7b,I15:wrong_pick,I15,wrong_pick,needs,bathroom,0.2605,1,False,0.0,0.0,0.0,
lm_gen_smol1.7b,I16:clean,I16,clean,needs,bathroom,0.2424,2,True,1.0,1.0,1.0,1.0
lm_gen_smol1.7b,I16:partial,I16,partial,needs,bathroom,0.2408,2,True,1.0,1.0,1.0,1.0
lm_gen_smol1.7b,I16:wrong_label,I16,wrong_label,needs,bathroom,0.2583,2,True,1.0,1.0,1.0,1.0
lm_gen_smol1.7b,I16:wrong_pick,I16,wrong_pick,needs,bathroom,0.2662,2,True,0.0,0.0,0.0,9.0
lm_gen_smol1.7b,I17:clean,I17,clean,needs,bathroom,0.2438,1,True,1.0,1.0,1.0,1.0
lm_gen_smol1.7b,I17:partial,I17,partial,needs,bathroom,0.2403,1,True,1.0,1.0,1.0,1.0
lm_gen_smol1.7b,I17:wrong_label,I17,wrong_label,needs,bathroom,0.2758,1,False,0.0,0.0,0.0,8.0
lm_gen_smol1.7b,I17:wrong_pick,I17,wrong_pick,needs,bathroom,0.2772,1,False,0.0,0.0,0.0,6.0
lm_gen_smol1.7b,I18:clean,I18,clean,needs,bathroom,0.2494,1,True,1.0,1.0,1.0,1.0
lm_gen_smol1.7b,I18:partial,I18,partial,needs,bathroom,0.2418,1,True,1.0,1.0,1.0,1.0
lm_gen_smol1.7b,I18:wrong_label,I18,wrong_label,needs,bathroom,0.2655,1,False,0.0,0.0,0.0,
lm_gen_smol1.7b,I18:wrong_pick,I18,wrong_pick,needs,bathroom,0.2616,1,False,0.0,0.0,0.0,
lm_gen_smol1.7b,I19:clean,I19,clean,needs,kitchen,0.2433,2,True,0.0,1.0,1.0,2.0
lm_gen_smol1.7b,I19:partial,I19,partial,needs,kitchen,0.2172,2,True,1.0,1.0,1.0,1.0
lm_gen_smol1.7b,I19:wrong_label,I19,wrong_label,needs,kitchen,0.353,2,True,1.0,1.0,1.0,1.0
lm_gen_smol1.7b,I19:wrong_pick,I19,wrong_pick,needs,kitchen,0.2662,2,True,1.0,1.0,1.0,1.0
lm_gen_smol1.7b,I20:clean,I20,clean,needs,kitchen,0.2392,2,True,1.0,1.0,1.0,1.0
lm_gen_smol1.7b,I20:partial,I20,partial,needs,kitchen,0.2503,2,True,1.0,1.0,1.0,1.0
lm_gen_smol1.7b,I20:wrong_label,I20,wrong_label,needs,kitchen,0.3326,2,True,1.0,1.0,1.0,1.0
lm_gen_smol1.7b,I20:wrong_pick,I20,wrong_pick,needs,kitchen,0.3934,2,True,0.0,1.0,1.0,2.0
lm_gen_smol1.7b,I21:clean,I21,clean,needs,kitchen,0.2744,1,True,1.0,1.0,1.0,1.0
lm_gen_smol1.7b,I21:partial,I21,partial,needs,kitchen,0.2717,1,True,1.0,1.0,1.0,1.0
lm_gen_smol1.7b,I21:wrong_label,I21,wrong_label,needs,kitchen,0.3713,1,False,1.0,1.0,1.0,1.0
lm_gen_smol1.7b,I21:wrong_pick,I21,wrong_pick,needs,kitchen,0.1857,1,False,0.0,0.0,0.0,
lm_gen_smol1.7b,I22:clean,I22,clean,needs,kitchen,0.3483,2,True,1.0,1.0,1.0,1.0
lm_gen_smol1.7b,I22:partial,I22,partial,needs,kitchen,0.2439,2,True,1.0,1.0,1.0,1.0
lm_gen_smol1.7b,I22:wrong_label,I22,wrong_label,needs,kitchen,0.2528,2,True,0.0,0.0,0.0,
lm_gen_smol1.7b,I22:wrong_pick,I22,wrong_pick,needs,kitchen,0.2969,2,True,0.0,1.0,1.0,2.0
lm_gen_smol1.7b,I23:clean,I23,clean,needs,kitchen,0.3007,2,True,1.0,1.0,1.0,1.0
lm_gen_smol1.7b,I23:partial,I23,partial,needs,kitchen,0.2458,2,True,0.0,1.0,1.0,3.0
lm_gen_smol1.7b,I23:wrong_label,I23,wrong_label,needs,kitchen,0.3133,2,True,0.0,1.0,1.0,3.0
lm_gen_smol1.7b,I23:wrong_pick,I23,wrong_pick,needs,kitchen,0.2487,2,True,0.0,1.0,1.0,3.0
lm_gen_smol1.7b,I24:clean,I24,clean,needs,dining,0.5044,3,True,0.0,1.0,1.0,2.0
lm_gen_smol1.7b,I24:partial,I24,partial,needs,dining,0.4157,3,True,1.0,1.0,1.0,1.0
lm_gen_smol1.7b,I24:wrong_label,I24,wrong_label,needs,dining,0.4436,3,True,0.0,1.0,1.0,2.0
lm_gen_smol1.7b,I24:wrong_pick,I24,wrong_pick,needs,dining,0.7405,3,True,0.0,1.0,1.0,2.0
lm_gen_smol1.7b,I25:clean,I25,clean,needs,dining,0.2163,2,True,0.0,0.0,1.0,4.0
lm_gen_smol1.7b,I25:partial,I25,partial,needs,dining,0.2053,2,True,0.0,0.0,1.0,4.0
lm_gen_smol1.7b,I25:wrong_label,I25,wrong_label,needs,dining,0.4867,2,True,1.0,1.0,1.0,1.0
lm_gen_smol1.7b,I25:wrong_pick,I25,wrong_pick,needs,dining,0.2482,2,True,0.0,0.0,0.0,7.0
lm_gen_smol1.7b,I26:clean,I26,clean,needs,dining,0.4578,1,True,1.0,1.0,1.0,1.0
lm_gen_smol1.7b,I26:partial,I26,partial,needs,dining,0.4838,1,True,1.0,1.0,1.0,1.0
lm_gen_smol1.7b,I26:wrong_label,I26,wrong_label,needs,dining,0.2198,1,False,0.0,0.0,0.0,8.0
lm_gen_smol1.7b,I26:wrong_pick,I26,wrong_pick,needs,dining,0.269,1,False,0.0,0.0,0.0,
lm_gen_smol1.7b,I27:clean,I27,clean,needs,dining,0.389,1,True,1.0,1.0,1.0,1.0
lm_gen_smol1.7b,I27:partial,I27,partial,needs,dining,0.3711,1,True,1.0,1.0,1.0,1.0
lm_gen_smol1.7b,I27:wrong_label,I27,wrong_label,needs,dining,0.1599,1,False,0.0,1.0,1.0,3.0
lm_gen_smol1.7b,I27:wrong_pick,I27,wrong_pick,needs,dining,0.1918,1,False,0.0,1.0,1.0,2.0
lm_gen_smol1.7b,I28:clean,I28,clean,needs,living room,0.1974,2,True,1.0,1.0,1.0,1.0
lm_gen_smol1.7b,I28:partial,I28,partial,needs,living room,0.3471,2,True,1.0,1.0,1.0,1.0
lm_gen_smol1.7b,I28:wrong_label,I28,wrong_label,needs,living room,0.2124,2,True,1.0,1.0,1.0,1.0
lm_gen_smol1.7b,I28:wrong_pick,I28,wrong_pick,needs,living room,0.2962,2,True,1.0,1.0,1.0,1.0
lm_gen_smol1.7b,I29:clean,I29,clean,needs,living room,0.4266,2,True,1.0,1.0,1.0,1.0
lm_gen_smol1.7b,I29:partial,I29,partial,needs,living room,0.2731,2,True,1.0,1.0,1.0,1.0
lm_gen_smol1.7b,I29:wrong_label,I29,wrong_label,needs,living room,0.3203,2,True,1.0,1.0,1.0,1.0
lm_gen_smol1.7b,I29:wrong_pick,I29,wrong_pick,needs,living room,0.2988,2,True,1.0,1.0,1.0,1.0
lm_gen_smol1.7b,I30:clean,I30,clean,needs,living room,0.2276,1,True,1.0,1.0,1.0,1.0
lm_gen_smol1.7b,I30:partial,I30,partial,needs,living room,0.2292,1,True,1.0,1.0,1.0,1.0
lm_gen_smol1.7b,I30:wrong_label,I30,wrong_label,needs,living room,0.3348,1,False,0.0,0.0,0.0,
lm_gen_smol1.7b,I30:wrong_pick,I30,wrong_pick,needs,living room,0.4039,1,False,0.0,0.0,0.0,
lm_gen_smol1.7b,I31:clean,I31,clean,needs,living room,0.2399,1,True,1.0,1.0,1.0,1.0
lm_gen_smol1.7b,I31:partial,I31,partial,needs,living room,0.2523,1,True,1.0,1.0,1.0,1.0
lm_gen_smol1.7b,I31:wrong_label,I31,wrong_label,needs,living room,0.2289,1,False,0.0,0.0,0.0,
lm_gen_smol1.7b,I31:wrong_pick,I31,wrong_pick,needs,living room,0.2453,1,False,0.0,0.0,1.0,5.0
lm_gen_smol1.7b,I32:clean,I32,clean,needs,living room,0.2588,1,True,1.0,1.0,1.0,1.0
lm_gen_smol1.7b,I32:partial,I32,partial,needs,living room,0.2691,1,True,1.0,1.0,1.0,1.0
lm_gen_smol1.7b,I32:wrong_label,I32,wrong_label,needs,living room,0.2361,1,False,0.0,0.0,0.0,
lm_gen_smol1.7b,I32:wrong_pick,I32,wrong_pick,needs,living room,0.2042,1,False,0.0,0.0,0.0,
lm_gen_smol1.7b,I33:clean,I33,clean,needs,bedroom,0.3087,1,True,1.0,1.0,1.0,1.0
lm_gen_smol1.7b,I33:partial,I33,partial,needs,bedroom,0.3125,1,True,1.0,1.0,1.0,1.0
lm_gen_smol1.7b,I33:wrong_label,I33,wrong_label,needs,bedroom,0.2765,1,False,0.0,0.0,0.0,
lm_gen_smol1.7b,I33:wrong_pick,I33,wrong_pick,needs,bedroom,0.2978,1,False,0.0,0.0,0.0,
lm_gen_smol1.7b,I34:clean,I34,clean,information,bedroom,0.2733,1,True,0.0,0.0,0.0,
lm_gen_smol1.7b,I34:partial,I34,partial,information,bedroom,0.2695,1,True,0.0,0.0,0.0,
lm_gen_smol1.7b,I34:wrong_label,I34,wrong_label,information,bedroom,0.2768,1,False,0.0,0.0,0.0,
lm_gen_smol1.7b,I34:wrong_pick,I34,wrong_pick,information,bedroom,0.2857,1,False,0.0,0.0,0.0,
lm_gen_smol1.7b,I35:clean,I35,clean,information,living room,0.2518,1,True,0.0,1.0,1.0,2.0
lm_gen_smol1.7b,I35:partial,I35,partial,information,living room,0.266,1,True,0.0,1.0,1.0,2.0
lm_gen_smol1.7b,I35:wrong_label,I35,wrong_label,information,living room,0.3459,1,False,0.0,0.0,0.0,
lm_gen_smol1.7b,I35:wrong_pick,I35,wrong_pick,information,living room,0.275,1,False,0.0,0.0,0.0,
lm_gen_smol1.7b,I36:clean,I36,clean,information,bedroom,0.3045,1,True,1.0,1.0,1.0,1.0
lm_gen_smol1.7b,I36:partial,I36,partial,information,bedroom,0.3374,1,True,1.0,1.0,1.0,1.0
lm_gen_smol1.7b,I36:wrong_label,I36,wrong_label,information,bedroom,0.3833,1,False,0.0,0.0,0.0,
lm_gen_smol1.7b,I36:wrong_pick,I36,wrong_pick,information,bedroom,0.2819,1,False,0.0,0.0,0.0,
lm_gen_smol1.7b,I37:clean,I37,clean,information,bedroom,0.3834,2,True,0.0,1.0,1.0,2.0
lm_gen_smol1.7b,I37:partial,I37,partial,information,bedroom,0.2641,2,True,1.0,1.0,1.0,1.0
lm_gen_smol1.7b,I37:wrong_label,I37,wrong_label,information,bedroom,0.3427,2,True,0.0,0.0,0.0,
lm_gen_smol1.7b,I37:wrong_pick,I37,wrong_pick,information,bedroom,0.5261,2,True,0.0,0.0,0.0,
lm_gen_smol1.7b,I38:clean,I38,clean,information,living room,0.3521,1,True,1.0,1.0,1.0,1.0
lm_gen_smol1.7b,I38:partial,I38,partial,information,living room,0.2961,1,True,1.0,1.0,1.0,1.0
lm_gen_smol1.7b,I38:wrong_label,I38,wrong_label,information,living room,0.2559,1,False,0.0,0.0,0.0,
lm_gen_smol1.7b,I38:wrong_pick,I38,wrong_pick,information,living room,0.1769,1,False,0.0,0.0,0.0,
lm_gen_smol1.7b,I39:clean,I39,clean,information,bedroom,0.2046,1,True,1.0,1.0,1.0,1.0
lm_gen_smol1.7b,I39:partial,I39,partial,information,bedroom,0.203,1,True,1.0,1.0,1.0,1.0
lm_gen_smol1.7b,I39:wrong_label,I39,wrong_label,information,bedroom,0.1791,1,False,0.0,0.0,0.0,
lm_gen_smol1.7b,I39:wrong_pick,I39,wrong_pick,information,bedroom,0.2093,1,False,0.0,0.0,0.0,
lm_gen_smol1.7b,I40:clean,I40,clean,information,living room,0.217,1,True,1.0,1.0,1.0,1.0
lm_gen_smol1.7b,I40:partial,I40,partial,information,living room,0.2239,1,True,1.0,1.0,1.0,1.0
lm_gen_smol1.7b,I40:wrong_label,I40,wrong_label,information,living room,0.1877,1,False,0.0,0.0,0.0,
lm_gen_smol1.7b,I40:wrong_pick,I40,wrong_pick,information,living room,0.2914,1,False,0.0,0.0,0.0,
lm_gen_smol1.7b,I41:clean,I41,clean,information,kitchen,0.2938,1,True,1.0,1.0,1.0,1.0
lm_gen_smol1.7b,I41:partial,I41,partial,information,kitchen,0.2736,1,True,1.0,1.0,1.0,1.0
lm_gen_smol1.7b,I41:wrong_label,I41,wrong_label,information,kitchen,0.3234,1,False,0.0,0.0,0.0,
lm_gen_smol1.7b,I41:wrong_pick,I41,wrong_pick,information,kitchen,0.2285,1,False,0.0,0.0,0.0,
lm_gen_smol1.7b,I42:clean,I42,clean,information,bedroom,0.3173,1,True,0.0,1.0,1.0,2.0
lm_gen_smol1.7b,I42:partial,I42,partial,information,bedroom,0.3124,1,True,0.0,1.0,1.0,2.0
lm_gen_smol1.7b,I42:wrong_label,I42,wrong_label,information,bedroom,0.3195,1,False,0.0,0.0,0.0,
lm_gen_smol1.7b,I42:wrong_pick,I42,wrong_pick,information,bedroom,0.21,1,False,0.0,0.0,0.0,
lm_gen_smol1.7b,I43:clean,I43,clean,information,dining,0.1854,1,True,1.0,1.0,1.0,1.0
lm_gen_smol1.7b,I43:partial,I43,partial,information,dining,0.1873,1,True,1.0,1.0,1.0,1.0
lm_gen_smol1.7b,I43:wrong_label,I43,wrong_label,information,dining,0.1902,1,False,0.0,0.0,0.0,
lm_gen_smol1.7b,I43:wrong_pick,I43,wrong_pick,information,dining,0.3725,1,False,0.0,0.0,0.0,
lm_gen_smol1.7b,I44:clean,I44,clean,social,bedroom,0.3161,1,True,1.0,1.0,1.0,1.0
lm_gen_smol1.7b,I44:partial,I44,partial,social,bedroom,0.3181,1,True,1.0,1.0,1.0,1.0
lm_gen_smol1.7b,I44:wrong_label,I44,wrong_label,social,bedroom,0.2983,1,False,0.0,0.0,1.0,4.0
lm_gen_smol1.7b,I44:wrong_pick,I44,wrong_pick,social,bedroom,0.2065,1,False,0.0,0.0,0.0,
lm_gen_smol1.7b,I45:clean,I45,clean,social,living room,0.2127,1,True,1.0,1.0,1.0,1.0
lm_gen_smol1.7b,I45:partial,I45,partial,social,living room,0.2089,1,True,1.0,1.0,1.0,1.0
lm_gen_smol1.7b,I45:wrong_label,I45,wrong_label,social,living room,0.2425,1,False,0.0,0.0,0.0,
lm_gen_smol1.7b,I45:wrong_pick,I45,wrong_pick,social,living room,0.2519,1,False,0.0,0.0,0.0,
lm_gen_smol1.7b,I46:clean,I46,clean,social,living room,0.1991,1,True,1.0,1.0,1.0,1.0
lm_gen_smol1.7b,I46:partial,I46,partial,social,living room,0.1945,1,True,1.0,1.0,1.0,1.0
lm_gen_smol1.7b,I46:wrong_label,I46,wrong_label,social,living room,0.2258,1,False,0.0,0.0,0.0,
lm_gen_smol1.7b,I46:wrong_pick,I46,wrong_pick,social,living room,0.2485,1,False,0.0,0.0,0.0,
lm_gen_smol1.7b,I47:clean,I47,clean,social,bedroom,0.1876,1,True,1.0,1.0,1.0,1.0
lm_gen_smol1.7b,I47:partial,I47,partial,social,bedroom,0.1641,1,True,1.0,1.0,1.0,1.0
lm_gen_smol1.7b,I47:wrong_label,I47,wrong_label,social,bedroom,0.2429,1,False,0.0,0.0,0.0,
lm_gen_smol1.7b,I47:wrong_pick,I47,wrong_pick,social,bedroom,0.2482,1,False,0.0,0.0,0.0,
lm_gen_smol1.7b,I48:clean,I48,clean,social,living room,0.3142,1,True,0.0,1.0,1.0,2.0
lm_gen_smol1.7b,I48:partial,I48,partial,social,living room,0.434,1,True,0.0,1.0,1.0,2.0
lm_gen_smol1.7b,I48:wrong_label,I48,wrong_label,social,living room,0.3234,1,False,0.0,0.0,0.0,
lm_gen_smol1.7b,I48:wrong_pick,I48,wrong_pick,social,living room,0.2009,1,False,0.0,0.0,0.0,
lm_gen_smol1.7b,I49:clean,I49,clean,social,dining,0.3845,1,True,0.0,1.0,1.0,2.0
lm_gen_smol1.7b,I49:partial,I49,partial,social,dining,0.3718,1,True,0.0,1.0,1.0,2.0
lm_gen_smol1.7b,I49:wrong_label,I49,wrong_label,social,dining,0.2817,1,False,0.0,0.0,0.0,
lm_gen_smol1.7b,I49:wrong_pick,I49,wrong_pick,social,dining,0.4888,1,False,0.0,0.0,1.0,4.0
lm_gen_smol1.7b,I50:clean,I50,clean,social,living room,0.3503,1,True,1.0,1.0,1.0,1.0
lm_gen_smol1.7b,I50:partial,I50,partial,social,living room,0.3972,1,True,1.0,1.0,1.0,1.0
lm_gen_smol1.7b,I50:wrong_label,I50,wrong_label,social,living room,0.2595,1,False,0.0,0.0,0.0,
lm_gen_smol1.7b,I50:wrong_pick,I50,wrong_pick,social,living room,0.3582,1,False,0.0,1.0,1.0,2.0
lm_gen_smol1.7b,I51:clean,I51,clean,social,bedroom,0.2917,1,True,1.0,1.0,1.0,1.0
lm_gen_smol1.7b,I51:partial,I51,partial,social,bedroom,0.3059,1,True,1.0,1.0,1.0,1.0
lm_gen_smol1.7b,I51:wrong_label,I51,wrong_label,social,bedroom,0.2791,1,False,0.0,0.0,0.0,
lm_gen_smol1.7b,I51:wrong_pick,I51,wrong_pick,social,bedroom,0.2395,1,False,0.0,0.0,0.0,
lm_gen_smol1.7b,I52:clean,I52,clean,social,living room,0.2347,1,True,1.0,1.0,1.0,1.0
lm_gen_smol1.7b,I52:partial,I52,partial,social,living room,0.2484,1,True,1.0,1.0,1.0,1.0
lm_gen_smol1.7b,I52:wrong_label,I52,wrong_label,social,living room,0.2655,1,False,0.0,0.0,0.0,
lm_gen_smol1.7b,I52:wrong_pick,I52,wrong_pick,social,living room,0.1855,1,False,0.0,0.0,0.0,7.0
lm_gen_smol1.7b,I53:clean,I53,clean,social,bedroom,0.2928,1,True,1.0,1.0,1.0,1.0
lm_gen_smol1.7b,I53:partial,I53,partial,social,bedroom,0.3027,1,True,1.0,1.0,1.0,1.0
lm_gen_smol1.7b,I53:wrong_label,I53,wrong_label,social,bedroom,0.2403,1,False,0.0,0.0,0.0,
lm_gen_smol1.7b,I53:wrong_pick,I53,wrong_pick,social,bedroom,0.2688,1,False,0.0,0.0,0.0,
lm_gen_smol1.7b,I54:clean,I54,clean,etiquette,dining,0.2881,1,True,0.0,0.0,1.0,5.0
lm_gen_smol1.7b,I54:partial,I54,partial,etiquette,dining,0.3139,1,True,0.0,0.0,1.0,5.0
lm_gen_smol1.7b,I54:wrong_label,I54,wrong_label,etiquette,dining,0.2779,1,False,0.0,0.0,0.0,
lm_gen_smol1.7b,I54:wrong_pick,I54,wrong_pick,etiquette,dining,0.2269,1,False,0.0,1.0,1.0,3.0
lm_gen_smol1.7b,I55:clean,I55,clean,etiquette,living room,0.2161,3,True,1.0,1.0,1.0,1.0
lm_gen_smol1.7b,I55:partial,I55,partial,etiquette,living room,0.1784,3,True,0.0,0.0,0.0,10.0
lm_gen_smol1.7b,I55:wrong_label,I55,wrong_label,etiquette,living room,0.5073,3,True,0.0,1.0,1.0,2.0
lm_gen_smol1.7b,I55:wrong_pick,I55,wrong_pick,etiquette,living room,0.235,3,True,1.0,1.0,1.0,1.0
lm_gen_smol1.7b,I56:clean,I56,clean,etiquette,dining,0.257,1,True,0.0,0.0,1.0,5.0
lm_gen_smol1.7b,I56:partial,I56,partial,etiquette,dining,0.2886,1,True,0.0,0.0,1.0,5.0
lm_gen_smol1.7b,I56:wrong_label,I56,wrong_label,etiquette,dining,0.224,1,False,0.0,0.0,1.0,4.0
lm_gen_smol1.7b,I56:wrong_pick,I56,wrong_pick,etiquette,dining,0.2882,1,False,0.0,0.0,0.0,
lm_gen_smol1.7b,I57:clean,I57,clean,etiquette,bedroom,0.2771,1,True,1.0,1.0,1.0,1.0
lm_gen_smol1.7b,I57:partial,I57,partial,etiquette,bedroom,0.2605,1,True,1.0,1.0,1.0,1.0
lm_gen_smol1.7b,I57:wrong_label,I57,wrong_label,etiquette,bedroom,0.2773,1,False,0.0,0.0,0.0,
lm_gen_smol1.7b,I57:wrong_pick,I57,wrong_pick,etiquette,bedroom,0.2665,1,False,0.0,0.0,0.0,
lm_gen_smol1.7b,I58:clean,I58,clean,etiquette,living room,0.369,1,True,0.0,1.0,1.0,3.0
lm_gen_smol1.7b,I58:partial,I58,partial,etiquette,living room,0.3664,1,True,0.0,1.0,1.0,3.0
lm_gen_smol1.7b,I58:wrong_label,I58,wrong_label,etiquette,living room,0.169,1,False,0.0,0.0,0.0,
lm_gen_smol1.7b,I58:wrong_pick,I58,wrong_pick,etiquette,living room,0.2994,1,False,0.0,0.0,1.0,5.0
lm_gen_smol1.7b,I59:clean,I59,clean,etiquette,dining,0.3192,2,True,0.0,0.0,0.0,6.0
lm_gen_smol1.7b,I59:partial,I59,partial,etiquette,dining,0.3235,2,True,0.0,0.0,0.0,6.0
lm_gen_smol1.7b,I59:wrong_label,I59,wrong_label,etiquette,dining,0.3371,2,True,0.0,0.0,0.0,
lm_gen_smol1.7b,I59:wrong_pick,I59,wrong_pick,etiquette,dining,0.4486,2,True,0.0,0.0,0.0,6.0
lm_gen_smol1.7b,I60:clean,I60,clean,etiquette,bedroom,0.4873,2,True,0.0,1.0,1.0,2.0
lm_gen_smol1.7b,I60:partial,I60,partial,etiquette,bedroom,0.325,2,True,0.0,1.0,1.0,2.0
lm_gen_smol1.7b,I60:wrong_label,I60,wrong_label,etiquette,bedroom,0.5418,2,True,0.0,1.0,1.0,2.0
lm_gen_smol1.7b,I60:wrong_pick,I60,wrong_pick,etiquette,bedroom,0.4787,2,True,0.0,1.0,1.0,3.0
lm_pmi_phi3.5,I01:clean,I01,clean,needs,bedroom,1.3251,2,True,0.0,0.0,1.0,4.0
lm_pmi_phi3.5,I01:partial,I01,partial,needs,bedroom,1.219,2,True,1.0,1.0,1.0,1.0
lm_pmi_phi3.5,I01:wrong_label,I01,wrong_label,needs,bedroom,1.3779,2,True,0.0,1.0,1.0,3.0
lm_pmi_phi3.5,I01:wrong_pick,I01,wrong_pick,needs,bedroom,1.3501,2,True,0.0,0.0,1.0,5.0
lm_pmi_phi3.5,I02:clean,I02,clean,needs,bedroom,1.3681,2,True,1.0,1.0,1.0,1.0
lm_pmi_phi3.5,I02:partial,I02,partial,needs,bedroom,1.2183,2,True,0.0,0.0,1.0,4.0
lm_pmi_phi3.5,I02:wrong_label,I02,wrong_label,needs,bedroom,1.2957,2,True,0.0,0.0,0.0,
lm_pmi_phi3.5,I02:wrong_pick,I02,wrong_pick,needs,bedroom,1.3073,2,True,0.0,0.0,0.0,
lm_pmi_phi3.5,I03:clean,I03,clean,needs,bedroom,1.7517,1,True,1.0,1.0,1.0,1.0
lm_pmi_phi3.5,I03:partial,I03,partial,needs,bedroom,1.7245,1,True,1.0,1.0,1.0,1.0
lm_pmi_phi3.5,I03:wrong_label,I03,wrong_label,needs,bedroom,1.4071,1,False,0.0,0.0,0.0,
lm_pmi_phi3.5,I03:wrong_pick,I03,wrong_pick,needs,bedroom,1.3098,1,False,0.0,0.0,0.0,
lm_pmi_phi3.5,I04:clean,I04,clean,needs,bedroom,1.2424,1,True,1.0,1.0,1.0,1.0
lm_pmi_phi3.5,I04:partial,I04,partial,needs,bedroom,1.2357,1,True,1.0,1.0,1.0,1.0
lm_pmi_phi3.5,I04:wrong_label,I04,wrong_label,needs,bedroom,1.2306,1,False,0.0,0.0,0.0,8.0
lm_pmi_phi3.5,I04:wrong_pick,I04,wrong_pick,needs,bedroom,1.2464,1,False,0.0,0.0,0.0,8.0
lm_pmi_phi3.5,I05:clean,I05,clean,needs,bedroom,1.1833,1,True,0.0,0.0,0.0,
lm_pmi_phi3.5,I05:partial,I05,partial,needs,bedroom,1.179,1,True,0.0,0.0,0.0,
lm_pmi_phi3.5,I05:wrong_label,I05,wrong_label,needs,bedroom,1.1485,1,False,0.0,0.0,0.0,
lm_pmi_phi3.5,I05:wrong_pick,I05,wrong_pick,needs,bedroom,1.1537,1,False,0.0,0.0,0.0,
lm_pmi_phi3.5,I06:clean,I06,clean,needs,bedroom,1.3422,3,True,0.0,0.0,0.0,
lm_pmi_phi3.5,I06:partial,I06,partial,needs,bedroom,1.1193,3,True,0.0,0.0,0.0,
lm_pmi_phi3.5,I06:wrong_label,I06,wrong_label,needs,bedroom,1.3519,3,True,0.0,0.0,0.0,
lm_pmi_phi3.5,I06:wrong_pick,I06,wrong_pick,needs,bedroom,1.2896,3,True,0.0,0.0,0.0,
lm_pmi_phi3.5,I07:clean,I07,clean,needs,bedroom,1.1506,1,True,1.0,1.0,1.0,1.0
lm_pmi_phi3.5,I07:partial,I07,partial,needs,bedroom,1.1409,1,True,1.0,1.0,1.0,1.0
lm_pmi_phi3.5,I07:wrong_label,I07,wrong_label,needs,bedroom,1.0842,1,False,0.0,0.0,0.0,6.0
lm_pmi_phi3.5,I07:wrong_pick,I07,wrong_pick,needs,bedroom,1.0999,1,False,0.0,0.0,0.0,6.0
lm_pmi_phi3.5,I08:clean,I08,clean,needs,bedroom,1.1239,1,True,1.0,1.0,1.0,1.0
lm_pmi_phi3.5,I08:partial,I08,partial,needs,bedroom,1.1106,1,True,1.0,1.0,1.0,1.0
lm_pmi_phi3.5,I08:wrong_label,I08,wrong_label,needs,bedroom,1.0722,1,False,0.0,0.0,1.0,4.0
lm_pmi_phi3.5,I08:wrong_pick,I08,wrong_pick,needs,bedroom,1.0541,1,False,0.0,0.0,0.0,10.0
lm_pmi_phi3.5,I09:clean,I09,clean,needs,bedroom,1.0528,1,True,0.0,0.0,0.0,
lm_pmi_phi3.5,I09:partial,I09,partial,needs,bedroom,1.0526,1,True,0.0,0.0,0.0,
lm_pmi_phi3.5,I09:wrong_label,I09,wrong_label,needs,bedroom,1.0415,1,False,0.0,0.0,0.0,
lm_pmi_phi3.5,I09:wrong_pick,I09,wrong_pick,needs,bedroom,1.0902,1,False,0.0,0.0,0.0,
lm_pmi_phi3.5,I10:clean,I10,clean,needs,bedroom,1.0396,1,True,0.0,0.0,0.0,6.0
lm_pmi_phi3.5,I10:partial,I10,partial,needs,bedroom,1.0503,1,True,0.0,0.0,0.0,6.0
lm_pmi_phi3.5,I10:wrong_label,I10,wrong_label,needs,bedroom,1.0495,1,False,0.0,0.0,0.0,
lm_pmi_phi3.5,I10:wrong_pick,I10,wrong_pick,needs,bedroom,1.0253,1,False,0.0,0.0,0.0,
lm_pmi_phi3.5,I11:clean,I11,clean,needs,bedroom,1.0405,1,True,0.0,0.0,1.0,5.0
lm_pmi_phi3.5,I11:partial,I11,partial,needs,bedroom,1.0451,1,True,0.0,0.0,1.0,5.0
lm_pmi_phi3.5,I11:wrong_label,I11,wrong_label,needs,bedroom,1.0331,1,False,0.0,0.0,0.0,
lm_pmi_phi3.5,I11:wrong_pick,I11,wrong_pick,needs,bedroom,1.0393,1,False,0.0,0.0,0.0,
lm_pmi_phi3.5,I12:clean,I12,clean,needs,bedroom,1.2385,3,True,0.0,0.0,0.0,8.0
lm_pmi_phi3.5,I12:partial,I12,partial,needs,bedroom,1.0313,3,True,0.0,0.0,0.0,
lm_pmi_phi3.5,I12:wrong_label,I12,wrong_label,needs,bedroom,1.3256,3,True,0.0,0.0,0.0,
lm_pmi_phi3.5,I12:wrong_pick,I12,wrong_pick,needs,bedroom,1.294,3,True,0.0,0.0,0.0,
lm_pmi_phi3.5,I13:clean,I13,clean,needs,bathroom,1.3067,3,True,1.0,1.0,1.0,1.0
lm_pmi_phi3.5,I13:partial,I13,partial,needs,bathroom,1.121,3,True,1.0,1.0,1.0,1.0
lm_pmi_phi3.5,I13:wrong_label,I13,wrong_label,needs,bathroom,1.3094,3,True,1.0,1.0,1.0,1.0
lm_pmi_phi3.5,I13:wrong_pick,I13,wrong_pick,needs,bathroom,1.3589,3,True,1.0,1.0,1.0,1.0
lm_pmi_phi3.5,I14:clean,I14,clean,needs,bathroom,1.244,3,True,0.0,0.0,0.0,6.0
lm_pmi_phi3.5,I14:partial,I14,partial,needs,bathroom,1.0736,3,True,0.0,0.0,0.0,6.0
lm_pmi_phi3.5,I14:wrong_label,I14,wrong_label,needs,bathroom,1.3449,3,True,0.0,0.0,0.0,6.0
lm_pmi_phi3.5,I14:wrong_pick,I14,wrong_pick,needs,bathroom,1.2426,3,True,0.0,0.0,0.0,6.0
lm_pmi_phi3.5,I15:clean,I15,clean,needs,bathroom,1.1607,1,True,0.0,0.0,0.0,6.0
lm_pmi_phi3.5,I15:partial,I15,partial,needs,bathroom,1.1689,1,True,0.0,0.0,0.0,6.0
lm_pmi_phi3.5,I15:wrong_label,I15,wrong_label,needs,bathroom,1.0309,1,False,0.0,0.0,0.0,
lm_pmi_phi3.5,I15:wrong_pick,I15,wrong_pick,needs,bathroom,1.0229,1,False,0.0,0.0,0.0,
lm_pmi_phi3.5,I16:clean,I16,clean,needs,bathroom,1.0947,2,True,1.0,1.0,1.0,1.0
lm_pmi_phi3.5,I16:partial,I16,partial,needs,bathroom,1.0395,2,True,1.0,1.0,1.0,1.0
lm_pmi_phi3.5,I16:wrong_label,I16,wrong_label,needs,bathroom,1.105,2,True,1.0,1.0,1.0,1.0
lm_pmi_phi3.5,I16:wrong_pick,I16,wrong_pick,needs,bathroom,1.1906,2,True,1.0,1.0,1.0,1.0
lm_pmi_phi3.5,I17:clean,I17,clean,needs,bathroom,1.1032,1,True,0.0,0.0,1.0,4.0
lm_pmi_phi3.5,I17:partial,I17,partial,needs,bathroom,1.1006,1,True,0.0,0.0,1.0,4.0
lm_pmi_phi3.5,I17:wrong_label,I17,wrong_label,needs,bathroom,1.0631,1,False,0.0,0.0,0.0,
lm_pmi_phi3.5,I17:wrong_pick,I17,wrong_pick,needs,bathroom,1.0703,1,False,0.0,0.0,0.0,
lm_pmi_phi3.5,I18:clean,I18,clean,needs,bathroom,1.0679,1,True,0.0,0.0,0.0,10.0
lm_pmi_phi3.5,I18:partial,I18,partial,needs,bathroom,1.0673,1,True,0.0,0.0,0.0,10.0
lm_pmi_phi3.5,I18:wrong_label,I18,wrong_label,needs,bathroom,1.0916,1,False,0.0,0.0,0.0,
lm_pmi_phi3.5,I18:wrong_pick,I18,wrong_pick,needs,bathroom,1.0989,1,False,0.0,0.0,0.0,
lm_pmi_phi3.5,I19:clean,I19,clean,needs,kitchen,1.2189,2,True,1.0,1.0,1.0,1.0
lm_pmi_phi3.5,I19:partial,I19,partial,needs,kitchen,1.0962,2,True,1.0,1.0,1.0,1.0
lm_pmi_phi3.5,I19:wrong_label,I19,wrong_label,needs,kitchen,1.206,2,True,1.0,1.0,1.0,1.0
lm_pmi_phi3.5,I19:wrong_pick,I19,wrong_pick,needs,kitchen,1.2926,2,True,1.0,1.0,1.0,1.0
lm_pmi_phi3.5,I20:clean,I20,clean,needs,kitchen,1.1195,2,True,0.0,1.0,1.0,3.0
lm_pmi_phi3.5,I20:partial,I20,partial,needs,kitchen,1.0841,2,True,1.0,1.0,1.0,1.0
lm_pmi_phi3.5,I20:wrong_label,I20,wrong_label,needs,kitchen,1.1095,2,True,0.0,0.0,0.0,8.0
lm_pmi_phi3.5,I20:wrong_pick,I20,wrong_pick,needs,kitchen,1.1591,2,True,0.0,1.0,1.0,2.0
lm_pmi_phi3.5,I21:clean,I21,clean,needs,kitchen,1.1025,1,True,0.0,1.0,1.0,3.0
lm_pmi_phi3.5,I21:partial,I21,partial,needs,kitchen,1.1038,1,True,0.0,1.0,1.0,3.0
lm_pmi_phi3.5,I21:wrong_label,I21,wrong_label,needs,kitchen,1.1266,1,False,0.0,0.0,0.0,
lm_pmi_phi3.5,I21:wrong_pick,I21,wrong_pick,needs,kitchen,1.1111,1,False,0.0,0.0,0.0,
lm_pmi_phi3.5,I22:clean,I22,clean,needs,kitchen,1.3149,2,True,1.0,1.0,1.0,1.0
lm_pmi_phi3.5,I22:partial,I22,partial,needs,kitchen,1.1776,2,True,0.0,1.0,1.0,2.0
lm_pmi_phi3.5,I22:wrong_label,I22,wrong_label,needs,kitchen,1.3043,2,True,0.0,0.0,0.0,7.0
lm_pmi_phi3.5,I22:wrong_pick,I22,wrong_pick,needs,kitchen,1.2609,2,True,0.0,0.0,0.0,10.0
lm_pmi_phi3.5,I23:clean,I23,clean,needs,kitchen,1.1712,2,True,0.0,0.0,1.0,5.0
lm_pmi_phi3.5,I23:partial,I23,partial,needs,kitchen,1.0936,2,True,0.0,0.0,0.0,6.0
lm_pmi_phi3.5,I23:wrong_label,I23,wrong_label,needs,kitchen,1.1294,2,True,0.0,0.0,0.0,7.0
lm_pmi_phi3.5,I23:wrong_pick,I23,wrong_pick,needs,kitchen,1.3336,2,True,0.0,0.0,0.0,6.0
lm_pmi_phi3.5,I24:clean,I24,clean,needs,dining,1.2993,3,True,0.0,1.0,1.0,2.0
lm_pmi_phi3.5,I24:partial,I24,partial,needs,dining,1.1167,3,True,0.0,1.0,1.0,2.0
lm_pmi_phi3.5,I24:wrong_label,I24,wrong_label,needs,dining,1.3024,3,True,1.0,1.0,1.0,1.0
lm_pmi_phi3.5,I24:wrong_pick,I24,wrong_pick,needs,dining,1.2582,3,True,0.0,1.0,1.0,2.0
lm_pmi_phi3.5,I25:clean,I25,clean,needs,dining,1.2103,2,True,0.0,1.0,1.0,3.0
lm_pmi_phi3.5,I25:partial,I25,partial,needs,dining,1.1071,2,True,0.0,0.0,0.0,
lm_pmi_phi3.5,I25:wrong_label,I25,wrong_label,needs,dining,1.2158,2,True,0.0,0.0,0.0,
lm_pmi_phi3.5,I25:wrong_pick,I25,wrong_pick,needs,dining,1.2492,2,True,0.0,0.0,0.0,
lm_pmi_phi3.5,I26:clean,I26,clean,needs,dining,1.1133,1,True,1.0,1.0,1.0,1.0
lm_pmi_phi3.5,I26:partial,I26,partial,needs,dining,1.111,1,True,1.0,1.0,1.0,1.0
lm_pmi_phi3.5,I26:wrong_label,I26,wrong_label,needs,dining,1.1144,1,False,1.0,1.0,1.0,1.0
lm_pmi_phi3.5,I26:wrong_pick,I26,wrong_pick,needs,dining,1.1482,1,False,1.0,1.0,1.0,1.0
lm_pmi_phi3.5,I27:clean,I27,clean,needs,dining,1.1015,1,True,0.0,0.0,0.0,
lm_pmi_phi3.5,I27:partial,I27,partial,needs,dining,1.1095,1,True,0.0,0.0,0.0,
lm_pmi_phi3.5,I27:wrong_label,I27,wrong_label,needs,dining,1.0852,1,False,0.0,0.0,0.0,
lm_pmi_phi3.5,I27:wrong_pick,I27,wrong_pick,needs,dining,1.1065,1,False,0.0,0.0,0.0,
lm_pmi_phi3.5,I28:clean,I28,clean,needs,living room,1.2249,2,True,1.0,1.0,1.0,1.0
lm_pmi_phi3.5,I28:partial,I28,partial,needs,living room,1.1009,2,True,1.0,1.0,1.0,1.0
lm_pmi_phi3.5,I28:wrong_label,I28,wrong_label,needs,living room,1.1984,2,True,0.0,1.0,1.0,3.0
lm_pmi_phi3.5,I28:wrong_pick,I28,wrong_pick,needs,living room,1.2699,2,True,0.0,1.0,1.0,3.0
lm_pmi_phi3.5,I29:clean,I29,clean,needs,living room,1.261,2,True,1.0,1.0,1.0,1.0
lm_pmi_phi3.5,I29:partial,I29,partial,needs,living room,1.0888,2,True,1.0,1.0,1.0,1.0
lm_pmi_phi3.5,I29:wrong_label,I29,wrong_label,needs,living room,1.224,2,True,0.0,1.0,1.0,2.0
lm_pmi_phi3.5,I29:wrong_pick,I29,wrong_pick,needs,living room,1.1909,2,True,1.0,1.0,1.0,1.0
lm_pmi_phi3.5,I30:clean,I30,clean,needs,living room,1.1219,1,True,1.0,1.0,1.0,1.0
lm_pmi_phi3.5,I30:partial,I30,partial,needs,living room,1.1274,1,True,1.0,1.0,1.0,1.0
lm_pmi_phi3.5,I30:wrong_label,I30,wrong_label,needs,living room,1.0846,1,False,0.0,0.0,0.0,
lm_pmi_phi3.5,I30:wrong_pick,I30,wrong_pick,needs,living room,1.0838,1,False,0.0,0.0,0.0,
lm_pmi_phi3.5,I31:clean,I31,clean,needs,living room,1.0826,1,True,0.0,0.0,0.0,
lm_pmi_phi3.5,I31:partial,I31,partial,needs,living room,1.088,1,True,0.0,0.0,0.0,
lm_pmi_phi3.5,I31:wrong_label,I31,wrong_label,needs,living room,1.1222,1,False,0.0,0.0,0.0,
lm_pmi_phi3.5,I31:wrong_pick,I31,wrong_pick,needs,living room,1.1832,1,False,0.0,0.0,0.0,
lm_pmi_phi3.5,I32:clean,I32,clean,needs,living room,1.0879,1,True,0.0,0.0,1.0,4.0
lm_pmi_phi3.5,I32:partial,I32,partial,needs,living room,1.084,1,True,0.0,0.0,1.0,4.0
lm_pmi_phi3.5,I32:wrong_label,I32,wrong_label,needs,living room,1.087,1,False,0.0,0.0,0.0,
lm_pmi_phi3.5,I32:wrong_pick,I32,wrong_pick,needs,living room,1.0888,1,False,0.0,0.0,0.0,
lm_pmi_phi3.5,I33:clean,I33,clean,needs,bedroom,1.1223,1,True,0.0,0.0,0.0,10.0
lm_pmi_phi3.5,I33:partial,I33,partial,needs,bedroom,1.12,1,True,0.0,0.0,0.0,10.0
lm_pmi_phi3.5,I33:wrong_label,I33,wrong_label,needs,bedroom,1.0712,1,False,0.0,0.0,0.0,
lm_pmi_phi3.5,I33:wrong_pick,I33,wrong_pick,needs,bedroom,1.0872,1,False,0.0,0.0,0.0,
lm_pmi_phi3.5,I34:clean,I34,clean,information,bedroom,1.0838,1,True,0.0,0.0,1.0,4.0
lm_pmi_phi3.5,I34:partial,I34,partial,information,bedroom,1.0915,1,True,0.0,0.0,1.0,4.0
lm_pmi_phi3.5,I34:wrong_label,I34,wrong_label,information,bedroom,1.0975,1,False,0.0,0.0,0.0,
lm_pmi_phi3.5,I34:wrong_pick,I34,wrong_pick,information,bedroom,1.0792,1,False,0.0,0.0,0.0,
lm_pmi_phi3.5,I35:clean,I35,clean,information,living room,1.0885,1,True,0.0,1.0,1.0,2.0
lm_pmi_phi3.5,I35:partial,I35,partial,information,living room,1.0912,1,True,0.0,1.0,1.0,2.0
lm_pmi_phi3.5,I35:wrong_label,I35,wrong_label,information,living room,1.1266,1,False,0.0,0.0,0.0,
lm_pmi_phi3.5,I35:wrong_pick,I35,wrong_pick,information,living room,1.0824,1,False,0.0,0.0,0.0,
lm_pmi_phi3.5,I36:clean,I36,clean,information,bedroom,1.0808,1,True,0.0,1.0,1.0,3.0
lm_pmi_phi3.5,I36:partial,I36,partial,information,bedroom,1.0832,1,True,0.0,1.0,1.0,3.0
lm_pmi_phi3.5,I36:wrong_label,I36,wrong_label,information,bedroom,1.0894,1,False,0.0,0.0,0.0,
lm_pmi_phi3.5,I36:wrong_pick,I36,wrong_pick,information,bedroom,1.0833,1,False,0.0,0.0,0.0,
lm_pmi_phi3.5,I37:clean,I37,clean,information,bedroom,1.1831,2,True,0.0,1.0,1.0,3.0
lm_pmi_phi3.5,I37:partial,I37,partial,information,bedroom,1.0914,2,True,0.0,0.0,0.0,6.0
lm_pmi_phi3.5,I37:wrong_label,I37,wrong_label,information,bedroom,1.2628,2,True,0.0,0.0,0.0,
lm_pmi_phi3.5,I37:wrong_pick,I37,wrong_pick,information,bedroom,1.2198,2,True,0.0,0.0,0.0,
lm_pmi_phi3.5,I38:clean,I38,clean,information,living room,1.1011,1,True,0.0,1.0,1.0,3.0
lm_pmi_phi3.5,I38:partial,I38,partial,information,living room,1.091,1,True,0.0,1.0,1.0,3.0
lm_pmi_phi3.5,I38:wrong_label,I38,wrong_label,information,living room,1.0747,1,False,0.0,0.0,0.0,
lm_pmi_phi3.5,I38:wrong_pick,I38,wrong_pick,information,living room,1.1872,1,False,0.0,0.0,0.0,
lm_pmi_phi3.5,I39:clean,I39,clean,information,bedroom,1.0755,1,True,0.0,1.0,1.0,2.0
lm_pmi_phi3.5,I39:partial,I39,partial,information,bedroom,1.088,1,True,0.0,1.0,1.0,2.0
lm_pmi_phi3.5,I39:wrong_label,I39,wrong_label,information,bedroom,1.0959,1,False,0.0,0.0,0.0,
lm_pmi_phi3.5,I39:wrong_pick,I39,wrong_pick,information,bedroom,1.1252,1,False,0.0,0.0,0.0,
lm_pmi_phi3.5,I40:clean,I40,clean,information,living room,1.0761,1,True,1.0,1.0,1.0,1.0
lm_pmi_phi3.5,I40:partial,I40,partial,information,living room,1.0809,1,True,1.0,1.0,1.0,1.0
lm_pmi_phi3.5,I40:wrong_label,I40,wrong_label,information,living room,1.0896,1,False,0.0,0.0,0.0,9.0
lm_pmi_phi3.5,I40:wrong_pick,I40,wrong_pick,information,living room,1.1318,1,False,0.0,0.0,0.0,
lm_pmi_phi3.5,I41:clean,I41,clean,information,kitchen,1.0721,1,True,0.0,0.0,1.0,4.0
lm_pmi_phi3.5,I41:partial,I41,partial,information,kitchen,1.088,1,True,0.0,0.0,1.0,4.0
lm_pmi_phi3.5,I41:wrong_label,I41,wrong_label,information,kitchen,1.0729,1,False,0.0,0.0,0.0,
lm_pmi_phi3.5,I41:wrong_pick,I41,wrong_pick,information,kitchen,1.0612,1,False,0.0,0.0,0.0,
lm_pmi_phi3.5,I42:clean,I42,clean,information,bedroom,1.091,1,True,1.0,1.0,1.0,1.0
lm_pmi_phi3.5,I42:partial,I42,partial,information,bedroom,1.0884,1,True,1.0,1.0,1.0,1.0
lm_pmi_phi3.5,I42:wrong_label,I42,wrong_label,information,bedroom,1.0768,1,False,0.0,0.0,1.0,4.0
lm_pmi_phi3.5,I42:wrong_pick,I42,wrong_pick,information,bedroom,1.0901,1,False,0.0,0.0,1.0,4.0
lm_pmi_phi3.5,I43:clean,I43,clean,information,dining,1.0904,1,True,0.0,1.0,1.0,3.0
lm_pmi_phi3.5,I43:partial,I43,partial,information,dining,1.0941,1,True,0.0,1.0,1.0,3.0
lm_pmi_phi3.5,I43:wrong_label,I43,wrong_label,information,dining,1.0872,1,False,0.0,0.0,0.0,
lm_pmi_phi3.5,I43:wrong_pick,I43,wrong_pick,information,dining,1.1337,1,False,0.0,0.0,0.0,
lm_pmi_phi3.5,I44:clean,I44,clean,social,bedroom,1.1898,1,True,0.0,0.0,0.0,6.0
lm_pmi_phi3.5,I44:partial,I44,partial,social,bedroom,1.1886,1,True,0.0,0.0,0.0,6.0
lm_pmi_phi3.5,I44:wrong_label,I44,wrong_label,social,bedroom,1.0779,1,False,0.0,0.0,0.0,
lm_pmi_phi3.5,I44:wrong_pick,I44,wrong_pick,social,bedroom,1.094,1,False,0.0,0.0,0.0,
lm_pmi_phi3.5,I45:clean,I45,clean,social,living room,1.0889,1,True,0.0,1.0,1.0,2.0
lm_pmi_phi3.5,I45:partial,I45,partial,social,living room,1.0919,1,True,0.0,1.0,1.0,2.0
lm_pmi_phi3.5,I45:wrong_label,I45,wrong_label,social,living room,1.0926,1,False,0.0,0.0,0.0,
lm_pmi_phi3.5,I45:wrong_pick,I45,wrong_pick,social,living room,1.0941,1,False,0.0,0.0,0.0,
lm_pmi_phi3.5,I46:clean,I46,clean,social,living room,1.0815,1,True,0.0,0.0,0.0,8.0
lm_pmi_phi3.5,I46:partial,I46,partial,social,living room,1.0878,1,True,0.0,0.0,0.0,8.0
lm_pmi_phi3.5,I46:wrong_label,I46,wrong_label,social,living room,1.0989,1,False,0.0,0.0,0.0,
lm_pmi_phi3.5,I46:wrong_pick,I46,wrong_pick,social,living room,1.0799,1,False,0.0,0.0,0.0,
lm_pmi_phi3.5,I47:clean,I47,clean,social,bedroom,1.092,1,True,0.0,0.0,0.0,
lm_pmi_phi3.5,I47:partial,I47,partial,social,bedroom,1.0831,1,True,0.0,0.0,0.0,
lm_pmi_phi3.5,I47:wrong_label,I47,wrong_label,social,bedroom,1.0901,1,False,0.0,0.0,0.0,
lm_pmi_phi3.5,I47:wrong_pick,I47,wrong_pick,social,bedroom,1.0799,1,False,0.0,0.0,0.0,
lm_pmi_phi3.5,I48:clean,I48,clean,social,living room,1.0897,1,True,0.0,0.0,0.0,9.0
lm_pmi_phi3.5,I48:partial,I48,partial,social,living room,1.0921,1,True,0.0,0.0,0.0,9.0
lm_pmi_phi3.5,I48:wrong_label,I48,wrong_label,social,living room,1.1357,1,False,0.0,0.0,0.0,
lm_pmi_phi3.5,I48:wrong_pick,I48,wrong_pick,social,living room,1.128,1,False,0.0,0.0,0.0,
lm_pmi_phi3.5,I49:clean,I49,clean,social,dining,1.1293,1,True,0.0,0.0,0.0,
lm_pmi_phi3.5,I49:partial,I49,partial,social,dining,1.1323,1,True,0.0,0.0,0.0,
lm_pmi_phi3.5,I49:wrong_label,I49,wrong_label,social,dining,1.1926,1,False,0.0,0.0,0.0,
lm_pmi_phi3.5,I49:wrong_pick,I49,wrong_pick,social,dining,1.1903,1,False,0.0,0.0,0.0,
lm_pmi_phi3.5,I50:clean,I50,clean,social,living room,1.1036,1,True,0.0,1.0,1.0,2.0
lm_pmi_phi3.5,I50:partial,I50,partial,social,living room,1.0945,1,True,0.0,1.0,1.0,2.0
lm_pmi_phi3.5,I50:wrong_label,I50,wrong_label,social,living room,1.1084,1,False,0.0,0.0,0.0,
lm_pmi_phi3.5,I50:wrong_pick,I50,wrong_pick,social,living room,1.1,1,False,0.0,0.0,0.0,
lm_pmi_phi3.5,I51:clean,I51,clean,social,bedroom,1.0843,1,True,1.0,1.0,1.0,1.0
lm_pmi_phi3.5,I51:partial,I51,partial,social,bedroom,1.0872,1,True,1.0,1.0,1.0,1.0
lm_pmi_phi3.5,I51:wrong_label,I51,wrong_label,social,bedroom,1.1057,1,False,0.0,0.0,0.0,
lm_pmi_phi3.5,I51:wrong_pick,I51,wrong_pick,social,bedroom,1.0922,1,False,0.0,0.0,0.0,
lm_pmi_phi3.5,I52:clean,I52,clean,social,living room,1.1447,1,True,0.0,0.0,0.0,
lm_pmi_phi3.5,I52:partial,I52,partial,social,living room,1.1436,1,True,0.0,0.0,0.0,
lm_pmi_phi3.5,I52:wrong_label,I52,wrong_label,social,living room,1.1334,1,False,0.0,0.0,0.0,
lm_pmi_phi3.5,I52:wrong_pick,I52,wrong_pick,social,living room,1.0864,1,False,0.0,0.0,0.0,
lm_pmi_phi3.5,I53:clean,I53,clean,social,bedroom,1.1002,1,True,0.0,0.0,0.0,9.0
lm_pmi_phi3.5,I53:partial,I53,partial,social,bedroom,1.1058,1,True,0.0,0.0,0.0,9.0
lm_pmi_phi3.5,I53:wrong_label,I53,wrong_label,social,bedroom,1.1478,1,False,0.0,0.0,0.0,
lm_pmi_phi3.5,I53:wrong_pick,I53,wrong_pick,social,bedroom,1.0895,1,False,0.0,0.0,0.0,
lm_pmi_phi3.5,I54:clean,I54,clean,etiquette,dining,1.0921,1,True,0.0,0.0,0.0,
lm_pmi_phi3.5,I54:partial,I54,partial,etiquette,dining,1.0904,1,True,0.0,0.0,0.0,
lm_pmi_phi3.5,I54:wrong_label,I54,wrong_label,etiquette,dining,1.107,1,False,0.0,0.0,0.0,
lm_pmi_phi3.5,I54:wrong_pick,I54,wrong_pick,etiquette,dining,1.2715,1,False,0.0,0.0,0.0,
lm_pmi_phi3.5,I55:clean,I55,clean,etiquette,living room,1.2893,3,True,0.0,0.0,0.0,
lm_pmi_phi3.5,I55:partial,I55,partial,etiquette,living room,1.0845,3,True,0.0,0.0,0.0,10.0
lm_pmi_phi3.5,I55:wrong_label,I55,wrong_label,etiquette,living room,1.3237,3,True,0.0,0.0,0.0,
lm_pmi_phi3.5,I55:wrong_pick,I55,wrong_pick,etiquette,living room,1.3962,3,True,0.0,0.0,0.0,
lm_pmi_phi3.5,I56:clean,I56,clean,etiquette,dining,1.0985,1,True,0.0,0.0,0.0,
lm_pmi_phi3.5,I56:partial,I56,partial,etiquette,dining,1.0943,1,True,0.0,0.0,0.0,
lm_pmi_phi3.5,I56:wrong_label,I56,wrong_label,etiquette,dining,1.1025,1,False,0.0,0.0,0.0,
lm_pmi_phi3.5,I56:wrong_pick,I56,wrong_pick,etiquette,dining,1.1116,1,False,0.0,0.0,0.0,
lm_pmi_phi3.5,I57:clean,I57,clean,etiquette,bedroom,1.1063,1,True,0.0,1.0,1.0,3.0
lm_pmi_phi3.5,I57:partial,I57,partial,etiquette,bedroom,1.1053,1,True,0.0,1.0,1.0,3.0
lm_pmi_phi3.5,I57:wrong_label,I57,wrong_label,etiquette,bedroom,1.1008,1,False,0.0,0.0,0.0,
lm_pmi_phi3.5,I57:wrong_pick,I57,wrong_pick,etiquette,bedroom,1.1069,1,False,0.0,0.0,0.0,
lm_pmi_phi3.5,I58:clean,I58,clean,etiquette,living room,1.1091,1,True,0.0,0.0,0.0,
lm_pmi_phi3.5,I58:partial,I58,partial,etiquette,living room,1.1097,1,True,0.0,0.0,0.0,
lm_pmi_phi3.5,I58:wrong_label,I58,wrong_label,etiquette,living room,1.0937,1,False,0.0,0.0,0.0,
lm_pmi_phi3.5,I58:wrong_pick,I58,wrong_pick,etiquette,living room,1.1029,1,False,0.0,0.0,0.0,
lm_pmi_phi3.5,I59:clean,I59,clean,etiquette,dining,1.2125,2,True,0.0,0.0,0.0,7.0
lm_pmi_phi3.5,I59:partial,I59,partial,etiquette,dining,1.1107,2,True,0.0,0.0,0.0,7.0
lm_pmi_phi3.5,I59:wrong_label,I59,wrong_label,etiquette,dining,1.2154,2,True,0.0,0.0,0.0,
lm_pmi_phi3.5,I59:wrong_pick,I59,wrong_pick,etiquette,dining,1.2121,2,True,0.0,0.0,0.0,7.0
lm_pmi_phi3.5,I60:clean,I60,clean,etiquette,bedroom,1.1437,2,True,0.0,0.0,0.0,
lm_pmi_phi3.5,I60:partial,I60,partial,etiquette,bedroom,1.0802,2,True,0.0,0.0,0.0,
lm_pmi_phi3.5,I60:wrong_label,I60,wrong_label,etiquette,bedroom,1.148,2,True,0.0,0.0,0.0,
lm_pmi_phi3.5,I60:wrong_pick,I60,wrong_pick,etiquette,bedroom,1.142,2,True,0.0,0.0,0.0,
lm_pmi_qwen1.5b,I01:clean,I01,clean,needs,bedroom,0.4056,2,True,0.0,0.0,0.0,6.0
lm_pmi_qwen1.5b,I01:partial,I01,partial,needs,bedroom,0.3625,2,True,0.0,0.0,0.0,
lm_pmi_qwen1.5b,I01:wrong_label,I01,wrong_label,needs,bedroom,0.3813,2,True,0.0,0.0,0.0,
lm_pmi_qwen1.5b,I01:wrong_pick,I01,wrong_pick,needs,bedroom,0.3806,2,True,0.0,0.0,0.0,
lm_pmi_qwen1.5b,I02:clean,I02,clean,needs,bedroom,0.3743,2,True,0.0,1.0,1.0,2.0
lm_pmi_qwen1.5b,I02:partial,I02,partial,needs,bedroom,0.3607,2,True,0.0,1.0,1.0,3.0
lm_pmi_qwen1.5b,I02:wrong_label,I02,wrong_label,needs,bedroom,0.3749,2,True,0.0,0.0,1.0,5.0
lm_pmi_qwen1.5b,I02:wrong_pick,I02,wrong_pick,needs,bedroom,0.3715,2,True,0.0,0.0,0.0,
lm_pmi_qwen1.5b,I03:clean,I03,clean,needs,bedroom,0.3648,1,True,0.0,1.0,1.0,3.0
lm_pmi_qwen1.5b,I03:partial,I03,partial,needs,bedroom,0.3646,1,True,0.0,1.0,1.0,3.0
lm_pmi_qwen1.5b,I03:wrong_label,I03,wrong_label,needs,bedroom,0.368,1,False,0.0,0.0,0.0,
lm_pmi_qwen1.5b,I03:wrong_pick,I03,wrong_pick,needs,bedroom,0.3643,1,False,0.0,0.0,0.0,
lm_pmi_qwen1.5b,I04:clean,I04,clean,needs,bedroom,0.3598,1,True,0.0,1.0,1.0,3.0
lm_pmi_qwen1.5b,I04:partial,I04,partial,needs,bedroom,0.3669,1,True,0.0,1.0,1.0,3.0
lm_pmi_qwen1.5b,I04:wrong_label,I04,wrong_label,needs,bedroom,0.3688,1,False,0.0,0.0,0.0,
lm_pmi_qwen1.5b,I04:wrong_pick,I04,wrong_pick,needs,bedroom,0.3584,1,False,0.0,0.0,0.0,
lm_pmi_qwen1.5b,I05:clean,I05,clean,needs,bedroom,0.3605,1,True,0.0,1.0,1.0,2.0
lm_pmi_qwen1.5b,I05:partial,I05,partial,needs,bedroom,0.3683,1,True,0.0,1.0,1.0,2.0
lm_pmi_qwen1.5b,I05:wrong_label,I05,wrong_label,needs,bedroom,0.3616,1,False,0.0,0.0,0.0,
lm_pmi_qwen1.5b,I05:wrong_pick,I05,wrong_pick,needs,bedroom,0.3638,1,False,0.0,0.0,0.0,
lm_pmi_qwen1.5b,I06:clean,I06,clean,needs,bedroom,0.3932,3,True,0.0,0.0,0.0,
lm_pmi_qwen1.5b,I06:partial,I06,partial,needs,bedroom,0.3599,3,True,0.0,0.0,0.0,
lm_pmi_qwen1.5b,I06:wrong_label,I06,wrong_label,needs,bedroom,0.4054,3,True,0.0,0.0,0.0,
lm_pmi_qwen1.5b,I06:wrong_pick,I06,wrong_pick,needs,bedroom,0.3879,3,True,0.0,0.0,0.0,
lm_pmi_qwen1.5b,I07:clean,I07,clean,needs,bedroom,0.3663,1,True,1.0,1.0,1.0,1.0
lm_pmi_qwen1.5b,I07:partial,I07,partial,needs,bedroom,0.3693,1,True,1.0,1.0,1.0,1.0
lm_pmi_qwen1.5b,I07:wrong_label,I07,wrong_label,needs,bedroom,0.3696,1,False,1.0,1.0,1.0,1.0
lm_pmi_qwen1.5b,I07:wrong_pick,I07,wrong_pick,needs,bedroom,0.3675,1,False,0.0,1.0,1.0,2.0
lm_pmi_qwen1.5b,I08:clean,I08,clean,needs,bedroom,0.382,1,True,0.0,1.0,1.0,2.0
lm_pmi_qwen1.5b,I08:partial,I08,partial,needs,bedroom,0.3831,1,True,0.0,1.0,1.0,2.0
lm_pmi_qwen1.5b,I08:wrong_label,I08,wrong_label,needs,bedroom,0.366,1,False,0.0,0.0,0.0,7.0
lm_pmi_qwen1.5b,I08:wrong_pick,I08,wrong_pick,needs,bedroom,0.3775,1,False,0.0,0.0,0.0,
lm_pmi_qwen1.5b,I09:clean,I09,clean,needs,bedroom,0.3764,1,True,0.0,0.0,1.0,4.0
lm_pmi_qwen1.5b,I09:partial,I09,partial,needs,bedroom,0.3751,1,True,0.0,0.0,1.0,4.0
lm_pmi_qwen1.5b,I09:wrong_label,I09,wrong_label,needs,bedroom,0.3763,1,False,0.0,1.0,1.0,3.0
lm_pmi_qwen1.5b,I09:wrong_pick,I09,wrong_pick,needs,bedroom,0.3869,1,False,0.0,0.0,0.0,
lm_pmi_qwen1.5b,I10:clean,I10,clean,needs,bedroom,0.3814,1,True,0.0,0.0,0.0,7.0
lm_pmi_qwen1.5b,I10:partial,I10,partial,needs,bedroom,0.3886,1,True,0.0,0.0,0.0,7.0
lm_pmi_qwen1.5b,I10:wrong_label,I10,wrong_label,needs,bedroom,0.3757,1,False,0.0,0.0,0.0,
lm_pmi_qwen1.5b,I10:wrong_pick,I10,wrong_pick,needs,bedroom,0.3697,1,False,0.0,0.0,0.0,
lm_pmi_qwen1.5b,I11:clean,I11,clean,needs,bedroom,0.3787,1,True,0.0,1.0,1.0,2.0
lm_pmi_qwen1.5b,I11:partial,I11,partial,needs,bedroom,0.3734,1,True,0.0,1.0,1.0,2.0
lm_pmi_qwen1.5b,I11:wrong_label,I11,wrong_label,needs,bedroom,0.3843,1,False,0.0,0.0,0.0,
lm_pmi_qwen1.5b,I11:wrong_pick,I11,wrong_pick,needs,bedroom,0.3768,1,False,0.0,0.0,0.0,
lm_pmi_qwen1.5b,I12:clean,I12,clean,needs,bedroom,0.4115,3,True,1.0,1.0,1.0,1.0
lm_pmi_qwen1.5b,I12:partial,I12,partial,needs,bedroom,0.3711,3,True,0.0,1.0,1.0,2.0
lm_pmi_qwen1.5b,I12:wrong_label,I12,wrong_label,needs,bedroom,0.4266,3,True,1.0,1.0,1.0,1.0
lm_pmi_qwen1.5b,I12:wrong_pick,I12,wrong_pick,needs,bedroom,0.4232,3,True,1.0,1.0,1.0,1.0
lm_pmi_qwen1.5b,I13:clean,I13,clean,needs,bathroom,0.4235,3,True,0.0,1.0,1.0,2.0
lm_pmi_qwen1.5b,I13:partial,I13,partial,needs,bathroom,0.3767,3,True,0.0,1.0,1.0,2.0
lm_pmi_qwen1.5b,I13:wrong_label,I13,wrong_label,needs,bathroom,0.4271,3,True,0.0,1.0,1.0,2.0
lm_pmi_qwen1.5b,I13:wrong_pick,I13,wrong_pick,needs,bathroom,0.4485,3,True,0.0,1.0,1.0,2.0
lm_pmi_qwen1.5b,I14:clean,I14,clean,needs,bathroom,0.4148,3,True,0.0,1.0,1.0,3.0
lm_pmi_qwen1.5b,I14:partial,I14,partial,needs,bathroom,0.3727,3,True,0.0,1.0,1.0,3.0
lm_pmi_qwen1.5b,I14:wrong_label,I14,wrong_label,needs,bathroom,0.4242,3,True,0.0,1.0,1.0,3.0
lm_pmi_qwen1.5b,I14:wrong_pick,I14,wrong_pick,needs,bathroom,0.4182,3,True,0.0,1.0,1.0,3.0
lm_pmi_qwen1.5b,I15:clean,I15,clean,needs,bathroom,0.3798,1,True,0.0,0.0,1.0,4.0
lm_pmi_qwen1.5b,I15:partial,I15,partial,needs,bathroom,0.3821,1,True,0.0,0.0,1.0,4.0
lm_pmi_qwen1.5b,I15:wrong_label,I15,wrong_label,needs,bathroom,0.3766,1,False,0.0,0.0,0.0,
lm_pmi_qwen1.5b,I15:wrong_pick,I15,wrong_pick,needs,bathroom,0.3748,1,False,0.0,0.0,0.0,
lm_pmi_qwen1.5b,I16:clean,I16,clean,needs,bathroom,0.3896,2,True,0.0,1.0,1.0,2.0
lm_pmi_qwen1.5b,I16:partial,I16,partial,needs,bathroom,0.3824,2,True,0.0,1.0,1.0,2.0
lm_pmi_qwen1.5b,I16:wrong_label,I16,wrong_label,needs,bathroom,0.3934,2,True,0.0,1.0,1.0,2.0
lm_pmi_qwen1.5b,I16:wrong_pick,I16,wrong_pick,needs,bathroom,0.4028,2,True,0.0,1.0,1.0,2.0
lm_pmi_qwen1.5b,I17:clean,I17,clean,needs,bathroom,0.3899,1,True,1.0,1.0,1.0,1.0
lm_pmi_qwen1.5b,I17:partial,I17,partial,needs,bathroom,0.3955,1,True,1.0,1.0,1.0,1.0
lm_pmi_qwen1.5b,I17:wrong_label,I17,wrong_label,needs,bathroom,0.3926,1,False,0.0,0.0,1.0,4.0
lm_pmi_qwen1.5b,I17:wrong_pick,I17,wrong_pick,needs,bathroom,0.3908,1,False,0.0,0.0,0.0,8.0
lm_pmi_qwen1.5b,I18:clean,I18,clean,needs,bathroom,0.3876,1,True,0.0,1.0,1.0,2.0
lm_pmi_qwen1.5b,I18:partial,I18,partial,needs,bathroom,0.3865,1,True,0.0,1.0,1.0,2.0
lm_pmi_qwen1.5b,I18:wrong_label,I18,wrong_label,needs,bathroom,0.3888,1,False,0.0,0.0,0.0,7.0
lm_pmi_qwen1.5b,I18:wrong_pick,I18,wrong_pick,needs,bathroom,0.3935,1,False,0.0,0.0,0.0,7.0
lm_pmi_qwen1.5b,I19:clean,I19,clean,needs,kitchen,0.415,2,True,0.0,1.0,1.0,2.0
lm_pmi_qwen1.5b,I19:partial,I19,partial,needs,kitchen,0.3934,2,True,0.0,0.0,1.0,5.0
lm_pmi_qwen1.5b,I19:wrong_label,I19,wrong_label,needs,kitchen,0.4022,2,True,0.0,1.0,1.0,2.0
lm_pmi_qwen1.5b,I19:wrong_pick,I19,wrong_pick,needs,kitchen,0.4295,2,True,0.0,0.0,1.0,4.0
lm_pmi_qwen1.5b,I20:clean,I20,clean,needs,kitchen,0.3867,2,True,0.0,1.0,1.0,3.0
lm_pmi_qwen1.5b,I20:partial,I20,partial,needs,kitchen,0.3879,2,True,0.0,1.0,1.0,3.0
lm_pmi_qwen1.5b,I20:wrong_label,I20,wrong_label,needs,kitchen,0.4012,2,True,0.0,0.0,1.0,5.0
lm_pmi_qwen1.5b,I20:wrong_pick,I20,wrong_pick,needs,kitchen,0.3996,2,True,0.0,0.0,0.0,7.0
lm_pmi_qwen1.5b,I21:clean,I21,clean,needs,kitchen,0.3887,1,True,0.0,1.0,1.0,3.0
lm_pmi_qwen1.5b,I21:partial,I21,partial,needs,kitchen,0.3924,1,True,0.0,1.0,1.0,3.0
lm_pmi_qwen1.5b,I21:wrong_label,I21,wrong_label,needs,kitchen,0.39,1,False,0.0,0.0,0.0,
lm_pmi_qwen1.5b,I21:wrong_pick,I21,wrong_pick,needs,kitchen,0.3917,1,False,0.0,0.0,0.0,
lm_pmi_qwen1.5b,I22:clean,I22,clean,needs,kitchen,0.4126,2,True,0.0,0.0,1.0,4.0
lm_pmi_qwen1.5b,I22:partial,I22,partial,needs,kitchen,0.3922,2,True,0.0,0.0,0.0,10.0
lm_pmi_qwen1.5b,I22:wrong_label,I22,wrong_label,needs,kitchen,0.4072,2,True,0.0,0.0,0.0,
lm_pmi_qwen1.5b,I22:wrong_pick,I22,wrong_pick,needs,kitchen,0.41,2,True,0.0,0.0,0.0,8.0
lm_pmi_qwen1.5b,I23:clean,I23,clean,needs,kitchen,0.4058,2,True,0.0,0.0,0.0,
lm_pmi_qwen1.5b,I23:partial,I23,partial,needs,kitchen,0.3939,2,True,0.0,0.0,0.0,9.0
lm_pmi_qwen1.5b,I23:wrong_label,I23,wrong_label,needs,kitchen,0.4091,2,True,0.0,0.0,0.0,10.0
lm_pmi_qwen1.5b,I23:wrong_pick,I23,wrong_pick,needs,kitchen,0.4455,2,True,0.0,0.0,0.0,
lm_pmi_qwen1.5b,I24:clean,I24,clean,needs,dining,0.4439,3,True,0.0,1.0,1.0,2.0
lm_pmi_qwen1.5b,I24:partial,I24,partial,needs,dining,0.399,3,True,0.0,1.0,1.0,2.0
lm_pmi_qwen1.5b,I24:wrong_label,I24,wrong_label,needs,dining,0.425,3,True,0.0,1.0,1.0,2.0
lm_pmi_qwen1.5b,I24:wrong_pick,I24,wrong_pick,needs,dining,0.42,3,True,0.0,1.0,1.0,2.0
lm_pmi_qwen1.5b,I25:clean,I25,clean,needs,dining,0.4147,2,True,0.0,1.0,1.0,3.0
lm_pmi_qwen1.5b,I25:partial,I25,partial,needs,dining,0.3945,2,True,0.0,0.0,1.0,5.0
lm_pmi_qwen1.5b,I25:wrong_label,I25,wrong_label,needs,dining,0.4197,2,True,0.0,0.0,1.0,5.0
lm_pmi_qwen1.5b,I25:wrong_pick,I25,wrong_pick,needs,dining,0.4219,2,True,0.0,0.0,1.0,4.0
lm_pmi_qwen1.5b,I26:clean,I26,clean,needs,dining,0.4065,1,True,1.0,1.0,1.0,1.0
lm_pmi_qwen1.5b,I26:partial,I26,partial,needs,dining,0.4125,1,True,1.0,1.0,1.0,1.0
lm_pmi_qwen1.5b,I26:wrong_label,I26,wrong_label,needs,dining,0.3988,1,False,1.0,1.0,1.0,1.0
lm_pmi_qwen1.5b,I26:wrong_pick,I26,wrong_pick,needs,dining,0.4237,1,False,1.0,1.0,1.0,1.0
lm_pmi_qwen1.5b,I27:clean,I27,clean,needs,dining,0.4081,1,True,0.0,0.0,0.0,6.0
lm_pmi_qwen1.5b,I27:partial,I27,partial,needs,dining,0.4063,1,True,0.0,0.0,0.0,6.0
lm_pmi_qwen1.5b,I27:wrong_label,I27,wrong_label,needs,dining,0.4082,1,False,0.0,0.0,0.0,
lm_pmi_qwen1.5b,I27:wrong_pick,I27,wrong_pick,needs,dining,0.4155,1,False,0.0,0.0,0.0,
lm_pmi_qwen1.5b,I28:clean,I28,clean,needs,living room,0.4541,2,True,1.0,1.0,1.0,1.0
lm_pmi_qwen1.5b,I28:partial,I28,partial,needs,living room,0.424,2,True,1.0,1.0,1.0,1.0
lm_pmi_qwen1.5b,I28:wrong_label,I28,wrong_label,needs,living room,0.4348,2,True,0.0,1.0,1.0,2.0
lm_pmi_qwen1.5b,I28:wrong_pick,I28,wrong_pick,needs,living room,0.4552,2,True,1.0,1.0,1.0,1.0
lm_pmi_qwen1.5b,I29:clean,I29,clean,needs,living room,0.4272,2,True,1.0,1.0,1.0,1.0
lm_pmi_qwen1.5b,I29:partial,I29,partial,needs,living room,0.4178,2,True,1.0,1.0,1.0,1.0
lm_pmi_qwen1.5b,I29:wrong_label,I29,wrong_label,needs,living room,0.422,2,True,1.0,1.0,1.0,1.0
lm_pmi_qwen1.5b,I29:wrong_pick,I29,wrong_pick,needs,living room,0.4297,2,True,1.0,1.0,1.0,1.0
lm_pmi_qwen1.5b,I30:clean,I30,clean,needs,living room,0.4199,1,True,1.0,1.0,1.0,1.0
lm_pmi_qwen1.5b,I30:partial,I30,partial,needs,living room,0.4097,1,True,1.0,1.0,1.0,1.0
lm_pmi_qwen1.5b,I30:wrong_label,I30,wrong_label,needs,living room,0.419,1,False,0.0,0.0,0.0,
lm_pmi_qwen1.5b,I30:wrong_pick,I30,wrong_pick,needs,living room,0.4209,1,False,0.0,0.0,0.0,
lm_pmi_qwen1.5b,I31:clean,I31,clean,needs,living room,0.4191,1,True,1.0,1.0,1.0,1.0
lm_pmi_qwen1.5b,I31:partial,I31,partial,needs,living room,0.4179,1,True,1.0,1.0,1.0,1.0
lm_pmi_qwen1.5b,I31:wrong_label,I31,wrong_label,needs,living room,0.4238,1,False,0.0,0.0,0.0,8.0
lm_pmi_qwen1.5b,I31:wrong_pick,I31,wrong_pick,needs,living room,0.4266,1,False,0.0,0.0,0.0,6.0
lm_pmi_qwen1.5b,I32:clean,I32,clean,needs,living room,0.4232,1,True,1.0,1.0,1.0,1.0
lm_pmi_qwen1.5b,I32:partial,I32,partial,needs,living room,0.4281,1,True,1.0,1.0,1.0,1.0
lm_pmi_qwen1.5b,I32:wrong_label,I32,wrong_label,needs,living room,0.4111,1,False,0.0,1.0,1.0,3.0
lm_pmi_qwen1.5b,I32:wrong_pick,I32,wrong_pick,needs,living room,0.4139,1,False,0.0,0.0,0.0,
lm_pmi_qwen1.5b,I33:clean,I33,clean,needs,bedroom,0.4153,1,True,0.0,0.0,0.0,
lm_pmi_qwen1.5b,I33:partial,I33,partial,needs,bedroom,0.4151,1,True,0.0,0.0,0.0,
lm_pmi_qwen1.5b,I33:wrong_label,I33,wrong_label,needs,bedroom,0.4129,1,False,0.0,0.0,0.0,
lm_pmi_qwen1.5b,I33:wrong_pick,I33,wrong_pick,needs,bedroom,0.421,1,False,0.0,0.0,0.0,
lm_pmi_qwen1.5b,I34:clean,I34,clean,information,bedroom,0.4233,1,True,0.0,1.0,1.0,2.0
lm_pmi_qwen1.5b,I34:partial,I34,partial,information,bedroom,0.425,1,True,0.0,1.0,1.0,2.0
lm_pmi_qwen1.5b,I34:wrong_label,I34,wrong_label,information,bedroom,0.4296,1,False,0.0,0.0,0.0,
lm_pmi_qwen1.5b,I34:wrong_pick,I34,wrong_pick,information,bedroom,0.4217,1,False,0.0,0.0,0.0,
lm_pmi_qwen1.5b,I35:clean,I35,clean,information,living room,0.4353,1,True,0.0,0.0,1.0,5.0
lm_pmi_qwen1.5b,I35:partial,I35,partial,information,living room,0.4258,1,True,0.0,0.0,1.0,5.0
lm_pmi_qwen1.5b,I35:wrong_label,I35,wrong_label,information,living room,0.4339,1,False,0.0,0.0,0.0,
lm_pmi_qwen1.5b,I35:wrong_pick,I35,wrong_pick,information,living room,0.442,1,False,0.0,0.0,0.0,
lm_pmi_qwen1.5b,I36:clean,I36,clean,information,bedroom,0.4255,1,True,1.0,1.0,1.0,1.0
lm_pmi_qwen1.5b,I36:partial,I36,partial,information,bedroom,0.4251,1,True,1.0,1.0,1.0,1.0
lm_pmi_qwen1.5b,I36:wrong_label,I36,wrong_label,information,bedroom,0.4227,1,False,0.0,0.0,0.0,
lm_pmi_qwen1.5b,I36:wrong_pick,I36,wrong_pick,information,bedroom,0.43,1,False,0.0,0.0,0.0,
lm_pmi_qwen1.5b,I37:clean,I37,clean,information,bedroom,0.4322,2,True,0.0,0.0,0.0,6.0
lm_pmi_qwen1.5b,I37:partial,I37,partial,information,bedroom,0.4177,2,True,0.0,0.0,0.0,7.0
lm_pmi_qwen1.5b,I37:wrong_label,I37,wrong_label,information,bedroom,0.4353,2,True,0.0,0.0,0.0,
lm_pmi_qwen1.5b,I37:wrong_pick,I37,wrong_pick,information,bedroom,0.4413,2,True,0.0,0.0,0.0,
lm_pmi_qwen1.5b,I38:clean,I38,clean,information,living room,0.4328,1,True,0.0,0.0,1.0,4.0
lm_pmi_qwen1.5b,I38:partial,I38,partial,information,living room,0.4393,1,True,0.0,0.0,1.0,4.0
lm_pmi_qwen1.5b,I38:wrong_label,I38,wrong_label,information,living room,0.4303,1,False,0.0,0.0,0.0,
lm_pmi_qwen1.5b,I38:wrong_pick,I38,wrong_pick,information,living room,0.4428,1,False,0.0,0.0,0.0,
lm_pmi_qwen1.5b,I39:clean,I39,clean,information,bedroom,0.4193,1,True,0.0,0.0,0.0,
lm_pmi_qwen1.5b,I39:partial,I39,partial,information,bedroom,0.419,1,True,0.0,0.0,0.0,
lm_pmi_qwen1.5b,I39:wrong_label,I39,wrong_label,information,bedroom,0.4226,1,False,0.0,0.0,0.0,
lm_pmi_qwen1.5b,I39:wrong_pick,I39,wrong_pick,information,bedroom,0.44,1,False,0.0,0.0,0.0,
lm_pmi_qwen1.5b,I40:clean,I40,clean,information,living room,0.4381,1,True,0.0,0.0,0.0,8.0
lm_pmi_qwen1.5b,I40:partial,I40,partial,information,living room,0.4313,1,True,0.0,0.0,0.0,8.0
lm_pmi_qwen1.5b,I40:wrong_label,I40,wrong_label,information,living room,0.4401,1,False,0.0,0.0,0.0,
lm_pmi_qwen1.5b,I40:wrong_pick,I40,wrong_pick,information,living room,0.4543,1,False,0.0,0.0,0.0,
lm_pmi_qwen1.5b,I41:clean,I41,clean,information,kitchen,0.4337,1,True,0.0,1.0,1.0,3.0
lm_pmi_qwen1.5b,I41:partial,I41,partial,information,kitchen,0.4305,1,True,0.0,1.0,1.0,3.0
lm_pmi_qwen1.5b,I41:wrong_label,I41,wrong_label,information,kitchen,0.4364,1,False,0.0,1.0,1.0,2.0
lm_pmi_qwen1.5b,I41:wrong_pick,I41,wrong_pick,information,kitchen,0.4378,1,False,0.0,0.0,0.0,
lm_pmi_qwen1.5b,I42:clean,I42,clean,information,bedroom,0.4463,1,True,0.0,1.0,1.0,2.0
lm_pmi_qwen1.5b,I42:partial,I42,partial,information,bedroom,0.4465,1,True,0.0,1.0,1.0,2.0
lm_pmi_qwen1.5b,I42:wrong_label,I42,wrong_label,information,bedroom,0.4403,1,False,0.0,0.0,0.0,
lm_pmi_qwen1.5b,I42:wrong_pick,I42,wrong_pick,information,bedroom,0.447,1,False,0.0,0.0,0.0,
lm_pmi_qwen1.5b,I43:clean,I43,clean,information,dining,0.4402,1,True,0.0,0.0,1.0,4.0
lm_pmi_qwen1.5b,I43:partial,I43,partial,information,dining,0.4442,1,True,0.0,0.0,1.0,4.0
lm_pmi_qwen1.5b,I43:wrong_label,I43,wrong_label,information,dining,0.4449,1,False,0.0,0.0,0.0,
lm_pmi_qwen1.5b,I43:wrong_pick,I43,wrong_pick,information,dining,0.4603,1,False,0.0,0.0,0.0,
lm_pmi_qwen1.5b,I44:clean,I44,clean,social,bedroom,0.4533,1,True,0.0,0.0,1.0,5.0
lm_pmi_qwen1.5b,I44:partial,I44,partial,social,bedroom,0.4538,1,True,0.0,0.0,1.0,5.0
lm_pmi_qwen1.5b,I44:wrong_label,I44,wrong_label,social,bedroom,0.4446,1,False,0.0,0.0,0.0,
lm_pmi_qwen1.5b,I44:wrong_pick,I44,wrong_pick,social,bedroom,0.4554,1,False,0.0,0.0,0.0,
lm_pmi_qwen1.5b,I45:clean,I45,clean,social,living room,0.4553,1,True,1.0,1.0,1.0,1.0
lm_pmi_qwen1.5b,I45:partial,I45,partial,social,living room,0.4557,1,True,1.0,1.0,1.0,1.0
lm_pmi_qwen1.5b,I45:wrong_label,I45,wrong_label,social,living room,0.4551,1,False,0.0,0.0,0.0,
lm_pmi_qwen1.5b,I45:wrong_pick,I45,wrong_pick,social,living room,0.4546,1,False,0.0,0.0,0.0,
lm_pmi_qwen1.5b,I46:clean,I46,clean,social,living room,0.4597,1,True,0.0,1.0,1.0,3.0
lm_pmi_qwen1.5b,I46:partial,I46,partial,social,living room,0.4589,1,True,0.0,1.0,1.0,3.0
lm_pmi_qwen1.5b,I46:wrong_label,I46,wrong_label,social,living room,0.4578,1,False,0.0,0.0,0.0,
lm_pmi_qwen1.5b,I46:wrong_pick,I46,wrong_pick,social,living room,0.459,1,False,0.0,0.0,0.0,
lm_pmi_qwen1.5b,I47:clean,I47,clean,social,bedroom,0.4573,1,True,0.0,0.0,0.0,
lm_pmi_qwen1.5b,I47:partial,I47,partial,social,bedroom,0.4527,1,True,0.0,0.0,0.0,
lm_pmi_qwen1.5b,I47:wrong_label,I47,wrong_label,social,bedroom,0.4554,1,False,0.0,0.0,0.0,
lm_pmi_qwen1.5b,I47:wrong_pick,I47,wrong_pick,social,bedroom,0.4551,1,False,0.0,0.0,0.0,
lm_pmi_qwen1.5b,I48:clean,I48,clean,social,living room,0.4756,1,True,0.0,0.0,0.0,
lm_pmi_qwen1.5b,I48:partial,I48,partial,social,living room,0.4752,1,True,0.0,0.0,0.0,
lm_pmi_qwen1.5b,I48:wrong_label,I48,wrong_label,social,living room,0.4798,1,False,0.0,0.0,0.0,
lm_pmi_qwen1.5b,I48:wrong_pick,I48,wrong_pick,social,living room,0.4802,1,False,0.0,0.0,0.0,
lm_pmi_qwen1.5b,I49:clean,I49,clean,social,dining,0.4679,1,True,0.0,0.0,0.0,
lm_pmi_qwen1.5b,I49:partial,I49,partial,social,dining,0.48,1,True,0.0,0.0,0.0,
lm_pmi_qwen1.5b,I49:wrong_label,I49,wrong_label,social,dining,0.4685,1,False,0.0,0.0,0.0,
lm_pmi_qwen1.5b,I49:wrong_pick,I49,wrong_pick,social,dining,0.4887,1,False,0.0,0.0,0.0,
lm_pmi_qwen1.5b,I50:clean,I50,clean,social,living room,0.4884,1,True,0.0,0.0,0.0,
lm_pmi_qwen1.5b,I50:partial,I50,partial,social,living room,0.4925,1,True,0.0,0.0,0.0,
lm_pmi_qwen1.5b,I50:wrong_label,I50,wrong_label,social,living room,0.4785,1,False,0.0,0.0,0.0,
lm_pmi_qwen1.5b,I50:wrong_pick,I50,wrong_pick,social,living room,0.4874,1,False,0.0,0.0,0.0,
lm_pmi_qwen1.5b,I51:clean,I51,clean,social,bedroom,0.481,1,True,1.0,1.0,1.0,1.0
lm_pmi_qwen1.5b,I51:partial,I51,partial,social,bedroom,0.4759,1,True,1.0,1.0,1.0,1.0
lm_pmi_qwen1.5b,I51:wrong_label,I51,wrong_label,social,bedroom,0.4908,1,False,0.0,0.0,0.0,
lm_pmi_qwen1.5b,I51:wrong_pick,I51,wrong_pick,social,bedroom,0.4807,1,False,0.0,0.0,0.0,
lm_pmi_qwen1.5b,I52:clean,I52,clean,social,living room,0.4951,1,True,0.0,0.0,0.0,
lm_pmi_qwen1.5b,I52:partial,I52,partial,social,living room,0.4921,1,True,0.0,0.0,0.0,
lm_pmi_qwen1.5b,I52:wrong_label,I52,wrong_label,social,living room,0.491,1,False,0.0,0.0,0.0,
lm_pmi_qwen1.5b,I52:wrong_pick,I52,wrong_pick,social,living room,0.4872,1,False,0.0,0.0,0.0,
lm_pmi_qwen1.5b,I53:clean,I53,clean,social,bedroom,0.4808,1,True,0.0,0.0,1.0,5.0
lm_pmi_qwen1.5b,I53:partial,I53,partial,social,bedroom,0.4845,1,True,0.0,0.0,1.0,5.0
lm_pmi_qwen1.5b,I53:wrong_label,I53,wrong_label,social,bedroom,0.4834,1,False,0.0,0.0,0.0,
lm_pmi_qwen1.5b,I53:wrong_pick,I53,wrong_pick,social,bedroom,0.4842,1,False,0.0,0.0,0.0,
lm_pmi_qwen1.5b,I54:clean,I54,clean,etiquette,dining,0.4836,1,True,0.0,0.0,0.0,
lm_pmi_qwen1.5b,I54:partial,I54,partial,etiquette,dining,0.4872,1,True,0.0,0.0,0.0,
lm_pmi_qwen1.5b,I54:wrong_label,I54,wrong_label,etiquette,dining,0.4872,1,False,0.0,0.0,0.0,
lm_pmi_qwen1.5b,I54:wrong_pick,I54,wrong_pick,etiquette,dining,0.4929,1,False,0.0,0.0,0.0,
lm_pmi_qwen1.5b,I55:clean,I55,clean,etiquette,living room,0.5497,3,True,0.0,0.0,0.0,6.0
lm_pmi_qwen1.5b,I55:partial,I55,partial,etiquette,living room,0.4944,3,True,0.0,0.0,0.0,10.0
lm_pmi_qwen1.5b,I55:wrong_label,I55,wrong_label,etiquette,living room,0.5464,3,True,0.0,0.0,0.0,10.0
lm_pmi_qwen1.5b,I55:wrong_pick,I55,wrong_pick,etiquette,living room,0.5417,3,True,0.0,0.0,0.0,10.0
lm_pmi_qwen1.5b,I56:clean,I56,clean,etiquette,dining,0.4818,1,True,0.0,0.0,1.0,4.0
lm_pmi_qwen1.5b,I56:partial,I56,partial,etiquette,dining,0.4831,1,True,0.0,0.0,1.0,4.0
lm_pmi_qwen1.5b,I56:wrong_label,I56,wrong_label,etiquette,dining,0.4853,1,False,0.0,0.0,0.0,
lm_pmi_qwen1.5b,I56:wrong_pick,I56,wrong_pick,etiquette,dining,0.4841,1,False,0.0,0.0,0.0,
lm_pmi_qwen1.5b,I57:clean,I57,clean,etiquette,bedroom,0.4958,1,True,0.0,0.0,0.0,6.0
lm_pmi_qwen1.5b,I57:partial,I57,partial,etiquette,bedroom,0.4848,1,True,0.0,0.0,0.0,6.0
lm_pmi_qwen1.5b,I57:wrong_label,I57,wrong_label,etiquette,bedroom,0.4765,1,False,0.0,0.0,0.0,
lm_pmi_qwen1.5b,I57:wrong_pick,I57,wrong_pick,etiquette,bedroom,0.4877,1,False,0.0,0.0,0.0,
lm_pmi_qwen1.5b,I58:clean,I58,clean,etiquette,living room,0.4918,1,True,0.0,0.0,1.0,5.0
lm_pmi_qwen1.5b,I58:partial,I58,partial,etiquette,living room,0.4952,1,True,0.0,0.0,1.0,5.0
lm_pmi_qwen1.5b,I58:wrong_label,I58,wrong_label,etiquette,living room,0.484,1,False,0.0,0.0,0.0,
lm_pmi_qwen1.5b,I58:wrong_pick,I58,wrong_pick,etiquette,living room,0.4937,1,False,0.0,0.0,0.0,9.0
lm_pmi_qwen1.5b,I59:clean,I59,clean,etiquette,dining,0.4958,2,True,0.0,0.0,0.0,10.0
lm_pmi_qwen1.5b,I59:partial,I59,partial,etiquette,dining,0.4858,2,True,0.0,0.0,0.0,
lm_pmi_qwen1.5b,I59:wrong_label,I59,wrong_label,etiquette,dining,0.4943,2,True,0.0,0.0,0.0,
lm_pmi_qwen1.5b,I59:wrong_pick,I59,wrong_pick,etiquette,dining,0.5004,2,True,0.0,0.0,0.0,
lm_pmi_qwen1.5b,I60:clean,I60,clean,etiquette,bedroom,0.485,2,True,0.0,0.0,0.0,
lm_pmi_qwen1.5b,I60:partial,I60,partial,etiquette,bedroom,0.4739,2,True,0.0,0.0,0.0,
lm_pmi_qwen1.5b,I60:wrong_label,I60,wrong_label,etiquette,bedroom,0.48,2,True,0.0,0.0,0.0,
lm_pmi_qwen1.5b,I60:wrong_pick,I60,wrong_pick,etiquette,bedroom,0.4777,2,True,0.0,0.0,0.0,
lm_pmi_qwen3b,I01:clean,I01,clean,needs,bedroom,0.8933,2,True,0.0,0.0,0.0,7.0
lm_pmi_qwen3b,I01:partial,I01,partial,needs,bedroom,0.8498,2,True,0.0,1.0,1.0,3.0
lm_pmi_qwen3b,I01:wrong_label,I01,wrong_label,needs,bedroom,0.971,2,True,0.0,0.0,0.0,6.0
lm_pmi_qwen3b,I01:wrong_pick,I01,wrong_pick,needs,bedroom,0.9196,2,True,0.0,0.0,0.0,6.0
lm_pmi_qwen3b,I02:clean,I02,clean,needs,bedroom,0.9283,2,True,0.0,0.0,1.0,5.0
lm_pmi_qwen3b,I02:partial,I02,partial,needs,bedroom,0.8907,2,True,0.0,0.0,0.0,
lm_pmi_qwen3b,I02:wrong_label,I02,wrong_label,needs,bedroom,0.9233,2,True,0.0,0.0,1.0,5.0
lm_pmi_qwen3b,I02:wrong_pick,I02,wrong_pick,needs,bedroom,0.9264,2,True,0.0,0.0,0.0,7.0
lm_pmi_qwen3b,I03:clean,I03,clean,needs,bedroom,0.902,1,True,0.0,0.0,0.0,
lm_pmi_qwen3b,I03:partial,I03,partial,needs,bedroom,0.9071,1,True,0.0,0.0,0.0,
lm_pmi_qwen3b,I03:wrong_label,I03,wrong_label,needs,bedroom,0.9295,1,False,0.0,0.0,0.0,
lm_pmi_qwen3b,I03:wrong_pick,I03,wrong_pick,needs,bedroom,0.9482,1,False,0.0,0.0,0.0,
lm_pmi_qwen3b,I04:clean,I04,clean,needs,bedroom,0.9103,1,True,1.0,1.0,1.0,1.0
lm_pmi_qwen3b,I04:partial,I04,partial,needs,bedroom,0.9153,1,True,1.0,1.0,1.0,1.0
lm_pmi_qwen3b,I04:wrong_label,I04,wrong_label,needs,bedroom,0.9285,1,False,0.0,0.0,0.0,
lm_pmi_qwen3b,I04:wrong_pick,I04,wrong_pick,needs,bedroom,0.9129,1,False,0.0,0.0,0.0,
lm_pmi_qwen3b,I05:clean,I05,clean,needs,bedroom,0.9084,1,True,0.0,1.0,1.0,3.0
lm_pmi_qwen3b,I05:partial,I05,partial,needs,bedroom,0.8904,1,True,0.0,1.0,1.0,3.0
lm_pmi_qwen3b,I05:wrong_label,I05,wrong_label,needs,bedroom,0.8886,1,False,0.0,0.0,0.0,
lm_pmi_qwen3b,I05:wrong_pick,I05,wrong_pick,needs,bedroom,0.8957,1,False,1.0,1.0,1.0,1.0
lm_pmi_qwen3b,I06:clean,I06,clean,needs,bedroom,0.9954,3,True,0.0,0.0,0.0,
lm_pmi_qwen3b,I06:partial,I06,partial,needs,bedroom,0.8556,3,True,0.0,0.0,0.0,
lm_pmi_qwen3b,I06:wrong_label,I06,wrong_label,needs,bedroom,1.0829,3,True,0.0,0.0,0.0,
lm_pmi_qwen3b,I06:wrong_pick,I06,wrong_pick,needs,bedroom,0.9602,3,True,0.0,0.0,0.0,
lm_pmi_qwen3b,I07:clean,I07,clean,needs,bedroom,0.8483,1,True,1.0,1.0,1.0,1.0
lm_pmi_qwen3b,I07:partial,I07,partial,needs,bedroom,0.84,1,True,1.0,1.0,1.0,1.0
lm_pmi_qwen3b,I07:wrong_label,I07,wrong_label,needs,bedroom,0.827,1,False,0.0,0.0,1.0,4.0
lm_pmi_qwen3b,I07:wrong_pick,I07,wrong_pick,needs,bedroom,0.836,1,False,0.0,0.0,0.0,7.0
lm_pmi_qwen3b,I08:clean,I08,clean,needs,bedroom,0.839,1,True,1.0,1.0,1.0,1.0
lm_pmi_qwen3b,I08:partial,I08,partial,needs,bedroom,0.8256,1,True,1.0,1.0,1.0,1.0
lm_pmi_qwen3b,I08:wrong_label,I08,wrong_label,needs,bedroom,0.8199,1,False,0.0,0.0,0.0,6.0
lm_pmi_qwen3b,I08:wrong_pick,I08,wrong_pick,needs,bedroom,0.8162,1,False,0.0,0.0,0.0,
lm_pmi_qwen3b,I09:clean,I09,clean,needs,bedroom,0.8093,1,True,0.0,1.0,1.0,3.0
lm_pmi_qwen3b,I09:partial,I09,partial,needs,bedroom,0.8202,1,True,0.0,1.0,1.0,3.0
lm_pmi_qwen3b,I09:wrong_label,I09,wrong_label,needs,bedroom,0.7952,1,False,0.0,0.0,1.0,5.0
lm_pmi_qwen3b,I09:wrong_pick,I09,wrong_pick,needs,bedroom,0.7992,1,False,0.0,0.0,0.0,
lm_pmi_qwen3b,I10:clean,I10,clean,needs,bedroom,0.8149,1,True,0.0,0.0,0.0,6.0
lm_pmi_qwen3b,I10:partial,I10,partial,needs,bedroom,0.8085,1,True,0.0,0.0,0.0,6.0
lm_pmi_qwen3b,I10:wrong_label,I10,wrong_label,needs,bedroom,0.7859,1,False,0.0,0.0,0.0,
lm_pmi_qwen3b,I10:wrong_pick,I10,wrong_pick,needs,bedroom,0.7832,1,False,0.0,0.0,0.0,
lm_pmi_qwen3b,I11:clean,I11,clean,needs,bedroom,0.8,1,True,0.0,0.0,1.0,5.0
lm_pmi_qwen3b,I11:partial,I11,partial,needs,bedroom,0.7933,1,True,0.0,0.0,1.0,5.0
lm_pmi_qwen3b,I11:wrong_label,I11,wrong_label,needs,bedroom,0.7717,1,False,0.0,0.0,0.0,
lm_pmi_qwen3b,I11:wrong_pick,I11,wrong_pick,needs,bedroom,0.7862,1,False,0.0,0.0,0.0,
lm_pmi_qwen3b,I12:clean,I12,clean,needs,bedroom,0.9735,3,True,1.0,1.0,1.0,1.0
lm_pmi_qwen3b,I12:partial,I12,partial,needs,bedroom,0.773,3,True,0.0,0.0,0.0,8.0
lm_pmi_qwen3b,I12:wrong_label,I12,wrong_label,needs,bedroom,0.9486,3,True,0.0,1.0,1.0,2.0
lm_pmi_qwen3b,I12:wrong_pick,I12,wrong_pick,needs,bedroom,0.949,3,True,0.0,1.0,1.0,3.0
lm_pmi_qwen3b,I13:clean,I13,clean,needs,bathroom,0.9535,3,True,1.0,1.0,1.0,1.0
lm_pmi_qwen3b,I13:partial,I13,partial,needs,bathroom,0.7227,3,True,1.0,1.0,1.0,1.0
lm_pmi_qwen3b,I13:wrong_label,I13,wrong_label,needs,bathroom,0.9426,3,True,1.0,1.0,1.0,1.0
lm_pmi_qwen3b,I13:wrong_pick,I13,wrong_pick,needs,bathroom,0.9578,3,True,1.0,1.0,1.0,1.0
lm_pmi_qwen3b,I14:clean,I14,clean,needs,bathroom,0.9679,3,True,0.0,0.0,1.0,5.0
lm_pmi_qwen3b,I14:partial,I14,partial,needs,bathroom,0.779,3,True,1.0,1.0,1.0,1.0
lm_pmi_qwen3b,I14:wrong_label,I14,wrong_label,needs,bathroom,0.9288,3,True,0.0,0.0,0.0,6.0
lm_pmi_qwen3b,I14:wrong_pick,I14,wrong_pick,needs,bathroom,0.9508,3,True,0.0,1.0,1.0,3.0
lm_pmi_qwen3b,I15:clean,I15,clean,needs,bathroom,0.7628,1,True,0.0,0.0,1.0,4.0
lm_pmi_qwen3b,I15:partial,I15,partial,needs,bathroom,0.7644,1,True,0.0,0.0,1.0,4.0
lm_pmi_qwen3b,I15:wrong_label,I15,wrong_label,needs,bathroom,0.7482,1,False,0.0,0.0,0.0,
lm_pmi_qwen3b,I15:wrong_pick,I15,wrong_pick,needs,bathroom,0.747,1,False,0.0,0.0,0.0,
lm_pmi_qwen3b,I16:clean,I16,clean,needs,bathroom,0.7854,2,True,1.0,1.0,1.0,1.0
lm_pmi_qwen3b,I16:partial,I16,partial,needs,bathroom,0.7489,2,True,1.0,1.0,1.0,1.0
lm_pmi_qwen3b,I16:wrong_label,I16,wrong_label,needs,bathroom,0.776,2,True,1.0,1.0,1.0,1.0
lm_pmi_qwen3b,I16:wrong_pick,I16,wrong_pick,needs,bathroom,0.7886,2,True,0.0,1.0,1.0,2.0
lm_pmi_qwen3b,I17:clean,I17,clean,needs,bathroom,0.7605,1,True,1.0,1.0,1.0,1.0
lm_pmi_qwen3b,I17:partial,I17,partial,needs,bathroom,0.7666,1,True,1.0,1.0,1.0,1.0
lm_pmi_qwen3b,I17:wrong_label,I17,wrong_label,needs,bathroom,0.7473,1,False,0.0,0.0,0.0,7.0
lm_pmi_qwen3b,I17:wrong_pick,I17,wrong_pick,needs,bathroom,0.7531,1,False,0.0,0.0,0.0,8.0
lm_pmi_qwen3b,I18:clean,I18,clean,needs,bathroom,0.7515,1,True,0.0,0.0,1.0,4.0
lm_pmi_qwen3b,I18:partial,I18,partial,needs,bathroom,0.7557,1,True,0.0,0.0,1.0,4.0
lm_pmi_qwen3b,I18:wrong_label,I18,wrong_label,needs,bathroom,0.7559,1,False,0.0,0.0,0.0,
lm_pmi_qwen3b,I18:wrong_pick,I18,wrong_pick,needs,bathroom,0.7618,1,False,0.0,0.0,0.0,
lm_pmi_qwen3b,I19:clean,I19,clean,needs,kitchen,0.785,2,True,1.0,1.0,1.0,1.0
lm_pmi_qwen3b,I19:partial,I19,partial,needs,kitchen,0.7504,2,True,0.0,1.0,1.0,2.0
lm_pmi_qwen3b,I19:wrong_label,I19,wrong_label,needs,kitchen,0.7744,2,True,0.0,1.0,1.0,2.0
lm_pmi_qwen3b,I19:wrong_pick,I19,wrong_pick,needs,kitchen,0.9576,2,True,1.0,1.0,1.0,1.0
lm_pmi_qwen3b,I20:clean,I20,clean,needs,kitchen,0.7846,2,True,1.0,1.0,1.0,1.0
lm_pmi_qwen3b,I20:partial,I20,partial,needs,kitchen,0.7583,2,True,0.0,1.0,1.0,2.0
lm_pmi_qwen3b,I20:wrong_label,I20,wrong_label,needs,kitchen,0.7823,2,True,0.0,1.0,1.0,2.0
lm_pmi_qwen3b,I20:wrong_pick,I20,wrong_pick,needs,kitchen,0.7868,2,True,0.0,1.0,1.0,2.0
lm_pmi_qwen3b,I21:clean,I21,clean,needs,kitchen,0.7552,1,True,0.0,1.0,1.0,2.0
lm_pmi_qwen3b,I21:partial,I21,partial,needs,kitchen,0.765,1,True,0.0,1.0,1.0,2.0
lm_pmi_qwen3b,I21:wrong_label,I21,wrong_label,needs,kitchen,0.7589,1,False,0.0,0.0,0.0,
lm_pmi_qwen3b,I21:wrong_pick,I21,wrong_pick,needs,kitchen,0.7641,1,False,0.0,0.0,0.0,
lm_pmi_qwen3b,I22:clean,I22,clean,needs,kitchen,0.8031,2,True,1.0,1.0,1.0,1.0
lm_pmi_qwen3b,I22:partial,I22,partial,needs,kitchen,0.7675,2,True,0.0,0.0,0.0,9.0
lm_pmi_qwen3b,I22:wrong_label,I22,wrong_label,needs,kitchen,0.7957,2,True,0.0,0.0,0.0,7.0
lm_pmi_qwen3b,I22:wrong_pick,I22,wrong_pick,needs,kitchen,0.7913,2,True,0.0,0.0,0.0,
lm_pmi_qwen3b,I23:clean,I23,clean,needs,kitchen,0.8052,2,True,0.0,0.0,0.0,8.0
lm_pmi_qwen3b,I23:partial,I23,partial,needs,kitchen,0.7755,2,True,0.0,0.0,0.0,8.0
lm_pmi_qwen3b,I23:wrong_label,I23,wrong_label,needs,kitchen,0.801,2,True,0.0,0.0,0.0,
lm_pmi_qwen3b,I23:wrong_pick,I23,wrong_pick,needs,kitchen,0.9758,2,True,0.0,0.0,0.0,9.0
lm_pmi_qwen3b,I24:clean,I24,clean,needs,dining,0.982,3,True,0.0,1.0,1.0,2.0
lm_pmi_qwen3b,I24:partial,I24,partial,needs,dining,0.7762,3,True,0.0,1.0,1.0,3.0
lm_pmi_qwen3b,I24:wrong_label,I24,wrong_label,needs,dining,0.8777,3,True,0.0,1.0,1.0,2.0
lm_pmi_qwen3b,I24:wrong_pick,I24,wrong_pick,needs,dining,0.8745,3,True,0.0,1.0,1.0,2.0
lm_pmi_qwen3b,I25:clean,I25,clean,needs,dining,0.8109,2,True,1.0,1.0,1.0,1.0
lm_pmi_qwen3b,I25:partial,I25,partial,needs,dining,0.7889,2,True,0.0,0.0,0.0,9.0
lm_pmi_qwen3b,I25:wrong_label,I25,wrong_label,needs,dining,0.8136,2,True,0.0,0.0,0.0,7.0
lm_pmi_qwen3b,I25:wrong_pick,I25,wrong_pick,needs,dining,0.8208,2,True,0.0,0.0,0.0,6.0
lm_pmi_qwen3b,I26:clean,I26,clean,needs,dining,0.8058,1,True,1.0,1.0,1.0,1.0
lm_pmi_qwen3b,I26:partial,I26,partial,needs,dining,0.8129,1,True,1.0,1.0,1.0,1.0
lm_pmi_qwen3b,I26:wrong_label,I26,wrong_label,needs,dining,0.7978,1,False,1.0,1.0,1.0,1.0
lm_pmi_qwen3b,I26:wrong_pick,I26,wrong_pick,needs,dining,0.8185,1,False,1.0,1.0,1.0,1.0
lm_pmi_qwen3b,I27:clean,I27,clean,needs,dining,0.7916,1,True,0.0,1.0,1.0,3.0
lm_pmi_qwen3b,I27:partial,I27,partial,needs,dining,0.8008,1,True,0.0,1.0,1.0,3.0
lm_pmi_qwen3b,I27:wrong_label,I27,wrong_label,needs,dining,0.7997,1,False,0.0,0.0,0.0,
lm_pmi_qwen3b,I27:wrong_pick,I27,wrong_pick,needs,dining,0.7998,1,False,0.0,0.0,0.0,
lm_pmi_qwen3b,I28:clean,I28,clean,needs,living room,1.0166,2,True,1.0,1.0,1.0,1.0
lm_pmi_qwen3b,I28:partial,I28,partial,needs,living room,0.823,2,True,1.0,1.0,1.0,1.0
lm_pmi_qwen3b,I28:wrong_label,I28,wrong_label,needs,living room,0.8991,2,True,1.0,1.0,1.0,1.0
lm_pmi_qwen3b,I28:wrong_pick,I28,wrong_pick,needs,living room,1.0225,2,True,0.0,1.0,1.0,2.0
lm_pmi_qwen3b,I29:clean,I29,clean,needs,living room,0.8514,2,True,1.0,1.0,1.0,1.0
lm_pmi_qwen3b,I29:partial,I29,partial,needs,living room,0.8252,2,True,1.0,1.0,1.0,1.0
lm_pmi_qwen3b,I29:wrong_label,I29,wrong_label,needs,living room,0.8508,2,True,1.0,1.0,1.0,1.0
lm_pmi_qwen3b,I29:wrong_pick,I29,wrong_pick,needs,living room,0.8475,2,True,1.0,1.0,1.0,1.0
lm_pmi_qwen3b,I30:clean,I30,clean,needs,living room,0.8266,1,True,1.0,1.0,1.0,1.0
lm_pmi_qwen3b,I30:partial,I30,partial,needs,living room,0.8293,1,True,1.0,1.0,1.0,1.0
lm_pmi_qwen3b,I30:wrong_label,I30,wrong_label,needs,living room,0.8206,1,False,0.0,0.0,0.0,
lm_pmi_qwen3b,I30:wrong_pick,I30,wrong_pick,needs,living room,0.8337,1,False,0.0,0.0,0.0,
lm_pmi_qwen3b,I31:clean,I31,clean,needs,living room,0.8265,1,True,1.0,1.0,1.0,1.0
lm_pmi_qwen3b,I31:partial,I31,partial,needs,living room,0.8322,1,True,1.0,1.0,1.0,1.0
lm_pmi_qwen3b,I31:wrong_label,I31,wrong_label,needs,living room,0.8216,1,False,0.0,0.0,0.0,
lm_pmi_qwen3b,I31:wrong_pick,I31,wrong_pick,needs,living room,0.8415,1,False,0.0,0.0,0.0,
lm_pmi_qwen3b,I32:clean,I32,clean,needs,living room,0.829,1,True,1.0,1.0,1.0,1.0
lm_pmi_qwen3b,I32:partial,I32,partial,needs,living room,0.8271,1,True,1.0,1.0,1.0,1.0
lm_pmi_qwen3b,I32:wrong_label,I32,wrong_label,needs,living room,0.8346,1,False,0.0,0.0,1.0,4.0
lm_pmi_qwen3b,I32:wrong_pick,I32,wrong_pick,needs,living room,0.8189,1,False,0.0,0.0,0.0,
lm_pmi_qwen3b,I33:clean,I33,clean,needs,bedroom,0.8287,1,True,0.0,0.0,0.0,
lm_pmi_qwen3b,I33:partial,I33,partial,needs,bedroom,0.8269,1,True,0.0,0.0,0.0,
lm_pmi_qwen3b,I33:wrong_label,I33,wrong_label,needs,bedroom,0.8173,1,False,0.0,0.0,0.0,
lm_pmi_qwen3b,I33:wrong_pick,I33,wrong_pick,needs,bedroom,0.8227,1,False,0.0,0.0,0.0,
lm_pmi_qwen3b,I34:clean,I34,clean,information,bedroom,0.8279,1,True,0.0,0.0,1.0,4.0
lm_pmi_qwen3b,I34:partial,I34,partial,information,bedroom,0.8218,1,True,0.0,0.0,1.0,4.0
lm_pmi_qwen3b,I34:wrong_label,I34,wrong_label,information,bedroom,0.8216,1,False,0.0,0.0,0.0,
lm_pmi_qwen3b,I34:wrong_pick,I34,wrong_pick,information,bedroom,0.8109,1,False,0.0,0.0,0.0,
lm_pmi_qwen3b,I35:clean,I35,clean,information,living room,0.8397,1,True,0.0,0.0,0.0,7.0
lm_pmi_qwen3b,I35:partial,I35,partial,information,living room,0.8335,1,True,0.0,0.0,0.0,7.0
lm_pmi_qwen3b,I35:wrong_label,I35,wrong_label,information,living room,0.8319,1,False,0.0,0.0,0.0,
lm_pmi_qwen3b,I35:wrong_pick,I35,wrong_pick,information,living room,0.8461,1,False,0.0,0.0,0.0,
lm_pmi_qwen3b,I36:clean,I36,clean,information,bedroom,0.8036,1,True,1.0,1.0,1.0,1.0
lm_pmi_qwen3b,I36:partial,I36,partial,information,bedroom,0.8046,1,True,1.0,1.0,1.0,1.0
lm_pmi_qwen3b,I36:wrong_label,I36,wrong_label,information,bedroom,0.8055,1,False,0.0,0.0,0.0,
lm_pmi_qwen3b,I36:wrong_pick,I36,wrong_pick,information,bedroom,0.8273,1,False,0.0,0.0,0.0,
lm_pmi_qwen3b,I37:clean,I37,clean,information,bedroom,0.8333,2,True,0.0,0.0,0.0,9.0
lm_pmi_qwen3b,I37:partial,I37,partial,information,bedroom,0.8004,2,True,0.0,0.0,0.0,
lm_pmi_qwen3b,I37:wrong_label,I37,wrong_label,information,bedroom,0.8264,2,True,0.0,0.0,0.0,8.0
lm_pmi_qwen3b,I37:wrong_pick,I37,wrong_pick,information,bedroom,0.8258,2,True,0.0,0.0,0.0,
lm_pmi_qwen3b,I38:clean,I38,clean,information,living room,0.8349,1,True,0.0,1.0,1.0,3.0
lm_pmi_qwen3b,I38:partial,I38,partial,information,living room,0.8268,1,True,0.0,1.0,1.0,3.0
lm_pmi_qwen3b,I38:wrong_label,I38,wrong_label,information,living room,0.8136,1,False,0.0,0.0,0.0,
lm_pmi_qwen3b,I38:wrong_pick,I38,wrong_pick,information,living room,0.827,1,False,0.0,0.0,0.0,
lm_pmi_qwen3b,I39:clean,I39,clean,information,bedroom,0.8016,1,True,0.0,0.0,0.0,
lm_pmi_qwen3b,I39:partial,I39,partial,information,bedroom,0.8,1,True,0.0,0.0,0.0,
lm_pmi_qwen3b,I39:wrong_label,I39,wrong_label,information,bedroom,0.8041,1,False,0.0,0.0,0.0,
lm_pmi_qwen3b,I39:wrong_pick,I39,wrong_pick,information,bedroom,0.8102,1,False,0.0,0.0,0.0,
lm_pmi_qwen3b,I40:clean,I40,clean,information,living room,0.8126,1,True,0.0,0.0,0.0,8.0
lm_pmi_qwen3b,I40:partial,I40,partial,information,living room,0.8115,1,True,0.0,0.0,0.0,8.0
lm_pmi_qwen3b,I40:wrong_label,I40,wrong_label,information,living room,0.803,1,False,0.0,0.0,1.0,4.0
lm_pmi_qwen3b,I40:wrong_pick,I40,wrong_pick,information,living room,0.8286,1,False,0.0,0.0,0.0,
lm_pmi_qwen3b,I41:clean,I41,clean,information,kitchen,0.7916,1,True,1.0,1.0,1.0,1.0
lm_pmi_qwen3b,I41:partial,I41,partial,information,kitchen,0.7861,1,True,1.0,1.0,1.0,1.0
lm_pmi_qwen3b,I41:wrong_label,I41,wrong_label,information,kitchen,0.7861,1,False,0.0,1.0,1.0,2.0
lm_pmi_qwen3b,I41:wrong_pick,I41,wrong_pick,information,kitchen,0.7845,1,False,0.0,1.0,1.0,3.0
lm_pmi_qwen3b,I42:clean,I42,clean,information,bedroom,0.8022,1,True,1.0,1.0,1.0,1.0
lm_pmi_qwen3b,I42:partial,I42,partial,information,bedroom,0.8066,1,True,1.0,1.0,1.0,1.0
lm_pmi_qwen3b,I42:wrong_label,I42,wrong_label,information,bedroom,0.7884,1,False,0.0,0.0,0.0,9.0
lm_pmi_qwen3b,I42:wrong_pick,I42,wrong_pick,information,bedroom,0.7886,1,False,0.0,0.0,0.0,6.0
lm_pmi_qwen3b,I43:clean,I43,clean,information,dining,0.7975,1,True,0.0,1.0,1.0,2.0
lm_pmi_qwen3b,I43:partial,I43,partial,information,dining,0.7945,1,True,0.0,1.0,1.0,2.0
lm_pmi_qwen3b,I43:wrong_label,I43,wrong_label,information,dining,0.8067,1,False,0.0,0.0,0.0,
lm_pmi_qwen3b,I43:wrong_pick,I43,wrong_pick,information,dining,0.8027,1,False,0.0,0.0,0.0,
lm_pmi_qwen3b,I44:clean,I44,clean,social,bedroom,0.8084,1,True,0.0,0.0,0.0,10.0
lm_pmi_qwen3b,I44:partial,I44,partial,social,bedroom,0.8035,1,True,0.0,0.0,0.0,10.0
lm_pmi_qwen3b,I44:wrong_label,I44,wrong_label,social,bedroom,0.7839,1,False,0.0,0.0,0.0,
lm_pmi_qwen3b,I44:wrong_pick,I44,wrong_pick,social,bedroom,0.7953,1,False,0.0,0.0,0.0,
lm_pmi_qwen3b,I45:clean,I45,clean,social,living room,0.7929,1,True,0.0,0.0,1.0,4.0
lm_pmi_qwen3b,I45:partial,I45,partial,social,living room,0.7968,1,True,0.0,0.0,1.0,4.0
lm_pmi_qwen3b,I45:wrong_label,I45,wrong_label,social,living room,0.798,1,False,0.0,0.0,0.0,
lm_pmi_qwen3b,I45:wrong_pick,I45,wrong_pick,social,living room,0.7936,1,False,0.0,0.0,0.0,
lm_pmi_qwen3b,I46:clean,I46,clean,social,living room,0.7939,1,True,0.0,0.0,0.0,6.0
lm_pmi_qwen3b,I46:partial,I46,partial,social,living room,0.7969,1,True,0.0,0.0,0.0,6.0
lm_pmi_qwen3b,I46:wrong_label,I46,wrong_label,social,living room,0.7971,1,False,0.0,0.0,0.0,
lm_pmi_qwen3b,I46:wrong_pick,I46,wrong_pick,social,living room,0.8036,1,False,0.0,0.0,0.0,
lm_pmi_qwen3b,I47:clean,I47,clean,social,bedroom,0.7812,1,True,0.0,0.0,0.0,6.0
lm_pmi_qwen3b,I47:partial,I47,partial,social,bedroom,0.7866,1,True,0.0,0.0,0.0,6.0
lm_pmi_qwen3b,I47:wrong_label,I47,wrong_label,social,bedroom,0.7779,1,False,0.0,0.0,0.0,
lm_pmi_qwen3b,I47:wrong_pick,I47,wrong_pick,social,bedroom,0.778,1,False,0.0,0.0,0.0,
lm_pmi_qwen3b,I48:clean,I48,clean,social,living room,0.8127,1,True,0.0,0.0,0.0,6.0
lm_pmi_qwen3b,I48:partial,I48,partial,social,living room,0.8072,1,True,0.0,0.0,0.0,6.0
lm_pmi_qwen3b,I48:wrong_label,I48,wrong_label,social,living room,0.8014,1,False,0.0,0.0,0.0,
lm_pmi_qwen3b,I48:wrong_pick,I48,wrong_pick,social,living room,0.8067,1,False,0.0,0.0,0.0,
lm_pmi_qwen3b,I49:clean,I49,clean,social,dining,0.7969,1,True,0.0,0.0,0.0,7.0
lm_pmi_qwen3b,I49:partial,I49,partial,social,dining,0.8039,1,True,0.0,0.0,0.0,7.0
lm_pmi_qwen3b,I49:wrong_label,I49,wrong_label,social,dining,0.7807,1,False,0.0,0.0,0.0,
lm_pmi_qwen3b,I49:wrong_pick,I49,wrong_pick,social,dining,0.8093,1,False,0.0,0.0,0.0,
lm_pmi_qwen3b,I50:clean,I50,clean,social,living room,0.8098,1,True,0.0,0.0,1.0,4.0
lm_pmi_qwen3b,I50:partial,I50,partial,social,living room,0.8119,1,True,0.0,0.0,1.0,4.0
lm_pmi_qwen3b,I50:wrong_label,I50,wrong_label,social,living room,0.7976,1,False,0.0,0.0,0.0,
lm_pmi_qwen3b,I50:wrong_pick,I50,wrong_pick,social,living room,0.8089,1,False,0.0,0.0,1.0,4.0
lm_pmi_qwen3b,I51:clean,I51,clean,social,bedroom,0.7868,1,True,1.0,1.0,1.0,1.0
lm_pmi_qwen3b,I51:partial,I51,partial,social,bedroom,0.7881,1,True,1.0,1.0,1.0,1.0
lm_pmi_qwen3b,I51:wrong_label,I51,wrong_label,social,bedroom,0.8018,1,False,0.0,0.0,0.0,
lm_pmi_qwen3b,I51:wrong_pick,I51,wrong_pick,social,bedroom,0.7847,1,False,0.0,0.0,0.0,
lm_pmi_qwen3b,I52:clean,I52,clean,social,living room,0.8193,1,True,0.0,0.0,0.0,
lm_pmi_qwen3b,I52:partial,I52,partial,social,living room,0.8177,1,True,0.0,0.0,0.0,
lm_pmi_qwen3b,I52:wrong_label,I52,wrong_label,social,living room,0.8078,1,False,0.0,0.0,0.0,
lm_pmi_qwen3b,I52:wrong_pick,I52,wrong_pick,social,living room,0.8105,1,False,0.0,0.0,0.0,
lm_pmi_qwen3b,I53:clean,I53,clean,social,bedroom,0.7942,1,True,0.0,0.0,1.0,4.0
lm_pmi_qwen3b,I53:partial,I53,partial,social,bedroom,0.7891,1,True,0.0,0.0,1.0,4.0
lm_pmi_qwen3b,I53:wrong_label,I53,wrong_label,social,bedroom,0.7883,1,False,0.0,0.0,0.0,
lm_pmi_qwen3b,I53:wrong_pick,I53,wrong_pick,social,bedroom,0.7898,1,False,0.0,0.0,0.0,
lm_pmi_qwen3b,I54:clean,I54,clean,etiquette,dining,0.7921,1,True,0.0,0.0,0.0,
lm_pmi_qwen3b,I54:partial,I54,partial,etiquette,dining,0.7884,1,True,0.0,0.0,0.0,
lm_pmi_qwen3b,I54:wrong_label,I54,wrong_label,etiquette,dining,0.7862,1,False,0.0,0.0,0.0,
lm_pmi_qwen3b,I54:wrong_pick,I54,wrong_pick,etiquette,dining,0.8139,1,False,0.0,0.0,0.0,
lm_pmi_qwen3b,I55:clean,I55,clean,etiquette,living room,0.9704,3,True,0.0,0.0,0.0,6.0
lm_pmi_qwen3b,I55:partial,I55,partial,etiquette,living room,0.8056,3,True,0.0,1.0,1.0,3.0
lm_pmi_qwen3b,I55:wrong_label,I55,wrong_label,etiquette,living room,0.9765,3,True,0.0,0.0,0.0,8.0
lm_pmi_qwen3b,I55:wrong_pick,I55,wrong_pick,etiquette,living room,0.9762,3,True,0.0,0.0,0.0,
lm_pmi_qwen3b,I56:clean,I56,clean,etiquette,dining,0.7921,1,True,0.0,0.0,0.0,9.0
lm_pmi_qwen3b,I56:partial,I56,partial,etiquette,dining,0.798,1,True,0.0,0.0,0.0,9.0
lm_pmi_qwen3b,I56:wrong_label,I56,wrong_label,etiquette,dining,0.8009,1,False,0.0,0.0,0.0,
lm_pmi_qwen3b,I56:wrong_pick,I56,wrong_pick,etiquette,dining,0.798,1,False,0.0,0.0,0.0,
lm_pmi_qwen3b,I57:clean,I57,clean,etiquette,bedroom,0.8071,1,True,0.0,0.0,0.0,
lm_pmi_qwen3b,I57:partial,I57,partial,etiquette,bedroom,0.8129,1,True,0.0,0.0,0.0,
lm_pmi_qwen3b,I57:wrong_label,I57,wrong_label,etiquette,bedroom,0.7991,1,False,0.0,0.0,0.0,
lm_pmi_qwen3b,I57:wrong_pick,I57,wrong_pick,etiquette,bedroom,0.8122,1,False,0.0,0.0,0.0,
lm_pmi_qwen3b,I58:clean,I58,clean,etiquette,living room,0.8234,1,True,0.0,1.0,1.0,2.0
lm_pmi_qwen3b,I58:partial,I58,partial,etiquette,living room,0.827,1,True,0.0,1.0,1.0,2.0
lm_pmi_qwen3b,I58:wrong_label,I58,wrong_label,etiquette,living room,0.8132,1,False,0.0,0.0,0.0,
lm_pmi_qwen3b,I58:wrong_pick,I58,wrong_pick,etiquette,living room,0.8291,1,False,0.0,0.0,0.0,6.0
lm_pmi_qwen3b,I59:clean,I59,clean,etiquette,dining,0.8441,2,True,0.0,1.0,1.0,3.0
lm_pmi_qwen3b,I59:partial,I59,partial,etiquette,dining,0.8113,2,True,0.0,0.0,0.0,7.0
lm_pmi_qwen3b,I59:wrong_label,I59,wrong_label,etiquette,dining,0.8373,2,True,0.0,0.0,0.0,6.0
lm_pmi_qwen3b,I59:wrong_pick,I59,wrong_pick,etiquette,dining,0.8345,2,True,0.0,0.0,1.0,4.0
lm_pmi_qwen3b,I60:clean,I60,clean,etiquette,bedroom,0.8293,2,True,0.0,0.0,0.0,
lm_pmi_qwen3b,I60:partial,I60,partial,etiquette,bedroom,0.7993,2,True,0.0,0.0,0.0,
lm_pmi_qwen3b,I60:wrong_label,I60,wrong_label,etiquette,bedroom,0.8271,2,True,0.0,0.0,0.0,
lm_pmi_qwen3b,I60:wrong_pick,I60,wrong_pick,etiquette,bedroom,0.8207,2,True,0.0,0.0,0.0,
lm_pmi_smol1.7b,I01:clean,I01,clean,needs,bedroom,0.4454,2,True,0.0,0.0,0.0,
lm_pmi_smol1.7b,I01:partial,I01,partial,needs,bedroom,0.4361,2,True,0.0,0.0,0.0,
lm_pmi_smol1.7b,I01:wrong_label,I01,wrong_label,needs,bedroom,0.5204,2,True,0.0,0.0,0.0,
lm_pmi_smol1.7b,I01:wrong_pick,I01,wrong_pick,needs,bedroom,0.458,2,True,0.0,0.0,0.0,
lm_pmi_smol1.7b,I02:clean,I02,clean,needs,bedroom,0.4594,2,True,0.0,1.0,1.0,2.0
lm_pmi_smol1.7b,I02:partial,I02,partial,needs,bedroom,0.4372,2,True,0.0,0.0,0.0,
lm_pmi_smol1.7b,I02:wrong_label,I02,wrong_label,needs,bedroom,0.4536,2,True,0.0,0.0,0.0,
lm_pmi_smol1.7b,I02:wrong_pick,I02,wrong_pick,needs,bedroom,0.4558,2,True,0.0,0.0,0.0,
lm_pmi_smol1.7b,I03:clean,I03,clean,needs,bedroom,0.4378,1,True,0.0,0.0,0.0,6.0
lm_pmi_smol1.7b,I03:partial,I03,partial,needs,bedroom,0.4417,1,True,0.0,0.0,0.0,6.0
lm_pmi_smol1.7b,I03:wrong_label,I03,wrong_label,needs,bedroom,0.4557,1,False,0.0,0.0,0.0,
lm_pmi_smol1.7b,I03:wrong_pick,I03,wrong_pick,needs,bedroom,0.4612,1,False,0.0,0.0,0.0,
lm_pmi_smol1.7b,I04:clean,I04,clean,needs,bedroom,0.45,1,True,0.0,0.0,0.0,7.0
lm_pmi_smol1.7b,I04:partial,I04,partial,needs,bedroom,0.4501,1,True,0.0,0.0,0.0,7.0
lm_pmi_smol1.7b,I04:wrong_label,I04,wrong_label,needs,bedroom,0.4636,1,False,0.0,0.0,0.0,
lm_pmi_smol1.7b,I04:wrong_pick,I04,wrong_pick,needs,bedroom,0.4531,1,False,0.0,0.0,0.0,
lm_pmi_smol1.7b,I05:clean,I05,clean,needs,bedroom,0.4557,1,True,0.0,1.0,1.0,3.0
lm_pmi_smol1.7b,I05:partial,I05,partial,needs,bedroom,0.4559,1,True,0.0,1.0,1.0,3.0
lm_pmi_smol1.7b,I05:wrong_label,I05,wrong_label,needs,bedroom,0.4701,1,False,0.0,0.0,0.0,9.0
lm_pmi_smol1.7b,I05:wrong_pick,I05,wrong_pick,needs,bedroom,0.4707,1,False,0.0,0.0,0.0,
lm_pmi_smol1.7b,I06:clean,I06,clean,needs,bedroom,0.5763,3,True,0.0,0.0,0.0,8.0
lm_pmi_smol1.7b,I06:partial,I06,partial,needs,bedroom,0.4724,3,True,0.0,1.0,1.0,2.0
lm_pmi_smol1.7b,I06:wrong_label,I06,wrong_label,needs,bedroom,0.6219,3,True,0.0,0.0,0.0,6.0
lm_pmi_smol1.7b,I06:wrong_pick,I06,wrong_pick,needs,bedroom,0.574,3,True,0.0,0.0,0.0,
lm_pmi_smol1.7b,I07:clean,I07,clean,needs,bedroom,0.4728,1,True,1.0,1.0,1.0,1.0
lm_pmi_smol1.7b,I07:partial,I07,partial,needs,bedroom,0.477,1,True,1.0,1.0,1.0,1.0
lm_pmi_smol1.7b,I07:wrong_label,I07,wrong_label,needs,bedroom,0.4791,1,False,0.0,0.0,0.0,
lm_pmi_smol1.7b,I07:wrong_pick,I07,wrong_pick,needs,bedroom,0.4761,1,False,0.0,0.0,0.0,
lm_pmi_smol1.7b,I08:clean,I08,clean,needs,bedroom,0.4838,1,True,1.0,1.0,1.0,1.0
lm_pmi_smol1.7b,I08:partial,I08,partial,needs,bedroom,0.4855,1,True,1.0,1.0,1.0,1.0
lm_pmi_smol1.7b,I08:wrong_label,I08,wrong_label,needs,bedroom,0.4807,1,False,0.0,0.0,0.0,
lm_pmi_smol1.7b,I08:wrong_pick,I08,wrong_pick,needs,bedroom,0.8071,1,False,0.0,0.0,0.0,9.0
lm_pmi_smol1.7b,I09:clean,I09,clean,needs,bedroom,0.5223,1,True,0.0,0.0,0.0,
lm_pmi_smol1.7b,I09:partial,I09,partial,needs,bedroom,0.5193,1,True,0.0,0.0,0.0,
lm_pmi_smol1.7b,I09:wrong_label,I09,wrong_label,needs,bedroom,0.5209,1,False,0.0,0.0,0.0,
lm_pmi_smol1.7b,I09:wrong_pick,I09,wrong_pick,needs,bedroom,0.5221,1,False,0.0,0.0,0.0,
lm_pmi_smol1.7b,I10:clean,I10,clean,needs,bedroom,0.511,1,True,0.0,1.0,1.0,2.0
lm_pmi_smol1.7b,I10:partial,I10,partial,needs,bedroom,0.472,1,True,0.0,1.0,1.0,2.0
lm_pmi_smol1.7b,I10:wrong_label,I10,wrong_label,needs,bedroom,0.4714,1,False,0.0,0.0,0.0,9.0
lm_pmi_smol1.7b,I10:wrong_pick,I10,wrong_pick,needs,bedroom,0.4695,1,False,0.0,0.0,0.0,10.0
lm_pmi_smol1.7b,I11:clean,I11,clean,needs,bedroom,0.4703,1,True,0.0,1.0,1.0,2.0
lm_pmi_smol1.7b,I11:partial,I11,partial,needs,bedroom,0.4777,1,True,0.0,1.0,1.0,2.0
lm_pmi_smol1.7b,I11:wrong_label,I11,wrong_label,needs,bedroom,0.4638,1,False,0.0,0.0,0.0,
lm_pmi_smol1.7b,I11:wrong_pick,I11,wrong_pick,needs,bedroom,0.4692,1,False,0.0,0.0,0.0,
lm_pmi_smol1.7b,I12:clean,I12,clean,needs,bedroom,0.5968,3,True,0.0,1.0,1.0,2.0
lm_pmi_smol1.7b,I12:partial,I12,partial,needs,bedroom,0.4533,3,True,0.0,1.0,1.0,2.0
lm_pmi_smol1.7b,I12:wrong_label,I12,wrong_label,needs,bedroom,0.6063,3,True,0.0,1.0,1.0,2.0
lm_pmi_smol1.7b,I12:wrong_pick,I12,wrong_pick,needs,bedroom,0.601,3,True,1.0,1.0,1.0,1.0
lm_pmi_smol1.7b,I13:clean,I13,clean,needs,bathroom,0.548,3,True,1.0,1.0,1.0,1.0
lm_pmi_smol1.7b,I13:partial,I13,partial,needs,bathroom,0.4505,3,True,1.0,1.0,1.0,1.0
lm_pmi_smol1.7b,I13:wrong_label,I13,wrong_label,needs,bathroom,0.5436,3,True,1.0,1.0,1.0,1.0
lm_pmi_smol1.7b,I13:wrong_pick,I13,wrong_pick,needs,bathroom,0.6056,3,True,1.0,1.0,1.0,1.0
lm_pmi_smol1.7b,I14:clean,I14,clean,needs,bathroom,0.581,3,True,0.0,1.0,1.0,3.0
lm_pmi_smol1.7b,I14:partial,I14,partial,needs,bathroom,0.4424,3,True,0.0,1.0,1.0,2.0
lm_pmi_smol1.7b,I14:wrong_label,I14,wrong_label,needs,bathroom,0.5828,3,True,0.0,0.0,1.0,5.0
lm_pmi_smol1.7b,I14:wrong_pick,I14,wrong_pick,needs,bathroom,0.5697,3,True,0.0,1.0,1.0,3.0
lm_pmi_smol1.7b,I15:clean,I15,clean,needs,bathroom,0.4387,1,True,0.0,0.0,0.0,9.0
lm_pmi_smol1.7b,I15:partial,I15,partial,needs,bathroom,0.439,1,True,0.0,0.0,0.0,9.0
lm_pmi_smol1.7b,I15:wrong_label,I15,wrong_label,needs,bathroom,0.4273,1,False,0.0,0.0,0.0,
lm_pmi_smol1.7b,I15:wrong_pick,I15,wrong_pick,needs,bathroom,0.4258,1,False,0.0,0.0,0.0,
lm_pmi_smol1.7b,I16:clean,I16,clean,needs,bathroom,0.4417,2,True,1.0,1.0,1.0,1.0
lm_pmi_smol1.7b,I16:partial,I16,partial,needs,bathroom,0.4269,2,True,1.0,1.0,1.0,1.0
lm_pmi_smol1.7b,I16:wrong_label,I16,wrong_label,needs,bathroom,0.4384,2,True,1.0,1.0,1.0,1.0
lm_pmi_smol1.7b,I16:wrong_pick,I16,wrong_pick,needs,bathroom,0.4523,2,True,1.0,1.0,1.0,1.0
lm_pmi_smol1.7b,I17:clean,I17,clean,needs,bathroom,0.4306,1,True,1.0,1.0,1.0,1.0
lm_pmi_smol1.7b,I17:partial,I17,partial,needs,bathroom,0.4273,1,True,1.0,1.0,1.0,1.0
lm_pmi_smol1.7b,I17:wrong_label,I17,wrong_label,needs,bathroom,0.4187,1,False,0.0,1.0,1.0,3.0
lm_pmi_smol1.7b,I17:wrong_pick,I17,wrong_pick,needs,bathroom,0.4231,1,False,0.0,1.0,1.0,2.0
lm_pmi_smol1.7b,I18:clean,I18,clean,needs,bathroom,0.4186,1,True,0.0,0.0,0.0,7.0
lm_pmi_smol1.7b,I18:partial,I18,partial,needs,bathroom,0.4268,1,True,0.0,0.0,0.0,7.0
lm_pmi_smol1.7b,I18:wrong_label,I18,wrong_label,needs,bathroom,0.4231,1,False,0.0,0.0,0.0,
lm_pmi_smol1.7b,I18:wrong_pick,I18,wrong_pick,needs,bathroom,0.4141,1,False,0.0,0.0,0.0,
lm_pmi_smol1.7b,I19:clean,I19,clean,needs,kitchen,0.4293,2,True,0.0,1.0,1.0,3.0
lm_pmi_smol1.7b,I19:partial,I19,partial,needs,kitchen,0.4215,2,True,0.0,0.0,1.0,5.0
lm_pmi_smol1.7b,I19:wrong_label,I19,wrong_label,needs,kitchen,0.4231,2,True,0.0,0.0,0.0,
lm_pmi_smol1.7b,I19:wrong_pick,I19,wrong_pick,needs,kitchen,0.5476,2,True,0.0,0.0,0.0,10.0
lm_pmi_smol1.7b,I20:clean,I20,clean,needs,kitchen,0.4243,2,True,1.0,1.0,1.0,1.0
lm_pmi_smol1.7b,I20:partial,I20,partial,needs,kitchen,0.4193,2,True,0.0,1.0,1.0,2.0
lm_pmi_smol1.7b,I20:wrong_label,I20,wrong_label,needs,kitchen,0.4293,2,True,0.0,0.0,1.0,5.0
lm_pmi_smol1.7b,I20:wrong_pick,I20,wrong_pick,needs,kitchen,0.4217,2,True,0.0,1.0,1.0,3.0
lm_pmi_smol1.7b,I21:clean,I21,clean,needs,kitchen,0.422,1,True,0.0,0.0,1.0,4.0
lm_pmi_smol1.7b,I21:partial,I21,partial,needs,kitchen,0.4205,1,True,0.0,0.0,1.0,4.0
lm_pmi_smol1.7b,I21:wrong_label,I21,wrong_label,needs,kitchen,0.4084,1,False,0.0,0.0,0.0,
lm_pmi_smol1.7b,I21:wrong_pick,I21,wrong_pick,needs,kitchen,0.4167,1,False,0.0,0.0,0.0,
lm_pmi_smol1.7b,I22:clean,I22,clean,needs,kitchen,0.4251,2,True,1.0,1.0,1.0,1.0
lm_pmi_smol1.7b,I22:partial,I22,partial,needs,kitchen,0.4078,2,True,0.0,0.0,1.0,4.0
lm_pmi_smol1.7b,I22:wrong_label,I22,wrong_label,needs,kitchen,0.43,2,True,0.0,0.0,0.0,
lm_pmi_smol1.7b,I22:wrong_pick,I22,wrong_pick,needs,kitchen,0.4246,2,True,0.0,0.0,1.0,5.0
lm_pmi_smol1.7b,I23:clean,I23,clean,needs,kitchen,0.424,2,True,0.0,0.0,0.0,
lm_pmi_smol1.7b,I23:partial,I23,partial,needs,kitchen,0.4105,2,True,0.0,0.0,0.0,
lm_pmi_smol1.7b,I23:wrong_label,I23,wrong_label,needs,kitchen,0.4187,2,True,0.0,0.0,0.0,
lm_pmi_smol1.7b,I23:wrong_pick,I23,wrong_pick,needs,kitchen,0.5283,2,True,0.0,0.0,0.0,
lm_pmi_smol1.7b,I24:clean,I24,clean,needs,dining,0.5277,3,True,0.0,1.0,1.0,3.0
lm_pmi_smol1.7b,I24:partial,I24,partial,needs,dining,0.409,3,True,0.0,1.0,1.0,2.0
lm_pmi_smol1.7b,I24:wrong_label,I24,wrong_label,needs,dining,0.4817,3,True,0.0,1.0,1.0,3.0
lm_pmi_smol1.7b,I24:wrong_pick,I24,wrong_pick,needs,dining,0.4852,3,True,0.0,1.0,1.0,3.0
lm_pmi_smol1.7b,I25:clean,I25,clean,needs,dining,0.4168,2,True,0.0,1.0,1.0,2.0
lm_pmi_smol1.7b,I25:partial,I25,partial,needs,dining,0.4025,2,True,0.0,0.0,0.0,
lm_pmi_smol1.7b,I25:wrong_label,I25,wrong_label,needs,dining,0.4216,2,True,0.0,0.0,0.0,
lm_pmi_smol1.7b,I25:wrong_pick,I25,wrong_pick,needs,dining,0.4086,2,True,0.0,0.0,0.0,
lm_pmi_smol1.7b,I26:clean,I26,clean,needs,dining,0.4167,1,True,1.0,1.0,1.0,1.0
lm_pmi_smol1.7b,I26:partial,I26,partial,needs,dining,0.4063,1,True,1.0,1.0,1.0,1.0
lm_pmi_smol1.7b,I26:wrong_label,I26,wrong_label,needs,dining,0.4024,1,False,0.0,1.0,1.0,3.0
lm_pmi_smol1.7b,I26:wrong_pick,I26,wrong_pick,needs,dining,0.4108,1,False,0.0,0.0,0.0,7.0
lm_pmi_smol1.7b,I27:clean,I27,clean,needs,dining,0.4053,1,True,0.0,0.0,0.0,9.0
lm_pmi_smol1.7b,I27:partial,I27,partial,needs,dining,0.3987,1,True,0.0,0.0,0.0,9.0
lm_pmi_smol1.7b,I27:wrong_label,I27,wrong_label,needs,dining,0.4065,1,False,0.0,0.0,0.0,
lm_pmi_smol1.7b,I27:wrong_pick,I27,wrong_pick,needs,dining,0.4025,1,False,0.0,0.0,0.0,
lm_pmi_smol1.7b,I28:clean,I28,clean,needs,living room,0.5226,2,True,1.0,1.0,1.0,1.0
lm_pmi_smol1.7b,I28:partial,I28,partial,needs,living room,0.4088,2,True,1.0,1.0,1.0,1.0
lm_pmi_smol1.7b,I28:wrong_label,I28,wrong_label,needs,living room,0.4836,2,True,1.0,1.0,1.0,1.0
lm_pmi_smol1.7b,I28:wrong_pick,I28,wrong_pick,needs,living room,0.5181,2,True,1.0,1.0,1.0,1.0
lm_pmi_smol1.7b,I29:clean,I29,clean,needs,living room,0.4949,2,True,0.0,1.0,1.0,2.0
lm_pmi_smol1.7b,I29:partial,I29,partial,needs,living room,0.4102,2,True,1.0,1.0,1.0,1.0
lm_pmi_smol1.7b,I29:wrong_label,I29,wrong_label,needs,living room,0.4824,2,True,1.0,1.0,1.0,1.0
lm_pmi_smol1.7b,I29:wrong_pick,I29,wrong_pick,needs,living room,0.4847,2,True,1.0,1.0,1.0,1.0
lm_pmi_smol1.7b,I30:clean,I30,clean,needs,living room,0.4094,1,True,1.0,1.0,1.0,1.0
lm_pmi_smol1.7b,I30:partial,I30,partial,needs,living room,0.4049,1,True,1.0,1.0,1.0,1.0
lm_pmi_smol1.7b,I30:wrong_label,I30,wrong_label,needs,living room,0.3997,1,False,0.0,0.0,0.0,
lm_pmi_smol1.7b,I30:wrong_pick,I30,wrong_pick,needs,living room,0.3969,1,False,0.0,0.0,0.0,
lm_pmi_smol1.7b,I31:clean,I31,clean,needs,living room,0.402,1,True,1.0,1.0,1.0,1.0
lm_pmi_smol1.7b,I31:partial,I31,partial,needs,living room,0.4042,1,True,1.0,1.0,1.0,1.0
lm_pmi_smol1.7b,I31:wrong_label,I31,wrong_label,needs,living room,0.4011,1,False,0.0,1.0,1.0,2.0
lm_pmi_smol1.7b,I31:wrong_pick,I31,wrong_pick,needs,living room,0.4093,1,False,0.0,0.0,1.0,5.0
lm_pmi_smol1.7b,I32:clean,I32,clean,needs,living room,0.4051,1,True,1.0,1.0,1.0,1.0
lm_pmi_smol1.7b,I32:partial,I32,partial,needs,living room,0.4052,1,True,1.0,1.0,1.0,1.0
lm_pmi_smol1.7b,I32:wrong_label,I32,wrong_label,needs,living room,0.3976,1,False,0.0,0.0,0.0,
lm_pmi_smol1.7b,I32:wrong_pick,I32,wrong_pick,needs,living room,0.4032,1,False,0.0,0.0,0.0,
lm_pmi_smol1.7b,I33:clean,I33,clean,needs,bedroom,0.4019,1,True,0.0,0.0,0.0,
lm_pmi_smol1.7b,I33:partial,I33,partial,needs,bedroom,0.4021,1,True,0.0,0.0,0.0,
lm_pmi_smol1.7b,I33:wrong_label,I33,wrong_label,needs,bedroom,0.3918,1,False,0.0,0.0,0.0,
lm_pmi_smol1.7b,I33:wrong_pick,I33,wrong_pick,needs,bedroom,0.4054,1,False,0.0,0.0,0.0,
lm_pmi_smol1.7b,I34:clean,I34,clean,information,bedroom,0.4036,1,True,0.0,0.0,1.0,5.0
lm_pmi_smol1.7b,I34:partial,I34,partial,information,bedroom,0.4099,1,True,0.0,0.0,1.0,5.0
lm_pmi_smol1.7b,I34:wrong_label,I34,wrong_label,information,bedroom,0.399,1,False,0.0,0.0,0.0,
lm_pmi_smol1.7b,I34:wrong_pick,I34,wrong_pick,information,bedroom,0.3978,1,False,0.0,0.0,0.0,
lm_pmi_smol1.7b,I35:clean,I35,clean,information,living room,0.4057,1,True,1.0,1.0,1.0,1.0
lm_pmi_smol1.7b,I35:partial,I35,partial,information,living room,0.4147,1,True,1.0,1.0,1.0,1.0
lm_pmi_smol1.7b,I35:wrong_label,I35,wrong_label,information,living room,0.4111,1,False,0.0,0.0,0.0,8.0
lm_pmi_smol1.7b,I35:wrong_pick,I35,wrong_pick,information,living room,0.4123,1,False,0.0,0.0,0.0,7.0
lm_pmi_smol1.7b,I36:clean,I36,clean,information,bedroom,0.3993,1,True,1.0,1.0,1.0,1.0
lm_pmi_smol1.7b,I36:partial,I36,partial,information,bedroom,0.4064,1,True,1.0,1.0,1.0,1.0
lm_pmi_smol1.7b,I36:wrong_label,I36,wrong_label,information,bedroom,0.4108,1,False,0.0,0.0,0.0,
lm_pmi_smol1.7b,I36:wrong_pick,I36,wrong_pick,information,bedroom,0.4101,1,False,0.0,0.0,0.0,
lm_pmi_smol1.7b,I37:clean,I37,clean,information,bedroom,0.4172,2,True,0.0,0.0,0.0,
lm_pmi_smol1.7b,I37:partial,I37,partial,information,bedroom,0.4053,2,True,0.0,0.0,0.0,
lm_pmi_smol1.7b,I37:wrong_label,I37,wrong_label,information,bedroom,0.4136,2,True,0.0,0.0,0.0,
lm_pmi_smol1.7b,I37:wrong_pick,I37,wrong_pick,information,bedroom,0.4203,2,True,0.0,0.0,0.0,
lm_pmi_smol1.7b,I38:clean,I38,clean,information,living room,0.4073,1,True,0.0,0.0,0.0,8.0
lm_pmi_smol1.7b,I38:partial,I38,partial,information,living room,0.4131,1,True,0.0,0.0,0.0,8.0
lm_pmi_smol1.7b,I38:wrong_label,I38,wrong_label,information,living room,0.4081,1,False,0.0,0.0,0.0,
lm_pmi_smol1.7b,I38:wrong_pick,I38,wrong_pick,information,living room,0.4056,1,False,0.0,0.0,0.0,
lm_pmi_smol1.7b,I39:clean,I39,clean,information,bedroom,0.3984,1,True,0.0,0.0,0.0,
lm_pmi_smol1.7b,I39:partial,I39,partial,information,bedroom,0.399,1,True,0.0,0.0,0.0,
lm_pmi_smol1.7b,I39:wrong_label,I39,wrong_label,information,bedroom,0.3936,1,False,0.0,0.0,0.0,
lm_pmi_smol1.7b,I39:wrong_pick,I39,wrong_pick,information,bedroom,0.4049,1,False,0.0,0.0,0.0,
lm_pmi_smol1.7b,I40:clean,I40,clean,information,living room,0.4058,1,True,1.0,1.0,1.0,1.0
lm_pmi_smol1.7b,I40:partial,I40,partial,information,living room,0.4083,1,True,1.0,1.0,1.0,1.0
lm_pmi_smol1.7b,I40:wrong_label,I40,wrong_label,information,living room,0.4084,1,False,0.0,1.0,1.0,3.0
lm_pmi_smol1.7b,I40:wrong_pick,I40,wrong_pick,information,living room,0.4164,1,False,0.0,0.0,0.0,6.0
lm_pmi_smol1.7b,I41:clean,I41,clean,information,kitchen,0.4049,1,True,0.0,1.0,1.0,3.0
lm_pmi_smol1.7b,I41:partial,I41,partial,information,kitchen,0.4011,1,True,0.0,1.0,1.0,3.0
lm_pmi_smol1.7b,I41:wrong_label,I41,wrong_label,information,kitchen,0.3998,1,False,0.0,0.0,0.0,
lm_pmi_smol1.7b,I41:wrong_pick,I41,wrong_pick,information,kitchen,0.4027,1,False,0.0,1.0,1.0,2.0
lm_pmi_smol1.7b,I42:clean,I42,clean,information,bedroom,0.4057,1,True,1.0,1.0,1.0,1.0
lm_pmi_smol1.7b,I42:partial,I42,partial,information,bedroom,0.406,1,True,1.0,1.0,1.0,1.0
lm_pmi_smol1.7b,I42:wrong_label,I42,wrong_label,information,bedroom,0.4016,1,False,0.0,0.0,0.0,6.0
lm_pmi_smol1.7b,I42:wrong_pick,I42,wrong_pick,information,bedroom,0.3948,1,False,0.0,0.0,0.0,8.0
lm_pmi_smol1.7b,I43:clean,I43,clean,information,dining,0.4019,1,True,1.0,1.0,1.0,1.0
lm_pmi_smol1.7b,I43:partial,I43,partial,information,dining,0.4126,1,True,1.0,1.0,1.0,1.0
lm_pmi_smol1.7b,I43:wrong_label,I43,wrong_label,information,dining,0.4089,1,False,0.0,0.0,0.0,
lm_pmi_smol1.7b,I43:wrong_pick,I43,wrong_pick,information,dining,0.4319,1,False,0.0,0.0,0.0,
lm_pmi_smol1.7b,I44:clean,I44,clean,social,bedroom,0.414,1,True,0.0,0.0,0.0,
lm_pmi_smol1.7b,I44:partial,I44,partial,social,bedroom,0.4119,1,True,0.0,0.0,0.0,
lm_pmi_smol1.7b,I44:wrong_label,I44,wrong_label,social,bedroom,0.4162,1,False,0.0,0.0,0.0,
lm_pmi_smol1.7b,I44:wrong_pick,I44,wrong_pick,social,bedroom,0.4107,1,False,0.0,0.0,0.0,
lm_pmi_smol1.7b,I45:clean,I45,clean,social,living room,0.4206,1,True,0.0,1.0,1.0,2.0
lm_pmi_smol1.7b,I45:partial,I45,partial,social,living room,0.4228,1,True,0.0,1.0,1.0,2.0
lm_pmi_smol1.7b,I45:wrong_label,I45,wrong_label,social,living room,0.4283,1,False,0.0,0.0,0.0,
lm_pmi_smol1.7b,I45:wrong_pick,I45,wrong_pick,social,living room,0.4201,1,False,0.0,0.0,0.0,
lm_pmi_smol1.7b,I46:clean,I46,clean,social,living room,0.4227,1,True,1.0,1.0,1.0,1.0
lm_pmi_smol1.7b,I46:partial,I46,partial,social,living room,0.4221,1,True,1.0,1.0,1.0,1.0
lm_pmi_smol1.7b,I46:wrong_label,I46,wrong_label,social,living room,0.4087,1,False,0.0,0.0,0.0,
lm_pmi_smol1.7b,I46:wrong_pick,I46,wrong_pick,social,living room,0.4232,1,False,0.0,0.0,0.0,
lm_pmi_smol1.7b,I47:clean,I47,clean,social,bedroom,0.4081,1,True,0.0,0.0,0.0,
lm_pmi_smol1.7b,I47:partial,I47,partial,social,bedroom,0.4133,1,True,0.0,0.0,0.0,
lm_pmi_smol1.7b,I47:wrong_label,I47,wrong_label,social,bedroom,0.4052,1,False,0.0,0.0,0.0,
lm_pmi_smol1.7b,I47:wrong_pick,I47,wrong_pick,social,bedroom,0.4071,1,False,0.0,0.0,0.0,
lm_pmi_smol1.7b,I48:clean,I48,clean,social,living room,0.4284,1,True,0.0,0.0,0.0,
lm_pmi_smol1.7b,I48:partial,I48,partial,social,living room,0.4241,1,True,0.0,0.0,0.0,
lm_pmi_smol1.7b,I48:wrong_label,I48,wrong_label,social,living room,0.4272,1,False,0.0,0.0,0.0,
lm_pmi_smol1.7b,I48:wrong_pick,I48,wrong_pick,social,living room,0.4199,1,False,0.0,0.0,0.0,
lm_pmi_smol1.7b,I49:clean,I49,clean,social,dining,0.4245,1,True,1.0,1.0,1.0,1.0
lm_pmi_smol1.7b,I49:partial,I49,partial,social,dining,0.4233,1,True,1.0,1.0,1.0,1.0
lm_pmi_smol1.7b,I49:wrong_label,I49,wrong_label,social,dining,0.4191,1,False,0.0,0.0,0.0,
lm_pmi_smol1.7b,I49:wrong_pick,I49,wrong_pick,social,dining,0.4294,1,False,0.0,0.0,0.0,
lm_pmi_smol1.7b,I50:clean,I50,clean,social,living room,0.4261,1,True,0.0,1.0,1.0,2.0
lm_pmi_smol1.7b,I50:partial,I50,partial,social,living room,0.4236,1,True,0.0,1.0,1.0,2.0
lm_pmi_smol1.7b,I50:wrong_label,I50,wrong_label,social,living room,0.4236,1,False,0.0,0.0,0.0,6.0
lm_pmi_smol1.7b,I50:wrong_pick,I50,wrong_pick,social,living room,0.4252,1,False,0.0,1.0,1.0,2.0
lm_pmi_smol1.7b,I51:clean,I51,clean,social,bedroom,0.4206,1,True,1.0,1.0,1.0,1.0
lm_pmi_smol1.7b,I51:partial,I51,partial,social,bedroom,0.4243,1,True,1.0,1.0,1.0,1.0
lm_pmi_smol1.7b,I51:wrong_label,I51,wrong_label,social,bedroom,0.4254,1,False,0.0,0.0,0.0,
lm_pmi_smol1.7b,I51:wrong_pick,I51,wrong_pick,social,bedroom,0.4237,1,False,0.0,0.0,0.0,
lm_pmi_smol1.7b,I52:clean,I52,clean,social,living room,0.4341,1,True,0.0,0.0,0.0,
lm_pmi_smol1.7b,I52:partial,I52,partial,social,living room,0.4366,1,True,0.0,0.0,0.0,
lm_pmi_smol1.7b,I52:wrong_label,I52,wrong_label,social,living room,0.4294,1,False,0.0,0.0,0.0,
lm_pmi_smol1.7b,I52:wrong_pick,I52,wrong_pick,social,living room,0.4254,1,False,0.0,0.0,0.0,
lm_pmi_smol1.7b,I53:clean,I53,clean,social,bedroom,0.4217,1,True,0.0,1.0,1.0,3.0
lm_pmi_smol1.7b,I53:partial,I53,partial,social,bedroom,0.4284,1,True,0.0,1.0,1.0,3.0
lm_pmi_smol1.7b,I53:wrong_label,I53,wrong_label,social,bedroom,0.4187,1,False,0.0,0.0,0.0,
lm_pmi_smol1.7b,I53:wrong_pick,I53,wrong_pick,social,bedroom,0.4215,1,False,0.0,0.0,0.0,
lm_pmi_smol1.7b,I54:clean,I54,clean,etiquette,dining,0.427,1,True,0.0,0.0,0.0,
lm_pmi_smol1.7b,I54:partial,I54,partial,etiquette,dining,0.4214,1,True,0.0,0.0,0.0,
lm_pmi_smol1.7b,I54:wrong_label,I54,wrong_label,etiquette,dining,0.4296,1,False,0.0,0.0,0.0,
lm_pmi_smol1.7b,I54:wrong_pick,I54,wrong_pick,etiquette,dining,0.4274,1,False,0.0,0.0,0.0,
lm_pmi_smol1.7b,I55:clean,I55,clean,etiquette,living room,0.5611,3,True,0.0,0.0,0.0,
lm_pmi_smol1.7b,I55:partial,I55,partial,etiquette,living room,0.4249,3,True,0.0,0.0,0.0,
lm_pmi_smol1.7b,I55:wrong_label,I55,wrong_label,etiquette,living room,0.5729,3,True,0.0,0.0,0.0,
lm_pmi_smol1.7b,I55:wrong_pick,I55,wrong_pick,etiquette,living room,0.5705,3,True,0.0,0.0,0.0,
lm_pmi_smol1.7b,I56:clean,I56,clean,etiquette,dining,0.4284,1,True,0.0,1.0,1.0,3.0
lm_pmi_smol1.7b,I56:partial,I56,partial,etiquette,dining,0.4252,1,True,0.0,1.0,1.0,3.0
lm_pmi_smol1.7b,I56:wrong_label,I56,wrong_label,etiquette,dining,0.4244,1,False,0.0,0.0,0.0,
lm_pmi_smol1.7b,I56:wrong_pick,I56,wrong_pick,etiquette,dining,0.4243,1,False,0.0,0.0,0.0,
lm_pmi_smol1.7b,I57:clean,I57,clean,etiquette,bedroom,0.431,1,True,0.0,0.0,0.0,
lm_pmi_smol1.7b,I57:partial,I57,partial,etiquette,bedroom,0.4289,1,True,0.0,0.0,0.0,
lm_pmi_smol1.7b,I57:wrong_label,I57,wrong_label,etiquette,bedroom,0.4136,1,False,0.0,0.0,0.0,
lm_pmi_smol1.7b,I57:wrong_pick,I57,wrong_pick,etiquette,bedroom,0.4346,1,False,0.0,0.0,0.0,
lm_pmi_smol1.7b,I58:clean,I58,clean,etiquette,living room,0.4349,1,True,0.0,0.0,0.0,8.0
lm_pmi_smol1.7b,I58:partial,I58,partial,etiquette,living room,0.4343,1,True,0.0,0.0,0.0,8.0
lm_pmi_smol1.7b,I58:wrong_label,I58,wrong_label,etiquette,living room,0.427,1,False,0.0,0.0,0.0,
lm_pmi_smol1.7b,I58:wrong_pick,I58,wrong_pick,etiquette,living room,0.4402,1,False,0.0,0.0,0.0,
lm_pmi_smol1.7b,I59:clean,I59,clean,etiquette,dining,0.4323,2,True,0.0,0.0,0.0,8.0
lm_pmi_smol1.7b,I59:partial,I59,partial,etiquette,dining,0.4397,2,True,0.0,0.0,0.0,
lm_pmi_smol1.7b,I59:wrong_label,I59,wrong_label,etiquette,dining,0.4454,2,True,0.0,0.0,0.0,
lm_pmi_smol1.7b,I59:wrong_pick,I59,wrong_pick,etiquette,dining,0.4463,2,True,0.0,0.0,0.0,
lm_pmi_smol1.7b,I60:clean,I60,clean,etiquette,bedroom,0.4367,2,True,0.0,0.0,0.0,
lm_pmi_smol1.7b,I60:partial,I60,partial,etiquette,bedroom,0.4242,2,True,0.0,0.0,0.0,
lm_pmi_smol1.7b,I60:wrong_label,I60,wrong_label,etiquette,bedroom,0.4445,2,True,0.0,0.0,0.0,
lm_pmi_smol1.7b,I60:wrong_pick,I60,wrong_pick,etiquette,bedroom,0.4342,2,True,0.0,0.0,0.0,
lm_rank_phi3.5,I01:clean,I01,clean,needs,bedroom,2.4008,2,True,1.0,1.0,1.0,1.0
lm_rank_phi3.5,I01:partial,I01,partial,needs,bedroom,0.8297,2,True,1.0,1.0,1.0,1.0
lm_rank_phi3.5,I01:wrong_label,I01,wrong_label,needs,bedroom,0.9131,2,True,1.0,1.0,1.0,1.0
lm_rank_phi3.5,I01:wrong_pick,I01,wrong_pick,needs,bedroom,0.8854,2,True,1.0,1.0,1.0,1.0
lm_rank_phi3.5,I02:clean,I02,clean,needs,bedroom,0.878,2,True,0.0,0.0,0.0,9.0
lm_rank_phi3.5,I02:partial,I02,partial,needs,bedroom,0.7682,2,True,0.0,0.0,0.0,
lm_rank_phi3.5,I02:wrong_label,I02,wrong_label,needs,bedroom,0.8197,2,True,0.0,0.0,0.0,
lm_rank_phi3.5,I02:wrong_pick,I02,wrong_pick,needs,bedroom,0.8267,2,True,0.0,0.0,0.0,
lm_rank_phi3.5,I03:clean,I03,clean,needs,bedroom,0.7886,1,True,0.0,1.0,1.0,3.0
lm_rank_phi3.5,I03:partial,I03,partial,needs,bedroom,0.7931,1,True,0.0,1.0,1.0,3.0
lm_rank_phi3.5,I03:wrong_label,I03,wrong_label,needs,bedroom,0.8013,1,False,0.0,0.0,0.0,
lm_rank_phi3.5,I03:wrong_pick,I03,wrong_pick,needs,bedroom,0.8265,1,False,0.0,0.0,0.0,
lm_rank_phi3.5,I04:clean,I04,clean,needs,bedroom,0.7804,1,True,0.0,1.0,1.0,2.0
lm_rank_phi3.5,I04:partial,I04,partial,needs,bedroom,0.7876,1,True,0.0,1.0,1.0,2.0
lm_rank_phi3.5,I04:wrong_label,I04,wrong_label,needs,bedroom,0.8063,1,False,0.0,0.0,0.0,9.0
lm_rank_phi3.5,I04:wrong_pick,I04,wrong_pick,needs,bedroom,0.8465,1,False,0.0,0.0,0.0,
lm_rank_phi3.5,I05:clean,I05,clean,needs,bedroom,0.811,1,True,0.0,0.0,0.0,
lm_rank_phi3.5,I05:partial,I05,partial,needs,bedroom,0.8156,1,True,0.0,0.0,0.0,
lm_rank_phi3.5,I05:wrong_label,I05,wrong_label,needs,bedroom,0.7945,1,False,0.0,0.0,0.0,
lm_rank_phi3.5,I05:wrong_pick,I05,wrong_pick,needs,bedroom,0.816,1,False,0.0,0.0,0.0,
lm_rank_phi3.5,I06:clean,I06,clean,needs,bedroom,0.9419,3,True,0.0,0.0,0.0,
lm_rank_phi3.5,I06:partial,I06,partial,needs,bedroom,0.7966,3,True,0.0,0.0,0.0,
lm_rank_phi3.5,I06:wrong_label,I06,wrong_label,needs,bedroom,0.974,3,True,0.0,0.0,0.0,
lm_rank_phi3.5,I06:wrong_pick,I06,wrong_pick,needs,bedroom,0.9394,3,True,0.0,0.0,0.0,
lm_rank_phi3.5,I07:clean,I07,clean,needs,bedroom,0.8512,1,True,1.0,1.0,1.0,1.0
lm_rank_phi3.5,I07:partial,I07,partial,needs,bedroom,0.8573,1,True,1.0,1.0,1.0,1.0
lm_rank_phi3.5,I07:wrong_label,I07,wrong_label,needs,bedroom,0.8024,1,False,0.0,0.0,0.0,8.0
lm_rank_phi3.5,I07:wrong_pick,I07,wrong_pick,needs,bedroom,0.8273,1,False,0.0,0.0,0.0,
lm_rank_phi3.5,I08:clean,I08,clean,needs,bedroom,0.8559,1,True,1.0,1.0,1.0,1.0
lm_rank_phi3.5,I08:partial,I08,partial,needs,bedroom,0.8588,1,True,1.0,1.0,1.0,1.0
lm_rank_phi3.5,I08:wrong_label,I08,wrong_label,needs,bedroom,0.8204,1,False,0.0,0.0,0.0,
lm_rank_phi3.5,I08:wrong_pick,I08,wrong_pick,needs,bedroom,0.8115,1,False,0.0,0.0,0.0,
lm_rank_phi3.5,I09:clean,I09,clean,needs,bedroom,0.8138,1,True,0.0,0.0,0.0,
lm_rank_phi3.5,I09:partial,I09,partial,needs,bedroom,0.8207,1,True,0.0,0.0,0.0,
lm_rank_phi3.5,I09:wrong_label,I09,wrong_label,needs,bedroom,0.8179,1,False,0.0,0.0,0.0,
lm_rank_phi3.5,I09:wrong_pick,I09,wrong_pick,needs,bedroom,0.8746,1,False,0.0,0.0,0.0,
lm_rank_phi3.5,I10:clean,I10,clean,needs,bedroom,0.8321,1,True,0.0,0.0,1.0,4.0
lm_rank_phi3.5,I10:partial,I10,partial,needs,bedroom,0.834,1,True,0.0,0.0,1.0,4.0
lm_rank_phi3.5,I10:wrong_label,I10,wrong_label,needs,bedroom,0.826,1,False,0.0,0.0,0.0,
lm_rank_phi3.5,I10:wrong_pick,I10,wrong_pick,needs,bedroom,0.8281,1,False,0.0,0.0,0.0,
lm_rank_phi3.5,I11:clean,I11,clean,needs,bedroom,0.8471,1,True,0.0,0.0,0.0,
lm_rank_phi3.5,I11:partial,I11,partial,needs,bedroom,0.8375,1,True,0.0,0.0,0.0,
lm_rank_phi3.5,I11:wrong_label,I11,wrong_label,needs,bedroom,0.8476,1,False,0.0,0.0,0.0,
lm_rank_phi3.5,I11:wrong_pick,I11,wrong_pick,needs,bedroom,0.8448,1,False,0.0,0.0,0.0,
lm_rank_phi3.5,I12:clean,I12,clean,needs,bedroom,1.0244,3,True,0.0,0.0,0.0,
lm_rank_phi3.5,I12:partial,I12,partial,needs,bedroom,0.8551,3,True,0.0,0.0,0.0,
lm_rank_phi3.5,I12:wrong_label,I12,wrong_label,needs,bedroom,1.0925,3,True,0.0,0.0,0.0,
lm_rank_phi3.5,I12:wrong_pick,I12,wrong_pick,needs,bedroom,1.0785,3,True,0.0,0.0,0.0,
lm_rank_phi3.5,I13:clean,I13,clean,needs,bathroom,1.1024,3,True,1.0,1.0,1.0,1.0
lm_rank_phi3.5,I13:partial,I13,partial,needs,bathroom,0.9529,3,True,1.0,1.0,1.0,1.0
lm_rank_phi3.5,I13:wrong_label,I13,wrong_label,needs,bathroom,1.1066,3,True,1.0,1.0,1.0,1.0
lm_rank_phi3.5,I13:wrong_pick,I13,wrong_pick,needs,bathroom,1.1451,3,True,1.0,1.0,1.0,1.0
lm_rank_phi3.5,I14:clean,I14,clean,needs,bathroom,1.0413,3,True,0.0,0.0,0.0,
lm_rank_phi3.5,I14:partial,I14,partial,needs,bathroom,0.9159,3,True,0.0,0.0,0.0,
lm_rank_phi3.5,I14:wrong_label,I14,wrong_label,needs,bathroom,1.1388,3,True,0.0,0.0,0.0,
lm_rank_phi3.5,I14:wrong_pick,I14,wrong_pick,needs,bathroom,1.0326,3,True,0.0,0.0,0.0,
lm_rank_phi3.5,I15:clean,I15,clean,needs,bathroom,0.9758,1,True,0.0,0.0,0.0,6.0
lm_rank_phi3.5,I15:partial,I15,partial,needs,bathroom,0.9746,1,True,0.0,0.0,0.0,6.0
lm_rank_phi3.5,I15:wrong_label,I15,wrong_label,needs,bathroom,0.8645,1,False,0.0,0.0,0.0,
lm_rank_phi3.5,I15:wrong_pick,I15,wrong_pick,needs,bathroom,0.8723,1,False,0.0,0.0,0.0,
lm_rank_phi3.5,I16:clean,I16,clean,needs,bathroom,0.9279,2,True,1.0,1.0,1.0,1.0
lm_rank_phi3.5,I16:partial,I16,partial,needs,bathroom,0.872,2,True,1.0,1.0,1.0,1.0
lm_rank_phi3.5,I16:wrong_label,I16,wrong_label,needs,bathroom,0.9339,2,True,1.0,1.0,1.0,1.0
lm_rank_phi3.5,I16:wrong_pick,I16,wrong_pick,needs,bathroom,0.9978,2,True,1.0,1.0,1.0,1.0
lm_rank_phi3.5,I17:clean,I17,clean,needs,bathroom,0.9355,1,True,0.0,0.0,0.0,
lm_rank_phi3.5,I17:partial,I17,partial,needs,bathroom,0.9375,1,True,0.0,0.0,0.0,
lm_rank_phi3.5,I17:wrong_label,I17,wrong_label,needs,bathroom,0.8979,1,False,0.0,0.0,0.0,
lm_rank_phi3.5,I17:wrong_pick,I17,wrong_pick,needs,bathroom,0.9053,1,False,0.0,0.0,0.0,
lm_rank_phi3.5,I18:clean,I18,clean,needs,bathroom,0.8935,1,True,0.0,0.0,0.0,
lm_rank_phi3.5,I18:partial,I18,partial,needs,bathroom,0.8991,1,True,0.0,0.0,0.0,
lm_rank_phi3.5,I18:wrong_label,I18,wrong_label,needs,bathroom,0.9132,1,False,0.0,0.0,0.0,
lm_rank_phi3.5,I18:wrong_pick,I18,wrong_pick,needs,bathroom,0.91,1,False,0.0,0.0,0.0,
lm_rank_phi3.5,I19:clean,I19,clean,needs,kitchen,1.0094,2,True,0.0,1.0,1.0,2.0
lm_rank_phi3.5,I19:partial,I19,partial,needs,kitchen,0.9039,2,True,0.0,1.0,1.0,2.0
lm_rank_phi3.5,I19:wrong_label,I19,wrong_label,needs,kitchen,1.0009,2,True,0.0,1.0,1.0,3.0
lm_rank_phi3.5,I19:wrong_pick,I19,wrong_pick,needs,kitchen,1.0673,2,True,0.0,1.0,1.0,3.0
lm_rank_phi3.5,I20:clean,I20,clean,needs,kitchen,0.9175,2,True,0.0,0.0,1.0,5.0
lm_rank_phi3.5,I20:partial,I20,partial,needs,kitchen,0.896,2,True,0.0,0.0,1.0,4.0
lm_rank_phi3.5,I20:wrong_label,I20,wrong_label,needs,kitchen,0.9234,2,True,0.0,0.0,0.0,9.0
lm_rank_phi3.5,I20:wrong_pick,I20,wrong_pick,needs,kitchen,0.9763,2,True,0.0,0.0,1.0,4.0
lm_rank_phi3.5,I21:clean,I21,clean,needs,kitchen,0.9086,1,True,1.0,1.0,1.0,1.0
lm_rank_phi3.5,I21:partial,I21,partial,needs,kitchen,0.923,1,True,1.0,1.0,1.0,1.0
lm_rank_phi3.5,I21:wrong_label,I21,wrong_label,needs,kitchen,0.9312,1,False,0.0,0.0,1.0,5.0
lm_rank_phi3.5,I21:wrong_pick,I21,wrong_pick,needs,kitchen,0.9243,1,False,0.0,1.0,1.0,2.0
lm_rank_phi3.5,I22:clean,I22,clean,needs,kitchen,1.0976,2,True,0.0,1.0,1.0,2.0
lm_rank_phi3.5,I22:partial,I22,partial,needs,kitchen,0.9756,2,True,0.0,1.0,1.0,3.0
lm_rank_phi3.5,I22:wrong_label,I22,wrong_label,needs,kitchen,1.0931,2,True,0.0,1.0,1.0,3.0
lm_rank_phi3.5,I22:wrong_pick,I22,wrong_pick,needs,kitchen,1.0378,2,True,0.0,1.0,1.0,3.0
lm_rank_phi3.5,I23:clean,I23,clean,needs,kitchen,0.9909,2,True,0.0,0.0,0.0,
lm_rank_phi3.5,I23:partial,I23,partial,needs,kitchen,0.9303,2,True,0.0,0.0,0.0,
lm_rank_phi3.5,I23:wrong_label,I23,wrong_label,needs,kitchen,0.9729,2,True,0.0,0.0,0.0,
lm_rank_phi3.5,I23:wrong_pick,I23,wrong_pick,needs,kitchen,1.1335,2,True,0.0,0.0,0.0,
lm_rank_phi3.5,I24:clean,I24,clean,needs,dining,1.1283,3,True,0.0,1.0,1.0,3.0
lm_rank_phi3.5,I24:partial,I24,partial,needs,dining,0.9653,3,True,0.0,0.0,1.0,4.0
lm_rank_phi3.5,I24:wrong_label,I24,wrong_label,needs,dining,1.1318,3,True,0.0,1.0,1.0,3.0
lm_rank_phi3.5,I24:wrong_pick,I24,wrong_pick,needs,dining,1.0893,3,True,0.0,0.0,1.0,5.0
lm_rank_phi3.5,I25:clean,I25,clean,needs,dining,1.0767,2,True,0.0,1.0,1.0,3.0
lm_rank_phi3.5,I25:partial,I25,partial,needs,dining,0.9793,2,True,0.0,0.0,0.0,
lm_rank_phi3.5,I25:wrong_label,I25,wrong_label,needs,dining,1.0883,2,True,0.0,0.0,0.0,
lm_rank_phi3.5,I25:wrong_pick,I25,wrong_pick,needs,dining,1.1155,2,True,0.0,0.0,0.0,
lm_rank_phi3.5,I26:clean,I26,clean,needs,dining,1.0061,1,True,1.0,1.0,1.0,1.0
lm_rank_phi3.5,I26:partial,I26,partial,needs,dining,1.0093,1,True,1.0,1.0,1.0,1.0
lm_rank_phi3.5,I26:wrong_label,I26,wrong_label,needs,dining,1.0074,1,False,0.0,1.0,1.0,3.0
lm_rank_phi3.5,I26:wrong_pick,I26,wrong_pick,needs,dining,1.054,1,False,0.0,1.0,1.0,2.0
lm_rank_phi3.5,I27:clean,I27,clean,needs,dining,1.0165,1,True,0.0,0.0,0.0,
lm_rank_phi3.5,I27:partial,I27,partial,needs,dining,1.0417,1,True,0.0,0.0,0.0,
lm_rank_phi3.5,I27:wrong_label,I27,wrong_label,needs,dining,1.0126,1,False,0.0,0.0,0.0,
lm_rank_phi3.5,I27:wrong_pick,I27,wrong_pick,needs,dining,1.0557,1,False,0.0,0.0,0.0,
lm_rank_phi3.5,I28:clean,I28,clean,needs,living room,1.1647,2,True,0.0,0.0,0.0,7.0
lm_rank_phi3.5,I28:partial,I28,partial,needs,living room,1.0446,2,True,0.0,0.0,0.0,
lm_rank_phi3.5,I28:wrong_label,I28,wrong_label,needs,living room,1.1393,2,True,0.0,0.0,0.0,
lm_rank_phi3.5,I28:wrong_pick,I28,wrong_pick,needs,living room,1.2129,2,True,0.0,0.0,0.0,
lm_rank_phi3.5,I29:clean,I29,clean,needs,living room,1.2171,2,True,1.0,1.0,1.0,1.0
lm_rank_phi3.5,I29:partial,I29,partial,needs,living room,1.0515,2,True,1.0,1.0,1.0,1.0
lm_rank_phi3.5,I29:wrong_label,I29,wrong_label,needs,living room,1.1874,2,True,1.0,1.0,1.0,1.0
lm_rank_phi3.5,I29:wrong_pick,I29,wrong_pick,needs,living room,1.1499,2,True,1.0,1.0,1.0,1.0
lm_rank_phi3.5,I30:clean,I30,clean,needs,living room,1.1019,1,True,0.0,1.0,1.0,2.0
lm_rank_phi3.5,I30:partial,I30,partial,needs,living room,1.0988,1,True,0.0,1.0,1.0,2.0
lm_rank_phi3.5,I30:wrong_label,I30,wrong_label,needs,living room,1.0567,1,False,0.0,0.0,0.0,
lm_rank_phi3.5,I30:wrong_pick,I30,wrong_pick,needs,living room,1.0489,1,False,0.0,0.0,0.0,
lm_rank_phi3.5,I31:clean,I31,clean,needs,living room,1.0491,1,True,0.0,0.0,0.0,
lm_rank_phi3.5,I31:partial,I31,partial,needs,living room,1.0488,1,True,0.0,0.0,0.0,
lm_rank_phi3.5,I31:wrong_label,I31,wrong_label,needs,living room,1.0771,1,False,0.0,0.0,0.0,
lm_rank_phi3.5,I31:wrong_pick,I31,wrong_pick,needs,living room,1.1232,1,False,0.0,0.0,0.0,
lm_rank_phi3.5,I32:clean,I32,clean,needs,living room,1.0338,1,True,0.0,0.0,0.0,
lm_rank_phi3.5,I32:partial,I32,partial,needs,living room,1.0215,1,True,0.0,0.0,0.0,
lm_rank_phi3.5,I32:wrong_label,I32,wrong_label,needs,living room,1.0189,1,False,0.0,0.0,0.0,
lm_rank_phi3.5,I32:wrong_pick,I32,wrong_pick,needs,living room,1.0171,1,False,0.0,0.0,0.0,
lm_rank_phi3.5,I33:clean,I33,clean,needs,bedroom,1.0498,1,True,0.0,0.0,0.0,6.0
lm_rank_phi3.5,I33:partial,I33,partial,needs,bedroom,1.048,1,True,0.0,0.0,0.0,6.0
lm_rank_phi3.5,I33:wrong_label,I33,wrong_label,needs,bedroom,0.9937,1,False,0.0,0.0,0.0,
lm_rank_phi3.5,I33:wrong_pick,I33,wrong_pick,needs,bedroom,1.0077,1,False,0.0,0.0,1.0,5.0
lm_rank_phi3.5,I34:clean,I34,clean,information,bedroom,1.0066,1,True,0.0,0.0,0.0,6.0
lm_rank_phi3.5,I34:partial,I34,partial,information,bedroom,1.0056,1,True,0.0,0.0,0.0,6.0
lm_rank_phi3.5,I34:wrong_label,I34,wrong_label,information,bedroom,1.0074,1,False,0.0,0.0,0.0,
lm_rank_phi3.5,I34:wrong_pick,I34,wrong_pick,information,bedroom,0.9933,1,False,0.0,0.0,0.0,
lm_rank_phi3.5,I35:clean,I35,clean,information,living room,1.0009,1,True,0.0,0.0,0.0,
lm_rank_phi3.5,I35:partial,I35,partial,information,living room,1.0079,1,True,0.0,0.0,0.0,
lm_rank_phi3.5,I35:wrong_label,I35,wrong_label,information,living room,1.0291,1,False,0.0,0.0,0.0,
lm_rank_phi3.5,I35:wrong_pick,I35,wrong_pick,information,living room,0.9871,1,False,0.0,0.0,0.0,
lm_rank_phi3.5,I36:clean,I36,clean,information,bedroom,0.9869,1,True,0.0,0.0,0.0,
lm_rank_phi3.5,I36:partial,I36,partial,information,bedroom,0.9756,1,True,0.0,0.0,0.0,
lm_rank_phi3.5,I36:wrong_label,I36,wrong_label,information,bedroom,0.9936,1,False,0.0,0.0,0.0,
lm_rank_phi3.5,I36:wrong_pick,I36,wrong_pick,information,bedroom,0.9879,1,False,0.0,0.0,0.0,
lm_rank_phi3.5,I37:clean,I37,clean,information,bedroom,1.0824,2,True,0.0,0.0,0.0,10.0
lm_rank_phi3.5,I37:partial,I37,partial,information,bedroom,0.9923,2,True,0.0,0.0,0.0,
lm_rank_phi3.5,I37:wrong_label,I37,wrong_label,information,bedroom,1.1329,2,True,0.0,0.0,0.0,
lm_rank_phi3.5,I37:wrong_pick,I37,wrong_pick,information,bedroom,1.0945,2,True,0.0,0.0,0.0,
lm_rank_phi3.5,I38:clean,I38,clean,information,living room,0.9829,1,True,0.0,0.0,0.0,9.0
lm_rank_phi3.5,I38:partial,I38,partial,information,living room,0.9885,1,True,0.0,0.0,0.0,9.0
lm_rank_phi3.5,I38:wrong_label,I38,wrong_label,information,living room,0.9758,1,False,0.0,0.0,0.0,
lm_rank_phi3.5,I38:wrong_pick,I38,wrong_pick,information,living room,1.0747,1,False,0.0,0.0,0.0,
lm_rank_phi3.5,I39:clean,I39,clean,information,bedroom,0.9628,1,True,0.0,0.0,0.0,
lm_rank_phi3.5,I39:partial,I39,partial,information,bedroom,0.9695,1,True,0.0,0.0,0.0,
lm_rank_phi3.5,I39:wrong_label,I39,wrong_label,information,bedroom,0.9776,1,False,0.0,0.0,0.0,
lm_rank_phi3.5,I39:wrong_pick,I39,wrong_pick,information,bedroom,1.0194,1,False,0.0,0.0,0.0,
lm_rank_phi3.5,I40:clean,I40,clean,information,living room,0.9663,1,True,0.0,0.0,0.0,
lm_rank_phi3.5,I40:partial,I40,partial,information,living room,0.9691,1,True,0.0,0.0,0.0,
lm_rank_phi3.5,I40:wrong_label,I40,wrong_label,information,living room,0.968,1,False,0.0,0.0,0.0,
lm_rank_phi3.5,I40:wrong_pick,I40,wrong_pick,information,living room,1.0162,1,False,0.0,0.0,0.0,
lm_rank_phi3.5,I41:clean,I41,clean,information,kitchen,0.9642,1,True,0.0,0.0,1.0,5.0
lm_rank_phi3.5,I41:partial,I41,partial,information,kitchen,0.9644,1,True,0.0,0.0,1.0,5.0
lm_rank_phi3.5,I41:wrong_label,I41,wrong_label,information,kitchen,0.969,1,False,0.0,0.0,0.0,
lm_rank_phi3.5,I41:wrong_pick,I41,wrong_pick,information,kitchen,0.9611,1,False,0.0,0.0,0.0,
lm_rank_phi3.5,I42:clean,I42,clean,information,bedroom,0.9851,1,True,0.0,0.0,1.0,4.0
lm_rank_phi3.5,I42:partial,I42,partial,information,bedroom,0.9866,1,True,0.0,0.0,1.0,4.0
lm_rank_phi3.5,I42:wrong_label,I42,wrong_label,information,bedroom,0.976,1,False,0.0,0.0,0.0,
lm_rank_phi3.5,I42:wrong_pick,I42,wrong_pick,information,bedroom,0.9698,1,False,0.0,0.0,0.0,
lm_rank_phi3.5,I43:clean,I43,clean,information,dining,0.9867,1,True,0.0,0.0,0.0,
lm_rank_phi3.5,I43:partial,I43,partial,information,dining,0.9959,1,True,0.0,0.0,0.0,
lm_rank_phi3.5,I43:wrong_label,I43,wrong_label,information,dining,0.9894,1,False,0.0,0.0,0.0,
lm_rank_phi3.5,I43:wrong_pick,I43,wrong_pick,information,dining,1.0281,1,False,0.0,0.0,0.0,
lm_rank_phi3.5,I44:clean,I44,clean,social,bedroom,1.0791,1,True,0.0,0.0,0.0,9.0
lm_rank_phi3.5,I44:partial,I44,partial,social,bedroom,1.0776,1,True,0.0,0.0,0.0,9.0
lm_rank_phi3.5,I44:wrong_label,I44,wrong_label,social,bedroom,0.9884,1,False,0.0,0.0,0.0,
lm_rank_phi3.5,I44:wrong_pick,I44,wrong_pick,social,bedroom,0.9951,1,False,0.0,0.0,0.0,
lm_rank_phi3.5,I45:clean,I45,clean,social,living room,0.9842,1,True,0.0,0.0,0.0,
lm_rank_phi3.5,I45:partial,I45,partial,social,living room,0.9784,1,True,0.0,0.0,0.0,
lm_rank_phi3.5,I45:wrong_label,I45,wrong_label,social,living room,0.9985,1,False,0.0,0.0,0.0,
lm_rank_phi3.5,I45:wrong_pick,I45,wrong_pick,social,living room,1.0027,1,False,0.0,0.0,0.0,
lm_rank_phi3.5,I46:clean,I46,clean,social,living room,0.9896,1,True,0.0,0.0,0.0,
lm_rank_phi3.5,I46:partial,I46,partial,social,living room,0.9886,1,True,0.0,0.0,0.0,
lm_rank_phi3.5,I46:wrong_label,I46,wrong_label,social,living room,1.0068,1,False,0.0,0.0,0.0,
lm_rank_phi3.5,I46:wrong_pick,I46,wrong_pick,social,living room,0.9875,1,False,0.0,0.0,0.0,
lm_rank_phi3.5,I47:clean,I47,clean,social,bedroom,0.9862,1,True,0.0,0.0,0.0,
lm_rank_phi3.5,I47:partial,I47,partial,social,bedroom,0.9986,1,True,0.0,0.0,0.0,
lm_rank_phi3.5,I47:wrong_label,I47,wrong_label,social,bedroom,0.9985,1,False,0.0,0.0,0.0,
lm_rank_phi3.5,I47:wrong_pick,I47,wrong_pick,social,bedroom,0.9984,1,False,0.0,0.0,0.0,
lm_rank_phi3.5,I48:clean,I48,clean,social,living room,1.0077,1,True,0.0,0.0,0.0,
lm_rank_phi3.5,I48:partial,I48,partial,social,living room,0.9936,1,True,0.0,0.0,0.0,
lm_rank_phi3.5,I48:wrong_label,I48,wrong_label,social,living room,1.0389,1,False,0.0,0.0,0.0,
lm_rank_phi3.5,I48:wrong_pick,I48,wrong_pick,social,living room,1.0513,1,False,0.0,0.0,0.0,
lm_rank_phi3.5,I49:clean,I49,clean,social,dining,1.0432,1,True,0.0,0.0,0.0,
lm_rank_phi3.5,I49:partial,I49,partial,social,dining,1.052,1,True,0.0,0.0,0.0,
lm_rank_phi3.5,I49:wrong_label,I49,wrong_label,social,dining,1.1005,1,False,0.0,0.0,0.0,
lm_rank_phi3.5,I49:wrong_pick,I49,wrong_pick,social,dining,1.0989,1,False,0.0,0.0,0.0,
lm_rank_phi3.5,I50:clean,I50,clean,social,living room,1.0054,1,True,0.0,0.0,0.0,
lm_rank_phi3.5,I50:partial,I50,partial,social,living room,1.0166,1,True,0.0,0.0,0.0,
lm_rank_phi3.5,I50:wrong_label,I50,wrong_label,social,living room,1.0088,1,False,0.0,0.0,0.0,
lm_rank_phi3.5,I50:wrong_pick,I50,wrong_pick,social,living room,1.0089,1,False,0.0,0.0,0.0,
lm_rank_phi3.5,I51:clean,I51,clean,social,bedroom,0.9956,1,True,0.0,0.0,0.0,
lm_rank_phi3.5,I51:partial,I51,partial,social,bedroom,0.9996,1,True,0.0,0.0,0.0,
lm_rank_phi3.5,I51:wrong_label,I51,wrong_label,social,bedroom,1.0029,1,False,0.0,0.0,0.0,
lm_rank_phi3.5,I51:wrong_pick,I51,wrong_pick,social,bedroom,0.9961,1,False,0.0,0.0,0.0,
lm_rank_phi3.5,I52:clean,I52,clean,social,living room,1.0484,1,True,0.0,0.0,0.0,
lm_rank_phi3.5,I52:partial,I52,partial,social,living room,1.0484,1,True,0.0,0.0,0.0,
lm_rank_phi3.5,I52:wrong_label,I52,wrong_label,social,living room,1.0517,1,False,0.0,0.0,0.0,
lm_rank_phi3.5,I52:wrong_pick,I52,wrong_pick,social,living room,0.9927,1,False,0.0,0.0,0.0,
lm_rank_phi3.5,I53:clean,I53,clean,social,bedroom,1.0098,1,True,0.0,0.0,0.0,6.0
lm_rank_phi3.5,I53:partial,I53,partial,social,bedroom,1.007,1,True,0.0,0.0,0.0,6.0
lm_rank_phi3.5,I53:wrong_label,I53,wrong_label,social,bedroom,1.0411,1,False,0.0,0.0,0.0,
lm_rank_phi3.5,I53:wrong_pick,I53,wrong_pick,social,bedroom,0.9918,1,False,0.0,0.0,0.0,
lm_rank_phi3.5,I54:clean,I54,clean,etiquette,dining,1.0002,1,True,0.0,0.0,0.0,
lm_rank_phi3.5,I54:partial,I54,partial,etiquette,dining,0.9995,1,True,0.0,0.0,0.0,
lm_rank_phi3.5,I54:wrong_label,I54,wrong_label,etiquette,dining,1.007,1,False,0.0,0.0,0.0,
lm_rank_phi3.5,I54:wrong_pick,I54,wrong_pick,etiquette,dining,1.1575,1,False,0.0,0.0,0.0,
lm_rank_phi3.5,I55:clean,I55,clean,etiquette,living room,1.1722,3,True,0.0,0.0,1.0,4.0
lm_rank_phi3.5,I55:partial,I55,partial,etiquette,living room,0.9989,3,True,0.0,0.0,1.0,4.0
lm_rank_phi3.5,I55:wrong_label,I55,wrong_label,etiquette,living room,1.2074,3,True,0.0,0.0,1.0,5.0
lm_rank_phi3.5,I55:wrong_pick,I55,wrong_pick,etiquette,living room,1.2735,3,True,0.0,0.0,1.0,4.0
lm_rank_phi3.5,I56:clean,I56,clean,etiquette,dining,0.993,1,True,0.0,0.0,0.0,
lm_rank_phi3.5,I56:partial,I56,partial,etiquette,dining,0.9867,1,True,0.0,0.0,0.0,
lm_rank_phi3.5,I56:wrong_label,I56,wrong_label,etiquette,dining,1.0087,1,False,0.0,0.0,0.0,
lm_rank_phi3.5,I56:wrong_pick,I56,wrong_pick,etiquette,dining,1.0058,1,False,0.0,0.0,0.0,
lm_rank_phi3.5,I57:clean,I57,clean,etiquette,bedroom,1.0097,1,True,0.0,1.0,1.0,3.0
lm_rank_phi3.5,I57:partial,I57,partial,etiquette,bedroom,1.0072,1,True,0.0,1.0,1.0,3.0
lm_rank_phi3.5,I57:wrong_label,I57,wrong_label,etiquette,bedroom,0.9992,1,False,0.0,0.0,0.0,
lm_rank_phi3.5,I57:wrong_pick,I57,wrong_pick,etiquette,bedroom,1.0046,1,False,0.0,0.0,0.0,
lm_rank_phi3.5,I58:clean,I58,clean,etiquette,living room,1.0004,1,True,0.0,0.0,0.0,
lm_rank_phi3.5,I58:partial,I58,partial,etiquette,living room,1.0074,1,True,0.0,0.0,0.0,
lm_rank_phi3.5,I58:wrong_label,I58,wrong_label,etiquette,living room,0.9954,1,False,0.0,0.0,0.0,
lm_rank_phi3.5,I58:wrong_pick,I58,wrong_pick,etiquette,living room,1.0011,1,False,0.0,0.0,0.0,
lm_rank_phi3.5,I59:clean,I59,clean,etiquette,dining,1.0898,2,True,0.0,0.0,1.0,4.0
lm_rank_phi3.5,I59:partial,I59,partial,etiquette,dining,1.0057,2,True,0.0,1.0,1.0,3.0
lm_rank_phi3.5,I59:wrong_label,I59,wrong_label,etiquette,dining,1.0926,2,True,0.0,0.0,1.0,5.0
lm_rank_phi3.5,I59:wrong_pick,I59,wrong_pick,etiquette,dining,1.0851,2,True,0.0,0.0,0.0,6.0
lm_rank_phi3.5,I60:clean,I60,clean,etiquette,bedroom,1.0347,2,True,0.0,0.0,0.0,
lm_rank_phi3.5,I60:partial,I60,partial,etiquette,bedroom,0.9919,2,True,0.0,0.0,0.0,
lm_rank_phi3.5,I60:wrong_label,I60,wrong_label,etiquette,bedroom,1.0424,2,True,0.0,0.0,0.0,
lm_rank_phi3.5,I60:wrong_pick,I60,wrong_pick,etiquette,bedroom,1.0342,2,True,0.0,0.0,0.0,
lm_rank_qwen1.5b,I01:clean,I01,clean,needs,bedroom,0.9705,2,True,0.0,1.0,1.0,2.0
lm_rank_qwen1.5b,I01:partial,I01,partial,needs,bedroom,0.3557,2,True,0.0,1.0,1.0,2.0
lm_rank_qwen1.5b,I01:wrong_label,I01,wrong_label,needs,bedroom,0.3921,2,True,0.0,1.0,1.0,3.0
lm_rank_qwen1.5b,I01:wrong_pick,I01,wrong_pick,needs,bedroom,0.3743,2,True,0.0,1.0,1.0,3.0
lm_rank_qwen1.5b,I02:clean,I02,clean,needs,bedroom,0.3756,2,True,0.0,0.0,0.0,
lm_rank_qwen1.5b,I02:partial,I02,partial,needs,bedroom,0.3645,2,True,0.0,0.0,0.0,
lm_rank_qwen1.5b,I02:wrong_label,I02,wrong_label,needs,bedroom,0.3716,2,True,0.0,0.0,0.0,
lm_rank_qwen1.5b,I02:wrong_pick,I02,wrong_pick,needs,bedroom,0.374,2,True,0.0,0.0,0.0,
lm_rank_qwen1.5b,I03:clean,I03,clean,needs,bedroom,0.365,1,True,0.0,0.0,0.0,
lm_rank_qwen1.5b,I03:partial,I03,partial,needs,bedroom,0.3699,1,True,0.0,0.0,0.0,
lm_rank_qwen1.5b,I03:wrong_label,I03,wrong_label,needs,bedroom,0.3766,1,False,0.0,0.0,0.0,
lm_rank_qwen1.5b,I03:wrong_pick,I03,wrong_pick,needs,bedroom,0.3834,1,False,0.0,0.0,0.0,
lm_rank_qwen1.5b,I04:clean,I04,clean,needs,bedroom,0.3745,1,True,0.0,1.0,1.0,3.0
lm_rank_qwen1.5b,I04:partial,I04,partial,needs,bedroom,0.377,1,True,0.0,1.0,1.0,3.0
lm_rank_qwen1.5b,I04:wrong_label,I04,wrong_label,needs,bedroom,0.375,1,False,0.0,0.0,0.0,
lm_rank_qwen1.5b,I04:wrong_pick,I04,wrong_pick,needs,bedroom,0.3764,1,False,0.0,0.0,0.0,
lm_rank_qwen1.5b,I05:clean,I05,clean,needs,bedroom,0.3734,1,True,0.0,0.0,0.0,
lm_rank_qwen1.5b,I05:partial,I05,partial,needs,bedroom,0.3727,1,True,0.0,0.0,0.0,
lm_rank_qwen1.5b,I05:wrong_label,I05,wrong_label,needs,bedroom,0.3807,1,False,0.0,0.0,0.0,
lm_rank_qwen1.5b,I05:wrong_pick,I05,wrong_pick,needs,bedroom,0.3756,1,False,0.0,0.0,0.0,
lm_rank_qwen1.5b,I06:clean,I06,clean,needs,bedroom,0.3963,3,True,0.0,0.0,0.0,
lm_rank_qwen1.5b,I06:partial,I06,partial,needs,bedroom,0.3675,3,True,0.0,0.0,0.0,
lm_rank_qwen1.5b,I06:wrong_label,I06,wrong_label,needs,bedroom,0.4092,3,True,0.0,0.0,0.0,
lm_rank_qwen1.5b,I06:wrong_pick,I06,wrong_pick,needs,bedroom,0.398,3,True,0.0,0.0,0.0,
lm_rank_qwen1.5b,I07:clean,I07,clean,needs,bedroom,0.365,1,True,0.0,1.0,1.0,3.0
lm_rank_qwen1.5b,I07:partial,I07,partial,needs,bedroom,0.364,1,True,0.0,1.0,1.0,3.0
lm_rank_qwen1.5b,I07:wrong_label,I07,wrong_label,needs,bedroom,0.367,1,False,0.0,0.0,0.0,
lm_rank_qwen1.5b,I07:wrong_pick,I07,wrong_pick,needs,bedroom,0.3667,1,False,0.0,0.0,0.0,
lm_rank_qwen1.5b,I08:clean,I08,clean,needs,bedroom,0.373,1,True,0.0,0.0,0.0,
lm_rank_qwen1.5b,I08:partial,I08,partial,needs,bedroom,0.368,1,True,0.0,0.0,0.0,
lm_rank_qwen1.5b,I08:wrong_label,I08,wrong_label,needs,bedroom,0.3623,1,False,0.0,0.0,0.0,
lm_rank_qwen1.5b,I08:wrong_pick,I08,wrong_pick,needs,bedroom,0.3664,1,False,0.0,0.0,0.0,
lm_rank_qwen1.5b,I09:clean,I09,clean,needs,bedroom,0.363,1,True,1.0,1.0,1.0,1.0
lm_rank_qwen1.5b,I09:partial,I09,partial,needs,bedroom,0.3647,1,True,1.0,1.0,1.0,1.0
lm_rank_qwen1.5b,I09:wrong_label,I09,wrong_label,needs,bedroom,0.3645,1,False,0.0,1.0,1.0,2.0
lm_rank_qwen1.5b,I09:wrong_pick,I09,wrong_pick,needs,bedroom,0.3655,1,False,1.0,1.0,1.0,1.0
lm_rank_qwen1.5b,I10:clean,I10,clean,needs,bedroom,0.3679,1,True,0.0,0.0,0.0,
lm_rank_qwen1.5b,I10:partial,I10,partial,needs,bedroom,0.3771,1,True,0.0,0.0,0.0,
lm_rank_qwen1.5b,I10:wrong_label,I10,wrong_label,needs,bedroom,0.3666,1,False,0.0,0.0,0.0,
lm_rank_qwen1.5b,I10:wrong_pick,I10,wrong_pick,needs,bedroom,0.3646,1,False,0.0,0.0,0.0,
lm_rank_qwen1.5b,I11:clean,I11,clean,needs,bedroom,0.3802,1,True,0.0,1.0,1.0,3.0
lm_rank_qwen1.5b,I11:partial,I11,partial,needs,bedroom,0.3776,1,True,0.0,1.0,1.0,3.0
lm_rank_qwen1.5b,I11:wrong_label,I11,wrong_label,needs,bedroom,0.3729,1,False,0.0,0.0,0.0,
lm_rank_qwen1.5b,I11:wrong_pick,I11,wrong_pick,needs,bedroom,0.3764,1,False,0.0,0.0,0.0,
lm_rank_qwen1.5b,I12:clean,I12,clean,needs,bedroom,0.4191,3,True,0.0,1.0,1.0,2.0
lm_rank_qwen1.5b,I12:partial,I12,partial,needs,bedroom,0.3759,3,True,0.0,0.0,0.0,
lm_rank_qwen1.5b,I12:wrong_label,I12,wrong_label,needs,bedroom,0.4338,3,True,0.0,0.0,0.0,9.0
lm_rank_qwen1.5b,I12:wrong_pick,I12,wrong_pick,needs,bedroom,0.431,3,True,0.0,1.0,1.0,3.0
lm_rank_qwen1.5b,I13:clean,I13,clean,needs,bathroom,0.4366,3,True,0.0,1.0,1.0,2.0
lm_rank_qwen1.5b,I13:partial,I13,partial,needs,bathroom,0.3921,3,True,1.0,1.0,1.0,1.0
lm_rank_qwen1.5b,I13:wrong_label,I13,wrong_label,needs,bathroom,0.4321,3,True,0.0,1.0,1.0,2.0
lm_rank_qwen1.5b,I13:wrong_pick,I13,wrong_pick,needs,bathroom,0.4559,3,True,0.0,1.0,1.0,2.0
lm_rank_qwen1.5b,I14:clean,I14,clean,needs,bathroom,0.4278,3,True,0.0,0.0,0.0,
lm_rank_qwen1.5b,I14:partial,I14,partial,needs,bathroom,0.3923,3,True,0.0,0.0,0.0,
lm_rank_qwen1.5b,I14:wrong_label,I14,wrong_label,needs,bathroom,0.4413,3,True,0.0,0.0,0.0,
lm_rank_qwen1.5b,I14:wrong_pick,I14,wrong_pick,needs,bathroom,0.4215,3,True,0.0,0.0,0.0,
lm_rank_qwen1.5b,I15:clean,I15,clean,needs,bathroom,0.3763,1,True,0.0,0.0,0.0,
lm_rank_qwen1.5b,I15:partial,I15,partial,needs,bathroom,0.3881,1,True,0.0,0.0,0.0,
lm_rank_qwen1.5b,I15:wrong_label,I15,wrong_label,needs,bathroom,0.3826,1,False,0.0,0.0,0.0,
lm_rank_qwen1.5b,I15:wrong_pick,I15,wrong_pick,needs,bathroom,0.3748,1,False,0.0,0.0,0.0,
lm_rank_qwen1.5b,I16:clean,I16,clean,needs,bathroom,0.3933,2,True,1.0,1.0,1.0,1.0
lm_rank_qwen1.5b,I16:partial,I16,partial,needs,bathroom,0.3748,2,True,0.0,1.0,1.0,2.0
lm_rank_qwen1.5b,I16:wrong_label,I16,wrong_label,needs,bathroom,0.3879,2,True,0.0,0.0,0.0,6.0
lm_rank_qwen1.5b,I16:wrong_pick,I16,wrong_pick,needs,bathroom,0.3969,2,True,0.0,0.0,0.0,7.0
lm_rank_qwen1.5b,I17:clean,I17,clean,needs,bathroom,0.3834,1,True,0.0,0.0,0.0,
lm_rank_qwen1.5b,I17:partial,I17,partial,needs,bathroom,0.3815,1,True,0.0,0.0,0.0,
lm_rank_qwen1.5b,I17:wrong_label,I17,wrong_label,needs,bathroom,0.3771,1,False,0.0,0.0,0.0,
lm_rank_qwen1.5b,I17:wrong_pick,I17,wrong_pick,needs,bathroom,0.3797,1,False,0.0,0.0,0.0,
lm_rank_qwen1.5b,I18:clean,I18,clean,needs,bathroom,0.3765,1,True,0.0,1.0,1.0,2.0
lm_rank_qwen1.5b,I18:partial,I18,partial,needs,bathroom,0.3814,1,True,0.0,1.0,1.0,2.0
lm_rank_qwen1.5b,I18:wrong_label,I18,wrong_label,needs,bathroom,0.3779,1,False,0.0,1.0,1.0,2.0
lm_rank_qwen1.5b,I18:wrong_pick,I18,wrong_pick,needs,bathroom,0.3753,1,False,0.0,1.0,1.0,3.0
lm_rank_qwen1.5b,I19:clean,I19,clean,needs,kitchen,0.3899,2,True,0.0,0.0,0.0,7.0
lm_rank_qwen1.5b,I19:partial,I19,partial,needs,kitchen,0.3825,2,True,0.0,0.0,0.0,8.0
lm_rank_qwen1.5b,I19:wrong_label,I19,wrong_label,needs,kitchen,0.3943,2,True,0.0,0.0,0.0,8.0
lm_rank_qwen1.5b,I19:wrong_pick,I19,wrong_pick,needs,kitchen,0.4264,2,True,0.0,0.0,0.0,9.0
lm_rank_qwen1.5b,I20:clean,I20,clean,needs,kitchen,0.3956,2,True,1.0,1.0,1.0,1.0
lm_rank_qwen1.5b,I20:partial,I20,partial,needs,kitchen,0.3817,2,True,0.0,1.0,1.0,2.0
lm_rank_qwen1.5b,I20:wrong_label,I20,wrong_label,needs,kitchen,0.3947,2,True,0.0,1.0,1.0,2.0
lm_rank_qwen1.5b,I20:wrong_pick,I20,wrong_pick,needs,kitchen,0.3975,2,True,0.0,1.0,1.0,2.0
lm_rank_qwen1.5b,I21:clean,I21,clean,needs,kitchen,0.3913,1,True,0.0,1.0,1.0,2.0
lm_rank_qwen1.5b,I21:partial,I21,partial,needs,kitchen,0.3883,1,True,0.0,1.0,1.0,2.0
lm_rank_qwen1.5b,I21:wrong_label,I21,wrong_label,needs,kitchen,0.3893,1,False,0.0,0.0,0.0,
lm_rank_qwen1.5b,I21:wrong_pick,I21,wrong_pick,needs,kitchen,0.3842,1,False,0.0,0.0,0.0,
lm_rank_qwen1.5b,I22:clean,I22,clean,needs,kitchen,0.4121,2,True,1.0,1.0,1.0,1.0
lm_rank_qwen1.5b,I22:partial,I22,partial,needs,kitchen,0.3899,2,True,0.0,1.0,1.0,2.0
lm_rank_qwen1.5b,I22:wrong_label,I22,wrong_label,needs,kitchen,0.402,2,True,0.0,1.0,1.0,2.0
lm_rank_qwen1.5b,I22:wrong_pick,I22,wrong_pick,needs,kitchen,0.408,2,True,0.0,1.0,1.0,2.0
lm_rank_qwen1.5b,I23:clean,I23,clean,needs,kitchen,0.4062,2,True,0.0,0.0,0.0,
lm_rank_qwen1.5b,I23:partial,I23,partial,needs,kitchen,0.3943,2,True,0.0,0.0,0.0,
lm_rank_qwen1.5b,I23:wrong_label,I23,wrong_label,needs,kitchen,0.4051,2,True,0.0,0.0,0.0,
lm_rank_qwen1.5b,I23:wrong_pick,I23,wrong_pick,needs,kitchen,0.4339,2,True,0.0,0.0,0.0,
lm_rank_qwen1.5b,I24:clean,I24,clean,needs,dining,0.4348,3,True,0.0,0.0,0.0,
lm_rank_qwen1.5b,I24:partial,I24,partial,needs,dining,0.3911,3,True,0.0,0.0,0.0,
lm_rank_qwen1.5b,I24:wrong_label,I24,wrong_label,needs,dining,0.4173,3,True,0.0,0.0,0.0,
lm_rank_qwen1.5b,I24:wrong_pick,I24,wrong_pick,needs,dining,0.4213,3,True,0.0,0.0,0.0,
lm_rank_qwen1.5b,I25:clean,I25,clean,needs,dining,0.4038,2,True,0.0,0.0,1.0,5.0
lm_rank_qwen1.5b,I25:partial,I25,partial,needs,dining,0.3965,2,True,0.0,0.0,0.0,6.0
lm_rank_qwen1.5b,I25:wrong_label,I25,wrong_label,needs,dining,0.4123,2,True,0.0,0.0,0.0,6.0
lm_rank_qwen1.5b,I25:wrong_pick,I25,wrong_pick,needs,dining,0.4074,2,True,0.0,0.0,0.0,7.0
lm_rank_qwen1.5b,I26:clean,I26,clean,needs,dining,0.3973,1,True,0.0,0.0,0.0,
lm_rank_qwen1.5b,I26:partial,I26,partial,needs,dining,0.4017,1,True,0.0,0.0,0.0,
lm_rank_qwen1.5b,I26:wrong_label,I26,wrong_label,needs,dining,0.3907,1,False,0.0,0.0,0.0,
lm_rank_qwen1.5b,I26:wrong_pick,I26,wrong_pick,needs,dining,0.4236,1,False,0.0,0.0,0.0,
lm_rank_qwen1.5b,I27:clean,I27,clean,needs,dining,0.3974,1,True,0.0,0.0,0.0,
lm_rank_qwen1.5b,I27:partial,I27,partial,needs,dining,0.395,1,True,0.0,0.0,0.0,
lm_rank_qwen1.5b,I27:wrong_label,I27,wrong_label,needs,dining,0.3978,1,False,0.0,0.0,0.0,
lm_rank_qwen1.5b,I27:wrong_pick,I27,wrong_pick,needs,dining,0.3962,1,False,0.0,0.0,0.0,
lm_rank_qwen1.5b,I28:clean,I28,clean,needs,living room,0.4427,2,True,0.0,1.0,1.0,3.0
lm_rank_qwen1.5b,I28:partial,I28,partial,needs,living room,0.4103,2,True,0.0,0.0,0.0,6.0
lm_rank_qwen1.5b,I28:wrong_label,I28,wrong_label,needs,living room,0.4288,2,True,0.0,0.0,0.0,10.0
lm_rank_qwen1.5b,I28:wrong_pick,I28,wrong_pick,needs,living room,0.4516,2,True,0.0,0.0,0.0,8.0
lm_rank_qwen1.5b,I29:clean,I29,clean,needs,living room,0.4247,2,True,0.0,1.0,1.0,2.0
lm_rank_qwen1.5b,I29:partial,I29,partial,needs,living room,0.4099,2,True,0.0,1.0,1.0,2.0
lm_rank_qwen1.5b,I29:wrong_label,I29,wrong_label,needs,living room,0.4313,2,True,0.0,1.0,1.0,3.0
lm_rank_qwen1.5b,I29:wrong_pick,I29,wrong_pick,needs,living room,0.424,2,True,0.0,1.0,1.0,2.0
lm_rank_qwen1.5b,I30:clean,I30,clean,needs,living room,0.4125,1,True,0.0,0.0,0.0,9.0
lm_rank_qwen1.5b,I30:partial,I30,partial,needs,living room,0.4154,1,True,0.0,0.0,0.0,9.0
lm_rank_qwen1.5b,I30:wrong_label,I30,wrong_label,needs,living room,0.4108,1,False,0.0,0.0,0.0,
lm_rank_qwen1.5b,I30:wrong_pick,I30,wrong_pick,needs,living room,0.4221,1,False,0.0,0.0,0.0,
lm_rank_qwen1.5b,I31:clean,I31,clean,needs,living room,0.4151,1,True,0.0,0.0,0.0,
lm_rank_qwen1.5b,I31:partial,I31,partial,needs,living room,0.4184,1,True,0.0,0.0,0.0,
lm_rank_qwen1.5b,I31:wrong_label,I31,wrong_label,needs,living room,0.4177,1,False,0.0,0.0,0.0,
lm_rank_qwen1.5b,I31:wrong_pick,I31,wrong_pick,needs,living room,0.4196,1,False,0.0,0.0,0.0,
lm_rank_qwen1.5b,I32:clean,I32,clean,needs,living room,0.4044,1,True,0.0,0.0,0.0,7.0
lm_rank_qwen1.5b,I32:partial,I32,partial,needs,living room,0.4177,1,True,0.0,0.0,0.0,7.0
lm_rank_qwen1.5b,I32:wrong_label,I32,wrong_label,needs,living room,0.4206,1,False,0.0,0.0,0.0,
lm_rank_qwen1.5b,I32:wrong_pick,I32,wrong_pick,needs,living room,0.4148,1,False,0.0,0.0,0.0,
lm_rank_qwen1.5b,I33:clean,I33,clean,needs,bedroom,0.4232,1,True,0.0,0.0,0.0,
lm_rank_qwen1.5b,I33:partial,I33,partial,needs,bedroom,0.4176,1,True,0.0,0.0,0.0,
lm_rank_qwen1.5b,I33:wrong_label,I33,wrong_label,needs,bedroom,0.4087,1,False,0.0,0.0,0.0,
lm_rank_qwen1.5b,I33:wrong_pick,I33,wrong_pick,needs,bedroom,0.4186,1,False,0.0,0.0,0.0,
lm_rank_qwen1.5b,I34:clean,I34,clean,information,bedroom,0.427,1,True,0.0,1.0,1.0,3.0
lm_rank_qwen1.5b,I34:partial,I34,partial,information,bedroom,0.4227,1,True,0.0,1.0,1.0,3.0
lm_rank_qwen1.5b,I34:wrong_label,I34,wrong_label,information,bedroom,0.4161,1,False,0.0,0.0,0.0,
lm_rank_qwen1.5b,I34:wrong_pick,I34,wrong_pick,information,bedroom,0.415,1,False,0.0,0.0,0.0,
lm_rank_qwen1.5b,I35:clean,I35,clean,information,living room,0.4303,1,True,0.0,0.0,0.0,
lm_rank_qwen1.5b,I35:partial,I35,partial,information,living room,0.4307,1,True,0.0,0.0,0.0,
lm_rank_qwen1.5b,I35:wrong_label,I35,wrong_label,information,living room,0.4237,1,False,0.0,0.0,0.0,
lm_rank_qwen1.5b,I35:wrong_pick,I35,wrong_pick,information,living room,0.4285,1,False,0.0,0.0,0.0,
lm_rank_qwen1.5b,I36:clean,I36,clean,information,bedroom,0.4116,1,True,0.0,0.0,0.0,
lm_rank_qwen1.5b,I36:partial,I36,partial,information,bedroom,0.4209,1,True,0.0,0.0,0.0,
lm_rank_qwen1.5b,I36:wrong_label,I36,wrong_label,information,bedroom,0.413,1,False,0.0,0.0,0.0,
lm_rank_qwen1.5b,I36:wrong_pick,I36,wrong_pick,information,bedroom,0.422,1,False,0.0,0.0,0.0,
lm_rank_qwen1.5b,I37:clean,I37,clean,information,bedroom,0.4362,2,True,0.0,0.0,1.0,5.0
lm_rank_qwen1.5b,I37:partial,I37,partial,information,bedroom,0.4143,2,True,0.0,0.0,0.0,8.0
lm_rank_qwen1.5b,I37:wrong_label,I37,wrong_label,information,bedroom,0.4289,2,True,0.0,0.0,0.0,
lm_rank_qwen1.5b,I37:wrong_pick,I37,wrong_pick,information,bedroom,0.4344,2,True,0.0,0.0,0.0,
lm_rank_qwen1.5b,I38:clean,I38,clean,information,living room,0.4376,1,True,0.0,1.0,1.0,2.0
lm_rank_qwen1.5b,I38:partial,I38,partial,information,living room,0.4395,1,True,0.0,1.0,1.0,2.0
lm_rank_qwen1.5b,I38:wrong_label,I38,wrong_label,information,living room,0.428,1,False,0.0,0.0,0.0,
lm_rank_qwen1.5b,I38:wrong_pick,I38,wrong_pick,information,living room,0.4354,1,False,0.0,0.0,0.0,
lm_rank_qwen1.5b,I39:clean,I39,clean,information,bedroom,0.4282,1,True,0.0,0.0,0.0,
lm_rank_qwen1.5b,I39:partial,I39,partial,information,bedroom,0.4312,1,True,0.0,0.0,0.0,
lm_rank_qwen1.5b,I39:wrong_label,I39,wrong_label,information,bedroom,0.4267,1,False,0.0,0.0,0.0,
lm_rank_qwen1.5b,I39:wrong_pick,I39,wrong_pick,information,bedroom,0.4328,1,False,0.0,0.0,0.0,
lm_rank_qwen1.5b,I40:clean,I40,clean,information,living room,0.4217,1,True,0.0,0.0,0.0,
lm_rank_qwen1.5b,I40:partial,I40,partial,information,living room,0.4254,1,True,0.0,0.0,0.0,
lm_rank_qwen1.5b,I40:wrong_label,I40,wrong_label,information,living room,0.425,1,False,0.0,0.0,0.0,
lm_rank_qwen1.5b,I40:wrong_pick,I40,wrong_pick,information,living room,0.4354,1,False,0.0,0.0,0.0,
lm_rank_qwen1.5b,I41:clean,I41,clean,information,kitchen,0.4244,1,True,0.0,1.0,1.0,2.0
lm_rank_qwen1.5b,I41:partial,I41,partial,information,kitchen,0.4215,1,True,0.0,1.0,1.0,2.0
lm_rank_qwen1.5b,I41:wrong_label,I41,wrong_label,information,kitchen,0.4234,1,False,0.0,0.0,1.0,5.0
lm_rank_qwen1.5b,I41:wrong_pick,I41,wrong_pick,information,kitchen,0.4187,1,False,0.0,0.0,0.0,
lm_rank_qwen1.5b,I42:clean,I42,clean,information,bedroom,0.4222,1,True,0.0,0.0,0.0,
lm_rank_qwen1.5b,I42:partial,I42,partial,information,bedroom,0.4288,1,True,0.0,0.0,0.0,
lm_rank_qwen1.5b,I42:wrong_label,I42,wrong_label,information,bedroom,0.4202,1,False,0.0,0.0,0.0,
lm_rank_qwen1.5b,I42:wrong_pick,I42,wrong_pick,information,bedroom,0.4212,1,False,0.0,0.0,0.0,
lm_rank_qwen1.5b,I43:clean,I43,clean,information,dining,0.4278,1,True,0.0,0.0,0.0,
lm_rank_qwen1.5b,I43:partial,I43,partial,information,dining,0.4247,1,True,0.0,0.0,0.0,
lm_rank_qwen1.5b,I43:wrong_label,I43,wrong_label,information,dining,0.4304,1,False,0.0,0.0,0.0,
lm_rank_qwen1.5b,I43:wrong_pick,I43,wrong_pick,information,dining,0.4369,1,False,0.0,0.0,0.0,
lm_rank_qwen1.5b,I44:clean,I44,clean,social,bedroom,0.4329,1,True,0.0,1.0,1.0,3.0
lm_rank_qwen1.5b,I44:partial,I44,partial,social,bedroom,0.4356,1,True,0.0,1.0,1.0,3.0
lm_rank_qwen1.5b,I44:wrong_label,I44,wrong_label,social,bedroom,0.4271,1,False,0.0,0.0,0.0,8.0
lm_rank_qwen1.5b,I44:wrong_pick,I44,wrong_pick,social,bedroom,0.4426,1,False,0.0,0.0,0.0,9.0
lm_rank_qwen1.5b,I45:clean,I45,clean,social,living room,0.4331,1,True,0.0,0.0,1.0,4.0
lm_rank_qwen1.5b,I45:partial,I45,partial,social,living room,0.4385,1,True,0.0,0.0,1.0,4.0
lm_rank_qwen1.5b,I45:wrong_label,I45,wrong_label,social,living room,0.4367,1,False,0.0,0.0,0.0,
lm_rank_qwen1.5b,I45:wrong_pick,I45,wrong_pick,social,living room,0.445,1,False,0.0,0.0,0.0,
lm_rank_qwen1.5b,I46:clean,I46,clean,social,living room,0.4403,1,True,1.0,1.0,1.0,1.0
lm_rank_qwen1.5b,I46:partial,I46,partial,social,living room,0.4398,1,True,1.0,1.0,1.0,1.0
lm_rank_qwen1.5b,I46:wrong_label,I46,wrong_label,social,living room,0.4441,1,False,0.0,1.0,1.0,3.0
lm_rank_qwen1.5b,I46:wrong_pick,I46,wrong_pick,social,living room,0.4465,1,False,0.0,1.0,1.0,3.0
lm_rank_qwen1.5b,I47:clean,I47,clean,social,bedroom,0.4377,1,True,0.0,0.0,0.0,
lm_rank_qwen1.5b,I47:partial,I47,partial,social,bedroom,0.4388,1,True,0.0,0.0,0.0,
lm_rank_qwen1.5b,I47:wrong_label,I47,wrong_label,social,bedroom,0.4358,1,False,0.0,0.0,0.0,
lm_rank_qwen1.5b,I47:wrong_pick,I47,wrong_pick,social,bedroom,0.4401,1,False,0.0,0.0,0.0,
lm_rank_qwen1.5b,I48:clean,I48,clean,social,living room,0.4533,1,True,0.0,0.0,0.0,
lm_rank_qwen1.5b,I48:partial,I48,partial,social,living room,0.4551,1,True,0.0,0.0,0.0,
lm_rank_qwen1.5b,I48:wrong_label,I48,wrong_label,social,living room,0.4567,1,False,0.0,0.0,0.0,
lm_rank_qwen1.5b,I48:wrong_pick,I48,wrong_pick,social,living room,0.4583,1,False,0.0,0.0,0.0,
lm_rank_qwen1.5b,I49:clean,I49,clean,social,dining,0.448,1,True,0.0,0.0,0.0,
lm_rank_qwen1.5b,I49:partial,I49,partial,social,dining,0.449,1,True,0.0,0.0,0.0,
lm_rank_qwen1.5b,I49:wrong_label,I49,wrong_label,social,dining,0.4392,1,False,0.0,0.0,0.0,
lm_rank_qwen1.5b,I49:wrong_pick,I49,wrong_pick,social,dining,0.4565,1,False,0.0,0.0,0.0,
lm_rank_qwen1.5b,I50:clean,I50,clean,social,living room,0.4553,1,True,0.0,0.0,0.0,
lm_rank_qwen1.5b,I50:partial,I50,partial,social,living room,0.4578,1,True,0.0,0.0,0.0,
lm_rank_qwen1.5b,I50:wrong_label,I50,wrong_label,social,living room,0.4521,1,False,0.0,0.0,0.0,
lm_rank_qwen1.5b,I50:wrong_pick,I50,wrong_pick,social,living room,0.4605,1,False,0.0,0.0,0.0,
lm_rank_qwen1.5b,I51:clean,I51,clean,social,bedroom,0.447,1,True,0.0,0.0,0.0,
lm_rank_qwen1.5b,I51:partial,I51,partial,social,bedroom,0.4457,1,True,0.0,0.0,0.0,
lm_rank_qwen1.5b,I51:wrong_label,I51,wrong_label,social,bedroom,0.4542,1,False,0.0,0.0,0.0,
lm_rank_qwen1.5b,I51:wrong_pick,I51,wrong_pick,social,bedroom,0.4482,1,False,0.0,0.0,0.0,
lm_rank_qwen1.5b,I52:clean,I52,clean,social,living room,0.467,1,True,0.0,0.0,1.0,5.0
lm_rank_qwen1.5b,I52:partial,I52,partial,social,living room,0.4657,1,True,0.0,0.0,1.0,5.0
lm_rank_qwen1.5b,I52:wrong_label,I52,wrong_label,social,living room,0.4617,1,False,0.0,1.0,1.0,3.0
lm_rank_qwen1.5b,I52:wrong_pick,I52,wrong_pick,social,living room,0.4592,1,False,0.0,0.0,0.0,6.0
lm_rank_qwen1.5b,I53:clean,I53,clean,social,bedroom,0.4486,1,True,0.0,0.0,0.0,6.0
lm_rank_qwen1.5b,I53:partial,I53,partial,social,bedroom,0.4496,1,True,0.0,0.0,0.0,6.0
lm_rank_qwen1.5b,I53:wrong_label,I53,wrong_label,social,bedroom,0.4566,1,False,0.0,0.0,0.0,
lm_rank_qwen1.5b,I53:wrong_pick,I53,wrong_pick,social,bedroom,0.4477,1,False,0.0,0.0,0.0,
lm_rank_qwen1.5b,I54:clean,I54,clean,etiquette,dining,0.4533,1,True,0.0,0.0,0.0,
lm_rank_qwen1.5b,I54:partial,I54,partial,etiquette,dining,0.455,1,True,0.0,0.0,0.0,
lm_rank_qwen1.5b,I54:wrong_label,I54,wrong_label,etiquette,dining,0.4561,1,False,0.0,0.0,0.0,
lm_rank_qwen1.5b,I54:wrong_pick,I54,wrong_pick,etiquette,dining,0.4768,1,False,0.0,0.0,0.0,
lm_rank_qwen1.5b,I55:clean,I55,clean,etiquette,living room,0.5253,3,True,1.0,1.0,1.0,1.0
lm_rank_qwen1.5b,I55:partial,I55,partial,etiquette,living room,0.4628,3,True,1.0,1.0,1.0,1.0
lm_rank_qwen1.5b,I55:wrong_label,I55,wrong_label,etiquette,living room,0.5196,3,True,1.0,1.0,1.0,1.0
lm_rank_qwen1.5b,I55:wrong_pick,I55,wrong_pick,etiquette,living room,0.52,3,True,1.0,1.0,1.0,1.0
lm_rank_qwen1.5b,I56:clean,I56,clean,etiquette,dining,0.4594,1,True,0.0,0.0,0.0,
lm_rank_qwen1.5b,I56:partial,I56,partial,etiquette,dining,0.4602,1,True,0.0,0.0,0.0,
lm_rank_qwen1.5b,I56:wrong_label,I56,wrong_label,etiquette,dining,0.4645,1,False,0.0,0.0,0.0,
lm_rank_qwen1.5b,I56:wrong_pick,I56,wrong_pick,etiquette,dining,0.4655,1,False,0.0,0.0,0.0,
lm_rank_qwen1.5b,I57:clean,I57,clean,etiquette,bedroom,0.4695,1,True,0.0,1.0,1.0,2.0
lm_rank_qwen1.5b,I57:partial,I57,partial,etiquette,bedroom,0.479,1,True,0.0,1.0,1.0,2.0
lm_rank_qwen1.5b,I57:wrong_label,I57,wrong_label,etiquette,bedroom,0.4657,1,False,0.0,0.0,0.0,6.0
lm_rank_qwen1.5b,I57:wrong_pick,I57,wrong_pick,etiquette,bedroom,0.4713,1,False,0.0,0.0,1.0,4.0
lm_rank_qwen1.5b,I58:clean,I58,clean,etiquette,living room,0.4863,1,True,0.0,0.0,0.0,9.0
lm_rank_qwen1.5b,I58:partial,I58,partial,etiquette,living room,0.4853,1,True,0.0,0.0,0.0,9.0
lm_rank_qwen1.5b,I58:wrong_label,I58,wrong_label,etiquette,living room,0.4795,1,False,0.0,0.0,0.0,
lm_rank_qwen1.5b,I58:wrong_pick,I58,wrong_pick,etiquette,living room,0.4914,1,False,0.0,0.0,0.0,10.0
lm_rank_qwen1.5b,I59:clean,I59,clean,etiquette,dining,0.4908,2,True,1.0,1.0,1.0,1.0
lm_rank_qwen1.5b,I59:partial,I59,partial,etiquette,dining,0.4765,2,True,0.0,1.0,1.0,3.0
lm_rank_qwen1.5b,I59:wrong_label,I59,wrong_label,etiquette,dining,0.4938,2,True,0.0,1.0,1.0,2.0
lm_rank_qwen1.5b,I59:wrong_pick,I59,wrong_pick,etiquette,dining,0.5006,2,True,0.0,1.0,1.0,2.0
lm_rank_qwen1.5b,I60:clean,I60,clean,etiquette,bedroom,0.4879,2,True,0.0,0.0,0.0,
lm_rank_qwen1.5b,I60:partial,I60,partial,etiquette,bedroom,0.4744,2,True,0.0,0.0,0.0,
lm_rank_qwen1.5b,I60:wrong_label,I60,wrong_label,etiquette,bedroom,0.4973,2,True,0.0,0.0,0.0,
lm_rank_qwen1.5b,I60:wrong_pick,I60,wrong_pick,etiquette,bedroom,0.4958,2,True,0.0,0.0,0.0,
lm_rank_qwen3b,I01:clean,I01,clean,needs,bedroom,1.1877,2,True,0.0,0.0,1.0,5.0
lm_rank_qwen3b,I01:partial,I01,partial,needs,bedroom,0.7743,2,True,0.0,1.0,1.0,2.0
lm_rank_qwen3b,I01:wrong_label,I01,wrong_label,needs,bedroom,0.8644,2,True,1.0,1.0,1.0,1.0
lm_rank_qwen3b,I01:wrong_pick,I01,wrong_pick,needs,bedroom,0.8036,2,True,0.0,1.0,1.0,2.0
lm_rank_qwen3b,I02:clean,I02,clean,needs,bedroom,0.8156,2,True,0.0,0.0,0.0,7.0
lm_rank_qwen3b,I02:partial,I02,partial,needs,bedroom,0.7752,2,True,0.0,0.0,0.0,
lm_rank_qwen3b,I02:wrong_label,I02,wrong_label,needs,bedroom,0.8172,2,True,0.0,0.0,0.0,8.0
lm_rank_qwen3b,I02:wrong_pick,I02,wrong_pick,needs,bedroom,0.81,2,True,0.0,0.0,0.0,
lm_rank_qwen3b,I03:clean,I03,clean,needs,bedroom,0.7973,1,True,0.0,0.0,0.0,9.0
lm_rank_qwen3b,I03:partial,I03,partial,needs,bedroom,0.7843,1,True,0.0,0.0,0.0,9.0
lm_rank_qwen3b,I03:wrong_label,I03,wrong_label,needs,bedroom,0.8059,1,False,0.0,0.0,0.0,
lm_rank_qwen3b,I03:wrong_pick,I03,wrong_pick,needs,bedroom,0.8137,1,False,0.0,0.0,0.0,
lm_rank_qwen3b,I04:clean,I04,clean,needs,bedroom,0.8025,1,True,0.0,1.0,1.0,3.0
lm_rank_qwen3b,I04:partial,I04,partial,needs,bedroom,0.8135,1,True,0.0,1.0,1.0,3.0
lm_rank_qwen3b,I04:wrong_label,I04,wrong_label,needs,bedroom,0.8183,1,False,0.0,0.0,0.0,
lm_rank_qwen3b,I04:wrong_pick,I04,wrong_pick,needs,bedroom,0.8115,1,False,0.0,0.0,0.0,
lm_rank_qwen3b,I05:clean,I05,clean,needs,bedroom,0.8096,1,True,0.0,0.0,0.0,10.0
lm_rank_qwen3b,I05:partial,I05,partial,needs,bedroom,0.8189,1,True,0.0,0.0,0.0,10.0
lm_rank_qwen3b,I05:wrong_label,I05,wrong_label,needs,bedroom,0.8205,1,False,0.0,0.0,0.0,
lm_rank_qwen3b,I05:wrong_pick,I05,wrong_pick,needs,bedroom,0.8298,1,False,0.0,0.0,0.0,
lm_rank_qwen3b,I06:clean,I06,clean,needs,bedroom,0.9257,3,True,0.0,0.0,0.0,
lm_rank_qwen3b,I06:partial,I06,partial,needs,bedroom,0.8289,3,True,0.0,0.0,0.0,
lm_rank_qwen3b,I06:wrong_label,I06,wrong_label,needs,bedroom,1.0532,3,True,0.0,0.0,0.0,
lm_rank_qwen3b,I06:wrong_pick,I06,wrong_pick,needs,bedroom,0.9429,3,True,0.0,0.0,0.0,
lm_rank_qwen3b,I07:clean,I07,clean,needs,bedroom,0.8364,1,True,0.0,1.0,1.0,3.0
lm_rank_qwen3b,I07:partial,I07,partial,needs,bedroom,0.8474,1,True,0.0,1.0,1.0,3.0
lm_rank_qwen3b,I07:wrong_label,I07,wrong_label,needs,bedroom,0.8483,1,False,0.0,0.0,0.0,
lm_rank_qwen3b,I07:wrong_pick,I07,wrong_pick,needs,bedroom,0.8619,1,False,0.0,0.0,0.0,
lm_rank_qwen3b,I08:clean,I08,clean,needs,bedroom,0.8665,1,True,0.0,0.0,0.0,
lm_rank_qwen3b,I08:partial,I08,partial,needs,bedroom,0.8646,1,True,0.0,0.0,0.0,
lm_rank_qwen3b,I08:wrong_label,I08,wrong_label,needs,bedroom,0.8455,1,False,0.0,0.0,0.0,
lm_rank_qwen3b,I08:wrong_pick,I08,wrong_pick,needs,bedroom,0.8646,1,False,0.0,0.0,0.0,
lm_rank_qwen3b,I09:clean,I09,clean,needs,bedroom,0.852,1,True,1.0,1.0,1.0,1.0
lm_rank_qwen3b,I09:partial,I09,partial,needs,bedroom,0.8634,1,True,1.0,1.0,1.0,1.0
lm_rank_qwen3b,I09:wrong_label,I09,wrong_label,needs,bedroom,0.8726,1,False,1.0,1.0,1.0,1.0
lm_rank_qwen3b,I09:wrong_pick,I09,wrong_pick,needs,bedroom,0.8673,1,False,0.0,1.0,1.0,3.0
lm_rank_qwen3b,I10:clean,I10,clean,needs,bedroom,0.8912,1,True,0.0,0.0,0.0,
lm_rank_qwen3b,I10:partial,I10,partial,needs,bedroom,0.8959,1,True,0.0,0.0,0.0,
lm_rank_qwen3b,I10:wrong_label,I10,wrong_label,needs,bedroom,0.8764,1,False,0.0,0.0,0.0,
lm_rank_qwen3b,I10:wrong_pick,I10,wrong_pick,needs,bedroom,0.8834,1,False,0.0,0.0,0.0,
lm_rank_qwen3b,I11:clean,I11,clean,needs,bedroom,0.8964,1,True,0.0,0.0,1.0,4.0
lm_rank_qwen3b,I11:partial,I11,partial,needs,bedroom,0.9103,1,True,0.0,0.0,1.0,4.0
lm_rank_qwen3b,I11:wrong_label,I11,wrong_label,needs,bedroom,0.8893,1,False,0.0,0.0,0.0,
lm_rank_qwen3b,I11:wrong_pick,I11,wrong_pick,needs,bedroom,0.9121,1,False,0.0,0.0,0.0,
lm_rank_qwen3b,I12:clean,I12,clean,needs,bedroom,1.1478,3,True,0.0,1.0,1.0,3.0
lm_rank_qwen3b,I12:partial,I12,partial,needs,bedroom,0.8908,3,True,0.0,0.0,0.0,
lm_rank_qwen3b,I12:wrong_label,I12,wrong_label,needs,bedroom,1.1069,3,True,0.0,0.0,1.0,4.0
lm_rank_qwen3b,I12:wrong_pick,I12,wrong_pick,needs,bedroom,1.0978,3,True,0.0,1.0,1.0,3.0
lm_rank_qwen3b,I13:clean,I13,clean,needs,bathroom,1.0999,3,True,1.0,1.0,1.0,1.0
lm_rank_qwen3b,I13:partial,I13,partial,needs,bathroom,0.9052,3,True,0.0,1.0,1.0,3.0
lm_rank_qwen3b,I13:wrong_label,I13,wrong_label,needs,bathroom,1.0951,3,True,0.0,1.0,1.0,2.0
lm_rank_qwen3b,I13:wrong_pick,I13,wrong_pick,needs,bathroom,1.1176,3,True,1.0,1.0,1.0,1.0
lm_rank_qwen3b,I14:clean,I14,clean,needs,bathroom,1.1002,3,True,0.0,0.0,0.0,
lm_rank_qwen3b,I14:partial,I14,partial,needs,bathroom,0.876,3,True,0.0,0.0,0.0,
lm_rank_qwen3b,I14:wrong_label,I14,wrong_label,needs,bathroom,1.0673,3,True,0.0,0.0,0.0,
lm_rank_qwen3b,I14:wrong_pick,I14,wrong_pick,needs,bathroom,1.0901,3,True,0.0,0.0,0.0,
lm_rank_qwen3b,I15:clean,I15,clean,needs,bathroom,0.8602,1,True,0.0,0.0,0.0,7.0
lm_rank_qwen3b,I15:partial,I15,partial,needs,bathroom,0.861,1,True,0.0,0.0,0.0,7.0
lm_rank_qwen3b,I15:wrong_label,I15,wrong_label,needs,bathroom,0.8385,1,False,0.0,0.0,0.0,
lm_rank_qwen3b,I15:wrong_pick,I15,wrong_pick,needs,bathroom,0.8463,1,False,0.0,0.0,0.0,
lm_rank_qwen3b,I16:clean,I16,clean,needs,bathroom,0.8647,2,True,1.0,1.0,1.0,1.0
lm_rank_qwen3b,I16:partial,I16,partial,needs,bathroom,0.8326,2,True,1.0,1.0,1.0,1.0
lm_rank_qwen3b,I16:wrong_label,I16,wrong_label,needs,bathroom,0.8604,2,True,0.0,1.0,1.0,3.0
lm_rank_qwen3b,I16:wrong_pick,I16,wrong_pick,needs,bathroom,0.8697,2,True,0.0,0.0,0.0,6.0
lm_rank_qwen3b,I17:clean,I17,clean,needs,bathroom,0.8348,1,True,0.0,0.0,0.0,6.0
lm_rank_qwen3b,I17:partial,I17,partial,needs,bathroom,0.8422,1,True,0.0,0.0,0.0,6.0
lm_rank_qwen3b,I17:wrong_label,I17,wrong_label,needs,bathroom,0.8253,1,False,0.0,0.0,0.0,
lm_rank_qwen3b,I17:wrong_pick,I17,wrong_pick,needs,bathroom,0.8306,1,False,0.0,0.0,0.0,
lm_rank_qwen3b,I18:clean,I18,clean,needs,bathroom,0.8182,1,True,1.0,1.0,1.0,1.0
lm_rank_qwen3b,I18:partial,I18,partial,needs,bathroom,0.8129,1,True,1.0,1.0,1.0,1.0
lm_rank_qwen3b,I18:wrong_label,I18,wrong_label,needs,bathroom,0.8194,1,False,0.0,0.0,0.0,6.0
lm_rank_qwen3b,I18:wrong_pick,I18,wrong_pick,needs,bathroom,0.813,1,False,0.0,0.0,0.0,6.0
lm_rank_qwen3b,I19:clean,I19,clean,needs,kitchen,0.8029,2,True,0.0,0.0,1.0,4.0
lm_rank_qwen3b,I19:partial,I19,partial,needs,kitchen,0.812,2,True,0.0,0.0,0.0,6.0
lm_rank_qwen3b,I19:wrong_label,I19,wrong_label,needs,kitchen,0.8375,2,True,0.0,0.0,1.0,5.0
lm_rank_qwen3b,I19:wrong_pick,I19,wrong_pick,needs,kitchen,1.0277,2,True,0.0,0.0,1.0,5.0
lm_rank_qwen3b,I20:clean,I20,clean,needs,kitchen,0.8342,2,True,1.0,1.0,1.0,1.0
lm_rank_qwen3b,I20:partial,I20,partial,needs,kitchen,0.8104,2,True,1.0,1.0,1.0,1.0
lm_rank_qwen3b,I20:wrong_label,I20,wrong_label,needs,kitchen,0.8364,2,True,0.0,1.0,1.0,2.0
lm_rank_qwen3b,I20:wrong_pick,I20,wrong_pick,needs,kitchen,0.8316,2,True,0.0,1.0,1.0,3.0
lm_rank_qwen3b,I21:clean,I21,clean,needs,kitchen,0.8008,1,True,0.0,1.0,1.0,2.0
lm_rank_qwen3b,I21:partial,I21,partial,needs,kitchen,0.7975,1,True,0.0,1.0,1.0,2.0
lm_rank_qwen3b,I21:wrong_label,I21,wrong_label,needs,kitchen,0.7993,1,False,0.0,0.0,0.0,10.0
lm_rank_qwen3b,I21:wrong_pick,I21,wrong_pick,needs,kitchen,0.8067,1,False,0.0,0.0,0.0,
lm_rank_qwen3b,I22:clean,I22,clean,needs,kitchen,0.8333,2,True,1.0,1.0,1.0,1.0
lm_rank_qwen3b,I22:partial,I22,partial,needs,kitchen,0.8078,2,True,1.0,1.0,1.0,1.0
lm_rank_qwen3b,I22:wrong_label,I22,wrong_label,needs,kitchen,0.8261,2,True,1.0,1.0,1.0,1.0
lm_rank_qwen3b,I22:wrong_pick,I22,wrong_pick,needs,kitchen,0.824,2,True,0.0,0.0,1.0,4.0
lm_rank_qwen3b,I23:clean,I23,clean,needs,kitchen,0.8261,2,True,0.0,0.0,0.0,
lm_rank_qwen3b,I23:partial,I23,partial,needs,kitchen,0.8051,2,True,0.0,0.0,0.0,
lm_rank_qwen3b,I23:wrong_label,I23,wrong_label,needs,kitchen,0.8267,2,True,0.0,0.0,0.0,
lm_rank_qwen3b,I23:wrong_pick,I23,wrong_pick,needs,kitchen,1.0104,2,True,0.0,0.0,0.0,
lm_rank_qwen3b,I24:clean,I24,clean,needs,dining,1.0067,3,True,0.0,0.0,0.0,
lm_rank_qwen3b,I24:partial,I24,partial,needs,dining,0.7983,3,True,0.0,0.0,0.0,
lm_rank_qwen3b,I24:wrong_label,I24,wrong_label,needs,dining,0.9016,3,True,0.0,0.0,0.0,
lm_rank_qwen3b,I24:wrong_pick,I24,wrong_pick,needs,dining,0.8995,3,True,0.0,0.0,0.0,
lm_rank_qwen3b,I25:clean,I25,clean,needs,dining,0.8239,2,True,1.0,1.0,1.0,1.0
lm_rank_qwen3b,I25:partial,I25,partial,needs,dining,0.8071,2,True,0.0,0.0,0.0,8.0
lm_rank_qwen3b,I25:wrong_label,I25,wrong_label,needs,dining,0.8296,2,True,0.0,0.0,0.0,6.0
lm_rank_qwen3b,I25:wrong_pick,I25,wrong_pick,needs,dining,0.8265,2,True,0.0,0.0,0.0,6.0
lm_rank_qwen3b,I26:clean,I26,clean,needs,dining,0.8178,1,True,0.0,1.0,1.0,3.0
lm_rank_qwen3b,I26:partial,I26,partial,needs,dining,0.8228,1,True,0.0,1.0,1.0,3.0
lm_rank_qwen3b,I26:wrong_label,I26,wrong_label,needs,dining,0.8074,1,False,0.0,0.0,0.0,
lm_rank_qwen3b,I26:wrong_pick,I26,wrong_pick,needs,dining,0.8378,1,False,0.0,0.0,0.0,
lm_rank_qwen3b,I27:clean,I27,clean,needs,dining,0.8034,1,True,0.0,1.0,1.0,3.0
lm_rank_qwen3b,I27:partial,I27,partial,needs,dining,0.812,1,True,0.0,1.0,1.0,3.0
lm_rank_qwen3b,I27:wrong_label,I27,wrong_label,needs,dining,0.8074,1,False,0.0,0.0,0.0,
lm_rank_qwen3b,I27:wrong_pick,I27,wrong_pick,needs,dining,0.8152,1,False,0.0,0.0,0.0,
lm_rank_qwen3b,I28:clean,I28,clean,needs,living room,1.0322,2,True,0.0,1.0,1.0,2.0
lm_rank_qwen3b,I28:partial,I28,partial,needs,living room,0.8391,2,True,1.0,1.0,1.0,1.0
lm_rank_qwen3b,I28:wrong_label,I28,wrong_label,needs,living room,0.9217,2,True,0.0,0.0,0.0,8.0
lm_rank_qwen3b,I28:wrong_pick,I28,wrong_pick,needs,living room,1.0421,2,True,0.0,0.0,0.0,8.0
lm_rank_qwen3b,I29:clean,I29,clean,needs,living room,0.8555,2,True,1.0,1.0,1.0,1.0
lm_rank_qwen3b,I29:partial,I29,partial,needs,living room,0.8341,2,True,1.0,1.0,1.0,1.0
lm_rank_qwen3b,I29:wrong_label,I29,wrong_label,needs,living room,0.866,2,True,0.0,1.0,1.0,2.0
lm_rank_qwen3b,I29:wrong_pick,I29,wrong_pick,needs,living room,0.8637,2,True,1.0,1.0,1.0,1.0
lm_rank_qwen3b,I30:clean,I30,clean,needs,living room,0.8297,1,True,0.0,1.0,1.0,3.0
lm_rank_qwen3b,I30:partial,I30,partial,needs,living room,0.8386,1,True,0.0,1.0,1.0,3.0
lm_rank_qwen3b,I30:wrong_label,I30,wrong_label,needs,living room,0.8339,1,False,0.0,0.0,0.0,
lm_rank_qwen3b,I30:wrong_pick,I30,wrong_pick,needs,living room,0.848,1,False,0.0,0.0,0.0,
lm_rank_qwen3b,I31:clean,I31,clean,needs,living room,0.8491,1,True,0.0,0.0,0.0,8.0
lm_rank_qwen3b,I31:partial,I31,partial,needs,living room,0.8468,1,True,0.0,0.0,0.0,8.0
lm_rank_qwen3b,I31:wrong_label,I31,wrong_label,needs,living room,0.849,1,False,0.0,0.0,0.0,
lm_rank_qwen3b,I31:wrong_pick,I31,wrong_pick,needs,living room,0.856,1,False,0.0,0.0,0.0,
lm_rank_qwen3b,I32:clean,I32,clean,needs,living room,0.8422,1,True,0.0,0.0,1.0,4.0
lm_rank_qwen3b,I32:partial,I32,partial,needs,living room,0.8509,1,True,0.0,0.0,1.0,4.0
lm_rank_qwen3b,I32:wrong_label,I32,wrong_label,needs,living room,0.8516,1,False,0.0,0.0,0.0,
lm_rank_qwen3b,I32:wrong_pick,I32,wrong_pick,needs,living room,0.8548,1,False,0.0,0.0,0.0,
lm_rank_qwen3b,I33:clean,I33,clean,needs,bedroom,0.8548,1,True,0.0,0.0,0.0,8.0
lm_rank_qwen3b,I33:partial,I33,partial,needs,bedroom,0.8516,1,True,0.0,0.0,0.0,8.0
lm_rank_qwen3b,I33:wrong_label,I33,wrong_label,needs,bedroom,0.8399,1,False,0.0,0.0,0.0,
lm_rank_qwen3b,I33:wrong_pick,I33,wrong_pick,needs,bedroom,0.8641,1,False,0.0,0.0,0.0,
lm_rank_qwen3b,I34:clean,I34,clean,information,bedroom,0.8561,1,True,0.0,0.0,0.0,
lm_rank_qwen3b,I34:partial,I34,partial,information,bedroom,0.8608,1,True,0.0,0.0,0.0,
lm_rank_qwen3b,I34:wrong_label,I34,wrong_label,information,bedroom,0.8657,1,False,0.0,0.0,0.0,
lm_rank_qwen3b,I34:wrong_pick,I34,wrong_pick,information,bedroom,0.8418,1,False,0.0,0.0,0.0,
lm_rank_qwen3b,I35:clean,I35,clean,information,living room,0.8726,1,True,0.0,0.0,0.0,
lm_rank_qwen3b,I35:partial,I35,partial,information,living room,0.8756,1,True,0.0,0.0,0.0,
lm_rank_qwen3b,I35:wrong_label,I35,wrong_label,information,living room,0.8698,1,False,0.0,0.0,0.0,
lm_rank_qwen3b,I35:wrong_pick,I35,wrong_pick,information,living room,0.8738,1,False,0.0,0.0,0.0,
lm_rank_qwen3b,I36:clean,I36,clean,information,bedroom,0.8447,1,True,0.0,0.0,0.0,
lm_rank_qwen3b,I36:partial,I36,partial,information,bedroom,0.8374,1,True,0.0,0.0,0.0,
lm_rank_qwen3b,I36:wrong_label,I36,wrong_label,information,bedroom,0.8456,1,False,0.0,0.0,0.0,
lm_rank_qwen3b,I36:wrong_pick,I36,wrong_pick,information,bedroom,0.8568,1,False,0.0,0.0,0.0,
lm_rank_qwen3b,I37:clean,I37,clean,information,bedroom,0.8699,2,True,0.0,0.0,0.0,
lm_rank_qwen3b,I37:partial,I37,partial,information,bedroom,0.8446,2,True,0.0,0.0,0.0,
lm_rank_qwen3b,I37:wrong_label,I37,wrong_label,information,bedroom,0.8715,2,True,0.0,0.0,0.0,
lm_rank_qwen3b,I37:wrong_pick,I37,wrong_pick,information,bedroom,0.8684,2,True,0.0,0.0,0.0,
lm_rank_qwen3b,I38:clean,I38,clean,information,living room,0.8767,1,True,1.0,1.0,1.0,1.0
lm_rank_qwen3b,I38:partial,I38,partial,information,living room,0.8688,1,True,1.0,1.0,1.0,1.0
lm_rank_qwen3b,I38:wrong_label,I38,wrong_label,information,living room,0.8514,1,False,0.0,0.0,0.0,8.0
lm_rank_qwen3b,I38:wrong_pick,I38,wrong_pick,information,living room,0.8661,1,False,0.0,0.0,0.0,
lm_rank_qwen3b,I39:clean,I39,clean,information,bedroom,0.8442,1,True,0.0,0.0,0.0,10.0
lm_rank_qwen3b,I39:partial,I39,partial,information,bedroom,0.8373,1,True,0.0,0.0,0.0,10.0
lm_rank_qwen3b,I39:wrong_label,I39,wrong_label,information,bedroom,0.8366,1,False,0.0,0.0,0.0,
lm_rank_qwen3b,I39:wrong_pick,I39,wrong_pick,information,bedroom,0.8539,1,False,0.0,0.0,0.0,
lm_rank_qwen3b,I40:clean,I40,clean,information,living room,0.8472,1,True,0.0,0.0,0.0,
lm_rank_qwen3b,I40:partial,I40,partial,information,living room,0.8451,1,True,0.0,0.0,0.0,
lm_rank_qwen3b,I40:wrong_label,I40,wrong_label,information,living room,0.8479,1,False,0.0,0.0,0.0,
lm_rank_qwen3b,I40:wrong_pick,I40,wrong_pick,information,living room,0.8662,1,False,0.0,0.0,0.0,
lm_rank_qwen3b,I41:clean,I41,clean,information,kitchen,0.831,1,True,0.0,1.0,1.0,2.0
lm_rank_qwen3b,I41:partial,I41,partial,information,kitchen,0.8272,1,True,0.0,1.0,1.0,2.0
lm_rank_qwen3b,I41:wrong_label,I41,wrong_label,information,kitchen,0.8207,1,False,0.0,0.0,0.0,6.0
lm_rank_qwen3b,I41:wrong_pick,I41,wrong_pick,information,kitchen,0.8271,1,False,0.0,0.0,0.0,10.0
lm_rank_qwen3b,I42:clean,I42,clean,information,bedroom,0.8513,1,True,0.0,0.0,1.0,4.0
lm_rank_qwen3b,I42:partial,I42,partial,information,bedroom,0.8416,1,True,0.0,0.0,1.0,4.0
lm_rank_qwen3b,I42:wrong_label,I42,wrong_label,information,bedroom,0.8273,1,False,0.0,0.0,0.0,
lm_rank_qwen3b,I42:wrong_pick,I42,wrong_pick,information,bedroom,0.8337,1,False,0.0,0.0,0.0,
lm_rank_qwen3b,I43:clean,I43,clean,information,dining,0.8325,1,True,0.0,0.0,0.0,
lm_rank_qwen3b,I43:partial,I43,partial,information,dining,0.8268,1,True,0.0,0.0,0.0,
lm_rank_qwen3b,I43:wrong_label,I43,wrong_label,information,dining,0.8362,1,False,0.0,0.0,0.0,
lm_rank_qwen3b,I43:wrong_pick,I43,wrong_pick,information,dining,0.8463,1,False,0.0,0.0,0.0,
lm_rank_qwen3b,I44:clean,I44,clean,social,bedroom,0.8424,1,True,0.0,0.0,1.0,5.0
lm_rank_qwen3b,I44:partial,I44,partial,social,bedroom,0.8368,1,True,0.0,0.0,1.0,5.0
lm_rank_qwen3b,I44:wrong_label,I44,wrong_label,social,bedroom,0.8263,1,False,0.0,0.0,0.0,9.0
lm_rank_qwen3b,I44:wrong_pick,I44,wrong_pick,social,bedroom,0.8398,1,False,0.0,0.0,0.0,6.0
lm_rank_qwen3b,I45:clean,I45,clean,social,living room,0.8408,1,True,0.0,0.0,0.0,
lm_rank_qwen3b,I45:partial,I45,partial,social,living room,0.8335,1,True,0.0,0.0,0.0,
lm_rank_qwen3b,I45:wrong_label,I45,wrong_label,social,living room,0.8326,1,False,0.0,0.0,0.0,
lm_rank_qwen3b,I45:wrong_pick,I45,wrong_pick,social,living room,0.8415,1,False,0.0,0.0,0.0,
lm_rank_qwen3b,I46:clean,I46,clean,social,living room,0.8447,1,True,0.0,1.0,1.0,2.0
lm_rank_qwen3b,I46:partial,I46,partial,social,living room,0.8454,1,True,0.0,1.0,1.0,2.0
lm_rank_qwen3b,I46:wrong_label,I46,wrong_label,social,living room,0.8312,1,False,0.0,0.0,0.0,10.0
lm_rank_qwen3b,I46:wrong_pick,I46,wrong_pick,social,living room,0.8401,1,False,0.0,0.0,0.0,10.0
lm_rank_qwen3b,I47:clean,I47,clean,social,bedroom,0.8237,1,True,0.0,0.0,0.0,6.0
lm_rank_qwen3b,I47:partial,I47,partial,social,bedroom,0.8124,1,True,0.0,0.0,0.0,6.0
lm_rank_qwen3b,I47:wrong_label,I47,wrong_label,social,bedroom,0.8213,1,False,0.0,0.0,0.0,
lm_rank_qwen3b,I47:wrong_pick,I47,wrong_pick,social,bedroom,0.8137,1,False,0.0,0.0,0.0,
lm_rank_qwen3b,I48:clean,I48,clean,social,living room,0.8546,1,True,0.0,0.0,0.0,
lm_rank_qwen3b,I48:partial,I48,partial,social,living room,0.8439,1,True,0.0,0.0,0.0,
lm_rank_qwen3b,I48:wrong_label,I48,wrong_label,social,living room,0.8446,1,False,0.0,0.0,0.0,
lm_rank_qwen3b,I48:wrong_pick,I48,wrong_pick,social,living room,0.8477,1,False,0.0,0.0,0.0,
lm_rank_qwen3b,I49:clean,I49,clean,social,dining,0.8312,1,True,0.0,0.0,0.0,10.0
lm_rank_qwen3b,I49:partial,I49,partial,social,dining,0.8375,1,True,0.0,0.0,0.0,10.0
lm_rank_qwen3b,I49:wrong_label,I49,wrong_label,social,dining,0.8166,1,False,0.0,0.0,0.0,
lm_rank_qwen3b,I49:wrong_pick,I49,wrong_pick,social,dining,0.8481,1,False,0.0,0.0,0.0,
lm_rank_qwen3b,I50:clean,I50,clean,social,living room,0.849,1,True,0.0,0.0,0.0,
lm_rank_qwen3b,I50:partial,I50,partial,social,living room,0.8494,1,True,0.0,0.0,0.0,
lm_rank_qwen3b,I50:wrong_label,I50,wrong_label,social,living room,0.8307,1,False,0.0,0.0,0.0,
lm_rank_qwen3b,I50:wrong_pick,I50,wrong_pick,social,living room,0.8362,1,False,0.0,0.0,0.0,
lm_rank_qwen3b,I51:clean,I51,clean,social,bedroom,0.8225,1,True,0.0,0.0,0.0,10.0
lm_rank_qwen3b,I51:partial,I51,partial,social,bedroom,0.8188,1,True,0.0,0.0,0.0,10.0
lm_rank_qwen3b,I51:wrong_label,I51,wrong_label,social,bedroom,0.8298,1,False,0.0,0.0,0.0,
lm_rank_qwen3b,I51:wrong_pick,I51,wrong_pick,social,bedroom,0.8157,1,False,0.0,0.0,0.0,
lm_rank_qwen3b,I52:clean,I52,clean,social,living room,0.8454,1,True,0.0,0.0,0.0,
lm_rank_qwen3b,I52:partial,I52,partial,social,living room,0.8476,1,True,0.0,0.0,0.0,
lm_rank_qwen3b,I52:wrong_label,I52,wrong_label,social,living room,0.8321,1,False,0.0,0.0,0.0,
lm_rank_qwen3b,I52:wrong_pick,I52,wrong_pick,social,living room,0.8333,1,False,0.0,0.0,0.0,
lm_rank_qwen3b,I53:clean,I53,clean,social,bedroom,0.8189,1,True,0.0,0.0,0.0,
lm_rank_qwen3b,I53:partial,I53,partial,social,bedroom,0.8187,1,True,0.0,0.0,0.0,
lm_rank_qwen3b,I53:wrong_label,I53,wrong_label,social,bedroom,0.8195,1,False,0.0,0.0,0.0,
lm_rank_qwen3b,I53:wrong_pick,I53,wrong_pick,social,bedroom,0.8188,1,False,0.0,0.0,0.0,
lm_rank_qwen3b,I54:clean,I54,clean,etiquette,dining,0.817,1,True,0.0,0.0,0.0,
lm_rank_qwen3b,I54:partial,I54,partial,etiquette,dining,0.8195,1,True,0.0,0.0,0.0,
lm_rank_qwen3b,I54:wrong_label,I54,wrong_label,etiquette,dining,0.821,1,False,0.0,0.0,0.0,
lm_rank_qwen3b,I54:wrong_pick,I54,wrong_pick,etiquette,dining,0.8515,1,False,0.0,0.0,0.0,
lm_rank_qwen3b,I55:clean,I55,clean,etiquette,living room,1.02,3,True,1.0,1.0,1.0,1.0
lm_rank_qwen3b,I55:partial,I55,partial,etiquette,living room,0.8277,3,True,1.0,1.0,1.0,1.0
lm_rank_qwen3b,I55:wrong_label,I55,wrong_label,etiquette,living room,1.0191,3,True,1.0,1.0,1.0,1.0
lm_rank_qwen3b,I55:wrong_pick,I55,wrong_pick,etiquette,living room,1.0216,3,True,1.0,1.0,1.0,1.0
lm_rank_qwen3b,I56:clean,I56,clean,etiquette,dining,0.8189,1,True,0.0,0.0,0.0,9.0
lm_rank_qwen3b,I56:partial,I56,partial,etiquette,dining,0.8215,1,True,0.0,0.0,0.0,9.0
lm_rank_qwen3b,I56:wrong_label,I56,wrong_label,etiquette,dining,0.8204,1,False,0.0,0.0,0.0,
lm_rank_qwen3b,I56:wrong_pick,I56,wrong_pick,etiquette,dining,0.8246,1,False,0.0,0.0,0.0,
lm_rank_qwen3b,I57:clean,I57,clean,etiquette,bedroom,0.8333,1,True,0.0,1.0,1.0,3.0
lm_rank_qwen3b,I57:partial,I57,partial,etiquette,bedroom,0.8315,1,True,0.0,1.0,1.0,3.0
lm_rank_qwen3b,I57:wrong_label,I57,wrong_label,etiquette,bedroom,0.821,1,False,0.0,0.0,0.0,7.0
lm_rank_qwen3b,I57:wrong_pick,I57,wrong_pick,etiquette,bedroom,0.831,1,False,0.0,0.0,0.0,10.0
lm_rank_qwen3b,I58:clean,I58,clean,etiquette,living room,0.8558,1,True,0.0,1.0,1.0,2.0
lm_rank_qwen3b,I58:partial,I58,partial,etiquette,living room,0.8564,1,True,0.0,1.0,1.0,2.0
lm_rank_qwen3b,I58:wrong_label,I58,wrong_label,etiquette,living room,0.8318,1,False,0.0,0.0,0.0,8.0
lm_rank_qwen3b,I58:wrong_pick,I58,wrong_pick,etiquette,living room,0.8478,1,False,0.0,1.0,1.0,3.0
lm_rank_qwen3b,I59:clean,I59,clean,etiquette,dining,0.8614,2,True,1.0,1.0,1.0,1.0
lm_rank_qwen3b,I59:partial,I59,partial,etiquette,dining,0.8329,2,True,1.0,1.0,1.0,1.0
lm_rank_qwen3b,I59:wrong_label,I59,wrong_label,etiquette,dining,0.8661,2,True,1.0,1.0,1.0,1.0
lm_rank_qwen3b,I59:wrong_pick,I59,wrong_pick,etiquette,dining,0.8689,2,True,1.0,1.0,1.0,1.0
lm_rank_qwen3b,I60:clean,I60,clean,etiquette,bedroom,0.8565,2,True,0.0,0.0,0.0,
lm_rank_qwen3b,I60:partial,I60,partial,etiquette,bedroom,0.8201,2,True,0.0,0.0,0.0,
lm_rank_qwen3b,I60:wrong_label,I60,wrong_label,etiquette,bedroom,0.8543,2,True,0.0,0.0,0.0,
lm_rank_qwen3b,I60:wrong_pick,I60,wrong_pick,etiquette,bedroom,0.849,2,True,0.0,0.0,0.0,
lm_rank_smol1.7b,I01:clean,I01,clean,needs,bedroom,0.6844,2,True,1.0,1.0,1.0,1.0
lm_rank_smol1.7b,I01:partial,I01,partial,needs,bedroom,0.4138,2,True,1.0,1.0,1.0,1.0
lm_rank_smol1.7b,I01:wrong_label,I01,wrong_label,needs,bedroom,0.4942,2,True,0.0,1.0,1.0,3.0
lm_rank_smol1.7b,I01:wrong_pick,I01,wrong_pick,needs,bedroom,0.4257,2,True,0.0,1.0,1.0,2.0
lm_rank_smol1.7b,I02:clean,I02,clean,needs,bedroom,0.442,2,True,0.0,0.0,0.0,
lm_rank_smol1.7b,I02:partial,I02,partial,needs,bedroom,0.4137,2,True,0.0,0.0,0.0,
lm_rank_smol1.7b,I02:wrong_label,I02,wrong_label,needs,bedroom,0.4365,2,True,0.0,0.0,0.0,
lm_rank_smol1.7b,I02:wrong_pick,I02,wrong_pick,needs,bedroom,0.4364,2,True,0.0,0.0,0.0,
lm_rank_smol1.7b,I03:clean,I03,clean,needs,bedroom,0.4215,1,True,0.0,1.0,1.0,2.0
lm_rank_smol1.7b,I03:partial,I03,partial,needs,bedroom,0.4242,1,True,0.0,1.0,1.0,2.0
lm_rank_smol1.7b,I03:wrong_label,I03,wrong_label,needs,bedroom,0.4324,1,False,0.0,0.0,0.0,
lm_rank_smol1.7b,I03:wrong_pick,I03,wrong_pick,needs,bedroom,0.4328,1,False,0.0,0.0,0.0,
lm_rank_smol1.7b,I04:clean,I04,clean,needs,bedroom,0.4304,1,True,0.0,0.0,1.0,5.0
lm_rank_smol1.7b,I04:partial,I04,partial,needs,bedroom,0.425,1,True,0.0,0.0,1.0,5.0
lm_rank_smol1.7b,I04:wrong_label,I04,wrong_label,needs,bedroom,0.4285,1,False,0.0,0.0,0.0,
lm_rank_smol1.7b,I04:wrong_pick,I04,wrong_pick,needs,bedroom,0.4219,1,False,0.0,0.0,0.0,
lm_rank_smol1.7b,I05:clean,I05,clean,needs,bedroom,0.4261,1,True,0.0,0.0,0.0,
lm_rank_smol1.7b,I05:partial,I05,partial,needs,bedroom,0.4298,1,True,0.0,0.0,0.0,
lm_rank_smol1.7b,I05:wrong_label,I05,wrong_label,needs,bedroom,0.422,1,False,0.0,0.0,0.0,
lm_rank_smol1.7b,I05:wrong_pick,I05,wrong_pick,needs,bedroom,0.4357,1,False,0.0,0.0,0.0,
lm_rank_smol1.7b,I06:clean,I06,clean,needs,bedroom,0.5136,3,True,0.0,0.0,0.0,
lm_rank_smol1.7b,I06:partial,I06,partial,needs,bedroom,0.4305,3,True,0.0,0.0,0.0,
lm_rank_smol1.7b,I06:wrong_label,I06,wrong_label,needs,bedroom,0.5619,3,True,0.0,0.0,0.0,
lm_rank_smol1.7b,I06:wrong_pick,I06,wrong_pick,needs,bedroom,0.5195,3,True,0.0,0.0,0.0,
lm_rank_smol1.7b,I07:clean,I07,clean,needs,bedroom,0.434,1,True,1.0,1.0,1.0,1.0
lm_rank_smol1.7b,I07:partial,I07,partial,needs,bedroom,0.4249,1,True,1.0,1.0,1.0,1.0
lm_rank_smol1.7b,I07:wrong_label,I07,wrong_label,needs,bedroom,0.4258,1,False,0.0,0.0,0.0,
lm_rank_smol1.7b,I07:wrong_pick,I07,wrong_pick,needs,bedroom,0.4394,1,False,0.0,0.0,0.0,
lm_rank_smol1.7b,I08:clean,I08,clean,needs,bedroom,0.4474,1,True,0.0,0.0,0.0,7.0
lm_rank_smol1.7b,I08:partial,I08,partial,needs,bedroom,0.4422,1,True,0.0,0.0,0.0,7.0
lm_rank_smol1.7b,I08:wrong_label,I08,wrong_label,needs,bedroom,0.4446,1,False,0.0,0.0,0.0,
lm_rank_smol1.7b,I08:wrong_pick,I08,wrong_pick,needs,bedroom,0.4301,1,False,0.0,0.0,0.0,
lm_rank_smol1.7b,I09:clean,I09,clean,needs,bedroom,0.4416,1,True,0.0,1.0,1.0,2.0
lm_rank_smol1.7b,I09:partial,I09,partial,needs,bedroom,0.4398,1,True,0.0,1.0,1.0,2.0
lm_rank_smol1.7b,I09:wrong_label,I09,wrong_label,needs,bedroom,0.4376,1,False,0.0,1.0,1.0,3.0
lm_rank_smol1.7b,I09:wrong_pick,I09,wrong_pick,needs,bedroom,0.4538,1,False,0.0,0.0,1.0,4.0
lm_rank_smol1.7b,I10:clean,I10,clean,needs,bedroom,0.4528,1,True,0.0,0.0,0.0,
lm_rank_smol1.7b,I10:partial,I10,partial,needs,bedroom,0.455,1,True,0.0,0.0,0.0,
lm_rank_smol1.7b,I10:wrong_label,I10,wrong_label,needs,bedroom,0.4419,1,False,0.0,0.0,0.0,
lm_rank_smol1.7b,I10:wrong_pick,I10,wrong_pick,needs,bedroom,0.4483,1,False,0.0,0.0,0.0,
lm_rank_smol1.7b,I11:clean,I11,clean,needs,bedroom,0.4574,1,True,0.0,1.0,1.0,3.0
lm_rank_smol1.7b,I11:partial,I11,partial,needs,bedroom,0.4551,1,True,0.0,1.0,1.0,3.0
lm_rank_smol1.7b,I11:wrong_label,I11,wrong_label,needs,bedroom,0.4451,1,False,0.0,0.0,0.0,
lm_rank_smol1.7b,I11:wrong_pick,I11,wrong_pick,needs,bedroom,0.4626,1,False,0.0,0.0,0.0,
lm_rank_smol1.7b,I12:clean,I12,clean,needs,bedroom,0.5879,3,True,0.0,0.0,1.0,4.0
lm_rank_smol1.7b,I12:partial,I12,partial,needs,bedroom,0.4502,3,True,0.0,0.0,0.0,10.0
lm_rank_smol1.7b,I12:wrong_label,I12,wrong_label,needs,bedroom,0.605,3,True,0.0,0.0,0.0,7.0
lm_rank_smol1.7b,I12:wrong_pick,I12,wrong_pick,needs,bedroom,0.608,3,True,0.0,0.0,1.0,5.0
lm_rank_smol1.7b,I13:clean,I13,clean,needs,bathroom,0.5584,3,True,1.0,1.0,1.0,1.0
lm_rank_smol1.7b,I13:partial,I13,partial,needs,bathroom,0.4588,3,True,1.0,1.0,1.0,1.0
lm_rank_smol1.7b,I13:wrong_label,I13,wrong_label,needs,bathroom,0.5549,3,True,1.0,1.0,1.0,1.0
lm_rank_smol1.7b,I13:wrong_pick,I13,wrong_pick,needs,bathroom,0.618,3,True,1.0,1.0,1.0,1.0
lm_rank_smol1.7b,I14:clean,I14,clean,needs,bathroom,0.5971,3,True,0.0,0.0,0.0,
lm_rank_smol1.7b,I14:partial,I14,partial,needs,bathroom,0.475,3,True,0.0,0.0,0.0,
lm_rank_smol1.7b,I14:wrong_label,I14,wrong_label,needs,bathroom,0.6176,3,True,0.0,0.0,0.0,
lm_rank_smol1.7b,I14:wrong_pick,I14,wrong_pick,needs,bathroom,0.6017,3,True,0.0,0.0,0.0,
lm_rank_smol1.7b,I15:clean,I15,clean,needs,bathroom,0.477,1,True,0.0,0.0,0.0,
lm_rank_smol1.7b,I15:partial,I15,partial,needs,bathroom,0.478,1,True,0.0,0.0,0.0,
lm_rank_smol1.7b,I15:wrong_label,I15,wrong_label,needs,bathroom,0.4546,1,False,0.0,0.0,0.0,
lm_rank_smol1.7b,I15:wrong_pick,I15,wrong_pick,needs,bathroom,0.4694,1,False,0.0,0.0,0.0,
lm_rank_smol1.7b,I16:clean,I16,clean,needs,bathroom,0.4831,2,True,1.0,1.0,1.0,1.0
lm_rank_smol1.7b,I16:partial,I16,partial,needs,bathroom,0.4671,2,True,1.0,1.0,1.0,1.0
lm_rank_smol1.7b,I16:wrong_label,I16,wrong_label,needs,bathroom,0.4808,2,True,1.0,1.0,1.0,1.0
lm_rank_smol1.7b,I16:wrong_pick,I16,wrong_pick,needs,bathroom,0.4944,2,True,1.0,1.0,1.0,1.0
lm_rank_smol1.7b,I17:clean,I17,clean,needs,bathroom,0.4758,1,True,0.0,0.0,0.0,8.0
lm_rank_smol1.7b,I17:partial,I17,partial,needs,bathroom,0.4847,1,True,0.0,0.0,0.0,8.0
lm_rank_smol1.7b,I17:wrong_label,I17,wrong_label,needs,bathroom,0.4778,1,False,0.0,0.0,0.0,
lm_rank_smol1.7b,I17:wrong_pick,I17,wrong_pick,needs,bathroom,0.4834,1,False,0.0,0.0,0.0,
lm_rank_smol1.7b,I18:clean,I18,clean,needs,bathroom,0.4693,1,True,0.0,0.0,1.0,5.0
lm_rank_smol1.7b,I18:partial,I18,partial,needs,bathroom,0.4793,1,True,0.0,0.0,1.0,5.0
lm_rank_smol1.7b,I18:wrong_label,I18,wrong_label,needs,bathroom,0.4695,1,False,0.0,0.0,0.0,
lm_rank_smol1.7b,I18:wrong_pick,I18,wrong_pick,needs,bathroom,0.4834,1,False,0.0,0.0,0.0,
lm_rank_smol1.7b,I19:clean,I19,clean,needs,kitchen,0.4913,2,True,0.0,1.0,1.0,3.0
lm_rank_smol1.7b,I19:partial,I19,partial,needs,kitchen,0.4725,2,True,0.0,1.0,1.0,3.0
lm_rank_smol1.7b,I19:wrong_label,I19,wrong_label,needs,kitchen,0.4921,2,True,0.0,0.0,0.0,8.0
lm_rank_smol1.7b,I19:wrong_pick,I19,wrong_pick,needs,kitchen,0.6145,2,True,0.0,1.0,1.0,3.0
lm_rank_smol1.7b,I20:clean,I20,clean,needs,kitchen,0.4775,2,True,1.0,1.0,1.0,1.0
lm_rank_smol1.7b,I20:partial,I20,partial,needs,kitchen,0.4722,2,True,0.0,1.0,1.0,2.0
lm_rank_smol1.7b,I20:wrong_label,I20,wrong_label,needs,kitchen,0.4752,2,True,0.0,1.0,1.0,2.0
lm_rank_smol1.7b,I20:wrong_pick,I20,wrong_pick,needs,kitchen,0.4831,2,True,0.0,1.0,1.0,2.0
lm_rank_smol1.7b,I21:clean,I21,clean,needs,kitchen,0.4659,1,True,1.0,1.0,1.0,1.0
lm_rank_smol1.7b,I21:partial,I21,partial,needs,kitchen,0.4603,1,True,1.0,1.0,1.0,1.0
lm_rank_smol1.7b,I21:wrong_label,I21,wrong_label,needs,kitchen,0.4625,1,False,0.0,0.0,1.0,4.0
lm_rank_smol1.7b,I21:wrong_pick,I21,wrong_pick,needs,kitchen,0.4658,1,False,0.0,0.0,0.0,7.0
lm_rank_smol1.7b,I22:clean,I22,clean,needs,kitchen,0.4857,2,True,1.0,1.0,1.0,1.0
lm_rank_smol1.7b,I22:partial,I22,partial,needs,kitchen,0.4584,2,True,0.0,0.0,1.0,5.0
lm_rank_smol1.7b,I22:wrong_label,I22,wrong_label,needs,kitchen,0.4833,2,True,0.0,0.0,0.0,
lm_rank_smol1.7b,I22:wrong_pick,I22,wrong_pick,needs,kitchen,0.4709,2,True,0.0,0.0,1.0,5.0
lm_rank_smol1.7b,I23:clean,I23,clean,needs,kitchen,0.4791,2,True,0.0,0.0,0.0,
lm_rank_smol1.7b,I23:partial,I23,partial,needs,kitchen,0.4542,2,True,0.0,0.0,0.0,
lm_rank_smol1.7b,I23:wrong_label,I23,wrong_label,needs,kitchen,0.4767,2,True,0.0,0.0,0.0,
lm_rank_smol1.7b,I23:wrong_pick,I23,wrong_pick,needs,kitchen,0.6029,2,True,0.0,0.0,0.0,
lm_rank_smol1.7b,I24:clean,I24,clean,needs,dining,0.5994,3,True,0.0,0.0,0.0,
lm_rank_smol1.7b,I24:partial,I24,partial,needs,dining,0.4501,3,True,0.0,0.0,0.0,
lm_rank_smol1.7b,I24:wrong_label,I24,wrong_label,needs,dining,0.5494,3,True,0.0,0.0,0.0,
lm_rank_smol1.7b,I24:wrong_pick,I24,wrong_pick,needs,dining,0.5506,3,True,0.0,0.0,0.0,
lm_rank_smol1.7b,I25:clean,I25,clean,needs,dining,0.4697,2,True,0.0,1.0,1.0,3.0
lm_rank_smol1.7b,I25:partial,I25,partial,needs,dining,0.4464,2,True,0.0,0.0,0.0,
lm_rank_smol1.7b,I25:wrong_label,I25,wrong_label,needs,dining,0.465,2,True,0.0,0.0,0.0,
lm_rank_smol1.7b,I25:wrong_pick,I25,wrong_pick,needs,dining,0.459,2,True,0.0,0.0,0.0,
lm_rank_smol1.7b,I26:clean,I26,clean,needs,dining,0.4518,1,True,1.0,1.0,1.0,1.0
lm_rank_smol1.7b,I26:partial,I26,partial,needs,dining,0.4479,1,True,1.0,1.0,1.0,1.0
lm_rank_smol1.7b,I26:wrong_label,I26,wrong_label,needs,dining,0.4474,1,False,0.0,0.0,0.0,
lm_rank_smol1.7b,I26:wrong_pick,I26,wrong_pick,needs,dining,0.4587,1,False,0.0,0.0,0.0,
lm_rank_smol1.7b,I27:clean,I27,clean,needs,dining,0.4404,1,True,0.0,0.0,0.0,
lm_rank_smol1.7b,I27:partial,I27,partial,needs,dining,0.445,1,True,0.0,0.0,0.0,
lm_rank_smol1.7b,I27:wrong_label,I27,wrong_label,needs,dining,0.4444,1,False,0.0,0.0,0.0,
lm_rank_smol1.7b,I27:wrong_pick,I27,wrong_pick,needs,dining,0.4371,1,False,0.0,0.0,0.0,
lm_rank_smol1.7b,I28:clean,I28,clean,needs,living room,0.5779,2,True,0.0,1.0,1.0,2.0
lm_rank_smol1.7b,I28:partial,I28,partial,needs,living room,0.4575,2,True,0.0,1.0,1.0,3.0
lm_rank_smol1.7b,I28:wrong_label,I28,wrong_label,needs,living room,0.5297,2,True,0.0,0.0,0.0,6.0
lm_rank_smol1.7b,I28:wrong_pick,I28,wrong_pick,needs,living room,0.5707,2,True,0.0,0.0,0.0,6.0
lm_rank_smol1.7b,I29:clean,I29,clean,needs,living room,0.5337,2,True,1.0,1.0,1.0,1.0
lm_rank_smol1.7b,I29:partial,I29,partial,needs,living room,0.4544,2,True,1.0,1.0,1.0,1.0
lm_rank_smol1.7b,I29:wrong_label,I29,wrong_label,needs,living room,0.5237,2,True,0.0,1.0,1.0,2.0
lm_rank_smol1.7b,I29:wrong_pick,I29,wrong_pick,needs,living room,0.5303,2,True,1.0,1.0,1.0,1.0
lm_rank_smol1.7b,I30:clean,I30,clean,needs,living room,0.4425,1,True,0.0,0.0,0.0,6.0
lm_rank_smol1.7b,I30:partial,I30,partial,needs,living room,0.4422,1,True,0.0,0.0,0.0,6.0
lm_rank_smol1.7b,I30:wrong_label,I30,wrong_label,needs,living room,0.4446,1,False,0.0,0.0,0.0,
lm_rank_smol1.7b,I30:wrong_pick,I30,wrong_pick,needs,living room,0.4336,1,False,0.0,0.0,0.0,
lm_rank_smol1.7b,I31:clean,I31,clean,needs,living room,0.4495,1,True,0.0,0.0,0.0,
lm_rank_smol1.7b,I31:partial,I31,partial,needs,living room,0.4413,1,True,0.0,0.0,0.0,
lm_rank_smol1.7b,I31:wrong_label,I31,wrong_label,needs,living room,0.4453,1,False,0.0,0.0,0.0,
lm_rank_smol1.7b,I31:wrong_pick,I31,wrong_pick,needs,living room,0.4602,1,False,0.0,0.0,0.0,
lm_rank_smol1.7b,I32:clean,I32,clean,needs,living room,0.4295,1,True,0.0,1.0,1.0,3.0
lm_rank_smol1.7b,I32:partial,I32,partial,needs,living room,0.4433,1,True,0.0,1.0,1.0,3.0
lm_rank_smol1.7b,I32:wrong_label,I32,wrong_label,needs,living room,0.4435,1,False,0.0,0.0,0.0,
lm_rank_smol1.7b,I32:wrong_pick,I32,wrong_pick,needs,living room,0.4426,1,False,0.0,0.0,0.0,
lm_rank_smol1.7b,I33:clean,I33,clean,needs,bedroom,0.4475,1,True,0.0,0.0,0.0,8.0
lm_rank_smol1.7b,I33:partial,I33,partial,needs,bedroom,0.4361,1,True,0.0,0.0,0.0,8.0
lm_rank_smol1.7b,I33:wrong_label,I33,wrong_label,needs,bedroom,0.43,1,False,0.0,0.0,0.0,
lm_rank_smol1.7b,I33:wrong_pick,I33,wrong_pick,needs,bedroom,0.4293,1,False,0.0,0.0,0.0,
lm_rank_smol1.7b,I34:clean,I34,clean,information,bedroom,0.4357,1,True,0.0,0.0,0.0,6.0
lm_rank_smol1.7b,I34:partial,I34,partial,information,bedroom,0.4321,1,True,0.0,0.0,0.0,6.0
lm_rank_smol1.7b,I34:wrong_label,I34,wrong_label,information,bedroom,0.4373,1,False,0.0,0.0,0.0,
lm_rank_smol1.7b,I34:wrong_pick,I34,wrong_pick,information,bedroom,0.4252,1,False,0.0,0.0,0.0,
lm_rank_smol1.7b,I35:clean,I35,clean,information,living room,0.4389,1,True,0.0,0.0,0.0,
lm_rank_smol1.7b,I35:partial,I35,partial,information,living room,0.4413,1,True,0.0,0.0,0.0,
lm_rank_smol1.7b,I35:wrong_label,I35,wrong_label,information,living room,0.4416,1,False,0.0,0.0,0.0,
lm_rank_smol1.7b,I35:wrong_pick,I35,wrong_pick,information,living room,0.4418,1,False,0.0,0.0,0.0,
lm_rank_smol1.7b,I36:clean,I36,clean,information,bedroom,0.4213,1,True,0.0,0.0,0.0,7.0
lm_rank_smol1.7b,I36:partial,I36,partial,information,bedroom,0.4228,1,True,0.0,0.0,0.0,7.0
lm_rank_smol1.7b,I36:wrong_label,I36,wrong_label,information,bedroom,0.4349,1,False,0.0,0.0,0.0,
lm_rank_smol1.7b,I36:wrong_pick,I36,wrong_pick,information,bedroom,0.434,1,False,0.0,0.0,0.0,
lm_rank_smol1.7b,I37:clean,I37,clean,information,bedroom,0.4415,2,True,0.0,1.0,1.0,2.0
lm_rank_smol1.7b,I37:partial,I37,partial,information,bedroom,0.4274,2,True,0.0,0.0,0.0,6.0
lm_rank_smol1.7b,I37:wrong_label,I37,wrong_label,information,bedroom,0.439,2,True,0.0,0.0,0.0,
lm_rank_smol1.7b,I37:wrong_pick,I37,wrong_pick,information,bedroom,0.4389,2,True,0.0,0.0,0.0,9.0
lm_rank_smol1.7b,I38:clean,I38,clean,information,living room,0.4349,1,True,0.0,1.0,1.0,2.0
lm_rank_smol1.7b,I38:partial,I38,partial,information,living room,0.44,1,True,0.0,1.0,1.0,2.0
lm_rank_smol1.7b,I38:wrong_label,I38,wrong_label,information,living room,0.4366,1,False,0.0,0.0,0.0,7.0
lm_rank_smol1.7b,I38:wrong_pick,I38,wrong_pick,information,living room,0.4335,1,False,0.0,0.0,0.0,
lm_rank_smol1.7b,I39:clean,I39,clean,information,bedroom,0.4332,1,True,0.0,0.0,0.0,
lm_rank_smol1.7b,I39:partial,I39,partial,information,bedroom,0.4251,1,True,0.0,0.0,0.0,
lm_rank_smol1.7b,I39:wrong_label,I39,wrong_label,information,bedroom,0.4249,1,False,0.0,0.0,0.0,
lm_rank_smol1.7b,I39:wrong_pick,I39,wrong_pick,information,bedroom,0.4332,1,False,0.0,0.0,0.0,
lm_rank_smol1.7b,I40:clean,I40,clean,information,living room,0.4404,1,True,0.0,0.0,0.0,
lm_rank_smol1.7b,I40:partial,I40,partial,information,living room,0.4399,1,True,0.0,0.0,0.0,
lm_rank_smol1.7b,I40:wrong_label,I40,wrong_label,information,living room,0.4358,1,False,0.0,0.0,0.0,
lm_rank_smol1.7b,I40:wrong_pick,I40,wrong_pick,information,living room,0.4497,1,False,0.0,0.0,0.0,
lm_rank_smol1.7b,I41:clean,I41,clean,information,kitchen,0.4344,1,True,0.0,0.0,1.0,5.0
lm_rank_smol1.7b,I41:partial,I41,partial,information,kitchen,0.4211,1,True,0.0,0.0,1.0,5.0
lm_rank_smol1.7b,I41:wrong_label,I41,wrong_label,information,kitchen,0.4218,1,False,0.0,0.0,0.0,
lm_rank_smol1.7b,I41:wrong_pick,I41,wrong_pick,information,kitchen,0.4291,1,False,0.0,0.0,0.0,7.0
lm_rank_smol1.7b,I42:clean,I42,clean,information,bedroom,0.4265,1,True,0.0,0.0,0.0,
lm_rank_smol1.7b,I42:partial,I42,partial,information,bedroom,0.4272,1,True,0.0,0.0,0.0,
lm_rank_smol1.7b,I42:wrong_label,I42,wrong_label,information,bedroom,0.4209,1,False,0.0,0.0,0.0,
lm_rank_smol1.7b,I42:wrong_pick,I42,wrong_pick,information,bedroom,0.4217,1,False,0.0,0.0,0.0,
lm_rank_smol1.7b,I43:clean,I43,clean,information,dining,0.4301,1,True,0.0,0.0,0.0,
lm_rank_smol1.7b,I43:partial,I43,partial,information,dining,0.4195,1,True,0.0,0.0,0.0,
lm_rank_smol1.7b,I43:wrong_label,I43,wrong_label,information,dining,0.4326,1,False,0.0,0.0,0.0,
lm_rank_smol1.7b,I43:wrong_pick,I43,wrong_pick,information,dining,0.4377,1,False,0.0,0.0,0.0,
lm_rank_smol1.7b,I44:clean,I44,clean,social,bedroom,0.4296,1,True,0.0,0.0,1.0,5.0
lm_rank_smol1.7b,I44:partial,I44,partial,social,bedroom,0.4293,1,True,0.0,0.0,1.0,5.0
lm_rank_smol1.7b,I44:wrong_label,I44,wrong_label,social,bedroom,0.4287,1,False,0.0,0.0,0.0,
lm_rank_smol1.7b,I44:wrong_pick,I44,wrong_pick,social,bedroom,0.4344,1,False,0.0,0.0,0.0,8.0
lm_rank_smol1.7b,I45:clean,I45,clean,social,living room,0.4263,1,True,0.0,0.0,0.0,9.0
lm_rank_smol1.7b,I45:partial,I45,partial,social,living room,0.4354,1,True,0.0,0.0,0.0,9.0
lm_rank_smol1.7b,I45:wrong_label,I45,wrong_label,social,living room,0.4326,1,False,0.0,0.0,0.0,
lm_rank_smol1.7b,I45:wrong_pick,I45,wrong_pick,social,living room,0.4297,1,False,0.0,0.0,0.0,
lm_rank_smol1.7b,I46:clean,I46,clean,social,living room,0.4377,1,True,0.0,1.0,1.0,3.0
lm_rank_smol1.7b,I46:partial,I46,partial,social,living room,0.433,1,True,0.0,1.0,1.0,3.0
lm_rank_smol1.7b,I46:wrong_label,I46,wrong_label,social,living room,0.4322,1,False,0.0,0.0,0.0,
lm_rank_smol1.7b,I46:wrong_pick,I46,wrong_pick,social,living room,0.4384,1,False,0.0,0.0,0.0,
lm_rank_smol1.7b,I47:clean,I47,clean,social,bedroom,0.4318,1,True,0.0,0.0,0.0,
lm_rank_smol1.7b,I47:partial,I47,partial,social,bedroom,0.4268,1,True,0.0,0.0,0.0,
lm_rank_smol1.7b,I47:wrong_label,I47,wrong_label,social,bedroom,0.4272,1,False,0.0,0.0,0.0,
lm_rank_smol1.7b,I47:wrong_pick,I47,wrong_pick,social,bedroom,0.4374,1,False,0.0,0.0,0.0,
lm_rank_smol1.7b,I48:clean,I48,clean,social,living room,0.4455,1,True,0.0,0.0,0.0,
lm_rank_smol1.7b,I48:partial,I48,partial,social,living room,0.4446,1,True,0.0,0.0,0.0,
lm_rank_smol1.7b,I48:wrong_label,I48,wrong_label,social,living room,0.4504,1,False,0.0,0.0,0.0,
lm_rank_smol1.7b,I48:wrong_pick,I48,wrong_pick,social,living room,0.4475,1,False,0.0,0.0,0.0,
lm_rank_smol1.7b,I49:clean,I49,clean,social,dining,0.4439,1,True,0.0,0.0,0.0,
lm_rank_smol1.7b,I49:partial,I49,partial,social,dining,0.4376,1,True,0.0,0.0,0.0,
lm_rank_smol1.7b,I49:wrong_label,I49,wrong_label,social,dining,0.4256,1,False,0.0,0.0,0.0,
lm_rank_smol1.7b,I49:wrong_pick,I49,wrong_pick,social,dining,0.445,1,False,0.0,0.0,0.0,
lm_rank_smol1.7b,I50:clean,I50,clean,social,living room,0.4466,1,True,0.0,0.0,0.0,10.0
lm_rank_smol1.7b,I50:partial,I50,partial,social,living room,0.4489,1,True,0.0,0.0,0.0,10.0
lm_rank_smol1.7b,I50:wrong_label,I50,wrong_label,social,living room,0.4414,1,False,0.0,0.0,0.0,
lm_rank_smol1.7b,I50:wrong_pick,I50,wrong_pick,social,living room,0.4502,1,False,0.0,0.0,0.0,
lm_rank_smol1.7b,I51:clean,I51,clean,social,bedroom,0.4283,1,True,0.0,0.0,0.0,6.0
lm_rank_smol1.7b,I51:partial,I51,partial,social,bedroom,0.4278,1,True,0.0,0.0,0.0,6.0
lm_rank_smol1.7b,I51:wrong_label,I51,wrong_label,social,bedroom,0.44,1,False,0.0,0.0,0.0,
lm_rank_smol1.7b,I51:wrong_pick,I51,wrong_pick,social,bedroom,0.4315,1,False,0.0,0.0,0.0,
lm_rank_smol1.7b,I52:clean,I52,clean,social,living room,0.4477,1,True,0.0,0.0,0.0,
lm_rank_smol1.7b,I52:partial,I52,partial,social,living room,0.4524,1,True,0.0,0.0,0.0,
lm_rank_smol1.7b,I52:wrong_label,I52,wrong_label,social,living room,0.4406,1,False,0.0,0.0,0.0,10.0
lm_rank_smol1.7b,I52:wrong_pick,I52,wrong_pick,social,living room,0.4403,1,False,0.0,0.0,0.0,10.0
lm_rank_smol1.7b,I53:clean,I53,clean,social,bedroom,0.4448,1,True,0.0,0.0,1.0,4.0
lm_rank_smol1.7b,I53:partial,I53,partial,social,bedroom,0.445,1,True,0.0,0.0,1.0,4.0
lm_rank_smol1.7b,I53:wrong_label,I53,wrong_label,social,bedroom,0.4318,1,False,0.0,0.0,0.0,
lm_rank_smol1.7b,I53:wrong_pick,I53,wrong_pick,social,bedroom,0.4321,1,False,0.0,0.0,0.0,
lm_rank_smol1.7b,I54:clean,I54,clean,etiquette,dining,0.4362,1,True,0.0,0.0,0.0,
lm_rank_smol1.7b,I54:partial,I54,partial,etiquette,dining,0.4366,1,True,0.0,0.0,0.0,
lm_rank_smol1.7b,I54:wrong_label,I54,wrong_label,etiquette,dining,0.4449,1,False,0.0,0.0,0.0,
lm_rank_smol1.7b,I54:wrong_pick,I54,wrong_pick,etiquette,dining,0.4572,1,False,0.0,0.0,0.0,
lm_rank_smol1.7b,I55:clean,I55,clean,etiquette,living room,0.5892,3,True,1.0,1.0,1.0,1.0
lm_rank_smol1.7b,I55:partial,I55,partial,etiquette,living room,0.4515,3,True,1.0,1.0,1.0,1.0
lm_rank_smol1.7b,I55:wrong_label,I55,wrong_label,etiquette,living room,0.6008,3,True,0.0,1.0,1.0,2.0
lm_rank_smol1.7b,I55:wrong_pick,I55,wrong_pick,etiquette,living room,0.599,3,True,1.0,1.0,1.0,1.0
lm_rank_smol1.7b,I56:clean,I56,clean,etiquette,dining,0.4414,1,True,0.0,0.0,0.0,
lm_rank_smol1.7b,I56:partial,I56,partial,etiquette,dining,0.4442,1,True,0.0,0.0,0.0,
lm_rank_smol1.7b,I56:wrong_label,I56,wrong_label,etiquette,dining,0.4397,1,False,0.0,0.0,0.0,
lm_rank_smol1.7b,I56:wrong_pick,I56,wrong_pick,etiquette,dining,0.4474,1,False,0.0,0.0,0.0,
lm_rank_smol1.7b,I57:clean,I57,clean,etiquette,bedroom,0.4502,1,True,1.0,1.0,1.0,1.0
lm_rank_smol1.7b,I57:partial,I57,partial,etiquette,bedroom,0.4543,1,True,1.0,1.0,1.0,1.0
lm_rank_smol1.7b,I57:wrong_label,I57,wrong_label,etiquette,bedroom,0.4418,1,False,0.0,1.0,1.0,2.0
lm_rank_smol1.7b,I57:wrong_pick,I57,wrong_pick,etiquette,bedroom,0.4457,1,False,0.0,1.0,1.0,3.0
lm_rank_smol1.7b,I58:clean,I58,clean,etiquette,living room,0.4575,1,True,0.0,0.0,0.0,
lm_rank_smol1.7b,I58:partial,I58,partial,etiquette,living room,0.454,1,True,0.0,0.0,0.0,
lm_rank_smol1.7b,I58:wrong_label,I58,wrong_label,etiquette,living room,0.4488,1,False,0.0,0.0,0.0,
lm_rank_smol1.7b,I58:wrong_pick,I58,wrong_pick,etiquette,living room,0.4594,1,False,0.0,0.0,0.0,
lm_rank_smol1.7b,I59:clean,I59,clean,etiquette,dining,0.46,2,True,0.0,1.0,1.0,3.0
lm_rank_smol1.7b,I59:partial,I59,partial,etiquette,dining,0.4469,2,True,0.0,0.0,0.0,7.0
lm_rank_smol1.7b,I59:wrong_label,I59,wrong_label,etiquette,dining,0.4675,2,True,0.0,0.0,1.0,4.0
lm_rank_smol1.7b,I59:wrong_pick,I59,wrong_pick,etiquette,dining,0.4629,2,True,0.0,0.0,1.0,4.0
lm_rank_smol1.7b,I60:clean,I60,clean,etiquette,bedroom,0.4563,2,True,0.0,0.0,0.0,
lm_rank_smol1.7b,I60:partial,I60,partial,etiquette,bedroom,0.438,2,True,0.0,0.0,0.0,
lm_rank_smol1.7b,I60:wrong_label,I60,wrong_label,etiquette,bedroom,0.4584,2,True,0.0,0.0,0.0,
lm_rank_smol1.7b,I60:wrong_pick,I60,wrong_pick,etiquette,bedroom,0.4532,2,True,0.0,0.0,0.0,
prior,I01:clean,I01,clean,needs,bedroom,0.0001,2,True,1.0,1.0,1.0,1.0
prior,I01:partial,I01,partial,needs,bedroom,0.0001,2,True,1.0,1.0,1.0,1.0
prior,I01:wrong_label,I01,wrong_label,needs,bedroom,0.0001,2,True,1.0,1.0,1.0,1.0
prior,I01:wrong_pick,I01,wrong_pick,needs,bedroom,0.0001,2,True,1.0,1.0,1.0,1.0
prior,I02:clean,I02,clean,needs,bedroom,0.0001,2,True,1.0,1.0,1.0,1.0
prior,I02:partial,I02,partial,needs,bedroom,0.0001,2,True,1.0,1.0,1.0,1.0
prior,I02:wrong_label,I02,wrong_label,needs,bedroom,0.0001,2,True,1.0,1.0,1.0,1.0
prior,I02:wrong_pick,I02,wrong_pick,needs,bedroom,0.0001,2,True,1.0,1.0,1.0,1.0
prior,I03:clean,I03,clean,needs,bedroom,0.0001,1,True,1.0,1.0,1.0,1.0
prior,I03:partial,I03,partial,needs,bedroom,0.0001,1,True,1.0,1.0,1.0,1.0
prior,I03:wrong_label,I03,wrong_label,needs,bedroom,0.0001,1,False,0.0,0.0,0.0,
prior,I03:wrong_pick,I03,wrong_pick,needs,bedroom,0.0001,1,False,0.0,0.0,0.0,
prior,I04:clean,I04,clean,needs,bedroom,0.0001,1,True,1.0,1.0,1.0,1.0
prior,I04:partial,I04,partial,needs,bedroom,0.0001,1,True,1.0,1.0,1.0,1.0
prior,I04:wrong_label,I04,wrong_label,needs,bedroom,0.0001,1,False,0.0,0.0,0.0,
prior,I04:wrong_pick,I04,wrong_pick,needs,bedroom,0.0001,1,False,0.0,0.0,0.0,
prior,I05:clean,I05,clean,needs,bedroom,0.0001,1,True,0.0,1.0,1.0,2.0
prior,I05:partial,I05,partial,needs,bedroom,0.0001,1,True,0.0,1.0,1.0,2.0
prior,I05:wrong_label,I05,wrong_label,needs,bedroom,0.0001,1,False,0.0,0.0,0.0,
prior,I05:wrong_pick,I05,wrong_pick,needs,bedroom,0.0001,1,False,0.0,0.0,0.0,
prior,I06:clean,I06,clean,needs,bedroom,0.0001,3,True,1.0,1.0,1.0,1.0
prior,I06:partial,I06,partial,needs,bedroom,0.0001,3,True,1.0,1.0,1.0,1.0
prior,I06:wrong_label,I06,wrong_label,needs,bedroom,0.0001,3,True,1.0,1.0,1.0,1.0
prior,I06:wrong_pick,I06,wrong_pick,needs,bedroom,0.0001,3,True,1.0,1.0,1.0,1.0
prior,I07:clean,I07,clean,needs,bedroom,0.0001,1,True,1.0,1.0,1.0,1.0
prior,I07:partial,I07,partial,needs,bedroom,0.0001,1,True,1.0,1.0,1.0,1.0
prior,I07:wrong_label,I07,wrong_label,needs,bedroom,0.0001,1,False,0.0,0.0,0.0,
prior,I07:wrong_pick,I07,wrong_pick,needs,bedroom,0.0001,1,False,0.0,0.0,0.0,
prior,I08:clean,I08,clean,needs,bedroom,0.0001,1,True,1.0,1.0,1.0,1.0
prior,I08:partial,I08,partial,needs,bedroom,0.0001,1,True,1.0,1.0,1.0,1.0
prior,I08:wrong_label,I08,wrong_label,needs,bedroom,0.0001,1,False,0.0,0.0,0.0,
prior,I08:wrong_pick,I08,wrong_pick,needs,bedroom,0.0001,1,False,0.0,0.0,0.0,
prior,I09:clean,I09,clean,needs,bedroom,0.0001,1,True,1.0,1.0,1.0,1.0
prior,I09:partial,I09,partial,needs,bedroom,0.0001,1,True,1.0,1.0,1.0,1.0
prior,I09:wrong_label,I09,wrong_label,needs,bedroom,0.0001,1,False,0.0,0.0,0.0,
prior,I09:wrong_pick,I09,wrong_pick,needs,bedroom,0.0001,1,False,0.0,0.0,0.0,
prior,I10:clean,I10,clean,needs,bedroom,0.0001,1,True,1.0,1.0,1.0,1.0
prior,I10:partial,I10,partial,needs,bedroom,0.0001,1,True,1.0,1.0,1.0,1.0
prior,I10:wrong_label,I10,wrong_label,needs,bedroom,0.0001,1,False,0.0,0.0,0.0,
prior,I10:wrong_pick,I10,wrong_pick,needs,bedroom,0.0001,1,False,0.0,0.0,0.0,
prior,I11:clean,I11,clean,needs,bedroom,0.0001,1,True,1.0,1.0,1.0,1.0
prior,I11:partial,I11,partial,needs,bedroom,0.0001,1,True,1.0,1.0,1.0,1.0
prior,I11:wrong_label,I11,wrong_label,needs,bedroom,0.0001,1,False,0.0,0.0,0.0,
prior,I11:wrong_pick,I11,wrong_pick,needs,bedroom,0.0001,1,False,0.0,0.0,0.0,
prior,I12:clean,I12,clean,needs,bedroom,0.0001,3,True,1.0,1.0,1.0,1.0
prior,I12:partial,I12,partial,needs,bedroom,0.0001,3,True,1.0,1.0,1.0,1.0
prior,I12:wrong_label,I12,wrong_label,needs,bedroom,0.0001,3,True,1.0,1.0,1.0,1.0
prior,I12:wrong_pick,I12,wrong_pick,needs,bedroom,0.0001,3,True,1.0,1.0,1.0,1.0
prior,I13:clean,I13,clean,needs,bathroom,0.0001,3,True,1.0,1.0,1.0,1.0
prior,I13:partial,I13,partial,needs,bathroom,0.0001,3,True,1.0,1.0,1.0,1.0
prior,I13:wrong_label,I13,wrong_label,needs,bathroom,0.0001,3,True,1.0,1.0,1.0,1.0
prior,I13:wrong_pick,I13,wrong_pick,needs,bathroom,0.0001,3,True,1.0,1.0,1.0,1.0
prior,I14:clean,I14,clean,needs,bathroom,0.0001,3,True,1.0,1.0,1.0,1.0
prior,I14:partial,I14,partial,needs,bathroom,0.0001,3,True,1.0,1.0,1.0,1.0
prior,I14:wrong_label,I14,wrong_label,needs,bathroom,0.0001,3,True,1.0,1.0,1.0,1.0
prior,I14:wrong_pick,I14,wrong_pick,needs,bathroom,0.0001,3,True,1.0,1.0,1.0,1.0
prior,I15:clean,I15,clean,needs,bathroom,0.0001,1,True,1.0,1.0,1.0,1.0
prior,I15:partial,I15,partial,needs,bathroom,0.0001,1,True,1.0,1.0,1.0,1.0
prior,I15:wrong_label,I15,wrong_label,needs,bathroom,0.0001,1,False,0.0,0.0,0.0,
prior,I15:wrong_pick,I15,wrong_pick,needs,bathroom,0.0001,1,False,0.0,0.0,0.0,
prior,I16:clean,I16,clean,needs,bathroom,0.0001,2,True,1.0,1.0,1.0,1.0
prior,I16:partial,I16,partial,needs,bathroom,0.0001,2,True,0.0,1.0,1.0,2.0
prior,I16:wrong_label,I16,wrong_label,needs,bathroom,0.0001,2,True,0.0,0.0,1.0,4.0
prior,I16:wrong_pick,I16,wrong_pick,needs,bathroom,0.0001,2,True,0.0,1.0,1.0,2.0
prior,I17:clean,I17,clean,needs,bathroom,0.0001,1,True,1.0,1.0,1.0,1.0
prior,I17:partial,I17,partial,needs,bathroom,0.0001,1,True,1.0,1.0,1.0,1.0
prior,I17:wrong_label,I17,wrong_label,needs,bathroom,0.0001,1,False,0.0,0.0,0.0,
prior,I17:wrong_pick,I17,wrong_pick,needs,bathroom,0.0001,1,False,0.0,0.0,0.0,
prior,I18:clean,I18,clean,needs,bathroom,0.0001,1,True,1.0,1.0,1.0,1.0
prior,I18:partial,I18,partial,needs,bathroom,0.0001,1,True,1.0,1.0,1.0,1.0
prior,I18:wrong_label,I18,wrong_label,needs,bathroom,0.0001,1,False,0.0,0.0,0.0,
prior,I18:wrong_pick,I18,wrong_pick,needs,bathroom,0.0001,1,False,0.0,0.0,0.0,
prior,I19:clean,I19,clean,needs,kitchen,0.0001,2,True,1.0,1.0,1.0,1.0
prior,I19:partial,I19,partial,needs,kitchen,0.0001,2,True,1.0,1.0,1.0,1.0
prior,I19:wrong_label,I19,wrong_label,needs,kitchen,0.0001,2,True,1.0,1.0,1.0,1.0
prior,I19:wrong_pick,I19,wrong_pick,needs,kitchen,0.0001,2,True,1.0,1.0,1.0,1.0
prior,I20:clean,I20,clean,needs,kitchen,0.0001,2,True,1.0,1.0,1.0,1.0
prior,I20:partial,I20,partial,needs,kitchen,0.0001,2,True,0.0,1.0,1.0,2.0
prior,I20:wrong_label,I20,wrong_label,needs,kitchen,0.0001,2,True,0.0,1.0,1.0,2.0
prior,I20:wrong_pick,I20,wrong_pick,needs,kitchen,0.0001,2,True,0.0,1.0,1.0,2.0
prior,I21:clean,I21,clean,needs,kitchen,0.0001,1,True,1.0,1.0,1.0,1.0
prior,I21:partial,I21,partial,needs,kitchen,0.0001,1,True,1.0,1.0,1.0,1.0
prior,I21:wrong_label,I21,wrong_label,needs,kitchen,0.0001,1,False,0.0,0.0,0.0,
prior,I21:wrong_pick,I21,wrong_pick,needs,kitchen,0.0001,1,False,0.0,0.0,0.0,
prior,I22:clean,I22,clean,needs,kitchen,0.0001,2,True,1.0,1.0,1.0,1.0
prior,I22:partial,I22,partial,needs,kitchen,0.0001,2,True,1.0,1.0,1.0,1.0
prior,I22:wrong_label,I22,wrong_label,needs,kitchen,0.0001,2,True,1.0,1.0,1.0,1.0
prior,I22:wrong_pick,I22,wrong_pick,needs,kitchen,0.0001,2,True,1.0,1.0,1.0,1.0
prior,I23:clean,I23,clean,needs,kitchen,0.0001,2,True,1.0,1.0,1.0,1.0
prior,I23:partial,I23,partial,needs,kitchen,0.0001,2,True,1.0,1.0,1.0,1.0
prior,I23:wrong_label,I23,wrong_label,needs,kitchen,0.0001,2,True,1.0,1.0,1.0,1.0
prior,I23:wrong_pick,I23,wrong_pick,needs,kitchen,0.0001,2,True,1.0,1.0,1.0,1.0
prior,I24:clean,I24,clean,needs,dining,0.0001,3,True,1.0,1.0,1.0,1.0
prior,I24:partial,I24,partial,needs,dining,0.0001,3,True,1.0,1.0,1.0,1.0
prior,I24:wrong_label,I24,wrong_label,needs,dining,0.0001,3,True,1.0,1.0,1.0,1.0
prior,I24:wrong_pick,I24,wrong_pick,needs,dining,0.0001,3,True,1.0,1.0,1.0,1.0
prior,I25:clean,I25,clean,needs,dining,0.0001,2,True,1.0,1.0,1.0,1.0
prior,I25:partial,I25,partial,needs,dining,0.0001,2,True,1.0,1.0,1.0,1.0
prior,I25:wrong_label,I25,wrong_label,needs,dining,0.0001,2,True,1.0,1.0,1.0,1.0
prior,I25:wrong_pick,I25,wrong_pick,needs,dining,0.0001,2,True,1.0,1.0,1.0,1.0
prior,I26:clean,I26,clean,needs,dining,0.0001,1,True,0.0,1.0,1.0,2.0
prior,I26:partial,I26,partial,needs,dining,0.0001,1,True,0.0,1.0,1.0,2.0
prior,I26:wrong_label,I26,wrong_label,needs,dining,0.0001,1,False,0.0,0.0,0.0,8.0
prior,I26:wrong_pick,I26,wrong_pick,needs,dining,0.0001,1,False,0.0,0.0,0.0,8.0
prior,I27:clean,I27,clean,needs,dining,0.0001,1,True,0.0,1.0,1.0,2.0
prior,I27:partial,I27,partial,needs,dining,0.0001,1,True,0.0,1.0,1.0,2.0
prior,I27:wrong_label,I27,wrong_label,needs,dining,0.0001,1,False,0.0,0.0,0.0,
prior,I27:wrong_pick,I27,wrong_pick,needs,dining,0.0001,1,False,0.0,0.0,0.0,
prior,I28:clean,I28,clean,needs,living room,0.0001,2,True,1.0,1.0,1.0,1.0
prior,I28:partial,I28,partial,needs,living room,0.0001,2,True,1.0,1.0,1.0,1.0
prior,I28:wrong_label,I28,wrong_label,needs,living room,0.0001,2,True,0.0,1.0,1.0,2.0
prior,I28:wrong_pick,I28,wrong_pick,needs,living room,0.0001,2,True,1.0,1.0,1.0,1.0
prior,I29:clean,I29,clean,needs,living room,0.0001,2,True,1.0,1.0,1.0,1.0
prior,I29:partial,I29,partial,needs,living room,0.0001,2,True,1.0,1.0,1.0,1.0
prior,I29:wrong_label,I29,wrong_label,needs,living room,0.0001,2,True,1.0,1.0,1.0,1.0
prior,I29:wrong_pick,I29,wrong_pick,needs,living room,0.0001,2,True,1.0,1.0,1.0,1.0
prior,I30:clean,I30,clean,needs,living room,0.0001,1,True,1.0,1.0,1.0,1.0
prior,I30:partial,I30,partial,needs,living room,0.0001,1,True,1.0,1.0,1.0,1.0
prior,I30:wrong_label,I30,wrong_label,needs,living room,0.0001,1,False,0.0,0.0,0.0,
prior,I30:wrong_pick,I30,wrong_pick,needs,living room,0.0001,1,False,0.0,0.0,0.0,
prior,I31:clean,I31,clean,needs,living room,0.0001,1,True,1.0,1.0,1.0,1.0
prior,I31:partial,I31,partial,needs,living room,0.0001,1,True,1.0,1.0,1.0,1.0
prior,I31:wrong_label,I31,wrong_label,needs,living room,0.0001,1,False,0.0,0.0,0.0,
prior,I31:wrong_pick,I31,wrong_pick,needs,living room,0.0001,1,False,0.0,0.0,0.0,
prior,I32:clean,I32,clean,needs,living room,0.0001,1,True,1.0,1.0,1.0,1.0
prior,I32:partial,I32,partial,needs,living room,0.0001,1,True,1.0,1.0,1.0,1.0
prior,I32:wrong_label,I32,wrong_label,needs,living room,0.0001,1,False,0.0,0.0,0.0,
prior,I32:wrong_pick,I32,wrong_pick,needs,living room,0.0001,1,False,0.0,0.0,0.0,
prior,I33:clean,I33,clean,needs,bedroom,0.0001,1,True,1.0,1.0,1.0,1.0
prior,I33:partial,I33,partial,needs,bedroom,0.0001,1,True,1.0,1.0,1.0,1.0
prior,I33:wrong_label,I33,wrong_label,needs,bedroom,0.0001,1,False,0.0,0.0,0.0,
prior,I33:wrong_pick,I33,wrong_pick,needs,bedroom,0.0001,1,False,0.0,0.0,0.0,
prior,I34:clean,I34,clean,information,bedroom,0.0001,1,True,1.0,1.0,1.0,1.0
prior,I34:partial,I34,partial,information,bedroom,0.0001,1,True,1.0,1.0,1.0,1.0
prior,I34:wrong_label,I34,wrong_label,information,bedroom,0.0001,1,False,0.0,0.0,0.0,
prior,I34:wrong_pick,I34,wrong_pick,information,bedroom,0.0001,1,False,0.0,0.0,0.0,
prior,I35:clean,I35,clean,information,living room,0.0001,1,True,1.0,1.0,1.0,1.0
prior,I35:partial,I35,partial,information,living room,0.0001,1,True,1.0,1.0,1.0,1.0
prior,I35:wrong_label,I35,wrong_label,information,living room,0.0001,1,False,0.0,0.0,0.0,
prior,I35:wrong_pick,I35,wrong_pick,information,living room,0.0001,1,False,0.0,0.0,0.0,
prior,I36:clean,I36,clean,information,bedroom,0.0001,1,True,0.0,1.0,1.0,2.0
prior,I36:partial,I36,partial,information,bedroom,0.0001,1,True,0.0,1.0,1.0,2.0
prior,I36:wrong_label,I36,wrong_label,information,bedroom,0.0001,1,False,0.0,0.0,0.0,
prior,I36:wrong_pick,I36,wrong_pick,information,bedroom,0.0001,1,False,0.0,0.0,0.0,
prior,I37:clean,I37,clean,information,bedroom,0.0001,2,True,1.0,1.0,1.0,1.0
prior,I37:partial,I37,partial,information,bedroom,0.0001,2,True,1.0,1.0,1.0,1.0
prior,I37:wrong_label,I37,wrong_label,information,bedroom,0.0001,2,True,0.0,1.0,1.0,2.0
prior,I37:wrong_pick,I37,wrong_pick,information,bedroom,0.0001,2,True,0.0,1.0,1.0,2.0
prior,I38:clean,I38,clean,information,living room,0.0001,1,True,1.0,1.0,1.0,1.0
prior,I38:partial,I38,partial,information,living room,0.0001,1,True,1.0,1.0,1.0,1.0
prior,I38:wrong_label,I38,wrong_label,information,living room,0.0001,1,False,0.0,0.0,0.0,
prior,I38:wrong_pick,I38,wrong_pick,information,living room,0.0001,1,False,0.0,0.0,0.0,
prior,I39:clean,I39,clean,information,bedroom,0.0001,1,True,1.0,1.0,1.0,1.0
prior,I39:partial,I39,partial,information,bedroom,0.0001,1,True,1.0,1.0,1.0,1.0
prior,I39:wrong_label,I39,wrong_label,information,bedroom,0.0001,1,False,0.0,0.0,0.0,
prior,I39:wrong_pick,I39,wrong_pick,information,bedroom,0.0001,1,False,0.0,0.0,0.0,
prior,I40:clean,I40,clean,information,living room,0.0001,1,True,1.0,1.0,1.0,1.0
prior,I40:partial,I40,partial,information,living room,0.0001,1,True,1.0,1.0,1.0,1.0
prior,I40:wrong_label,I40,wrong_label,information,living room,0.0001,1,False,0.0,0.0,0.0,
prior,I40:wrong_pick,I40,wrong_pick,information,living room,0.0001,1,False,0.0,0.0,0.0,
prior,I41:clean,I41,clean,information,kitchen,0.0001,1,True,1.0,1.0,1.0,1.0
prior,I41:partial,I41,partial,information,kitchen,0.0001,1,True,1.0,1.0,1.0,1.0
prior,I41:wrong_label,I41,wrong_label,information,kitchen,0.0001,1,False,0.0,0.0,0.0,
prior,I41:wrong_pick,I41,wrong_pick,information,kitchen,0.0001,1,False,0.0,0.0,0.0,
prior,I42:clean,I42,clean,information,bedroom,0.0001,1,True,1.0,1.0,1.0,1.0
prior,I42:partial,I42,partial,information,bedroom,0.0001,1,True,1.0,1.0,1.0,1.0
prior,I42:wrong_label,I42,wrong_label,information,bedroom,0.0001,1,False,0.0,0.0,0.0,
prior,I42:wrong_pick,I42,wrong_pick,information,bedroom,0.0001,1,False,0.0,0.0,0.0,
prior,I43:clean,I43,clean,information,dining,0.0001,1,True,1.0,1.0,1.0,1.0
prior,I43:partial,I43,partial,information,dining,0.0001,1,True,1.0,1.0,1.0,1.0
prior,I43:wrong_label,I43,wrong_label,information,dining,0.0001,1,False,0.0,0.0,0.0,
prior,I43:wrong_pick,I43,wrong_pick,information,dining,0.0001,1,False,0.0,0.0,0.0,
prior,I44:clean,I44,clean,social,bedroom,0.0001,1,True,1.0,1.0,1.0,1.0
prior,I44:partial,I44,partial,social,bedroom,0.0001,1,True,1.0,1.0,1.0,1.0
prior,I44:wrong_label,I44,wrong_label,social,bedroom,0.0001,1,False,0.0,0.0,0.0,
prior,I44:wrong_pick,I44,wrong_pick,social,bedroom,0.0001,1,False,0.0,0.0,0.0,
prior,I45:clean,I45,clean,social,living room,0.0001,1,True,1.0,1.0,1.0,1.0
prior,I45:partial,I45,partial,social,living room,0.0001,1,True,1.0,1.0,1.0,1.0
prior,I45:wrong_label,I45,wrong_label,social,living room,0.0001,1,False,0.0,0.0,0.0,
prior,I45:wrong_pick,I45,wrong_pick,social,living room,0.0001,1,False,0.0,0.0,0.0,
prior,I46:clean,I46,clean,social,living room,0.0001,1,True,1.0,1.0,1.0,1.0
prior,I46:partial,I46,partial,social,living room,0.0001,1,True,1.0,1.0,1.0,1.0
prior,I46:wrong_label,I46,wrong_label,social,living room,0.0001,1,False,0.0,0.0,0.0,
prior,I46:wrong_pick,I46,wrong_pick,social,living room,0.0001,1,False,0.0,0.0,0.0,
prior,I47:clean,I47,clean,social,bedroom,0.0001,1,True,1.0,1.0,1.0,1.0
prior,I47:partial,I47,partial,social,bedroom,0.0001,1,True,1.0,1.0,1.0,1.0
prior,I47:wrong_label,I47,wrong_label,social,bedroom,0.0001,1,False,0.0,0.0,0.0,
prior,I47:wrong_pick,I47,wrong_pick,social,bedroom,0.0001,1,False,0.0,0.0,0.0,
prior,I48:clean,I48,clean,social,living room,0.0001,1,True,1.0,1.0,1.0,1.0
prior,I48:partial,I48,partial,social,living room,0.0001,1,True,1.0,1.0,1.0,1.0
prior,I48:wrong_label,I48,wrong_label,social,living room,0.0001,1,False,0.0,0.0,0.0,
prior,I48:wrong_pick,I48,wrong_pick,social,living room,0.0001,1,False,0.0,0.0,0.0,
prior,I49:clean,I49,clean,social,dining,0.0001,1,True,1.0,1.0,1.0,1.0
prior,I49:partial,I49,partial,social,dining,0.0001,1,True,1.0,1.0,1.0,1.0
prior,I49:wrong_label,I49,wrong_label,social,dining,0.0001,1,False,0.0,0.0,0.0,
prior,I49:wrong_pick,I49,wrong_pick,social,dining,0.0001,1,False,0.0,0.0,0.0,
prior,I50:clean,I50,clean,social,living room,0.0001,1,True,1.0,1.0,1.0,1.0
prior,I50:partial,I50,partial,social,living room,0.0001,1,True,1.0,1.0,1.0,1.0
prior,I50:wrong_label,I50,wrong_label,social,living room,0.0001,1,False,0.0,0.0,0.0,
prior,I50:wrong_pick,I50,wrong_pick,social,living room,0.0001,1,False,0.0,0.0,0.0,
prior,I51:clean,I51,clean,social,bedroom,0.0001,1,True,1.0,1.0,1.0,1.0
prior,I51:partial,I51,partial,social,bedroom,0.0001,1,True,1.0,1.0,1.0,1.0
prior,I51:wrong_label,I51,wrong_label,social,bedroom,0.0001,1,False,0.0,0.0,0.0,
prior,I51:wrong_pick,I51,wrong_pick,social,bedroom,0.0001,1,False,0.0,0.0,0.0,
prior,I52:clean,I52,clean,social,living room,0.0001,1,True,1.0,1.0,1.0,1.0
prior,I52:partial,I52,partial,social,living room,0.0001,1,True,1.0,1.0,1.0,1.0
prior,I52:wrong_label,I52,wrong_label,social,living room,0.0001,1,False,0.0,0.0,0.0,
prior,I52:wrong_pick,I52,wrong_pick,social,living room,0.0001,1,False,0.0,0.0,0.0,
prior,I53:clean,I53,clean,social,bedroom,0.0001,1,True,1.0,1.0,1.0,1.0
prior,I53:partial,I53,partial,social,bedroom,0.0001,1,True,1.0,1.0,1.0,1.0
prior,I53:wrong_label,I53,wrong_label,social,bedroom,0.0001,1,False,0.0,0.0,0.0,
prior,I53:wrong_pick,I53,wrong_pick,social,bedroom,0.0001,1,False,0.0,0.0,0.0,
prior,I54:clean,I54,clean,etiquette,dining,0.0001,1,True,0.0,1.0,1.0,2.0
prior,I54:partial,I54,partial,etiquette,dining,0.0001,1,True,0.0,1.0,1.0,2.0
prior,I54:wrong_label,I54,wrong_label,etiquette,dining,0.0001,1,False,0.0,0.0,0.0,
prior,I54:wrong_pick,I54,wrong_pick,etiquette,dining,0.0001,1,False,0.0,0.0,0.0,
prior,I55:clean,I55,clean,etiquette,living room,0.0001,3,True,1.0,1.0,1.0,1.0
prior,I55:partial,I55,partial,etiquette,living room,0.0001,3,True,0.0,1.0,1.0,2.0
prior,I55:wrong_label,I55,wrong_label,etiquette,living room,0.0001,3,True,1.0,1.0,1.0,1.0
prior,I55:wrong_pick,I55,wrong_pick,etiquette,living room,0.0001,3,True,1.0,1.0,1.0,1.0
prior,I56:clean,I56,clean,etiquette,dining,0.0001,1,True,0.0,1.0,1.0,2.0
prior,I56:partial,I56,partial,etiquette,dining,0.0001,1,True,0.0,1.0,1.0,2.0
prior,I56:wrong_label,I56,wrong_label,etiquette,dining,0.0001,1,False,0.0,0.0,0.0,
prior,I56:wrong_pick,I56,wrong_pick,etiquette,dining,0.0001,1,False,0.0,0.0,0.0,
prior,I57:clean,I57,clean,etiquette,bedroom,0.0001,1,True,0.0,1.0,1.0,2.0
prior,I57:partial,I57,partial,etiquette,bedroom,0.0001,1,True,0.0,1.0,1.0,2.0
prior,I57:wrong_label,I57,wrong_label,etiquette,bedroom,0.0001,1,False,0.0,0.0,0.0,
prior,I57:wrong_pick,I57,wrong_pick,etiquette,bedroom,0.0001,1,False,0.0,0.0,0.0,
prior,I58:clean,I58,clean,etiquette,living room,0.0001,1,True,0.0,1.0,1.0,2.0
prior,I58:partial,I58,partial,etiquette,living room,0.0001,1,True,0.0,1.0,1.0,2.0
prior,I58:wrong_label,I58,wrong_label,etiquette,living room,0.0001,1,False,0.0,0.0,0.0,
prior,I58:wrong_pick,I58,wrong_pick,etiquette,living room,0.0001,1,False,0.0,0.0,0.0,
prior,I59:clean,I59,clean,etiquette,dining,0.0001,2,True,1.0,1.0,1.0,1.0
prior,I59:partial,I59,partial,etiquette,dining,0.0001,2,True,0.0,1.0,1.0,3.0
prior,I59:wrong_label,I59,wrong_label,etiquette,dining,0.0001,2,True,0.0,0.0,0.0,6.0
prior,I59:wrong_pick,I59,wrong_pick,etiquette,dining,0.0001,2,True,0.0,1.0,1.0,3.0
prior,I60:clean,I60,clean,etiquette,bedroom,0.0001,2,True,1.0,1.0,1.0,1.0
prior,I60:partial,I60,partial,etiquette,bedroom,0.0001,2,True,1.0,1.0,1.0,1.0
prior,I60:wrong_label,I60,wrong_label,etiquette,bedroom,0.0001,2,True,1.0,1.0,1.0,1.0
prior,I60:wrong_pick,I60,wrong_pick,etiquette,bedroom,0.0001,2,True,1.0,1.0,1.0,1.0
template,I01:clean,I01,clean,needs,bedroom,0.0,2,True,1.0,1.0,1.0,1.0
template,I01:partial,I01,partial,needs,bedroom,0.0,2,True,1.0,1.0,1.0,1.0
template,I01:wrong_label,I01,wrong_label,needs,bedroom,0.0,2,True,1.0,1.0,1.0,1.0
template,I01:wrong_pick,I01,wrong_pick,needs,bedroom,0.0,2,True,1.0,1.0,1.0,1.0
template,I02:clean,I02,clean,needs,bedroom,0.0,2,True,0.0,1.0,1.0,2.0
template,I02:partial,I02,partial,needs,bedroom,0.0,2,True,1.0,1.0,1.0,1.0
template,I02:wrong_label,I02,wrong_label,needs,bedroom,0.0,2,True,0.0,0.0,1.0,4.0
template,I02:wrong_pick,I02,wrong_pick,needs,bedroom,0.0,2,True,0.0,1.0,1.0,3.0
template,I03:clean,I03,clean,needs,bedroom,0.0,1,True,1.0,1.0,1.0,1.0
template,I03:partial,I03,partial,needs,bedroom,0.0,1,True,1.0,1.0,1.0,1.0
template,I03:wrong_label,I03,wrong_label,needs,bedroom,0.0,1,False,0.0,0.0,0.0,
template,I03:wrong_pick,I03,wrong_pick,needs,bedroom,0.0,1,False,0.0,0.0,0.0,
template,I04:clean,I04,clean,needs,bedroom,0.0,1,True,1.0,1.0,1.0,1.0
template,I04:partial,I04,partial,needs,bedroom,0.0,1,True,1.0,1.0,1.0,1.0
template,I04:wrong_label,I04,wrong_label,needs,bedroom,0.0,1,False,0.0,0.0,0.0,
template,I04:wrong_pick,I04,wrong_pick,needs,bedroom,0.0,1,False,0.0,0.0,0.0,
template,I05:clean,I05,clean,needs,bedroom,0.0,1,True,1.0,1.0,1.0,1.0
template,I05:partial,I05,partial,needs,bedroom,0.0,1,True,1.0,1.0,1.0,1.0
template,I05:wrong_label,I05,wrong_label,needs,bedroom,0.0,1,False,0.0,0.0,0.0,
template,I05:wrong_pick,I05,wrong_pick,needs,bedroom,0.0,1,False,0.0,0.0,0.0,
template,I06:clean,I06,clean,needs,bedroom,0.0,3,True,0.0,1.0,1.0,3.0
template,I06:partial,I06,partial,needs,bedroom,0.0,3,True,0.0,0.0,0.0,10.0
template,I06:wrong_label,I06,wrong_label,needs,bedroom,0.0,3,True,0.0,0.0,1.0,5.0
template,I06:wrong_pick,I06,wrong_pick,needs,bedroom,0.0,3,True,0.0,1.0,1.0,3.0
template,I07:clean,I07,clean,needs,bedroom,0.0,1,True,1.0,1.0,1.0,1.0
template,I07:partial,I07,partial,needs,bedroom,0.0,1,True,1.0,1.0,1.0,1.0
template,I07:wrong_label,I07,wrong_label,needs,bedroom,0.0,1,False,0.0,0.0,0.0,8.0
template,I07:wrong_pick,I07,wrong_pick,needs,bedroom,0.0,1,False,0.0,0.0,0.0,
template,I08:clean,I08,clean,needs,bedroom,0.0,1,True,1.0,1.0,1.0,1.0
template,I08:partial,I08,partial,needs,bedroom,0.0,1,True,1.0,1.0,1.0,1.0
template,I08:wrong_label,I08,wrong_label,needs,bedroom,0.0,1,False,0.0,0.0,0.0,
template,I08:wrong_pick,I08,wrong_pick,needs,bedroom,0.0,1,False,0.0,0.0,0.0,
template,I09:clean,I09,clean,needs,bedroom,0.0,1,True,0.0,1.0,1.0,2.0
template,I09:partial,I09,partial,needs,bedroom,0.0,1,True,0.0,1.0,1.0,2.0
template,I09:wrong_label,I09,wrong_label,needs,bedroom,0.0,1,False,0.0,0.0,0.0,
template,I09:wrong_pick,I09,wrong_pick,needs,bedroom,0.0,1,False,0.0,0.0,0.0,
template,I10:clean,I10,clean,needs,bedroom,0.0,1,True,1.0,1.0,1.0,1.0
template,I10:partial,I10,partial,needs,bedroom,0.0,1,True,1.0,1.0,1.0,1.0
template,I10:wrong_label,I10,wrong_label,needs,bedroom,0.0,1,False,0.0,0.0,0.0,
template,I10:wrong_pick,I10,wrong_pick,needs,bedroom,0.0,1,False,0.0,1.0,1.0,3.0
template,I11:clean,I11,clean,needs,bedroom,0.0,1,True,1.0,1.0,1.0,1.0
template,I11:partial,I11,partial,needs,bedroom,0.0,1,True,1.0,1.0,1.0,1.0
template,I11:wrong_label,I11,wrong_label,needs,bedroom,0.0,1,False,0.0,0.0,0.0,6.0
template,I11:wrong_pick,I11,wrong_pick,needs,bedroom,0.0,1,False,0.0,0.0,0.0,9.0
template,I12:clean,I12,clean,needs,bedroom,0.0,3,True,1.0,1.0,1.0,1.0
template,I12:partial,I12,partial,needs,bedroom,0.0,3,True,1.0,1.0,1.0,1.0
template,I12:wrong_label,I12,wrong_label,needs,bedroom,0.0,3,True,1.0,1.0,1.0,1.0
template,I12:wrong_pick,I12,wrong_pick,needs,bedroom,0.0,3,True,1.0,1.0,1.0,1.0
template,I13:clean,I13,clean,needs,bathroom,0.0,3,True,1.0,1.0,1.0,1.0
template,I13:partial,I13,partial,needs,bathroom,0.0,3,True,1.0,1.0,1.0,1.0
template,I13:wrong_label,I13,wrong_label,needs,bathroom,0.0,3,True,1.0,1.0,1.0,1.0
template,I13:wrong_pick,I13,wrong_pick,needs,bathroom,0.0,3,True,1.0,1.0,1.0,1.0
template,I14:clean,I14,clean,needs,bathroom,0.0,3,True,1.0,1.0,1.0,1.0
template,I14:partial,I14,partial,needs,bathroom,0.0,3,True,1.0,1.0,1.0,1.0
template,I14:wrong_label,I14,wrong_label,needs,bathroom,0.0,3,True,1.0,1.0,1.0,1.0
template,I14:wrong_pick,I14,wrong_pick,needs,bathroom,0.0,3,True,1.0,1.0,1.0,1.0
template,I15:clean,I15,clean,needs,bathroom,0.0,1,True,0.0,1.0,1.0,3.0
template,I15:partial,I15,partial,needs,bathroom,0.0,1,True,0.0,1.0,1.0,3.0
template,I15:wrong_label,I15,wrong_label,needs,bathroom,0.0,1,False,0.0,0.0,0.0,
template,I15:wrong_pick,I15,wrong_pick,needs,bathroom,0.0,1,False,0.0,0.0,0.0,
template,I16:clean,I16,clean,needs,bathroom,0.0,2,True,0.0,1.0,1.0,2.0
template,I16:partial,I16,partial,needs,bathroom,0.0,2,True,1.0,1.0,1.0,1.0
template,I16:wrong_label,I16,wrong_label,needs,bathroom,0.0,2,True,0.0,1.0,1.0,2.0
template,I16:wrong_pick,I16,wrong_pick,needs,bathroom,0.0,2,True,0.0,0.0,1.0,4.0
template,I17:clean,I17,clean,needs,bathroom,0.0,1,True,1.0,1.0,1.0,1.0
template,I17:partial,I17,partial,needs,bathroom,0.0,1,True,1.0,1.0,1.0,1.0
template,I17:wrong_label,I17,wrong_label,needs,bathroom,0.0,1,False,0.0,0.0,0.0,
template,I17:wrong_pick,I17,wrong_pick,needs,bathroom,0.0,1,False,0.0,0.0,0.0,7.0
template,I18:clean,I18,clean,needs,bathroom,0.0,1,True,1.0,1.0,1.0,1.0
template,I18:partial,I18,partial,needs,bathroom,0.0,1,True,1.0,1.0,1.0,1.0
template,I18:wrong_label,I18,wrong_label,needs,bathroom,0.0,1,False,0.0,0.0,0.0,
template,I18:wrong_pick,I18,wrong_pick,needs,bathroom,0.0,1,False,0.0,0.0,0.0,
template,I19:clean,I19,clean,needs,kitchen,0.0,2,True,1.0,1.0,1.0,1.0
template,I19:partial,I19,partial,needs,kitchen,0.0,2,True,1.0,1.0,1.0,1.0
template,I19:wrong_label,I19,wrong_label,needs,kitchen,0.0,2,True,1.0,1.0,1.0,1.0
template,I19:wrong_pick,I19,wrong_pick,needs,kitchen,0.0,2,True,1.0,1.0,1.0,1.0
template,I20:clean,I20,clean,needs,kitchen,0.0,2,True,1.0,1.0,1.0,1.0
template,I20:partial,I20,partial,needs,kitchen,0.0,2,True,1.0,1.0,1.0,1.0
template,I20:wrong_label,I20,wrong_label,needs,kitchen,0.0,2,True,1.0,1.0,1.0,1.0
template,I20:wrong_pick,I20,wrong_pick,needs,kitchen,0.0,2,True,1.0,1.0,1.0,1.0
template,I21:clean,I21,clean,needs,kitchen,0.0,1,True,1.0,1.0,1.0,1.0
template,I21:partial,I21,partial,needs,kitchen,0.0,1,True,1.0,1.0,1.0,1.0
template,I21:wrong_label,I21,wrong_label,needs,kitchen,0.0,1,False,0.0,1.0,1.0,2.0
template,I21:wrong_pick,I21,wrong_pick,needs,kitchen,0.0,1,False,0.0,0.0,0.0,
template,I22:clean,I22,clean,needs,kitchen,0.0,2,True,1.0,1.0,1.0,1.0
template,I22:partial,I22,partial,needs,kitchen,0.0,2,True,1.0,1.0,1.0,1.0
template,I22:wrong_label,I22,wrong_label,needs,kitchen,0.0,2,True,0.0,0.0,1.0,4.0
template,I22:wrong_pick,I22,wrong_pick,needs,kitchen,0.0,2,True,0.0,1.0,1.0,3.0
template,I23:clean,I23,clean,needs,kitchen,0.0,2,True,1.0,1.0,1.0,1.0
template,I23:partial,I23,partial,needs,kitchen,0.0,2,True,0.0,1.0,1.0,2.0
template,I23:wrong_label,I23,wrong_label,needs,kitchen,0.0,2,True,0.0,0.0,1.0,5.0
template,I23:wrong_pick,I23,wrong_pick,needs,kitchen,0.0,2,True,1.0,1.0,1.0,1.0
template,I24:clean,I24,clean,needs,dining,0.0,3,True,0.0,1.0,1.0,3.0
template,I24:partial,I24,partial,needs,dining,0.0,3,True,0.0,1.0,1.0,2.0
template,I24:wrong_label,I24,wrong_label,needs,dining,0.0,3,True,0.0,1.0,1.0,3.0
template,I24:wrong_pick,I24,wrong_pick,needs,dining,0.0,3,True,0.0,1.0,1.0,2.0
template,I25:clean,I25,clean,needs,dining,0.0,2,True,1.0,1.0,1.0,1.0
template,I25:partial,I25,partial,needs,dining,0.0,2,True,1.0,1.0,1.0,1.0
template,I25:wrong_label,I25,wrong_label,needs,dining,0.0,2,True,0.0,1.0,1.0,2.0
template,I25:wrong_pick,I25,wrong_pick,needs,dining,0.0,2,True,0.0,1.0,1.0,3.0
template,I26:clean,I26,clean,needs,dining,0.0,1,True,1.0,1.0,1.0,1.0
template,I26:partial,I26,partial,needs,dining,0.0,1,True,1.0,1.0,1.0,1.0
template,I26:wrong_label,I26,wrong_label,needs,dining,0.0,1,False,0.0,0.0,0.0,7.0
template,I26:wrong_pick,I26,wrong_pick,needs,dining,0.0,1,False,0.0,0.0,0.0,
template,I27:clean,I27,clean,needs,dining,0.0,1,True,1.0,1.0,1.0,1.0
template,I27:partial,I27,partial,needs,dining,0.0,1,True,1.0,1.0,1.0,1.0
template,I27:wrong_label,I27,wrong_label,needs,dining,0.0,1,False,0.0,0.0,0.0,
template,I27:wrong_pick,I27,wrong_pick,needs,dining,0.0,1,False,0.0,0.0,1.0,5.0
template,I28:clean,I28,clean,needs,living room,0.0,2,True,1.0,1.0,1.0,1.0
template,I28:partial,I28,partial,needs,living room,0.0,2,True,1.0,1.0,1.0,1.0
template,I28:wrong_label,I28,wrong_label,needs,living room,0.0,2,True,1.0,1.0,1.0,1.0
template,I28:wrong_pick,I28,wrong_pick,needs,living room,0.0,2,True,1.0,1.0,1.0,1.0
template,I29:clean,I29,clean,needs,living room,0.0,2,True,1.0,1.0,1.0,1.0
template,I29:partial,I29,partial,needs,living room,0.0,2,True,1.0,1.0,1.0,1.0
template,I29:wrong_label,I29,wrong_label,needs,living room,0.0,2,True,1.0,1.0,1.0,1.0
template,I29:wrong_pick,I29,wrong_pick,needs,living room,0.0,2,True,1.0,1.0,1.0,1.0
template,I30:clean,I30,clean,needs,living room,0.0,1,True,1.0,1.0,1.0,1.0
template,I30:partial,I30,partial,needs,living room,0.0,1,True,1.0,1.0,1.0,1.0
template,I30:wrong_label,I30,wrong_label,needs,living room,0.0,1,False,0.0,0.0,0.0,
template,I30:wrong_pick,I30,wrong_pick,needs,living room,0.0,1,False,0.0,0.0,0.0,
template,I31:clean,I31,clean,needs,living room,0.0,1,True,1.0,1.0,1.0,1.0
template,I31:partial,I31,partial,needs,living room,0.0,1,True,1.0,1.0,1.0,1.0
template,I31:wrong_label,I31,wrong_label,needs,living room,0.0,1,False,0.0,0.0,0.0,
template,I31:wrong_pick,I31,wrong_pick,needs,living room,0.0,1,False,0.0,0.0,0.0,6.0
template,I32:clean,I32,clean,needs,living room,0.0,1,True,1.0,1.0,1.0,1.0
template,I32:partial,I32,partial,needs,living room,0.0,1,True,1.0,1.0,1.0,1.0
template,I32:wrong_label,I32,wrong_label,needs,living room,0.0,1,False,0.0,0.0,0.0,
template,I32:wrong_pick,I32,wrong_pick,needs,living room,0.0,1,False,0.0,0.0,0.0,
template,I33:clean,I33,clean,needs,bedroom,0.0,1,True,1.0,1.0,1.0,1.0
template,I33:partial,I33,partial,needs,bedroom,0.0,1,True,1.0,1.0,1.0,1.0
template,I33:wrong_label,I33,wrong_label,needs,bedroom,0.0,1,False,0.0,0.0,0.0,
template,I33:wrong_pick,I33,wrong_pick,needs,bedroom,0.0,1,False,0.0,0.0,0.0,
template,I34:clean,I34,clean,information,bedroom,0.0,1,True,0.0,1.0,1.0,2.0
template,I34:partial,I34,partial,information,bedroom,0.0,1,True,0.0,1.0,1.0,2.0
template,I34:wrong_label,I34,wrong_label,information,bedroom,0.0,1,False,0.0,0.0,0.0,
template,I34:wrong_pick,I34,wrong_pick,information,bedroom,0.0,1,False,0.0,0.0,0.0,
template,I35:clean,I35,clean,information,living room,0.0,1,True,0.0,0.0,0.0,
template,I35:partial,I35,partial,information,living room,0.0,1,True,0.0,0.0,0.0,
template,I35:wrong_label,I35,wrong_label,information,living room,0.0,1,False,0.0,0.0,0.0,
template,I35:wrong_pick,I35,wrong_pick,information,living room,0.0,1,False,0.0,0.0,0.0,
template,I36:clean,I36,clean,information,bedroom,0.0,1,True,1.0,1.0,1.0,1.0
template,I36:partial,I36,partial,information,bedroom,0.0,1,True,1.0,1.0,1.0,1.0
template,I36:wrong_label,I36,wrong_label,information,bedroom,0.0,1,False,0.0,0.0,0.0,
template,I36:wrong_pick,I36,wrong_pick,information,bedroom,0.0,1,False,0.0,0.0,0.0,
template,I37:clean,I37,clean,information,bedroom,0.0,2,True,1.0,1.0,1.0,1.0
template,I37:partial,I37,partial,information,bedroom,0.0,2,True,1.0,1.0,1.0,1.0
template,I37:wrong_label,I37,wrong_label,information,bedroom,0.0,2,True,0.0,1.0,1.0,3.0
template,I37:wrong_pick,I37,wrong_pick,information,bedroom,0.0,2,True,0.0,1.0,1.0,2.0
template,I38:clean,I38,clean,information,living room,0.0,1,True,1.0,1.0,1.0,1.0
template,I38:partial,I38,partial,information,living room,0.0,1,True,1.0,1.0,1.0,1.0
template,I38:wrong_label,I38,wrong_label,information,living room,0.0,1,False,0.0,0.0,0.0,
template,I38:wrong_pick,I38,wrong_pick,information,living room,0.0,1,False,0.0,0.0,0.0,
template,I39:clean,I39,clean,information,bedroom,0.0,1,True,1.0,1.0,1.0,1.0
template,I39:partial,I39,partial,information,bedroom,0.0,1,True,1.0,1.0,1.0,1.0
template,I39:wrong_label,I39,wrong_label,information,bedroom,0.0,1,False,0.0,0.0,0.0,
template,I39:wrong_pick,I39,wrong_pick,information,bedroom,0.0,1,False,0.0,0.0,0.0,
template,I40:clean,I40,clean,information,living room,0.0,1,True,1.0,1.0,1.0,1.0
template,I40:partial,I40,partial,information,living room,0.0,1,True,1.0,1.0,1.0,1.0
template,I40:wrong_label,I40,wrong_label,information,living room,0.0,1,False,0.0,0.0,0.0,
template,I40:wrong_pick,I40,wrong_pick,information,living room,0.0,1,False,0.0,0.0,0.0,
template,I41:clean,I41,clean,information,kitchen,0.0,1,True,1.0,1.0,1.0,1.0
template,I41:partial,I41,partial,information,kitchen,0.0,1,True,1.0,1.0,1.0,1.0
template,I41:wrong_label,I41,wrong_label,information,kitchen,0.0,1,False,0.0,0.0,0.0,
template,I41:wrong_pick,I41,wrong_pick,information,kitchen,0.0,1,False,0.0,0.0,0.0,
template,I42:clean,I42,clean,information,bedroom,0.0,1,True,1.0,1.0,1.0,1.0
template,I42:partial,I42,partial,information,bedroom,0.0,1,True,1.0,1.0,1.0,1.0
template,I42:wrong_label,I42,wrong_label,information,bedroom,0.0,1,False,0.0,0.0,0.0,
template,I42:wrong_pick,I42,wrong_pick,information,bedroom,0.0,1,False,0.0,0.0,0.0,
template,I43:clean,I43,clean,information,dining,0.0,1,True,1.0,1.0,1.0,1.0
template,I43:partial,I43,partial,information,dining,0.0,1,True,1.0,1.0,1.0,1.0
template,I43:wrong_label,I43,wrong_label,information,dining,0.0,1,False,0.0,0.0,0.0,
template,I43:wrong_pick,I43,wrong_pick,information,dining,0.0,1,False,0.0,0.0,0.0,
template,I44:clean,I44,clean,social,bedroom,0.0,1,True,1.0,1.0,1.0,1.0
template,I44:partial,I44,partial,social,bedroom,0.0,1,True,1.0,1.0,1.0,1.0
template,I44:wrong_label,I44,wrong_label,social,bedroom,0.0,1,False,0.0,0.0,0.0,
template,I44:wrong_pick,I44,wrong_pick,social,bedroom,0.0,1,False,0.0,0.0,0.0,
template,I45:clean,I45,clean,social,living room,0.0,1,True,1.0,1.0,1.0,1.0
template,I45:partial,I45,partial,social,living room,0.0,1,True,1.0,1.0,1.0,1.0
template,I45:wrong_label,I45,wrong_label,social,living room,0.0,1,False,0.0,0.0,0.0,
template,I45:wrong_pick,I45,wrong_pick,social,living room,0.0,1,False,0.0,0.0,0.0,
template,I46:clean,I46,clean,social,living room,0.0,1,True,1.0,1.0,1.0,1.0
template,I46:partial,I46,partial,social,living room,0.0,1,True,1.0,1.0,1.0,1.0
template,I46:wrong_label,I46,wrong_label,social,living room,0.0,1,False,0.0,0.0,1.0,5.0
template,I46:wrong_pick,I46,wrong_pick,social,living room,0.0,1,False,0.0,0.0,0.0,
template,I47:clean,I47,clean,social,bedroom,0.0,1,True,0.0,1.0,1.0,2.0
template,I47:partial,I47,partial,social,bedroom,0.0,1,True,0.0,1.0,1.0,2.0
template,I47:wrong_label,I47,wrong_label,social,bedroom,0.0,1,False,0.0,0.0,0.0,
template,I47:wrong_pick,I47,wrong_pick,social,bedroom,0.0,1,False,0.0,0.0,0.0,
template,I48:clean,I48,clean,social,living room,0.0,1,True,0.0,1.0,1.0,2.0
template,I48:partial,I48,partial,social,living room,0.0,1,True,0.0,1.0,1.0,2.0
template,I48:wrong_label,I48,wrong_label,social,living room,0.0,1,False,0.0,0.0,0.0,
template,I48:wrong_pick,I48,wrong_pick,social,living room,0.0,1,False,0.0,0.0,0.0,
template,I49:clean,I49,clean,social,dining,0.0,1,True,1.0,1.0,1.0,1.0
template,I49:partial,I49,partial,social,dining,0.0,1,True,1.0,1.0,1.0,1.0
template,I49:wrong_label,I49,wrong_label,social,dining,0.0,1,False,0.0,0.0,0.0,
template,I49:wrong_pick,I49,wrong_pick,social,dining,0.0,1,False,0.0,0.0,1.0,4.0
template,I50:clean,I50,clean,social,living room,0.0,1,True,1.0,1.0,1.0,1.0
template,I50:partial,I50,partial,social,living room,0.0,1,True,1.0,1.0,1.0,1.0
template,I50:wrong_label,I50,wrong_label,social,living room,0.0,1,False,0.0,0.0,0.0,
template,I50:wrong_pick,I50,wrong_pick,social,living room,0.0,1,False,0.0,0.0,0.0,10.0
template,I51:clean,I51,clean,social,bedroom,0.0,1,True,1.0,1.0,1.0,1.0
template,I51:partial,I51,partial,social,bedroom,0.0,1,True,1.0,1.0,1.0,1.0
template,I51:wrong_label,I51,wrong_label,social,bedroom,0.0,1,False,0.0,0.0,0.0,
template,I51:wrong_pick,I51,wrong_pick,social,bedroom,0.0,1,False,0.0,0.0,0.0,
template,I52:clean,I52,clean,social,living room,0.0,1,True,1.0,1.0,1.0,1.0
template,I52:partial,I52,partial,social,living room,0.0,1,True,1.0,1.0,1.0,1.0
template,I52:wrong_label,I52,wrong_label,social,living room,0.0,1,False,0.0,0.0,0.0,
template,I52:wrong_pick,I52,wrong_pick,social,living room,0.0,1,False,0.0,0.0,0.0,
template,I53:clean,I53,clean,social,bedroom,0.0,1,True,1.0,1.0,1.0,1.0
template,I53:partial,I53,partial,social,bedroom,0.0,1,True,1.0,1.0,1.0,1.0
template,I53:wrong_label,I53,wrong_label,social,bedroom,0.0,1,False,0.0,0.0,0.0,
template,I53:wrong_pick,I53,wrong_pick,social,bedroom,0.0,1,False,0.0,0.0,0.0,
template,I54:clean,I54,clean,etiquette,dining,0.0,1,True,0.0,0.0,0.0,
template,I54:partial,I54,partial,etiquette,dining,0.0,1,True,0.0,0.0,0.0,
template,I54:wrong_label,I54,wrong_label,etiquette,dining,0.0,1,False,0.0,0.0,0.0,
template,I54:wrong_pick,I54,wrong_pick,etiquette,dining,0.0,1,False,0.0,0.0,0.0,
template,I55:clean,I55,clean,etiquette,living room,0.0,3,True,0.0,1.0,1.0,2.0
template,I55:partial,I55,partial,etiquette,living room,0.0,3,True,0.0,1.0,1.0,3.0
template,I55:wrong_label,I55,wrong_label,etiquette,living room,0.0,3,True,1.0,1.0,1.0,1.0
template,I55:wrong_pick,I55,wrong_pick,etiquette,living room,0.0,3,True,1.0,1.0,1.0,1.0
template,I56:clean,I56,clean,etiquette,dining,0.0,1,True,0.0,0.0,1.0,5.0
template,I56:partial,I56,partial,etiquette,dining,0.0,1,True,0.0,0.0,1.0,5.0
template,I56:wrong_label,I56,wrong_label,etiquette,dining,0.0,1,False,0.0,0.0,0.0,
template,I56:wrong_pick,I56,wrong_pick,etiquette,dining,0.0,1,False,0.0,0.0,0.0,
template,I57:clean,I57,clean,etiquette,bedroom,0.0,1,True,1.0,1.0,1.0,1.0
template,I57:partial,I57,partial,etiquette,bedroom,0.0,1,True,1.0,1.0,1.0,1.0
template,I57:wrong_label,I57,wrong_label,etiquette,bedroom,0.0,1,False,0.0,0.0,0.0,
template,I57:wrong_pick,I57,wrong_pick,etiquette,bedroom,0.0,1,False,0.0,0.0,0.0,
template,I58:clean,I58,clean,etiquette,living room,0.0,1,True,0.0,1.0,1.0,2.0
template,I58:partial,I58,partial,etiquette,living room,0.0,1,True,0.0,1.0,1.0,2.0
template,I58:wrong_label,I58,wrong_label,etiquette,living room,0.0,1,False,0.0,0.0,0.0,
template,I58:wrong_pick,I58,wrong_pick,etiquette,living room,0.0,1,False,0.0,0.0,1.0,5.0
template,I59:clean,I59,clean,etiquette,dining,0.0,2,True,0.0,0.0,1.0,4.0
template,I59:partial,I59,partial,etiquette,dining,0.0,2,True,0.0,0.0,0.0,8.0
template,I59:wrong_label,I59,wrong_label,etiquette,dining,0.0,2,True,0.0,0.0,0.0,
template,I59:wrong_pick,I59,wrong_pick,etiquette,dining,0.0,2,True,0.0,0.0,0.0,
template,I60:clean,I60,clean,etiquette,bedroom,0.0,2,True,0.0,1.0,1.0,2.0
template,I60:partial,I60,partial,etiquette,bedroom,0.0,2,True,0.0,1.0,1.0,3.0
template,I60:wrong_label,I60,wrong_label,etiquette,bedroom,0.0,2,True,0.0,1.0,1.0,2.0
template,I60:wrong_pick,I60,wrong_pick,etiquette,bedroom,0.0,2,True,0.0,1.0,1.0,3.0
