method,image_id,room,rank,item,category,status,lenient_correct,status_lvis_only
blip2_caption,5335,bathroom,1,blue,,unverifiable,False,unverifiable
blip2_caption,5335,bathroom,2,bathroom,,unverifiable,False,unverifiable
blip2_caption,5335,bathroom,3,washer,,unverifiable,False,unverifiable
blip2_caption,5335,bathroom,4,dryer,,unverifiable,False,unverifiable
blip2_caption,7574,kitchen,1,kitchen,,unverifiable,False,unverifiable
blip2_caption,7574,kitchen,2,lots of clutter,,unverifiable,False,unverifiable
blip2_caption,7574,kitchen,3,counter,,unverifiable,False,unverifiable
blip2_caption,12873,bathroom,1,young boy,person,correct,True,unverifiable
blip2_caption,12873,bathroom,2,teeth,,unverifiable,False,unverifiable
blip2_caption,12873,bathroom,3,bathroom,,unverifiable,False,unverifiable
blip2_caption,14635,kitchen,1,woman,person,correct,True,unverifiable
blip2_caption,14635,kitchen,2,table,table,unverifiable,False,unverifiable
blip2_caption,14635,kitchen,3,kitchen,,unverifiable,False,unverifiable
blip2_caption,16958,living room,1,fireplace,fireplace,correct,True,correct
blip2_caption,16958,living room,2,room,,unverifiable,False,unverifiable
blip2_caption,17580,kitchen,1,man,person,correct,True,unverifiable
blip2_caption,17580,kitchen,2,kitchen,,unverifiable,False,unverifiable
blip2_caption,23258,dining,1,women,,unverifiable,False,unverifiable
blip2_caption,23258,dining,2,table,table,unverifiable,True,unverifiable
blip2_caption,28903,bathroom,1,black,,unverifiable,False,unverifiable
blip2_caption,28903,bathroom,2,photo of a cat,,unverifiable,False,unverifiable
blip2_caption,28903,bathroom,3,toilet,toilet,correct,True,correct
blip2_caption,29288,living room,1,living room,,unverifiable,False,unverifiable
blip2_caption,29288,living room,2,couch,sofa,correct,True,correct
blip2_caption,29288,living room,3,coffee table,coffee_table,unverifiable,False,unverifiable
blip2_caption,29288,living room,4,fireplace,fireplace,unverifiable,False,unverifiable
blip2_caption,31296,dining,1,group of people,,unverifiable,False,unverifiable
blip2_caption,31296,dining,2,table,table,unverifiable,True,unverifiable
blip2_caption,31296,dining,3,restaurant,,unverifiable,False,unverifiable
blip2_caption,33909,bathroom,1,bathroom,,unverifiable,False,unverifiable
blip2_caption,33909,bathroom,2,toilet,toilet,correct,True,correct
blip2_caption,33909,bathroom,3,bathtub,bathtub,correct,True,correct
blip2_caption,34524,bedroom,1,papers,newspaper,unverifiable,False,unverifiable
blip2_caption,34524,bedroom,2,bed,bed,correct,True,correct
blip2_caption,35664,bedroom,1,bedroom,,unverifiable,False,unverifiable
blip2_caption,35664,bedroom,2,poster bed,bed,correct,True,correct
blip2_caption,36494,dining,1,group of people,,unverifiable,False,unverifiable
blip2_caption,36494,dining,2,tables,table,unverifiable,True,unverifiable
blip2_caption,36494,dining,3,restaurant,,unverifiable,False,unverifiable
blip2_caption,36844,kitchen,1,living room filled,,unverifiable,False,unverifiable
blip2_caption,36844,kitchen,2,furniture,,unverifiable,False,unverifiable
blip2_caption,36844,kitchen,3,television,television_set,unverifiable,False,unverifiable
blip2_caption,36936,living room,1,man,person,correct,True,unverifiable
blip2_caption,36936,living room,2,couch,sofa,correct,True,correct
blip2_caption,36936,living room,3,video game,,unverifiable,False,unverifiable
blip2_caption,43944,dining,1,plate topped,,unverifiable,False,unverifiable
blip2_caption,43944,dining,2,french fries,,unverifiable,False,unverifiable
blip2_caption,43944,dining,3,sandwich,sandwich,correct,True,correct
blip2_caption,45404,bedroom,1,bed,bed,correct,True,correct
blip2_caption,45404,bedroom,2,stuffed animal,,unverifiable,False,unverifiable
blip2_caption,46029,bedroom,1,bed,bed,correct,True,correct
blip2_caption,46029,bedroom,2,comforter,quilt,unverifiable,True,unverifiable
blip2_caption,49984,bathroom,1,bathroom,,unverifiable,False,unverifiable
blip2_caption,49984,bathroom,2,toilet,toilet,correct,True,correct
blip2_caption,49984,bathroom,3,sink,sink,correct,True,unverifiable
blip2_caption,53328,living room,1,men,,unverifiable,False,unverifiable
blip2_caption,53328,living room,2,video game,,unverifiable,False,unverifiable
blip2_caption,53457,bedroom,1,cat,cat,correct,True,correct
blip2_caption,53457,bedroom,2,flat screen tv,television_set,correct,True,correct
blip2_caption,54318,bedroom,1,beds,bed,correct,True,correct
blip2_caption,54318,bedroom,2,hotel room,,unverifiable,False,unverifiable
blip2_caption,61773,kitchen,1,women,,unverifiable,False,unverifiable
blip2_caption,61773,kitchen,2,kitchen,,unverifiable,False,unverifiable
blip2_caption,61773,kitchen,3,cake,cake,correct,True,correct
blip2_caption,61925,bedroom,1,messy bedroom,,unverifiable,False,unverifiable
blip2_caption,61925,bedroom,2,bed,bed,correct,True,correct
blip2_caption,61925,bedroom,3,laptop,laptop_computer,correct,True,correct
blip2_caption,63081,living room,1,living room,,unverifiable,False,unverifiable
blip2_caption,63081,living room,2,lots of windows,,unverifiable,False,unverifiable
blip2_caption,63081,living room,3,couch,sofa,correct,True,correct
blip2_caption,63865,dining,1,pizza,pizza,correct,True,unverifiable
blip2_caption,63865,dining,2,table,table,unverifiable,True,unverifiable
blip2_caption,65884,living room,1,living room filled,,unverifiable,False,unverifiable
blip2_caption,65884,living room,2,furniture,,unverifiable,False,unverifiable
blip2_caption,65884,living room,3,fireplace,fireplace,unverifiable,False,unverifiable
blip2_caption,67647,kitchen,1,view of a kitchen,,unverifiable,False,unverifiable
blip2_caption,67647,kitchen,2,dining room area,,unverifiable,False,unverifiable
blip2_caption,68260,kitchen,1,man,person,correct,True,unverifiable
blip2_caption,68260,kitchen,2,kitchen,,unverifiable,False,unverifiable
blip2_caption,68286,bedroom,1,bed,bed,correct,True,correct
blip2_caption,68286,bedroom,2,pillows,pillow,correct,True,correct
blip2_caption,72961,bedroom,1,men,,unverifiable,False,unverifiable
blip2_caption,72961,bedroom,2,video games,,unverifiable,False,unverifiable
blip2_caption,72961,bedroom,3,bedroom,,unverifiable,False,unverifiable
blip2_caption,73326,kitchen,1,refrigerator door,,unverifiable,False,unverifiable
blip2_caption,73326,kitchen,2,open,,unverifiable,False,unverifiable
blip2_caption,74357,kitchen,1,living room,,unverifiable,False,unverifiable
blip2_caption,74357,kitchen,2,hardwood floors,,unverifiable,False,unverifiable
blip2_caption,74357,kitchen,3,couch,sofa,correct,True,correct
blip2_caption,75110,bedroom,1,bed,bed,correct,True,correct
blip2_caption,75110,bedroom,2,teddy bear,teddy_bear,correct,True,correct
blip2_caption,75811,bathroom,1,bathroom,,unverifiable,False,unverifiable
blip2_caption,75811,bathroom,2,toilet,toilet,correct,True,correct
blip2_caption,75811,bathroom,3,shower,,unverifiable,False,unverifiable
blip2_caption,77177,living room,1,living room,,unverifiable,False,unverifiable
blip2_caption,77177,living room,2,couch,sofa,correct,True,correct
blip2_caption,77177,living room,3,television,television_set,correct,True,correct
blip2_caption,80369,kitchen,1,women,,unverifiable,False,unverifiable
blip2_caption,80369,kitchen,2,children,,unverifiable,False,unverifiable
blip2_caption,80369,kitchen,3,table,table,unverifiable,False,unverifiable
blip2_caption,84680,kitchen,1,person,person,correct,True,unverifiable
blip2_caption,84680,kitchen,2,bee costume,costume,unverifiable,False,unverifiable
blip2_caption,84680,kitchen,3,microwave,microwave_oven,correct,True,correct
blip2_caption,88040,dining,1,table topped,,unverifiable,False,unverifiable
blip2_caption,88040,dining,2,plates of food,plate,unverifiable,False,unverifiable
blip2_caption,98085,dining,1,plate of food,plate,correct,True,correct
blip2_caption,98085,dining,2,table,table,unverifiable,True,unverifiable
blip2_caption,101630,bathroom,1,bathroom counter,,unverifiable,False,unverifiable
blip2_caption,101630,bathroom,2,sink,sink,correct,True,correct
blip2_caption,101630,bathroom,3,mirror,mirror,unverifiable,False,unverifiable
blip2_caption,101816,bathroom,1,woman,person,correct,True,unverifiable
blip2_caption,101816,bathroom,2,bath tub,,unverifiable,False,unverifiable
blip2_caption,101816,bathroom,3,bathroom,,unverifiable,False,unverifiable
blip2_caption,102223,bedroom,1,dog,dog,correct,True,unverifiable
blip2_caption,102223,bedroom,2,bed,bed,correct,True,correct
blip2_caption,102320,bathroom,1,bathroom,,unverifiable,False,unverifiable
blip2_caption,102320,bathroom,2,toilet,toilet,correct,True,correct
blip2_caption,102320,bathroom,3,sink,sink,correct,True,unverifiable
blip2_caption,102320,bathroom,4,bathtub,bathtub,correct,True,correct
blip2_caption,102718,bathroom,1,bathroom,,unverifiable,False,unverifiable
blip2_caption,102718,bathroom,2,bathtub,bathtub,correct,True,correct
blip2_caption,102718,bathroom,3,sinks,sink,correct,True,correct
blip2_caption,102841,bedroom,1,cat,cat,correct,True,unverifiable
blip2_caption,102841,bedroom,2,out from,,unverifiable,False,unverifiable
blip2_caption,102841,bedroom,3,comforter,quilt,unverifiable,True,unverifiable
blip2_caption,103119,kitchen,1,kitchen,,unverifiable,False,unverifiable
blip2_caption,103119,kitchen,2,stove top,,unverifiable,False,unverifiable
blip2_caption,103119,kitchen,3,microwave oven,microwave_oven,correct,True,correct
blip2_caption,106235,living room,1,living room,,unverifiable,False,unverifiable
blip2_caption,106235,living room,2,couch,sofa,correct,True,unverifiable
blip2_caption,106235,living room,3,coffee table,coffee_table,correct,True,correct
blip2_caption,106235,living room,4,lamp,lamp,unverifiable,False,unverifiable
blip2_caption,110884,bathroom,1,bathroom,,unverifiable,False,unverifiable
blip2_caption,110884,bathroom,2,sink,sink,correct,True,correct
blip2_caption,110884,bathroom,3,toilet,toilet,correct,True,correct
blip2_caption,110884,bathroom,4,mirror,mirror,correct,True,correct
blip2_caption,111951,bathroom,1,bathroom,,unverifiable,False,unverifiable
blip2_caption,111951,bathroom,2,sinks,sink,correct,True,correct
blip2_caption,111951,bathroom,3,shower stall,,unverifiable,False,unverifiable
blip2_caption,114108,dining,1,pizza,pizza,correct,True,correct
blip2_caption,114108,dining,2,plate,plate,unverifiable,False,unverifiable
blip2_caption,116479,bedroom,1,bed,bed,correct,True,correct
blip2_caption,116479,bedroom,2,canopy over it,,unverifiable,False,unverifiable
blip2_caption,117089,dining,1,plate topped,,unverifiable,False,unverifiable
blip2_caption,117089,dining,2,french toast,French_toast,correct,True,correct
blip2_caption,117089,dining,3,glass of orange juice,glass_(drink_container),unverifiable,False,unverifiable
blip2_caption,121904,kitchen,1,kitchen,,unverifiable,False,unverifiable
blip2_caption,121904,kitchen,2,cabinets,cabinet,correct,True,correct
blip2_caption,121904,kitchen,3,refrigerator,refrigerator,correct,True,correct
blip2_caption,125955,bathroom,1,bathroom,,unverifiable,False,unverifiable
blip2_caption,125955,bathroom,2,toilet,toilet,correct,True,correct
blip2_caption,125955,bathroom,3,sink,sink,correct,True,correct
blip2_caption,125955,bathroom,4,mirror,mirror,unverifiable,False,unverifiable
blip2_caption,127168,bedroom,1,bed,bed,correct,True,correct
blip2_caption,127168,bedroom,2,room,,unverifiable,False,unverifiable
blip2_caption,127168,bedroom,3,walls,,unverifiable,False,unverifiable
blip2_caption,127168,bedroom,4,window,,unverifiable,False,unverifiable
blip2_caption,127394,dining,1,group of people,,unverifiable,False,unverifiable
blip2_caption,127394,dining,2,around a table,table,unverifiable,True,unverifiable
blip2_caption,127394,dining,3,food,,unverifiable,False,unverifiable
blip2_caption,129322,bathroom,1,bathroom,,unverifiable,False,unverifiable
blip2_caption,129322,bathroom,2,toilet,toilet,correct,True,correct
blip2_caption,129322,bathroom,3,bathtub,bathtub,correct,True,correct
blip2_caption,129980,living room,1,living room filled,,unverifiable,False,unverifiable
blip2_caption,129980,living room,2,furniture,,unverifiable,False,unverifiable
blip2_caption,129980,living room,3,vase of flowers,vase,correct,True,correct
blip2_caption,134907,living room,1,man,person,correct,True,unverifiable
blip2_caption,134907,living room,2,couch,sofa,correct,True,correct
blip2_caption,140487,living room,1,man,person,correct,True,unverifiable
blip2_caption,140487,living room,2,bike,bicycle,correct,True,correct
blip2_caption,140487,living room,3,living room,,unverifiable,False,unverifiable
blip2_caption,140987,dining,1,little girl,person,correct,True,unverifiable
blip2_caption,140987,dining,2,table,table,unverifiable,True,unverifiable
blip2_caption,140987,dining,3,slice of pizza,,unverifiable,False,unverifiable
blip2_caption,141180,bedroom,1,cell phone,cellular_telephone,correct,True,correct
blip2_caption,141180,bedroom,2,headphones,earphone,correct,True,correct
blip2_caption,141180,bedroom,3,laptop,laptop_computer,correct,True,unverifiable
blip2_caption,141180,bedroom,4,bed,bed,correct,True,correct
blip2_caption,141795,bathroom,1,bathroom,,unverifiable,False,unverifiable
blip2_caption,141795,bathroom,2,sink,sink,correct,True,correct
blip2_caption,141795,bathroom,3,toilet,toilet,correct,True,correct
blip2_caption,141795,bathroom,4,mirror,mirror,unverifiable,False,unverifiable
blip2_caption,142240,kitchen,1,woman,person,correct,True,unverifiable
blip2_caption,142240,kitchen,2,turkey,turkey_(food),correct,True,correct
blip2_caption,142240,kitchen,3,oven,oven,correct,True,correct
blip2_caption,142291,living room,1,young boys,person,correct,True,unverifiable
blip2_caption,142291,living room,2,couch,sofa,correct,True,correct
blip2_caption,142291,living room,3,video game,,unverifiable,False,unverifiable
blip2_caption,149184,kitchen,1,kitchen,,unverifiable,False,unverifiable
blip2_caption,149184,kitchen,2,table,table,unverifiable,False,unverifiable
blip2_caption,149184,kitchen,3,chairs,chair,correct,True,unverifiable
blip2_caption,150417,kitchen,1,woman,person,correct,True,unverifiable
blip2_caption,150417,kitchen,2,cake,cake,correct,True,unverifiable
blip2_caption,150417,kitchen,3,candles,candle,unverifiable,False,unverifiable
blip2_caption,150874,bedroom,1,hotel room,,unverifiable,False,unverifiable
blip2_caption,150874,bedroom,2,beds,bed,correct,True,correct
blip2_caption,150874,bedroom,3,view of the ocean,,unverifiable,False,unverifiable
blip2_caption,151414,bedroom,1,cat,cat,correct,True,unverifiable
blip2_caption,151414,bedroom,2,couch,sofa,correct,True,unverifiable
blip2_caption,151414,bedroom,3,living room,,unverifiable,False,unverifiable
blip2_caption,152298,bathroom,1,bathroom,,unverifiable,False,unverifiable
blip2_caption,152298,bathroom,2,toilet,toilet,correct,True,unverifiable
blip2_caption,152298,bathroom,3,sink,sink,correct,True,correct
blip2_caption,154358,living room,1,living room filled,,unverifiable,False,unverifiable
blip2_caption,154358,living room,2,furniture,,unverifiable,False,unverifiable
blip2_caption,154358,living room,3,person,person,correct,True,unverifiable
blip2_caption,154358,living room,4,couch,sofa,wrong,False,unverifiable
blip2_caption,154431,living room,1,television,television_set,correct,True,correct
blip2_caption,154431,living room,2,entertainment center,,unverifiable,False,unverifiable
blip2_caption,154704,dining,1,boy,person,correct,True,unverifiable
blip2_caption,154704,dining,2,table,table,unverifiable,True,unverifiable
blip2_caption,154704,dining,3,plate of food,plate,unverifiable,False,unverifiable
blip2_caption,156643,dining,1,man,person,correct,True,unverifiable
blip2_caption,156643,dining,2,table,table,unverifiable,True,unverifiable
blip2_caption,156643,dining,3,cake,cake,correct,True,correct
blip2_caption,157045,bathroom,1,bathroom,,unverifiable,False,unverifiable
blip2_caption,157045,bathroom,2,sink,sink,correct,True,correct
blip2_caption,157045,bathroom,3,toilet,toilet,correct,True,correct
blip2_caption,157045,bathroom,4,window,,unverifiable,False,unverifiable
blip2_caption,158880,bathroom,1,bathroom,,unverifiable,False,unverifiable
blip2_caption,158880,bathroom,2,toilet,toilet,correct,True,correct
blip2_caption,158880,bathroom,3,paper towel dispenser,dispenser,unverifiable,False,unverifiable
blip2_caption,163589,dining,1,table topped,,unverifiable,False,unverifiable
blip2_caption,163589,dining,2,sandwich,sandwich,correct,True,correct
blip2_caption,163589,dining,3,wine,,unverifiable,False,unverifiable
blip2_caption,164005,bedroom,1,baby,person,correct,True,unverifiable
blip2_caption,164005,bedroom,2,bed,bed,correct,True,correct
blip2_caption,164005,bedroom,3,laptop,laptop_computer,correct,True,correct
blip2_caption,164602,bathroom,1,man,person,correct,True,unverifiable
blip2_caption,164602,bathroom,2,selfie,,unverifiable,False,unverifiable
blip2_caption,164602,bathroom,3,mirror,mirror,unverifiable,False,unverifiable
blip2_caption,166313,bathroom,1,bathroom,,unverifiable,False,unverifiable
blip2_caption,166313,bathroom,2,toilet,toilet,correct,True,correct
blip2_caption,166313,bathroom,3,sink,sink,correct,True,correct
blip2_caption,166313,bathroom,4,bathtub,bathtub,correct,True,correct
blip2_caption,166426,dining,1,table,table,unverifiable,True,unverifiable
blip2_caption,166426,dining,2,plate of food,plate,unverifiable,False,unverifiable
blip2_caption,166426,dining,3,bottle of beer,bottle,correct,True,correct
blip2_caption,166533,kitchen,1,kitchen,,unverifiable,False,unverifiable
blip2_caption,166533,kitchen,2,cabinets,cabinet,correct,True,correct
blip2_caption,166533,kitchen,3,sink,sink,correct,True,unverifiable
blip2_caption,167898,bathroom,1,bathroom,,unverifiable,False,unverifiable
blip2_caption,167898,bathroom,2,toilet,toilet,correct,True,correct
blip2_caption,167898,bathroom,3,sink,sink,correct,True,unverifiable
blip2_caption,167898,bathroom,4,bathtub,bathtub,correct,True,correct
blip2_caption,170191,bedroom,1,man,person,correct,True,unverifiable
blip2_caption,170191,bedroom,2,leopard print robe,robe,unverifiable,False,unverifiable
blip2_caption,170191,bedroom,3,bed,bed,correct,True,correct
blip2_caption,170529,bedroom,1,wheelchair,wheelchair,correct,True,correct
blip2_caption,170529,bedroom,2,floor,,unverifiable,False,unverifiable
blip2_caption,170529,bedroom,3,mirror,mirror,unverifiable,False,unverifiable
blip2_caption,171740,living room,1,living room,,unverifiable,False,unverifiable
blip2_caption,171740,living room,2,couch,sofa,correct,True,correct
blip2_caption,171740,living room,3,lamp,lamp,correct,True,correct
blip2_caption,173968,bathroom,1,bathroom,,unverifiable,False,unverifiable
blip2_caption,173968,bathroom,2,rug,,unverifiable,False,unverifiable
blip2_caption,173968,bathroom,3,toilet,toilet,correct,True,correct
blip2_caption,174964,bedroom,1,bedroom,,unverifiable,False,unverifiable
blip2_caption,174964,bedroom,2,bed,bed,correct,True,correct
blip2_caption,174964,bedroom,3,dresser,dresser,unverifiable,False,unverifiable
blip2_caption,174964,bedroom,4,windows,,unverifiable,False,unverifiable
blip2_caption,175364,kitchen,1,kitchen,,unverifiable,False,unverifiable
blip2_caption,175364,kitchen,2,stainless steel appliances,,unverifiable,False,unverifiable
blip2_caption,175364,kitchen,3,table,table,unverifiable,False,unverifiable
blip2_caption,177824,living room,1,bedroom,,unverifiable,False,unverifiable
blip2_caption,177824,living room,2,bed,bed,correct,True,unverifiable
blip2_caption,177824,living room,3,desk,desk,unverifiable,False,unverifiable
blip2_caption,178504,bedroom,1,baby,person,correct,True,unverifiable
blip2_caption,178504,bedroom,2,bed,bed,correct,True,correct
blip2_caption,178504,bedroom,3,van,,unverifiable,False,unverifiable
blip2_caption,178690,living room,1,living room,,unverifiable,False,unverifiable
blip2_caption,178690,living room,2,chair,chair,correct,True,unverifiable
blip2_caption,178690,living room,3,bookcase,bookcase,unverifiable,False,unverifiable
blip2_caption,180908,bedroom,1,hotel room,,unverifiable,False,unverifiable
blip2_caption,180908,bedroom,2,bed,bed,correct,True,correct
blip2_caption,180908,bedroom,3,chair,chair,wrong,False,unverifiable
blip2_caption,185633,bathroom,1,bathroom,,unverifiable,False,unverifiable
blip2_caption,185633,bathroom,2,sink,sink,correct,True,correct
blip2_caption,185633,bathroom,3,bathtub,bathtub,correct,True,correct
blip2_caption,185633,bathroom,4,toilet,toilet,wrong,False,unverifiable
blip2_caption,187243,bathroom,1,person,person,correct,True,unverifiable
blip2_caption,187243,bathroom,2,floor,,unverifiable,False,unverifiable
blip2_caption,187243,bathroom,3,bathroom,,unverifiable,False,unverifiable
blip2_caption,189045,bedroom,1,bed that,,unverifiable,False,unverifiable
blip2_caption,189045,bedroom,2,made up,,unverifiable,False,unverifiable
blip2_caption,189045,bedroom,3,pillows,pillow,unverifiable,False,unverifiable
blip2_caption,189045,bedroom,4,blankets,blanket,correct,True,correct
blip2_caption,191997,kitchen,1,refrigerator,refrigerator,correct,True,correct
blip2_caption,191997,kitchen,2,kitchen,,unverifiable,False,unverifiable
blip2_caption,193047,kitchen,1,man,person,correct,True,unverifiable
blip2_caption,193047,kitchen,2,hazmat suit,suit_(clothing),unverifiable,False,unverifiable
blip2_caption,193047,kitchen,3,wall,,unverifiable,False,unverifiable
blip2_caption,194724,kitchen,1,pizza,pizza,correct,True,correct
blip2_caption,194724,kitchen,2,brown plate,plate,correct,True,correct
blip2_caption,195754,living room,1,living room,,unverifiable,False,unverifiable
blip2_caption,195754,living room,2,couches,sofa,correct,True,correct
blip2_caption,195754,living room,3,fireplace,fireplace,correct,True,correct
blip2_caption,199502,bedroom,1,hotel room,,unverifiable,False,unverifiable
blip2_caption,199502,bedroom,2,bed,bed,correct,True,correct
blip2_caption,199502,bedroom,3,chair,chair,correct,True,correct
blip2_caption,199502,bedroom,4,lamp,lamp,correct,True,correct
blip2_caption,200548,bathroom,1,bathroom,,unverifiable,False,unverifiable
blip2_caption,200548,bathroom,2,toilet,toilet,correct,True,correct
blip2_caption,200548,bathroom,3,sink,sink,correct,True,unverifiable
blip2_caption,200548,bathroom,4,bathtub,bathtub,correct,True,correct
blip2_caption,200952,bedroom,1,living room,,unverifiable,False,unverifiable
blip2_caption,200952,bedroom,2,couch,sofa,correct,True,unverifiable
blip2_caption,200952,bedroom,3,chair,chair,correct,True,unverifiable
blip2_caption,200952,bedroom,4,tv,television_set,correct,True,correct
blip2_caption,200952,bedroom,5,luggage,suitcase,correct,True,correct
blip2_caption,204661,living room,1,person,person,correct,True,unverifiable
blip2_caption,204661,living room,2,flip phone,cellular_telephone,correct,True,correct
blip2_caption,204661,living room,3,map,map,unverifiable,False,unverifiable
blip2_caption,205514,living room,1,living room,,unverifiable,False,unverifiable
blip2_caption,205514,living room,2,furniture,,unverifiable,False,unverifiable
blip2_caption,205514,living room,3,flat screen tv,television_set,correct,True,correct
blip2_caption,206395,living room,1,living room,,unverifiable,False,unverifiable
blip2_caption,206395,living room,2,television,television_set,correct,True,correct
blip2_caption,206395,living room,3,lot of clutter,,unverifiable,False,unverifiable
blip2_caption,208778,bedroom,1,man,person,correct,True,unverifiable
blip2_caption,208778,bedroom,2,hospital bed,bed,correct,True,correct
blip2_caption,209802,bathroom,1,bathroom,,unverifiable,False,unverifiable
blip2_caption,209802,bathroom,2,toilet,toilet,correct,True,correct
blip2_caption,209802,bathroom,3,sink,sink,correct,True,unverifiable
blip2_caption,209802,bathroom,4,shower,,unverifiable,False,unverifiable
blip2_caption,210612,bedroom,1,bedroom,,unverifiable,False,unverifiable
blip2_caption,210612,bedroom,2,bed,bed,correct,True,correct
blip2_caption,210612,bedroom,3,dresser,dresser,unverifiable,False,unverifiable
blip2_caption,210612,bedroom,4,mirror,mirror,correct,True,correct
blip2_caption,215746,dining,1,basket of food,basket,correct,True,correct
blip2_caption,215746,dining,2,table,table,unverifiable,True,unverifiable
blip2_caption,217546,living room,1,group of people,,unverifiable,False,unverifiable
blip2_caption,217546,living room,2,couches,sofa,correct,True,correct
blip2_caption,217546,living room,3,living room,,unverifiable,False,unverifiable
blip2_caption,218091,bedroom,1,hotel room,,unverifiable,False,unverifiable
blip2_caption,218091,bedroom,2,bed,bed,correct,True,correct
blip2_caption,218091,bedroom,3,desk,desk,correct,True,correct
blip2_caption,218091,bedroom,4,chair,chair,correct,True,unverifiable
blip2_caption,222625,living room,1,young boy,person,correct,True,unverifiable
blip2_caption,222625,living room,2,table,table,unverifiable,False,unverifiable
blip2_caption,222625,living room,3,plate,plate,unverifiable,False,unverifiable
blip2_caption,222625,living room,4,him,,unverifiable,False,unverifiable
blip2_caption,223500,kitchen,1,kitchen,,unverifiable,False,unverifiable
blip2_caption,223500,kitchen,2,sink,sink,correct,True,unverifiable
blip2_caption,223500,kitchen,3,window,,unverifiable,False,unverifiable
blip2_caption,224367,bedroom,1,black,,unverifiable,False,unverifiable
blip2_caption,224367,bedroom,2,cats,cat,correct,True,correct
blip2_caption,224367,bedroom,3,bed,bed,correct,True,correct
blip2_caption,226329,living room,1,living room,,unverifiable,False,unverifiable
blip2_caption,226329,living room,2,walls,,unverifiable,False,unverifiable
blip2_caption,226329,living room,3,fireplace,fireplace,correct,True,correct
blip2_caption,227985,dining,1,plate topped,,unverifiable,False,unverifiable
blip2_caption,227985,dining,2,sandwich,sandwich,correct,True,correct
blip2_caption,227985,dining,3,tomato,tomato,correct,True,correct
blip2_caption,232088,living room,1,living room,,unverifiable,False,unverifiable
blip2_caption,232088,living room,2,couch,sofa,correct,True,unverifiable
blip2_caption,232088,living room,3,television,television_set,correct,True,correct
blip2_caption,232649,bathroom,1,woman,person,correct,True,unverifiable
blip2_caption,232649,bathroom,2,picture of herself,,unverifiable,False,unverifiable
blip2_caption,232649,bathroom,3,bathroom,,unverifiable,False,unverifiable
blip2_caption,234779,dining,1,couple of sandwiches,,unverifiable,False,unverifiable
blip2_caption,234779,dining,2,plate,plate,correct,True,correct
blip2_caption,238154,bedroom,1,unmade bed,bed,correct,True,correct
blip2_caption,238154,bedroom,2,room,,unverifiable,False,unverifiable
blip2_caption,239013,living room,1,living room,,unverifiable,False,unverifiable
blip2_caption,239013,living room,2,couches,sofa,correct,True,correct
blip2_caption,239013,living room,3,table,table,unverifiable,True,unverifiable
blip2_caption,240043,kitchen,1,man,person,correct,True,unverifiable
blip2_caption,240043,kitchen,2,refrigerator,refrigerator,correct,True,correct
blip2_caption,240965,dining,1,broccoli,broccoli,correct,True,correct
blip2_caption,240965,dining,2,eggs,egg,correct,True,correct
blip2_caption,240965,dining,3,plate,plate,unverifiable,False,unverifiable
blip2_caption,240965,dining,4,fork,fork,correct,True,correct
blip2_caption,242296,living room,1,living room,,unverifiable,False,unverifiable
blip2_caption,242296,living room,2,couches,sofa,correct,True,correct
blip2_caption,242296,living room,3,table,table,unverifiable,False,unverifiable
blip2_caption,242610,bedroom,1,man,person,correct,True,unverifiable
blip2_caption,242610,bedroom,2,beds,bed,correct,True,correct
blip2_caption,242610,bedroom,3,dorm room,,unverifiable,False,unverifiable
blip2_caption,245230,kitchen,1,kitchen,,unverifiable,False,unverifiable
blip2_caption,245230,kitchen,2,table,table,unverifiable,False,unverifiable
blip2_caption,245230,kitchen,3,chairs,chair,correct,True,unverifiable
blip2_caption,247839,dining,1,group of people,,unverifiable,False,unverifiable
blip2_caption,247839,dining,2,table,table,unverifiable,True,unverifiable
blip2_caption,247839,dining,3,wine glasses,wineglass,correct,True,correct
blip2_caption,252127,bedroom,1,cat,cat,correct,True,correct
blip2_caption,252127,bedroom,2,itself,,unverifiable,False,unverifiable
blip2_caption,252127,bedroom,3,mirror,mirror,correct,True,correct
blip2_caption,255654,bathroom,1,bathroom,,unverifiable,False,unverifiable
blip2_caption,255654,bathroom,2,toilet,toilet,correct,True,correct
blip2_caption,255654,bathroom,3,sink,sink,wrong,False,unverifiable
blip2_caption,256518,dining,1,plate,plate,unverifiable,False,unverifiable
blip2_caption,256518,dining,2,food,,unverifiable,False,unverifiable
blip2_caption,257370,living room,1,men,,unverifiable,False,unverifiable
blip2_caption,257370,living room,2,video game,,unverifiable,False,unverifiable
blip2_caption,257660,bathroom,1,toilet,toilet,correct,True,correct
blip2_caption,257660,bathroom,2,bath tub,,unverifiable,False,unverifiable
blip2_caption,257773,kitchen,1,woman,person,correct,True,unverifiable
blip2_caption,257773,kitchen,2,food,,unverifiable,False,unverifiable
blip2_caption,257773,kitchen,3,kitchen,,unverifiable,False,unverifiable
blip2_caption,260721,living room,1,living room,,unverifiable,False,unverifiable
blip2_caption,260721,living room,2,fireplace,fireplace,correct,True,correct
blip2_caption,260721,living room,3,couch,sofa,correct,True,correct
blip2_caption,264347,kitchen,1,long narrow kitchen,,unverifiable,False,unverifiable
blip2_caption,264347,kitchen,2,cabinets,cabinet,unverifiable,False,unverifiable
blip2_caption,264347,kitchen,3,counter tops,,unverifiable,False,unverifiable
blip2_caption,266422,living room,1,living room,,unverifiable,False,unverifiable
blip2_caption,266422,living room,2,couch,sofa,correct,True,unverifiable
blip2_caption,266422,living room,3,chair,chair,correct,True,correct
blip2_caption,266422,living room,4,table,table,unverifiable,True,unverifiable
blip2_caption,268213,kitchen,1,kitchen,,unverifiable,False,unverifiable
blip2_caption,268213,kitchen,2,cabinets,cabinet,correct,True,correct
blip2_caption,268213,kitchen,3,refrigerator,refrigerator,correct,True,correct
blip2_caption,268378,dining,1,group of people,,unverifiable,False,unverifiable
blip2_caption,268378,dining,2,table,table,unverifiable,True,unverifiable
blip2_caption,271167,bathroom,1,naked baby,person,correct,True,unverifiable
blip2_caption,271167,bathroom,2,bathtub,bathtub,correct,True,correct
blip2_caption,271728,living room,1,cat,cat,correct,True,correct
blip2_caption,271728,living room,2,couch,sofa,correct,True,correct
blip2_caption,271728,living room,3,living room,,unverifiable,False,unverifiable
blip2_caption,272203,bedroom,1,bed,bed,correct,True,correct
blip2_caption,272203,bedroom,2,red,,unverifiable,False,unverifiable
blip2_caption,272203,bedroom,3,orange comforter,quilt,unverifiable,True,unverifiable
blip2_caption,272203,bedroom,4,bedroom,,unverifiable,False,unverifiable
blip2_caption,274352,dining,1,group of women,,unverifiable,False,unverifiable
blip2_caption,274352,dining,2,table,table,unverifiable,True,unverifiable
blip2_caption,275374,bedroom,1,couple of people,,unverifiable,False,unverifiable
blip2_caption,275374,bedroom,2,bed,bed,correct,True,correct
blip2_caption,275374,bedroom,3,train,train_(railroad_vehicle),wrong,False,unverifiable
blip2_caption,277507,bedroom,1,sheets,,unverifiable,False,unverifiable
blip2_caption,277507,bedroom,2,bed,bed,correct,True,correct
blip2_caption,283717,kitchen,1,microwave oven,microwave_oven,correct,True,correct
blip2_caption,283717,kitchen,2,table,table,unverifiable,False,unverifiable
blip2_caption,285400,dining,1,plate,plate,correct,True,correct
blip2_caption,285400,dining,2,food,,unverifiable,False,unverifiable
blip2_caption,290771,living room,1,living room filled,,unverifiable,False,unverifiable
blip2_caption,290771,living room,2,furniture,,unverifiable,False,unverifiable
blip2_caption,290771,living room,3,window,,unverifiable,False,unverifiable
blip2_caption,293390,bathroom,1,bathroom,,unverifiable,False,unverifiable
blip2_caption,293390,bathroom,2,sink,sink,correct,True,correct
blip2_caption,293390,bathroom,3,mirror,mirror,unverifiable,False,unverifiable
blip2_caption,296205,living room,1,woman,person,correct,True,unverifiable
blip2_caption,296205,living room,2,couch,sofa,correct,True,correct
blip2_caption,296205,living room,3,husky dog,dog,correct,True,correct
blip2_caption,297353,bedroom,1,man,person,correct,True,unverifiable
blip2_caption,297353,bedroom,2,guitar,guitar,correct,True,correct
blip2_caption,297353,bedroom,3,bed,bed,correct,True,correct
blip2_caption,299632,bedroom,1,bed,bed,correct,True,correct
blip2_caption,299632,bedroom,2,blanket,blanket,unverifiable,True,unverifiable
blip2_caption,299632,bedroom,3,pair of leather pants,,unverifiable,False,unverifiable
blip2_caption,300882,bedroom,1,bedroom,,unverifiable,False,unverifiable
blip2_caption,300882,bedroom,2,canopy bed,bed,correct,True,correct
blip2_caption,300882,bedroom,3,dresser,dresser,unverifiable,False,unverifiable
blip2_caption,302680,living room,1,living room,,unverifiable,False,unverifiable
blip2_caption,302680,living room,2,couches,sofa,correct,True,correct
blip2_caption,302680,living room,3,table,table,correct,True,correct
blip2_caption,302680,living room,4,chandelier,chandelier,correct,True,correct
blip2_caption,303002,bathroom,1,bathroom,,unverifiable,False,unverifiable
blip2_caption,303002,bathroom,2,toilet,toilet,correct,True,correct
blip2_caption,303002,bathroom,3,sink,sink,correct,True,unverifiable
blip2_caption,304827,kitchen,1,kitchen,,unverifiable,False,unverifiable
blip2_caption,304827,kitchen,2,cabinets,cabinet,unverifiable,False,unverifiable
blip2_caption,304827,kitchen,3,refrigerator,refrigerator,correct,True,correct
blip2_caption,306733,bathroom,1,bathroom,,unverifiable,False,unverifiable
blip2_caption,306733,bathroom,2,shower,,unverifiable,False,unverifiable
blip2_caption,306733,bathroom,3,sink,sink,correct,True,unverifiable
blip2_caption,308507,kitchen,1,kitchen,,unverifiable,False,unverifiable
blip2_caption,308507,kitchen,2,table,table,unverifiable,False,unverifiable
blip2_caption,308507,kitchen,3,chairs,chair,correct,True,unverifiable
blip2_caption,309060,kitchen,1,kitchen,,unverifiable,False,unverifiable
blip2_caption,309060,kitchen,2,stove,stove,correct,True,correct
blip2_caption,309060,kitchen,3,oven,oven,correct,True,unverifiable
blip2_caption,309060,kitchen,4,washing machine,automatic_washer,unverifiable,False,unverifiable
blip2_caption,309553,bedroom,1,laptop computer,laptop_computer,correct,True,correct
blip2_caption,309553,bedroom,2,bed,bed,correct,True,correct
blip2_caption,309553,bedroom,3,bedroom,,unverifiable,False,unverifiable
blip2_caption,311868,bathroom,1,bathroom,,unverifiable,False,unverifiable
blip2_caption,311868,bathroom,2,sink,sink,correct,True,correct
blip2_caption,311868,bathroom,3,toilet,toilet,correct,True,unverifiable
blip2_caption,311868,bathroom,4,bathtub,bathtub,correct,True,correct
blip2_caption,313130,kitchen,1,refrigerator,refrigerator,correct,True,correct
blip2_caption,313130,kitchen,2,microwave,microwave_oven,correct,True,correct
blip2_caption,313130,kitchen,3,kitchen,,unverifiable,False,unverifiable
blip2_caption,315256,bedroom,1,bedroom,,unverifiable,False,unverifiable
blip2_caption,315256,bedroom,2,bed,bed,correct,True,correct
blip2_caption,315256,bedroom,3,painting,painting,correct,True,correct
blip2_caption,315256,bedroom,4,wall,,unverifiable,False,unverifiable
blip2_caption,315641,kitchen,1,older woman,person,correct,True,unverifiable
blip2_caption,315641,kitchen,2,donuts,doughnut,correct,True,correct
blip2_caption,315641,kitchen,3,kitchen,,unverifiable,False,unverifiable
blip2_caption,319935,bedroom,1,living room,,unverifiable,False,unverifiable
blip2_caption,319935,bedroom,2,bed,bed,correct,True,correct
blip2_caption,319935,bedroom,3,couch,sofa,correct,True,unverifiable
blip2_caption,325078,bathroom,1,bathroom,,unverifiable,False,unverifiable
blip2_caption,325078,bathroom,2,toilet,toilet,correct,True,correct
blip2_caption,325078,bathroom,3,sink,sink,correct,True,correct
blip2_caption,325078,bathroom,4,shower curtain,shower_curtain,correct,True,correct
blip2_caption,329455,dining,1,pepperoni pizza,pizza,correct,True,correct
blip2_caption,329455,dining,2,table,table,unverifiable,True,unverifiable
blip2_caption,341741,bedroom,1,bed,bed,correct,True,correct
blip2_caption,341741,bedroom,2,laptop,laptop_computer,correct,True,correct
blip2_caption,341741,bedroom,3,comforter,quilt,unverifiable,False,unverifiable
blip2_caption,343662,bedroom,1,cat,cat,correct,True,correct
blip2_caption,343662,bedroom,2,bed,bed,correct,True,correct
blip2_caption,348708,dining,1,banana,banana,correct,True,correct
blip2_caption,348708,dining,2,bowl of peanuts,bowl,correct,True,correct
blip2_caption,348708,dining,3,table,table,unverifiable,True,unverifiable
blip2_caption,350230,kitchen,1,kitchen,,unverifiable,False,unverifiable
blip2_caption,350230,kitchen,2,cabinets,cabinet,correct,True,correct
blip2_caption,350230,kitchen,3,stove top oven,oven,correct,True,unverifiable
blip2_caption,355430,dining,1,table,table,unverifiable,True,unverifiable
blip2_caption,355430,dining,2,plate of pancakes,plate,unverifiable,False,unverifiable
blip2_caption,355430,dining,3,bottle of syrup,bottle,correct,True,unverifiable
blip2_caption,358465,bedroom,1,dog,dog,correct,True,correct
blip2_caption,358465,bedroom,2,bed,bed,correct,True,correct
blip2_caption,358525,bedroom,1,little boy,person,correct,True,unverifiable
blip2_caption,358525,bedroom,2,laptop,laptop_computer,correct,True,correct
blip2_caption,362278,bathroom,1,bathroom,,unverifiable,False,unverifiable
blip2_caption,362278,bathroom,2,shower,,unverifiable,False,unverifiable
blip2_caption,362278,bathroom,3,toilet,toilet,correct,True,correct
blip2_caption,362278,bathroom,4,sink,sink,correct,True,correct
blip2_caption,367386,living room,1,living room,,unverifiable,False,unverifiable
blip2_caption,367386,living room,2,couch,sofa,correct,True,correct
blip2_caption,367386,living room,3,coffee table,coffee_table,unverifiable,True,unverifiable
blip2_caption,367569,living room,1,living room,,unverifiable,False,unverifiable
blip2_caption,367569,living room,2,piano,piano,correct,True,correct
blip2_caption,367569,living room,3,fireplace,fireplace,correct,True,correct
blip2_caption,368349,bathroom,1,bathroom,,unverifiable,False,unverifiable
blip2_caption,368349,bathroom,2,toilet,toilet,correct,True,correct
blip2_caption,368349,bathroom,3,sink,sink,correct,True,correct
blip2_caption,368349,bathroom,4,towel rack,towel_rack,correct,True,correct
blip2_caption,369373,living room,1,men,,unverifiable,False,unverifiable
blip2_caption,369373,living room,2,video game,,unverifiable,False,unverifiable
blip2_caption,369373,living room,3,living room,,unverifiable,False,unverifiable
blip2_caption,370818,bathroom,1,bathroom,,unverifiable,False,unverifiable
blip2_caption,370818,bathroom,2,sink,sink,correct,True,unverifiable
blip2_caption,370818,bathroom,3,tub,,unverifiable,False,unverifiable
blip2_caption,370818,bathroom,4,cabinet,cabinet,correct,True,correct
blip2_caption,374628,kitchen,1,kitchen,,unverifiable,False,unverifiable
blip2_caption,374628,kitchen,2,table,table,unverifiable,True,unverifiable
blip2_caption,374628,kitchen,3,chairs,chair,correct,True,unverifiable
blip2_caption,375878,bathroom,1,bathroom,,unverifiable,False,unverifiable
blip2_caption,375878,bathroom,2,pink bathtub,bathtub,correct,True,correct
blip2_caption,375878,bathroom,3,toilet,toilet,correct,True,correct
blip2_caption,381330,kitchen,1,little girl,person,correct,True,unverifiable
blip2_caption,381330,kitchen,2,banana,banana,correct,True,correct
blip2_caption,381330,kitchen,3,kitchen,,unverifiable,False,unverifiable
blip2_caption,381605,living room,1,cat,cat,correct,True,correct
blip2_caption,381605,living room,2,couch,sofa,correct,True,correct
blip2_caption,381605,living room,3,dog,dog,correct,True,correct
blip2_caption,383549,living room,1,living room,,unverifiable,False,unverifiable
blip2_caption,383549,living room,2,television,television_set,correct,True,correct
blip2_caption,383549,living room,3,couch,sofa,correct,True,correct
blip2_caption,386799,bathroom,1,bathroom,,unverifiable,False,unverifiable
blip2_caption,386799,bathroom,2,sink,sink,correct,True,correct
blip2_caption,386799,bathroom,3,tub,,unverifiable,False,unverifiable
blip2_caption,386799,bathroom,4,window,,unverifiable,False,unverifiable
blip2_caption,395259,bedroom,1,messy room,,unverifiable,False,unverifiable
blip2_caption,395259,bedroom,2,bed,bed,correct,True,correct
blip2_caption,395259,bedroom,3,luggage,suitcase,correct,True,unverifiable
blip2_caption,395259,bedroom,4,water bottles,water_bottle,unverifiable,True,unverifiable
blip2_caption,395701,living room,1,living room,,unverifiable,False,unverifiable
blip2_caption,395701,living room,2,orange walls,,unverifiable,False,unverifiable
blip2_caption,395701,living room,3,chair,chair,correct,True,unverifiable
blip2_caption,396526,dining,1,dining room,,unverifiable,False,unverifiable
blip2_caption,396526,dining,2,table,table,unverifiable,True,unverifiable
blip2_caption,396526,dining,3,chairs,chair,correct,True,unverifiable
blip2_caption,396526,dining,4,window,,unverifiable,False,unverifiable
blip2_caption,396691,kitchen,1,women,,unverifiable,False,unverifiable
blip2_caption,396691,kitchen,2,microwave,microwave_oven,correct,True,correct
blip2_caption,397354,kitchen,1,group of people,,unverifiable,False,unverifiable
blip2_caption,397354,kitchen,2,kitchen,,unverifiable,False,unverifiable
blip2_caption,401060,bedroom,1,orange cat,cat,correct,True,unverifiable
blip2_caption,401060,bedroom,2,bed,bed,correct,True,correct
blip2_caption,403114,bathroom,1,bathroom,,unverifiable,False,unverifiable
blip2_caption,403114,bathroom,2,sink,sink,correct,True,correct
blip2_caption,403114,bathroom,3,toilet,toilet,correct,True,correct
blip2_caption,403114,bathroom,4,shower,,unverifiable,False,unverifiable
blip2_caption,404678,dining,1,group of people,,unverifiable,False,unverifiable
blip2_caption,404678,dining,2,table,table,unverifiable,True,unverifiable
blip2_caption,404678,dining,3,restaurant,,unverifiable,False,unverifiable
blip2_caption,407685,living room,1,group of people,,unverifiable,False,unverifiable
blip2_caption,407685,living room,2,couch,sofa,correct,True,unverifiable
blip2_caption,407685,living room,3,dog,dog,correct,True,unverifiable
blip2_caption,408192,living room,1,living room,,unverifiable,False,unverifiable
blip2_caption,408192,living room,2,furniture,,unverifiable,False,unverifiable
blip2_caption,408192,living room,3,fireplace,fireplace,correct,True,correct
blip2_caption,410144,kitchen,1,man,person,correct,True,unverifiable
blip2_caption,410144,kitchen,2,pizza,pizza,correct,True,correct
blip2_caption,411685,bathroom,1,bathroom,,unverifiable,False,unverifiable
blip2_caption,415646,bedroom,1,room,,unverifiable,False,unverifiable
blip2_caption,415646,bedroom,2,bed,bed,correct,True,correct
blip2_caption,415646,bedroom,3,dresser,dresser,unverifiable,False,unverifiable
blip2_caption,416575,bedroom,1,person,person,correct,True,unverifiable
blip2_caption,416575,bedroom,2,bed reading a book,book,correct,True,correct
blip2_caption,416575,bedroom,3,dark,,unverifiable,False,unverifiable
blip2_caption,422350,kitchen,1,kitchen,,unverifiable,False,unverifiable
blip2_caption,422350,kitchen,2,washer,,unverifiable,False,unverifiable
blip2_caption,422350,kitchen,3,dryer,,unverifiable,False,unverifiable
blip2_caption,422654,kitchen,1,kitchen table,kitchen_table,correct,True,correct
blip2_caption,422654,kitchen,2,chairs,chair,correct,True,unverifiable
blip2_caption,422654,kitchen,3,room,,unverifiable,False,unverifiable
blip2_caption,427040,bedroom,1,girls,person,correct,True,unverifiable
blip2_caption,427040,bedroom,2,bed,bed,correct,True,correct
blip2_caption,427040,bedroom,3,laptops,laptop_computer,correct,True,unverifiable
blip2_caption,431154,bedroom,1,stuffed animals,,unverifiable,False,unverifiable
blip2_caption,431154,bedroom,2,bed,bed,correct,True,correct
blip2_caption,431154,bedroom,3,bedroom,,unverifiable,False,unverifiable
blip2_caption,434098,bathroom,1,bathroom,,unverifiable,False,unverifiable
blip2_caption,434098,bathroom,2,toilet,toilet,correct,True,correct
blip2_caption,434098,bathroom,3,sink,sink,correct,True,unverifiable
blip2_caption,434098,bathroom,4,pictures,,unverifiable,False,unverifiable
blip2_caption,434098,bathroom,5,wall,,unverifiable,False,unverifiable
blip2_caption,437898,kitchen,1,kitchen,,unverifiable,False,unverifiable
blip2_caption,437898,kitchen,2,refrigerator,refrigerator,correct,True,correct
blip2_caption,437898,kitchen,3,stove,stove,correct,True,correct
blip2_caption,437898,kitchen,4,sink,sink,correct,True,unverifiable
blip2_caption,438314,bedroom,1,bed,bed,correct,True,correct
blip2_caption,438314,bedroom,2,pillows,pillow,correct,True,correct
blip2_caption,439689,living room,1,living room,,unverifiable,False,unverifiable
blip2_caption,439689,living room,2,couch,sofa,correct,True,correct
blip2_caption,439689,living room,3,coffee table,coffee_table,correct,True,correct
blip2_caption,439689,living room,4,window,,unverifiable,False,unverifiable
blip2_caption,445306,kitchen,1,microwave oven,microwave_oven,correct,True,correct
blip2_caption,445306,kitchen,2,food,,unverifiable,False,unverifiable
blip2_caption,445658,kitchen,1,kitchen,,unverifiable,False,unverifiable
blip2_caption,445658,kitchen,2,refrigerator,refrigerator,correct,True,correct
blip2_caption,445658,kitchen,3,stove,stove,correct,True,correct
blip2_caption,445658,kitchen,4,microwave,microwave_oven,correct,True,correct
blip2_caption,448795,kitchen,1,rental homes for rent,,unverifiable,False,unverifiable
blip2_caption,448795,kitchen,2,listingid,,unverifiable,False,unverifiable
blip2_caption,448795,kitchen,3,nj,,unverifiable,False,unverifiable
blip2_caption,453302,kitchen,1,kitchen,,unverifiable,False,unverifiable
blip2_caption,453302,kitchen,2,refrigerator,refrigerator,correct,True,correct
blip2_caption,453302,kitchen,3,microwave,microwave_oven,correct,True,correct
blip2_caption,453302,kitchen,4,stove,stove,unverifiable,False,unverifiable
blip2_caption,453341,living room,1,living room,,unverifiable,False,unverifiable
blip2_caption,453341,living room,2,couch,sofa,correct,True,correct
blip2_caption,453341,living room,3,mirror,mirror,correct,True,correct
blip2_caption,455301,bedroom,1,man,person,correct,True,unverifiable
blip2_caption,455301,bedroom,2,bed,bed,correct,True,correct
blip2_caption,458410,living room,1,living room,,unverifiable,False,unverifiable
blip2_caption,458410,living room,2,couch,sofa,correct,True,unverifiable
blip2_caption,458410,living room,3,coffee table,coffee_table,correct,True,correct
blip2_caption,458410,living room,4,lamps,lamp,unverifiable,False,unverifiable
blip2_caption,460494,dining,1,plate of food,plate,correct,True,correct
blip2_caption,460494,dining,2,table,table,unverifiable,True,unverifiable
blip2_caption,461172,dining,1,bowl filled,,unverifiable,False,unverifiable
blip2_caption,461172,dining,2,fruit,,unverifiable,False,unverifiable
blip2_caption,461172,dining,3,vegetables,,unverifiable,False,unverifiable
blip2_caption,466256,dining,1,plate of food,plate,correct,True,correct
blip2_caption,466256,dining,2,table,table,unverifiable,True,unverifiable
blip2_caption,466256,dining,3,fork,fork,correct,True,correct
blip2_caption,466256,dining,4,knife,knife,unverifiable,False,unverifiable
blip2_caption,467315,dining,1,vase of flowers,vase,correct,True,correct
blip2_caption,467315,dining,2,table,table,unverifiable,True,unverifiable
blip2_caption,468422,kitchen,1,microwave oven,microwave_oven,correct,True,correct
blip2_caption,468422,kitchen,2,cup inside of it,,unverifiable,False,unverifiable
blip2_caption,468505,dining,1,man,person,correct,True,unverifiable
blip2_caption,468505,dining,2,booth,,unverifiable,False,unverifiable
blip2_caption,468505,dining,3,table full of food,,unverifiable,False,unverifiable
blip2_caption,468659,living room,1,teddy bear,teddy_bear,correct,True,correct
blip2_caption,468659,living room,2,couch,sofa,correct,True,correct
blip2_caption,468659,living room,3,christmas tree,Christmas_tree,correct,True,correct
blip2_caption,469795,bathroom,1,bathroom,,unverifiable,False,unverifiable
blip2_caption,469795,bathroom,2,sinks,sink,correct,True,correct
blip2_caption,469795,bathroom,3,bathtub,bathtub,correct,True,correct
blip2_caption,469902,bedroom,1,cat,cat,correct,True,correct
blip2_caption,469902,bedroom,2,bed,bed,correct,True,correct
blip2_caption,472046,kitchen,1,kitchen,,unverifiable,False,unverifiable
blip2_caption,472046,kitchen,2,living room,,unverifiable,False,unverifiable
blip2_caption,472046,kitchen,3,view of the ocean,,unverifiable,False,unverifiable
blip2_caption,473294,bedroom,1,room,,unverifiable,False,unverifiable
blip2_caption,473294,bedroom,2,bed,bed,correct,True,correct
blip2_caption,473294,bedroom,3,desk,desk,unverifiable,False,unverifiable
blip2_caption,473821,living room,1,living room,,unverifiable,False,unverifiable
blip2_caption,473821,living room,2,couch,sofa,correct,True,unverifiable
blip2_caption,473821,living room,3,chair,chair,correct,True,unverifiable
blip2_caption,473821,living room,4,table,table,unverifiable,True,unverifiable
blip2_caption,473821,living room,5,mirror,mirror,correct,True,correct
blip2_caption,479360,bedroom,1,bedroom,,unverifiable,False,unverifiable
blip2_caption,479360,bedroom,2,poster bed,bed,correct,True,correct
blip2_caption,480712,bedroom,1,bed,bed,correct,True,correct
blip2_caption,480712,bedroom,2,room,,unverifiable,False,unverifiable
blip2_caption,481819,living room,1,men,,unverifiable,False,unverifiable
blip2_caption,481819,living room,2,pajamas,pajamas,correct,True,correct
blip2_caption,481819,living room,3,wii,,unverifiable,False,unverifiable
blip2_caption,485628,bathroom,1,bathroom,,unverifiable,False,unverifiable
blip2_caption,485628,bathroom,2,sink,sink,correct,True,correct
blip2_caption,485628,bathroom,3,toilet,toilet,correct,True,correct
blip2_caption,485628,bathroom,4,tub,,unverifiable,False,unverifiable
blip2_caption,485628,bathroom,5,shelf,,unverifiable,False,unverifiable
blip2_caption,487583,bathroom,1,table,table,unverifiable,False,unverifiable
blip2_caption,487583,bathroom,2,cookie,cookie,correct,True,correct
blip2_caption,487583,bathroom,3,toilet,toilet,correct,True,correct
blip2_caption,490505,kitchen,1,vase filled,,unverifiable,False,unverifiable
blip2_caption,490505,kitchen,2,colorful roses,,unverifiable,False,unverifiable
blip2_caption,490505,kitchen,3,counter,,unverifiable,False,unverifiable
blip2_caption,491063,bathroom,1,bathroom,,unverifiable,False,unverifiable
blip2_caption,491063,bathroom,2,shower,,unverifiable,False,unverifiable
blip2_caption,491063,bathroom,3,toilet,toilet,correct,True,correct
blip2_caption,491063,bathroom,4,sink,sink,correct,True,unverifiable
blip2_caption,491216,kitchen,1,cat,cat,correct,True,unverifiable
blip2_caption,491216,kitchen,2,chair,chair,correct,True,unverifiable
blip2_caption,491216,kitchen,3,kitchen,,unverifiable,False,unverifiable
blip2_caption,491497,living room,1,living room,,unverifiable,False,unverifiable
blip2_caption,491497,living room,2,television,television_set,correct,True,correct
blip2_caption,491497,living room,3,chair,chair,correct,True,unverifiable
blip2_caption,491497,living room,4,bookcase,bookcase,unverifiable,False,unverifiable
blip2_caption,491742,bathroom,1,black,,unverifiable,False,unverifiable
blip2_caption,491742,bathroom,2,photo of a bathroom,,unverifiable,False,unverifiable
blip2_caption,492183,kitchen,1,refrigerator,refrigerator,correct,True,correct
blip2_caption,492183,kitchen,2,bottle of wine,bottle,correct,True,unverifiable
blip2_caption,492719,bathroom,1,bathroom,,unverifiable,False,unverifiable
blip2_caption,492719,bathroom,2,toilet,toilet,correct,True,correct
blip2_caption,492719,bathroom,3,sink,sink,correct,True,correct
blip2_caption,492719,bathroom,4,bathtub,bathtub,correct,True,correct
blip2_caption,492810,kitchen,1,couple of cats,,unverifiable,False,unverifiable
blip2_caption,492810,kitchen,2,kitchen counter,,unverifiable,False,unverifiable
blip2_caption,493114,living room,1,group of people,,unverifiable,False,unverifiable
blip2_caption,493114,living room,2,around a television,television_set,correct,True,correct
blip2_caption,493114,living room,3,cartoon,,unverifiable,False,unverifiable
blip2_caption,497626,bedroom,1,hotel room,,unverifiable,False,unverifiable
blip2_caption,497626,bedroom,2,bed,bed,correct,True,correct
blip2_caption,497626,bedroom,3,nightstands,,unverifiable,False,unverifiable
blip2_caption,503697,living room,1,living room,,unverifiable,False,unverifiable
blip2_caption,503697,living room,2,couch,sofa,correct,True,correct
blip2_caption,503697,living room,3,coffee table,coffee_table,correct,True,correct
blip2_caption,503697,living room,4,painting,painting,correct,True,correct
blip2_caption,503697,living room,5,wall,,unverifiable,False,unverifiable
blip2_caption,504493,bathroom,1,bathroom,,unverifiable,False,unverifiable
blip2_caption,504493,bathroom,2,toilet,toilet,correct,True,correct
blip2_caption,504493,bathroom,3,sink,sink,correct,True,correct
blip2_caption,504493,bathroom,4,bathtub,bathtub,correct,True,correct
blip2_caption,505086,bedroom,1,bed,bed,correct,True,correct
blip2_caption,505086,bedroom,2,comforter,quilt,unverifiable,False,unverifiable
blip2_caption,505086,bedroom,3,brown pillows,pillow,unverifiable,False,unverifiable
blip2_caption,508899,living room,1,living room,,unverifiable,False,unverifiable
blip2_caption,508899,living room,2,tv,television_set,correct,True,correct
blip2_caption,508899,living room,3,cat,cat,wrong,False,unverifiable
blip2_caption,508899,living room,4,floor,,unverifiable,False,unverifiable
blip2_caption,510852,bathroom,1,bathroom,,unverifiable,False,unverifiable
blip2_caption,510852,bathroom,2,glass shower door,,unverifiable,False,unverifiable
blip2_caption,511430,kitchen,1,kitchen,,unverifiable,False,unverifiable
blip2_caption,511430,kitchen,2,stainless steel appliances,,unverifiable,False,unverifiable
blip2_caption,511430,kitchen,3,counter tops,,unverifiable,False,unverifiable
blip2_caption,513138,living room,1,dog,dog,correct,True,correct
blip2_caption,513138,living room,2,couch,sofa,correct,True,correct
blip2_caption,513138,living room,3,living room,,unverifiable,False,unverifiable
blip2_caption,514914,bathroom,1,bathroom,,unverifiable,False,unverifiable
blip2_caption,514914,bathroom,2,walk,,unverifiable,False,unverifiable
blip2_caption,514914,bathroom,3,shower,,unverifiable,False,unverifiable
blip2_caption,514914,bathroom,4,sink,sink,correct,True,correct
blip2_caption,516856,dining,1,woman,person,correct,True,unverifiable
blip2_caption,516856,dining,2,sandwich,sandwich,correct,True,unverifiable
blip2_caption,523978,bathroom,1,modern bathroom,,unverifiable,False,unverifiable
blip2_caption,523978,bathroom,2,tub,,unverifiable,False,unverifiable
blip2_caption,523978,bathroom,3,sink,sink,correct,True,correct
blip2_caption,523978,bathroom,4,toilet,toilet,correct,True,correct
blip2_caption,529069,bathroom,1,bathroom,,unverifiable,False,unverifiable
blip2_caption,529069,bathroom,2,toilet,toilet,correct,True,correct
blip2_caption,529069,bathroom,3,sink,sink,correct,True,unverifiable
blip2_caption,530229,living room,1,living room,,unverifiable,False,unverifiable
blip2_caption,530229,living room,2,couches,sofa,correct,True,correct
blip2_caption,530229,living room,3,television,television_set,correct,True,correct
blip2_caption,530836,kitchen,1,kitchen,,unverifiable,False,unverifiable
blip2_caption,530836,kitchen,2,stove,stove,unverifiable,False,unverifiable
blip2_caption,530836,kitchen,3,refrigerator,refrigerator,correct,True,correct
blip2_caption,530933,bathroom,1,bathroom,,unverifiable,False,unverifiable
blip2_caption,530933,bathroom,2,toilet,toilet,correct,True,unverifiable
blip2_caption,530933,bathroom,3,bathtub,bathtub,correct,True,correct
blip2_caption,531441,dining,1,woman,person,correct,True,unverifiable
blip2_caption,531441,dining,2,table,table,unverifiable,True,unverifiable
blip2_caption,531441,dining,3,plate of pizza,plate,unverifiable,False,unverifiable
blip2_caption,531852,living room,1,men,,unverifiable,False,unverifiable
blip2_caption,531852,living room,2,video game,,unverifiable,False,unverifiable
blip2_caption,533255,kitchen,1,kitchen,,unverifiable,False,unverifiable
blip2_caption,533255,kitchen,2,refrigerator,refrigerator,correct,True,correct
blip2_caption,533255,kitchen,3,table,table,unverifiable,False,unverifiable
blip2_caption,534456,living room,1,man,person,correct,True,unverifiable
blip2_caption,534456,living room,2,couch,sofa,correct,True,correct
blip2_caption,536947,kitchen,1,refrigerator,refrigerator,correct,True,correct
blip2_caption,536947,kitchen,2,puddle of water,,unverifiable,False,unverifiable
blip2_caption,537944,dining,1,table topped,,unverifiable,False,unverifiable
blip2_caption,537944,dining,2,variety of food,,unverifiable,False,unverifiable
blip2_caption,541332,bathroom,1,bathroom,,unverifiable,False,unverifiable
blip2_caption,541332,bathroom,2,toilet,toilet,correct,True,correct
blip2_caption,541332,bathroom,3,sink,sink,correct,True,correct
blip2_caption,541332,bathroom,4,bathtub,bathtub,correct,True,correct
blip2_caption,541634,dining,1,bowl of soup,bowl,correct,True,unverifiable
blip2_caption,541634,dining,2,drink,,unverifiable,False,unverifiable
blip2_caption,541634,dining,3,table,table,unverifiable,True,unverifiable
blip2_caption,546219,dining,1,group of people,,unverifiable,False,unverifiable
blip2_caption,546219,dining,2,around a table,table,unverifiable,True,unverifiable
blip2_caption,546964,living room,1,ornate living room,,unverifiable,False,unverifiable
blip2_caption,546964,living room,2,chairs,chair,correct,True,unverifiable
blip2_caption,546964,living room,3,couches,sofa,correct,True,unverifiable
blip2_caption,547742,living room,1,living room,,unverifiable,False,unverifiable
blip2_caption,547742,living room,2,couch,sofa,correct,True,correct
blip2_caption,547742,living room,3,painting,painting,correct,True,correct
blip2_caption,547742,living room,4,wall,,unverifiable,False,unverifiable
blip2_caption,554658,kitchen,1,kitchen,,unverifiable,False,unverifiable
blip2_caption,554658,kitchen,2,refrigerator,refrigerator,correct,True,correct
blip2_caption,554658,kitchen,3,stove,stove,unverifiable,False,unverifiable
blip2_caption,554809,bathroom,1,bathroom,,unverifiable,False,unverifiable
blip2_caption,554809,bathroom,2,sink,sink,correct,True,correct
blip2_caption,554809,bathroom,3,toilet,toilet,correct,True,correct
blip2_caption,556633,bathroom,1,bed,bed,correct,True,unverifiable
blip2_caption,556633,bathroom,2,room,,unverifiable,False,unverifiable
blip2_caption,556633,bathroom,3,painting,painting,unverifiable,False,unverifiable
blip2_caption,556633,bathroom,4,wall,,unverifiable,False,unverifiable
blip2_caption,557172,bathroom,1,bathroom,,unverifiable,False,unverifiable
blip2_caption,557172,bathroom,2,sink,sink,correct,True,correct
blip2_caption,557172,bathroom,3,mirror,mirror,unverifiable,False,unverifiable
blip2_caption,559550,dining,1,little girl,person,correct,True,unverifiable
blip2_caption,559550,dining,2,high chair,chair,correct,True,unverifiable
blip2_caption,567825,dining,1,hamburger,hamburger,unverifiable,False,unverifiable
blip2_caption,567825,dining,2,cutting board,chopping_board,unverifiable,False,unverifiable
blip2_caption,567825,dining,3,bottle of wine,bottle,correct,True,correct
blip2_caption,571764,kitchen,1,man,person,correct,True,unverifiable
blip2_caption,571764,kitchen,2,table,table,unverifiable,False,unverifiable
blip2_caption,571764,kitchen,3,lot of food,,unverifiable,False,unverifiable
blip2_caption,574940,living room,1,living room filled,,unverifiable,False,unverifiable
blip2_caption,574940,living room,2,furniture,,unverifiable,False,unverifiable
blip2_caption,574940,living room,3,fireplace,fireplace,correct,True,correct
blip2_caption,577507,kitchen,1,kitchen,,unverifiable,False,unverifiable
blip2_caption,577507,kitchen,2,counter top,,unverifiable,False,unverifiable
blip2_caption,577507,kitchen,3,sink,sink,correct,True,unverifiable
blip2_caption,578489,living room,1,little girl,person,correct,True,unverifiable
blip2_caption,578489,living room,2,video game,,unverifiable,False,unverifiable
blip2_caption,578489,living room,3,family,,unverifiable,False,unverifiable
blip2_caption,578871,dining,1,young child,person,correct,True,unverifiable
blip2_caption,578871,dining,2,table,table,unverifiable,True,unverifiable
blip2_caption,578871,dining,3,bowl of food,bowl,correct,True,correct
blip2_caption,580026,dining,1,boy,person,correct,True,correct
blip2_caption,580026,dining,2,table,table,unverifiable,True,unverifiable
blip2_caption,580026,dining,3,cake,cake,correct,True,correct
blip2_orig,5335,bathroom,1,object,,unverifiable,False,unverifiable
blip2_orig,5335,bathroom,2,person,person,wrong,False,unverifiable
blip2_orig,5335,bathroom,3,area,,unverifiable,False,unverifiable
blip2_orig,7574,kitchen,1,object,,unverifiable,False,unverifiable
blip2_orig,7574,kitchen,2,person,person,wrong,False,unverifiable
blip2_orig,7574,kitchen,3,area,,unverifiable,False,unverifiable
blip2_orig,12873,bathroom,1,object,,unverifiable,False,unverifiable
blip2_orig,12873,bathroom,2,person,person,correct,True,unverifiable
blip2_orig,12873,bathroom,3,area,,unverifiable,False,unverifiable
blip2_orig,14635,kitchen,1,object,,unverifiable,False,unverifiable
blip2_orig,14635,kitchen,2,person,person,correct,True,unverifiable
blip2_orig,14635,kitchen,3,area,,unverifiable,False,unverifiable
blip2_orig,16958,living room,1,object,,unverifiable,False,unverifiable
blip2_orig,16958,living room,2,person,person,wrong,False,unverifiable
blip2_orig,16958,living room,3,area,,unverifiable,False,unverifiable
blip2_orig,17580,kitchen,1,object,,unverifiable,False,unverifiable
blip2_orig,17580,kitchen,2,person,person,correct,True,unverifiable
blip2_orig,17580,kitchen,3,area,,unverifiable,False,unverifiable
blip2_orig,23258,dining,1,object,,unverifiable,False,unverifiable
blip2_orig,23258,dining,2,person,person,correct,True,unverifiable
blip2_orig,23258,dining,3,area,,unverifiable,False,unverifiable
blip2_orig,28903,bathroom,1,object,,unverifiable,False,unverifiable
blip2_orig,28903,bathroom,2,person,person,wrong,False,unverifiable
blip2_orig,28903,bathroom,3,area,,unverifiable,False,unverifiable
blip2_orig,29288,living room,1,object,,unverifiable,False,unverifiable
blip2_orig,29288,living room,2,person,person,wrong,False,unverifiable
blip2_orig,29288,living room,3,area,,unverifiable,False,unverifiable
blip2_orig,31296,dining,1,object,,unverifiable,False,unverifiable
blip2_orig,31296,dining,2,person,person,correct,True,unverifiable
blip2_orig,31296,dining,3,area,,unverifiable,False,unverifiable
blip2_orig,33909,bathroom,1,object,,unverifiable,False,unverifiable
blip2_orig,33909,bathroom,2,person,person,wrong,False,unverifiable
blip2_orig,33909,bathroom,3,area,,unverifiable,False,unverifiable
blip2_orig,34524,bedroom,1,object,,unverifiable,False,unverifiable
blip2_orig,34524,bedroom,2,person,person,wrong,False,unverifiable
blip2_orig,34524,bedroom,3,area,,unverifiable,False,unverifiable
blip2_orig,35664,bedroom,1,object,,unverifiable,False,unverifiable
blip2_orig,35664,bedroom,2,person,person,wrong,False,unverifiable
blip2_orig,35664,bedroom,3,area,,unverifiable,False,unverifiable
blip2_orig,36494,dining,1,object,,unverifiable,False,unverifiable
blip2_orig,36494,dining,2,person,person,correct,True,unverifiable
blip2_orig,36494,dining,3,area,,unverifiable,False,unverifiable
blip2_orig,36844,kitchen,1,object,,unverifiable,False,unverifiable
blip2_orig,36844,kitchen,2,person,person,wrong,False,unverifiable
blip2_orig,36844,kitchen,3,area,,unverifiable,False,unverifiable
blip2_orig,36936,living room,1,object,,unverifiable,False,unverifiable
blip2_orig,36936,living room,2,person,person,correct,True,unverifiable
blip2_orig,36936,living room,3,area,,unverifiable,False,unverifiable
blip2_orig,43944,dining,1,object,,unverifiable,False,unverifiable
blip2_orig,43944,dining,2,person,person,wrong,False,unverifiable
blip2_orig,43944,dining,3,area,,unverifiable,False,unverifiable
blip2_orig,45404,bedroom,1,object,,unverifiable,False,unverifiable
blip2_orig,45404,bedroom,2,person,person,wrong,False,unverifiable
blip2_orig,45404,bedroom,3,area,,unverifiable,False,unverifiable
blip2_orig,46029,bedroom,1,object,,unverifiable,False,unverifiable
blip2_orig,46029,bedroom,2,person,person,wrong,False,unverifiable
blip2_orig,46029,bedroom,3,area,,unverifiable,False,unverifiable
blip2_orig,49984,bathroom,1,object,,unverifiable,False,unverifiable
blip2_orig,49984,bathroom,2,person,person,wrong,False,unverifiable
blip2_orig,49984,bathroom,3,area,,unverifiable,False,unverifiable
blip2_orig,53328,living room,1,object,,unverifiable,False,unverifiable
blip2_orig,53328,living room,2,person,person,correct,True,unverifiable
blip2_orig,53328,living room,3,area,,unverifiable,False,unverifiable
blip2_orig,53457,bedroom,1,object,,unverifiable,False,unverifiable
blip2_orig,53457,bedroom,2,person,person,wrong,False,unverifiable
blip2_orig,53457,bedroom,3,area,,unverifiable,False,unverifiable
blip2_orig,54318,bedroom,1,object,,unverifiable,False,unverifiable
blip2_orig,54318,bedroom,2,person,person,wrong,False,unverifiable
blip2_orig,54318,bedroom,3,area,,unverifiable,False,unverifiable
blip2_orig,61773,kitchen,1,object,,unverifiable,False,unverifiable
blip2_orig,61773,kitchen,2,person,person,correct,True,unverifiable
blip2_orig,61773,kitchen,3,area,,unverifiable,False,unverifiable
blip2_orig,61925,bedroom,1,object,,unverifiable,False,unverifiable
blip2_orig,61925,bedroom,2,person,person,wrong,False,unverifiable
blip2_orig,61925,bedroom,3,area,,unverifiable,False,unverifiable
blip2_orig,63081,living room,1,object,,unverifiable,False,unverifiable
blip2_orig,63081,living room,2,person,person,wrong,False,unverifiable
blip2_orig,63081,living room,3,area,,unverifiable,False,unverifiable
blip2_orig,63865,dining,1,object,,unverifiable,False,unverifiable
blip2_orig,63865,dining,2,person,person,correct,True,unverifiable
blip2_orig,63865,dining,3,area,,unverifiable,False,unverifiable
blip2_orig,65884,living room,1,object,,unverifiable,False,unverifiable
blip2_orig,65884,living room,2,person,person,wrong,False,unverifiable
blip2_orig,65884,living room,3,area,,unverifiable,False,unverifiable
blip2_orig,67647,kitchen,1,object,,unverifiable,False,unverifiable
blip2_orig,67647,kitchen,2,person,person,wrong,False,unverifiable
blip2_orig,67647,kitchen,3,area,,unverifiable,False,unverifiable
blip2_orig,68260,kitchen,1,object,,unverifiable,False,unverifiable
blip2_orig,68260,kitchen,2,person,person,correct,True,unverifiable
blip2_orig,68260,kitchen,3,area,,unverifiable,False,unverifiable
blip2_orig,68286,bedroom,1,object,,unverifiable,False,unverifiable
blip2_orig,68286,bedroom,2,person,person,wrong,False,unverifiable
blip2_orig,68286,bedroom,3,area,,unverifiable,False,unverifiable
blip2_orig,72961,bedroom,1,object,,unverifiable,False,unverifiable
blip2_orig,72961,bedroom,2,person,person,correct,True,unverifiable
blip2_orig,72961,bedroom,3,area,,unverifiable,False,unverifiable
blip2_orig,73326,kitchen,1,object,,unverifiable,False,unverifiable
blip2_orig,73326,kitchen,2,person,person,wrong,False,unverifiable
blip2_orig,73326,kitchen,3,area,,unverifiable,False,unverifiable
blip2_orig,74357,kitchen,1,object,,unverifiable,False,unverifiable
blip2_orig,74357,kitchen,2,person,person,wrong,False,unverifiable
blip2_orig,74357,kitchen,3,area,,unverifiable,False,unverifiable
blip2_orig,75110,bedroom,1,object,,unverifiable,False,unverifiable
blip2_orig,75110,bedroom,2,person,person,wrong,False,unverifiable
blip2_orig,75110,bedroom,3,area,,unverifiable,False,unverifiable
blip2_orig,75811,bathroom,1,object,,unverifiable,False,unverifiable
blip2_orig,75811,bathroom,2,person,person,wrong,False,unverifiable
blip2_orig,75811,bathroom,3,area,,unverifiable,False,unverifiable
blip2_orig,77177,living room,1,object,,unverifiable,False,unverifiable
blip2_orig,77177,living room,2,person,person,wrong,False,unverifiable
blip2_orig,77177,living room,3,area,,unverifiable,False,unverifiable
blip2_orig,80369,kitchen,1,object,,unverifiable,False,unverifiable
blip2_orig,80369,kitchen,2,person,person,correct,True,unverifiable
blip2_orig,80369,kitchen,3,area,,unverifiable,False,unverifiable
blip2_orig,84680,kitchen,1,object,,unverifiable,False,unverifiable
blip2_orig,84680,kitchen,2,person,person,correct,True,unverifiable
blip2_orig,84680,kitchen,3,area,,unverifiable,False,unverifiable
blip2_orig,88040,dining,1,object,,unverifiable,False,unverifiable
blip2_orig,88040,dining,2,person,person,wrong,False,unverifiable
blip2_orig,88040,dining,3,area,,unverifiable,False,unverifiable
blip2_orig,98085,dining,1,object,,unverifiable,False,unverifiable
blip2_orig,98085,dining,2,person,person,wrong,False,unverifiable
blip2_orig,98085,dining,3,area,,unverifiable,False,unverifiable
blip2_orig,101630,bathroom,1,object,,unverifiable,False,unverifiable
blip2_orig,101630,bathroom,2,person,person,wrong,False,unverifiable
blip2_orig,101630,bathroom,3,area,,unverifiable,False,unverifiable
blip2_orig,101816,bathroom,1,object,,unverifiable,False,unverifiable
blip2_orig,101816,bathroom,2,person,person,correct,True,unverifiable
blip2_orig,101816,bathroom,3,area,,unverifiable,False,unverifiable
blip2_orig,102223,bedroom,1,object,,unverifiable,False,unverifiable
blip2_orig,102223,bedroom,2,person,person,wrong,False,unverifiable
blip2_orig,102223,bedroom,3,area,,unverifiable,False,unverifiable
blip2_orig,102320,bathroom,1,object,,unverifiable,False,unverifiable
blip2_orig,102320,bathroom,2,person,person,wrong,False,unverifiable
blip2_orig,102320,bathroom,3,area,,unverifiable,False,unverifiable
blip2_orig,102718,bathroom,1,object,,unverifiable,False,unverifiable
blip2_orig,102718,bathroom,2,person,person,wrong,False,unverifiable
blip2_orig,102718,bathroom,3,area,,unverifiable,False,unverifiable
blip2_orig,102841,bedroom,1,object,,unverifiable,False,unverifiable
blip2_orig,102841,bedroom,2,person,person,wrong,False,unverifiable
blip2_orig,102841,bedroom,3,area,,unverifiable,False,unverifiable
blip2_orig,103119,kitchen,1,object,,unverifiable,False,unverifiable
blip2_orig,103119,kitchen,2,person,person,wrong,False,unverifiable
blip2_orig,103119,kitchen,3,area,,unverifiable,False,unverifiable
blip2_orig,106235,living room,1,object,,unverifiable,False,unverifiable
blip2_orig,106235,living room,2,person,person,wrong,False,unverifiable
blip2_orig,106235,living room,3,area,,unverifiable,False,unverifiable
blip2_orig,110884,bathroom,1,object,,unverifiable,False,unverifiable
blip2_orig,110884,bathroom,2,person,person,wrong,False,unverifiable
blip2_orig,110884,bathroom,3,area,,unverifiable,False,unverifiable
blip2_orig,111951,bathroom,1,object,,unverifiable,False,unverifiable
blip2_orig,111951,bathroom,2,person,person,wrong,False,unverifiable
blip2_orig,111951,bathroom,3,area,,unverifiable,False,unverifiable
blip2_orig,114108,dining,1,object,,unverifiable,False,unverifiable
blip2_orig,114108,dining,2,person,person,correct,True,unverifiable
blip2_orig,114108,dining,3,area,,unverifiable,False,unverifiable
blip2_orig,116479,bedroom,1,object,,unverifiable,False,unverifiable
blip2_orig,116479,bedroom,2,person,person,wrong,False,unverifiable
blip2_orig,116479,bedroom,3,area,,unverifiable,False,unverifiable
blip2_orig,117089,dining,1,object,,unverifiable,False,unverifiable
blip2_orig,117089,dining,2,person,person,correct,True,unverifiable
blip2_orig,117089,dining,3,area,,unverifiable,False,unverifiable
blip2_orig,121904,kitchen,1,object,,unverifiable,False,unverifiable
blip2_orig,121904,kitchen,2,person,person,wrong,False,unverifiable
blip2_orig,121904,kitchen,3,area,,unverifiable,False,unverifiable
blip2_orig,125955,bathroom,1,object,,unverifiable,False,unverifiable
blip2_orig,125955,bathroom,2,person,person,wrong,False,unverifiable
blip2_orig,125955,bathroom,3,area,,unverifiable,False,unverifiable
blip2_orig,127168,bedroom,1,object,,unverifiable,False,unverifiable
blip2_orig,127168,bedroom,2,person,person,wrong,False,unverifiable
blip2_orig,127168,bedroom,3,area,,unverifiable,False,unverifiable
blip2_orig,127394,dining,1,object,,unverifiable,False,unverifiable
blip2_orig,127394,dining,2,person,person,correct,True,unverifiable
blip2_orig,127394,dining,3,area,,unverifiable,False,unverifiable
blip2_orig,129322,bathroom,1,object,,unverifiable,False,unverifiable
blip2_orig,129322,bathroom,2,person,person,wrong,False,unverifiable
blip2_orig,129322,bathroom,3,area,,unverifiable,False,unverifiable
blip2_orig,129980,living room,1,object,,unverifiable,False,unverifiable
blip2_orig,129980,living room,2,person,person,wrong,False,unverifiable
blip2_orig,129980,living room,3,area,,unverifiable,False,unverifiable
blip2_orig,134907,living room,1,object,,unverifiable,False,unverifiable
blip2_orig,134907,living room,2,person,person,correct,True,unverifiable
blip2_orig,134907,living room,3,area,,unverifiable,False,unverifiable
blip2_orig,140487,living room,1,object,,unverifiable,False,unverifiable
blip2_orig,140487,living room,2,person,person,correct,True,unverifiable
blip2_orig,140487,living room,3,area,,unverifiable,False,unverifiable
blip2_orig,140987,dining,1,object,,unverifiable,False,unverifiable
blip2_orig,140987,dining,2,person,person,correct,True,unverifiable
blip2_orig,140987,dining,3,area,,unverifiable,False,unverifiable
blip2_orig,141180,bedroom,1,object,,unverifiable,False,unverifiable
blip2_orig,141180,bedroom,2,person,person,wrong,False,unverifiable
blip2_orig,141180,bedroom,3,area,,unverifiable,False,unverifiable
blip2_orig,141795,bathroom,1,object,,unverifiable,False,unverifiable
blip2_orig,141795,bathroom,2,person,person,wrong,False,unverifiable
blip2_orig,141795,bathroom,3,area,,unverifiable,False,unverifiable
blip2_orig,142240,kitchen,1,object,,unverifiable,False,unverifiable
blip2_orig,142240,kitchen,2,person,person,correct,True,unverifiable
blip2_orig,142240,kitchen,3,area,,unverifiable,False,unverifiable
blip2_orig,142291,living room,1,object,,unverifiable,False,unverifiable
blip2_orig,142291,living room,2,person,person,correct,True,unverifiable
blip2_orig,142291,living room,3,area,,unverifiable,False,unverifiable
blip2_orig,149184,kitchen,1,object,,unverifiable,False,unverifiable
blip2_orig,149184,kitchen,2,person,person,wrong,False,unverifiable
blip2_orig,149184,kitchen,3,area,,unverifiable,False,unverifiable
blip2_orig,150417,kitchen,1,object,,unverifiable,False,unverifiable
blip2_orig,150417,kitchen,2,person,person,correct,True,unverifiable
blip2_orig,150417,kitchen,3,area,,unverifiable,False,unverifiable
blip2_orig,150874,bedroom,1,object,,unverifiable,False,unverifiable
blip2_orig,150874,bedroom,2,person,person,wrong,False,unverifiable
blip2_orig,150874,bedroom,3,area,,unverifiable,False,unverifiable
blip2_orig,151414,bedroom,1,object,,unverifiable,False,unverifiable
blip2_orig,151414,bedroom,2,person,person,wrong,False,unverifiable
blip2_orig,151414,bedroom,3,area,,unverifiable,False,unverifiable
blip2_orig,152298,bathroom,1,object,,unverifiable,False,unverifiable
blip2_orig,152298,bathroom,2,person,person,wrong,False,unverifiable
blip2_orig,152298,bathroom,3,area,,unverifiable,False,unverifiable
blip2_orig,154358,living room,1,object,,unverifiable,False,unverifiable
blip2_orig,154358,living room,2,person,person,correct,True,unverifiable
blip2_orig,154358,living room,3,area,,unverifiable,False,unverifiable
blip2_orig,154431,living room,1,object,,unverifiable,False,unverifiable
blip2_orig,154431,living room,2,person,person,wrong,False,unverifiable
blip2_orig,154431,living room,3,area,,unverifiable,False,unverifiable
blip2_orig,154704,dining,1,object,,unverifiable,False,unverifiable
blip2_orig,154704,dining,2,person,person,correct,True,unverifiable
blip2_orig,154704,dining,3,area,,unverifiable,False,unverifiable
blip2_orig,156643,dining,1,object,,unverifiable,False,unverifiable
blip2_orig,156643,dining,2,person,person,correct,True,unverifiable
blip2_orig,156643,dining,3,area,,unverifiable,False,unverifiable
blip2_orig,157045,bathroom,1,object,,unverifiable,False,unverifiable
blip2_orig,157045,bathroom,2,person,person,wrong,False,unverifiable
blip2_orig,157045,bathroom,3,area,,unverifiable,False,unverifiable
blip2_orig,158880,bathroom,1,object,,unverifiable,False,unverifiable
blip2_orig,158880,bathroom,2,person,person,wrong,False,unverifiable
blip2_orig,158880,bathroom,3,area,,unverifiable,False,unverifiable
blip2_orig,163589,dining,1,object,,unverifiable,False,unverifiable
blip2_orig,163589,dining,2,person,person,wrong,False,unverifiable
blip2_orig,163589,dining,3,area,,unverifiable,False,unverifiable
blip2_orig,164005,bedroom,1,object,,unverifiable,False,unverifiable
blip2_orig,164005,bedroom,2,person,person,correct,True,unverifiable
blip2_orig,164005,bedroom,3,area,,unverifiable,False,unverifiable
blip2_orig,164602,bathroom,1,object,,unverifiable,False,unverifiable
blip2_orig,164602,bathroom,2,person,person,correct,True,unverifiable
blip2_orig,164602,bathroom,3,area,,unverifiable,False,unverifiable
blip2_orig,166313,bathroom,1,object,,unverifiable,False,unverifiable
blip2_orig,166313,bathroom,2,person,person,wrong,False,unverifiable
blip2_orig,166313,bathroom,3,area,,unverifiable,False,unverifiable
blip2_orig,166426,dining,1,object,,unverifiable,False,unverifiable
blip2_orig,166426,dining,2,person,person,wrong,False,unverifiable
blip2_orig,166426,dining,3,area,,unverifiable,False,unverifiable
blip2_orig,166533,kitchen,1,object,,unverifiable,False,unverifiable
blip2_orig,166533,kitchen,2,person,person,wrong,False,unverifiable
blip2_orig,166533,kitchen,3,area,,unverifiable,False,unverifiable
blip2_orig,167898,bathroom,1,object,,unverifiable,False,unverifiable
blip2_orig,167898,bathroom,2,person,person,wrong,False,unverifiable
blip2_orig,167898,bathroom,3,area,,unverifiable,False,unverifiable
blip2_orig,170191,bedroom,1,object,,unverifiable,False,unverifiable
blip2_orig,170191,bedroom,2,person,person,correct,True,unverifiable
blip2_orig,170191,bedroom,3,area,,unverifiable,False,unverifiable
blip2_orig,170529,bedroom,1,object,,unverifiable,False,unverifiable
blip2_orig,170529,bedroom,2,person,person,wrong,False,unverifiable
blip2_orig,170529,bedroom,3,area,,unverifiable,False,unverifiable
blip2_orig,171740,living room,1,object,,unverifiable,False,unverifiable
blip2_orig,171740,living room,2,person,person,wrong,False,unverifiable
blip2_orig,171740,living room,3,area,,unverifiable,False,unverifiable
blip2_orig,173968,bathroom,1,object,,unverifiable,False,unverifiable
blip2_orig,173968,bathroom,2,person,person,wrong,False,unverifiable
blip2_orig,173968,bathroom,3,area,,unverifiable,False,unverifiable
blip2_orig,174964,bedroom,1,object,,unverifiable,False,unverifiable
blip2_orig,174964,bedroom,2,person,person,wrong,False,unverifiable
blip2_orig,174964,bedroom,3,area,,unverifiable,False,unverifiable
blip2_orig,175364,kitchen,1,object,,unverifiable,False,unverifiable
blip2_orig,175364,kitchen,2,person,person,wrong,False,unverifiable
blip2_orig,175364,kitchen,3,area,,unverifiable,False,unverifiable
blip2_orig,177824,living room,1,object,,unverifiable,False,unverifiable
blip2_orig,177824,living room,2,person,person,wrong,False,unverifiable
blip2_orig,177824,living room,3,area,,unverifiable,False,unverifiable
blip2_orig,178504,bedroom,1,object,,unverifiable,False,unverifiable
blip2_orig,178504,bedroom,2,person,person,correct,True,unverifiable
blip2_orig,178504,bedroom,3,area,,unverifiable,False,unverifiable
blip2_orig,178690,living room,1,object,,unverifiable,False,unverifiable
blip2_orig,178690,living room,2,person,person,wrong,False,unverifiable
blip2_orig,178690,living room,3,area,,unverifiable,False,unverifiable
blip2_orig,180908,bedroom,1,object,,unverifiable,False,unverifiable
blip2_orig,180908,bedroom,2,person,person,wrong,False,unverifiable
blip2_orig,180908,bedroom,3,area,,unverifiable,False,unverifiable
blip2_orig,185633,bathroom,1,object,,unverifiable,False,unverifiable
blip2_orig,185633,bathroom,2,person,person,wrong,False,unverifiable
blip2_orig,185633,bathroom,3,area,,unverifiable,False,unverifiable
blip2_orig,187243,bathroom,1,object,,unverifiable,False,unverifiable
blip2_orig,187243,bathroom,2,person,person,correct,True,unverifiable
blip2_orig,187243,bathroom,3,area,,unverifiable,False,unverifiable
blip2_orig,189045,bedroom,1,object,,unverifiable,False,unverifiable
blip2_orig,189045,bedroom,2,person,person,wrong,False,unverifiable
blip2_orig,189045,bedroom,3,area,,unverifiable,False,unverifiable
blip2_orig,191997,kitchen,1,object,,unverifiable,False,unverifiable
blip2_orig,191997,kitchen,2,person,person,wrong,False,unverifiable
blip2_orig,191997,kitchen,3,area,,unverifiable,False,unverifiable
blip2_orig,193047,kitchen,1,object,,unverifiable,False,unverifiable
blip2_orig,193047,kitchen,2,person,person,correct,True,unverifiable
blip2_orig,193047,kitchen,3,area,,unverifiable,False,unverifiable
blip2_orig,194724,kitchen,1,object,,unverifiable,False,unverifiable
blip2_orig,194724,kitchen,2,person,person,wrong,False,unverifiable
blip2_orig,194724,kitchen,3,area,,unverifiable,False,unverifiable
blip2_orig,195754,living room,1,object,,unverifiable,False,unverifiable
blip2_orig,195754,living room,2,person,person,wrong,False,unverifiable
blip2_orig,195754,living room,3,area,,unverifiable,False,unverifiable
blip2_orig,199502,bedroom,1,object,,unverifiable,False,unverifiable
blip2_orig,199502,bedroom,2,person,person,wrong,False,unverifiable
blip2_orig,199502,bedroom,3,area,,unverifiable,False,unverifiable
blip2_orig,200548,bathroom,1,object,,unverifiable,False,unverifiable
blip2_orig,200548,bathroom,2,person,person,wrong,False,unverifiable
blip2_orig,200548,bathroom,3,area,,unverifiable,False,unverifiable
blip2_orig,200952,bedroom,1,object,,unverifiable,False,unverifiable
blip2_orig,200952,bedroom,2,person,person,wrong,False,unverifiable
blip2_orig,200952,bedroom,3,area,,unverifiable,False,unverifiable
blip2_orig,204661,living room,1,object,,unverifiable,False,unverifiable
blip2_orig,204661,living room,2,person,person,correct,True,unverifiable
blip2_orig,204661,living room,3,area,,unverifiable,False,unverifiable
blip2_orig,205514,living room,1,object,,unverifiable,False,unverifiable
blip2_orig,205514,living room,2,person,person,wrong,False,unverifiable
blip2_orig,205514,living room,3,area,,unverifiable,False,unverifiable
blip2_orig,206395,living room,1,object,,unverifiable,False,unverifiable
blip2_orig,206395,living room,2,person,person,wrong,False,unverifiable
blip2_orig,206395,living room,3,area,,unverifiable,False,unverifiable
blip2_orig,208778,bedroom,1,object,,unverifiable,False,unverifiable
blip2_orig,208778,bedroom,2,person,person,correct,True,unverifiable
blip2_orig,208778,bedroom,3,area,,unverifiable,False,unverifiable
blip2_orig,209802,bathroom,1,object,,unverifiable,False,unverifiable
blip2_orig,209802,bathroom,2,person,person,wrong,False,unverifiable
blip2_orig,209802,bathroom,3,area,,unverifiable,False,unverifiable
blip2_orig,210612,bedroom,1,object,,unverifiable,False,unverifiable
blip2_orig,210612,bedroom,2,person,person,wrong,False,unverifiable
blip2_orig,210612,bedroom,3,area,,unverifiable,False,unverifiable
blip2_orig,215746,dining,1,object,,unverifiable,False,unverifiable
blip2_orig,215746,dining,2,person,person,wrong,False,unverifiable
blip2_orig,215746,dining,3,area,,unverifiable,False,unverifiable
blip2_orig,217546,living room,1,object,,unverifiable,False,unverifiable
blip2_orig,217546,living room,2,person,person,correct,True,unverifiable
blip2_orig,217546,living room,3,area,,unverifiable,False,unverifiable
blip2_orig,218091,bedroom,1,object,,unverifiable,False,unverifiable
blip2_orig,218091,bedroom,2,person,person,wrong,False,unverifiable
blip2_orig,218091,bedroom,3,area,,unverifiable,False,unverifiable
blip2_orig,222625,living room,1,object,,unverifiable,False,unverifiable
blip2_orig,222625,living room,2,person,person,correct,True,unverifiable
blip2_orig,222625,living room,3,area,,unverifiable,False,unverifiable
blip2_orig,223500,kitchen,1,object,,unverifiable,False,unverifiable
blip2_orig,223500,kitchen,2,person,person,wrong,False,unverifiable
blip2_orig,223500,kitchen,3,area,,unverifiable,False,unverifiable
blip2_orig,224367,bedroom,1,object,,unverifiable,False,unverifiable
blip2_orig,224367,bedroom,2,person,person,wrong,False,unverifiable
blip2_orig,224367,bedroom,3,area,,unverifiable,False,unverifiable
blip2_orig,226329,living room,1,object,,unverifiable,False,unverifiable
blip2_orig,226329,living room,2,person,person,wrong,False,unverifiable
blip2_orig,226329,living room,3,area,,unverifiable,False,unverifiable
blip2_orig,227985,dining,1,object,,unverifiable,False,unverifiable
blip2_orig,227985,dining,2,person,person,wrong,False,unverifiable
blip2_orig,227985,dining,3,area,,unverifiable,False,unverifiable
blip2_orig,232088,living room,1,object,,unverifiable,False,unverifiable
blip2_orig,232088,living room,2,person,person,wrong,False,unverifiable
blip2_orig,232088,living room,3,area,,unverifiable,False,unverifiable
blip2_orig,232649,bathroom,1,object,,unverifiable,False,unverifiable
blip2_orig,232649,bathroom,2,person,person,correct,True,unverifiable
blip2_orig,232649,bathroom,3,area,,unverifiable,False,unverifiable
blip2_orig,234779,dining,1,object,,unverifiable,False,unverifiable
blip2_orig,234779,dining,2,person,person,wrong,False,unverifiable
blip2_orig,234779,dining,3,area,,unverifiable,False,unverifiable
blip2_orig,238154,bedroom,1,object,,unverifiable,False,unverifiable
blip2_orig,238154,bedroom,2,person,person,wrong,False,unverifiable
blip2_orig,238154,bedroom,3,area,,unverifiable,False,unverifiable
blip2_orig,239013,living room,1,object,,unverifiable,False,unverifiable
blip2_orig,239013,living room,2,person,person,wrong,False,unverifiable
blip2_orig,239013,living room,3,area,,unverifiable,False,unverifiable
blip2_orig,240043,kitchen,1,object,,unverifiable,False,unverifiable
blip2_orig,240043,kitchen,2,person,person,correct,True,unverifiable
blip2_orig,240043,kitchen,3,area,,unverifiable,False,unverifiable
blip2_orig,240965,dining,1,object,,unverifiable,False,unverifiable
blip2_orig,240965,dining,2,person,person,wrong,False,unverifiable
blip2_orig,240965,dining,3,area,,unverifiable,False,unverifiable
blip2_orig,242296,living room,1,object,,unverifiable,False,unverifiable
blip2_orig,242296,living room,2,person,person,wrong,False,unverifiable
blip2_orig,242296,living room,3,area,,unverifiable,False,unverifiable
blip2_orig,242610,bedroom,1,object,,unverifiable,False,unverifiable
blip2_orig,242610,bedroom,2,person,person,correct,True,unverifiable
blip2_orig,242610,bedroom,3,area,,unverifiable,False,unverifiable
blip2_orig,245230,kitchen,1,object,,unverifiable,False,unverifiable
blip2_orig,245230,kitchen,2,person,person,wrong,False,unverifiable
blip2_orig,245230,kitchen,3,area,,unverifiable,False,unverifiable
blip2_orig,247839,dining,1,object,,unverifiable,False,unverifiable
blip2_orig,247839,dining,2,person,person,correct,True,unverifiable
blip2_orig,247839,dining,3,area,,unverifiable,False,unverifiable
blip2_orig,252127,bedroom,1,object,,unverifiable,False,unverifiable
blip2_orig,252127,bedroom,2,person,person,wrong,False,unverifiable
blip2_orig,252127,bedroom,3,area,,unverifiable,False,unverifiable
blip2_orig,255654,bathroom,1,object,,unverifiable,False,unverifiable
blip2_orig,255654,bathroom,2,person,person,wrong,False,unverifiable
blip2_orig,255654,bathroom,3,area,,unverifiable,False,unverifiable
blip2_orig,256518,dining,1,object,,unverifiable,False,unverifiable
blip2_orig,256518,dining,2,person,person,wrong,False,unverifiable
blip2_orig,256518,dining,3,area,,unverifiable,False,unverifiable
blip2_orig,257370,living room,1,object,,unverifiable,False,unverifiable
blip2_orig,257370,living room,2,person,person,correct,True,unverifiable
blip2_orig,257370,living room,3,area,,unverifiable,False,unverifiable
blip2_orig,257660,bathroom,1,object,,unverifiable,False,unverifiable
blip2_orig,257660,bathroom,2,person,person,wrong,False,unverifiable
blip2_orig,257660,bathroom,3,area,,unverifiable,False,unverifiable
blip2_orig,257773,kitchen,1,object,,unverifiable,False,unverifiable
blip2_orig,257773,kitchen,2,person,person,correct,True,unverifiable
blip2_orig,257773,kitchen,3,area,,unverifiable,False,unverifiable
blip2_orig,260721,living room,1,object,,unverifiable,False,unverifiable
blip2_orig,260721,living room,2,person,person,wrong,False,unverifiable
blip2_orig,260721,living room,3,area,,unverifiable,False,unverifiable
blip2_orig,264347,kitchen,1,object,,unverifiable,False,unverifiable
blip2_orig,264347,kitchen,2,person,person,wrong,False,unverifiable
blip2_orig,264347,kitchen,3,area,,unverifiable,False,unverifiable
blip2_orig,266422,living room,1,object,,unverifiable,False,unverifiable
blip2_orig,266422,living room,2,person,person,wrong,False,unverifiable
blip2_orig,266422,living room,3,area,,unverifiable,False,unverifiable
blip2_orig,268213,kitchen,1,object,,unverifiable,False,unverifiable
blip2_orig,268213,kitchen,2,person,person,wrong,False,unverifiable
blip2_orig,268213,kitchen,3,area,,unverifiable,False,unverifiable
blip2_orig,268378,dining,1,object,,unverifiable,False,unverifiable
blip2_orig,268378,dining,2,person,person,correct,True,unverifiable
blip2_orig,268378,dining,3,area,,unverifiable,False,unverifiable
blip2_orig,271167,bathroom,1,object,,unverifiable,False,unverifiable
blip2_orig,271167,bathroom,2,person,person,correct,True,unverifiable
blip2_orig,271167,bathroom,3,area,,unverifiable,False,unverifiable
blip2_orig,271728,living room,1,object,,unverifiable,False,unverifiable
blip2_orig,271728,living room,2,person,person,wrong,False,unverifiable
blip2_orig,271728,living room,3,area,,unverifiable,False,unverifiable
blip2_orig,272203,bedroom,1,object,,unverifiable,False,unverifiable
blip2_orig,272203,bedroom,2,person,person,wrong,False,unverifiable
blip2_orig,272203,bedroom,3,area,,unverifiable,False,unverifiable
blip2_orig,274352,dining,1,object,,unverifiable,False,unverifiable
blip2_orig,274352,dining,2,person,person,correct,True,unverifiable
blip2_orig,274352,dining,3,area,,unverifiable,False,unverifiable
blip2_orig,275374,bedroom,1,object,,unverifiable,False,unverifiable
blip2_orig,275374,bedroom,2,person,person,correct,True,correct
blip2_orig,275374,bedroom,3,area,,unverifiable,False,unverifiable
blip2_orig,277507,bedroom,1,object,,unverifiable,False,unverifiable
blip2_orig,277507,bedroom,2,person,person,wrong,False,unverifiable
blip2_orig,277507,bedroom,3,area,,unverifiable,False,unverifiable
blip2_orig,283717,kitchen,1,object,,unverifiable,False,unverifiable
blip2_orig,283717,kitchen,2,person,person,wrong,False,unverifiable
blip2_orig,283717,kitchen,3,area,,unverifiable,False,unverifiable
blip2_orig,285400,dining,1,object,,unverifiable,False,unverifiable
blip2_orig,285400,dining,2,person,person,wrong,False,unverifiable
blip2_orig,285400,dining,3,area,,unverifiable,False,unverifiable
blip2_orig,290771,living room,1,object,,unverifiable,False,unverifiable
blip2_orig,290771,living room,2,person,person,wrong,False,unverifiable
blip2_orig,290771,living room,3,area,,unverifiable,False,unverifiable
blip2_orig,293390,bathroom,1,object,,unverifiable,False,unverifiable
blip2_orig,293390,bathroom,2,person,person,wrong,False,unverifiable
blip2_orig,293390,bathroom,3,area,,unverifiable,False,unverifiable
blip2_orig,296205,living room,1,object,,unverifiable,False,unverifiable
blip2_orig,296205,living room,2,person,person,correct,True,unverifiable
blip2_orig,296205,living room,3,area,,unverifiable,False,unverifiable
blip2_orig,297353,bedroom,1,object,,unverifiable,False,unverifiable
blip2_orig,297353,bedroom,2,person,person,correct,True,unverifiable
blip2_orig,297353,bedroom,3,area,,unverifiable,False,unverifiable
blip2_orig,299632,bedroom,1,object,,unverifiable,False,unverifiable
blip2_orig,299632,bedroom,2,person,person,wrong,False,unverifiable
blip2_orig,299632,bedroom,3,area,,unverifiable,False,unverifiable
blip2_orig,300882,bedroom,1,object,,unverifiable,False,unverifiable
blip2_orig,300882,bedroom,2,person,person,wrong,False,unverifiable
blip2_orig,300882,bedroom,3,area,,unverifiable,False,unverifiable
blip2_orig,302680,living room,1,object,,unverifiable,False,unverifiable
blip2_orig,302680,living room,2,person,person,wrong,False,unverifiable
blip2_orig,302680,living room,3,area,,unverifiable,False,unverifiable
blip2_orig,303002,bathroom,1,object,,unverifiable,False,unverifiable
blip2_orig,303002,bathroom,2,person,person,correct,True,unverifiable
blip2_orig,303002,bathroom,3,area,,unverifiable,False,unverifiable
blip2_orig,303520,kitchen,1,object,,unverifiable,False,unverifiable
blip2_orig,303520,kitchen,2,person,person,correct,True,unverifiable
blip2_orig,303520,kitchen,3,area,,unverifiable,False,unverifiable
blip2_orig,304827,kitchen,1,object,,unverifiable,False,unverifiable
blip2_orig,304827,kitchen,2,person,person,wrong,False,unverifiable
blip2_orig,304827,kitchen,3,area,,unverifiable,False,unverifiable
blip2_orig,306733,bathroom,1,object,,unverifiable,False,unverifiable
blip2_orig,306733,bathroom,2,person,person,wrong,False,unverifiable
blip2_orig,306733,bathroom,3,area,,unverifiable,False,unverifiable
blip2_orig,308507,kitchen,1,object,,unverifiable,False,unverifiable
blip2_orig,308507,kitchen,2,person,person,wrong,False,unverifiable
blip2_orig,308507,kitchen,3,area,,unverifiable,False,unverifiable
blip2_orig,309060,kitchen,1,object,,unverifiable,False,unverifiable
blip2_orig,309060,kitchen,2,person,person,wrong,False,unverifiable
blip2_orig,309060,kitchen,3,area,,unverifiable,False,unverifiable
blip2_orig,309553,bedroom,1,object,,unverifiable,False,unverifiable
blip2_orig,309553,bedroom,2,person,person,wrong,False,unverifiable
blip2_orig,309553,bedroom,3,area,,unverifiable,False,unverifiable
blip2_orig,311868,bathroom,1,object,,unverifiable,False,unverifiable
blip2_orig,311868,bathroom,2,person,person,wrong,False,unverifiable
blip2_orig,311868,bathroom,3,area,,unverifiable,False,unverifiable
blip2_orig,313130,kitchen,1,object,,unverifiable,False,unverifiable
blip2_orig,313130,kitchen,2,person,person,wrong,False,unverifiable
blip2_orig,313130,kitchen,3,area,,unverifiable,False,unverifiable
blip2_orig,315256,bedroom,1,object,,unverifiable,False,unverifiable
blip2_orig,315256,bedroom,2,person,person,wrong,False,unverifiable
blip2_orig,315256,bedroom,3,area,,unverifiable,False,unverifiable
blip2_orig,315641,kitchen,1,object,,unverifiable,False,unverifiable
blip2_orig,315641,kitchen,2,person,person,correct,True,unverifiable
blip2_orig,315641,kitchen,3,area,,unverifiable,False,unverifiable
blip2_orig,319935,bedroom,1,object,,unverifiable,False,unverifiable
blip2_orig,319935,bedroom,2,person,person,wrong,False,unverifiable
blip2_orig,319935,bedroom,3,area,,unverifiable,False,unverifiable
blip2_orig,325078,bathroom,1,object,,unverifiable,False,unverifiable
blip2_orig,325078,bathroom,2,person,person,wrong,False,unverifiable
blip2_orig,325078,bathroom,3,area,,unverifiable,False,unverifiable
blip2_orig,329455,dining,1,object,,unverifiable,False,unverifiable
blip2_orig,329455,dining,2,person,person,correct,True,unverifiable
blip2_orig,329455,dining,3,area,,unverifiable,False,unverifiable
blip2_orig,341741,bedroom,1,object,,unverifiable,False,unverifiable
blip2_orig,341741,bedroom,2,person,person,wrong,False,unverifiable
blip2_orig,341741,bedroom,3,area,,unverifiable,False,unverifiable
blip2_orig,343662,bedroom,1,object,,unverifiable,False,unverifiable
blip2_orig,343662,bedroom,2,person,person,wrong,False,unverifiable
blip2_orig,343662,bedroom,3,area,,unverifiable,False,unverifiable
blip2_orig,348708,dining,1,object,,unverifiable,False,unverifiable
blip2_orig,348708,dining,2,person,person,wrong,False,unverifiable
blip2_orig,348708,dining,3,area,,unverifiable,False,unverifiable
blip2_orig,350230,kitchen,1,object,,unverifiable,False,unverifiable
blip2_orig,350230,kitchen,2,person,person,wrong,False,unverifiable
blip2_orig,350230,kitchen,3,area,,unverifiable,False,unverifiable
blip2_orig,355430,dining,1,object,,unverifiable,False,unverifiable
blip2_orig,355430,dining,2,person,person,wrong,False,unverifiable
blip2_orig,355430,dining,3,area,,unverifiable,False,unverifiable
blip2_orig,358465,bedroom,1,object,,unverifiable,False,unverifiable
blip2_orig,358465,bedroom,2,person,person,wrong,False,unverifiable
blip2_orig,358465,bedroom,3,area,,unverifiable,False,unverifiable
blip2_orig,358525,bedroom,1,object,,unverifiable,False,unverifiable
blip2_orig,358525,bedroom,2,person,person,correct,True,unverifiable
blip2_orig,358525,bedroom,3,area,,unverifiable,False,unverifiable
blip2_orig,362278,bathroom,1,object,,unverifiable,False,unverifiable
blip2_orig,362278,bathroom,2,person,person,wrong,False,unverifiable
blip2_orig,362278,bathroom,3,area,,unverifiable,False,unverifiable
blip2_orig,367386,living room,1,object,,unverifiable,False,unverifiable
blip2_orig,367386,living room,2,person,person,wrong,False,unverifiable
blip2_orig,367386,living room,3,area,,unverifiable,False,unverifiable
blip2_orig,367569,living room,1,object,,unverifiable,False,unverifiable
blip2_orig,367569,living room,2,person,person,wrong,False,unverifiable
blip2_orig,367569,living room,3,area,,unverifiable,False,unverifiable
blip2_orig,368349,bathroom,1,object,,unverifiable,False,unverifiable
blip2_orig,368349,bathroom,2,person,person,wrong,False,unverifiable
blip2_orig,368349,bathroom,3,area,,unverifiable,False,unverifiable
blip2_orig,369373,living room,1,object,,unverifiable,False,unverifiable
blip2_orig,369373,living room,2,person,person,correct,True,unverifiable
blip2_orig,369373,living room,3,area,,unverifiable,False,unverifiable
blip2_orig,370818,bathroom,1,object,,unverifiable,False,unverifiable
blip2_orig,370818,bathroom,2,person,person,wrong,False,unverifiable
blip2_orig,370818,bathroom,3,area,,unverifiable,False,unverifiable
blip2_orig,374628,kitchen,1,object,,unverifiable,False,unverifiable
blip2_orig,374628,kitchen,2,person,person,wrong,False,unverifiable
blip2_orig,374628,kitchen,3,area,,unverifiable,False,unverifiable
blip2_orig,375878,bathroom,1,object,,unverifiable,False,unverifiable
blip2_orig,375878,bathroom,2,person,person,wrong,False,unverifiable
blip2_orig,375878,bathroom,3,area,,unverifiable,False,unverifiable
blip2_orig,381330,kitchen,1,object,,unverifiable,False,unverifiable
blip2_orig,381330,kitchen,2,person,person,correct,True,unverifiable
blip2_orig,381330,kitchen,3,area,,unverifiable,False,unverifiable
blip2_orig,381605,living room,1,object,,unverifiable,False,unverifiable
blip2_orig,381605,living room,2,person,person,wrong,False,unverifiable
blip2_orig,381605,living room,3,area,,unverifiable,False,unverifiable
blip2_orig,383549,living room,1,object,,unverifiable,False,unverifiable
blip2_orig,383549,living room,2,person,person,wrong,False,unverifiable
blip2_orig,383549,living room,3,area,,unverifiable,False,unverifiable
blip2_orig,386799,bathroom,1,object,,unverifiable,False,unverifiable
blip2_orig,386799,bathroom,2,person,person,wrong,False,unverifiable
blip2_orig,386799,bathroom,3,area,,unverifiable,False,unverifiable
blip2_orig,395259,bedroom,1,object,,unverifiable,False,unverifiable
blip2_orig,395259,bedroom,2,person,person,wrong,False,unverifiable
blip2_orig,395259,bedroom,3,area,,unverifiable,False,unverifiable
blip2_orig,395701,living room,1,object,,unverifiable,False,unverifiable
blip2_orig,395701,living room,2,person,person,wrong,False,unverifiable
blip2_orig,395701,living room,3,area,,unverifiable,False,unverifiable
blip2_orig,396526,dining,1,object,,unverifiable,False,unverifiable
blip2_orig,396526,dining,2,person,person,wrong,False,unverifiable
blip2_orig,396526,dining,3,area,,unverifiable,False,unverifiable
blip2_orig,396691,kitchen,1,object,,unverifiable,False,unverifiable
blip2_orig,396691,kitchen,2,person,person,correct,True,unverifiable
blip2_orig,396691,kitchen,3,area,,unverifiable,False,unverifiable
blip2_orig,397354,kitchen,1,object,,unverifiable,False,unverifiable
blip2_orig,397354,kitchen,2,person,person,correct,True,unverifiable
blip2_orig,397354,kitchen,3,area,,unverifiable,False,unverifiable
blip2_orig,401060,bedroom,1,object,,unverifiable,False,unverifiable
blip2_orig,401060,bedroom,2,person,person,wrong,False,unverifiable
blip2_orig,401060,bedroom,3,area,,unverifiable,False,unverifiable
blip2_orig,403114,bathroom,1,object,,unverifiable,False,unverifiable
blip2_orig,403114,bathroom,2,person,person,wrong,False,unverifiable
blip2_orig,403114,bathroom,3,area,,unverifiable,False,unverifiable
blip2_orig,404678,dining,1,object,,unverifiable,False,unverifiable
blip2_orig,404678,dining,2,person,person,correct,True,unverifiable
blip2_orig,404678,dining,3,area,,unverifiable,False,unverifiable
blip2_orig,407685,living room,1,object,,unverifiable,False,unverifiable
blip2_orig,407685,living room,2,person,person,correct,True,unverifiable
blip2_orig,407685,living room,3,area,,unverifiable,False,unverifiable
blip2_orig,408192,living room,1,object,,unverifiable,False,unverifiable
blip2_orig,408192,living room,2,person,person,correct,True,unverifiable
blip2_orig,408192,living room,3,area,,unverifiable,False,unverifiable
blip2_orig,410144,kitchen,1,object,,unverifiable,False,unverifiable
blip2_orig,410144,kitchen,2,person,person,correct,True,unverifiable
blip2_orig,410144,kitchen,3,area,,unverifiable,False,unverifiable
blip2_orig,411685,bathroom,1,object,,unverifiable,False,unverifiable
blip2_orig,411685,bathroom,2,person,person,wrong,False,unverifiable
blip2_orig,411685,bathroom,3,area,,unverifiable,False,unverifiable
blip2_orig,415646,bedroom,1,object,,unverifiable,False,unverifiable
blip2_orig,415646,bedroom,2,person,person,wrong,False,unverifiable
blip2_orig,415646,bedroom,3,area,,unverifiable,False,unverifiable
blip2_orig,416575,bedroom,1,object,,unverifiable,False,unverifiable
blip2_orig,416575,bedroom,2,person,person,correct,True,unverifiable
blip2_orig,416575,bedroom,3,area,,unverifiable,False,unverifiable
blip2_orig,422350,kitchen,1,object,,unverifiable,False,unverifiable
blip2_orig,422350,kitchen,2,person,person,wrong,False,unverifiable
blip2_orig,422350,kitchen,3,area,,unverifiable,False,unverifiable
blip2_orig,422654,kitchen,1,object,,unverifiable,False,unverifiable
blip2_orig,422654,kitchen,2,person,person,wrong,False,unverifiable
blip2_orig,422654,kitchen,3,area,,unverifiable,False,unverifiable
blip2_orig,427040,bedroom,1,object,,unverifiable,False,unverifiable
blip2_orig,427040,bedroom,2,person,person,correct,True,unverifiable
blip2_orig,427040,bedroom,3,area,,unverifiable,False,unverifiable
blip2_orig,431154,bedroom,1,object,,unverifiable,False,unverifiable
blip2_orig,431154,bedroom,2,person,person,wrong,False,unverifiable
blip2_orig,431154,bedroom,3,area,,unverifiable,False,unverifiable
blip2_orig,434098,bathroom,1,object,,unverifiable,False,unverifiable
blip2_orig,434098,bathroom,2,person,person,correct,True,unverifiable
blip2_orig,434098,bathroom,3,area,,unverifiable,False,unverifiable
blip2_orig,437898,kitchen,1,object,,unverifiable,False,unverifiable
blip2_orig,437898,kitchen,2,person,person,wrong,False,unverifiable
blip2_orig,437898,kitchen,3,area,,unverifiable,False,unverifiable
blip2_orig,438314,bedroom,1,object,,unverifiable,False,unverifiable
blip2_orig,438314,bedroom,2,person,person,wrong,False,unverifiable
blip2_orig,438314,bedroom,3,area,,unverifiable,False,unverifiable
blip2_orig,439364,bathroom,1,object,,unverifiable,False,unverifiable
blip2_orig,439364,bathroom,2,person,person,wrong,False,unverifiable
blip2_orig,439364,bathroom,3,area,,unverifiable,False,unverifiable
blip2_orig,439689,living room,1,object,,unverifiable,False,unverifiable
blip2_orig,439689,living room,2,person,person,wrong,False,unverifiable
blip2_orig,439689,living room,3,area,,unverifiable,False,unverifiable
blip2_orig,445306,kitchen,1,object,,unverifiable,False,unverifiable
blip2_orig,445306,kitchen,2,person,person,correct,True,unverifiable
blip2_orig,445306,kitchen,3,area,,unverifiable,False,unverifiable
blip2_orig,445658,kitchen,1,object,,unverifiable,False,unverifiable
blip2_orig,445658,kitchen,2,person,person,wrong,False,unverifiable
blip2_orig,445658,kitchen,3,area,,unverifiable,False,unverifiable
blip2_orig,448795,kitchen,1,object,,unverifiable,False,unverifiable
blip2_orig,448795,kitchen,2,person,person,wrong,False,unverifiable
blip2_orig,448795,kitchen,3,area,,unverifiable,False,unverifiable
blip2_orig,453302,kitchen,1,object,,unverifiable,False,unverifiable
blip2_orig,453302,kitchen,2,person,person,wrong,False,unverifiable
blip2_orig,453302,kitchen,3,area,,unverifiable,False,unverifiable
blip2_orig,453341,living room,1,object,,unverifiable,False,unverifiable
blip2_orig,453341,living room,2,person,person,wrong,False,unverifiable
blip2_orig,453341,living room,3,area,,unverifiable,False,unverifiable
blip2_orig,455301,bedroom,1,object,,unverifiable,False,unverifiable
blip2_orig,455301,bedroom,2,person,person,correct,True,unverifiable
blip2_orig,455301,bedroom,3,area,,unverifiable,False,unverifiable
blip2_orig,458410,living room,1,object,,unverifiable,False,unverifiable
blip2_orig,458410,living room,2,person,person,wrong,False,unverifiable
blip2_orig,458410,living room,3,area,,unverifiable,False,unverifiable
blip2_orig,460494,dining,1,object,,unverifiable,False,unverifiable
blip2_orig,460494,dining,2,person,person,wrong,False,unverifiable
blip2_orig,460494,dining,3,area,,unverifiable,False,unverifiable
blip2_orig,461172,dining,1,object,,unverifiable,False,unverifiable
blip2_orig,461172,dining,2,person,person,wrong,False,unverifiable
blip2_orig,461172,dining,3,area,,unverifiable,False,unverifiable
blip2_orig,466256,dining,1,object,,unverifiable,False,unverifiable
blip2_orig,466256,dining,2,person,person,wrong,False,unverifiable
blip2_orig,466256,dining,3,area,,unverifiable,False,unverifiable
blip2_orig,467315,dining,1,object,,unverifiable,False,unverifiable
blip2_orig,467315,dining,2,person,person,correct,True,unverifiable
blip2_orig,467315,dining,3,area,,unverifiable,False,unverifiable
blip2_orig,468422,kitchen,1,object,,unverifiable,False,unverifiable
blip2_orig,468422,kitchen,2,person,person,correct,True,unverifiable
blip2_orig,468422,kitchen,3,area,,unverifiable,False,unverifiable
blip2_orig,468505,dining,1,object,,unverifiable,False,unverifiable
blip2_orig,468505,dining,2,person,person,correct,True,unverifiable
blip2_orig,468505,dining,3,area,,unverifiable,False,unverifiable
blip2_orig,468659,living room,1,object,,unverifiable,False,unverifiable
blip2_orig,468659,living room,2,person,person,wrong,False,unverifiable
blip2_orig,468659,living room,3,area,,unverifiable,False,unverifiable
blip2_orig,469795,bathroom,1,object,,unverifiable,False,unverifiable
blip2_orig,469795,bathroom,2,person,person,wrong,False,unverifiable
blip2_orig,469795,bathroom,3,area,,unverifiable,False,unverifiable
blip2_orig,469902,bedroom,1,object,,unverifiable,False,unverifiable
blip2_orig,469902,bedroom,2,person,person,wrong,False,unverifiable
blip2_orig,469902,bedroom,3,area,,unverifiable,False,unverifiable
blip2_orig,472046,kitchen,1,object,,unverifiable,False,unverifiable
blip2_orig,472046,kitchen,2,person,person,wrong,False,unverifiable
blip2_orig,472046,kitchen,3,area,,unverifiable,False,unverifiable
blip2_orig,473294,bedroom,1,object,,unverifiable,False,unverifiable
blip2_orig,473294,bedroom,2,person,person,wrong,False,unverifiable
blip2_orig,473294,bedroom,3,area,,unverifiable,False,unverifiable
blip2_orig,473821,living room,1,object,,unverifiable,False,unverifiable
blip2_orig,473821,living room,2,person,person,wrong,False,unverifiable
blip2_orig,473821,living room,3,area,,unverifiable,False,unverifiable
blip2_orig,479360,bedroom,1,object,,unverifiable,False,unverifiable
blip2_orig,479360,bedroom,2,person,person,wrong,False,unverifiable
blip2_orig,479360,bedroom,3,area,,unverifiable,False,unverifiable
blip2_orig,480712,bedroom,1,object,,unverifiable,False,unverifiable
blip2_orig,480712,bedroom,2,person,person,wrong,False,unverifiable
blip2_orig,480712,bedroom,3,area,,unverifiable,False,unverifiable
blip2_orig,481819,living room,1,object,,unverifiable,False,unverifiable
blip2_orig,481819,living room,2,person,person,correct,True,unverifiable
blip2_orig,481819,living room,3,area,,unverifiable,False,unverifiable
blip2_orig,485628,bathroom,1,object,,unverifiable,False,unverifiable
blip2_orig,485628,bathroom,2,person,person,wrong,False,unverifiable
blip2_orig,485628,bathroom,3,area,,unverifiable,False,unverifiable
blip2_orig,487583,bathroom,1,object,,unverifiable,False,unverifiable
blip2_orig,487583,bathroom,2,person,person,wrong,False,unverifiable
blip2_orig,487583,bathroom,3,area,,unverifiable,False,unverifiable
blip2_orig,490505,kitchen,1,object,,unverifiable,False,unverifiable
blip2_orig,490505,kitchen,2,person,person,correct,True,unverifiable
blip2_orig,490505,kitchen,3,area,,unverifiable,False,unverifiable
blip2_orig,491063,bathroom,1,object,,unverifiable,False,unverifiable
blip2_orig,491063,bathroom,2,person,person,wrong,False,unverifiable
blip2_orig,491063,bathroom,3,area,,unverifiable,False,unverifiable
blip2_orig,491216,kitchen,1,object,,unverifiable,False,unverifiable
blip2_orig,491216,kitchen,2,person,person,wrong,False,unverifiable
blip2_orig,491216,kitchen,3,area,,unverifiable,False,unverifiable
blip2_orig,491497,living room,1,object,,unverifiable,False,unverifiable
blip2_orig,491497,living room,2,person,person,wrong,False,unverifiable
blip2_orig,491497,living room,3,area,,unverifiable,False,unverifiable
blip2_orig,491742,bathroom,1,object,,unverifiable,False,unverifiable
blip2_orig,491742,bathroom,2,person,person,correct,True,unverifiable
blip2_orig,491742,bathroom,3,area,,unverifiable,False,unverifiable
blip2_orig,492183,kitchen,1,object,,unverifiable,False,unverifiable
blip2_orig,492183,kitchen,2,person,person,wrong,False,unverifiable
blip2_orig,492183,kitchen,3,area,,unverifiable,False,unverifiable
blip2_orig,492719,bathroom,1,object,,unverifiable,False,unverifiable
blip2_orig,492719,bathroom,2,person,person,wrong,False,unverifiable
blip2_orig,492719,bathroom,3,area,,unverifiable,False,unverifiable
blip2_orig,492810,kitchen,1,object,,unverifiable,False,unverifiable
blip2_orig,492810,kitchen,2,person,person,wrong,False,unverifiable
blip2_orig,492810,kitchen,3,area,,unverifiable,False,unverifiable
blip2_orig,493114,living room,1,object,,unverifiable,False,unverifiable
blip2_orig,493114,living room,2,person,person,correct,True,unverifiable
blip2_orig,493114,living room,3,area,,unverifiable,False,unverifiable
blip2_orig,497626,bedroom,1,object,,unverifiable,False,unverifiable
blip2_orig,497626,bedroom,2,person,person,wrong,False,unverifiable
blip2_orig,497626,bedroom,3,area,,unverifiable,False,unverifiable
blip2_orig,503697,living room,1,object,,unverifiable,False,unverifiable
blip2_orig,503697,living room,2,person,person,wrong,False,unverifiable
blip2_orig,503697,living room,3,area,,unverifiable,False,unverifiable
blip2_orig,504493,bathroom,1,object,,unverifiable,False,unverifiable
blip2_orig,504493,bathroom,2,person,person,wrong,False,unverifiable
blip2_orig,504493,bathroom,3,area,,unverifiable,False,unverifiable
blip2_orig,505086,bedroom,1,object,,unverifiable,False,unverifiable
blip2_orig,505086,bedroom,2,person,person,wrong,False,unverifiable
blip2_orig,505086,bedroom,3,area,,unverifiable,False,unverifiable
blip2_orig,508899,living room,1,object,,unverifiable,False,unverifiable
blip2_orig,508899,living room,2,person,person,wrong,False,unverifiable
blip2_orig,508899,living room,3,area,,unverifiable,False,unverifiable
blip2_orig,510852,bathroom,1,object,,unverifiable,False,unverifiable
blip2_orig,510852,bathroom,2,person,person,wrong,False,unverifiable
blip2_orig,510852,bathroom,3,area,,unverifiable,False,unverifiable
blip2_orig,511430,kitchen,1,object,,unverifiable,False,unverifiable
blip2_orig,511430,kitchen,2,person,person,wrong,False,unverifiable
blip2_orig,511430,kitchen,3,area,,unverifiable,False,unverifiable
blip2_orig,513138,living room,1,object,,unverifiable,False,unverifiable
blip2_orig,513138,living room,2,person,person,wrong,False,unverifiable
blip2_orig,513138,living room,3,area,,unverifiable,False,unverifiable
blip2_orig,514914,bathroom,1,object,,unverifiable,False,unverifiable
blip2_orig,514914,bathroom,2,person,person,wrong,False,unverifiable
blip2_orig,514914,bathroom,3,area,,unverifiable,False,unverifiable
blip2_orig,516856,dining,1,object,,unverifiable,False,unverifiable
blip2_orig,516856,dining,2,person,person,correct,True,unverifiable
blip2_orig,516856,dining,3,area,,unverifiable,False,unverifiable
blip2_orig,523978,bathroom,1,object,,unverifiable,False,unverifiable
blip2_orig,523978,bathroom,2,person,person,wrong,False,unverifiable
blip2_orig,523978,bathroom,3,area,,unverifiable,False,unverifiable
blip2_orig,529069,bathroom,1,object,,unverifiable,False,unverifiable
blip2_orig,529069,bathroom,2,person,person,wrong,False,unverifiable
blip2_orig,529069,bathroom,3,area,,unverifiable,False,unverifiable
blip2_orig,530229,living room,1,object,,unverifiable,False,unverifiable
blip2_orig,530229,living room,2,person,person,wrong,False,unverifiable
blip2_orig,530229,living room,3,area,,unverifiable,False,unverifiable
blip2_orig,530836,kitchen,1,object,,unverifiable,False,unverifiable
blip2_orig,530836,kitchen,2,person,person,wrong,False,unverifiable
blip2_orig,530836,kitchen,3,area,,unverifiable,False,unverifiable
blip2_orig,530933,bathroom,1,object,,unverifiable,False,unverifiable
blip2_orig,530933,bathroom,2,person,person,wrong,False,unverifiable
blip2_orig,530933,bathroom,3,area,,unverifiable,False,unverifiable
blip2_orig,531441,dining,1,object,,unverifiable,False,unverifiable
blip2_orig,531441,dining,2,person,person,correct,True,unverifiable
blip2_orig,531441,dining,3,area,,unverifiable,False,unverifiable
blip2_orig,531852,living room,1,object,,unverifiable,False,unverifiable
blip2_orig,531852,living room,2,person,person,correct,True,unverifiable
blip2_orig,531852,living room,3,area,,unverifiable,False,unverifiable
blip2_orig,533255,kitchen,1,object,,unverifiable,False,unverifiable
blip2_orig,533255,kitchen,2,person,person,wrong,False,unverifiable
blip2_orig,533255,kitchen,3,area,,unverifiable,False,unverifiable
blip2_orig,534456,living room,1,object,,unverifiable,False,unverifiable
blip2_orig,534456,living room,2,person,person,correct,True,unverifiable
blip2_orig,534456,living room,3,area,,unverifiable,False,unverifiable
blip2_orig,536947,kitchen,1,object,,unverifiable,False,unverifiable
blip2_orig,536947,kitchen,2,person,person,wrong,False,unverifiable
blip2_orig,536947,kitchen,3,area,,unverifiable,False,unverifiable
blip2_orig,537944,dining,1,object,,unverifiable,False,unverifiable
blip2_orig,537944,dining,2,person,person,wrong,False,unverifiable
blip2_orig,537944,dining,3,area,,unverifiable,False,unverifiable
blip2_orig,541332,bathroom,1,object,,unverifiable,False,unverifiable
blip2_orig,541332,bathroom,2,person,person,wrong,False,unverifiable
blip2_orig,541332,bathroom,3,area,,unverifiable,False,unverifiable
blip2_orig,541634,dining,1,object,,unverifiable,False,unverifiable
blip2_orig,541634,dining,2,person,person,wrong,False,unverifiable
blip2_orig,541634,dining,3,area,,unverifiable,False,unverifiable
blip2_orig,546219,dining,1,object,,unverifiable,False,unverifiable
blip2_orig,546219,dining,2,person,person,correct,True,correct
blip2_orig,546219,dining,3,area,,unverifiable,False,unverifiable
blip2_orig,546964,living room,1,object,,unverifiable,False,unverifiable
blip2_orig,546964,living room,2,person,person,correct,True,unverifiable
blip2_orig,546964,living room,3,area,,unverifiable,False,unverifiable
blip2_orig,547742,living room,1,object,,unverifiable,False,unverifiable
blip2_orig,547742,living room,2,person,person,wrong,False,unverifiable
blip2_orig,547742,living room,3,area,,unverifiable,False,unverifiable
blip2_orig,554658,kitchen,1,object,,unverifiable,False,unverifiable
blip2_orig,554658,kitchen,2,person,person,wrong,False,unverifiable
blip2_orig,554658,kitchen,3,area,,unverifiable,False,unverifiable
blip2_orig,554809,bathroom,1,object,,unverifiable,False,unverifiable
blip2_orig,554809,bathroom,2,person,person,correct,True,unverifiable
blip2_orig,554809,bathroom,3,area,,unverifiable,False,unverifiable
blip2_orig,556633,bathroom,1,object,,unverifiable,False,unverifiable
blip2_orig,556633,bathroom,2,person,person,wrong,False,unverifiable
blip2_orig,556633,bathroom,3,area,,unverifiable,False,unverifiable
blip2_orig,557172,bathroom,1,object,,unverifiable,False,unverifiable
blip2_orig,557172,bathroom,2,person,person,wrong,False,unverifiable
blip2_orig,557172,bathroom,3,area,,unverifiable,False,unverifiable
blip2_orig,559550,dining,1,object,,unverifiable,False,unverifiable
blip2_orig,559550,dining,2,person,person,correct,True,unverifiable
blip2_orig,559550,dining,3,area,,unverifiable,False,unverifiable
blip2_orig,567825,dining,1,object,,unverifiable,False,unverifiable
blip2_orig,567825,dining,2,person,person,wrong,False,unverifiable
blip2_orig,567825,dining,3,area,,unverifiable,False,unverifiable
blip2_orig,571764,kitchen,1,object,,unverifiable,False,unverifiable
blip2_orig,571764,kitchen,2,person,person,correct,True,unverifiable
blip2_orig,571764,kitchen,3,area,,unverifiable,False,unverifiable
blip2_orig,574940,living room,1,object,,unverifiable,False,unverifiable
blip2_orig,574940,living room,2,person,person,wrong,False,unverifiable
blip2_orig,574940,living room,3,area,,unverifiable,False,unverifiable
blip2_orig,577507,kitchen,1,object,,unverifiable,False,unverifiable
blip2_orig,577507,kitchen,2,person,person,wrong,False,unverifiable
blip2_orig,577507,kitchen,3,area,,unverifiable,False,unverifiable
blip2_orig,578489,living room,1,object,,unverifiable,False,unverifiable
blip2_orig,578489,living room,2,person,person,correct,True,unverifiable
blip2_orig,578489,living room,3,area,,unverifiable,False,unverifiable
blip2_orig,578871,dining,1,object,,unverifiable,False,unverifiable
blip2_orig,578871,dining,2,person,person,correct,True,unverifiable
blip2_orig,578871,dining,3,area,,unverifiable,False,unverifiable
blip2_orig,580026,dining,1,object,,unverifiable,False,unverifiable
blip2_orig,580026,dining,2,person,person,correct,True,correct
blip2_orig,580026,dining,3,area,,unverifiable,False,unverifiable
blip2_qa,5335,bathroom,1,washing machine,automatic_washer,correct,True,correct
blip2_qa,5335,bathroom,2,sink,sink,correct,True,correct
blip2_qa,5335,bathroom,3,toilet,toilet,wrong,False,unverifiable
blip2_qa,5335,bathroom,4,shower,,unverifiable,False,unverifiable
blip2_qa,5335,bathroom,5,cabinet,cabinet,unverifiable,False,unverifiable
blip2_qa,5335,bathroom,6,washer,,unverifiable,False,unverifiable
blip2_qa,5335,bathroom,7,dryer,,unverifiable,False,unverifiable
blip2_qa,7574,kitchen,1,kitchen sink,kitchen_sink,correct,True,correct
blip2_qa,7574,kitchen,2,refrigerator,refrigerator,correct,True,correct
blip2_qa,7574,kitchen,3,microwave,microwave_oven,correct,True,correct
blip2_qa,7574,kitchen,4,dishwasher,dishwasher,unverifiable,False,unverifiable
blip2_qa,7574,kitchen,5,garbage can,trash_can,unverifiable,False,unverifiable
blip2_qa,12873,bathroom,1,child,person,correct,True,unverifiable
blip2_qa,12873,bathroom,2,teeth,,unverifiable,False,unverifiable
blip2_qa,14635,kitchen,1,table,table,unverifiable,False,unverifiable
blip2_qa,14635,kitchen,2,chair,chair,correct,True,unverifiable
blip2_qa,14635,kitchen,3,woman,person,correct,True,unverifiable
blip2_qa,16958,living room,1,fireplace,fireplace,correct,True,correct
blip2_qa,16958,living room,2,desk,desk,correct,True,correct
blip2_qa,16958,living room,3,chair,chair,correct,True,correct
blip2_qa,16958,living room,4,bookcase,bookcase,unverifiable,False,unverifiable
blip2_qa,16958,living room,5,cabinet,cabinet,unverifiable,False,unverifiable
blip2_qa,17580,kitchen,1,microwave,microwave_oven,correct,True,correct
blip2_qa,17580,kitchen,2,refrigerator,refrigerator,correct,True,correct
blip2_qa,17580,kitchen,3,table,table,unverifiable,False,unverifiable
blip2_qa,17580,kitchen,4,chair,chair,wrong,False,unverifiable
blip2_qa,17580,kitchen,5,floor,,unverifiable,False,unverifiable
blip2_qa,23258,dining,1,table,table,unverifiable,True,unverifiable
blip2_qa,23258,dining,2,chair,chair,wrong,False,unverifiable
blip2_qa,23258,dining,3,bottle of wine,bottle,correct,True,unverifiable
blip2_qa,23258,dining,4,woman,person,correct,True,unverifiable
blip2_qa,28903,bathroom,1,cat,cat,correct,True,unverifiable
blip2_qa,28903,bathroom,2,hairdryer,,unverifiable,False,unverifiable
blip2_qa,29288,living room,1,couch,sofa,correct,True,correct
blip2_qa,29288,living room,2,coffee table,coffee_table,unverifiable,False,unverifiable
blip2_qa,29288,living room,3,mirror,mirror,unverifiable,False,unverifiable
blip2_qa,29288,living room,4,fireplace,fireplace,unverifiable,False,unverifiable
blip2_qa,31296,dining,1,people,,unverifiable,False,unverifiable
blip2_qa,31296,dining,2,table,table,unverifiable,True,unverifiable
blip2_qa,33909,bathroom,1,toilet,toilet,correct,True,correct
blip2_qa,33909,bathroom,2,bathtub,bathtub,correct,True,correct
blip2_qa,34524,bedroom,1,bed,bed,correct,True,correct
blip2_qa,34524,bedroom,2,clock,clock,wrong,False,unverifiable
blip2_qa,34524,bedroom,3,papers,newspaper,unverifiable,False,unverifiable
blip2_qa,35664,bedroom,1,bed,bed,correct,True,correct
blip2_qa,35664,bedroom,2,chair,chair,correct,True,unverifiable
blip2_qa,35664,bedroom,3,table,table,unverifiable,True,unverifiable
blip2_qa,35664,bedroom,4,fireplace,fireplace,correct,True,correct
blip2_qa,36494,dining,1,people,,unverifiable,False,unverifiable
blip2_qa,36844,kitchen,1,couch,sofa,correct,True,correct
blip2_qa,36844,kitchen,2,chair,chair,correct,True,unverifiable
blip2_qa,36844,kitchen,3,table,table,unverifiable,True,unverifiable
blip2_qa,36844,kitchen,4,lamp,lamp,correct,True,correct
blip2_qa,36844,kitchen,5,television,television_set,unverifiable,False,unverifiable
blip2_qa,36844,kitchen,6,fan,fan,correct,True,correct
blip2_qa,36936,living room,1,man,person,correct,True,unverifiable
blip2_qa,36936,living room,2,couch,sofa,correct,True,correct
blip2_qa,36936,living room,3,video game,,unverifiable,False,unverifiable
blip2_qa,43944,dining,1,plate of food,plate,unverifiable,False,unverifiable
blip2_qa,43944,dining,2,glass of beer,glass_(drink_container),unverifiable,False,unverifiable
blip2_qa,45404,bedroom,1,bed,bed,correct,True,correct
blip2_qa,45404,bedroom,2,table,table,unverifiable,False,unverifiable
blip2_qa,45404,bedroom,3,teddy bear,teddy_bear,correct,True,unverifiable
blip2_qa,46029,bedroom,1,bed,bed,correct,True,correct
blip2_qa,46029,bedroom,2,dresser,dresser,correct,True,correct
blip2_qa,46029,bedroom,3,bookcase,bookcase,correct,True,correct
blip2_qa,49984,bathroom,1,toilet,toilet,correct,True,correct
blip2_qa,49984,bathroom,2,sink,sink,correct,True,unverifiable
blip2_qa,49984,bathroom,3,mirror,mirror,unverifiable,False,unverifiable
blip2_qa,53328,living room,1,couch,sofa,correct,True,correct
blip2_qa,53328,living room,2,chair,chair,correct,True,correct
blip2_qa,53328,living room,3,men,,unverifiable,False,unverifiable
blip2_qa,53328,living room,4,video game,,unverifiable,False,unverifiable
blip2_qa,53457,bedroom,1,cat,cat,correct,True,correct
blip2_qa,53457,bedroom,2,tv,television_set,correct,True,correct
blip2_qa,54318,bedroom,1,bed,bed,correct,True,correct
blip2_qa,54318,bedroom,2,chair,chair,correct,True,unverifiable
blip2_qa,54318,bedroom,3,lamp,lamp,correct,True,correct
blip2_qa,61773,kitchen,1,women,,unverifiable,False,unverifiable
blip2_qa,61773,kitchen,2,cake,cake,correct,True,correct
blip2_qa,61925,bedroom,1,bed,bed,correct,True,correct
blip2_qa,61925,bedroom,2,desk,desk,unverifiable,False,unverifiable
blip2_qa,61925,bedroom,3,laptop,laptop_computer,correct,True,correct
blip2_qa,63081,living room,1,couch,sofa,correct,True,correct
blip2_qa,63081,living room,2,coffee table,coffee_table,correct,True,correct
blip2_qa,63081,living room,3,television,television_set,correct,True,correct
blip2_qa,63081,living room,4,window,,unverifiable,False,unverifiable
blip2_qa,63865,dining,1,pizza,pizza,correct,True,unverifiable
blip2_qa,63865,dining,2,glass of wine,glass_(drink_container),correct,True,correct
blip2_qa,63865,dining,3,table,table,unverifiable,True,unverifiable
blip2_qa,65884,living room,1,furniture,,unverifiable,False,unverifiable
blip2_qa,65884,living room,2,table,table,unverifiable,False,unverifiable
blip2_qa,65884,living room,3,chairs,chair,correct,True,unverifiable
blip2_qa,65884,living room,4,lamp,lamp,unverifiable,False,unverifiable
blip2_qa,65884,living room,5,window,,unverifiable,False,unverifiable
blip2_qa,67647,kitchen,1,refrigerator,refrigerator,correct,True,correct
blip2_qa,67647,kitchen,2,table,table,unverifiable,False,unverifiable
blip2_qa,67647,kitchen,3,chair,chair,correct,True,correct
blip2_qa,67647,kitchen,4,couch,sofa,correct,True,unverifiable
blip2_qa,67647,kitchen,5,chandelier,chandelier,correct,True,correct
blip2_qa,68260,kitchen,1,man,person,correct,True,unverifiable
blip2_qa,68260,kitchen,2,cat,cat,wrong,False,unverifiable
blip2_qa,68286,bedroom,1,bed,bed,correct,True,correct
blip2_qa,68286,bedroom,2,pillows,pillow,correct,True,correct
blip2_qa,68286,bedroom,3,lamp,lamp,unverifiable,False,unverifiable
blip2_qa,72961,bedroom,1,bed,bed,correct,True,correct
blip2_qa,72961,bedroom,2,tv,television_set,unverifiable,False,unverifiable
blip2_qa,72961,bedroom,3,men,,unverifiable,False,unverifiable
blip2_qa,72961,bedroom,4,wii,,unverifiable,False,unverifiable
blip2_qa,73326,kitchen,1,refrigerator,refrigerator,correct,True,correct
blip2_qa,74357,kitchen,1,couch,sofa,correct,True,correct
blip2_qa,74357,kitchen,2,coffee table,coffee_table,unverifiable,False,unverifiable
blip2_qa,74357,kitchen,3,television,television_set,unverifiable,False,unverifiable
blip2_qa,75110,bedroom,1,teddy bear,teddy_bear,correct,True,correct
blip2_qa,75110,bedroom,2,bed,bed,correct,True,correct
blip2_qa,75811,bathroom,1,toilet,toilet,correct,True,correct
blip2_qa,75811,bathroom,2,shower,,unverifiable,False,unverifiable
blip2_qa,75811,bathroom,3,cabinet,cabinet,correct,True,correct
blip2_qa,77177,living room,1,couch,sofa,correct,True,correct
blip2_qa,77177,living room,2,television,television_set,correct,True,correct
blip2_qa,77177,living room,3,coffee table,coffee_table,unverifiable,False,unverifiable
blip2_qa,77177,living room,4,chair,chair,wrong,False,unverifiable
blip2_qa,80369,kitchen,1,cake,cake,correct,True,correct
blip2_qa,80369,kitchen,2,ice cream,,unverifiable,False,unverifiable
blip2_qa,84680,kitchen,1,microwave,microwave_oven,correct,True,correct
blip2_qa,88040,dining,1,table,table,unverifiable,True,unverifiable
blip2_qa,88040,dining,2,food,,unverifiable,False,unverifiable
blip2_qa,98085,dining,1,plate of food,plate,correct,True,correct
blip2_qa,98085,dining,2,knife,knife,correct,True,correct
blip2_qa,98085,dining,3,fork,fork,unverifiable,False,unverifiable
blip2_qa,101630,bathroom,1,sink,sink,correct,True,correct
blip2_qa,101630,bathroom,2,mirror,mirror,unverifiable,False,unverifiable
blip2_qa,101630,bathroom,3,towel,towel,correct,True,correct
blip2_qa,101630,bathroom,4,bottle of shampoo,bottle,correct,True,correct
blip2_qa,101816,bathroom,1,woman,person,correct,True,unverifiable
blip2_qa,101816,bathroom,2,bathtub,bathtub,correct,True,correct
blip2_qa,102223,bedroom,1,dog,dog,correct,True,unverifiable
blip2_qa,102223,bedroom,2,cat,cat,wrong,False,unverifiable
blip2_qa,102320,bathroom,1,toilet,toilet,correct,True,correct
blip2_qa,102320,bathroom,2,sink,sink,correct,True,unverifiable
blip2_qa,102320,bathroom,3,bathtub,bathtub,correct,True,correct
blip2_qa,102718,bathroom,1,bathtub,bathtub,correct,True,correct
blip2_qa,102718,bathroom,2,sink,sink,correct,True,correct
blip2_qa,102718,bathroom,3,mirror,mirror,unverifiable,False,unverifiable
blip2_qa,102841,bedroom,1,bookshelves,,unverifiable,False,unverifiable
blip2_qa,102841,bedroom,2,cat,cat,correct,True,unverifiable
blip2_qa,103119,kitchen,1,stove,stove,correct,True,correct
blip2_qa,103119,kitchen,2,microwave oven,microwave_oven,correct,True,correct
blip2_qa,103119,kitchen,3,kettle,kettle,unverifiable,False,unverifiable
blip2_qa,103119,kitchen,4,bottle of tea,bottle,correct,True,correct
blip2_qa,106235,living room,1,couch,sofa,correct,True,unverifiable
blip2_qa,106235,living room,2,coffee table,coffee_table,correct,True,correct
blip2_qa,106235,living room,3,lamp,lamp,unverifiable,False,unverifiable
blip2_qa,110884,bathroom,1,sink,sink,correct,True,correct
blip2_qa,110884,bathroom,2,toilet,toilet,correct,True,correct
blip2_qa,110884,bathroom,3,mirror,mirror,correct,True,correct
blip2_qa,111951,bathroom,1,toilet,toilet,correct,True,correct
blip2_qa,111951,bathroom,2,sink,sink,correct,True,correct
blip2_qa,111951,bathroom,3,shower,,unverifiable,False,unverifiable
blip2_qa,114108,dining,1,pizza,pizza,correct,True,correct
blip2_qa,114108,dining,2,glass of wine,glass_(drink_container),unverifiable,False,unverifiable
blip2_qa,116479,bedroom,1,bed,bed,correct,True,correct
blip2_qa,116479,bedroom,2,canopy over it,,unverifiable,False,unverifiable
blip2_qa,117089,dining,1,table,table,unverifiable,True,unverifiable
blip2_qa,117089,dining,2,chair,chair,correct,True,unverifiable
blip2_qa,117089,dining,3,glass of orange juice,glass_(drink_container),unverifiable,False,unverifiable
blip2_qa,117089,dining,4,plate of french toast,plate,unverifiable,False,unverifiable
blip2_qa,121904,kitchen,1,refrigerator,refrigerator,correct,True,correct
blip2_qa,121904,kitchen,2,table,table,unverifiable,False,unverifiable
blip2_qa,121904,kitchen,3,chair,chair,correct,True,unverifiable
blip2_qa,125955,bathroom,1,toilet,toilet,correct,True,correct
blip2_qa,125955,bathroom,2,sink,sink,correct,True,correct
blip2_qa,125955,bathroom,3,mirror,mirror,unverifiable,False,unverifiable
blip2_qa,127168,bedroom,1,bed,bed,correct,True,correct
blip2_qa,127168,bedroom,2,window,,unverifiable,False,unverifiable
blip2_qa,127168,bedroom,3,clouds,,unverifiable,False,unverifiable
blip2_qa,127394,dining,1,food,,unverifiable,False,unverifiable
blip2_qa,129322,bathroom,1,toilet,toilet,correct,True,correct
blip2_qa,129322,bathroom,2,bathtub,bathtub,correct,True,correct
blip2_qa,129980,living room,1,sofa,sofa,correct,True,correct
blip2_qa,129980,living room,2,table,table,unverifiable,True,unverifiable
blip2_qa,129980,living room,3,chair,chair,correct,True,unverifiable
blip2_qa,129980,living room,4,lamp,lamp,correct,True,correct
blip2_qa,129980,living room,5,vase,vase,correct,True,correct
blip2_qa,134907,living room,1,man,person,correct,True,unverifiable
blip2_qa,134907,living room,2,couch,sofa,correct,True,correct
blip2_qa,134907,living room,3,book,book,correct,True,correct
blip2_qa,134907,living room,4,laptop computer,laptop_computer,correct,True,correct
blip2_qa,140487,living room,1,man,person,correct,True,unverifiable
blip2_qa,140487,living room,2,bike,bicycle,correct,True,correct
blip2_qa,140987,dining,1,pizza,pizza,correct,True,correct
blip2_qa,140987,dining,2,drinks,,unverifiable,False,unverifiable
blip2_qa,141180,bedroom,1,laptop,laptop_computer,correct,True,unverifiable
blip2_qa,141180,bedroom,2,cell phone,cellular_telephone,correct,True,correct
blip2_qa,141180,bedroom,3,pair of headphones,,unverifiable,False,unverifiable
blip2_qa,141795,bathroom,1,toilet,toilet,correct,True,correct
blip2_qa,141795,bathroom,2,sink,sink,correct,True,correct
blip2_qa,141795,bathroom,3,mirror,mirror,unverifiable,False,unverifiable
blip2_qa,142240,kitchen,1,turkey,turkey_(food),correct,True,correct
blip2_qa,142240,kitchen,2,pot,pot,correct,True,correct
blip2_qa,142240,kitchen,3,pan,pan_(for_cooking),correct,True,correct
blip2_qa,142240,kitchen,4,oven,oven,correct,True,correct
blip2_qa,142291,living room,1,couch,sofa,correct,True,correct
blip2_qa,142291,living room,2,coffee table,coffee_table,unverifiable,False,unverifiable
blip2_qa,142291,living room,3,children,,unverifiable,False,unverifiable
blip2_qa,149184,kitchen,1,refrigerator,refrigerator,correct,True,correct
blip2_qa,149184,kitchen,2,microwave,microwave_oven,correct,True,correct
blip2_qa,149184,kitchen,3,table,table,unverifiable,False,unverifiable
blip2_qa,149184,kitchen,4,chair,chair,correct,True,unverifiable
blip2_qa,150417,kitchen,1,woman,person,correct,True,unverifiable
blip2_qa,150417,kitchen,2,birthday cake,birthday_cake,unverifiable,False,unverifiable
blip2_qa,150874,bedroom,1,bed,bed,correct,True,correct
blip2_qa,150874,bedroom,2,chair,chair,correct,True,unverifiable
blip2_qa,150874,bedroom,3,table,table,unverifiable,True,unverifiable
blip2_qa,151414,bedroom,1,couch,sofa,correct,True,unverifiable
blip2_qa,151414,bedroom,2,lamp,lamp,unverifiable,False,unverifiable
blip2_qa,151414,bedroom,3,cat,cat,correct,True,unverifiable
blip2_qa,152298,bathroom,1,towels,towel,unverifiable,True,unverifiable
blip2_qa,152298,bathroom,2,toilet paper,toilet_tissue,correct,True,correct
blip2_qa,152298,bathroom,3,mirror,mirror,correct,True,correct
blip2_qa,154358,living room,1,living room,,unverifiable,False,unverifiable
blip2_qa,154358,living room,2,couch,sofa,wrong,False,unverifiable
blip2_qa,154358,living room,3,coffee table,coffee_table,correct,True,correct
blip2_qa,154358,living room,4,rug,,unverifiable,False,unverifiable
blip2_qa,154358,living room,5,chair,chair,correct,True,unverifiable
blip2_qa,154358,living room,6,mirror,mirror,correct,True,correct
blip2_qa,154431,living room,1,television,television_set,correct,True,correct
blip2_qa,154431,living room,2,mannequin,,unverifiable,False,unverifiable
blip2_qa,154431,living room,3,window,,unverifiable,False,unverifiable
blip2_qa,154704,dining,1,boy,person,correct,True,unverifiable
blip2_qa,154704,dining,2,breakfast,,unverifiable,False,unverifiable
blip2_qa,156643,dining,1,cake,cake,correct,True,correct
blip2_qa,156643,dining,2,beer,,unverifiable,False,unverifiable
blip2_qa,156643,dining,3,bear,bear,wrong,False,unverifiable
blip2_qa,157045,bathroom,1,toilet,toilet,correct,True,correct
blip2_qa,157045,bathroom,2,sink,sink,correct,True,correct
blip2_qa,157045,bathroom,3,window,,unverifiable,False,unverifiable
blip2_qa,158880,bathroom,1,toilet,toilet,correct,True,correct
blip2_qa,158880,bathroom,2,paper towel dispenser,dispenser,unverifiable,False,unverifiable
blip2_qa,163589,dining,1,sandwich,sandwich,correct,True,correct
blip2_qa,163589,dining,2,glass of wine,glass_(drink_container),unverifiable,True,unverifiable
blip2_qa,163589,dining,3,plate of food,plate,unverifiable,False,unverifiable
blip2_qa,164005,bedroom,1,baby,person,correct,True,unverifiable
blip2_qa,164005,bedroom,2,bed,bed,correct,True,correct
blip2_qa,164005,bedroom,3,laptop computer,laptop_computer,correct,True,correct
blip2_qa,164602,bathroom,1,man,person,correct,True,unverifiable
blip2_qa,164602,bathroom,2,teeth,,unverifiable,False,unverifiable
blip2_qa,166313,bathroom,1,toilet,toilet,correct,True,correct
blip2_qa,166313,bathroom,2,sink,sink,correct,True,correct
blip2_qa,166313,bathroom,3,bathtub,bathtub,correct,True,correct
blip2_qa,166426,dining,1,plate of food,plate,unverifiable,False,unverifiable
blip2_qa,166426,dining,2,bottle of beer,bottle,correct,True,correct
blip2_qa,166533,kitchen,1,sink,sink,correct,True,unverifiable
blip2_qa,166533,kitchen,2,window,,unverifiable,False,unverifiable
blip2_qa,166533,kitchen,3,refrigerator,refrigerator,wrong,False,unverifiable
blip2_qa,167898,bathroom,1,toilet,toilet,correct,True,correct
blip2_qa,167898,bathroom,2,sink,sink,correct,True,unverifiable
blip2_qa,167898,bathroom,3,bathtub,bathtub,correct,True,correct
blip2_qa,170191,bedroom,1,man,person,correct,True,unverifiable
blip2_qa,170191,bedroom,2,leopard print robe,robe,unverifiable,False,unverifiable
blip2_qa,170191,bedroom,3,bed,bed,correct,True,correct
blip2_qa,170529,bedroom,1,chair,chair,correct,True,unverifiable
blip2_qa,170529,bedroom,2,mirror,mirror,unverifiable,False,unverifiable
blip2_qa,170529,bedroom,3,dresser,dresser,unverifiable,False,unverifiable
blip2_qa,171740,living room,1,couch,sofa,correct,True,correct
blip2_qa,171740,living room,2,lamp,lamp,correct,True,correct
blip2_qa,171740,living room,3,table,table,unverifiable,False,unverifiable
blip2_qa,171740,living room,4,shelf,,unverifiable,False,unverifiable
blip2_qa,173968,bathroom,1,toilet,toilet,correct,True,correct
blip2_qa,173968,bathroom,2,sink,sink,correct,True,unverifiable
blip2_qa,173968,bathroom,3,shower curtain,shower_curtain,correct,True,correct
blip2_qa,174964,bedroom,1,bed,bed,correct,True,correct
blip2_qa,174964,bedroom,2,dresser,dresser,unverifiable,False,unverifiable
blip2_qa,174964,bedroom,3,windows,,unverifiable,False,unverifiable
blip2_qa,175364,kitchen,1,stove,stove,correct,True,correct
blip2_qa,175364,kitchen,2,sink,sink,correct,True,unverifiable
blip2_qa,175364,kitchen,3,refrigerator,refrigerator,wrong,False,unverifiable
blip2_qa,175364,kitchen,4,table,table,unverifiable,False,unverifiable
blip2_qa,177824,living room,1,bed,bed,correct,True,unverifiable
blip2_qa,177824,living room,2,desk,desk,unverifiable,False,unverifiable
blip2_qa,177824,living room,3,table,table,unverifiable,False,unverifiable
blip2_qa,178504,bedroom,1,baby,person,correct,True,unverifiable
blip2_qa,178504,bedroom,2,crib,crib,unverifiable,False,unverifiable
blip2_qa,178690,living room,1,chair,chair,correct,True,unverifiable
blip2_qa,178690,living room,2,bookcase,bookcase,unverifiable,False,unverifiable
blip2_qa,178690,living room,3,television,television_set,correct,True,correct
blip2_qa,180908,bedroom,1,bed,bed,correct,True,correct
blip2_qa,180908,bedroom,2,chair,chair,wrong,False,unverifiable
blip2_qa,180908,bedroom,3,lamp,lamp,unverifiable,False,unverifiable
blip2_qa,185633,bathroom,1,toilet,toilet,wrong,False,unverifiable
blip2_qa,185633,bathroom,2,sink,sink,correct,True,correct
blip2_qa,185633,bathroom,3,bathtub,bathtub,correct,True,correct
blip2_qa,185633,bathroom,4,window,,unverifiable,False,unverifiable
blip2_qa,187243,bathroom,1,person,person,correct,True,unverifiable
blip2_qa,187243,bathroom,2,floor,,unverifiable,False,unverifiable
blip2_qa,189045,bedroom,1,bed,bed,correct,True,correct
blip2_qa,189045,bedroom,2,dresser,dresser,unverifiable,False,unverifiable
blip2_qa,189045,bedroom,3,birdcage,birdcage,unverifiable,False,unverifiable
blip2_qa,191997,kitchen,1,refrigerator,refrigerator,correct,True,correct
blip2_qa,191997,kitchen,2,table,table,unverifiable,False,unverifiable
blip2_qa,191997,kitchen,3,chair,chair,correct,True,correct
blip2_qa,193047,kitchen,1,man,person,correct,True,unverifiable
blip2_qa,193047,kitchen,2,coveralls,coverall,correct,True,correct
blip2_qa,193047,kitchen,3,painting a wall,,unverifiable,False,unverifiable
blip2_qa,194724,kitchen,1,pizza,pizza,correct,True,correct
blip2_qa,194724,kitchen,2,soda,pop_(soda),unverifiable,False,unverifiable
blip2_qa,194724,kitchen,3,newspaper,newspaper,unverifiable,False,unverifiable
blip2_qa,195754,living room,1,furniture,,unverifiable,False,unverifiable
blip2_qa,195754,living room,2,television,television_set,correct,True,correct
blip2_qa,195754,living room,3,fireplace,fireplace,correct,True,correct
blip2_qa,199502,bedroom,1,bed,bed,correct,True,correct
blip2_qa,199502,bedroom,2,chair,chair,correct,True,correct
blip2_qa,199502,bedroom,3,lamp,lamp,correct,True,correct
blip2_qa,200548,bathroom,1,toilet,toilet,correct,True,correct
blip2_qa,200548,bathroom,2,sink,sink,correct,True,unverifiable
blip2_qa,200548,bathroom,3,bathtub,bathtub,correct,True,correct
blip2_qa,200952,bedroom,1,couch,sofa,correct,True,unverifiable
blip2_qa,200952,bedroom,2,chair,chair,correct,True,unverifiable
blip2_qa,200952,bedroom,3,table,table,unverifiable,False,unverifiable
blip2_qa,200952,bedroom,4,television,television_set,correct,True,correct
blip2_qa,200952,bedroom,5,fan,fan,correct,True,correct
blip2_qa,200952,bedroom,6,luggage,suitcase,correct,True,correct
blip2_qa,204661,living room,1,person,person,correct,True,unverifiable
blip2_qa,204661,living room,2,cell phone,cellular_telephone,correct,True,correct
blip2_qa,205514,living room,1,living room,,unverifiable,False,unverifiable
blip2_qa,206395,living room,1,television,television_set,correct,True,correct
blip2_qa,206395,living room,2,table,table,unverifiable,False,unverifiable
blip2_qa,206395,living room,3,chair,chair,wrong,False,unverifiable
blip2_qa,206395,living room,4,boxes,box,correct,True,correct
blip2_qa,208778,bedroom,1,man,person,correct,True,unverifiable
blip2_qa,208778,bedroom,2,hospital bed,bed,correct,True,correct
blip2_qa,209802,bathroom,1,toilet,toilet,correct,True,correct
blip2_qa,209802,bathroom,2,sink,sink,correct,True,unverifiable
blip2_qa,209802,bathroom,3,shower,,unverifiable,False,unverifiable
blip2_qa,209802,bathroom,4,bathtub,bathtub,unverifiable,False,unverifiable
blip2_qa,210612,bedroom,1,bed,bed,correct,True,correct
blip2_qa,210612,bedroom,2,dresser,dresser,unverifiable,False,unverifiable
blip2_qa,210612,bedroom,3,mirror,mirror,correct,True,correct
blip2_qa,215746,dining,1,sandwich,sandwich,correct,True,unverifiable
blip2_qa,215746,dining,2,fries,,unverifiable,False,unverifiable
blip2_qa,215746,dining,3,drink,,unverifiable,False,unverifiable
blip2_qa,217546,living room,1,people,,unverifiable,False,unverifiable
blip2_qa,217546,living room,2,couches,sofa,correct,True,correct
blip2_qa,217546,living room,3,pizza,pizza,wrong,False,unverifiable
blip2_qa,217546,living room,4,drinking beer,,unverifiable,False,unverifiable
blip2_qa,217546,living room,5,video games,,unverifiable,False,unverifiable
blip2_qa,218091,bedroom,1,bed,bed,correct,True,correct
blip2_qa,218091,bedroom,2,desk,desk,correct,True,correct
blip2_qa,218091,bedroom,3,chair,chair,correct,True,unverifiable
blip2_qa,218091,bedroom,4,lamp,lamp,correct,True,correct
blip2_qa,218091,bedroom,5,mirror,mirror,correct,True,correct
blip2_qa,222625,living room,1,young boy,person,correct,True,unverifiable
blip2_qa,222625,living room,2,table,table,unverifiable,False,unverifiable
blip2_qa,222625,living room,3,plate of food,plate,unverifiable,False,unverifiable
blip2_qa,223500,kitchen,1,sink,sink,correct,True,unverifiable
blip2_qa,223500,kitchen,2,window,,unverifiable,False,unverifiable
blip2_qa,223500,kitchen,3,stove,stove,unverifiable,False,unverifiable
blip2_qa,223500,kitchen,4,table,table,unverifiable,False,unverifiable
blip2_qa,223500,kitchen,5,chair,chair,wrong,False,unverifiable
blip2_qa,223500,kitchen,6,cupboard,cupboard,unverifiable,False,unverifiable
blip2_qa,223500,kitchen,7,curtain,curtain,correct,True,correct
blip2_qa,224367,bedroom,1,cats,cat,correct,True,correct
blip2_qa,224367,bedroom,2,bed,bed,correct,True,correct
blip2_qa,226329,living room,1,couch,sofa,correct,True,correct
blip2_qa,226329,living room,2,table,table,unverifiable,False,unverifiable
blip2_qa,226329,living room,3,chair,chair,correct,True,correct
blip2_qa,226329,living room,4,fire place,,unverifiable,False,unverifiable
blip2_qa,227985,dining,1,plate,plate,unverifiable,False,unverifiable
blip2_qa,227985,dining,2,sandwich,sandwich,correct,True,correct
blip2_qa,232088,living room,1,television,television_set,correct,True,correct
blip2_qa,232088,living room,2,couch,sofa,correct,True,unverifiable
blip2_qa,232088,living room,3,chair,chair,correct,True,unverifiable
blip2_qa,232088,living room,4,table,table,unverifiable,False,unverifiable
blip2_qa,232088,living room,5,window,,unverifiable,False,unverifiable
blip2_qa,232649,bathroom,1,toilet,toilet,correct,True,correct
blip2_qa,232649,bathroom,2,sink,sink,correct,True,unverifiable
blip2_qa,232649,bathroom,3,mirror,mirror,correct,True,correct
blip2_qa,234779,dining,1,food,,unverifiable,False,unverifiable
blip2_qa,238154,bedroom,1,bed,bed,correct,True,correct
blip2_qa,238154,bedroom,2,lamp,lamp,unverifiable,False,unverifiable
blip2_qa,238154,bedroom,3,window,,unverifiable,False,unverifiable
blip2_qa,239013,living room,1,couch,sofa,correct,True,correct
blip2_qa,239013,living room,2,coffee table,coffee_table,correct,True,correct
blip2_qa,239013,living room,3,window,,unverifiable,False,unverifiable
blip2_qa,240043,kitchen,1,man,person,correct,True,unverifiable
blip2_qa,240043,kitchen,2,refrigerator,refrigerator,correct,True,correct
blip2_qa,240043,kitchen,3,schaffy s sign,,unverifiable,False,unverifiable
blip2_qa,240965,dining,1,broccoli,broccoli,correct,True,correct
blip2_qa,240965,dining,2,eggs,egg,correct,True,correct
blip2_qa,242296,living room,1,couch,sofa,correct,True,correct
blip2_qa,242296,living room,2,chair,chair,correct,True,unverifiable
blip2_qa,242296,living room,3,table,table,unverifiable,False,unverifiable
blip2_qa,242296,living room,4,lamp,lamp,correct,True,correct
blip2_qa,242296,living room,5,windows,,unverifiable,False,unverifiable
blip2_qa,242610,bedroom,1,man,person,correct,True,unverifiable
blip2_qa,242610,bedroom,2,bed,bed,correct,True,correct
blip2_qa,245230,kitchen,1,table,table,unverifiable,False,unverifiable
blip2_qa,245230,kitchen,2,chairs,chair,correct,True,unverifiable
blip2_qa,245230,kitchen,3,refrigerator,refrigerator,correct,True,unverifiable
blip2_qa,245230,kitchen,4,microwave,microwave_oven,correct,True,correct
blip2_qa,245230,kitchen,5,stove,stove,unverifiable,False,unverifiable
blip2_qa,247839,dining,1,people,,unverifiable,False,unverifiable
blip2_qa,247839,dining,2,pizza,pizza,correct,True,unverifiable
blip2_qa,247839,dining,3,drinking beer,,unverifiable,False,unverifiable
blip2_qa,252127,bedroom,1,cat,cat,correct,True,correct
blip2_qa,252127,bedroom,2,mirror,mirror,correct,True,correct
blip2_qa,255654,bathroom,1,toilet,toilet,correct,True,correct
blip2_qa,255654,bathroom,2,sink,sink,wrong,False,unverifiable
blip2_qa,255654,bathroom,3,mirror,mirror,unverifiable,False,unverifiable
blip2_qa,256518,dining,1,breakfast,,unverifiable,False,unverifiable
blip2_qa,257370,living room,1,television,television_set,correct,True,correct
blip2_qa,257370,living room,2,video game console,,unverifiable,False,unverifiable
blip2_qa,257370,living room,3,people,,unverifiable,False,unverifiable
blip2_qa,257370,living room,4,video game,,unverifiable,False,unverifiable
blip2_qa,257660,bathroom,1,toilet,toilet,correct,True,correct
blip2_qa,257660,bathroom,2,bathtub,bathtub,correct,True,correct
blip2_qa,257660,bathroom,3,shower curtain,shower_curtain,correct,True,correct
blip2_qa,257773,kitchen,1,woman,person,correct,True,unverifiable
blip2_qa,257773,kitchen,2,kitchen,,unverifiable,False,unverifiable
blip2_qa,260721,living room,1,couch,sofa,correct,True,correct
blip2_qa,260721,living room,2,coffee table,coffee_table,correct,True,correct
blip2_qa,260721,living room,3,television,television_set,correct,True,correct
blip2_qa,260721,living room,4,fireplace,fireplace,correct,True,correct
blip2_qa,264347,kitchen,1,refrigerator,refrigerator,correct,True,unverifiable
blip2_qa,264347,kitchen,2,stove,stove,correct,True,correct
blip2_qa,264347,kitchen,3,sink,sink,correct,True,unverifiable
blip2_qa,264347,kitchen,4,window,,unverifiable,False,unverifiable
blip2_qa,264347,kitchen,5,fan,fan,correct,True,correct
blip2_qa,266422,living room,1,couch,sofa,correct,True,unverifiable
blip2_qa,266422,living room,2,chair,chair,correct,True,correct
blip2_qa,266422,living room,3,table,table,unverifiable,True,unverifiable
blip2_qa,266422,living room,4,window,,unverifiable,False,unverifiable
blip2_qa,268213,kitchen,1,refrigerator,refrigerator,correct,True,correct
blip2_qa,268213,kitchen,2,microwave oven,microwave_oven,wrong,False,unverifiable
blip2_qa,268213,kitchen,3,stove,stove,unverifiable,False,unverifiable
blip2_qa,268213,kitchen,4,sink,sink,wrong,False,unverifiable
blip2_qa,268213,kitchen,5,cabinet,cabinet,correct,True,correct
blip2_qa,268378,dining,1,table,table,unverifiable,True,unverifiable
blip2_qa,268378,dining,2,chair,chair,correct,True,unverifiable
blip2_qa,268378,dining,3,wall,,unverifiable,False,unverifiable
blip2_qa,268378,dining,4,door,,unverifiable,False,unverifiable
blip2_qa,268378,dining,5,window,,unverifiable,False,unverifiable
blip2_qa,268378,dining,6,person,person,correct,True,unverifiable
blip2_qa,271167,bathroom,1,baby,person,correct,True,unverifiable
blip2_qa,271167,bathroom,2,bathtub,bathtub,correct,True,correct
blip2_qa,271728,living room,1,couch,sofa,correct,True,correct
blip2_qa,271728,living room,2,table,table,unverifiable,False,unverifiable
blip2_qa,271728,living room,3,chair,chair,wrong,False,unverifiable
blip2_qa,271728,living room,4,lamp,lamp,unverifiable,False,unverifiable
blip2_qa,271728,living room,5,cat,cat,correct,True,correct
blip2_qa,272203,bedroom,1,bed,bed,correct,True,correct
blip2_qa,272203,bedroom,2,lamp,lamp,unverifiable,False,unverifiable
blip2_qa,272203,bedroom,3,nightstand,,unverifiable,False,unverifiable
blip2_qa,274352,dining,1,group of women,,unverifiable,False,unverifiable
blip2_qa,274352,dining,2,table,table,unverifiable,True,unverifiable
blip2_qa,275374,bedroom,1,bed,bed,correct,True,correct
blip2_qa,275374,bedroom,2,table,table,unverifiable,False,unverifiable
blip2_qa,275374,bedroom,3,chair,chair,wrong,False,unverifiable
blip2_qa,275374,bedroom,4,window,,unverifiable,False,unverifiable
blip2_qa,277507,bedroom,1,bed,bed,correct,True,correct
blip2_qa,277507,bedroom,2,dresser,dresser,unverifiable,False,unverifiable
blip2_qa,277507,bedroom,3,window,,unverifiable,False,unverifiable
blip2_qa,283717,kitchen,1,microwave,microwave_oven,correct,True,correct
blip2_qa,283717,kitchen,2,toaster oven,toaster_oven,unverifiable,False,unverifiable
blip2_qa,283717,kitchen,3,coffee maker,coffee_maker,correct,True,correct
blip2_qa,285400,dining,1,plate,plate,correct,True,correct
blip2_qa,285400,dining,2,fork,fork,unverifiable,False,unverifiable
blip2_qa,285400,dining,3,knife,knife,unverifiable,False,unverifiable
blip2_qa,290771,living room,1,couch,sofa,correct,True,unverifiable
blip2_qa,290771,living room,2,chair,chair,correct,True,unverifiable
blip2_qa,290771,living room,3,table,table,unverifiable,False,unverifiable
blip2_qa,290771,living room,4,tv,television_set,unverifiable,False,unverifiable
blip2_qa,290771,living room,5,window,,unverifiable,False,unverifiable
blip2_qa,293390,bathroom,1,sink,sink,correct,True,correct
blip2_qa,293390,bathroom,2,mirror,mirror,unverifiable,False,unverifiable
blip2_qa,293390,bathroom,3,towel,towel,correct,True,correct
blip2_qa,296205,living room,1,woman,person,correct,True,unverifiable
blip2_qa,296205,living room,2,dog,dog,correct,True,correct
blip2_qa,297353,bedroom,1,man,person,correct,True,unverifiable
blip2_qa,297353,bedroom,2,guitar,guitar,correct,True,correct
blip2_qa,297353,bedroom,3,bed,bed,correct,True,correct
blip2_qa,299632,bedroom,1,bed,bed,correct,True,correct
blip2_qa,299632,bedroom,2,nightstand,,unverifiable,False,unverifiable
blip2_qa,299632,bedroom,3,pair of leather pants,,unverifiable,False,unverifiable
blip2_qa,300882,bedroom,1,bed,bed,correct,True,correct
blip2_qa,300882,bedroom,2,dresser,dresser,unverifiable,False,unverifiable
blip2_qa,300882,bedroom,3,fireplace,fireplace,correct,True,correct
blip2_qa,302680,living room,1,living room,,unverifiable,False,unverifiable
blip2_qa,302680,living room,2,dining room,,unverifiable,False,unverifiable
blip2_qa,302680,living room,3,kitchen,,unverifiable,False,unverifiable
blip2_qa,302680,living room,4,fireplace,fireplace,correct,True,correct
blip2_qa,302680,living room,5,chandelier,chandelier,correct,True,correct
blip2_qa,302680,living room,6,table,table,correct,True,correct
blip2_qa,302680,living room,7,couch,sofa,correct,True,correct
blip2_qa,302680,living room,8,chair,chair,correct,True,unverifiable
blip2_qa,302680,living room,9,rug,,unverifiable,False,unverifiable
blip2_qa,303002,bathroom,1,toilet,toilet,correct,True,correct
blip2_qa,303002,bathroom,2,sink,sink,correct,True,unverifiable
blip2_qa,303002,bathroom,3,mirror,mirror,unverifiable,False,unverifiable
blip2_qa,303520,kitchen,1,cake,cake,correct,True,correct
blip2_qa,303520,kitchen,2,table,table,correct,True,correct
blip2_qa,303520,kitchen,3,knife,knife,correct,True,correct
blip2_qa,304827,kitchen,1,refrigerator,refrigerator,correct,True,correct
blip2_qa,304827,kitchen,2,sink,sink,correct,True,unverifiable
blip2_qa,304827,kitchen,3,microwave,microwave_oven,wrong,False,unverifiable
blip2_qa,304827,kitchen,4,coffee maker,coffee_maker,correct,True,correct
blip2_qa,306733,bathroom,1,shower,,unverifiable,False,unverifiable
blip2_qa,306733,bathroom,2,sink,sink,correct,True,unverifiable
blip2_qa,306733,bathroom,3,mirror,mirror,unverifiable,False,unverifiable
blip2_qa,308507,kitchen,1,table,table,unverifiable,False,unverifiable
blip2_qa,308507,kitchen,2,chairs,chair,correct,True,unverifiable
blip2_qa,308507,kitchen,3,chandelier,chandelier,correct,True,correct
blip2_qa,309060,kitchen,1,washing machine,automatic_washer,unverifiable,False,unverifiable
blip2_qa,309060,kitchen,2,stove,stove,correct,True,correct
blip2_qa,309060,kitchen,3,sink,sink,correct,True,unverifiable
blip2_qa,309060,kitchen,4,stools,stool,correct,True,correct
blip2_qa,309553,bedroom,1,laptop,laptop_computer,correct,True,correct
blip2_qa,309553,bedroom,2,dresser,dresser,correct,True,correct
blip2_qa,309553,bedroom,3,window,,unverifiable,False,unverifiable
blip2_qa,311868,bathroom,1,toilet,toilet,correct,True,unverifiable
blip2_qa,311868,bathroom,2,sink,sink,correct,True,correct
blip2_qa,311868,bathroom,3,bathtub,bathtub,correct,True,correct
blip2_qa,313130,kitchen,1,refrigerator,refrigerator,correct,True,correct
blip2_qa,313130,kitchen,2,microwave,microwave_oven,correct,True,correct
blip2_qa,315256,bedroom,1,bed,bed,correct,True,correct
blip2_qa,315256,bedroom,2,chair,chair,correct,True,correct
blip2_qa,315256,bedroom,3,table,table,unverifiable,False,unverifiable
blip2_qa,315256,bedroom,4,painting,painting,correct,True,correct
blip2_qa,315256,bedroom,5,lamp,lamp,unverifiable,False,unverifiable
blip2_qa,315641,kitchen,1,donuts,doughnut,correct,True,correct
blip2_qa,319935,bedroom,1,bed,bed,correct,True,correct
blip2_qa,319935,bedroom,2,chair,chair,correct,True,unverifiable
blip2_qa,319935,bedroom,3,table,table,unverifiable,False,unverifiable
blip2_qa,319935,bedroom,4,window,,unverifiable,False,unverifiable
blip2_qa,325078,bathroom,1,toilet,toilet,correct,True,correct
blip2_qa,325078,bathroom,2,sink,sink,correct,True,correct
blip2_qa,325078,bathroom,3,shower curtain,shower_curtain,correct,True,correct
blip2_qa,329455,dining,1,pizza,pizza,correct,True,correct
blip2_qa,341741,bedroom,1,bed,bed,correct,True,correct
blip2_qa,341741,bedroom,2,laptop,laptop_computer,correct,True,correct
blip2_qa,341741,bedroom,3,chair,chair,correct,True,correct
blip2_qa,343662,bedroom,1,cat,cat,correct,True,correct
blip2_qa,343662,bedroom,2,blanket,blanket,correct,True,correct
blip2_qa,343662,bedroom,3,pair of socks,,unverifiable,False,unverifiable
blip2_qa,348708,dining,1,banana,banana,correct,True,correct
blip2_qa,348708,dining,2,bowl of peanuts,bowl,correct,True,correct
blip2_qa,350230,kitchen,1,refrigerator,refrigerator,wrong,False,unverifiable
blip2_qa,350230,kitchen,2,microwave,microwave_oven,correct,True,correct
blip2_qa,350230,kitchen,3,stove,stove,unverifiable,False,unverifiable
blip2_qa,350230,kitchen,4,sink,sink,correct,True,unverifiable
blip2_qa,350230,kitchen,5,window,,unverifiable,False,unverifiable
blip2_qa,355430,dining,1,table,table,unverifiable,True,unverifiable
blip2_qa,355430,dining,2,chair,chair,correct,True,unverifiable
blip2_qa,355430,dining,3,lamp,lamp,correct,True,correct
blip2_qa,355430,dining,4,plate of food,plate,unverifiable,False,unverifiable
blip2_qa,358465,bedroom,1,dog,dog,correct,True,correct
blip2_qa,358465,bedroom,2,cat,cat,wrong,False,unverifiable
blip2_qa,358525,bedroom,1,young boy,person,correct,True,unverifiable
blip2_qa,358525,bedroom,2,laptop computer,laptop_computer,correct,True,correct
blip2_qa,362278,bathroom,1,toilet,toilet,correct,True,correct
blip2_qa,362278,bathroom,2,shower,,unverifiable,False,unverifiable
blip2_qa,362278,bathroom,3,sink,sink,correct,True,correct
blip2_qa,367386,living room,1,couch,sofa,correct,True,correct
blip2_qa,367386,living room,2,coffee table,coffee_table,unverifiable,True,unverifiable
blip2_qa,367386,living room,3,window,,unverifiable,False,unverifiable
blip2_qa,367569,living room,1,piano,piano,correct,True,correct
blip2_qa,367569,living room,2,fireplace,fireplace,correct,True,correct
blip2_qa,367569,living room,3,couch,sofa,correct,True,correct
blip2_qa,367569,living room,4,coffee table,coffee_table,unverifiable,False,unverifiable
blip2_qa,367569,living room,5,lamp,lamp,correct,True,correct
blip2_qa,367569,living room,6,rug,,unverifiable,False,unverifiable
blip2_qa,368349,bathroom,1,towels,towel,unverifiable,True,unverifiable
blip2_qa,368349,bathroom,2,toilet,toilet,correct,True,correct
blip2_qa,369373,living room,1,couch,sofa,correct,True,correct
blip2_qa,369373,living room,2,tv,television_set,wrong,False,unverifiable
blip2_qa,369373,living room,3,men,,unverifiable,False,unverifiable
blip2_qa,369373,living room,4,video game,,unverifiable,False,unverifiable
blip2_qa,370818,bathroom,1,closet,cupboard,unverifiable,False,unverifiable
blip2_qa,370818,bathroom,2,bathtub,bathtub,unverifiable,False,unverifiable
blip2_qa,370818,bathroom,3,toilet,toilet,correct,True,correct
blip2_qa,370818,bathroom,4,sink,sink,correct,True,unverifiable
blip2_qa,370818,bathroom,5,cabinet,cabinet,correct,True,correct
blip2_qa,370818,bathroom,6,mirror,mirror,correct,True,correct
blip2_qa,370818,bathroom,7,towel rack,towel_rack,unverifiable,False,unverifiable
blip2_qa,374628,kitchen,1,kitchen,,unverifiable,False,unverifiable
blip2_qa,374628,kitchen,2,dining room,,unverifiable,False,unverifiable
blip2_qa,374628,kitchen,3,living room,,unverifiable,False,unverifiable
blip2_qa,375878,bathroom,1,bathtub,bathtub,correct,True,correct
blip2_qa,375878,bathroom,2,toilet,toilet,correct,True,correct
blip2_qa,375878,bathroom,3,sink,sink,correct,True,correct
blip2_qa,375878,bathroom,4,window,,unverifiable,False,unverifiable
blip2_qa,381330,kitchen,1,child,person,correct,True,unverifiable
blip2_qa,381330,kitchen,2,banana,banana,correct,True,correct
blip2_qa,381605,living room,1,cat,cat,correct,True,correct
blip2_qa,381605,living room,2,dog,dog,correct,True,correct
blip2_qa,383549,living room,1,television,television_set,correct,True,correct
blip2_qa,383549,living room,2,couch,sofa,correct,True,correct
blip2_qa,383549,living room,3,rug,,unverifiable,False,unverifiable
blip2_qa,383549,living room,4,window,,unverifiable,False,unverifiable
blip2_qa,386799,bathroom,1,sink,sink,correct,True,correct
blip2_qa,386799,bathroom,2,bathtub,bathtub,correct,True,correct
blip2_qa,386799,bathroom,3,window,,unverifiable,False,unverifiable
blip2_qa,395259,bedroom,1,lots of stuff,,unverifiable,False,unverifiable
blip2_qa,395701,living room,1,books,book,correct,True,unverifiable
blip2_qa,395701,living room,2,chair,chair,correct,True,unverifiable
blip2_qa,395701,living room,3,tv,television_set,correct,True,correct
blip2_qa,395701,living room,4,book shelf,,unverifiable,False,unverifiable
blip2_qa,396526,dining,1,table,table,unverifiable,True,unverifiable
blip2_qa,396526,dining,2,chairs,chair,correct,True,unverifiable
blip2_qa,396526,dining,3,lamp,lamp,correct,True,correct
blip2_qa,396691,kitchen,1,woman,person,correct,True,unverifiable
blip2_qa,396691,kitchen,2,microwave,microwave_oven,correct,True,correct
blip2_qa,397354,kitchen,1,people,,unverifiable,False,unverifiable
blip2_qa,397354,kitchen,2,food,,unverifiable,False,unverifiable
blip2_qa,397354,kitchen,3,refrigerator,refrigerator,correct,True,correct
blip2_qa,401060,bedroom,1,cat,cat,correct,True,unverifiable
blip2_qa,401060,bedroom,2,bed,bed,correct,True,correct
blip2_qa,403114,bathroom,1,toilet,toilet,correct,True,correct
blip2_qa,403114,bathroom,2,sink,sink,correct,True,correct
blip2_qa,403114,bathroom,3,bathtub,bathtub,correct,True,correct
blip2_qa,404678,dining,1,table,table,unverifiable,True,unverifiable
blip2_qa,404678,dining,2,chair,chair,correct,True,correct
blip2_qa,404678,dining,3,tablecloth,tablecloth,unverifiable,False,unverifiable
blip2_qa,404678,dining,4,chaircloth,,unverifiable,False,unverifiable
blip2_qa,407685,living room,1,people,,unverifiable,False,unverifiable
blip2_qa,407685,living room,2,dog,dog,correct,True,unverifiable
blip2_qa,407685,living room,3,bottle of wine,bottle,correct,True,unverifiable
blip2_qa,408192,living room,1,none,,unverifiable,False,unverifiable
blip2_qa,410144,kitchen,1,bread,bread,correct,True,correct
blip2_qa,415646,bedroom,1,bed,bed,correct,True,correct
blip2_qa,415646,bedroom,2,dresser,dresser,unverifiable,False,unverifiable
blip2_qa,415646,bedroom,3,chair,chair,correct,True,unverifiable
blip2_qa,415646,bedroom,4,lamp,lamp,correct,True,correct
blip2_qa,415646,bedroom,5,window,,unverifiable,False,unverifiable
blip2_qa,416575,bedroom,1,person,person,correct,True,unverifiable
blip2_qa,416575,bedroom,2,book,book,correct,True,correct
blip2_qa,416575,bedroom,3,lamp,lamp,correct,True,correct
blip2_qa,422350,kitchen,1,refrigerator,refrigerator,correct,True,correct
blip2_qa,422350,kitchen,2,washer,,unverifiable,False,unverifiable
blip2_qa,422350,kitchen,3,stove,stove,unverifiable,False,unverifiable
blip2_qa,422350,kitchen,4,sink,sink,correct,True,unverifiable
blip2_qa,422654,kitchen,1,table,table,unverifiable,True,unverifiable
blip2_qa,422654,kitchen,2,chair,chair,correct,True,unverifiable
blip2_qa,422654,kitchen,3,refrigerator,refrigerator,correct,True,correct
blip2_qa,422654,kitchen,4,television,television_set,correct,True,correct
blip2_qa,427040,bedroom,1,bed,bed,correct,True,correct
blip2_qa,427040,bedroom,2,girls,person,correct,True,unverifiable
blip2_qa,427040,bedroom,3,laptops,laptop_computer,correct,True,unverifiable
blip2_qa,431154,bedroom,1,teddy bear,teddy_bear,correct,True,correct
blip2_qa,431154,bedroom,2,stuffed animal,,unverifiable,False,unverifiable
blip2_qa,431154,bedroom,3,blanket,blanket,correct,True,correct
blip2_qa,431154,bedroom,4,pillow,pillow,correct,True,correct
blip2_qa,434098,bathroom,1,toilet,toilet,correct,True,correct
blip2_qa,434098,bathroom,2,sink,sink,correct,True,unverifiable
blip2_qa,434098,bathroom,3,mirror,mirror,unverifiable,False,unverifiable
blip2_qa,437898,kitchen,1,refrigerator,refrigerator,correct,True,correct
blip2_qa,437898,kitchen,2,microwave,microwave_oven,wrong,False,unverifiable
blip2_qa,437898,kitchen,3,stove,stove,correct,True,correct
blip2_qa,437898,kitchen,4,sink,sink,correct,True,unverifiable
blip2_qa,437898,kitchen,5,door,,unverifiable,False,unverifiable
blip2_qa,438314,bedroom,1,bed,bed,correct,True,correct
blip2_qa,438314,bedroom,2,nightstand,,unverifiable,False,unverifiable
blip2_qa,438314,bedroom,3,lamp,lamp,correct,True,correct
blip2_qa,439364,bathroom,1,toilet,toilet,correct,True,correct
blip2_qa,439364,bathroom,2,cat,cat,correct,True,correct
blip2_qa,439689,living room,1,couch,sofa,correct,True,correct
blip2_qa,439689,living room,2,coffee table,coffee_table,correct,True,correct
blip2_qa,439689,living room,3,window,,unverifiable,False,unverifiable
blip2_qa,439689,living room,4,rug,,unverifiable,False,unverifiable
blip2_qa,445306,kitchen,1,microwave,microwave_oven,correct,True,correct
blip2_qa,445306,kitchen,2,dishwasher,dishwasher,unverifiable,False,unverifiable
blip2_qa,445306,kitchen,3,refrigerator,refrigerator,wrong,False,unverifiable
blip2_qa,445658,kitchen,1,refrigerator,refrigerator,correct,True,correct
blip2_qa,445658,kitchen,2,stove,stove,correct,True,correct
blip2_qa,445658,kitchen,3,microwave,microwave_oven,correct,True,correct
blip2_qa,445658,kitchen,4,dishwasher,dishwasher,correct,True,correct
blip2_qa,448795,kitchen,1,table,table,correct,True,correct
blip2_qa,448795,kitchen,2,chairs,chair,correct,True,unverifiable
blip2_qa,448795,kitchen,3,refrigerator,refrigerator,wrong,False,unverifiable
blip2_qa,448795,kitchen,4,microwave oven,microwave_oven,wrong,False,unverifiable
blip2_qa,453302,kitchen,1,refrigerator,refrigerator,correct,True,correct
blip2_qa,453302,kitchen,2,microwave oven,microwave_oven,correct,True,correct
blip2_qa,453302,kitchen,3,toaster oven,toaster_oven,unverifiable,False,unverifiable
blip2_qa,453302,kitchen,4,coffee maker,coffee_maker,unverifiable,False,unverifiable
blip2_qa,453341,living room,1,mirror,mirror,correct,True,correct
blip2_qa,453341,living room,2,couch,sofa,correct,True,correct
blip2_qa,453341,living room,3,desk,desk,unverifiable,False,unverifiable
blip2_qa,453341,living room,4,computer,,unverifiable,False,unverifiable
blip2_qa,453341,living room,5,bunch of figurines,,unverifiable,False,unverifiable
blip2_qa,455301,bedroom,1,baby,person,correct,True,unverifiable
blip2_qa,458410,living room,1,couch,sofa,correct,True,unverifiable
blip2_qa,458410,living room,2,table,table,unverifiable,True,unverifiable
blip2_qa,458410,living room,3,lamp,lamp,unverifiable,False,unverifiable
blip2_qa,460494,dining,1,plate of food,plate,correct,True,correct
blip2_qa,460494,dining,2,glass of milk,glass_(drink_container),unverifiable,False,unverifiable
blip2_qa,461172,dining,1,bowl of fruit,bowl,correct,True,correct
blip2_qa,461172,dining,2,vegetables,,unverifiable,False,unverifiable
blip2_qa,466256,dining,1,plate of food,plate,correct,True,correct
blip2_qa,466256,dining,2,fork,fork,correct,True,correct
blip2_qa,466256,dining,3,glass of water,glass_(drink_container),unverifiable,False,unverifiable
blip2_qa,467315,dining,1,vase of flowers,vase,correct,True,correct
blip2_qa,467315,dining,2,table,table,unverifiable,True,unverifiable
blip2_qa,467315,dining,3,chairs,chair,correct,True,correct
blip2_qa,467315,dining,4,escalator,,unverifiable,False,unverifiable
blip2_qa,468422,kitchen,1,microwave,microwave_oven,correct,True,correct
blip2_qa,468422,kitchen,2,coffee mug,mug,correct,True,correct
blip2_qa,468422,kitchen,3,towel,towel,unverifiable,False,unverifiable
blip2_qa,468505,dining,1,man,person,correct,True,unverifiable
blip2_qa,468505,dining,2,table,table,correct,True,correct
blip2_qa,468505,dining,3,food,,unverifiable,False,unverifiable
blip2_qa,468659,living room,1,teddy bear,teddy_bear,correct,True,correct
blip2_qa,468659,living room,2,christmas tree,Christmas_tree,correct,True,correct
blip2_qa,469795,bathroom,1,bathtub,bathtub,correct,True,correct
blip2_qa,469795,bathroom,2,sink,sink,correct,True,correct
blip2_qa,469795,bathroom,3,mirror,mirror,unverifiable,False,unverifiable
blip2_qa,469902,bedroom,1,cat,cat,correct,True,correct
blip2_qa,469902,bedroom,2,bed,bed,correct,True,correct
blip2_qa,472046,kitchen,1,kitchen,,unverifiable,False,unverifiable
blip2_qa,472046,kitchen,2,living room,,unverifiable,False,unverifiable
blip2_qa,472046,kitchen,3,dining room,,unverifiable,False,unverifiable
blip2_qa,473294,bedroom,1,bed,bed,correct,True,correct
blip2_qa,473294,bedroom,2,desk,desk,unverifiable,False,unverifiable
blip2_qa,473294,bedroom,3,chair,chair,correct,True,unverifiable
blip2_qa,473821,living room,1,couch,sofa,correct,True,unverifiable
blip2_qa,473821,living room,2,chair,chair,correct,True,unverifiable
blip2_qa,473821,living room,3,table,table,unverifiable,True,unverifiable
blip2_qa,473821,living room,4,mirror,mirror,correct,True,correct
blip2_qa,473821,living room,5,lamp,lamp,unverifiable,False,unverifiable
blip2_qa,479360,bedroom,1,bed,bed,correct,True,correct
blip2_qa,479360,bedroom,2,lamp,lamp,unverifiable,False,unverifiable
blip2_qa,479360,bedroom,3,chair,chair,correct,True,unverifiable
blip2_qa,479360,bedroom,4,potted plant,flowerpot,correct,True,unverifiable
blip2_qa,480712,bedroom,1,bed,bed,correct,True,correct
blip2_qa,480712,bedroom,2,chair,chair,correct,True,unverifiable
blip2_qa,480712,bedroom,3,lamp,lamp,correct,True,correct
blip2_qa,480712,bedroom,4,window,,unverifiable,False,unverifiable
blip2_qa,481819,living room,1,man,person,correct,True,unverifiable
blip2_qa,481819,living room,2,pajamas,pajamas,correct,True,correct
blip2_qa,481819,living room,3,video game,,unverifiable,False,unverifiable
blip2_qa,485628,bathroom,1,bathtubs,bathtub,correct,True,correct
blip2_qa,485628,bathroom,2,toilets,toilet,correct,True,correct
blip2_qa,485628,bathroom,3,sinks,sink,correct,True,correct
blip2_qa,485628,bathroom,4,etc,,unverifiable,False,unverifiable
blip2_qa,487583,bathroom,1,cookie,cookie,correct,True,correct
blip2_qa,487583,bathroom,2,cup of coffee,cup,unverifiable,True,unverifiable
blip2_qa,490505,kitchen,1,vase filled,,unverifiable,False,unverifiable
blip2_qa,490505,kitchen,2,colorful flowers,,unverifiable,False,unverifiable
blip2_qa,491063,bathroom,1,toilet,toilet,correct,True,correct
blip2_qa,491063,bathroom,2,shower,,unverifiable,False,unverifiable
blip2_qa,491063,bathroom,3,sink,sink,correct,True,unverifiable
blip2_qa,491216,kitchen,1,cat,cat,correct,True,unverifiable
blip2_qa,491216,kitchen,2,chair,chair,correct,True,unverifiable
blip2_qa,491216,kitchen,3,table,table,unverifiable,False,unverifiable
blip2_qa,491216,kitchen,4,refrigerator,refrigerator,correct,True,correct
blip2_qa,491497,living room,1,television,television_set,correct,True,correct
blip2_qa,491497,living room,2,chair,chair,correct,True,unverifiable
blip2_qa,491497,living room,3,bookcase,bookcase,unverifiable,False,unverifiable
blip2_qa,491742,bathroom,1,toilet,toilet,correct,True,correct
blip2_qa,491742,bathroom,2,bathtub,bathtub,correct,True,correct
blip2_qa,491742,bathroom,3,sink,sink,correct,True,correct
blip2_qa,492183,kitchen,1,refrigerator,refrigerator,correct,True,correct
blip2_qa,492183,kitchen,2,bottle of wine,bottle,correct,True,unverifiable
blip2_qa,492719,bathroom,1,toilet,toilet,correct,True,correct
blip2_qa,492719,bathroom,2,sink,sink,correct,True,correct
blip2_qa,492719,bathroom,3,bathtub,bathtub,correct,True,correct
blip2_qa,492810,kitchen,1,cat,cat,correct,True,unverifiable
blip2_qa,492810,kitchen,2,banana,banana,correct,True,correct
blip2_qa,493114,living room,1,television,television_set,correct,True,correct
blip2_qa,493114,living room,2,table,table,unverifiable,False,unverifiable
blip2_qa,493114,living room,3,people,,unverifiable,False,unverifiable
blip2_qa,497626,bedroom,1,bed,bed,correct,True,correct
blip2_qa,497626,bedroom,2,lamp,lamp,unverifiable,False,unverifiable
blip2_qa,497626,bedroom,3,nightstand,,unverifiable,False,unverifiable
blip2_qa,503697,living room,1,couch,sofa,correct,True,correct
blip2_qa,503697,living room,2,coffee table,coffee_table,correct,True,correct
blip2_qa,503697,living room,3,painting,painting,correct,True,correct
blip2_qa,504493,bathroom,1,toilet,toilet,correct,True,correct
blip2_qa,504493,bathroom,2,bathtub,bathtub,correct,True,correct
blip2_qa,504493,bathroom,3,sink,sink,correct,True,correct
blip2_qa,505086,bedroom,1,bed,bed,correct,True,correct
blip2_qa,505086,bedroom,2,nightstand,,unverifiable,False,unverifiable
blip2_qa,505086,bedroom,3,lamp,lamp,correct,True,correct
blip2_qa,508899,living room,1,television,television_set,correct,True,correct
blip2_qa,508899,living room,2,couch,sofa,correct,True,correct
blip2_qa,508899,living room,3,cat,cat,wrong,False,unverifiable
blip2_qa,510852,bathroom,1,shower,,unverifiable,False,unverifiable
blip2_qa,510852,bathroom,2,toilet,toilet,wrong,False,unverifiable
blip2_qa,510852,bathroom,3,sink,sink,wrong,False,unverifiable
blip2_qa,510852,bathroom,4,glass shower door,,unverifiable,False,unverifiable
blip2_qa,511430,kitchen,1,refrigerator,refrigerator,correct,True,correct
blip2_qa,511430,kitchen,2,sink,sink,correct,True,unverifiable
blip2_qa,511430,kitchen,3,microwave,microwave_oven,correct,True,correct
blip2_qa,511430,kitchen,4,coffee maker,coffee_maker,unverifiable,False,unverifiable
blip2_qa,513138,living room,1,dog sleeping,,unverifiable,False,unverifiable
blip2_qa,513138,living room,2,couch,sofa,correct,True,correct
blip2_qa,514914,bathroom,1,toilet,toilet,correct,True,correct
blip2_qa,514914,bathroom,2,sink,sink,correct,True,correct
blip2_qa,514914,bathroom,3,shower,,unverifiable,False,unverifiable
blip2_qa,514914,bathroom,4,bathtub,bathtub,correct,True,correct
blip2_qa,516856,dining,1,person,person,correct,True,unverifiable
blip2_qa,516856,dining,2,sandwich,sandwich,correct,True,unverifiable
blip2_qa,523978,bathroom,1,toilet,toilet,correct,True,correct
blip2_qa,523978,bathroom,2,bathtub,bathtub,correct,True,correct
blip2_qa,523978,bathroom,3,sink,sink,correct,True,correct
blip2_qa,523978,bathroom,4,shower,,unverifiable,False,unverifiable
blip2_qa,523978,bathroom,5,mirror,mirror,unverifiable,False,unverifiable
blip2_qa,523978,bathroom,6,towel rack,towel_rack,unverifiable,False,unverifiable
blip2_qa,523978,bathroom,7,rug,,unverifiable,False,unverifiable
blip2_qa,529069,bathroom,1,toilet,toilet,correct,True,correct
blip2_qa,529069,bathroom,2,sink,sink,correct,True,unverifiable
blip2_qa,529069,bathroom,3,mirror,mirror,unverifiable,False,unverifiable
blip2_qa,530229,living room,1,couch,sofa,correct,True,correct
blip2_qa,530229,living room,2,chair,chair,correct,True,unverifiable
blip2_qa,530229,living room,3,table,table,unverifiable,False,unverifiable
blip2_qa,530229,living room,4,lamp,lamp,unverifiable,False,unverifiable
blip2_qa,530229,living room,5,television,television_set,correct,True,correct
blip2_qa,530836,kitchen,1,refrigerator,refrigerator,correct,True,correct
blip2_qa,530836,kitchen,2,stove,stove,unverifiable,False,unverifiable
blip2_qa,530836,kitchen,3,sink,sink,correct,True,unverifiable
blip2_qa,530836,kitchen,4,table,table,unverifiable,False,unverifiable
blip2_qa,530836,kitchen,5,chair,chair,wrong,False,unverifiable
blip2_qa,530836,kitchen,6,window,,unverifiable,False,unverifiable
blip2_qa,530933,bathroom,1,toilet,toilet,correct,True,unverifiable
blip2_qa,530933,bathroom,2,bathtub,bathtub,correct,True,correct
blip2_qa,530933,bathroom,3,shower,,unverifiable,False,unverifiable
blip2_qa,531441,dining,1,woman,person,correct,True,unverifiable
blip2_qa,531852,living room,1,couch,sofa,correct,True,correct
blip2_qa,531852,living room,2,coffee table,coffee_table,unverifiable,False,unverifiable
blip2_qa,531852,living room,3,men,,unverifiable,False,unverifiable
blip2_qa,531852,living room,4,video game,,unverifiable,False,unverifiable
blip2_qa,533255,kitchen,1,refrigerator,refrigerator,correct,True,correct
blip2_qa,533255,kitchen,2,table,table,unverifiable,False,unverifiable
blip2_qa,534456,living room,1,man,person,correct,True,unverifiable
blip2_qa,534456,living room,2,couch,sofa,correct,True,correct
blip2_qa,536947,kitchen,1,refrigerator,refrigerator,correct,True,correct
blip2_qa,537944,dining,1,table,table,unverifiable,True,unverifiable
blip2_qa,537944,dining,2,food,,unverifiable,False,unverifiable
blip2_qa,541332,bathroom,1,toilet,toilet,correct,True,correct
blip2_qa,541332,bathroom,2,sink,sink,correct,True,correct
blip2_qa,541332,bathroom,3,bathtub,bathtub,correct,True,correct
blip2_qa,541634,dining,1,bowl of soup,bowl,correct,True,unverifiable
blip2_qa,541634,dining,2,drink,,unverifiable,False,unverifiable
blip2_qa,546219,dining,1,group of people,,unverifiable,False,unverifiable
blip2_qa,546219,dining,2,table,table,unverifiable,True,unverifiable
blip2_qa,546964,living room,1,furniture,,unverifiable,False,unverifiable
blip2_qa,546964,living room,2,chandeliers,chandelier,unverifiable,False,unverifiable
blip2_qa,546964,living room,3,paintings,painting,unverifiable,False,unverifiable
blip2_qa,546964,living room,4,etc,,unverifiable,False,unverifiable
blip2_qa,547742,living room,1,couch,sofa,correct,True,correct
blip2_qa,547742,living room,2,lamp,lamp,unverifiable,False,unverifiable
blip2_qa,547742,living room,3,painting,painting,correct,True,correct
blip2_qa,554658,kitchen,1,refrigerator,refrigerator,correct,True,correct
blip2_qa,554658,kitchen,2,microwave,microwave_oven,correct,True,correct
blip2_qa,554658,kitchen,3,stove,stove,unverifiable,False,unverifiable
blip2_qa,554658,kitchen,4,sink,sink,wrong,False,unverifiable
blip2_qa,554809,bathroom,1,toilet,toilet,correct,True,correct
blip2_qa,554809,bathroom,2,sink,sink,correct,True,correct
blip2_qa,554809,bathroom,3,mirror,mirror,correct,True,correct
blip2_qa,556633,bathroom,1,bed,bed,correct,True,unverifiable
blip2_qa,556633,bathroom,2,bathtub,bathtub,correct,True,correct
blip2_qa,556633,bathroom,3,painting,painting,unverifiable,False,unverifiable
blip2_qa,557172,bathroom,1,mirror,mirror,unverifiable,False,unverifiable
blip2_qa,557172,bathroom,2,sink,sink,correct,True,correct
blip2_qa,557172,bathroom,3,bathtub,bathtub,correct,True,correct
blip2_qa,559550,dining,1,child,person,correct,True,unverifiable
blip2_qa,559550,dining,2,table,table,unverifiable,True,unverifiable
blip2_qa,567825,dining,1,bottle of red wine,bottle,correct,True,correct
blip2_qa,567825,dining,2,hamburger,hamburger,unverifiable,False,unverifiable
blip2_qa,567825,dining,3,cutting board,chopping_board,unverifiable,False,unverifiable
blip2_qa,571764,kitchen,1,man,person,correct,True,unverifiable
blip2_qa,571764,kitchen,2,jar of peanut butter,jar,unverifiable,False,unverifiable
blip2_qa,574940,living room,1,chair,chair,correct,True,unverifiable
blip2_qa,574940,living room,2,table,table,unverifiable,False,unverifiable
blip2_qa,574940,living room,3,couch,sofa,correct,True,correct
blip2_qa,574940,living room,4,lamp,lamp,correct,True,correct
blip2_qa,574940,living room,5,window,,unverifiable,False,unverifiable
blip2_qa,574940,living room,6,fire place,,unverifiable,False,unverifiable
blip2_qa,577507,kitchen,1,counter,,unverifiable,False,unverifiable
blip2_qa,577507,kitchen,2,sink,sink,correct,True,unverifiable
blip2_qa,577507,kitchen,3,refrigerator,refrigerator,wrong,False,unverifiable
blip2_qa,577507,kitchen,4,stove,stove,unverifiable,False,unverifiable
blip2_qa,577507,kitchen,5,chairs,chair,correct,True,unverifiable
blip2_qa,578489,living room,1,couch,sofa,correct,True,correct
blip2_qa,578489,living room,2,chair,chair,wrong,False,unverifiable
blip2_qa,578489,living room,3,table,table,unverifiable,False,unverifiable
blip2_qa,578489,living room,4,window,,unverifiable,False,unverifiable
blip2_qa,578871,dining,1,food,,unverifiable,False,unverifiable
blip2_qa,580026,dining,1,boy,person,correct,True,correct
blip2_qa,580026,dining,2,table,table,unverifiable,True,unverifiable
blip2_qa,580026,dining,3,birthday cake,birthday_cake,unverifiable,False,unverifiable
clip,5335,bathroom,1,refrigerator,refrigerator,wrong,False,unverifiable
clip,5335,bathroom,2,bathtub,bathtub,unverifiable,False,unverifiable
clip,5335,bathroom,3,sink,sink,correct,True,correct
clip,5335,bathroom,4,microwave oven,microwave_oven,wrong,False,unverifiable
clip,5335,bathroom,5,toilet,toilet,wrong,False,unverifiable
clip,5335,bathroom,6,mirror,mirror,unverifiable,False,unverifiable
clip,5335,bathroom,7,toothbrush,toothbrush,unverifiable,False,unverifiable
clip,5335,bathroom,8,stove,stove,unverifiable,False,unverifiable
clip,5335,bathroom,9,towel,towel,unverifiable,False,unverifiable
clip,5335,bathroom,10,coffee maker,coffee_maker,unverifiable,False,unverifiable
clip,5335,bathroom,11,bedspread,bedspread,unverifiable,False,unverifiable
clip,5335,bathroom,12,toothpaste,toothpaste,unverifiable,False,unverifiable
clip,7574,kitchen,1,microwave oven,microwave_oven,correct,True,correct
clip,7574,kitchen,2,dining table,dining_table,wrong,False,unverifiable
clip,7574,kitchen,3,refrigerator,refrigerator,correct,True,correct
clip,7574,kitchen,4,sink,sink,correct,True,unverifiable
clip,7574,kitchen,5,mirror,mirror,unverifiable,False,unverifiable
clip,7574,kitchen,6,stove,stove,unverifiable,False,unverifiable
clip,7574,kitchen,7,table,table,unverifiable,False,unverifiable
clip,7574,kitchen,8,desk,desk,unverifiable,False,unverifiable
clip,7574,kitchen,9,toothbrush,toothbrush,unverifiable,False,unverifiable
clip,7574,kitchen,10,remote control,remote_control,unverifiable,False,unverifiable
clip,7574,kitchen,11,bathtub,bathtub,unverifiable,False,unverifiable
clip,7574,kitchen,12,hairbrush,hairbrush,unverifiable,False,unverifiable
clip,12873,bathroom,1,toothbrush,toothbrush,correct,True,correct
clip,12873,bathroom,2,toothpaste,toothpaste,correct,True,correct
clip,12873,bathroom,3,sink,sink,correct,True,correct
clip,12873,bathroom,4,medicine,medicine,unverifiable,False,unverifiable
clip,12873,bathroom,5,crutch,crutch,unverifiable,False,unverifiable
clip,12873,bathroom,6,hairbrush,hairbrush,unverifiable,False,unverifiable
clip,12873,bathroom,7,bathtub,bathtub,unverifiable,False,unverifiable
clip,12873,bathroom,8,toilet tissue,toilet_tissue,unverifiable,False,unverifiable
clip,12873,bathroom,9,spoon,spoon,unverifiable,False,unverifiable
clip,12873,bathroom,10,toilet,toilet,wrong,False,unverifiable
clip,12873,bathroom,11,walking stick,walking_stick,unverifiable,False,unverifiable
clip,12873,bathroom,12,spectacles,spectacles,unverifiable,False,unverifiable
clip,14635,kitchen,1,dining table,dining_table,unverifiable,False,unverifiable
clip,14635,kitchen,2,kettle,kettle,unverifiable,False,unverifiable
clip,14635,kitchen,3,microwave oven,microwave_oven,wrong,False,unverifiable
clip,14635,kitchen,4,stove,stove,unverifiable,False,unverifiable
clip,14635,kitchen,5,table,table,unverifiable,False,unverifiable
clip,14635,kitchen,6,walking stick,walking_stick,unverifiable,False,unverifiable
clip,14635,kitchen,7,teapot,teapot,unverifiable,False,unverifiable
clip,14635,kitchen,8,fan,fan,unverifiable,False,unverifiable
clip,14635,kitchen,9,television set,television_set,unverifiable,False,unverifiable
clip,14635,kitchen,10,refrigerator,refrigerator,wrong,False,unverifiable
clip,14635,kitchen,11,heater,heater,unverifiable,False,unverifiable
clip,14635,kitchen,12,coffee maker,coffee_maker,unverifiable,False,unverifiable
clip,16958,living room,1,desk,desk,correct,True,correct
clip,16958,living room,2,stove,stove,unverifiable,False,unverifiable
clip,16958,living room,3,recliner,recliner,unverifiable,False,unverifiable
clip,16958,living room,4,television set,television_set,wrong,False,unverifiable
clip,16958,living room,5,dining table,dining_table,wrong,True,unverifiable
clip,16958,living room,6,armchair,armchair,correct,True,correct
clip,16958,living room,7,chair,chair,correct,True,correct
clip,16958,living room,8,bedspread,bedspread,unverifiable,False,unverifiable
clip,16958,living room,9,bed,bed,wrong,False,unverifiable
clip,16958,living room,10,table,table,unverifiable,True,unverifiable
clip,16958,living room,11,spectacles,spectacles,unverifiable,False,unverifiable
clip,16958,living room,12,book,book,correct,True,correct
clip,17580,kitchen,1,stove,stove,unverifiable,False,unverifiable
clip,17580,kitchen,2,refrigerator,refrigerator,correct,True,correct
clip,17580,kitchen,3,kettle,kettle,unverifiable,False,unverifiable
clip,17580,kitchen,4,painting,painting,unverifiable,False,unverifiable
clip,17580,kitchen,5,television set,television_set,wrong,False,unverifiable
clip,17580,kitchen,6,bedspread,bedspread,unverifiable,False,unverifiable
clip,17580,kitchen,7,quilt,quilt,unverifiable,False,unverifiable
clip,17580,kitchen,8,dining table,dining_table,wrong,False,unverifiable
clip,17580,kitchen,9,coffee maker,coffee_maker,unverifiable,False,unverifiable
clip,17580,kitchen,10,microwave oven,microwave_oven,correct,True,correct
clip,17580,kitchen,11,table,table,unverifiable,False,unverifiable
clip,17580,kitchen,12,walking stick,walking_stick,unverifiable,False,unverifiable
clip,23258,dining,1,wineglass,wineglass,correct,True,correct
clip,23258,dining,2,dining table,dining_table,correct,True,correct
clip,23258,dining,3,heater,heater,unverifiable,False,unverifiable
clip,23258,dining,4,table,table,unverifiable,True,unverifiable
clip,23258,dining,5,bottle,bottle,correct,True,unverifiable
clip,23258,dining,6,recliner,recliner,unverifiable,False,unverifiable
clip,23258,dining,7,fan,fan,unverifiable,False,unverifiable
clip,23258,dining,8,napkin,napkin,unverifiable,False,unverifiable
clip,23258,dining,9,spectacles,spectacles,unverifiable,False,unverifiable
clip,23258,dining,10,coffee table,coffee_table,unverifiable,True,unverifiable
clip,23258,dining,11,stove,stove,unverifiable,False,unverifiable
clip,23258,dining,12,armchair,armchair,unverifiable,False,unverifiable
clip,28903,bathroom,1,cat,cat,correct,True,unverifiable
clip,28903,bathroom,2,toilet,toilet,correct,True,correct
clip,28903,bathroom,3,toilet tissue,toilet_tissue,correct,True,correct
clip,28903,bathroom,4,bathtub,bathtub,unverifiable,False,unverifiable
clip,28903,bathroom,5,hairbrush,hairbrush,unverifiable,False,unverifiable
clip,28903,bathroom,6,sink,sink,correct,True,unverifiable
clip,28903,bathroom,7,chair,chair,wrong,False,unverifiable
clip,28903,bathroom,8,alarm clock,alarm_clock,wrong,False,wrong
clip,28903,bathroom,9,bowl,bowl,wrong,False,unverifiable
clip,28903,bathroom,10,sock,sock,unverifiable,False,unverifiable
clip,28903,bathroom,11,toothbrush,toothbrush,unverifiable,False,unverifiable
clip,28903,bathroom,12,heater,heater,correct,True,correct
clip,29288,living room,1,recliner,recliner,unverifiable,False,unverifiable
clip,29288,living room,2,sofa,sofa,correct,True,correct
clip,29288,living room,3,coffee table,coffee_table,unverifiable,False,unverifiable
clip,29288,living room,4,television set,television_set,wrong,False,unverifiable
clip,29288,living room,5,armchair,armchair,unverifiable,False,unverifiable
clip,29288,living room,6,cushion,cushion,correct,True,correct
clip,29288,living room,7,bedspread,bedspread,unverifiable,False,unverifiable
clip,29288,living room,8,dining table,dining_table,wrong,False,unverifiable
clip,29288,living room,9,painting,painting,unverifiable,False,unverifiable
clip,29288,living room,10,quilt,quilt,unverifiable,False,unverifiable
clip,29288,living room,11,pillow,pillow,correct,True,correct
clip,29288,living room,12,stove,stove,unverifiable,False,unverifiable
clip,31296,dining,1,dining table,dining_table,correct,True,correct
clip,31296,dining,2,table,table,unverifiable,True,unverifiable
clip,31296,dining,3,walking stick,walking_stick,unverifiable,False,unverifiable
clip,31296,dining,4,fan,fan,unverifiable,False,unverifiable
clip,31296,dining,5,coffee table,coffee_table,unverifiable,True,unverifiable
clip,31296,dining,6,hat,hat,unverifiable,False,unverifiable
clip,31296,dining,7,recliner,recliner,unverifiable,False,unverifiable
clip,31296,dining,8,napkin,napkin,unverifiable,False,unverifiable
clip,31296,dining,9,fork,fork,unverifiable,False,unverifiable
clip,31296,dining,10,medicine,medicine,unverifiable,False,unverifiable
clip,31296,dining,11,plate,plate,unverifiable,False,unverifiable
clip,31296,dining,12,wheelchair,wheelchair,unverifiable,False,unverifiable
clip,33909,bathroom,1,bathtub,bathtub,correct,True,correct
clip,33909,bathroom,2,toilet,toilet,correct,True,correct
clip,33909,bathroom,3,sink,sink,wrong,False,unverifiable
clip,33909,bathroom,4,shower head,shower_head,unverifiable,False,unverifiable
clip,33909,bathroom,5,toilet tissue,toilet_tissue,unverifiable,False,unverifiable
clip,33909,bathroom,6,towel,towel,unverifiable,False,unverifiable
clip,33909,bathroom,7,bedspread,bedspread,unverifiable,False,unverifiable
clip,33909,bathroom,8,wheelchair,wheelchair,unverifiable,False,unverifiable
clip,33909,bathroom,9,recliner,recliner,wrong,False,wrong
clip,33909,bathroom,10,chair,chair,wrong,False,unverifiable
clip,33909,bathroom,11,bed,bed,wrong,False,unverifiable
clip,33909,bathroom,12,soap,soap,unverifiable,False,unverifiable
clip,34524,bedroom,1,bedspread,bedspread,unverifiable,True,unverifiable
clip,34524,bedroom,2,bed,bed,correct,True,correct
clip,34524,bedroom,3,desk,desk,unverifiable,False,unverifiable
clip,34524,bedroom,4,table lamp,table_lamp,unverifiable,False,unverifiable
clip,34524,bedroom,5,dining table,dining_table,wrong,False,unverifiable
clip,34524,bedroom,6,table,table,unverifiable,False,unverifiable
clip,34524,bedroom,7,notebook,notebook,unverifiable,False,unverifiable
clip,34524,bedroom,8,book,book,unverifiable,False,unverifiable
clip,34524,bedroom,9,alarm clock,alarm_clock,unverifiable,False,unverifiable
clip,34524,bedroom,10,tissue paper,tissue_paper,unverifiable,False,unverifiable
clip,34524,bedroom,11,pillow,pillow,unverifiable,False,unverifiable
clip,34524,bedroom,12,quilt,quilt,correct,True,correct
clip,35664,bedroom,1,bed,bed,correct,True,correct
clip,35664,bedroom,2,bedspread,bedspread,unverifiable,False,unverifiable
clip,35664,bedroom,3,curtain,curtain,unverifiable,False,unverifiable
clip,35664,bedroom,4,recliner,recliner,unverifiable,False,unverifiable
clip,35664,bedroom,5,blanket,blanket,unverifiable,False,unverifiable
clip,35664,bedroom,6,stove,stove,unverifiable,False,unverifiable
clip,35664,bedroom,7,television set,television_set,unverifiable,False,unverifiable
clip,35664,bedroom,8,quilt,quilt,unverifiable,False,unverifiable
clip,35664,bedroom,9,armchair,armchair,correct,True,correct
clip,35664,bedroom,10,sofa,sofa,wrong,False,unverifiable
clip,35664,bedroom,11,crutch,crutch,unverifiable,False,unverifiable
clip,35664,bedroom,12,towel,towel,unverifiable,False,unverifiable
clip,36494,dining,1,dining table,dining_table,correct,True,correct
clip,36494,dining,2,clock,clock,correct,True,correct
clip,36494,dining,3,table,table,unverifiable,True,unverifiable
clip,36494,dining,4,wall clock,wall_clock,unverifiable,True,unverifiable
clip,36494,dining,5,kettle,kettle,unverifiable,False,unverifiable
clip,36494,dining,6,wineglass,wineglass,wrong,False,unverifiable
clip,36494,dining,7,fork,fork,unverifiable,False,unverifiable
clip,36494,dining,8,napkin,napkin,unverifiable,False,unverifiable
clip,36494,dining,9,painting,painting,unverifiable,False,unverifiable
clip,36494,dining,10,coffee table,coffee_table,unverifiable,True,unverifiable
clip,36494,dining,11,fan,fan,unverifiable,False,unverifiable
clip,36494,dining,12,microwave oven,microwave_oven,wrong,False,unverifiable
clip,36844,kitchen,1,recliner,recliner,unverifiable,False,unverifiable
clip,36844,kitchen,2,sofa,sofa,correct,True,correct
clip,36844,kitchen,3,television set,television_set,unverifiable,False,unverifiable
clip,36844,kitchen,4,coffee table,coffee_table,correct,True,correct
clip,36844,kitchen,5,dining table,dining_table,wrong,True,unverifiable
clip,36844,kitchen,6,stove,stove,unverifiable,False,unverifiable
clip,36844,kitchen,7,air conditioner,air_conditioner,unverifiable,False,unverifiable
clip,36844,kitchen,8,armchair,armchair,correct,True,correct
clip,36844,kitchen,9,bedspread,bedspread,unverifiable,False,unverifiable
clip,36844,kitchen,10,microwave oven,microwave_oven,wrong,False,unverifiable
clip,36844,kitchen,11,refrigerator,refrigerator,correct,True,correct
clip,36844,kitchen,12,quilt,quilt,unverifiable,False,unverifiable
clip,36936,living room,1,television set,television_set,correct,True,correct
clip,36936,living room,2,recliner,recliner,unverifiable,False,unverifiable
clip,36936,living room,3,remote control,remote_control,correct,True,correct
clip,36936,living room,4,sofa,sofa,correct,True,correct
clip,36936,living room,5,coffee table,coffee_table,correct,True,correct
clip,36936,living room,6,armchair,armchair,unverifiable,False,unverifiable
clip,36936,living room,7,microwave oven,microwave_oven,wrong,False,unverifiable
clip,36936,living room,8,dining table,dining_table,wrong,True,unverifiable
clip,36936,living room,9,headset,headset,unverifiable,False,unverifiable
clip,36936,living room,10,fan,fan,unverifiable,False,unverifiable
clip,36936,living room,11,table,table,unverifiable,True,unverifiable
clip,36936,living room,12,chair,chair,wrong,False,unverifiable
clip,43944,dining,1,sandwich,sandwich,correct,True,correct
clip,43944,dining,2,plate,plate,unverifiable,False,unverifiable
clip,43944,dining,3,dining table,dining_table,correct,True,correct
clip,43944,dining,4,fork,fork,correct,True,correct
clip,43944,dining,5,napkin,napkin,unverifiable,False,unverifiable
clip,43944,dining,6,table,table,unverifiable,True,unverifiable
clip,43944,dining,7,bread,bread,unverifiable,False,unverifiable
clip,43944,dining,8,straw,straw_(for_drinking),unverifiable,False,unverifiable
clip,43944,dining,9,hat,hat,unverifiable,False,unverifiable
clip,43944,dining,10,crutch,crutch,unverifiable,False,unverifiable
clip,43944,dining,11,cake,cake,wrong,False,unverifiable
clip,43944,dining,12,magazine,magazine,unverifiable,False,unverifiable
clip,45404,bedroom,1,bedspread,bedspread,correct,True,correct
clip,45404,bedroom,2,wall clock,wall_clock,unverifiable,False,unverifiable
clip,45404,bedroom,3,bed,bed,correct,True,correct
clip,45404,bedroom,4,table lamp,table_lamp,unverifiable,False,unverifiable
clip,45404,bedroom,5,hairbrush,hairbrush,unverifiable,False,unverifiable
clip,45404,bedroom,6,lamp,lamp,unverifiable,False,unverifiable
clip,45404,bedroom,7,toilet tissue,toilet_tissue,unverifiable,False,unverifiable
clip,45404,bedroom,8,fan,fan,unverifiable,False,unverifiable
clip,45404,bedroom,9,alarm clock,alarm_clock,unverifiable,False,unverifiable
clip,45404,bedroom,10,crutch,crutch,unverifiable,False,unverifiable
clip,45404,bedroom,11,pillow,pillow,correct,True,correct
clip,45404,bedroom,12,quilt,quilt,unverifiable,True,unverifiable
clip,46029,bedroom,1,bedspread,bedspread,unverifiable,True,unverifiable
clip,46029,bedroom,2,bed,bed,correct,True,correct
clip,46029,bedroom,3,quilt,quilt,unverifiable,True,unverifiable
clip,46029,bedroom,4,blanket,blanket,correct,True,correct
clip,46029,bedroom,5,pillow,pillow,unverifiable,False,unverifiable
clip,46029,bedroom,6,book,book,correct,True,correct
clip,46029,bedroom,7,desk,desk,unverifiable,False,unverifiable
clip,46029,bedroom,8,alarm clock,alarm_clock,unverifiable,False,unverifiable
clip,46029,bedroom,9,table lamp,table_lamp,unverifiable,False,unverifiable
clip,46029,bedroom,10,cushion,cushion,unverifiable,False,unverifiable
clip,46029,bedroom,11,recliner,recliner,unverifiable,False,unverifiable
clip,46029,bedroom,12,wall clock,wall_clock,unverifiable,False,unverifiable
clip,49984,bathroom,1,toilet,toilet,correct,True,correct
clip,49984,bathroom,2,bathtub,bathtub,unverifiable,False,unverifiable
clip,49984,bathroom,3,sink,sink,correct,True,unverifiable
clip,49984,bathroom,4,toilet tissue,toilet_tissue,unverifiable,False,unverifiable
clip,49984,bathroom,5,toothbrush,toothbrush,unverifiable,False,unverifiable
clip,49984,bathroom,6,mirror,mirror,unverifiable,False,unverifiable
clip,49984,bathroom,7,crutch,crutch,unverifiable,False,unverifiable
clip,49984,bathroom,8,shower head,shower_head,unverifiable,False,unverifiable
clip,49984,bathroom,9,towel,towel,unverifiable,True,unverifiable
clip,49984,bathroom,10,wheelchair,wheelchair,unverifiable,False,unverifiable
clip,49984,bathroom,11,recliner,recliner,unverifiable,False,unverifiable
clip,49984,bathroom,12,lamp,lamp,unverifiable,False,unverifiable
clip,53328,living room,1,television set,television_set,wrong,False,unverifiable
clip,53328,living room,2,fan,fan,unverifiable,False,unverifiable
clip,53328,living room,3,remote control,remote_control,correct,True,unverifiable
clip,53328,living room,4,recliner,recliner,unverifiable,False,unverifiable
clip,53328,living room,5,crutch,crutch,unverifiable,False,unverifiable
clip,53328,living room,6,coffee table,coffee_table,unverifiable,False,unverifiable
clip,53328,living room,7,table,table,unverifiable,False,unverifiable
clip,53328,living room,8,headset,headset,unverifiable,False,unverifiable
clip,53328,living room,9,heater,heater,unverifiable,False,unverifiable
clip,53328,living room,10,chair,chair,correct,True,correct
clip,53328,living room,11,sweater,sweater,unverifiable,False,unverifiable
clip,53328,living room,12,armchair,armchair,unverifiable,False,unverifiable
clip,53457,bedroom,1,television set,television_set,correct,True,correct
clip,53457,bedroom,2,cat,cat,correct,True,correct
clip,53457,bedroom,3,remote control,remote_control,unverifiable,False,unverifiable
clip,53457,bedroom,4,recliner,recliner,unverifiable,False,unverifiable
clip,53457,bedroom,5,sofa,sofa,wrong,False,unverifiable
clip,53457,bedroom,6,alarm clock,alarm_clock,unverifiable,False,unverifiable
clip,53457,bedroom,7,microwave oven,microwave_oven,wrong,False,unverifiable
clip,53457,bedroom,8,refrigerator,refrigerator,wrong,False,unverifiable
clip,53457,bedroom,9,air conditioner,air_conditioner,unverifiable,False,unverifiable
clip,53457,bedroom,10,sock,sock,unverifiable,False,unverifiable
clip,53457,bedroom,11,coffee table,coffee_table,unverifiable,False,unverifiable
clip,53457,bedroom,12,radio receiver,radio_receiver,unverifiable,False,unverifiable
clip,54318,bedroom,1,bedspread,bedspread,unverifiable,False,unverifiable
clip,54318,bedroom,2,bed,bed,correct,True,correct
clip,54318,bedroom,3,quilt,quilt,unverifiable,False,unverifiable
clip,54318,bedroom,4,blanket,blanket,unverifiable,False,unverifiable
clip,54318,bedroom,5,pillow,pillow,unverifiable,True,unverifiable
clip,54318,bedroom,6,table lamp,table_lamp,unverifiable,True,unverifiable
clip,54318,bedroom,7,curtain,curtain,unverifiable,False,unverifiable
clip,54318,bedroom,8,recliner,recliner,unverifiable,False,unverifiable
clip,54318,bedroom,9,alarm clock,alarm_clock,unverifiable,False,unverifiable
clip,54318,bedroom,10,armchair,armchair,correct,True,correct
clip,54318,bedroom,11,crutch,crutch,unverifiable,False,unverifiable
clip,54318,bedroom,12,towel,towel,unverifiable,False,unverifiable
clip,61773,kitchen,1,cake,cake,correct,True,correct
clip,61773,kitchen,2,cookie,cookie,unverifiable,False,unverifiable
clip,61773,kitchen,3,microwave oven,microwave_oven,correct,True,correct
clip,61773,kitchen,4,tissue paper,tissue_paper,unverifiable,False,unverifiable
clip,61773,kitchen,5,dining table,dining_table,wrong,False,unverifiable
clip,61773,kitchen,6,sandwich,sandwich,wrong,False,unverifiable
clip,61773,kitchen,7,stove,stove,correct,True,correct
clip,61773,kitchen,8,pizza,pizza,wrong,False,unverifiable
clip,61773,kitchen,9,bedspread,bedspread,unverifiable,False,unverifiable
clip,61773,kitchen,10,quilt,quilt,unverifiable,False,unverifiable
clip,61773,kitchen,11,doughnut,doughnut,wrong,False,unverifiable
clip,61773,kitchen,12,plate,plate,unverifiable,False,unverifiable
clip,61925,bedroom,1,bed,bed,correct,True,correct
clip,61925,bedroom,2,bedspread,bedspread,unverifiable,True,unverifiable
clip,61925,bedroom,3,desk,desk,unverifiable,False,unverifiable
clip,61925,bedroom,4,recliner,recliner,unverifiable,False,unverifiable
clip,61925,bedroom,5,quilt,quilt,unverifiable,True,unverifiable
clip,61925,bedroom,6,blanket,blanket,correct,True,correct
clip,61925,bedroom,7,dining table,dining_table,wrong,False,unverifiable
clip,61925,bedroom,8,alarm clock,alarm_clock,unverifiable,False,unverifiable
clip,61925,bedroom,9,table,table,unverifiable,False,unverifiable
clip,61925,bedroom,10,pillow,pillow,correct,True,correct
clip,61925,bedroom,11,sofa,sofa,wrong,False,unverifiable
clip,61925,bedroom,12,cushion,cushion,unverifiable,True,unverifiable
clip,63081,living room,1,sofa,sofa,correct,True,correct
clip,63081,living room,2,recliner,recliner,unverifiable,False,unverifiable
clip,63081,living room,3,armchair,armchair,unverifiable,False,unverifiable
clip,63081,living room,4,coffee table,coffee_table,correct,True,correct
clip,63081,living room,5,quilt,quilt,unverifiable,False,unverifiable
clip,63081,living room,6,cushion,cushion,unverifiable,False,unverifiable
clip,63081,living room,7,television set,television_set,correct,True,correct
clip,63081,living room,8,curtain,curtain,unverifiable,False,unverifiable
clip,63081,living room,9,remote control,remote_control,correct,True,correct
clip,63081,living room,10,dining table,dining_table,wrong,True,unverifiable
clip,63081,living room,11,air conditioner,air_conditioner,unverifiable,False,unverifiable
clip,63081,living room,12,bedspread,bedspread,unverifiable,False,unverifiable
clip,63865,dining,1,pizza,pizza,correct,True,unverifiable
clip,63865,dining,2,plate,plate,unverifiable,False,unverifiable
clip,63865,dining,3,dining table,dining_table,correct,True,correct
clip,63865,dining,4,sandwich,sandwich,wrong,False,unverifiable
clip,63865,dining,5,bread,bread,unverifiable,False,unverifiable
clip,63865,dining,6,table,table,unverifiable,True,unverifiable
clip,63865,dining,7,cake,cake,wrong,False,unverifiable
clip,63865,dining,8,cookie,cookie,unverifiable,False,unverifiable
clip,63865,dining,9,quilt,quilt,unverifiable,False,unverifiable
clip,63865,dining,10,flower arrangement,flower_arrangement,unverifiable,False,unverifiable
clip,63865,dining,11,microwave oven,microwave_oven,wrong,False,unverifiable
clip,63865,dining,12,clock,clock,wrong,False,unverifiable
clip,65884,living room,1,armchair,armchair,correct,True,correct
clip,65884,living room,2,sofa,sofa,correct,True,unverifiable
clip,65884,living room,3,dining table,dining_table,unverifiable,False,unverifiable
clip,65884,living room,4,recliner,recliner,unverifiable,False,unverifiable
clip,65884,living room,5,cushion,cushion,correct,True,correct
clip,65884,living room,6,quilt,quilt,unverifiable,False,unverifiable
clip,65884,living room,7,coffee table,coffee_table,unverifiable,False,unverifiable
clip,65884,living room,8,stove,stove,unverifiable,False,unverifiable
clip,65884,living room,9,chair,chair,correct,True,unverifiable
clip,65884,living room,10,microwave oven,microwave_oven,wrong,False,unverifiable
clip,65884,living room,11,remote control,remote_control,unverifiable,False,unverifiable
clip,65884,living room,12,curtain,curtain,correct,True,correct
clip,67647,kitchen,1,stove,stove,unverifiable,False,unverifiable
clip,67647,kitchen,2,microwave oven,microwave_oven,correct,True,unverifiable
clip,67647,kitchen,3,kettle,kettle,unverifiable,False,unverifiable
clip,67647,kitchen,4,quilt,quilt,unverifiable,False,unverifiable
clip,67647,kitchen,5,dining table,dining_table,unverifiable,False,unverifiable
clip,67647,kitchen,6,refrigerator,refrigerator,correct,True,correct
clip,67647,kitchen,7,teapot,teapot,unverifiable,False,unverifiable
clip,67647,kitchen,8,bedspread,bedspread,unverifiable,False,unverifiable
clip,67647,kitchen,9,armchair,armchair,unverifiable,False,unverifiable
clip,67647,kitchen,10,sofa,sofa,correct,True,unverifiable
clip,67647,kitchen,11,mug,mug,unverifiable,False,unverifiable
clip,67647,kitchen,12,apple,apple,wrong,False,unverifiable
clip,68260,kitchen,1,stove,stove,correct,True,correct
clip,68260,kitchen,2,dining table,dining_table,wrong,False,unverifiable
clip,68260,kitchen,3,microwave oven,microwave_oven,correct,True,correct
clip,68260,kitchen,4,laptop computer,laptop_computer,correct,True,correct
clip,68260,kitchen,5,coffee maker,coffee_maker,unverifiable,False,unverifiable
clip,68260,kitchen,6,table,table,unverifiable,False,unverifiable
clip,68260,kitchen,7,table lamp,table_lamp,unverifiable,False,unverifiable
clip,68260,kitchen,8,desk,desk,unverifiable,False,unverifiable
clip,68260,kitchen,9,radio receiver,radio_receiver,unverifiable,False,unverifiable
clip,68260,kitchen,10,quilt,quilt,unverifiable,False,unverifiable
clip,68260,kitchen,11,television set,television_set,wrong,False,unverifiable
clip,68260,kitchen,12,refrigerator,refrigerator,wrong,False,unverifiable
clip,68286,bedroom,1,bed,bed,correct,True,correct
clip,68286,bedroom,2,bedspread,bedspread,unverifiable,True,unverifiable
clip,68286,bedroom,3,pillow,pillow,correct,True,correct
clip,68286,bedroom,4,blanket,blanket,correct,True,correct
clip,68286,bedroom,5,cushion,cushion,unverifiable,True,unverifiable
clip,68286,bedroom,6,quilt,quilt,unverifiable,True,unverifiable
clip,68286,bedroom,7,towel,towel,unverifiable,False,unverifiable
clip,68286,bedroom,8,sofa,sofa,wrong,False,unverifiable
clip,68286,bedroom,9,alarm clock,alarm_clock,unverifiable,False,unverifiable
clip,68286,bedroom,10,tissue paper,tissue_paper,unverifiable,False,unverifiable
clip,68286,bedroom,11,table lamp,table_lamp,unverifiable,False,unverifiable
clip,68286,bedroom,12,toilet tissue,toilet_tissue,unverifiable,False,unverifiable
clip,72961,bedroom,1,bed,bed,correct,True,correct
clip,72961,bedroom,2,refrigerator,refrigerator,wrong,False,unverifiable
clip,72961,bedroom,3,air conditioner,air_conditioner,correct,True,correct
clip,72961,bedroom,4,sofa,sofa,wrong,False,unverifiable
clip,72961,bedroom,5,television set,television_set,unverifiable,False,unverifiable
clip,72961,bedroom,6,fan,fan,unverifiable,False,unverifiable
clip,72961,bedroom,7,microwave oven,microwave_oven,wrong,False,unverifiable
clip,72961,bedroom,8,remote control,remote_control,correct,True,correct
clip,72961,bedroom,9,recliner,recliner,unverifiable,False,unverifiable
clip,72961,bedroom,10,bedspread,bedspread,unverifiable,False,unverifiable
clip,72961,bedroom,11,cushion,cushion,unverifiable,True,unverifiable
clip,72961,bedroom,12,pillow,pillow,correct,True,correct
clip,73326,kitchen,1,refrigerator,refrigerator,correct,True,correct
clip,73326,kitchen,2,microwave oven,microwave_oven,wrong,False,unverifiable
clip,73326,kitchen,3,stove,stove,unverifiable,False,unverifiable
clip,73326,kitchen,4,sandwich,sandwich,wrong,False,unverifiable
clip,73326,kitchen,5,heater,heater,unverifiable,False,unverifiable
clip,73326,kitchen,6,dining table,dining_table,wrong,False,unverifiable
clip,73326,kitchen,7,quilt,quilt,unverifiable,False,unverifiable
clip,73326,kitchen,8,fork,fork,unverifiable,False,unverifiable
clip,73326,kitchen,9,mirror,mirror,unverifiable,False,unverifiable
clip,73326,kitchen,10,air conditioner,air_conditioner,unverifiable,False,unverifiable
clip,73326,kitchen,11,milk,milk,correct,True,correct
clip,73326,kitchen,12,bread,bread,unverifiable,False,unverifiable
clip,74357,kitchen,1,coffee table,coffee_table,unverifiable,False,unverifiable
clip,74357,kitchen,2,recliner,recliner,unverifiable,False,unverifiable
clip,74357,kitchen,3,sofa,sofa,correct,True,correct
clip,74357,kitchen,4,television set,television_set,unverifiable,False,unverifiable
clip,74357,kitchen,5,microwave oven,microwave_oven,wrong,False,unverifiable
clip,74357,kitchen,6,stove,stove,unverifiable,False,unverifiable
clip,74357,kitchen,7,remote control,remote_control,unverifiable,False,unverifiable
clip,74357,kitchen,8,dining table,dining_table,wrong,False,unverifiable
clip,74357,kitchen,9,bathtub,bathtub,unverifiable,False,unverifiable
clip,74357,kitchen,10,armchair,armchair,unverifiable,False,unverifiable
clip,74357,kitchen,11,bedspread,bedspread,unverifiable,True,unverifiable
clip,74357,kitchen,12,quilt,quilt,unverifiable,True,unverifiable
clip,75110,bedroom,1,bed,bed,correct,True,correct
clip,75110,bedroom,2,bedspread,bedspread,unverifiable,True,unverifiable
clip,75110,bedroom,3,pillow,pillow,correct,True,correct
clip,75110,bedroom,4,table lamp,table_lamp,unverifiable,True,unverifiable
clip,75110,bedroom,5,quilt,quilt,unverifiable,True,unverifiable
clip,75110,bedroom,6,cushion,cushion,unverifiable,True,unverifiable
clip,75110,bedroom,7,alarm clock,alarm_clock,unverifiable,False,unverifiable
clip,75110,bedroom,8,blanket,blanket,correct,True,correct
clip,75110,bedroom,9,towel,towel,unverifiable,False,unverifiable
clip,75110,bedroom,10,wall clock,wall_clock,unverifiable,False,unverifiable
clip,75110,bedroom,11,lamp,lamp,correct,True,correct
clip,75110,bedroom,12,remote control,remote_control,unverifiable,False,unverifiable
clip,75811,bathroom,1,bathtub,bathtub,unverifiable,False,unverifiable
clip,75811,bathroom,2,toilet,toilet,correct,True,correct
clip,75811,bathroom,3,shower head,shower_head,unverifiable,False,unverifiable
clip,75811,bathroom,4,towel,towel,unverifiable,False,unverifiable
clip,75811,bathroom,5,toilet tissue,toilet_tissue,correct,True,correct
clip,75811,bathroom,6,refrigerator,refrigerator,wrong,False,unverifiable
clip,75811,bathroom,7,recliner,recliner,unverifiable,False,unverifiable
clip,75811,bathroom,8,sink,sink,wrong,False,unverifiable
clip,75811,bathroom,9,toothbrush,toothbrush,unverifiable,False,unverifiable
clip,75811,bathroom,10,crutch,crutch,unverifiable,False,unverifiable
clip,75811,bathroom,11,curtain,curtain,correct,True,correct
clip,75811,bathroom,12,hand towel,hand_towel,unverifiable,False,unverifiable
clip,77177,living room,1,recliner,recliner,unverifiable,False,unverifiable
clip,77177,living room,2,armchair,armchair,unverifiable,False,unverifiable
clip,77177,living room,3,sofa,sofa,correct,True,correct
clip,77177,living room,4,television set,television_set,correct,True,correct
clip,77177,living room,5,bed,bed,wrong,False,unverifiable
clip,77177,living room,6,bathtub,bathtub,unverifiable,False,unverifiable
clip,77177,living room,7,stove,stove,unverifiable,False,unverifiable
clip,77177,living room,8,bedspread,bedspread,unverifiable,False,unverifiable
clip,77177,living room,9,remote control,remote_control,unverifiable,False,unverifiable
clip,77177,living room,10,cushion,cushion,correct,True,correct
clip,77177,living room,11,coffee table,coffee_table,unverifiable,False,unverifiable
clip,77177,living room,12,crutch,crutch,unverifiable,False,unverifiable
clip,80369,kitchen,1,dining table,dining_table,unverifiable,False,unverifiable
clip,80369,kitchen,2,cake,cake,correct,True,correct
clip,80369,kitchen,3,refrigerator,refrigerator,correct,True,correct
clip,80369,kitchen,4,table,table,unverifiable,False,unverifiable
clip,80369,kitchen,5,mirror,mirror,unverifiable,False,unverifiable
clip,80369,kitchen,6,fan,fan,unverifiable,False,unverifiable
clip,80369,kitchen,7,painting,painting,correct,True,correct
clip,80369,kitchen,8,coffee table,coffee_table,unverifiable,False,unverifiable
clip,80369,kitchen,9,microwave oven,microwave_oven,wrong,False,unverifiable
clip,80369,kitchen,10,plate,plate,unverifiable,False,unverifiable
clip,80369,kitchen,11,milk,milk,unverifiable,False,unverifiable
clip,80369,kitchen,12,air conditioner,air_conditioner,unverifiable,False,unverifiable
clip,84680,kitchen,1,microwave oven,microwave_oven,correct,True,correct
clip,84680,kitchen,2,stove,stove,unverifiable,False,unverifiable
clip,84680,kitchen,3,hand towel,hand_towel,unverifiable,True,unverifiable
clip,84680,kitchen,4,towel,towel,unverifiable,True,unverifiable
clip,84680,kitchen,5,radio receiver,radio_receiver,unverifiable,False,unverifiable
clip,84680,kitchen,6,refrigerator,refrigerator,correct,True,correct
clip,84680,kitchen,7,heater,heater,unverifiable,False,unverifiable
clip,84680,kitchen,8,air conditioner,air_conditioner,unverifiable,False,unverifiable
clip,84680,kitchen,9,sock,sock,unverifiable,False,unverifiable
clip,84680,kitchen,10,sweater,sweater,unverifiable,False,unverifiable
clip,84680,kitchen,11,alarm clock,alarm_clock,unverifiable,False,unverifiable
clip,84680,kitchen,12,television set,television_set,wrong,False,unverifiable
clip,88040,dining,1,dining table,dining_table,correct,True,correct
clip,88040,dining,2,plate,plate,unverifiable,False,unverifiable
clip,88040,dining,3,table,table,unverifiable,True,unverifiable
clip,88040,dining,4,microwave oven,microwave_oven,wrong,False,unverifiable
clip,88040,dining,5,fork,fork,correct,True,correct
clip,88040,dining,6,bowl,bowl,correct,True,unverifiable
clip,88040,dining,7,napkin,napkin,correct,True,correct
clip,88040,dining,8,stove,stove,unverifiable,False,unverifiable
clip,88040,dining,9,refrigerator,refrigerator,wrong,False,unverifiable
clip,88040,dining,10,coffee table,coffee_table,unverifiable,True,unverifiable
clip,88040,dining,11,pizza,pizza,wrong,False,unverifiable
clip,88040,dining,12,wineglass,wineglass,wrong,False,unverifiable
clip,98085,dining,1,plate,plate,correct,True,correct
clip,98085,dining,2,sandwich,sandwich,wrong,False,unverifiable
clip,98085,dining,3,banana,banana,wrong,False,wrong
clip,98085,dining,4,dining table,dining_table,correct,True,correct
clip,98085,dining,5,cake,cake,wrong,False,unverifiable
clip,98085,dining,6,doughnut,doughnut,wrong,False,unverifiable
clip,98085,dining,7,toilet tissue,toilet_tissue,unverifiable,False,unverifiable
clip,98085,dining,8,napkin,napkin,unverifiable,False,unverifiable
clip,98085,dining,9,fork,fork,unverifiable,False,unverifiable
clip,98085,dining,10,mug,mug,unverifiable,False,unverifiable
clip,98085,dining,11,alarm clock,alarm_clock,unverifiable,False,unverifiable
clip,98085,dining,12,table,table,unverifiable,True,unverifiable
clip,101630,bathroom,1,sink,sink,correct,True,correct
clip,101630,bathroom,2,bathtub,bathtub,correct,True,correct
clip,101630,bathroom,3,soap,soap,unverifiable,False,unverifiable
clip,101630,bathroom,4,toothbrush,toothbrush,correct,True,correct
clip,101630,bathroom,5,desk,desk,unverifiable,False,unverifiable
clip,101630,bathroom,6,toilet,toilet,wrong,False,unverifiable
clip,101630,bathroom,7,toilet tissue,toilet_tissue,wrong,False,wrong
clip,101630,bathroom,8,mirror,mirror,unverifiable,False,unverifiable
clip,101630,bathroom,9,bed,bed,wrong,False,unverifiable
clip,101630,bathroom,10,towel,towel,correct,True,correct
clip,101630,bathroom,11,television set,television_set,wrong,False,unverifiable
clip,101630,bathroom,12,hand towel,hand_towel,unverifiable,True,unverifiable
clip,101816,bathroom,1,bathtub,bathtub,correct,True,correct
clip,101816,bathroom,2,toilet,toilet,correct,True,correct
clip,101816,bathroom,3,sink,sink,correct,True,correct
clip,101816,bathroom,4,recliner,recliner,unverifiable,False,unverifiable
clip,101816,bathroom,5,shower head,shower_head,unverifiable,False,unverifiable
clip,101816,bathroom,6,bed,bed,wrong,False,unverifiable
clip,101816,bathroom,7,bedspread,bedspread,unverifiable,False,unverifiable
clip,101816,bathroom,8,mirror,mirror,unverifiable,False,unverifiable
clip,101816,bathroom,9,towel,towel,unverifiable,True,unverifiable
clip,101816,bathroom,10,quilt,quilt,unverifiable,False,unverifiable
clip,101816,bathroom,11,painting,painting,unverifiable,False,unverifiable
clip,101816,bathroom,12,remote control,remote_control,unverifiable,False,unverifiable
clip,102223,bedroom,1,dog,dog,correct,True,unverifiable
clip,102223,bedroom,2,bedspread,bedspread,unverifiable,True,unverifiable
clip,102223,bedroom,3,bed,bed,correct,True,correct
clip,102223,bedroom,4,blanket,blanket,correct,True,correct
clip,102223,bedroom,5,pillow,pillow,correct,True,correct
clip,102223,bedroom,6,cushion,cushion,unverifiable,True,unverifiable
clip,102223,bedroom,7,alarm clock,alarm_clock,unverifiable,False,unverifiable
clip,102223,bedroom,8,quilt,quilt,unverifiable,True,unverifiable
clip,102223,bedroom,9,sock,sock,unverifiable,False,unverifiable
clip,102223,bedroom,10,cat,cat,wrong,False,unverifiable
clip,102223,bedroom,11,towel,towel,unverifiable,False,unverifiable
clip,102223,bedroom,12,sofa,sofa,correct,True,unverifiable
clip,102320,bathroom,1,bathtub,bathtub,correct,True,correct
clip,102320,bathroom,2,toilet,toilet,correct,True,correct
clip,102320,bathroom,3,sink,sink,correct,True,unverifiable
clip,102320,bathroom,4,toilet tissue,toilet_tissue,correct,True,correct
clip,102320,bathroom,5,towel,towel,unverifiable,False,unverifiable
clip,102320,bathroom,6,bedspread,bedspread,unverifiable,False,unverifiable
clip,102320,bathroom,7,toothbrush,toothbrush,unverifiable,False,unverifiable
clip,102320,bathroom,8,mirror,mirror,unverifiable,False,unverifiable
clip,102320,bathroom,9,shower head,shower_head,correct,True,correct
clip,102320,bathroom,10,recliner,recliner,unverifiable,False,unverifiable
clip,102320,bathroom,11,wheelchair,wheelchair,unverifiable,False,unverifiable
clip,102320,bathroom,12,bed,bed,wrong,False,unverifiable
clip,102718,bathroom,1,bathtub,bathtub,correct,True,correct
clip,102718,bathroom,2,sink,sink,correct,True,correct
clip,102718,bathroom,3,toilet,toilet,wrong,False,unverifiable
clip,102718,bathroom,4,toilet tissue,toilet_tissue,unverifiable,False,unverifiable
clip,102718,bathroom,5,soap,soap,correct,True,correct
clip,102718,bathroom,6,shower head,shower_head,unverifiable,False,unverifiable
clip,102718,bathroom,7,mirror,mirror,unverifiable,False,unverifiable
clip,102718,bathroom,8,towel,towel,unverifiable,False,unverifiable
clip,102718,bathroom,9,television set,television_set,wrong,False,unverifiable
clip,102718,bathroom,10,toothbrush,toothbrush,unverifiable,False,unverifiable
clip,102718,bathroom,11,table lamp,table_lamp,unverifiable,False,unverifiable
clip,102718,bathroom,12,hand towel,hand_towel,unverifiable,False,unverifiable
clip,102841,bedroom,1,cat,cat,correct,True,unverifiable
clip,102841,bedroom,2,blanket,blanket,correct,True,correct
clip,102841,bedroom,3,bedspread,bedspread,unverifiable,True,unverifiable
clip,102841,bedroom,4,alarm clock,alarm_clock,unverifiable,False,unverifiable
clip,102841,bedroom,5,bed,bed,correct,True,correct
clip,102841,bedroom,6,quilt,quilt,unverifiable,True,unverifiable
clip,102841,bedroom,7,walking stick,walking_stick,unverifiable,False,unverifiable
clip,102841,bedroom,8,pillow,pillow,unverifiable,False,unverifiable
clip,102841,bedroom,9,sock,sock,unverifiable,False,unverifiable
clip,102841,bedroom,10,towel,towel,unverifiable,True,unverifiable
clip,102841,bedroom,11,cushion,cushion,unverifiable,False,unverifiable
clip,102841,bedroom,12,heater,heater,unverifiable,False,unverifiable
clip,103119,kitchen,1,stove,stove,correct,True,correct
clip,103119,kitchen,2,microwave oven,microwave_oven,correct,True,correct
clip,103119,kitchen,3,kettle,kettle,unverifiable,False,unverifiable
clip,103119,kitchen,4,refrigerator,refrigerator,wrong,False,unverifiable
clip,103119,kitchen,5,coffee maker,coffee_maker,unverifiable,False,unverifiable
clip,103119,kitchen,6,heater,heater,unverifiable,False,unverifiable
clip,103119,kitchen,7,quilt,quilt,unverifiable,False,unverifiable
clip,103119,kitchen,8,radio receiver,radio_receiver,unverifiable,False,unverifiable
clip,103119,kitchen,9,television set,television_set,wrong,False,unverifiable
clip,103119,kitchen,10,teapot,teapot,unverifiable,False,unverifiable
clip,103119,kitchen,11,wall clock,wall_clock,unverifiable,False,unverifiable
clip,103119,kitchen,12,dining table,dining_table,wrong,False,unverifiable
clip,106235,living room,1,recliner,recliner,unverifiable,False,unverifiable
clip,106235,living room,2,sofa,sofa,correct,True,unverifiable
clip,106235,living room,3,coffee table,coffee_table,correct,True,correct
clip,106235,living room,4,quilt,quilt,unverifiable,False,unverifiable
clip,106235,living room,5,armchair,armchair,correct,True,correct
clip,106235,living room,6,cushion,cushion,unverifiable,True,unverifiable
clip,106235,living room,7,bedspread,bedspread,unverifiable,False,unverifiable
clip,106235,living room,8,dining table,dining_table,unverifiable,True,unverifiable
clip,106235,living room,9,television set,television_set,wrong,False,unverifiable
clip,106235,living room,10,table,table,unverifiable,True,unverifiable
clip,106235,living room,11,pillow,pillow,correct,True,correct
clip,106235,living room,12,blanket,blanket,unverifiable,False,unverifiable
clip,110884,bathroom,1,toilet,toilet,correct,True,correct
clip,110884,bathroom,2,bathtub,bathtub,unverifiable,False,unverifiable
clip,110884,bathroom,3,sink,sink,correct,True,correct
clip,110884,bathroom,4,mirror,mirror,correct,True,correct
clip,110884,bathroom,5,toilet tissue,toilet_tissue,unverifiable,False,unverifiable
clip,110884,bathroom,6,toothbrush,toothbrush,unverifiable,False,unverifiable
clip,110884,bathroom,7,soap,soap,unverifiable,False,unverifiable
clip,110884,bathroom,8,towel,towel,unverifiable,False,unverifiable
clip,110884,bathroom,9,hand towel,hand_towel,unverifiable,False,unverifiable
clip,110884,bathroom,10,bed,bed,wrong,False,unverifiable
clip,110884,bathroom,11,spoon,spoon,unverifiable,False,unverifiable
clip,110884,bathroom,12,hairbrush,hairbrush,unverifiable,False,unverifiable
clip,111951,bathroom,1,bathtub,bathtub,unverifiable,False,unverifiable
clip,111951,bathroom,2,toilet,toilet,correct,True,correct
clip,111951,bathroom,3,sink,sink,correct,True,correct
clip,111951,bathroom,4,shower head,shower_head,unverifiable,False,unverifiable
clip,111951,bathroom,5,toilet tissue,toilet_tissue,unverifiable,False,unverifiable
clip,111951,bathroom,6,mirror,mirror,unverifiable,False,unverifiable
clip,111951,bathroom,7,towel,towel,unverifiable,False,unverifiable
clip,111951,bathroom,8,hand towel,hand_towel,unverifiable,False,unverifiable
clip,111951,bathroom,9,toothbrush,toothbrush,unverifiable,False,unverifiable
clip,111951,bathroom,10,microwave oven,microwave_oven,wrong,False,unverifiable
clip,111951,bathroom,11,recliner,recliner,unverifiable,False,unverifiable
clip,111951,bathroom,12,soap,soap,unverifiable,False,unverifiable
clip,114108,dining,1,pizza,pizza,correct,True,correct
clip,114108,dining,2,plate,plate,unverifiable,False,unverifiable
clip,114108,dining,3,dining table,dining_table,correct,True,correct
clip,114108,dining,4,microwave oven,microwave_oven,wrong,False,unverifiable
clip,114108,dining,5,bread,bread,unverifiable,False,unverifiable
clip,114108,dining,6,napkin,napkin,unverifiable,False,unverifiable
clip,114108,dining,7,stove,stove,unverifiable,False,unverifiable
clip,114108,dining,8,table,table,unverifiable,True,unverifiable
clip,114108,dining,9,sandwich,sandwich,wrong,False,unverifiable
clip,114108,dining,10,cookie,cookie,unverifiable,False,unverifiable
clip,114108,dining,11,bowl,bowl,wrong,False,unverifiable
clip,114108,dining,12,glass,glass_(drink_container),unverifiable,False,unverifiable
clip,116479,bedroom,1,bed,bed,correct,True,correct
clip,116479,bedroom,2,curtain,curtain,unverifiable,False,unverifiable
clip,116479,bedroom,3,bedspread,bedspread,unverifiable,False,unverifiable
clip,116479,bedroom,4,towel,towel,unverifiable,False,unverifiable
clip,116479,bedroom,5,quilt,quilt,unverifiable,False,unverifiable
clip,116479,bedroom,6,blanket,blanket,unverifiable,False,unverifiable
clip,116479,bedroom,7,pillow,pillow,unverifiable,False,unverifiable
clip,116479,bedroom,8,mirror,mirror,unverifiable,False,unverifiable
clip,116479,bedroom,9,alarm clock,alarm_clock,unverifiable,False,unverifiable
clip,116479,bedroom,10,crutch,crutch,unverifiable,False,unverifiable
clip,116479,bedroom,11,recliner,recliner,unverifiable,False,unverifiable
clip,116479,bedroom,12,tissue paper,tissue_paper,unverifiable,False,unverifiable
clip,117089,dining,1,napkin,napkin,correct,True,correct
clip,117089,dining,2,orange juice,orange_juice,unverifiable,False,unverifiable
clip,117089,dining,3,dining table,dining_table,correct,True,correct
clip,117089,dining,4,plate,plate,unverifiable,False,unverifiable
clip,117089,dining,5,table,table,unverifiable,True,unverifiable
clip,117089,dining,6,fork,fork,correct,True,correct
clip,117089,dining,7,crutch,crutch,unverifiable,False,unverifiable
clip,117089,dining,8,magazine,magazine,correct,True,correct
clip,117089,dining,9,sandwich,sandwich,wrong,False,unverifiable
clip,117089,dining,10,bedspread,bedspread,unverifiable,False,unverifiable
clip,117089,dining,11,quilt,quilt,unverifiable,False,unverifiable
clip,117089,dining,12,bread,bread,unverifiable,False,unverifiable
clip,121904,kitchen,1,refrigerator,refrigerator,correct,True,correct
clip,121904,kitchen,2,microwave oven,microwave_oven,correct,True,correct
clip,121904,kitchen,3,stove,stove,unverifiable,False,unverifiable
clip,121904,kitchen,4,dining table,dining_table,unverifiable,False,unverifiable
clip,121904,kitchen,5,kettle,kettle,unverifiable,False,unverifiable
clip,121904,kitchen,6,air conditioner,air_conditioner,unverifiable,False,unverifiable
clip,121904,kitchen,7,sink,sink,correct,True,unverifiable
clip,121904,kitchen,8,table,table,unverifiable,False,unverifiable
clip,121904,kitchen,9,fork,fork,unverifiable,False,unverifiable
clip,121904,kitchen,10,television set,television_set,wrong,False,unverifiable
clip,121904,kitchen,11,bedspread,bedspread,unverifiable,False,unverifiable
clip,121904,kitchen,12,desk,desk,unverifiable,False,unverifiable
clip,125955,bathroom,1,toilet,toilet,correct,True,correct
clip,125955,bathroom,2,toilet tissue,toilet_tissue,unverifiable,False,unverifiable
clip,125955,bathroom,3,sink,sink,correct,True,correct
clip,125955,bathroom,4,bathtub,bathtub,unverifiable,False,unverifiable
clip,125955,bathroom,5,mirror,mirror,unverifiable,False,unverifiable
clip,125955,bathroom,6,toothbrush,toothbrush,unverifiable,False,unverifiable
clip,125955,bathroom,7,microwave oven,microwave_oven,wrong,False,unverifiable
clip,125955,bathroom,8,wall clock,wall_clock,unverifiable,False,unverifiable
clip,125955,bathroom,9,chair,chair,wrong,False,unverifiable
clip,125955,bathroom,10,refrigerator,refrigerator,wrong,False,unverifiable
clip,125955,bathroom,11,air conditioner,air_conditioner,unverifiable,False,unverifiable
clip,125955,bathroom,12,stove,stove,unverifiable,False,unverifiable
clip,127168,bedroom,1,bed,bed,correct,True,correct
clip,127168,bedroom,2,bedspread,bedspread,unverifiable,False,unverifiable
clip,127168,bedroom,3,pillow,pillow,correct,True,correct
clip,127168,bedroom,4,curtain,curtain,correct,True,correct
clip,127168,bedroom,5,alarm clock,alarm_clock,unverifiable,False,unverifiable
clip,127168,bedroom,6,blanket,blanket,unverifiable,False,unverifiable
clip,127168,bedroom,7,quilt,quilt,unverifiable,False,unverifiable
clip,127168,bedroom,8,air conditioner,air_conditioner,unverifiable,False,unverifiable
clip,127168,bedroom,9,sofa,sofa,wrong,False,unverifiable
clip,127168,bedroom,10,lamp,lamp,unverifiable,False,unverifiable
clip,127168,bedroom,11,cushion,cushion,unverifiable,True,unverifiable
clip,127168,bedroom,12,tissue paper,tissue_paper,unverifiable,False,unverifiable
clip,127394,dining,1,dining table,dining_table,correct,True,correct
clip,127394,dining,2,table,table,unverifiable,True,unverifiable
clip,127394,dining,3,plate,plate,correct,True,correct
clip,127394,dining,4,coffee table,coffee_table,unverifiable,True,unverifiable
clip,127394,dining,5,stove,stove,unverifiable,False,unverifiable
clip,127394,dining,6,napkin,napkin,unverifiable,False,unverifiable
clip,127394,dining,7,pizza,pizza,correct,True,unverifiable
clip,127394,dining,8,sandwich,sandwich,wrong,False,unverifiable
clip,127394,dining,9,fork,fork,unverifiable,False,unverifiable
clip,127394,dining,10,quilt,quilt,unverifiable,False,unverifiable
clip,127394,dining,11,microwave oven,microwave_oven,wrong,False,unverifiable
clip,127394,dining,12,crutch,crutch,unverifiable,False,unverifiable
clip,129322,bathroom,1,toilet,toilet,correct,True,correct
clip,129322,bathroom,2,toilet tissue,toilet_tissue,correct,True,correct
clip,129322,bathroom,3,bathtub,bathtub,correct,True,correct
clip,129322,bathroom,4,chair,chair,wrong,False,unverifiable
clip,129322,bathroom,5,sink,sink,wrong,False,unverifiable
clip,129322,bathroom,6,wheelchair,wheelchair,unverifiable,False,unverifiable
clip,129322,bathroom,7,armchair,armchair,unverifiable,False,unverifiable
clip,129322,bathroom,8,vase,vase,wrong,False,unverifiable
clip,129322,bathroom,9,stove,stove,unverifiable,False,unverifiable
clip,129322,bathroom,10,trash can,trash_can,unverifiable,False,unverifiable
clip,129322,bathroom,11,kettle,kettle,unverifiable,False,unverifiable
clip,129322,bathroom,12,recliner,recliner,unverifiable,False,unverifiable
clip,129980,living room,1,coffee table,coffee_table,correct,True,correct
clip,129980,living room,2,sofa,sofa,correct,True,correct
clip,129980,living room,3,recliner,recliner,unverifiable,False,unverifiable
clip,129980,living room,4,dining table,dining_table,unverifiable,True,unverifiable
clip,129980,living room,5,armchair,armchair,unverifiable,False,unverifiable
clip,129980,living room,6,television set,television_set,wrong,False,unverifiable
clip,129980,living room,7,table,table,unverifiable,True,unverifiable
clip,129980,living room,8,painting,painting,correct,True,correct
clip,129980,living room,9,flower arrangement,flower_arrangement,unverifiable,False,unverifiable
clip,129980,living room,10,mirror,mirror,unverifiable,False,unverifiable
clip,129980,living room,11,cushion,cushion,unverifiable,True,unverifiable
clip,129980,living room,12,curtain,curtain,unverifiable,False,unverifiable
clip,134907,living room,1,notebook,notebook,unverifiable,False,unverifiable
clip,134907,living room,2,laptop computer,laptop_computer,correct,True,correct
clip,134907,living room,3,recliner,recliner,unverifiable,False,unverifiable
clip,134907,living room,4,fan,fan,unverifiable,False,unverifiable
clip,134907,living room,5,book,book,correct,True,correct
clip,134907,living room,6,pillow,pillow,correct,True,correct
clip,134907,living room,7,crutch,crutch,unverifiable,False,unverifiable
clip,134907,living room,8,cushion,cushion,correct,True,correct
clip,134907,living room,9,desk,desk,unverifiable,False,unverifiable
clip,134907,living room,10,cellular telephone,cellular_telephone,unverifiable,False,unverifiable
clip,134907,living room,11,magazine,magazine,unverifiable,False,unverifiable
clip,134907,living room,12,newspaper,newspaper,unverifiable,False,unverifiable
clip,140487,living room,1,fan,fan,unverifiable,False,unverifiable
clip,140487,living room,2,sofa,sofa,correct,True,correct
clip,140487,living room,3,coffee table,coffee_table,unverifiable,False,unverifiable
clip,140487,living room,4,painting,painting,correct,True,correct
clip,140487,living room,5,crutch,crutch,unverifiable,False,unverifiable
clip,140487,living room,6,remote control,remote_control,unverifiable,False,unverifiable
clip,140487,living room,7,refrigerator,refrigerator,wrong,False,unverifiable
clip,140487,living room,8,kettle,kettle,unverifiable,False,unverifiable
clip,140487,living room,9,jacket,jacket,unverifiable,False,unverifiable
clip,140487,living room,10,mirror,mirror,unverifiable,False,unverifiable
clip,140487,living room,11,dining table,dining_table,wrong,False,unverifiable
clip,140487,living room,12,wheelchair,wheelchair,unverifiable,False,unverifiable
clip,140987,dining,1,pizza,pizza,correct,True,correct
clip,140987,dining,2,napkin,napkin,unverifiable,False,unverifiable
clip,140987,dining,3,dining table,dining_table,correct,True,correct
clip,140987,dining,4,plate,plate,unverifiable,False,unverifiable
clip,140987,dining,5,fan,fan,unverifiable,False,unverifiable
clip,140987,dining,6,table,table,unverifiable,True,unverifiable
clip,140987,dining,7,cookie,cookie,unverifiable,False,unverifiable
clip,140987,dining,8,microwave oven,microwave_oven,wrong,False,unverifiable
clip,140987,dining,9,sandwich,sandwich,wrong,False,unverifiable
clip,140987,dining,10,bread,bread,unverifiable,False,unverifiable
clip,140987,dining,11,tissue paper,tissue_paper,unverifiable,False,unverifiable
clip,140987,dining,12,dog,dog,wrong,False,unverifiable
clip,141180,bedroom,1,laptop computer,laptop_computer,correct,True,unverifiable
clip,141180,bedroom,2,desk,desk,unverifiable,False,unverifiable
clip,141180,bedroom,3,notebook,notebook,unverifiable,False,unverifiable
clip,141180,bedroom,4,dining table,dining_table,wrong,False,unverifiable
clip,141180,bedroom,5,cellular telephone,cellular_telephone,correct,True,correct
clip,141180,bedroom,6,table,table,unverifiable,False,unverifiable
clip,141180,bedroom,7,radio receiver,radio_receiver,unverifiable,False,unverifiable
clip,141180,bedroom,8,headset,headset,unverifiable,False,unverifiable
clip,141180,bedroom,9,coffee table,coffee_table,unverifiable,False,unverifiable
clip,141180,bedroom,10,remote control,remote_control,unverifiable,False,unverifiable
clip,141180,bedroom,11,earphone,earphone,correct,True,correct
clip,141180,bedroom,12,bedspread,bedspread,unverifiable,True,unverifiable
clip,141795,bathroom,1,toilet,toilet,correct,True,correct
clip,141795,bathroom,2,mirror,mirror,unverifiable,False,unverifiable
clip,141795,bathroom,3,bathtub,bathtub,unverifiable,False,unverifiable
clip,141795,bathroom,4,sink,sink,correct,True,correct
clip,141795,bathroom,5,toilet tissue,toilet_tissue,unverifiable,False,unverifiable
clip,141795,bathroom,6,toothbrush,toothbrush,correct,True,correct
clip,141795,bathroom,7,crutch,crutch,unverifiable,False,unverifiable
clip,141795,bathroom,8,hairbrush,hairbrush,unverifiable,False,unverifiable
clip,141795,bathroom,9,toothpaste,toothpaste,correct,True,correct
clip,141795,bathroom,10,wheelchair,wheelchair,unverifiable,False,unverifiable
clip,141795,bathroom,11,microwave oven,microwave_oven,wrong,False,unverifiable
clip,141795,bathroom,12,shower head,shower_head,correct,True,correct
clip,142240,kitchen,1,stove,stove,correct,True,correct
clip,142240,kitchen,2,microwave oven,microwave_oven,wrong,False,unverifiable
clip,142240,kitchen,3,bread,bread,unverifiable,False,unverifiable
clip,142240,kitchen,4,heater,heater,unverifiable,False,unverifiable
clip,142240,kitchen,5,dining table,dining_table,wrong,False,unverifiable
clip,142240,kitchen,6,sweater,sweater,unverifiable,False,unverifiable
clip,142240,kitchen,7,sandwich,sandwich,wrong,False,unverifiable
clip,142240,kitchen,8,quilt,quilt,unverifiable,False,unverifiable
clip,142240,kitchen,9,refrigerator,refrigerator,wrong,False,unverifiable
clip,142240,kitchen,10,crutch,crutch,unverifiable,False,unverifiable
clip,142240,kitchen,11,medicine,medicine,unverifiable,False,unverifiable
clip,142240,kitchen,12,mirror,mirror,wrong,False,wrong
clip,142291,living room,1,recliner,recliner,unverifiable,False,unverifiable
clip,142291,living room,2,television set,television_set,wrong,False,unverifiable
clip,142291,living room,3,remote control,remote_control,correct,True,unverifiable
clip,142291,living room,4,coffee table,coffee_table,unverifiable,False,unverifiable
clip,142291,living room,5,sofa,sofa,correct,True,correct
clip,142291,living room,6,chair,chair,wrong,False,unverifiable
clip,142291,living room,7,dining table,dining_table,wrong,False,unverifiable
clip,142291,living room,8,armchair,armchair,unverifiable,False,unverifiable
clip,142291,living room,9,cushion,cushion,unverifiable,True,unverifiable
clip,142291,living room,10,fan,fan,unverifiable,False,unverifiable
clip,142291,living room,11,table,table,unverifiable,False,unverifiable
clip,142291,living room,12,headset,headset,unverifiable,False,unverifiable
clip,149184,kitchen,1,microwave oven,microwave_oven,correct,True,correct
clip,149184,kitchen,2,stove,stove,unverifiable,False,unverifiable
clip,149184,kitchen,3,refrigerator,refrigerator,correct,True,correct
clip,149184,kitchen,4,dining table,dining_table,unverifiable,False,unverifiable
clip,149184,kitchen,5,coffee maker,coffee_maker,correct,True,correct
clip,149184,kitchen,6,television set,television_set,wrong,False,unverifiable
clip,149184,kitchen,7,recliner,recliner,unverifiable,False,unverifiable
clip,149184,kitchen,8,sink,sink,correct,True,unverifiable
clip,149184,kitchen,9,orange juice,orange_juice,unverifiable,False,unverifiable
clip,149184,kitchen,10,kettle,kettle,unverifiable,False,unverifiable
clip,149184,kitchen,11,table,table,unverifiable,False,unverifiable
clip,149184,kitchen,12,quilt,quilt,unverifiable,False,unverifiable
clip,150417,kitchen,1,cake,cake,correct,True,unverifiable
clip,150417,kitchen,2,walking stick,walking_stick,unverifiable,False,unverifiable
clip,150417,kitchen,3,dining table,dining_table,unverifiable,False,unverifiable
clip,150417,kitchen,4,bedspread,bedspread,unverifiable,False,unverifiable
clip,150417,kitchen,5,flower arrangement,flower_arrangement,unverifiable,False,unverifiable
clip,150417,kitchen,6,tissue paper,tissue_paper,unverifiable,False,unverifiable
clip,150417,kitchen,7,television set,television_set,wrong,False,unverifiable
clip,150417,kitchen,8,quilt,quilt,unverifiable,False,unverifiable
clip,150417,kitchen,9,fan,fan,unverifiable,False,unverifiable
clip,150417,kitchen,10,medicine,medicine,unverifiable,False,unverifiable
clip,150417,kitchen,11,microwave oven,microwave_oven,wrong,False,unverifiable
clip,150417,kitchen,12,table,table,unverifiable,False,unverifiable
clip,150874,bedroom,1,bed,bed,correct,True,correct
clip,150874,bedroom,2,bedspread,bedspread,unverifiable,False,unverifiable
clip,150874,bedroom,3,table lamp,table_lamp,unverifiable,True,unverifiable
clip,150874,bedroom,4,towel,towel,unverifiable,False,unverifiable
clip,150874,bedroom,5,recliner,recliner,unverifiable,False,unverifiable
clip,150874,bedroom,6,chair,chair,correct,True,unverifiable
clip,150874,bedroom,7,armchair,armchair,unverifiable,False,unverifiable
clip,150874,bedroom,8,alarm clock,alarm_clock,unverifiable,False,unverifiable
clip,150874,bedroom,9,mirror,mirror,correct,True,correct
clip,150874,bedroom,10,curtain,curtain,correct,True,correct
clip,150874,bedroom,11,crutch,crutch,unverifiable,False,unverifiable
clip,150874,bedroom,12,wall clock,wall_clock,unverifiable,False,unverifiable
clip,151414,bedroom,1,sofa,sofa,correct,True,unverifiable
clip,151414,bedroom,2,cushion,cushion,correct,True,correct
clip,151414,bedroom,3,recliner,recliner,unverifiable,False,unverifiable
clip,151414,bedroom,4,bedspread,bedspread,unverifiable,False,unverifiable
clip,151414,bedroom,5,cat,cat,correct,True,unverifiable
clip,151414,bedroom,6,pillow,pillow,correct,True,correct
clip,151414,bedroom,7,bed,bed,correct,True,correct
clip,151414,bedroom,8,armchair,armchair,unverifiable,False,unverifiable
clip,151414,bedroom,9,blanket,blanket,unverifiable,False,unverifiable
clip,151414,bedroom,10,quilt,quilt,unverifiable,False,unverifiable
clip,151414,bedroom,11,coffee table,coffee_table,unverifiable,False,unverifiable
clip,151414,bedroom,12,television set,television_set,wrong,False,unverifiable
clip,152298,bathroom,1,sink,sink,correct,True,correct
clip,152298,bathroom,2,bathtub,bathtub,unverifiable,False,unverifiable
clip,152298,bathroom,3,toilet,toilet,correct,True,unverifiable
clip,152298,bathroom,4,mirror,mirror,correct,True,correct
clip,152298,bathroom,5,toilet tissue,toilet_tissue,correct,True,correct
clip,152298,bathroom,6,hand towel,hand_towel,unverifiable,True,unverifiable
clip,152298,bathroom,7,towel,towel,unverifiable,True,unverifiable
clip,152298,bathroom,8,table lamp,table_lamp,unverifiable,False,unverifiable
clip,152298,bathroom,9,toothbrush,toothbrush,unverifiable,False,unverifiable
clip,152298,bathroom,10,desk,desk,unverifiable,False,unverifiable
clip,152298,bathroom,11,soap,soap,unverifiable,False,unverifiable
clip,152298,bathroom,12,television set,television_set,wrong,False,unverifiable
clip,154358,living room,1,armchair,armchair,unverifiable,False,unverifiable
clip,154358,living room,2,mirror,mirror,correct,True,correct
clip,154358,living room,3,stove,stove,unverifiable,False,unverifiable
clip,154358,living room,4,sofa,sofa,wrong,False,unverifiable
clip,154358,living room,5,television set,television_set,wrong,False,unverifiable
clip,154358,living room,6,dining table,dining_table,unverifiable,True,unverifiable
clip,154358,living room,7,recliner,recliner,unverifiable,False,unverifiable
clip,154358,living room,8,cushion,cushion,unverifiable,False,unverifiable
clip,154358,living room,9,chair,chair,correct,True,unverifiable
clip,154358,living room,10,bed,bed,wrong,False,unverifiable
clip,154358,living room,11,lamp,lamp,correct,True,correct
clip,154358,living room,12,coffee table,coffee_table,correct,True,correct
clip,154431,living room,1,television set,television_set,correct,True,correct
clip,154431,living room,2,coffee table,coffee_table,unverifiable,False,unverifiable
clip,154431,living room,3,recliner,recliner,unverifiable,False,unverifiable
clip,154431,living room,4,armchair,armchair,unverifiable,False,unverifiable
clip,154431,living room,5,sofa,sofa,wrong,False,unverifiable
clip,154431,living room,6,vase,vase,correct,True,unverifiable
clip,154431,living room,7,microwave oven,microwave_oven,wrong,False,unverifiable
clip,154431,living room,8,chair,chair,wrong,False,unverifiable
clip,154431,living room,9,table lamp,table_lamp,unverifiable,False,unverifiable
clip,154431,living room,10,table,table,unverifiable,False,unverifiable
clip,154431,living room,11,refrigerator,refrigerator,wrong,False,unverifiable
clip,154431,living room,12,dining table,dining_table,wrong,False,unverifiable
clip,154704,dining,1,dining table,dining_table,correct,True,correct
clip,154704,dining,2,fan,fan,unverifiable,False,unverifiable
clip,154704,dining,3,napkin,napkin,correct,True,correct
clip,154704,dining,4,microwave oven,microwave_oven,wrong,False,unverifiable
clip,154704,dining,5,plate,plate,unverifiable,False,unverifiable
clip,154704,dining,6,bedspread,bedspread,unverifiable,False,unverifiable
clip,154704,dining,7,coffee maker,coffee_maker,unverifiable,False,unverifiable
clip,154704,dining,8,quilt,quilt,unverifiable,False,unverifiable
clip,154704,dining,9,table,table,unverifiable,True,unverifiable
clip,154704,dining,10,alarm clock,alarm_clock,unverifiable,False,unverifiable
clip,154704,dining,11,stove,stove,unverifiable,False,unverifiable
clip,154704,dining,12,blanket,blanket,unverifiable,False,unverifiable
clip,156643,dining,1,refrigerator,refrigerator,wrong,False,unverifiable
clip,156643,dining,2,dining table,dining_table,correct,True,correct
clip,156643,dining,3,cake,cake,correct,True,correct
clip,156643,dining,4,fan,fan,unverifiable,False,unverifiable
clip,156643,dining,5,napkin,napkin,unverifiable,False,unverifiable
clip,156643,dining,6,jacket,jacket,unverifiable,False,unverifiable
clip,156643,dining,7,toilet tissue,toilet_tissue,unverifiable,False,unverifiable
clip,156643,dining,8,coffee table,coffee_table,unverifiable,True,unverifiable
clip,156643,dining,9,television set,television_set,wrong,False,unverifiable
clip,156643,dining,10,air conditioner,air_conditioner,unverifiable,False,unverifiable
clip,156643,dining,11,tissue paper,tissue_paper,unverifiable,False,unverifiable
clip,156643,dining,12,hat,hat,unverifiable,False,unverifiable
clip,157045,bathroom,1,toilet,toilet,correct,True,correct
clip,157045,bathroom,2,toilet tissue,toilet_tissue,correct,True,correct
clip,157045,bathroom,3,sink,sink,correct,True,correct
clip,157045,bathroom,4,bathtub,bathtub,unverifiable,False,unverifiable
clip,157045,bathroom,5,hand towel,hand_towel,unverifiable,True,unverifiable
clip,157045,bathroom,6,towel,towel,unverifiable,True,unverifiable
clip,157045,bathroom,7,mirror,mirror,unverifiable,False,unverifiable
clip,157045,bathroom,8,bedspread,bedspread,unverifiable,False,unverifiable
clip,157045,bathroom,9,hairbrush,hairbrush,unverifiable,False,unverifiable
clip,157045,bathroom,10,toothbrush,toothbrush,unverifiable,False,unverifiable
clip,157045,bathroom,11,quilt,quilt,unverifiable,False,unverifiable
clip,157045,bathroom,12,tissue paper,tissue_paper,unverifiable,False,unverifiable
clip,158880,bathroom,1,telephone,telephone,correct,True,correct
clip,158880,bathroom,2,toilet,toilet,correct,True,correct
clip,158880,bathroom,3,cellular telephone,cellular_telephone,unverifiable,True,unverifiable
clip,158880,bathroom,4,toilet tissue,toilet_tissue,correct,True,correct
clip,158880,bathroom,5,bathtub,bathtub,unverifiable,False,unverifiable
clip,158880,bathroom,6,headset,headset,unverifiable,False,unverifiable
clip,158880,bathroom,7,remote control,remote_control,unverifiable,False,unverifiable
clip,158880,bathroom,8,chair,chair,wrong,False,unverifiable
clip,158880,bathroom,9,towel,towel,unverifiable,False,unverifiable
clip,158880,bathroom,10,earphone,earphone,unverifiable,False,unverifiable
clip,158880,bathroom,11,toothbrush,toothbrush,unverifiable,False,unverifiable
clip,158880,bathroom,12,hand towel,hand_towel,unverifiable,False,unverifiable
clip,163589,dining,1,sandwich,sandwich,correct,True,correct
clip,163589,dining,2,dining table,dining_table,correct,True,correct
clip,163589,dining,3,table,table,unverifiable,True,unverifiable
clip,163589,dining,4,napkin,napkin,unverifiable,False,unverifiable
clip,163589,dining,5,bread,bread,correct,True,correct
clip,163589,dining,6,wineglass,wineglass,correct,True,unverifiable
clip,163589,dining,7,plate,plate,unverifiable,False,unverifiable
clip,163589,dining,8,bottle,bottle,wrong,False,unverifiable
clip,163589,dining,9,knife,knife,unverifiable,False,unverifiable
clip,163589,dining,10,coffee table,coffee_table,unverifiable,True,unverifiable
clip,163589,dining,11,fork,fork,unverifiable,False,unverifiable
clip,163589,dining,12,tissue paper,tissue_paper,unverifiable,False,unverifiable
clip,164005,bedroom,1,laptop computer,laptop_computer,correct,True,correct
clip,164005,bedroom,2,remote control,remote_control,unverifiable,False,unverifiable
clip,164005,bedroom,3,desk,desk,unverifiable,False,unverifiable
clip,164005,bedroom,4,alarm clock,alarm_clock,unverifiable,False,unverifiable
clip,164005,bedroom,5,bedspread,bedspread,unverifiable,False,unverifiable
clip,164005,bedroom,6,microwave oven,microwave_oven,wrong,False,unverifiable
clip,164005,bedroom,7,television set,television_set,wrong,False,unverifiable
clip,164005,bedroom,8,cushion,cushion,unverifiable,False,unverifiable
clip,164005,bedroom,9,recliner,recliner,unverifiable,False,unverifiable
clip,164005,bedroom,10,notebook,notebook,unverifiable,False,unverifiable
clip,164005,bedroom,11,pillow,pillow,unverifiable,False,unverifiable
clip,164005,bedroom,12,table lamp,table_lamp,unverifiable,True,unverifiable
clip,164602,bathroom,1,toothbrush,toothbrush,correct,True,correct
clip,164602,bathroom,2,sink,sink,correct,True,unverifiable
clip,164602,bathroom,3,mirror,mirror,unverifiable,False,unverifiable
clip,164602,bathroom,4,hairbrush,hairbrush,unverifiable,False,unverifiable
clip,164602,bathroom,5,toothpaste,toothpaste,unverifiable,False,unverifiable
clip,164602,bathroom,6,fan,fan,unverifiable,False,unverifiable
clip,164602,bathroom,7,bathtub,bathtub,correct,True,correct
clip,164602,bathroom,8,toilet,toilet,wrong,False,unverifiable
clip,164602,bathroom,9,crutch,crutch,unverifiable,False,unverifiable
clip,164602,bathroom,10,toilet tissue,toilet_tissue,unverifiable,False,unverifiable
clip,164602,bathroom,11,towel,towel,correct,True,correct
clip,164602,bathroom,12,spoon,spoon,unverifiable,False,unverifiable
clip,166313,bathroom,1,toilet,toilet,correct,True,correct
clip,166313,bathroom,2,bathtub,bathtub,correct,True,correct
clip,166313,bathroom,3,towel,towel,unverifiable,True,unverifiable
clip,166313,bathroom,4,toilet tissue,toilet_tissue,correct,True,correct
clip,166313,bathroom,5,hand towel,hand_towel,unverifiable,True,unverifiable
clip,166313,bathroom,6,bedspread,bedspread,unverifiable,False,unverifiable
clip,166313,bathroom,7,sink,sink,correct,True,correct
clip,166313,bathroom,8,wheelchair,wheelchair,unverifiable,False,unverifiable
clip,166313,bathroom,9,bed,bed,wrong,False,unverifiable
clip,166313,bathroom,10,crutch,crutch,unverifiable,False,unverifiable
clip,166313,bathroom,11,armchair,armchair,unverifiable,False,unverifiable
clip,166313,bathroom,12,sock,sock,unverifiable,False,unverifiable
clip,166426,dining,1,dining table,dining_table,correct,True,correct
clip,166426,dining,2,plate,plate,unverifiable,False,unverifiable
clip,166426,dining,3,table,table,unverifiable,True,unverifiable
clip,166426,dining,4,napkin,napkin,unverifiable,False,unverifiable
clip,166426,dining,5,microwave oven,microwave_oven,wrong,False,unverifiable
clip,166426,dining,6,fork,fork,correct,True,unverifiable
clip,166426,dining,7,wineglass,wineglass,wrong,True,unverifiable
clip,166426,dining,8,bottle,bottle,correct,True,correct
clip,166426,dining,9,stove,stove,unverifiable,False,unverifiable
clip,166426,dining,10,bedspread,bedspread,unverifiable,False,unverifiable
clip,166426,dining,11,table lamp,table_lamp,unverifiable,False,unverifiable
clip,166426,dining,12,coffee table,coffee_table,unverifiable,True,unverifiable
clip,166533,kitchen,1,microwave oven,microwave_oven,wrong,False,unverifiable
clip,166533,kitchen,2,stove,stove,unverifiable,False,unverifiable
clip,166533,kitchen,3,sink,sink,correct,True,unverifiable
clip,166533,kitchen,4,dining table,dining_table,wrong,False,unverifiable
clip,166533,kitchen,5,television set,television_set,wrong,False,unverifiable
clip,166533,kitchen,6,mirror,mirror,unverifiable,False,unverifiable
clip,166533,kitchen,7,refrigerator,refrigerator,wrong,False,unverifiable
clip,166533,kitchen,8,bathtub,bathtub,unverifiable,False,unverifiable
clip,166533,kitchen,9,table,table,unverifiable,False,unverifiable
clip,166533,kitchen,10,painting,painting,correct,True,correct
clip,166533,kitchen,11,vase,vase,correct,True,correct
clip,166533,kitchen,12,desk,desk,unverifiable,False,unverifiable
clip,167898,bathroom,1,sink,sink,correct,True,unverifiable
clip,167898,bathroom,2,toilet,toilet,correct,True,correct
clip,167898,bathroom,3,bathtub,bathtub,correct,True,correct
clip,167898,bathroom,4,toilet tissue,toilet_tissue,unverifiable,False,unverifiable
clip,167898,bathroom,5,towel,towel,unverifiable,False,unverifiable
clip,167898,bathroom,6,hand towel,hand_towel,unverifiable,False,unverifiable
clip,167898,bathroom,7,toothbrush,toothbrush,unverifiable,False,unverifiable
clip,167898,bathroom,8,bedspread,bedspread,unverifiable,False,unverifiable
clip,167898,bathroom,9,vase,vase,wrong,False,unverifiable
clip,167898,bathroom,10,stove,stove,unverifiable,False,unverifiable
clip,167898,bathroom,11,wheelchair,wheelchair,unverifiable,False,unverifiable
clip,167898,bathroom,12,shower head,shower_head,unverifiable,False,unverifiable
clip,170191,bedroom,1,bedspread,bedspread,unverifiable,True,unverifiable
clip,170191,bedroom,2,bed,bed,correct,True,correct
clip,170191,bedroom,3,blanket,blanket,correct,True,correct
clip,170191,bedroom,4,towel,towel,unverifiable,False,unverifiable
clip,170191,bedroom,5,jacket,jacket,unverifiable,False,unverifiable
clip,170191,bedroom,6,quilt,quilt,unverifiable,True,unverifiable
clip,170191,bedroom,7,pillow,pillow,correct,True,correct
clip,170191,bedroom,8,recliner,recliner,unverifiable,False,unverifiable
clip,170191,bedroom,9,walking stick,walking_stick,unverifiable,False,unverifiable
clip,170191,bedroom,10,sofa,sofa,wrong,False,unverifiable
clip,170191,bedroom,11,cushion,cushion,unverifiable,True,unverifiable
clip,170191,bedroom,12,slipper,slipper_(footwear),unverifiable,False,unverifiable
clip,170529,bedroom,1,wheelchair,wheelchair,correct,True,correct
clip,170529,bedroom,2,armchair,armchair,unverifiable,False,unverifiable
clip,170529,bedroom,3,bedspread,bedspread,unverifiable,True,unverifiable
clip,170529,bedroom,4,chair,chair,correct,True,unverifiable
clip,170529,bedroom,5,recliner,recliner,unverifiable,False,unverifiable
clip,170529,bedroom,6,crutch,crutch,unverifiable,False,unverifiable
clip,170529,bedroom,7,walking stick,walking_stick,unverifiable,False,unverifiable
clip,170529,bedroom,8,quilt,quilt,unverifiable,True,unverifiable
clip,170529,bedroom,9,bed,bed,correct,True,correct
clip,170529,bedroom,10,cushion,cushion,unverifiable,False,unverifiable
clip,170529,bedroom,11,blanket,blanket,correct,True,correct
clip,170529,bedroom,12,bathtub,bathtub,unverifiable,False,unverifiable
clip,171740,living room,1,sofa,sofa,correct,True,correct
clip,171740,living room,2,recliner,recliner,unverifiable,False,unverifiable
clip,171740,living room,3,bed,bed,wrong,False,unverifiable
clip,171740,living room,4,desk,desk,unverifiable,False,unverifiable
clip,171740,living room,5,coffee table,coffee_table,unverifiable,False,unverifiable
clip,171740,living room,6,cushion,cushion,unverifiable,False,unverifiable
clip,171740,living room,7,armchair,armchair,unverifiable,False,unverifiable
clip,171740,living room,8,painting,painting,unverifiable,False,unverifiable
clip,171740,living room,9,pillow,pillow,unverifiable,False,unverifiable
clip,171740,living room,10,bedspread,bedspread,unverifiable,False,unverifiable
clip,171740,living room,11,table,table,unverifiable,False,unverifiable
clip,171740,living room,12,dining table,dining_table,wrong,False,unverifiable
clip,173968,bathroom,1,towel,towel,correct,True,correct
clip,173968,bathroom,2,bedspread,bedspread,unverifiable,False,unverifiable
clip,173968,bathroom,3,toilet,toilet,correct,True,correct
clip,173968,bathroom,4,hand towel,hand_towel,unverifiable,True,unverifiable
clip,173968,bathroom,5,bathtub,bathtub,unverifiable,False,unverifiable
clip,173968,bathroom,6,toilet tissue,toilet_tissue,unverifiable,False,unverifiable
clip,173968,bathroom,7,curtain,curtain,unverifiable,False,unverifiable
clip,173968,bathroom,8,sink,sink,correct,True,unverifiable
clip,173968,bathroom,9,quilt,quilt,unverifiable,False,unverifiable
clip,173968,bathroom,10,shower head,shower_head,unverifiable,False,unverifiable
clip,173968,bathroom,11,tissue paper,tissue_paper,unverifiable,False,unverifiable
clip,173968,bathroom,12,blanket,blanket,unverifiable,False,unverifiable
clip,174964,bedroom,1,bedspread,bedspread,correct,True,correct
clip,174964,bedroom,2,bed,bed,correct,True,correct
clip,174964,bedroom,3,quilt,quilt,unverifiable,True,unverifiable
clip,174964,bedroom,4,air conditioner,air_conditioner,correct,True,correct
clip,174964,bedroom,5,blanket,blanket,unverifiable,True,unverifiable
clip,174964,bedroom,6,alarm clock,alarm_clock,unverifiable,False,unverifiable
clip,174964,bedroom,7,curtain,curtain,correct,True,correct
clip,174964,bedroom,8,pillow,pillow,correct,True,correct
clip,174964,bedroom,9,wall clock,wall_clock,unverifiable,False,unverifiable
clip,174964,bedroom,10,recliner,recliner,unverifiable,False,unverifiable
clip,174964,bedroom,11,heater,heater,unverifiable,False,unverifiable
clip,174964,bedroom,12,toothbrush,toothbrush,unverifiable,False,unverifiable
clip,175364,kitchen,1,stove,stove,correct,True,correct
clip,175364,kitchen,2,microwave oven,microwave_oven,wrong,False,unverifiable
clip,175364,kitchen,3,kettle,kettle,unverifiable,False,unverifiable
clip,175364,kitchen,4,coffee maker,coffee_maker,unverifiable,False,unverifiable
clip,175364,kitchen,5,dining table,dining_table,unverifiable,False,unverifiable
clip,175364,kitchen,6,refrigerator,refrigerator,wrong,False,unverifiable
clip,175364,kitchen,7,sink,sink,correct,True,unverifiable
clip,175364,kitchen,8,television set,television_set,wrong,False,unverifiable
clip,175364,kitchen,9,fork,fork,unverifiable,False,unverifiable
clip,175364,kitchen,10,spoon,spoon,correct,True,unverifiable
clip,175364,kitchen,11,teapot,teapot,unverifiable,False,unverifiable
clip,175364,kitchen,12,heater,heater,unverifiable,False,unverifiable
clip,177824,living room,1,bed,bed,correct,True,unverifiable
clip,177824,living room,2,bedspread,bedspread,unverifiable,False,unverifiable
clip,177824,living room,3,dining table,dining_table,unverifiable,False,unverifiable
clip,177824,living room,4,quilt,quilt,unverifiable,False,unverifiable
clip,177824,living room,5,desk,desk,unverifiable,False,unverifiable
clip,177824,living room,6,wall clock,wall_clock,unverifiable,False,unverifiable
clip,177824,living room,7,stove,stove,unverifiable,False,unverifiable
clip,177824,living room,8,table,table,unverifiable,False,unverifiable
clip,177824,living room,9,table lamp,table_lamp,unverifiable,False,unverifiable
clip,177824,living room,10,bathtub,bathtub,unverifiable,False,unverifiable
clip,177824,living room,11,crutch,crutch,unverifiable,False,unverifiable
clip,177824,living room,12,pillow,pillow,correct,True,correct
clip,178504,bedroom,1,bed,bed,correct,True,correct
clip,178504,bedroom,2,bedspread,bedspread,unverifiable,True,unverifiable
clip,178504,bedroom,3,quilt,quilt,unverifiable,True,unverifiable
clip,178504,bedroom,4,blanket,blanket,correct,True,correct
clip,178504,bedroom,5,curtain,curtain,correct,True,correct
clip,178504,bedroom,6,television set,television_set,wrong,False,unverifiable
clip,178504,bedroom,7,pillow,pillow,unverifiable,False,unverifiable
clip,178504,bedroom,8,recliner,recliner,unverifiable,False,unverifiable
clip,178504,bedroom,9,cushion,cushion,unverifiable,False,unverifiable
clip,178504,bedroom,10,remote control,remote_control,unverifiable,False,unverifiable
clip,178504,bedroom,11,dining table,dining_table,wrong,False,unverifiable
clip,178504,bedroom,12,microwave oven,microwave_oven,wrong,False,unverifiable
clip,178690,living room,1,recliner,recliner,unverifiable,False,unverifiable
clip,178690,living room,2,armchair,armchair,unverifiable,False,unverifiable
clip,178690,living room,3,chair,chair,correct,True,unverifiable
clip,178690,living room,4,sofa,sofa,correct,True,unverifiable
clip,178690,living room,5,television set,television_set,correct,True,correct
clip,178690,living room,6,cushion,cushion,unverifiable,False,unverifiable
clip,178690,living room,7,desk,desk,unverifiable,False,unverifiable
clip,178690,living room,8,crutch,crutch,unverifiable,False,unverifiable
clip,178690,living room,9,remote control,remote_control,unverifiable,False,unverifiable
clip,178690,living room,10,bed,bed,wrong,False,unverifiable
clip,178690,living room,11,wheelchair,wheelchair,unverifiable,False,unverifiable
clip,178690,living room,12,pillow,pillow,unverifiable,False,unverifiable
clip,180908,bedroom,1,bed,bed,correct,True,correct
clip,180908,bedroom,2,bedspread,bedspread,unverifiable,True,unverifiable
clip,180908,bedroom,3,table lamp,table_lamp,unverifiable,False,unverifiable
clip,180908,bedroom,4,quilt,quilt,correct,True,correct
clip,180908,bedroom,5,pillow,pillow,correct,True,correct
clip,180908,bedroom,6,television set,television_set,wrong,False,unverifiable
clip,180908,bedroom,7,curtain,curtain,correct,True,correct
clip,180908,bedroom,8,tissue paper,tissue_paper,unverifiable,False,unverifiable
clip,180908,bedroom,9,cushion,cushion,unverifiable,True,unverifiable
clip,180908,bedroom,10,wall clock,wall_clock,unverifiable,False,unverifiable
clip,180908,bedroom,11,lamp,lamp,unverifiable,False,unverifiable
clip,180908,bedroom,12,sofa,sofa,wrong,False,unverifiable
clip,185633,bathroom,1,bathtub,bathtub,correct,True,correct
clip,185633,bathroom,2,sink,sink,correct,True,correct
clip,185633,bathroom,3,toilet,toilet,wrong,False,unverifiable
clip,185633,bathroom,4,towel,towel,unverifiable,False,unverifiable
clip,185633,bathroom,5,toilet tissue,toilet_tissue,unverifiable,False,unverifiable
clip,185633,bathroom,6,mirror,mirror,unverifiable,False,unverifiable
clip,185633,bathroom,7,shower head,shower_head,unverifiable,False,unverifiable
clip,185633,bathroom,8,hairbrush,hairbrush,unverifiable,False,unverifiable
clip,185633,bathroom,9,toothbrush,toothbrush,correct,True,correct
clip,185633,bathroom,10,soap,soap,correct,True,correct
clip,185633,bathroom,11,bedspread,bedspread,unverifiable,False,unverifiable
clip,185633,bathroom,12,wall clock,wall_clock,unverifiable,False,unverifiable
clip,187243,bathroom,1,bedspread,bedspread,unverifiable,False,unverifiable
clip,187243,bathroom,2,bathtub,bathtub,unverifiable,False,unverifiable
clip,187243,bathroom,3,recliner,recliner,unverifiable,False,unverifiable
clip,187243,bathroom,4,toilet,toilet,correct,True,correct
clip,187243,bathroom,5,towel,towel,correct,True,correct
clip,187243,bathroom,6,fan,fan,unverifiable,False,unverifiable
clip,187243,bathroom,7,toilet tissue,toilet_tissue,correct,True,correct
clip,187243,bathroom,8,cushion,cushion,unverifiable,False,unverifiable
clip,187243,bathroom,9,pillow,pillow,unverifiable,False,unverifiable
clip,187243,bathroom,10,sink,sink,correct,True,unverifiable
clip,187243,bathroom,11,hand towel,hand_towel,unverifiable,True,unverifiable
clip,187243,bathroom,12,blanket,blanket,unverifiable,False,unverifiable
clip,189045,bedroom,1,bed,bed,correct,True,correct
clip,189045,bedroom,2,bedspread,bedspread,unverifiable,True,unverifiable
clip,189045,bedroom,3,wall clock,wall_clock,unverifiable,False,unverifiable
clip,189045,bedroom,4,alarm clock,alarm_clock,unverifiable,False,unverifiable
clip,189045,bedroom,5,pillow,pillow,unverifiable,False,unverifiable
clip,189045,bedroom,6,quilt,quilt,unverifiable,True,unverifiable
clip,189045,bedroom,7,cushion,cushion,unverifiable,False,unverifiable
clip,189045,bedroom,8,table lamp,table_lamp,unverifiable,True,unverifiable
clip,189045,bedroom,9,fan,fan,unverifiable,False,unverifiable
clip,189045,bedroom,10,flower arrangement,flower_arrangement,unverifiable,False,unverifiable
clip,189045,bedroom,11,painting,painting,unverifiable,False,unverifiable
clip,189045,bedroom,12,sofa,sofa,wrong,False,unverifiable
clip,191997,kitchen,1,refrigerator,refrigerator,correct,True,correct
clip,191997,kitchen,2,air conditioner,air_conditioner,unverifiable,False,unverifiable
clip,191997,kitchen,3,stove,stove,unverifiable,False,unverifiable
clip,191997,kitchen,4,microwave oven,microwave_oven,wrong,False,unverifiable
clip,191997,kitchen,5,heater,heater,unverifiable,False,unverifiable
clip,191997,kitchen,6,dining table,dining_table,unverifiable,False,unverifiable
clip,191997,kitchen,7,fan,fan,unverifiable,False,unverifiable
clip,191997,kitchen,8,sweater,sweater,unverifiable,False,unverifiable
clip,191997,kitchen,9,kettle,kettle,unverifiable,False,unverifiable
clip,191997,kitchen,10,cat,cat,wrong,False,unverifiable
clip,191997,kitchen,11,coffee maker,coffee_maker,unverifiable,False,unverifiable
clip,191997,kitchen,12,radio receiver,radio_receiver,unverifiable,False,unverifiable
clip,193047,kitchen,1,painting,painting,unverifiable,False,unverifiable
clip,193047,kitchen,2,jacket,jacket,unverifiable,False,unverifiable
clip,193047,kitchen,3,dining table,dining_table,wrong,False,unverifiable
clip,193047,kitchen,4,cat,cat,wrong,False,unverifiable
clip,193047,kitchen,5,mirror,mirror,unverifiable,False,unverifiable
clip,193047,kitchen,6,fan,fan,unverifiable,False,unverifiable
clip,193047,kitchen,7,stove,stove,correct,True,correct
clip,193047,kitchen,8,toilet tissue,toilet_tissue,unverifiable,False,unverifiable
clip,193047,kitchen,9,microwave oven,microwave_oven,correct,True,correct
clip,193047,kitchen,10,tissue paper,tissue_paper,unverifiable,False,unverifiable
clip,193047,kitchen,11,refrigerator,refrigerator,correct,True,unverifiable
clip,193047,kitchen,12,toothpaste,toothpaste,unverifiable,False,unverifiable
clip,194724,kitchen,1,pizza,pizza,correct,True,correct
clip,194724,kitchen,2,dining table,dining_table,unverifiable,False,unverifiable
clip,194724,kitchen,3,plate,plate,correct,True,correct
clip,194724,kitchen,4,table,table,unverifiable,False,unverifiable
clip,194724,kitchen,5,magazine,magazine,correct,True,correct
clip,194724,kitchen,6,newspaper,newspaper,unverifiable,False,unverifiable
clip,194724,kitchen,7,microwave oven,microwave_oven,wrong,False,unverifiable
clip,194724,kitchen,8,bread,bread,unverifiable,False,unverifiable
clip,194724,kitchen,9,sandwich,sandwich,wrong,False,unverifiable
clip,194724,kitchen,10,cake,cake,wrong,False,unverifiable
clip,194724,kitchen,11,napkin,napkin,unverifiable,False,unverifiable
clip,194724,kitchen,12,bottle,bottle,correct,True,correct
clip,195754,living room,1,recliner,recliner,unverifiable,False,unverifiable
clip,195754,living room,2,armchair,armchair,unverifiable,False,unverifiable
clip,195754,living room,3,coffee table,coffee_table,correct,True,correct
clip,195754,living room,4,television set,television_set,correct,True,correct
clip,195754,living room,5,sofa,sofa,correct,True,correct
clip,195754,living room,6,wheelchair,wheelchair,unverifiable,False,unverifiable
clip,195754,living room,7,fan,fan,unverifiable,False,unverifiable
clip,195754,living room,8,chair,chair,correct,True,unverifiable
clip,195754,living room,9,quilt,quilt,unverifiable,False,unverifiable
clip,195754,living room,10,remote control,remote_control,unverifiable,False,unverifiable
clip,195754,living room,11,stove,stove,unverifiable,False,unverifiable
clip,195754,living room,12,dining table,dining_table,unverifiable,True,unverifiable
clip,199502,bedroom,1,bed,bed,correct,True,correct
clip,199502,bedroom,2,bedspread,bedspread,unverifiable,True,unverifiable
clip,199502,bedroom,3,curtain,curtain,unverifiable,False,unverifiable
clip,199502,bedroom,4,desk,desk,unverifiable,False,unverifiable
clip,199502,bedroom,5,quilt,quilt,unverifiable,True,unverifiable
clip,199502,bedroom,6,towel,towel,unverifiable,False,unverifiable
clip,199502,bedroom,7,television set,television_set,unverifiable,False,unverifiable
clip,199502,bedroom,8,pillow,pillow,unverifiable,False,unverifiable
clip,199502,bedroom,9,mirror,mirror,unverifiable,False,unverifiable
clip,199502,bedroom,10,jacket,jacket,unverifiable,False,unverifiable
clip,199502,bedroom,11,chair,chair,correct,True,correct
clip,199502,bedroom,12,crutch,crutch,unverifiable,False,unverifiable
clip,200548,bathroom,1,sink,sink,correct,True,unverifiable
clip,200548,bathroom,2,toilet,toilet,correct,True,correct
clip,200548,bathroom,3,bathtub,bathtub,correct,True,correct
clip,200548,bathroom,4,mirror,mirror,correct,True,correct
clip,200548,bathroom,5,toilet tissue,toilet_tissue,unverifiable,False,unverifiable
clip,200548,bathroom,6,vase,vase,wrong,False,unverifiable
clip,200548,bathroom,7,bedspread,bedspread,unverifiable,False,unverifiable
clip,200548,bathroom,8,desk,desk,unverifiable,False,unverifiable
clip,200548,bathroom,9,toothbrush,toothbrush,unverifiable,False,unverifiable
clip,200548,bathroom,10,wheelchair,wheelchair,unverifiable,False,unverifiable
clip,200548,bathroom,11,stove,stove,unverifiable,False,unverifiable
clip,200548,bathroom,12,recliner,recliner,unverifiable,False,unverifiable
clip,200952,bedroom,1,television set,television_set,correct,True,correct
clip,200952,bedroom,2,bed,bed,correct,True,correct
clip,200952,bedroom,3,air conditioner,air_conditioner,unverifiable,False,unverifiable
clip,200952,bedroom,4,refrigerator,refrigerator,wrong,False,unverifiable
clip,200952,bedroom,5,table lamp,table_lamp,unverifiable,False,unverifiable
clip,200952,bedroom,6,microwave oven,microwave_oven,wrong,False,unverifiable
clip,200952,bedroom,7,mirror,mirror,unverifiable,False,unverifiable
clip,200952,bedroom,8,remote control,remote_control,unverifiable,False,unverifiable
clip,200952,bedroom,9,bathtub,bathtub,unverifiable,False,unverifiable
clip,200952,bedroom,10,towel,towel,unverifiable,False,unverifiable
clip,200952,bedroom,11,wall clock,wall_clock,unverifiable,False,unverifiable
clip,200952,bedroom,12,stove,stove,unverifiable,False,unverifiable
clip,204661,living room,1,cellular telephone,cellular_telephone,correct,True,correct
clip,204661,living room,2,radio receiver,radio_receiver,unverifiable,False,unverifiable
clip,204661,living room,3,telephone,telephone,unverifiable,True,unverifiable
clip,204661,living room,4,remote control,remote_control,correct,True,unverifiable
clip,204661,living room,5,microwave oven,microwave_oven,wrong,False,unverifiable
clip,204661,living room,6,desk,desk,unverifiable,False,unverifiable
clip,204661,living room,7,alarm clock,alarm_clock,unverifiable,False,unverifiable
clip,204661,living room,8,bedspread,bedspread,unverifiable,False,unverifiable
clip,204661,living room,9,headset,headset,unverifiable,False,unverifiable
clip,204661,living room,10,magazine,magazine,unverifiable,False,unverifiable
clip,204661,living room,11,spectacles,spectacles,unverifiable,False,unverifiable
clip,204661,living room,12,mirror,mirror,unverifiable,False,unverifiable
clip,205514,living room,1,armchair,armchair,unverifiable,False,unverifiable
clip,205514,living room,2,sofa,sofa,correct,True,correct
clip,205514,living room,3,coffee table,coffee_table,unverifiable,False,unverifiable
clip,205514,living room,4,television set,television_set,correct,True,correct
clip,205514,living room,5,recliner,recliner,unverifiable,False,unverifiable
clip,205514,living room,6,table lamp,table_lamp,unverifiable,False,unverifiable
clip,205514,living room,7,dining table,dining_table,unverifiable,False,unverifiable
clip,205514,living room,8,cushion,cushion,unverifiable,False,unverifiable
clip,205514,living room,9,mirror,mirror,unverifiable,False,unverifiable
clip,205514,living room,10,lamp,lamp,unverifiable,False,unverifiable
clip,205514,living room,11,chair,chair,correct,True,unverifiable
clip,205514,living room,12,refrigerator,refrigerator,wrong,False,unverifiable
clip,206395,living room,1,television set,television_set,correct,True,correct
clip,206395,living room,2,recliner,recliner,unverifiable,False,unverifiable
clip,206395,living room,3,fan,fan,unverifiable,False,unverifiable
clip,206395,living room,4,lamp,lamp,unverifiable,False,unverifiable
clip,206395,living room,5,sofa,sofa,wrong,False,unverifiable
clip,206395,living room,6,refrigerator,refrigerator,correct,True,unverifiable
clip,206395,living room,7,heater,heater,unverifiable,False,unverifiable
clip,206395,living room,8,stove,stove,unverifiable,False,unverifiable
clip,206395,living room,9,microwave oven,microwave_oven,wrong,False,unverifiable
clip,206395,living room,10,mirror,mirror,unverifiable,False,unverifiable
clip,206395,living room,11,kettle,kettle,unverifiable,False,unverifiable
clip,206395,living room,12,crutch,crutch,unverifiable,False,unverifiable
clip,208778,bedroom,1,bathtub,bathtub,unverifiable,False,unverifiable
clip,208778,bedroom,2,bed,bed,correct,True,correct
clip,208778,bedroom,3,laptop computer,laptop_computer,wrong,False,unverifiable
clip,208778,bedroom,4,television set,television_set,wrong,False,unverifiable
clip,208778,bedroom,5,crutch,crutch,unverifiable,False,unverifiable
clip,208778,bedroom,6,desk,desk,unverifiable,False,unverifiable
clip,208778,bedroom,7,medicine,medicine,unverifiable,False,unverifiable
clip,208778,bedroom,8,wheelchair,wheelchair,unverifiable,False,unverifiable
clip,208778,bedroom,9,flower arrangement,flower_arrangement,unverifiable,False,unverifiable
clip,208778,bedroom,10,bedspread,bedspread,unverifiable,False,unverifiable
clip,208778,bedroom,11,fan,fan,unverifiable,False,unverifiable
clip,208778,bedroom,12,headset,headset,unverifiable,False,unverifiable
clip,209802,bathroom,1,toilet,toilet,correct,True,correct
clip,209802,bathroom,2,bathtub,bathtub,unverifiable,False,unverifiable
clip,209802,bathroom,3,sink,sink,correct,True,unverifiable
clip,209802,bathroom,4,mirror,mirror,correct,True,correct
clip,209802,bathroom,5,toilet tissue,toilet_tissue,correct,True,correct
clip,209802,bathroom,6,bowl,bowl,wrong,False,unverifiable
clip,209802,bathroom,7,wineglass,wineglass,wrong,False,unverifiable
clip,209802,bathroom,8,shower head,shower_head,unverifiable,False,unverifiable
clip,209802,bathroom,9,bedspread,bedspread,unverifiable,False,unverifiable
clip,209802,bathroom,10,glass,glass_(drink_container),unverifiable,False,unverifiable
clip,209802,bathroom,11,hand towel,hand_towel,unverifiable,False,unverifiable
clip,209802,bathroom,12,hairbrush,hairbrush,unverifiable,False,unverifiable
clip,210612,bedroom,1,bedspread,bedspread,unverifiable,True,unverifiable
clip,210612,bedroom,2,bed,bed,correct,True,correct
clip,210612,bedroom,3,quilt,quilt,unverifiable,True,unverifiable
clip,210612,bedroom,4,blanket,blanket,correct,True,correct
clip,210612,bedroom,5,towel,towel,unverifiable,False,unverifiable
clip,210612,bedroom,6,recliner,recliner,unverifiable,False,unverifiable
clip,210612,bedroom,7,pillow,pillow,unverifiable,False,unverifiable
clip,210612,bedroom,8,television set,television_set,wrong,False,unverifiable
clip,210612,bedroom,9,hand towel,hand_towel,unverifiable,False,unverifiable
clip,210612,bedroom,10,cushion,cushion,unverifiable,False,unverifiable
clip,210612,bedroom,11,curtain,curtain,unverifiable,False,unverifiable
clip,210612,bedroom,12,alarm clock,alarm_clock,unverifiable,False,unverifiable
clip,215746,dining,1,sandwich,sandwich,correct,True,unverifiable
clip,215746,dining,2,napkin,napkin,unverifiable,False,unverifiable
clip,215746,dining,3,plate,plate,unverifiable,False,unverifiable
clip,215746,dining,4,dining table,dining_table,correct,True,correct
clip,215746,dining,5,hat,hat,unverifiable,False,unverifiable
clip,215746,dining,6,table,table,unverifiable,True,unverifiable
clip,215746,dining,7,tissue paper,tissue_paper,correct,True,correct
clip,215746,dining,8,cushion,cushion,unverifiable,False,unverifiable
clip,215746,dining,9,television set,television_set,wrong,False,unverifiable
clip,215746,dining,10,cup,cup,unverifiable,False,unverifiable
clip,215746,dining,11,jacket,jacket,unverifiable,False,unverifiable
clip,215746,dining,12,microwave oven,microwave_oven,wrong,False,unverifiable
clip,217546,living room,1,recliner,recliner,unverifiable,False,unverifiable
clip,217546,living room,2,sofa,sofa,correct,True,correct
clip,217546,living room,3,coffee table,coffee_table,correct,True,correct
clip,217546,living room,4,television set,television_set,wrong,False,unverifiable
clip,217546,living room,5,armchair,armchair,correct,True,correct
clip,217546,living room,6,remote control,remote_control,correct,True,correct
clip,217546,living room,7,dining table,dining_table,unverifiable,True,unverifiable
clip,217546,living room,8,table,table,unverifiable,True,unverifiable
clip,217546,living room,9,cushion,cushion,unverifiable,False,unverifiable
clip,217546,living room,10,fan,fan,unverifiable,False,unverifiable
clip,217546,living room,11,chair,chair,wrong,False,unverifiable
clip,217546,living room,12,microwave oven,microwave_oven,wrong,False,unverifiable
clip,218091,bedroom,1,bed,bed,correct,True,correct
clip,218091,bedroom,2,bedspread,bedspread,unverifiable,False,unverifiable
clip,218091,bedroom,3,table lamp,table_lamp,unverifiable,True,unverifiable
clip,218091,bedroom,4,television set,television_set,correct,True,correct
clip,218091,bedroom,5,armchair,armchair,unverifiable,False,unverifiable
clip,218091,bedroom,6,sofa,sofa,correct,True,unverifiable
clip,218091,bedroom,7,mirror,mirror,correct,True,correct
clip,218091,bedroom,8,bathtub,bathtub,unverifiable,False,unverifiable
clip,218091,bedroom,9,crutch,crutch,unverifiable,False,unverifiable
clip,218091,bedroom,10,alarm clock,alarm_clock,unverifiable,False,unverifiable
clip,218091,bedroom,11,recliner,recliner,unverifiable,False,unverifiable
clip,218091,bedroom,12,remote control,remote_control,correct,True,correct
clip,222625,living room,1,cake,cake,wrong,False,unverifiable
clip,222625,living room,2,fan,fan,unverifiable,False,unverifiable
clip,222625,living room,3,dining table,dining_table,unverifiable,False,unverifiable
clip,222625,living room,4,cookie,cookie,unverifiable,False,unverifiable
clip,222625,living room,5,doughnut,doughnut,wrong,False,unverifiable
clip,222625,living room,6,cushion,cushion,wrong,False,wrong
clip,222625,living room,7,plate,plate,unverifiable,False,unverifiable
clip,222625,living room,8,napkin,napkin,unverifiable,False,unverifiable
clip,222625,living room,9,pizza,pizza,wrong,False,unverifiable
clip,222625,living room,10,hat,hat,unverifiable,False,unverifiable
clip,222625,living room,11,toilet tissue,toilet_tissue,unverifiable,False,unverifiable
clip,222625,living room,12,alarm clock,alarm_clock,unverifiable,False,unverifiable
clip,223500,kitchen,1,stove,stove,unverifiable,False,unverifiable
clip,223500,kitchen,2,microwave oven,microwave_oven,wrong,False,unverifiable
clip,223500,kitchen,3,refrigerator,refrigerator,correct,True,unverifiable
clip,223500,kitchen,4,kettle,kettle,unverifiable,False,unverifiable
clip,223500,kitchen,5,sink,sink,correct,True,unverifiable
clip,223500,kitchen,6,teapot,teapot,unverifiable,False,unverifiable
clip,223500,kitchen,7,dining table,dining_table,wrong,False,unverifiable
clip,223500,kitchen,8,hand towel,hand_towel,unverifiable,False,unverifiable
clip,223500,kitchen,9,quilt,quilt,unverifiable,False,unverifiable
clip,223500,kitchen,10,towel,towel,unverifiable,False,unverifiable
clip,223500,kitchen,11,heater,heater,unverifiable,False,unverifiable
clip,223500,kitchen,12,banana,banana,correct,True,correct
clip,224367,bedroom,1,bedspread,bedspread,unverifiable,True,unverifiable
clip,224367,bedroom,2,bed,bed,correct,True,correct
clip,224367,bedroom,3,dog,dog,correct,True,unverifiable
clip,224367,bedroom,4,cat,cat,correct,True,correct
clip,224367,bedroom,5,alarm clock,alarm_clock,unverifiable,False,unverifiable
clip,224367,bedroom,6,pillow,pillow,unverifiable,False,unverifiable
clip,224367,bedroom,7,quilt,quilt,correct,True,correct
clip,224367,bedroom,8,recliner,recliner,unverifiable,False,unverifiable
clip,224367,bedroom,9,mirror,mirror,unverifiable,False,unverifiable
clip,224367,bedroom,10,blanket,blanket,unverifiable,True,unverifiable
clip,224367,bedroom,11,sock,sock,unverifiable,False,unverifiable
clip,224367,bedroom,12,remote control,remote_control,unverifiable,False,unverifiable
clip,226329,living room,1,recliner,recliner,unverifiable,False,unverifiable
clip,226329,living room,2,armchair,armchair,unverifiable,False,unverifiable
clip,226329,living room,3,sofa,sofa,correct,True,correct
clip,226329,living room,4,stove,stove,unverifiable,False,unverifiable
clip,226329,living room,5,coffee table,coffee_table,unverifiable,False,unverifiable
clip,226329,living room,6,dining table,dining_table,unverifiable,False,unverifiable
clip,226329,living room,7,television set,television_set,wrong,False,unverifiable
clip,226329,living room,8,quilt,quilt,unverifiable,False,unverifiable
clip,226329,living room,9,bedspread,bedspread,unverifiable,False,unverifiable
clip,226329,living room,10,chair,chair,correct,True,correct
clip,226329,living room,11,cushion,cushion,correct,True,correct
clip,226329,living room,12,remote control,remote_control,unverifiable,False,unverifiable
clip,227985,dining,1,sandwich,sandwich,correct,True,correct
clip,227985,dining,2,plate,plate,unverifiable,False,unverifiable
clip,227985,dining,3,bread,bread,unverifiable,False,unverifiable
clip,227985,dining,4,napkin,napkin,unverifiable,False,unverifiable
clip,227985,dining,5,dining table,dining_table,correct,True,correct
clip,227985,dining,6,pizza,pizza,wrong,False,unverifiable
clip,227985,dining,7,table,table,unverifiable,True,unverifiable
clip,227985,dining,8,hat,hat,unverifiable,False,unverifiable
clip,227985,dining,9,microwave oven,microwave_oven,wrong,False,unverifiable
clip,227985,dining,10,cake,cake,wrong,False,unverifiable
clip,227985,dining,11,magazine,magazine,unverifiable,False,unverifiable
clip,227985,dining,12,newspaper,newspaper,unverifiable,False,unverifiable
clip,232088,living room,1,television set,television_set,correct,True,correct
clip,232088,living room,2,recliner,recliner,unverifiable,False,unverifiable
clip,232088,living room,3,sofa,sofa,correct,True,unverifiable
clip,232088,living room,4,microwave oven,microwave_oven,wrong,False,unverifiable
clip,232088,living room,5,bedspread,bedspread,unverifiable,False,unverifiable
clip,232088,living room,6,air conditioner,air_conditioner,correct,True,correct
clip,232088,living room,7,blanket,blanket,unverifiable,False,unverifiable
clip,232088,living room,8,remote control,remote_control,correct,True,unverifiable
clip,232088,living room,9,quilt,quilt,unverifiable,False,unverifiable
clip,232088,living room,10,armchair,armchair,unverifiable,False,unverifiable
clip,232088,living room,11,coffee table,coffee_table,unverifiable,False,unverifiable
clip,232088,living room,12,dining table,dining_table,wrong,False,unverifiable
clip,232649,bathroom,1,toilet,toilet,correct,True,correct
clip,232649,bathroom,2,sink,sink,correct,True,unverifiable
clip,232649,bathroom,3,toilet tissue,toilet_tissue,correct,True,correct
clip,232649,bathroom,4,bathtub,bathtub,wrong,False,wrong
clip,232649,bathroom,5,mirror,mirror,correct,True,correct
clip,232649,bathroom,6,toothbrush,toothbrush,unverifiable,False,unverifiable
clip,232649,bathroom,7,wheelchair,wheelchair,unverifiable,False,unverifiable
clip,232649,bathroom,8,hairbrush,hairbrush,unverifiable,False,unverifiable
clip,232649,bathroom,9,toothpaste,toothpaste,unverifiable,False,unverifiable
clip,232649,bathroom,10,soap,soap,correct,True,correct
clip,232649,bathroom,11,bowl,bowl,wrong,False,unverifiable
clip,232649,bathroom,12,chair,chair,wrong,False,unverifiable
clip,234779,dining,1,sandwich,sandwich,correct,True,correct
clip,234779,dining,2,dining table,dining_table,correct,True,correct
clip,234779,dining,3,microwave oven,microwave_oven,wrong,False,unverifiable
clip,234779,dining,4,bread,bread,unverifiable,False,unverifiable
clip,234779,dining,5,napkin,napkin,unverifiable,False,unverifiable
clip,234779,dining,6,plate,plate,correct,True,correct
clip,234779,dining,7,pillow,pillow,unverifiable,False,unverifiable
clip,234779,dining,8,magazine,magazine,unverifiable,False,unverifiable
clip,234779,dining,9,stove,stove,unverifiable,False,unverifiable
clip,234779,dining,10,cushion,cushion,unverifiable,False,unverifiable
clip,234779,dining,11,recliner,recliner,unverifiable,False,unverifiable
clip,234779,dining,12,cake,cake,wrong,False,unverifiable
clip,238154,bedroom,1,bed,bed,correct,True,correct
clip,238154,bedroom,2,bedspread,bedspread,unverifiable,True,unverifiable
clip,238154,bedroom,3,alarm clock,alarm_clock,unverifiable,True,unverifiable
clip,238154,bedroom,4,blanket,blanket,correct,True,correct
clip,238154,bedroom,5,pillow,pillow,correct,True,correct
clip,238154,bedroom,6,quilt,quilt,correct,True,correct
clip,238154,bedroom,7,painting,painting,correct,True,correct
clip,238154,bedroom,8,fan,fan,unverifiable,False,unverifiable
clip,238154,bedroom,9,heater,heater,unverifiable,False,unverifiable
clip,238154,bedroom,10,lamp,lamp,unverifiable,False,unverifiable
clip,238154,bedroom,11,stove,stove,unverifiable,False,unverifiable
clip,238154,bedroom,12,table lamp,table_lamp,unverifiable,False,unverifiable
clip,239013,living room,1,coffee table,coffee_table,correct,True,correct
clip,239013,living room,2,dining table,dining_table,unverifiable,True,unverifiable
clip,239013,living room,3,sofa,sofa,correct,True,correct
clip,239013,living room,4,recliner,recliner,unverifiable,False,unverifiable
clip,239013,living room,5,cushion,cushion,correct,True,correct
clip,239013,living room,6,armchair,armchair,unverifiable,False,unverifiable
clip,239013,living room,7,table,table,unverifiable,True,unverifiable
clip,239013,living room,8,table lamp,table_lamp,unverifiable,False,unverifiable
clip,239013,living room,9,television set,television_set,wrong,False,unverifiable
clip,239013,living room,10,remote control,remote_control,unverifiable,False,unverifiable
clip,239013,living room,11,pillow,pillow,correct,True,correct
clip,239013,living room,12,lamp,lamp,unverifiable,False,unverifiable
clip,240043,kitchen,1,fan,fan,unverifiable,False,unverifiable
clip,240043,kitchen,2,newspaper,newspaper,correct,True,correct
clip,240043,kitchen,3,heater,heater,unverifiable,False,unverifiable
clip,240043,kitchen,4,refrigerator,refrigerator,correct,True,correct
clip,240043,kitchen,5,magazine,magazine,unverifiable,False,unverifiable
clip,240043,kitchen,6,television set,television_set,wrong,False,unverifiable
clip,240043,kitchen,7,hat,hat,correct,True,correct
clip,240043,kitchen,8,spectacles,spectacles,unverifiable,False,unverifiable
clip,240043,kitchen,9,jacket,jacket,unverifiable,False,unverifiable
clip,240043,kitchen,10,sandwich,sandwich,wrong,False,unverifiable
clip,240043,kitchen,11,mug,mug,unverifiable,False,unverifiable
clip,240043,kitchen,12,air conditioner,air_conditioner,unverifiable,False,unverifiable
clip,240965,dining,1,plate,plate,unverifiable,False,unverifiable
clip,240965,dining,2,napkin,napkin,correct,True,correct
clip,240965,dining,3,dining table,dining_table,correct,True,correct
clip,240965,dining,4,fork,fork,correct,True,correct
clip,240965,dining,5,microwave oven,microwave_oven,wrong,False,unverifiable
clip,240965,dining,6,sandwich,sandwich,wrong,False,unverifiable
clip,240965,dining,7,table,table,unverifiable,True,unverifiable
clip,240965,dining,8,bowl,bowl,wrong,False,unverifiable
clip,240965,dining,9,stove,stove,unverifiable,False,unverifiable
clip,240965,dining,10,knife,knife,unverifiable,False,unverifiable
clip,240965,dining,11,bedspread,bedspread,unverifiable,False,unverifiable
clip,240965,dining,12,pizza,pizza,wrong,False,unverifiable
clip,242296,living room,1,sofa,sofa,correct,True,correct
clip,242296,living room,2,recliner,recliner,unverifiable,False,unverifiable
clip,242296,living room,3,armchair,armchair,unverifiable,False,unverifiable
clip,242296,living room,4,bedspread,bedspread,unverifiable,False,unverifiable
clip,242296,living room,5,quilt,quilt,unverifiable,False,unverifiable
clip,242296,living room,6,television set,television_set,wrong,False,unverifiable
clip,242296,living room,7,cushion,cushion,unverifiable,False,unverifiable
clip,242296,living room,8,desk,desk,unverifiable,False,unverifiable
clip,242296,living room,9,coffee table,coffee_table,unverifiable,False,unverifiable
clip,242296,living room,10,blanket,blanket,unverifiable,False,unverifiable
clip,242296,living room,11,chair,chair,correct,True,unverifiable
clip,242296,living room,12,heater,heater,unverifiable,False,unverifiable
clip,242610,bedroom,1,bed,bed,correct,True,correct
clip,242610,bedroom,2,bedspread,bedspread,unverifiable,True,unverifiable
clip,242610,bedroom,3,fan,fan,unverifiable,False,unverifiable
clip,242610,bedroom,4,quilt,quilt,correct,True,correct
clip,242610,bedroom,5,pillow,pillow,unverifiable,False,unverifiable
clip,242610,bedroom,6,recliner,recliner,unverifiable,False,unverifiable
clip,242610,bedroom,7,desk,desk,unverifiable,False,unverifiable
clip,242610,bedroom,8,alarm clock,alarm_clock,unverifiable,False,unverifiable
clip,242610,bedroom,9,walking stick,walking_stick,unverifiable,False,unverifiable
clip,242610,bedroom,10,cushion,cushion,unverifiable,False,unverifiable
clip,242610,bedroom,11,television set,television_set,wrong,False,unverifiable
clip,242610,bedroom,12,wall clock,wall_clock,unverifiable,False,unverifiable
clip,245230,kitchen,1,dining table,dining_table,unverifiable,False,unverifiable
clip,245230,kitchen,2,stove,stove,unverifiable,False,unverifiable
clip,245230,kitchen,3,microwave oven,microwave_oven,correct,True,correct
clip,245230,kitchen,4,table,table,unverifiable,False,unverifiable
clip,245230,kitchen,5,refrigerator,refrigerator,correct,True,unverifiable
clip,245230,kitchen,6,television set,television_set,wrong,False,unverifiable
clip,245230,kitchen,7,fork,fork,unverifiable,False,unverifiable
clip,245230,kitchen,8,kettle,kettle,unverifiable,False,unverifiable
clip,245230,kitchen,9,desk,desk,unverifiable,False,unverifiable
clip,245230,kitchen,10,teapot,teapot,unverifiable,False,unverifiable
clip,245230,kitchen,11,coffee maker,coffee_maker,unverifiable,False,unverifiable
clip,245230,kitchen,12,sink,sink,wrong,False,unverifiable
clip,247839,dining,1,dining table,dining_table,correct,True,correct
clip,247839,dining,2,wineglass,wineglass,correct,True,correct
clip,247839,dining,3,table,table,unverifiable,True,unverifiable
clip,247839,dining,4,glass,glass_(drink_container),unverifiable,True,unverifiable
clip,247839,dining,5,napkin,napkin,unverifiable,False,unverifiable
clip,247839,dining,6,pizza,pizza,correct,True,unverifiable
clip,247839,dining,7,cellular telephone,cellular_telephone,unverifiable,False,unverifiable
clip,247839,dining,8,crutch,crutch,unverifiable,False,unverifiable
clip,247839,dining,9,mirror,mirror,unverifiable,False,unverifiable
clip,247839,dining,10,telephone,telephone,unverifiable,False,unverifiable
clip,247839,dining,11,fork,fork,correct,True,correct
clip,247839,dining,12,fan,fan,correct,True,correct
clip,252127,bedroom,1,cat,cat,correct,True,correct
clip,252127,bedroom,2,mirror,mirror,correct,True,correct
clip,252127,bedroom,3,sock,sock,unverifiable,False,unverifiable
clip,252127,bedroom,4,armchair,armchair,unverifiable,False,unverifiable
clip,252127,bedroom,5,bedspread,bedspread,unverifiable,False,unverifiable
clip,252127,bedroom,6,towel,towel,unverifiable,False,unverifiable
clip,252127,bedroom,7,toilet tissue,toilet_tissue,unverifiable,False,unverifiable
clip,252127,bedroom,8,kettle,kettle,unverifiable,False,unverifiable
clip,252127,bedroom,9,cushion,cushion,unverifiable,False,unverifiable
clip,252127,bedroom,10,hairbrush,hairbrush,unverifiable,False,unverifiable
clip,252127,bedroom,11,heater,heater,unverifiable,False,unverifiable
clip,252127,bedroom,12,toilet,toilet,wrong,False,unverifiable
clip,255654,bathroom,1,toilet,toilet,correct,True,correct
clip,255654,bathroom,2,toilet tissue,toilet_tissue,correct,True,correct
clip,255654,bathroom,3,bathtub,bathtub,unverifiable,False,unverifiable
clip,255654,bathroom,4,sink,sink,wrong,False,unverifiable
clip,255654,bathroom,5,wheelchair,wheelchair,unverifiable,False,unverifiable
clip,255654,bathroom,6,mirror,mirror,unverifiable,False,unverifiable
clip,255654,bathroom,7,crutch,crutch,unverifiable,False,unverifiable
clip,255654,bathroom,8,toothbrush,toothbrush,unverifiable,False,unverifiable
clip,255654,bathroom,9,wall clock,wall_clock,unverifiable,False,unverifiable
clip,255654,bathroom,10,armchair,armchair,unverifiable,False,unverifiable
clip,255654,bathroom,11,towel,towel,unverifiable,False,unverifiable
clip,255654,bathroom,12,hand towel,hand_towel,unverifiable,False,unverifiable
clip,256518,dining,1,plate,plate,unverifiable,False,unverifiable
clip,256518,dining,2,table,table,unverifiable,True,unverifiable
clip,256518,dining,3,microwave oven,microwave_oven,wrong,False,unverifiable
clip,256518,dining,4,napkin,napkin,correct,True,correct
clip,256518,dining,5,fork,fork,unverifiable,False,unverifiable
clip,256518,dining,6,dining table,dining_table,correct,True,correct
clip,256518,dining,7,alarm clock,alarm_clock,unverifiable,False,unverifiable
clip,256518,dining,8,spoon,spoon,correct,True,correct
clip,256518,dining,9,bowl,bowl,correct,True,unverifiable
clip,256518,dining,10,stove,stove,unverifiable,False,unverifiable
clip,256518,dining,11,refrigerator,refrigerator,wrong,False,unverifiable
clip,256518,dining,12,magazine,magazine,unverifiable,False,unverifiable
clip,257370,living room,1,television set,television_set,correct,True,correct
clip,257370,living room,2,remote control,remote_control,correct,True,unverifiable
clip,257370,living room,3,recliner,recliner,unverifiable,False,unverifiable
clip,257370,living room,4,mirror,mirror,unverifiable,False,unverifiable
clip,257370,living room,5,fan,fan,unverifiable,False,unverifiable
clip,257370,living room,6,microwave oven,microwave_oven,wrong,False,unverifiable
clip,257370,living room,7,coffee table,coffee_table,unverifiable,False,unverifiable
clip,257370,living room,8,refrigerator,refrigerator,wrong,False,unverifiable
clip,257370,living room,9,heater,heater,unverifiable,False,unverifiable
clip,257370,living room,10,crutch,crutch,unverifiable,False,unverifiable
clip,257370,living room,11,headset,headset,unverifiable,False,unverifiable
clip,257370,living room,12,dining table,dining_table,wrong,False,unverifiable
clip,257660,bathroom,1,toilet,toilet,correct,True,correct
clip,257660,bathroom,2,bathtub,bathtub,correct,True,correct
clip,257660,bathroom,3,toilet tissue,toilet_tissue,correct,True,correct
clip,257660,bathroom,4,wheelchair,wheelchair,unverifiable,False,unverifiable
clip,257660,bathroom,5,recliner,recliner,unverifiable,False,unverifiable
clip,257660,bathroom,6,towel,towel,unverifiable,False,unverifiable
clip,257660,bathroom,7,bedspread,bedspread,unverifiable,False,unverifiable
clip,257660,bathroom,8,sink,sink,correct,True,unverifiable
clip,257660,bathroom,9,armchair,armchair,unverifiable,False,unverifiable
clip,257660,bathroom,10,hand towel,hand_towel,unverifiable,False,unverifiable
clip,257660,bathroom,11,chair,chair,wrong,False,unverifiable
clip,257660,bathroom,12,cushion,cushion,unverifiable,False,unverifiable
clip,257773,kitchen,1,stove,stove,correct,True,correct
clip,257773,kitchen,2,sandwich,sandwich,correct,True,unverifiable
clip,257773,kitchen,3,napkin,napkin,unverifiable,False,unverifiable
clip,257773,kitchen,4,plate,plate,unverifiable,False,unverifiable
clip,257773,kitchen,5,microwave oven,microwave_oven,wrong,False,unverifiable
clip,257773,kitchen,6,bread,bread,unverifiable,False,unverifiable
clip,257773,kitchen,7,table,table,unverifiable,False,unverifiable
clip,257773,kitchen,8,dining table,dining_table,wrong,False,unverifiable
clip,257773,kitchen,9,knife,knife,unverifiable,False,unverifiable
clip,257773,kitchen,10,hat,hat,unverifiable,False,unverifiable
clip,257773,kitchen,11,coffee maker,coffee_maker,unverifiable,False,unverifiable
clip,257773,kitchen,12,heater,heater,unverifiable,False,unverifiable
clip,260721,living room,1,television set,television_set,correct,True,correct
clip,260721,living room,2,recliner,recliner,unverifiable,False,unverifiable
clip,260721,living room,3,stove,stove,unverifiable,False,unverifiable
clip,260721,living room,4,coffee table,coffee_table,correct,True,correct
clip,260721,living room,5,remote control,remote_control,correct,True,unverifiable
clip,260721,living room,6,armchair,armchair,unverifiable,False,unverifiable
clip,260721,living room,7,sofa,sofa,correct,True,correct
clip,260721,living room,8,microwave oven,microwave_oven,wrong,False,unverifiable
clip,260721,living room,9,sock,sock,unverifiable,False,unverifiable
clip,260721,living room,10,lamp,lamp,unverifiable,False,unverifiable
clip,260721,living room,11,cushion,cushion,unverifiable,False,unverifiable
clip,260721,living room,12,tissue paper,tissue_paper,unverifiable,False,unverifiable
clip,264347,kitchen,1,microwave oven,microwave_oven,correct,True,correct
clip,264347,kitchen,2,stove,stove,correct,True,correct
clip,264347,kitchen,3,refrigerator,refrigerator,correct,True,unverifiable
clip,264347,kitchen,4,kettle,kettle,correct,True,correct
clip,264347,kitchen,5,dining table,dining_table,wrong,False,unverifiable
clip,264347,kitchen,6,coffee maker,coffee_maker,unverifiable,False,unverifiable
clip,264347,kitchen,7,air conditioner,air_conditioner,unverifiable,False,unverifiable
clip,264347,kitchen,8,towel,towel,unverifiable,True,unverifiable
clip,264347,kitchen,9,wheelchair,wheelchair,unverifiable,False,unverifiable
clip,264347,kitchen,10,television set,television_set,wrong,False,unverifiable
clip,264347,kitchen,11,table,table,unverifiable,False,unverifiable
clip,264347,kitchen,12,toilet,toilet,wrong,False,unverifiable
clip,266422,living room,1,armchair,armchair,correct,True,correct
clip,266422,living room,2,recliner,recliner,unverifiable,False,unverifiable
clip,266422,living room,3,sofa,sofa,correct,True,unverifiable
clip,266422,living room,4,dining table,dining_table,wrong,True,unverifiable
clip,266422,living room,5,television set,television_set,wrong,False,unverifiable
clip,266422,living room,6,bedspread,bedspread,unverifiable,False,unverifiable
clip,266422,living room,7,bed,bed,wrong,False,unverifiable
clip,266422,living room,8,chair,chair,correct,True,correct
clip,266422,living room,9,table lamp,table_lamp,unverifiable,False,unverifiable
clip,266422,living room,10,walking stick,walking_stick,unverifiable,False,unverifiable
clip,266422,living room,11,table,table,unverifiable,True,unverifiable
clip,266422,living room,12,cushion,cushion,correct,True,correct
clip,268213,kitchen,1,refrigerator,refrigerator,correct,True,correct
clip,268213,kitchen,2,microwave oven,microwave_oven,wrong,False,unverifiable
clip,268213,kitchen,3,stove,stove,unverifiable,False,unverifiable
clip,268213,kitchen,4,kettle,kettle,unverifiable,False,unverifiable
clip,268213,kitchen,5,coffee maker,coffee_maker,unverifiable,False,unverifiable
clip,268213,kitchen,6,milk,milk,unverifiable,False,unverifiable
clip,268213,kitchen,7,dining table,dining_table,wrong,False,unverifiable
clip,268213,kitchen,8,bottle,bottle,correct,True,correct
clip,268213,kitchen,9,mug,mug,correct,True,correct
clip,268213,kitchen,10,hat,hat,wrong,False,wrong
clip,268213,kitchen,11,teapot,teapot,unverifiable,False,unverifiable
clip,268213,kitchen,12,spoon,spoon,unverifiable,False,unverifiable
clip,268378,dining,1,dining table,dining_table,correct,True,correct
clip,268378,dining,2,table,table,unverifiable,True,unverifiable
clip,268378,dining,3,plate,plate,unverifiable,False,unverifiable
clip,268378,dining,4,cake,cake,wrong,False,unverifiable
clip,268378,dining,5,fork,fork,correct,True,correct
clip,268378,dining,6,napkin,napkin,unverifiable,False,unverifiable
clip,268378,dining,7,crutch,crutch,unverifiable,False,unverifiable
clip,268378,dining,8,fan,fan,unverifiable,False,unverifiable
clip,268378,dining,9,microwave oven,microwave_oven,wrong,False,unverifiable
clip,268378,dining,10,coffee table,coffee_table,unverifiable,True,unverifiable
clip,268378,dining,11,bedspread,bedspread,unverifiable,False,unverifiable
clip,268378,dining,12,recliner,recliner,unverifiable,False,unverifiable
clip,271167,bathroom,1,bathtub,bathtub,correct,True,correct
clip,271167,bathroom,2,sink,sink,correct,True,correct
clip,271167,bathroom,3,walking stick,walking_stick,unverifiable,False,unverifiable
clip,271167,bathroom,4,toilet,toilet,wrong,False,unverifiable
clip,271167,bathroom,5,shower head,shower_head,correct,True,correct
clip,271167,bathroom,6,remote control,remote_control,unverifiable,False,unverifiable
clip,271167,bathroom,7,toilet tissue,toilet_tissue,unverifiable,False,unverifiable
clip,271167,bathroom,8,soap,soap,unverifiable,False,unverifiable
clip,271167,bathroom,9,towel,towel,unverifiable,False,unverifiable
clip,271167,bathroom,10,crutch,crutch,unverifiable,False,unverifiable
clip,271167,bathroom,11,mirror,mirror,correct,True,correct
clip,271167,bathroom,12,television set,television_set,wrong,False,unverifiable
clip,271728,living room,1,sofa,sofa,correct,True,correct
clip,271728,living room,2,cat,cat,correct,True,correct
clip,271728,living room,3,recliner,recliner,unverifiable,False,unverifiable
clip,271728,living room,4,cushion,cushion,unverifiable,False,unverifiable
clip,271728,living room,5,television set,television_set,wrong,False,unverifiable
clip,271728,living room,6,armchair,armchair,unverifiable,False,unverifiable
clip,271728,living room,7,remote control,remote_control,correct,True,correct
clip,271728,living room,8,desk,desk,unverifiable,False,unverifiable
clip,271728,living room,9,bedspread,bedspread,unverifiable,True,unverifiable
clip,271728,living room,10,coffee table,coffee_table,unverifiable,False,unverifiable
clip,271728,living room,11,laptop computer,laptop_computer,correct,True,unverifiable
clip,271728,living room,12,dining table,dining_table,wrong,False,unverifiable
clip,272203,bedroom,1,bedspread,bedspread,correct,True,correct
clip,272203,bedroom,2,bed,bed,correct,True,correct
clip,272203,bedroom,3,quilt,quilt,unverifiable,True,unverifiable
clip,272203,bedroom,4,blanket,blanket,unverifiable,True,unverifiable
clip,272203,bedroom,5,pillow,pillow,unverifiable,False,unverifiable
clip,272203,bedroom,6,cushion,cushion,unverifiable,False,unverifiable
clip,272203,bedroom,7,towel,towel,unverifiable,False,unverifiable
clip,272203,bedroom,8,table lamp,table_lamp,unverifiable,False,unverifiable
clip,272203,bedroom,9,sofa,sofa,wrong,False,unverifiable
clip,272203,bedroom,10,alarm clock,alarm_clock,correct,True,correct
clip,272203,bedroom,11,recliner,recliner,unverifiable,False,unverifiable
clip,272203,bedroom,12,curtain,curtain,unverifiable,False,unverifiable
clip,274352,dining,1,table,table,unverifiable,True,unverifiable
clip,274352,dining,2,dining table,dining_table,correct,True,correct
clip,274352,dining,3,napkin,napkin,correct,True,correct
clip,274352,dining,4,coffee table,coffee_table,unverifiable,True,unverifiable
clip,274352,dining,5,desk,desk,unverifiable,True,unverifiable
clip,274352,dining,6,cellular telephone,cellular_telephone,unverifiable,False,unverifiable
clip,274352,dining,7,crutch,crutch,unverifiable,False,unverifiable
clip,274352,dining,8,plate,plate,unverifiable,False,unverifiable
clip,274352,dining,9,telephone,telephone,unverifiable,False,unverifiable
clip,274352,dining,10,wineglass,wineglass,correct,True,correct
clip,274352,dining,11,fork,fork,correct,True,correct
clip,274352,dining,12,fan,fan,unverifiable,False,unverifiable
clip,275374,bedroom,1,bed,bed,correct,True,correct
clip,275374,bedroom,2,dining table,dining_table,wrong,False,unverifiable
clip,275374,bedroom,3,table,table,unverifiable,False,unverifiable
clip,275374,bedroom,4,bedspread,bedspread,unverifiable,False,unverifiable
clip,275374,bedroom,5,bathtub,bathtub,unverifiable,False,unverifiable
clip,275374,bedroom,6,cushion,cushion,unverifiable,False,unverifiable
clip,275374,bedroom,7,pillow,pillow,unverifiable,False,unverifiable
clip,275374,bedroom,8,crutch,crutch,unverifiable,False,unverifiable
clip,275374,bedroom,9,spoon,spoon,unverifiable,False,unverifiable
clip,275374,bedroom,10,spectacles,spectacles,correct,True,correct
clip,275374,bedroom,11,desk,desk,unverifiable,False,unverifiable
clip,275374,bedroom,12,sofa,sofa,wrong,False,unverifiable
clip,277507,bedroom,1,bed,bed,correct,True,correct
clip,277507,bedroom,2,bedspread,bedspread,unverifiable,False,unverifiable
clip,277507,bedroom,3,quilt,quilt,unverifiable,False,unverifiable
clip,277507,bedroom,4,towel,towel,wrong,False,wrong
clip,277507,bedroom,5,crutch,crutch,unverifiable,False,unverifiable
clip,277507,bedroom,6,bathtub,bathtub,unverifiable,False,unverifiable
clip,277507,bedroom,7,flower arrangement,flower_arrangement,unverifiable,False,unverifiable
clip,277507,bedroom,8,recliner,recliner,unverifiable,False,unverifiable
clip,277507,bedroom,9,pillow,pillow,unverifiable,False,unverifiable
clip,277507,bedroom,10,alarm clock,alarm_clock,unverifiable,False,unverifiable
clip,277507,bedroom,11,desk,desk,unverifiable,False,unverifiable
clip,277507,bedroom,12,blanket,blanket,unverifiable,False,unverifiable
clip,283717,kitchen,1,microwave oven,microwave_oven,correct,True,correct
clip,283717,kitchen,2,radio receiver,radio_receiver,unverifiable,False,unverifiable
clip,283717,kitchen,3,stove,stove,unverifiable,False,unverifiable
clip,283717,kitchen,4,television set,television_set,wrong,False,unverifiable
clip,283717,kitchen,5,refrigerator,refrigerator,wrong,False,unverifiable
clip,283717,kitchen,6,heater,heater,unverifiable,False,unverifiable
clip,283717,kitchen,7,coffee maker,coffee_maker,correct,True,correct
clip,283717,kitchen,8,air conditioner,air_conditioner,unverifiable,False,unverifiable
clip,283717,kitchen,9,telephone,telephone,unverifiable,False,unverifiable
clip,283717,kitchen,10,desk,desk,unverifiable,False,unverifiable
clip,283717,kitchen,11,cellular telephone,cellular_telephone,unverifiable,False,unverifiable
clip,283717,kitchen,12,dining table,dining_table,wrong,False,unverifiable
clip,285400,dining,1,pizza,pizza,correct,True,correct
clip,285400,dining,2,plate,plate,correct,True,correct
clip,285400,dining,3,table,table,unverifiable,True,unverifiable
clip,285400,dining,4,doughnut,doughnut,wrong,False,unverifiable
clip,285400,dining,5,cookie,cookie,unverifiable,False,unverifiable
clip,285400,dining,6,napkin,napkin,unverifiable,False,unverifiable
clip,285400,dining,7,dining table,dining_table,correct,True,correct
clip,285400,dining,8,stove,stove,unverifiable,False,unverifiable
clip,285400,dining,9,bread,bread,unverifiable,False,unverifiable
clip,285400,dining,10,sandwich,sandwich,wrong,False,unverifiable
clip,285400,dining,11,microwave oven,microwave_oven,wrong,False,unverifiable
clip,285400,dining,12,mirror,mirror,unverifiable,False,unverifiable
clip,290771,living room,1,sofa,sofa,correct,True,unverifiable
clip,290771,living room,2,recliner,recliner,unverifiable,False,unverifiable
clip,290771,living room,3,curtain,curtain,unverifiable,False,unverifiable
clip,290771,living room,4,armchair,armchair,correct,True,correct
clip,290771,living room,5,television set,television_set,unverifiable,False,unverifiable
clip,290771,living room,6,coffee table,coffee_table,unverifiable,False,unverifiable
clip,290771,living room,7,quilt,quilt,unverifiable,True,unverifiable
clip,290771,living room,8,mirror,mirror,unverifiable,False,unverifiable
clip,290771,living room,9,cushion,cushion,unverifiable,False,unverifiable
clip,290771,living room,10,remote control,remote_control,unverifiable,False,unverifiable
clip,290771,living room,11,glass,glass_(drink_container),correct,True,correct
clip,290771,living room,12,dining table,dining_table,unverifiable,False,unverifiable
clip,293390,bathroom,1,sink,sink,correct,True,correct
clip,293390,bathroom,2,bathtub,bathtub,unverifiable,False,unverifiable
clip,293390,bathroom,3,toilet,toilet,wrong,False,unverifiable
clip,293390,bathroom,4,stove,stove,unverifiable,False,unverifiable
clip,293390,bathroom,5,recliner,recliner,unverifiable,False,unverifiable
clip,293390,bathroom,6,toilet tissue,toilet_tissue,unverifiable,False,unverifiable
clip,293390,bathroom,7,mirror,mirror,unverifiable,False,unverifiable
clip,293390,bathroom,8,desk,desk,unverifiable,False,unverifiable
clip,293390,bathroom,9,heater,heater,unverifiable,False,unverifiable
clip,293390,bathroom,10,toothbrush,toothbrush,correct,True,correct
clip,293390,bathroom,11,dining table,dining_table,wrong,False,unverifiable
clip,293390,bathroom,12,refrigerator,refrigerator,wrong,False,unverifiable
clip,296205,living room,1,blanket,blanket,unverifiable,True,unverifiable
clip,296205,living room,2,dog,dog,correct,True,correct
clip,296205,living room,3,recliner,recliner,unverifiable,False,unverifiable
clip,296205,living room,4,pillow,pillow,unverifiable,False,unverifiable
clip,296205,living room,5,bedspread,bedspread,unverifiable,True,unverifiable
clip,296205,living room,6,cushion,cushion,unverifiable,False,unverifiable
clip,296205,living room,7,sofa,sofa,correct,True,correct
clip,296205,living room,8,bed,bed,wrong,False,unverifiable
clip,296205,living room,9,quilt,quilt,correct,True,correct
clip,296205,living room,10,fan,fan,unverifiable,False,unverifiable
clip,296205,living room,11,heater,heater,unverifiable,False,unverifiable
clip,296205,living room,12,television set,television_set,wrong,False,unverifiable
clip,297353,bedroom,1,alarm clock,alarm_clock,unverifiable,False,unverifiable
clip,297353,bedroom,2,bed,bed,correct,True,correct
clip,297353,bedroom,3,bedspread,bedspread,unverifiable,False,unverifiable
clip,297353,bedroom,4,fan,fan,unverifiable,False,unverifiable
clip,297353,bedroom,5,pillow,pillow,correct,True,correct
clip,297353,bedroom,6,heater,heater,unverifiable,False,unverifiable
clip,297353,bedroom,7,sock,sock,unverifiable,False,unverifiable
clip,297353,bedroom,8,remote control,remote_control,unverifiable,False,unverifiable
clip,297353,bedroom,9,table lamp,table_lamp,unverifiable,False,unverifiable
clip,297353,bedroom,10,desk,desk,unverifiable,False,unverifiable
clip,297353,bedroom,11,recliner,recliner,unverifiable,False,unverifiable
clip,297353,bedroom,12,coffee table,coffee_table,unverifiable,False,unverifiable
clip,299632,bedroom,1,bedspread,bedspread,correct,True,correct
clip,299632,bedroom,2,bed,bed,correct,True,correct
clip,299632,bedroom,3,jacket,jacket,unverifiable,False,unverifiable
clip,299632,bedroom,4,recliner,recliner,unverifiable,False,unverifiable
clip,299632,bedroom,5,quilt,quilt,unverifiable,True,unverifiable
clip,299632,bedroom,6,desk,desk,unverifiable,False,unverifiable
clip,299632,bedroom,7,pillow,pillow,correct,True,correct
clip,299632,bedroom,8,towel,towel,unverifiable,False,unverifiable
clip,299632,bedroom,9,book,book,unverifiable,False,unverifiable
clip,299632,bedroom,10,cellular telephone,cellular_telephone,correct,True,unverifiable
clip,299632,bedroom,11,coffee table,coffee_table,unverifiable,False,unverifiable
clip,299632,bedroom,12,sofa,sofa,wrong,False,unverifiable
clip,300882,bedroom,1,bed,bed,correct,True,correct
clip,300882,bedroom,2,bedspread,bedspread,unverifiable,False,unverifiable
clip,300882,bedroom,3,quilt,quilt,unverifiable,False,unverifiable
clip,300882,bedroom,4,armchair,armchair,unverifiable,False,unverifiable
clip,300882,bedroom,5,recliner,recliner,unverifiable,False,unverifiable
clip,300882,bedroom,6,television set,television_set,wrong,False,unverifiable
clip,300882,bedroom,7,blanket,blanket,unverifiable,False,unverifiable
clip,300882,bedroom,8,curtain,curtain,unverifiable,False,unverifiable
clip,300882,bedroom,9,cushion,cushion,unverifiable,False,unverifiable
clip,300882,bedroom,10,mirror,mirror,correct,True,correct
clip,300882,bedroom,11,pillow,pillow,unverifiable,False,unverifiable
clip,300882,bedroom,12,dining table,dining_table,wrong,False,unverifiable
clip,302680,living room,1,armchair,armchair,unverifiable,False,unverifiable
clip,302680,living room,2,mirror,mirror,correct,True,correct
clip,302680,living room,3,sofa,sofa,correct,True,correct
clip,302680,living room,4,dining table,dining_table,unverifiable,True,unverifiable
clip,302680,living room,5,flower arrangement,flower_arrangement,correct,True,correct
clip,302680,living room,6,recliner,recliner,unverifiable,False,unverifiable
clip,302680,living room,7,coffee table,coffee_table,unverifiable,True,unverifiable
clip,302680,living room,8,vase,vase,correct,True,unverifiable
clip,302680,living room,9,bedspread,bedspread,unverifiable,False,unverifiable
clip,302680,living room,10,cushion,cushion,unverifiable,True,unverifiable
clip,302680,living room,11,curtain,curtain,correct,True,correct
clip,302680,living room,12,television set,television_set,wrong,False,unverifiable
clip,303002,bathroom,1,toilet,toilet,correct,True,correct
clip,303002,bathroom,2,bathtub,bathtub,unverifiable,False,unverifiable
clip,303002,bathroom,3,toilet tissue,toilet_tissue,correct,True,correct
clip,303002,bathroom,4,sink,sink,correct,True,unverifiable
clip,303002,bathroom,5,wheelchair,wheelchair,unverifiable,False,unverifiable
clip,303002,bathroom,6,towel,towel,unverifiable,False,unverifiable
clip,303002,bathroom,7,chair,chair,wrong,False,unverifiable
clip,303002,bathroom,8,recliner,recliner,unverifiable,False,unverifiable
clip,303002,bathroom,9,hand towel,hand_towel,unverifiable,False,unverifiable
clip,303002,bathroom,10,armchair,armchair,unverifiable,False,unverifiable
clip,303002,bathroom,11,toothbrush,toothbrush,unverifiable,False,unverifiable
clip,303002,bathroom,12,vase,vase,wrong,False,unverifiable
clip,303520,kitchen,1,cake,cake,correct,True,correct
clip,303520,kitchen,2,fork,fork,correct,True,correct
clip,303520,kitchen,3,stove,stove,unverifiable,False,unverifiable
clip,303520,kitchen,4,cookie,cookie,unverifiable,False,unverifiable
clip,303520,kitchen,5,sandwich,sandwich,wrong,False,unverifiable
clip,303520,kitchen,6,table,table,correct,True,correct
clip,303520,kitchen,7,doughnut,doughnut,wrong,False,unverifiable
clip,303520,kitchen,8,laptop computer,laptop_computer,wrong,False,unverifiable
clip,303520,kitchen,9,coffee table,coffee_table,unverifiable,True,unverifiable
clip,303520,kitchen,10,dining table,dining_table,unverifiable,True,unverifiable
clip,303520,kitchen,11,knife,knife,correct,True,correct
clip,303520,kitchen,12,newspaper,newspaper,unverifiable,False,unverifiable
clip,304827,kitchen,1,refrigerator,refrigerator,correct,True,correct
clip,304827,kitchen,2,microwave oven,microwave_oven,wrong,False,unverifiable
clip,304827,kitchen,3,stove,stove,unverifiable,False,unverifiable
clip,304827,kitchen,4,coffee maker,coffee_maker,correct,True,correct
clip,304827,kitchen,5,kettle,kettle,unverifiable,False,unverifiable
clip,304827,kitchen,6,milk,milk,unverifiable,False,unverifiable
clip,304827,kitchen,7,heater,heater,unverifiable,False,unverifiable
clip,304827,kitchen,8,air conditioner,air_conditioner,unverifiable,False,unverifiable
clip,304827,kitchen,9,teapot,teapot,unverifiable,False,unverifiable
clip,304827,kitchen,10,recliner,recliner,unverifiable,False,unverifiable
clip,304827,kitchen,11,sink,sink,correct,True,unverifiable
clip,304827,kitchen,12,mug,mug,unverifiable,False,unverifiable
clip,306733,bathroom,1,sink,sink,correct,True,unverifiable
clip,306733,bathroom,2,bathtub,bathtub,correct,True,correct
clip,306733,bathroom,3,toilet,toilet,correct,True,unverifiable
clip,306733,bathroom,4,shower head,shower_head,unverifiable,False,unverifiable
clip,306733,bathroom,5,towel,towel,unverifiable,True,unverifiable
clip,306733,bathroom,6,toilet tissue,toilet_tissue,unverifiable,False,unverifiable
clip,306733,bathroom,7,hand towel,hand_towel,unverifiable,True,unverifiable
clip,306733,bathroom,8,bedspread,bedspread,unverifiable,False,unverifiable
clip,306733,bathroom,9,mirror,mirror,unverifiable,False,unverifiable
clip,306733,bathroom,10,toothbrush,toothbrush,unverifiable,False,unverifiable
clip,306733,bathroom,11,curtain,curtain,unverifiable,False,unverifiable
clip,306733,bathroom,12,tissue paper,tissue_paper,unverifiable,False,unverifiable
clip,308507,kitchen,1,dining table,dining_table,unverifiable,False,unverifiable
clip,308507,kitchen,2,stove,stove,unverifiable,False,unverifiable
clip,308507,kitchen,3,refrigerator,refrigerator,wrong,False,unverifiable
clip,308507,kitchen,4,quilt,quilt,unverifiable,False,unverifiable
clip,308507,kitchen,5,microwave oven,microwave_oven,correct,True,correct
clip,308507,kitchen,6,table,table,unverifiable,False,unverifiable
clip,308507,kitchen,7,kettle,kettle,unverifiable,False,unverifiable
clip,308507,kitchen,8,teapot,teapot,unverifiable,False,unverifiable
clip,308507,kitchen,9,bedspread,bedspread,unverifiable,False,unverifiable
clip,308507,kitchen,10,fork,fork,unverifiable,False,unverifiable
clip,308507,kitchen,11,desk,desk,unverifiable,False,unverifiable
clip,308507,kitchen,12,spoon,spoon,unverifiable,False,unverifiable
clip,309060,kitchen,1,stove,stove,correct,True,correct
clip,309060,kitchen,2,microwave oven,microwave_oven,correct,True,correct
clip,309060,kitchen,3,kettle,kettle,unverifiable,False,unverifiable
clip,309060,kitchen,4,refrigerator,refrigerator,correct,True,unverifiable
clip,309060,kitchen,5,teapot,teapot,unverifiable,False,unverifiable
clip,309060,kitchen,6,sink,sink,correct,True,unverifiable
clip,309060,kitchen,7,chair,chair,correct,True,unverifiable
clip,309060,kitchen,8,towel,towel,unverifiable,False,unverifiable
clip,309060,kitchen,9,table,table,unverifiable,False,unverifiable
clip,309060,kitchen,10,dining table,dining_table,wrong,False,unverifiable
clip,309060,kitchen,11,toilet,toilet,wrong,False,unverifiable
clip,309060,kitchen,12,coffee maker,coffee_maker,unverifiable,False,unverifiable
clip,309553,bedroom,1,bedspread,bedspread,unverifiable,True,unverifiable
clip,309553,bedroom,2,bed,bed,correct,True,correct
clip,309553,bedroom,3,blanket,blanket,unverifiable,True,unverifiable
clip,309553,bedroom,4,quilt,quilt,correct,True,correct
clip,309553,bedroom,5,desk,desk,unverifiable,False,unverifiable
clip,309553,bedroom,6,towel,towel,unverifiable,False,unverifiable
clip,309553,bedroom,7,stove,stove,unverifiable,False,unverifiable
clip,309553,bedroom,8,pillow,pillow,unverifiable,False,unverifiable
clip,309553,bedroom,9,table lamp,table_lamp,unverifiable,False,unverifiable
clip,309553,bedroom,10,sofa,sofa,wrong,False,unverifiable
clip,309553,bedroom,11,dining table,dining_table,wrong,False,unverifiable
clip,309553,bedroom,12,microwave oven,microwave_oven,wrong,False,unverifiable
clip,311868,bathroom,1,bathtub,bathtub,correct,True,correct
clip,311868,bathroom,2,toilet,toilet,correct,True,unverifiable
clip,311868,bathroom,3,sink,sink,correct,True,correct
clip,311868,bathroom,4,shower head,shower_head,correct,True,correct
clip,311868,bathroom,5,toilet tissue,toilet_tissue,unverifiable,False,unverifiable
clip,311868,bathroom,6,mirror,mirror,correct,True,correct
clip,311868,bathroom,7,bed,bed,wrong,False,unverifiable
clip,311868,bathroom,8,bedspread,bedspread,unverifiable,False,unverifiable
clip,311868,bathroom,9,refrigerator,refrigerator,wrong,False,unverifiable
clip,311868,bathroom,10,microwave oven,microwave_oven,wrong,False,unverifiable
clip,311868,bathroom,11,recliner,recliner,unverifiable,False,unverifiable
clip,311868,bathroom,12,wheelchair,wheelchair,unverifiable,False,unverifiable
clip,313130,kitchen,1,refrigerator,refrigerator,correct,True,correct
clip,313130,kitchen,2,microwave oven,microwave_oven,correct,True,correct
clip,313130,kitchen,3,stove,stove,unverifiable,False,unverifiable
clip,313130,kitchen,4,air conditioner,air_conditioner,unverifiable,False,unverifiable
clip,313130,kitchen,5,heater,heater,unverifiable,False,unverifiable
clip,313130,kitchen,6,coffee maker,coffee_maker,unverifiable,False,unverifiable
clip,313130,kitchen,7,dining table,dining_table,wrong,False,unverifiable
clip,313130,kitchen,8,recliner,recliner,unverifiable,False,unverifiable
clip,313130,kitchen,9,radio receiver,radio_receiver,unverifiable,False,unverifiable
clip,313130,kitchen,10,television set,television_set,wrong,False,unverifiable
clip,313130,kitchen,11,kettle,kettle,unverifiable,False,unverifiable
clip,313130,kitchen,12,mirror,mirror,correct,True,correct
clip,315256,bedroom,1,bed,bed,correct,True,correct
clip,315256,bedroom,2,bedspread,bedspread,unverifiable,False,unverifiable
clip,315256,bedroom,3,quilt,quilt,unverifiable,False,unverifiable
clip,315256,bedroom,4,painting,painting,correct,True,correct
clip,315256,bedroom,5,flower arrangement,flower_arrangement,unverifiable,False,unverifiable
clip,315256,bedroom,6,table lamp,table_lamp,unverifiable,False,unverifiable
clip,315256,bedroom,7,cushion,cushion,unverifiable,True,unverifiable
clip,315256,bedroom,8,pillow,pillow,correct,True,correct
clip,315256,bedroom,9,sofa,sofa,wrong,False,unverifiable
clip,315256,bedroom,10,mirror,mirror,unverifiable,False,unverifiable
clip,315256,bedroom,11,wall clock,wall_clock,unverifiable,False,unverifiable
clip,315256,bedroom,12,bathtub,bathtub,unverifiable,False,unverifiable
clip,315641,kitchen,1,doughnut,doughnut,correct,True,correct
clip,315641,kitchen,2,cake,cake,wrong,False,unverifiable
clip,315641,kitchen,3,cookie,cookie,unverifiable,False,unverifiable
clip,315641,kitchen,4,dining table,dining_table,wrong,False,unverifiable
clip,315641,kitchen,5,walking stick,walking_stick,unverifiable,False,unverifiable
clip,315641,kitchen,6,table,table,unverifiable,False,unverifiable
clip,315641,kitchen,7,bread,bread,unverifiable,False,unverifiable
clip,315641,kitchen,8,kettle,kettle,unverifiable,False,unverifiable
clip,315641,kitchen,9,sweater,sweater,correct,True,correct
clip,315641,kitchen,10,plate,plate,unverifiable,False,unverifiable
clip,315641,kitchen,11,teapot,teapot,unverifiable,False,unverifiable
clip,315641,kitchen,12,medicine,medicine,unverifiable,False,unverifiable
clip,319935,bedroom,1,bed,bed,correct,True,correct
clip,319935,bedroom,2,recliner,recliner,unverifiable,False,unverifiable
clip,319935,bedroom,3,armchair,armchair,correct,True,correct
clip,319935,bedroom,4,crutch,crutch,unverifiable,False,unverifiable
clip,319935,bedroom,5,bedspread,bedspread,unverifiable,False,unverifiable
clip,319935,bedroom,6,mirror,mirror,unverifiable,False,unverifiable
clip,319935,bedroom,7,curtain,curtain,correct,True,correct
clip,319935,bedroom,8,remote control,remote_control,unverifiable,False,unverifiable
clip,319935,bedroom,9,television set,television_set,correct,True,correct
clip,319935,bedroom,10,towel,towel,unverifiable,False,unverifiable
clip,319935,bedroom,11,chair,chair,correct,True,unverifiable
clip,319935,bedroom,12,sofa,sofa,correct,True,unverifiable
clip,325078,bathroom,1,toilet,toilet,correct,True,correct
clip,325078,bathroom,2,bathtub,bathtub,unverifiable,False,unverifiable
clip,325078,bathroom,3,sink,sink,correct,True,correct
clip,325078,bathroom,4,toilet tissue,toilet_tissue,unverifiable,False,unverifiable
clip,325078,bathroom,5,bedspread,bedspread,unverifiable,False,unverifiable
clip,325078,bathroom,6,towel,towel,unverifiable,False,unverifiable
clip,325078,bathroom,7,vase,vase,wrong,False,unverifiable
clip,325078,bathroom,8,hand towel,hand_towel,unverifiable,False,unverifiable
clip,325078,bathroom,9,shower head,shower_head,correct,True,correct
clip,325078,bathroom,10,quilt,quilt,unverifiable,False,unverifiable
clip,325078,bathroom,11,mirror,mirror,unverifiable,False,unverifiable
clip,325078,bathroom,12,toothbrush,toothbrush,unverifiable,False,unverifiable
clip,329455,dining,1,pizza,pizza,correct,True,correct
clip,329455,dining,2,dining table,dining_table,correct,True,correct
clip,329455,dining,3,table,table,unverifiable,True,unverifiable
clip,329455,dining,4,sandwich,sandwich,wrong,False,unverifiable
clip,329455,dining,5,plate,plate,correct,True,correct
clip,329455,dining,6,coffee table,coffee_table,unverifiable,True,unverifiable
clip,329455,dining,7,bread,bread,unverifiable,False,unverifiable
clip,329455,dining,8,quilt,quilt,unverifiable,False,unverifiable
clip,329455,dining,9,bedspread,bedspread,unverifiable,False,unverifiable
clip,329455,dining,10,blanket,blanket,unverifiable,False,unverifiable
clip,329455,dining,11,napkin,napkin,correct,True,correct
clip,329455,dining,12,cushion,cushion,unverifiable,False,unverifiable
clip,341741,bedroom,1,bed,bed,correct,True,correct
clip,341741,bedroom,2,bedspread,bedspread,unverifiable,False,unverifiable
clip,341741,bedroom,3,cushion,cushion,unverifiable,False,unverifiable
clip,341741,bedroom,4,pillow,pillow,unverifiable,False,unverifiable
clip,341741,bedroom,5,desk,desk,unverifiable,False,unverifiable
clip,341741,bedroom,6,recliner,recliner,unverifiable,False,unverifiable
clip,341741,bedroom,7,sofa,sofa,wrong,False,unverifiable
clip,341741,bedroom,8,laptop computer,laptop_computer,correct,True,correct
clip,341741,bedroom,9,table,table,unverifiable,False,unverifiable
clip,341741,bedroom,10,television set,television_set,correct,True,correct
clip,341741,bedroom,11,coffee table,coffee_table,unverifiable,False,unverifiable
clip,341741,bedroom,12,blanket,blanket,unverifiable,False,unverifiable
clip,343662,bedroom,1,cat,cat,correct,True,correct
clip,343662,bedroom,2,bedspread,bedspread,unverifiable,True,unverifiable
clip,343662,bedroom,3,bed,bed,correct,True,correct
clip,343662,bedroom,4,sock,sock,unverifiable,False,unverifiable
clip,343662,bedroom,5,blanket,blanket,correct,True,correct
clip,343662,bedroom,6,recliner,recliner,unverifiable,False,unverifiable
clip,343662,bedroom,7,television set,television_set,unverifiable,False,unverifiable
clip,343662,bedroom,8,pillow,pillow,unverifiable,False,unverifiable
clip,343662,bedroom,9,cushion,cushion,unverifiable,False,unverifiable
clip,343662,bedroom,10,alarm clock,alarm_clock,unverifiable,False,unverifiable
clip,343662,bedroom,11,towel,towel,unverifiable,False,unverifiable
clip,343662,bedroom,12,quilt,quilt,unverifiable,True,unverifiable
clip,348708,dining,1,banana,banana,correct,True,correct
clip,348708,dining,2,dining table,dining_table,correct,True,correct
clip,348708,dining,3,bowl,bowl,correct,True,correct
clip,348708,dining,4,plate,plate,unverifiable,False,unverifiable
clip,348708,dining,5,table,table,unverifiable,True,unverifiable
clip,348708,dining,6,microwave oven,microwave_oven,wrong,False,unverifiable
clip,348708,dining,7,apple,apple,wrong,False,unverifiable
clip,348708,dining,8,desk,desk,unverifiable,True,unverifiable
clip,348708,dining,9,coffee table,coffee_table,unverifiable,True,unverifiable
clip,348708,dining,10,bathtub,bathtub,unverifiable,False,unverifiable
clip,348708,dining,11,flower arrangement,flower_arrangement,unverifiable,False,unverifiable
clip,348708,dining,12,vase,vase,wrong,False,unverifiable
clip,350230,kitchen,1,stove,stove,unverifiable,False,unverifiable
clip,350230,kitchen,2,microwave oven,microwave_oven,correct,True,correct
clip,350230,kitchen,3,refrigerator,refrigerator,wrong,False,unverifiable
clip,350230,kitchen,4,dining table,dining_table,wrong,False,unverifiable
clip,350230,kitchen,5,television set,television_set,wrong,False,unverifiable
clip,350230,kitchen,6,kettle,kettle,correct,True,correct
clip,350230,kitchen,7,sink,sink,correct,True,unverifiable
clip,350230,kitchen,8,table,table,unverifiable,False,unverifiable
clip,350230,kitchen,9,coffee maker,coffee_maker,unverifiable,False,unverifiable
clip,350230,kitchen,10,mirror,mirror,unverifiable,False,unverifiable
clip,350230,kitchen,11,quilt,quilt,unverifiable,False,unverifiable
clip,350230,kitchen,12,bedspread,bedspread,unverifiable,False,unverifiable
clip,355430,dining,1,dining table,dining_table,correct,True,correct
clip,355430,dining,2,table,table,unverifiable,True,unverifiable
clip,355430,dining,3,stove,stove,unverifiable,False,unverifiable
clip,355430,dining,4,chair,chair,correct,True,unverifiable
clip,355430,dining,5,plate,plate,unverifiable,False,unverifiable
clip,355430,dining,6,fork,fork,correct,True,correct
clip,355430,dining,7,quilt,quilt,unverifiable,False,unverifiable
clip,355430,dining,8,recliner,recliner,unverifiable,False,unverifiable
clip,355430,dining,9,microwave oven,microwave_oven,wrong,False,unverifiable
clip,355430,dining,10,armchair,armchair,unverifiable,False,unverifiable
clip,355430,dining,11,napkin,napkin,unverifiable,False,unverifiable
clip,355430,dining,12,wheelchair,wheelchair,unverifiable,False,unverifiable
clip,358465,bedroom,1,dog,dog,correct,True,correct
clip,358465,bedroom,2,bed,bed,correct,True,correct
clip,358465,bedroom,3,bedspread,bedspread,unverifiable,True,unverifiable
clip,358465,bedroom,4,blanket,blanket,correct,True,correct
clip,358465,bedroom,5,pillow,pillow,unverifiable,False,unverifiable
clip,358465,bedroom,6,cushion,cushion,unverifiable,False,unverifiable
clip,358465,bedroom,7,sofa,sofa,wrong,False,unverifiable
clip,358465,bedroom,8,remote control,remote_control,unverifiable,False,unverifiable
clip,358465,bedroom,9,quilt,quilt,unverifiable,True,unverifiable
clip,358465,bedroom,10,recliner,recliner,unverifiable,False,unverifiable
clip,358465,bedroom,11,towel,towel,unverifiable,False,unverifiable
clip,358465,bedroom,12,alarm clock,alarm_clock,unverifiable,False,unverifiable
clip,358525,bedroom,1,laptop computer,laptop_computer,correct,True,correct
clip,358525,bedroom,2,remote control,remote_control,wrong,False,wrong
clip,358525,bedroom,3,hat,hat,correct,True,correct
clip,358525,bedroom,4,fan,fan,unverifiable,False,unverifiable
clip,358525,bedroom,5,television set,television_set,wrong,False,unverifiable
clip,358525,bedroom,6,desk,desk,unverifiable,False,unverifiable
clip,358525,bedroom,7,bed,bed,correct,True,correct
clip,358525,bedroom,8,pillow,pillow,unverifiable,False,unverifiable
clip,358525,bedroom,9,alarm clock,alarm_clock,unverifiable,False,unverifiable
clip,358525,bedroom,10,table lamp,table_lamp,unverifiable,False,unverifiable
clip,358525,bedroom,11,headset,headset,unverifiable,False,unverifiable
clip,358525,bedroom,12,cushion,cushion,unverifiable,False,unverifiable
clip,362278,bathroom,1,toilet,toilet,correct,True,correct
clip,362278,bathroom,2,bathtub,bathtub,unverifiable,False,unverifiable
clip,362278,bathroom,3,mirror,mirror,unverifiable,False,unverifiable
clip,362278,bathroom,4,sink,sink,correct,True,correct
clip,362278,bathroom,5,toilet tissue,toilet_tissue,correct,True,correct
clip,362278,bathroom,6,toothbrush,toothbrush,unverifiable,False,unverifiable
clip,362278,bathroom,7,shower head,shower_head,unverifiable,False,unverifiable
clip,362278,bathroom,8,desk,desk,unverifiable,False,unverifiable
clip,362278,bathroom,9,bedspread,bedspread,unverifiable,False,unverifiable
clip,362278,bathroom,10,hand towel,hand_towel,unverifiable,False,unverifiable
clip,362278,bathroom,11,towel,towel,unverifiable,False,unverifiable
clip,362278,bathroom,12,dining table,dining_table,wrong,False,unverifiable
clip,367386,living room,1,sofa,sofa,correct,True,correct
clip,367386,living room,2,recliner,recliner,unverifiable,False,unverifiable
clip,367386,living room,3,bedspread,bedspread,unverifiable,True,unverifiable
clip,367386,living room,4,quilt,quilt,unverifiable,True,unverifiable
clip,367386,living room,5,coffee table,coffee_table,unverifiable,True,unverifiable
clip,367386,living room,6,television set,television_set,wrong,False,unverifiable
clip,367386,living room,7,dining table,dining_table,correct,True,correct
clip,367386,living room,8,cushion,cushion,correct,True,correct
clip,367386,living room,9,armchair,armchair,unverifiable,False,unverifiable
clip,367386,living room,10,painting,painting,correct,True,correct
clip,367386,living room,11,bed,bed,wrong,False,unverifiable
clip,367386,living room,12,blanket,blanket,correct,True,correct
clip,367569,living room,1,sofa,sofa,correct,True,correct
clip,367569,living room,2,television set,television_set,wrong,False,unverifiable
clip,367569,living room,3,armchair,armchair,unverifiable,False,unverifiable
clip,367569,living room,4,table lamp,table_lamp,unverifiable,True,unverifiable
clip,367569,living room,5,recliner,recliner,unverifiable,False,unverifiable
clip,367569,living room,6,lamp,lamp,correct,True,correct
clip,367569,living room,7,coffee table,coffee_table,unverifiable,False,unverifiable
clip,367569,living room,8,bedspread,bedspread,unverifiable,False,unverifiable
clip,367569,living room,9,dining table,dining_table,wrong,False,unverifiable
clip,367569,living room,10,stove,stove,unverifiable,False,unverifiable
clip,367569,living room,11,wall clock,wall_clock,unverifiable,False,unverifiable
clip,367569,living room,12,microwave oven,microwave_oven,wrong,False,unverifiable
clip,368349,bathroom,1,toilet,toilet,correct,True,correct
clip,368349,bathroom,2,bathtub,bathtub,unverifiable,False,unverifiable
clip,368349,bathroom,3,towel,towel,unverifiable,True,unverifiable
clip,368349,bathroom,4,hand towel,hand_towel,unverifiable,True,unverifiable
clip,368349,bathroom,5,sink,sink,correct,True,correct
clip,368349,bathroom,6,toilet tissue,toilet_tissue,unverifiable,False,unverifiable
clip,368349,bathroom,7,bedspread,bedspread,unverifiable,False,unverifiable
clip,368349,bathroom,8,toothbrush,toothbrush,unverifiable,False,unverifiable
clip,368349,bathroom,9,quilt,quilt,unverifiable,False,unverifiable
clip,368349,bathroom,10,curtain,curtain,correct,True,correct
clip,368349,bathroom,11,shower head,shower_head,unverifiable,False,unverifiable
clip,368349,bathroom,12,tissue paper,tissue_paper,unverifiable,False,unverifiable
clip,369373,living room,1,television set,television_set,wrong,False,unverifiable
clip,369373,living room,2,remote control,remote_control,correct,True,unverifiable
clip,369373,living room,3,coffee table,coffee_table,unverifiable,False,unverifiable
clip,369373,living room,4,fan,fan,unverifiable,False,unverifiable
clip,369373,living room,5,crutch,crutch,unverifiable,False,unverifiable
clip,369373,living room,6,recliner,recliner,unverifiable,False,unverifiable
clip,369373,living room,7,sofa,sofa,correct,True,correct
clip,369373,living room,8,heater,heater,unverifiable,False,unverifiable
clip,369373,living room,9,hairbrush,hairbrush,unverifiable,False,unverifiable
clip,369373,living room,10,table,table,unverifiable,False,unverifiable
clip,369373,living room,11,toilet tissue,toilet_tissue,unverifiable,False,unverifiable
clip,369373,living room,12,vase,vase,wrong,False,unverifiable
clip,370818,bathroom,1,bathtub,bathtub,unverifiable,False,unverifiable
clip,370818,bathroom,2,sink,sink,correct,True,unverifiable
clip,370818,bathroom,3,towel,towel,unverifiable,False,unverifiable
clip,370818,bathroom,4,mirror,mirror,correct,True,correct
clip,370818,bathroom,5,toothbrush,toothbrush,unverifiable,False,unverifiable
clip,370818,bathroom,6,hand towel,hand_towel,unverifiable,False,unverifiable
clip,370818,bathroom,7,toilet,toilet,correct,True,correct
clip,370818,bathroom,8,heater,heater,unverifiable,False,unverifiable
clip,370818,bathroom,9,toilet tissue,toilet_tissue,unverifiable,False,unverifiable
clip,370818,bathroom,10,hairbrush,hairbrush,unverifiable,False,unverifiable
clip,370818,bathroom,11,stove,stove,unverifiable,False,unverifiable
clip,370818,bathroom,12,refrigerator,refrigerator,wrong,False,unverifiable
clip,374628,kitchen,1,dining table,dining_table,correct,True,correct
clip,374628,kitchen,2,stove,stove,unverifiable,False,unverifiable
clip,374628,kitchen,3,microwave oven,microwave_oven,correct,True,correct
clip,374628,kitchen,4,table,table,unverifiable,True,unverifiable
clip,374628,kitchen,5,coffee maker,coffee_maker,unverifiable,False,unverifiable
clip,374628,kitchen,6,desk,desk,unverifiable,True,unverifiable
clip,374628,kitchen,7,television set,television_set,wrong,False,unverifiable
clip,374628,kitchen,8,recliner,recliner,unverifiable,False,unverifiable
clip,374628,kitchen,9,refrigerator,refrigerator,correct,True,correct
clip,374628,kitchen,10,chair,chair,correct,True,unverifiable
clip,374628,kitchen,11,remote control,remote_control,unverifiable,False,unverifiable
clip,374628,kitchen,12,kettle,kettle,unverifiable,False,unverifiable
clip,375878,bathroom,1,bathtub,bathtub,correct,True,correct
clip,375878,bathroom,2,toilet,toilet,correct,True,correct
clip,375878,bathroom,3,sink,sink,correct,True,correct
clip,375878,bathroom,4,bedspread,bedspread,unverifiable,False,unverifiable
clip,375878,bathroom,5,toilet tissue,toilet_tissue,unverifiable,False,unverifiable
clip,375878,bathroom,6,bed,bed,wrong,False,unverifiable
clip,375878,bathroom,7,stove,stove,unverifiable,False,unverifiable
clip,375878,bathroom,8,towel,towel,unverifiable,False,unverifiable
clip,375878,bathroom,9,sofa,sofa,wrong,False,unverifiable
clip,375878,bathroom,10,recliner,recliner,unverifiable,False,unverifiable
clip,375878,bathroom,11,shower head,shower_head,unverifiable,False,unverifiable
clip,375878,bathroom,12,wheelchair,wheelchair,unverifiable,False,unverifiable
clip,381330,kitchen,1,banana,banana,correct,True,correct
clip,381330,kitchen,2,apple,apple,wrong,False,unverifiable
clip,381330,kitchen,3,dining table,dining_table,unverifiable,False,unverifiable
clip,381330,kitchen,4,cookie,cookie,unverifiable,False,unverifiable
clip,381330,kitchen,5,orange,orange_(fruit),wrong,False,unverifiable
clip,381330,kitchen,6,remote control,remote_control,unverifiable,False,unverifiable
clip,381330,kitchen,7,spoon,spoon,unverifiable,False,unverifiable
clip,381330,kitchen,8,medicine,medicine,unverifiable,False,unverifiable
clip,381330,kitchen,9,napkin,napkin,unverifiable,False,unverifiable
clip,381330,kitchen,10,sandwich,sandwich,wrong,False,unverifiable
clip,381330,kitchen,11,orange juice,orange_juice,unverifiable,False,unverifiable
clip,381330,kitchen,12,microwave oven,microwave_oven,correct,True,correct
clip,381605,living room,1,pillow,pillow,unverifiable,False,unverifiable
clip,381605,living room,2,cat,cat,correct,True,correct
clip,381605,living room,3,sofa,sofa,correct,True,correct
clip,381605,living room,4,cushion,cushion,unverifiable,False,unverifiable
clip,381605,living room,5,dog,dog,correct,True,correct
clip,381605,living room,6,blanket,blanket,correct,True,correct
clip,381605,living room,7,bread,bread,unverifiable,False,unverifiable
clip,381605,living room,8,sandwich,sandwich,wrong,False,unverifiable
clip,381605,living room,9,heater,heater,unverifiable,False,unverifiable
clip,381605,living room,10,recliner,recliner,unverifiable,False,unverifiable
clip,381605,living room,11,bedspread,bedspread,unverifiable,True,unverifiable
clip,381605,living room,12,quilt,quilt,unverifiable,True,unverifiable
clip,383549,living room,1,coffee table,coffee_table,unverifiable,False,unverifiable
clip,383549,living room,2,television set,television_set,correct,True,correct
clip,383549,living room,3,recliner,recliner,unverifiable,False,unverifiable
clip,383549,living room,4,sofa,sofa,correct,True,correct
clip,383549,living room,5,armchair,armchair,unverifiable,False,unverifiable
clip,383549,living room,6,table,table,unverifiable,False,unverifiable
clip,383549,living room,7,remote control,remote_control,correct,True,correct
clip,383549,living room,8,cushion,cushion,correct,True,correct
clip,383549,living room,9,dining table,dining_table,wrong,False,unverifiable
clip,383549,living room,10,bedspread,bedspread,unverifiable,False,unverifiable
clip,383549,living room,11,blanket,blanket,unverifiable,False,unverifiable
clip,383549,living room,12,chair,chair,correct,True,unverifiable
clip,386799,bathroom,1,bathtub,bathtub,correct,True,correct
clip,386799,bathroom,2,toilet,toilet,wrong,False,unverifiable
clip,386799,bathroom,3,toilet tissue,toilet_tissue,correct,True,correct
clip,386799,bathroom,4,sink,sink,correct,True,correct
clip,386799,bathroom,5,mirror,mirror,unverifiable,False,unverifiable
clip,386799,bathroom,6,shower head,shower_head,unverifiable,False,unverifiable
clip,386799,bathroom,7,towel,towel,unverifiable,True,unverifiable
clip,386799,bathroom,8,curtain,curtain,unverifiable,False,unverifiable
clip,386799,bathroom,9,quilt,quilt,unverifiable,False,unverifiable
clip,386799,bathroom,10,tissue paper,tissue_paper,unverifiable,False,unverifiable
clip,386799,bathroom,11,hand towel,hand_towel,unverifiable,True,unverifiable
clip,386799,bathroom,12,bedspread,bedspread,unverifiable,False,unverifiable
clip,395259,bedroom,1,bed,bed,correct,True,correct
clip,395259,bedroom,2,bedspread,bedspread,unverifiable,True,unverifiable
clip,395259,bedroom,3,desk,desk,unverifiable,False,unverifiable
clip,395259,bedroom,4,pillow,pillow,unverifiable,False,unverifiable
clip,395259,bedroom,5,refrigerator,refrigerator,correct,True,correct
clip,395259,bedroom,6,cushion,cushion,unverifiable,False,unverifiable
clip,395259,bedroom,7,stove,stove,unverifiable,False,unverifiable
clip,395259,bedroom,8,quilt,quilt,unverifiable,True,unverifiable
clip,395259,bedroom,9,table lamp,table_lamp,unverifiable,False,unverifiable
clip,395259,bedroom,10,sofa,sofa,wrong,False,wrong
clip,395259,bedroom,11,towel,towel,unverifiable,False,unverifiable
clip,395259,bedroom,12,television set,television_set,wrong,False,unverifiable
clip,395701,living room,1,recliner,recliner,unverifiable,False,unverifiable
clip,395701,living room,2,television set,television_set,correct,True,correct
clip,395701,living room,3,armchair,armchair,correct,True,correct
clip,395701,living room,4,orange,orange_(fruit),wrong,False,unverifiable
clip,395701,living room,5,sofa,sofa,correct,True,unverifiable
clip,395701,living room,6,chair,chair,correct,True,unverifiable
clip,395701,living room,7,bedspread,bedspread,unverifiable,False,unverifiable
clip,395701,living room,8,orange juice,orange_juice,unverifiable,False,unverifiable
clip,395701,living room,9,quilt,quilt,unverifiable,False,unverifiable
clip,395701,living room,10,wall clock,wall_clock,unverifiable,False,unverifiable
clip,395701,living room,11,coffee table,coffee_table,unverifiable,False,unverifiable
clip,395701,living room,12,painting,painting,unverifiable,False,unverifiable
clip,396526,dining,1,dining table,dining_table,correct,True,correct
clip,396526,dining,2,armchair,armchair,unverifiable,False,unverifiable
clip,396526,dining,3,air conditioner,air_conditioner,unverifiable,False,unverifiable
clip,396526,dining,4,recliner,recliner,unverifiable,False,unverifiable
clip,396526,dining,5,sofa,sofa,wrong,False,unverifiable
clip,396526,dining,6,curtain,curtain,correct,True,correct
clip,396526,dining,7,mirror,mirror,unverifiable,False,unverifiable
clip,396526,dining,8,chair,chair,correct,True,unverifiable
clip,396526,dining,9,microwave oven,microwave_oven,wrong,False,unverifiable
clip,396526,dining,10,walking stick,walking_stick,unverifiable,False,unverifiable
clip,396526,dining,11,stove,stove,unverifiable,False,unverifiable
clip,396526,dining,12,quilt,quilt,unverifiable,False,unverifiable
clip,396691,kitchen,1,dining table,dining_table,wrong,False,unverifiable
clip,396691,kitchen,2,microwave oven,microwave_oven,correct,True,correct
clip,396691,kitchen,3,plate,plate,unverifiable,False,unverifiable
clip,396691,kitchen,4,napkin,napkin,unverifiable,False,unverifiable
clip,396691,kitchen,5,stove,stove,correct,True,correct
clip,396691,kitchen,6,bowl,bowl,wrong,False,unverifiable
clip,396691,kitchen,7,medicine,medicine,unverifiable,False,unverifiable
clip,396691,kitchen,8,pizza,pizza,wrong,False,unverifiable
clip,396691,kitchen,9,bedspread,bedspread,unverifiable,False,unverifiable
clip,396691,kitchen,10,hand towel,hand_towel,unverifiable,False,unverifiable
clip,396691,kitchen,11,spoon,spoon,unverifiable,False,unverifiable
clip,396691,kitchen,12,mirror,mirror,unverifiable,False,unverifiable
clip,397354,kitchen,1,microwave oven,microwave_oven,correct,True,correct
clip,397354,kitchen,2,refrigerator,refrigerator,correct,True,correct
clip,397354,kitchen,3,stove,stove,unverifiable,False,unverifiable
clip,397354,kitchen,4,coffee maker,coffee_maker,unverifiable,False,unverifiable
clip,397354,kitchen,5,television set,television_set,wrong,False,unverifiable
clip,397354,kitchen,6,dining table,dining_table,unverifiable,False,unverifiable
clip,397354,kitchen,7,kettle,kettle,unverifiable,False,unverifiable
clip,397354,kitchen,8,table,table,unverifiable,False,unverifiable
clip,397354,kitchen,9,teapot,teapot,unverifiable,False,unverifiable
clip,397354,kitchen,10,heater,heater,unverifiable,False,unverifiable
clip,397354,kitchen,11,mirror,mirror,unverifiable,False,unverifiable
clip,397354,kitchen,12,fan,fan,unverifiable,False,unverifiable
clip,401060,bedroom,1,cat,cat,correct,True,unverifiable
clip,401060,bedroom,2,bedspread,bedspread,unverifiable,True,unverifiable
clip,401060,bedroom,3,bed,bed,correct,True,correct
clip,401060,bedroom,4,alarm clock,alarm_clock,unverifiable,False,unverifiable
clip,401060,bedroom,5,blanket,blanket,correct,True,correct
clip,401060,bedroom,6,orange,orange_(fruit),wrong,False,unverifiable
clip,401060,bedroom,7,pillow,pillow,unverifiable,False,unverifiable
clip,401060,bedroom,8,cushion,cushion,unverifiable,False,unverifiable
clip,401060,bedroom,9,spoon,spoon,unverifiable,False,unverifiable
clip,401060,bedroom,10,towel,towel,unverifiable,False,unverifiable
clip,401060,bedroom,11,sock,sock,unverifiable,False,unverifiable
clip,401060,bedroom,12,quilt,quilt,unverifiable,True,unverifiable
clip,403114,bathroom,1,toilet,toilet,correct,True,correct
clip,403114,bathroom,2,bathtub,bathtub,correct,True,correct
clip,403114,bathroom,3,sink,sink,correct,True,correct
clip,403114,bathroom,4,toilet tissue,toilet_tissue,unverifiable,False,unverifiable
clip,403114,bathroom,5,bed,bed,wrong,False,unverifiable
clip,403114,bathroom,6,towel,towel,unverifiable,False,unverifiable
clip,403114,bathroom,7,mirror,mirror,unverifiable,False,unverifiable
clip,403114,bathroom,8,shower head,shower_head,correct,True,correct
clip,403114,bathroom,9,hand towel,hand_towel,wrong,False,wrong
clip,403114,bathroom,10,toothbrush,toothbrush,unverifiable,False,unverifiable
clip,403114,bathroom,11,microwave oven,microwave_oven,wrong,False,unverifiable
clip,403114,bathroom,12,refrigerator,refrigerator,wrong,False,unverifiable
clip,404678,dining,1,dining table,dining_table,correct,True,correct
clip,404678,dining,2,table,table,unverifiable,True,unverifiable
clip,404678,dining,3,napkin,napkin,correct,True,correct
clip,404678,dining,4,chair,chair,correct,True,correct
clip,404678,dining,5,recliner,recliner,unverifiable,False,unverifiable
clip,404678,dining,6,fork,fork,unverifiable,False,unverifiable
clip,404678,dining,7,crutch,crutch,unverifiable,False,unverifiable
clip,404678,dining,8,fan,fan,unverifiable,False,unverifiable
clip,404678,dining,9,plate,plate,correct,True,correct
clip,404678,dining,10,coffee table,coffee_table,unverifiable,True,unverifiable
clip,404678,dining,11,mirror,mirror,correct,True,correct
clip,404678,dining,12,wineglass,wineglass,correct,True,unverifiable
clip,407685,living room,1,coffee table,coffee_table,correct,True,correct
clip,407685,living room,2,recliner,recliner,unverifiable,False,unverifiable
clip,407685,living room,3,sofa,sofa,correct,True,unverifiable
clip,407685,living room,4,television set,television_set,wrong,False,unverifiable
clip,407685,living room,5,cushion,cushion,unverifiable,False,unverifiable
clip,407685,living room,6,dining table,dining_table,wrong,True,unverifiable
clip,407685,living room,7,remote control,remote_control,unverifiable,False,unverifiable
clip,407685,living room,8,pillow,pillow,unverifiable,False,unverifiable
clip,407685,living room,9,armchair,armchair,unverifiable,False,unverifiable
clip,407685,living room,10,table,table,unverifiable,True,unverifiable
clip,407685,living room,11,dog,dog,correct,True,unverifiable
clip,407685,living room,12,fan,fan,unverifiable,False,unverifiable
clip,408192,living room,1,television set,television_set,correct,True,correct
clip,408192,living room,2,dining table,dining_table,wrong,False,unverifiable
clip,408192,living room,3,coffee table,coffee_table,unverifiable,False,unverifiable
clip,408192,living room,4,armchair,armchair,correct,True,correct
clip,408192,living room,5,recliner,recliner,unverifiable,False,unverifiable
clip,408192,living room,6,sofa,sofa,correct,True,correct
clip,408192,living room,7,desk,desk,unverifiable,False,unverifiable
clip,408192,living room,8,flower arrangement,flower_arrangement,unverifiable,False,unverifiable
clip,408192,living room,9,stove,stove,unverifiable,False,unverifiable
clip,408192,living room,10,table,table,unverifiable,False,unverifiable
clip,408192,living room,11,bedspread,bedspread,unverifiable,False,unverifiable
clip,408192,living room,12,table lamp,table_lamp,correct,True,correct
clip,410144,kitchen,1,bread,bread,correct,True,correct
clip,410144,kitchen,2,pizza,pizza,correct,True,correct
clip,410144,kitchen,3,sandwich,sandwich,wrong,False,unverifiable
clip,410144,kitchen,4,doughnut,doughnut,wrong,False,unverifiable
clip,410144,kitchen,5,fan,fan,unverifiable,False,unverifiable
clip,410144,kitchen,6,hat,hat,unverifiable,False,unverifiable
clip,410144,kitchen,7,plate,plate,unverifiable,False,unverifiable
clip,410144,kitchen,8,dining table,dining_table,wrong,False,unverifiable
clip,410144,kitchen,9,microwave oven,microwave_oven,wrong,False,unverifiable
clip,410144,kitchen,10,alarm clock,alarm_clock,unverifiable,False,unverifiable
clip,410144,kitchen,11,cookie,cookie,unverifiable,False,unverifiable
clip,410144,kitchen,12,cake,cake,wrong,False,unverifiable
clip,411685,bathroom,1,cat,cat,correct,True,correct
clip,411685,bathroom,2,toilet,toilet,correct,True,correct
clip,411685,bathroom,3,bathtub,bathtub,correct,True,correct
clip,411685,bathroom,4,sink,sink,wrong,False,unverifiable
clip,411685,bathroom,5,toilet tissue,toilet_tissue,unverifiable,False,unverifiable
clip,411685,bathroom,6,dog,dog,wrong,False,unverifiable
clip,411685,bathroom,7,vase,vase,wrong,False,unverifiable
clip,411685,bathroom,8,bowl,bowl,wrong,False,unverifiable
clip,411685,bathroom,9,alarm clock,alarm_clock,unverifiable,False,unverifiable
clip,411685,bathroom,10,toothbrush,toothbrush,unverifiable,False,unverifiable
clip,411685,bathroom,11,cup,cup,wrong,False,unverifiable
clip,411685,bathroom,12,trash can,trash_can,unverifiable,False,unverifiable
clip,415646,bedroom,1,bedspread,bedspread,unverifiable,True,unverifiable
clip,415646,bedroom,2,bed,bed,correct,True,correct
clip,415646,bedroom,3,desk,desk,unverifiable,False,unverifiable
clip,415646,bedroom,4,recliner,recliner,unverifiable,False,unverifiable
clip,415646,bedroom,5,quilt,quilt,unverifiable,True,unverifiable
clip,415646,bedroom,6,fan,fan,unverifiable,False,unverifiable
clip,415646,bedroom,7,blanket,blanket,correct,True,correct
clip,415646,bedroom,8,mirror,mirror,unverifiable,False,unverifiable
clip,415646,bedroom,9,television set,television_set,unverifiable,False,unverifiable
clip,415646,bedroom,10,pillow,pillow,unverifiable,False,unverifiable
clip,415646,bedroom,11,stove,stove,unverifiable,False,unverifiable
clip,415646,bedroom,12,walking stick,walking_stick,unverifiable,False,unverifiable
clip,416575,bedroom,1,table lamp,table_lamp,unverifiable,True,unverifiable
clip,416575,bedroom,2,lamp,lamp,correct,True,correct
clip,416575,bedroom,3,bed,bed,correct,True,correct
clip,416575,bedroom,4,fan,fan,unverifiable,False,unverifiable
clip,416575,bedroom,5,book,book,correct,True,correct
clip,416575,bedroom,6,desk,desk,unverifiable,False,unverifiable
clip,416575,bedroom,7,pillow,pillow,unverifiable,False,unverifiable
clip,416575,bedroom,8,bedspread,bedspread,unverifiable,False,unverifiable
clip,416575,bedroom,9,alarm clock,alarm_clock,unverifiable,False,unverifiable
clip,416575,bedroom,10,heater,heater,unverifiable,False,unverifiable
clip,416575,bedroom,11,air conditioner,air_conditioner,unverifiable,False,unverifiable
clip,416575,bedroom,12,remote control,remote_control,unverifiable,False,unverifiable
clip,422350,kitchen,1,stove,stove,unverifiable,False,unverifiable
clip,422350,kitchen,2,refrigerator,refrigerator,correct,True,correct
clip,422350,kitchen,3,microwave oven,microwave_oven,wrong,False,unverifiable
clip,422350,kitchen,4,sink,sink,correct,True,unverifiable
clip,422350,kitchen,5,dining table,dining_table,wrong,False,unverifiable
clip,422350,kitchen,6,bathtub,bathtub,unverifiable,False,unverifiable
clip,422350,kitchen,7,kettle,kettle,unverifiable,False,unverifiable
clip,422350,kitchen,8,mirror,mirror,unverifiable,False,unverifiable
clip,422350,kitchen,9,teapot,teapot,unverifiable,False,unverifiable
clip,422350,kitchen,10,toilet,toilet,wrong,False,unverifiable
clip,422350,kitchen,11,quilt,quilt,unverifiable,False,unverifiable
clip,422350,kitchen,12,dog,dog,wrong,False,unverifiable
clip,422654,kitchen,1,television set,television_set,correct,True,correct
clip,422654,kitchen,2,desk,desk,unverifiable,True,unverifiable
clip,422654,kitchen,3,microwave oven,microwave_oven,wrong,False,unverifiable
clip,422654,kitchen,4,table,table,unverifiable,True,unverifiable
clip,422654,kitchen,5,dining table,dining_table,unverifiable,True,unverifiable
clip,422654,kitchen,6,refrigerator,refrigerator,correct,True,correct
clip,422654,kitchen,7,recliner,recliner,unverifiable,False,unverifiable
clip,422654,kitchen,8,table lamp,table_lamp,unverifiable,False,unverifiable
clip,422654,kitchen,9,chair,chair,correct,True,unverifiable
clip,422654,kitchen,10,stove,stove,unverifiable,False,unverifiable
clip,422654,kitchen,11,bed,bed,wrong,False,unverifiable
clip,422654,kitchen,12,mirror,mirror,unverifiable,False,unverifiable
clip,427040,bedroom,1,bed,bed,correct,True,correct
clip,427040,bedroom,2,bedspread,bedspread,unverifiable,False,unverifiable
clip,427040,bedroom,3,pillow,pillow,correct,True,correct
clip,427040,bedroom,4,cushion,cushion,unverifiable,True,unverifiable
clip,427040,bedroom,5,alarm clock,alarm_clock,correct,True,correct
clip,427040,bedroom,6,quilt,quilt,unverifiable,False,unverifiable
clip,427040,bedroom,7,sofa,sofa,wrong,False,unverifiable
clip,427040,bedroom,8,fan,fan,unverifiable,False,unverifiable
clip,427040,bedroom,9,blanket,blanket,unverifiable,False,unverifiable
clip,427040,bedroom,10,table lamp,table_lamp,unverifiable,False,unverifiable
clip,427040,bedroom,11,laptop computer,laptop_computer,correct,True,unverifiable
clip,427040,bedroom,12,painting,painting,unverifiable,False,unverifiable
clip,431154,bedroom,1,bedspread,bedspread,unverifiable,True,unverifiable
clip,431154,bedroom,2,bed,bed,correct,True,correct
clip,431154,bedroom,3,blanket,blanket,correct,True,correct
clip,431154,bedroom,4,quilt,quilt,unverifiable,True,unverifiable
clip,431154,bedroom,5,pillow,pillow,correct,True,correct
clip,431154,bedroom,6,cushion,cushion,unverifiable,True,unverifiable
clip,431154,bedroom,7,towel,towel,unverifiable,False,unverifiable
clip,431154,bedroom,8,recliner,recliner,unverifiable,False,unverifiable
clip,431154,bedroom,9,sofa,sofa,wrong,False,unverifiable
clip,431154,bedroom,10,tissue paper,tissue_paper,unverifiable,False,unverifiable
clip,431154,bedroom,11,alarm clock,alarm_clock,unverifiable,False,unverifiable
clip,431154,bedroom,12,book,book,unverifiable,False,unverifiable
clip,434098,bathroom,1,toilet,toilet,correct,True,correct
clip,434098,bathroom,2,bathtub,bathtub,unverifiable,False,unverifiable
clip,434098,bathroom,3,sink,sink,correct,True,unverifiable
clip,434098,bathroom,4,mirror,mirror,unverifiable,False,unverifiable
clip,434098,bathroom,5,toilet tissue,toilet_tissue,unverifiable,False,unverifiable
clip,434098,bathroom,6,painting,painting,unverifiable,False,unverifiable
clip,434098,bathroom,7,quilt,quilt,unverifiable,False,unverifiable
clip,434098,bathroom,8,toothbrush,toothbrush,unverifiable,False,unverifiable
clip,434098,bathroom,9,recliner,recliner,unverifiable,False,unverifiable
clip,434098,bathroom,10,towel,towel,correct,True,correct
clip,434098,bathroom,11,shower head,shower_head,unverifiable,False,unverifiable
clip,434098,bathroom,12,bed,bed,wrong,False,unverifiable
clip,437898,kitchen,1,stove,stove,correct,True,correct
clip,437898,kitchen,2,microwave oven,microwave_oven,wrong,False,unverifiable
clip,437898,kitchen,3,refrigerator,refrigerator,correct,True,correct
clip,437898,kitchen,4,sink,sink,correct,True,unverifiable
clip,437898,kitchen,5,dining table,dining_table,wrong,False,unverifiable
clip,437898,kitchen,6,kettle,kettle,correct,True,correct
clip,437898,kitchen,7,television set,television_set,wrong,False,unverifiable
clip,437898,kitchen,8,coffee maker,coffee_maker,unverifiable,False,unverifiable
clip,437898,kitchen,9,towel,towel,unverifiable,False,unverifiable
clip,437898,kitchen,10,bedspread,bedspread,unverifiable,False,unverifiable
clip,437898,kitchen,11,air conditioner,air_conditioner,unverifiable,False,unverifiable
clip,437898,kitchen,12,table,table,unverifiable,False,unverifiable
clip,438314,bedroom,1,bedspread,bedspread,unverifiable,False,unverifiable
clip,438314,bedroom,2,bed,bed,correct,True,correct
clip,438314,bedroom,3,quilt,quilt,unverifiable,False,unverifiable
clip,438314,bedroom,4,blanket,blanket,unverifiable,False,unverifiable
clip,438314,bedroom,5,recliner,recliner,unverifiable,False,unverifiable
clip,438314,bedroom,6,pillow,pillow,correct,True,correct
clip,438314,bedroom,7,sofa,sofa,wrong,False,unverifiable
clip,438314,bedroom,8,cushion,cushion,unverifiable,True,unverifiable
clip,438314,bedroom,9,dining table,dining_table,wrong,False,unverifiable
clip,438314,bedroom,10,alarm clock,alarm_clock,unverifiable,False,unverifiable
clip,438314,bedroom,11,coffee table,coffee_table,unverifiable,False,unverifiable
clip,438314,bedroom,12,desk,desk,unverifiable,False,unverifiable
clip,439364,bathroom,1,toilet,toilet,correct,True,correct
clip,439364,bathroom,2,cat,cat,correct,True,correct
clip,439364,bathroom,3,bathtub,bathtub,unverifiable,False,unverifiable
clip,439364,bathroom,4,toilet tissue,toilet_tissue,correct,True,correct
clip,439364,bathroom,5,sink,sink,wrong,False,unverifiable
clip,439364,bathroom,6,trash can,trash_can,unverifiable,False,unverifiable
clip,439364,bathroom,7,vase,vase,wrong,False,unverifiable
clip,439364,bathroom,8,dining table,dining_table,wrong,False,unverifiable
clip,439364,bathroom,9,dog,dog,correct,True,unverifiable
clip,439364,bathroom,10,recliner,recliner,unverifiable,False,unverifiable
clip,439364,bathroom,11,alarm clock,alarm_clock,unverifiable,False,unverifiable
clip,439364,bathroom,12,bowl,bowl,wrong,False,unverifiable
clip,439689,living room,1,sofa,sofa,correct,True,correct
clip,439689,living room,2,quilt,quilt,unverifiable,True,unverifiable
clip,439689,living room,3,coffee table,coffee_table,correct,True,correct
clip,439689,living room,4,bedspread,bedspread,unverifiable,True,unverifiable
clip,439689,living room,5,recliner,recliner,unverifiable,False,unverifiable
clip,439689,living room,6,cushion,cushion,correct,True,correct
clip,439689,living room,7,mirror,mirror,unverifiable,False,unverifiable
clip,439689,living room,8,armchair,armchair,unverifiable,False,unverifiable
clip,439689,living room,9,painting,painting,unverifiable,False,unverifiable
clip,439689,living room,10,dining table,dining_table,wrong,True,unverifiable
clip,439689,living room,11,blanket,blanket,correct,True,correct
clip,439689,living room,12,curtain,curtain,unverifiable,False,unverifiable
clip,445306,kitchen,1,microwave oven,microwave_oven,correct,True,correct
clip,445306,kitchen,2,stove,stove,unverifiable,False,unverifiable
clip,445306,kitchen,3,refrigerator,refrigerator,wrong,False,unverifiable
clip,445306,kitchen,4,heater,heater,unverifiable,False,unverifiable
clip,445306,kitchen,5,kettle,kettle,unverifiable,False,unverifiable
clip,445306,kitchen,6,air conditioner,air_conditioner,unverifiable,False,unverifiable
clip,445306,kitchen,7,radio receiver,radio_receiver,unverifiable,False,unverifiable
clip,445306,kitchen,8,coffee maker,coffee_maker,unverifiable,False,unverifiable
clip,445306,kitchen,9,fan,fan,unverifiable,False,unverifiable
clip,445306,kitchen,10,dining table,dining_table,wrong,False,unverifiable
clip,445306,kitchen,11,television set,television_set,wrong,False,unverifiable
clip,445306,kitchen,12,mirror,mirror,unverifiable,False,unverifiable
clip,445658,kitchen,1,stove,stove,correct,True,correct
clip,445658,kitchen,2,microwave oven,microwave_oven,correct,True,correct
clip,445658,kitchen,3,refrigerator,refrigerator,correct,True,correct
clip,445658,kitchen,4,coffee maker,coffee_maker,unverifiable,False,unverifiable
clip,445658,kitchen,5,dining table,dining_table,wrong,False,unverifiable
clip,445658,kitchen,6,kettle,kettle,unverifiable,False,unverifiable
clip,445658,kitchen,7,sink,sink,correct,True,unverifiable
clip,445658,kitchen,8,mirror,mirror,unverifiable,False,unverifiable
clip,445658,kitchen,9,table,table,unverifiable,False,unverifiable
clip,445658,kitchen,10,cookie,cookie,unverifiable,False,unverifiable
clip,445658,kitchen,11,teapot,teapot,unverifiable,False,unverifiable
clip,445658,kitchen,12,heater,heater,unverifiable,False,unverifiable
clip,448795,kitchen,1,dining table,dining_table,unverifiable,True,unverifiable
clip,448795,kitchen,2,stove,stove,correct,True,correct
clip,448795,kitchen,3,table,table,correct,True,correct
clip,448795,kitchen,4,microwave oven,microwave_oven,wrong,False,unverifiable
clip,448795,kitchen,5,chair,chair,correct,True,unverifiable
clip,448795,kitchen,6,refrigerator,refrigerator,wrong,False,unverifiable
clip,448795,kitchen,7,bedspread,bedspread,unverifiable,False,unverifiable
clip,448795,kitchen,8,desk,desk,unverifiable,True,unverifiable
clip,448795,kitchen,9,recliner,recliner,unverifiable,False,unverifiable
clip,448795,kitchen,10,sink,sink,wrong,False,unverifiable
clip,448795,kitchen,11,bathtub,bathtub,unverifiable,False,unverifiable
clip,448795,kitchen,12,armchair,armchair,unverifiable,False,unverifiable
clip,453302,kitchen,1,microwave oven,microwave_oven,correct,True,correct
clip,453302,kitchen,2,stove,stove,unverifiable,False,unverifiable
clip,453302,kitchen,3,kettle,kettle,unverifiable,False,unverifiable
clip,453302,kitchen,4,refrigerator,refrigerator,correct,True,correct
clip,453302,kitchen,5,coffee maker,coffee_maker,unverifiable,False,unverifiable
clip,453302,kitchen,6,toilet,toilet,wrong,False,unverifiable
clip,453302,kitchen,7,heater,heater,unverifiable,False,unverifiable
clip,453302,kitchen,8,desk,desk,unverifiable,False,unverifiable
clip,453302,kitchen,9,wheelchair,wheelchair,unverifiable,False,unverifiable
clip,453302,kitchen,10,milk,milk,unverifiable,False,unverifiable
clip,453302,kitchen,11,dining table,dining_table,wrong,False,unverifiable
clip,453302,kitchen,12,table,table,unverifiable,False,unverifiable
clip,453341,living room,1,recliner,recliner,unverifiable,False,unverifiable
clip,453341,living room,2,television set,television_set,unverifiable,False,unverifiable
clip,453341,living room,3,mirror,mirror,correct,True,correct
clip,453341,living room,4,coffee table,coffee_table,unverifiable,False,unverifiable
clip,453341,living room,5,fan,fan,unverifiable,False,unverifiable
clip,453341,living room,6,desk,desk,unverifiable,False,unverifiable
clip,453341,living room,7,sofa,sofa,correct,True,correct
clip,453341,living room,8,refrigerator,refrigerator,wrong,False,unverifiable
clip,453341,living room,9,quilt,quilt,unverifiable,False,unverifiable
clip,453341,living room,10,bedspread,bedspread,unverifiable,False,unverifiable
clip,453341,living room,11,remote control,remote_control,unverifiable,False,unverifiable
clip,453341,living room,12,bed,bed,wrong,False,unverifiable
clip,455301,bedroom,1,alarm clock,alarm_clock,unverifiable,False,unverifiable
clip,455301,bedroom,2,bed,bed,correct,True,correct
clip,455301,bedroom,3,pillow,pillow,correct,True,correct
clip,455301,bedroom,4,book,book,correct,True,correct
clip,455301,bedroom,5,medicine,medicine,unverifiable,False,unverifiable
clip,455301,bedroom,6,spoon,spoon,unverifiable,False,unverifiable
clip,455301,bedroom,7,cushion,cushion,unverifiable,True,unverifiable
clip,455301,bedroom,8,blanket,blanket,unverifiable,False,unverifiable
clip,455301,bedroom,9,spectacles,spectacles,unverifiable,False,unverifiable
clip,455301,bedroom,10,mirror,mirror,unverifiable,False,unverifiable
clip,455301,bedroom,11,crutch,crutch,unverifiable,False,unverifiable
clip,455301,bedroom,12,fan,fan,unverifiable,False,unverifiable
clip,458410,living room,1,television set,television_set,correct,True,correct
clip,458410,living room,2,sofa,sofa,correct,True,unverifiable
clip,458410,living room,3,coffee table,coffee_table,correct,True,correct
clip,458410,living room,4,bedspread,bedspread,unverifiable,False,unverifiable
clip,458410,living room,5,recliner,recliner,unverifiable,False,unverifiable
clip,458410,living room,6,bathtub,bathtub,unverifiable,False,unverifiable
clip,458410,living room,7,armchair,armchair,unverifiable,False,unverifiable
clip,458410,living room,8,dining table,dining_table,unverifiable,True,unverifiable
clip,458410,living room,9,refrigerator,refrigerator,wrong,False,unverifiable
clip,458410,living room,10,desk,desk,unverifiable,True,unverifiable
clip,458410,living room,11,toilet,toilet,wrong,False,unverifiable
clip,458410,living room,12,microwave oven,microwave_oven,wrong,False,unverifiable
clip,460494,dining,1,plate,plate,correct,True,correct
clip,460494,dining,2,microwave oven,microwave_oven,wrong,False,unverifiable
clip,460494,dining,3,dining table,dining_table,correct,True,correct
clip,460494,dining,4,napkin,napkin,unverifiable,False,unverifiable
clip,460494,dining,5,stove,stove,unverifiable,False,unverifiable
clip,460494,dining,6,table,table,unverifiable,True,unverifiable
clip,460494,dining,7,fork,fork,correct,True,unverifiable
clip,460494,dining,8,bowl,bowl,correct,True,correct
clip,460494,dining,9,pillow,pillow,unverifiable,False,unverifiable
clip,460494,dining,10,bedspread,bedspread,unverifiable,False,unverifiable
clip,460494,dining,11,spoon,spoon,unverifiable,False,unverifiable
clip,460494,dining,12,refrigerator,refrigerator,wrong,False,unverifiable
clip,461172,dining,1,bowl,bowl,correct,True,correct
clip,461172,dining,2,dining table,dining_table,correct,True,correct
clip,461172,dining,3,plate,plate,unverifiable,False,unverifiable
clip,461172,dining,4,medicine,medicine,unverifiable,False,unverifiable
clip,461172,dining,5,table,table,unverifiable,True,unverifiable
clip,461172,dining,6,flower arrangement,flower_arrangement,unverifiable,False,unverifiable
clip,461172,dining,7,spoon,spoon,unverifiable,False,unverifiable
clip,461172,dining,8,stove,stove,unverifiable,False,unverifiable
clip,461172,dining,9,microwave oven,microwave_oven,wrong,False,unverifiable
clip,461172,dining,10,coffee table,coffee_table,unverifiable,True,unverifiable
clip,461172,dining,11,refrigerator,refrigerator,wrong,False,unverifiable
clip,461172,dining,12,desk,desk,unverifiable,True,unverifiable
clip,466256,dining,1,plate,plate,correct,True,correct
clip,466256,dining,2,dining table,dining_table,correct,True,correct
clip,466256,dining,3,fork,fork,correct,True,correct
clip,466256,dining,4,microwave oven,microwave_oven,wrong,False,unverifiable
clip,466256,dining,5,napkin,napkin,unverifiable,False,unverifiable
clip,466256,dining,6,table,table,unverifiable,True,unverifiable
clip,466256,dining,7,stove,stove,unverifiable,False,unverifiable
clip,466256,dining,8,spoon,spoon,unverifiable,False,unverifiable
clip,466256,dining,9,sandwich,sandwich,wrong,False,unverifiable
clip,466256,dining,10,bowl,bowl,wrong,False,unverifiable
clip,466256,dining,11,bedspread,bedspread,unverifiable,False,unverifiable
clip,466256,dining,12,knife,knife,unverifiable,False,unverifiable
clip,467315,dining,1,flower arrangement,flower_arrangement,correct,True,correct
clip,467315,dining,2,vase,vase,correct,True,correct
clip,467315,dining,3,table lamp,table_lamp,unverifiable,False,unverifiable
clip,467315,dining,4,coffee table,coffee_table,unverifiable,True,unverifiable
clip,467315,dining,5,dining table,dining_table,correct,True,correct
clip,467315,dining,6,table,table,unverifiable,True,unverifiable
clip,467315,dining,7,lamp,lamp,unverifiable,False,unverifiable
clip,467315,dining,8,television set,television_set,wrong,False,unverifiable
clip,467315,dining,9,chair,chair,correct,True,correct
clip,467315,dining,10,trash can,trash_can,unverifiable,False,unverifiable
clip,467315,dining,11,recliner,recliner,unverifiable,False,unverifiable
clip,467315,dining,12,mirror,mirror,unverifiable,False,unverifiable
clip,468422,kitchen,1,microwave oven,microwave_oven,correct,True,correct
clip,468422,kitchen,2,coffee maker,coffee_maker,unverifiable,False,unverifiable
clip,468422,kitchen,3,stove,stove,unverifiable,False,unverifiable
clip,468422,kitchen,4,mirror,mirror,unverifiable,False,unverifiable
clip,468422,kitchen,5,kettle,kettle,unverifiable,False,unverifiable
clip,468422,kitchen,6,mug,mug,correct,True,correct
clip,468422,kitchen,7,cup,cup,unverifiable,True,unverifiable
clip,468422,kitchen,8,alarm clock,alarm_clock,unverifiable,True,unverifiable
clip,468422,kitchen,9,napkin,napkin,unverifiable,False,unverifiable
clip,468422,kitchen,10,refrigerator,refrigerator,wrong,False,unverifiable
clip,468422,kitchen,11,clock,clock,correct,True,correct
clip,468422,kitchen,12,wineglass,wineglass,wrong,True,unverifiable
clip,468505,dining,1,dining table,dining_table,correct,True,correct
clip,468505,dining,2,table,table,correct,True,correct
clip,468505,dining,3,chair,chair,wrong,False,unverifiable
clip,468505,dining,4,cushion,cushion,unverifiable,False,unverifiable
clip,468505,dining,5,desk,desk,unverifiable,True,unverifiable
clip,468505,dining,6,sofa,sofa,correct,True,unverifiable
clip,468505,dining,7,napkin,napkin,correct,True,correct
clip,468505,dining,8,sandwich,sandwich,wrong,False,unverifiable
clip,468505,dining,9,jacket,jacket,correct,True,correct
clip,468505,dining,10,bed,bed,wrong,False,unverifiable
clip,468505,dining,11,armchair,armchair,unverifiable,False,unverifiable
clip,468505,dining,12,fan,fan,unverifiable,False,unverifiable
clip,468659,living room,1,armchair,armchair,unverifiable,False,unverifiable
clip,468659,living room,2,cushion,cushion,correct,True,correct
clip,468659,living room,3,sofa,sofa,correct,True,correct
clip,468659,living room,4,recliner,recliner,unverifiable,False,unverifiable
clip,468659,living room,5,pillow,pillow,unverifiable,True,unverifiable
clip,468659,living room,6,remote control,remote_control,unverifiable,False,unverifiable
clip,468659,living room,7,chair,chair,wrong,False,unverifiable
clip,468659,living room,8,coffee table,coffee_table,unverifiable,False,unverifiable
clip,468659,living room,9,blanket,blanket,correct,True,correct
clip,468659,living room,10,television set,television_set,wrong,False,unverifiable
clip,468659,living room,11,bedspread,bedspread,unverifiable,True,unverifiable
clip,468659,living room,12,table lamp,table_lamp,unverifiable,False,unverifiable
clip,469795,bathroom,1,bathtub,bathtub,correct,True,correct
clip,469795,bathroom,2,toilet,toilet,wrong,False,unverifiable
clip,469795,bathroom,3,sink,sink,correct,True,correct
clip,469795,bathroom,4,towel,towel,correct,True,correct
clip,469795,bathroom,5,shower head,shower_head,correct,True,correct
clip,469795,bathroom,6,mirror,mirror,unverifiable,False,unverifiable
clip,469795,bathroom,7,toilet tissue,toilet_tissue,unverifiable,False,unverifiable
clip,469795,bathroom,8,toothbrush,toothbrush,unverifiable,False,unverifiable
clip,469795,bathroom,9,bed,bed,wrong,False,unverifiable
clip,469795,bathroom,10,hand towel,hand_towel,unverifiable,True,unverifiable
clip,469795,bathroom,11,soap,soap,correct,True,correct
clip,469795,bathroom,12,refrigerator,refrigerator,wrong,False,unverifiable
clip,469902,bedroom,1,bedspread,bedspread,unverifiable,False,unverifiable
clip,469902,bedroom,2,bed,bed,correct,True,correct
clip,469902,bedroom,3,cat,cat,correct,True,correct
clip,469902,bedroom,4,cushion,cushion,unverifiable,True,unverifiable
clip,469902,bedroom,5,pillow,pillow,correct,True,correct
clip,469902,bedroom,6,blanket,blanket,unverifiable,False,unverifiable
clip,469902,bedroom,7,quilt,quilt,unverifiable,False,unverifiable
clip,469902,bedroom,8,sofa,sofa,wrong,False,unverifiable
clip,469902,bedroom,9,milk,milk,unverifiable,False,unverifiable
clip,469902,bedroom,10,alarm clock,alarm_clock,unverifiable,False,unverifiable
clip,469902,bedroom,11,towel,towel,unverifiable,False,unverifiable
clip,469902,bedroom,12,tissue paper,tissue_paper,unverifiable,False,unverifiable
clip,472046,kitchen,1,dining table,dining_table,unverifiable,False,unverifiable
clip,472046,kitchen,2,stove,stove,correct,True,correct
clip,472046,kitchen,3,microwave oven,microwave_oven,wrong,False,unverifiable
clip,472046,kitchen,4,remote control,remote_control,unverifiable,False,unverifiable
clip,472046,kitchen,5,television set,television_set,wrong,False,unverifiable
clip,472046,kitchen,6,table,table,unverifiable,False,unverifiable
clip,472046,kitchen,7,towel,towel,unverifiable,False,unverifiable
clip,472046,kitchen,8,refrigerator,refrigerator,wrong,False,unverifiable
clip,472046,kitchen,9,coffee table,coffee_table,unverifiable,False,unverifiable
clip,472046,kitchen,10,sofa,sofa,correct,True,correct
clip,472046,kitchen,11,heater,heater,unverifiable,False,unverifiable
clip,472046,kitchen,12,lamp,lamp,unverifiable,False,unverifiable
clip,473294,bedroom,1,bed,bed,correct,True,correct
clip,473294,bedroom,2,desk,desk,unverifiable,False,unverifiable
clip,473294,bedroom,3,bedspread,bedspread,correct,True,correct
clip,473294,bedroom,4,chair,chair,correct,True,unverifiable
clip,473294,bedroom,5,wall clock,wall_clock,unverifiable,False,unverifiable
clip,473294,bedroom,6,armchair,armchair,unverifiable,False,unverifiable
clip,473294,bedroom,7,telephone,telephone,unverifiable,False,unverifiable
clip,473294,bedroom,8,television set,television_set,wrong,False,unverifiable
clip,473294,bedroom,9,kettle,kettle,unverifiable,False,unverifiable
clip,473294,bedroom,10,dining table,dining_table,wrong,False,unverifiable
clip,473294,bedroom,11,toilet,toilet,wrong,False,unverifiable
clip,473294,bedroom,12,quilt,quilt,unverifiable,True,unverifiable
clip,473821,living room,1,mirror,mirror,correct,True,correct
clip,473821,living room,2,sofa,sofa,correct,True,unverifiable
clip,473821,living room,3,armchair,armchair,unverifiable,False,unverifiable
clip,473821,living room,4,recliner,recliner,unverifiable,False,unverifiable
clip,473821,living room,5,table lamp,table_lamp,unverifiable,False,unverifiable
clip,473821,living room,6,television set,television_set,wrong,False,unverifiable
clip,473821,living room,7,cushion,cushion,unverifiable,True,unverifiable
clip,473821,living room,8,coffee table,coffee_table,correct,True,correct
clip,473821,living room,9,bed,bed,wrong,False,unverifiable
clip,473821,living room,10,pillow,pillow,correct,True,correct
clip,473821,living room,11,wall clock,wall_clock,unverifiable,False,unverifiable
clip,473821,living room,12,painting,painting,unverifiable,False,unverifiable
clip,479360,bedroom,1,bed,bed,correct,True,correct
clip,479360,bedroom,2,bedspread,bedspread,unverifiable,True,unverifiable
clip,479360,bedroom,3,quilt,quilt,unverifiable,True,unverifiable
clip,479360,bedroom,4,pillow,pillow,correct,True,correct
clip,479360,bedroom,5,recliner,recliner,unverifiable,False,unverifiable
clip,479360,bedroom,6,walking stick,walking_stick,unverifiable,False,unverifiable
clip,479360,bedroom,7,crutch,crutch,unverifiable,False,unverifiable
clip,479360,bedroom,8,table lamp,table_lamp,unverifiable,False,unverifiable
clip,479360,bedroom,9,alarm clock,alarm_clock,unverifiable,False,unverifiable
clip,479360,bedroom,10,blanket,blanket,correct,True,correct
clip,479360,bedroom,11,flower arrangement,flower_arrangement,unverifiable,False,unverifiable
clip,479360,bedroom,12,cushion,cushion,unverifiable,True,unverifiable
clip,480712,bedroom,1,bed,bed,correct,True,correct
clip,480712,bedroom,2,bedspread,bedspread,unverifiable,False,unverifiable
clip,480712,bedroom,3,pillow,pillow,correct,True,correct
clip,480712,bedroom,4,quilt,quilt,unverifiable,False,unverifiable
clip,480712,bedroom,5,blanket,blanket,unverifiable,False,unverifiable
clip,480712,bedroom,6,chair,chair,correct,True,unverifiable
clip,480712,bedroom,7,recliner,recliner,unverifiable,False,unverifiable
clip,480712,bedroom,8,alarm clock,alarm_clock,unverifiable,False,unverifiable
clip,480712,bedroom,9,desk,desk,unverifiable,False,unverifiable
clip,480712,bedroom,10,spoon,spoon,unverifiable,False,unverifiable
clip,480712,bedroom,11,cushion,cushion,unverifiable,True,unverifiable
clip,480712,bedroom,12,crutch,crutch,unverifiable,False,unverifiable
clip,481819,living room,1,remote control,remote_control,correct,True,unverifiable
clip,481819,living room,2,fan,fan,unverifiable,False,unverifiable
clip,481819,living room,3,mirror,mirror,unverifiable,False,unverifiable
clip,481819,living room,4,television set,television_set,wrong,False,unverifiable
clip,481819,living room,5,sofa,sofa,correct,True,correct
clip,481819,living room,6,sweater,sweater,unverifiable,False,unverifiable
clip,481819,living room,7,refrigerator,refrigerator,wrong,False,unverifiable
clip,481819,living room,8,bedspread,bedspread,unverifiable,False,unverifiable
clip,481819,living room,9,crutch,crutch,unverifiable,False,unverifiable
clip,481819,living room,10,alarm clock,alarm_clock,unverifiable,False,unverifiable
clip,481819,living room,11,hairbrush,hairbrush,unverifiable,False,unverifiable
clip,481819,living room,12,painting,painting,correct,True,correct
clip,485628,bathroom,1,bathtub,bathtub,correct,True,correct
clip,485628,bathroom,2,sink,sink,correct,True,correct
clip,485628,bathroom,3,toilet,toilet,correct,True,correct
clip,485628,bathroom,4,dining table,dining_table,wrong,False,unverifiable
clip,485628,bathroom,5,recliner,recliner,unverifiable,False,unverifiable
clip,485628,bathroom,6,bed,bed,wrong,False,unverifiable
clip,485628,bathroom,7,desk,desk,unverifiable,False,unverifiable
clip,485628,bathroom,8,toilet tissue,toilet_tissue,unverifiable,False,unverifiable
clip,485628,bathroom,9,sofa,sofa,wrong,False,unverifiable
clip,485628,bathroom,10,stove,stove,unverifiable,False,unverifiable
clip,485628,bathroom,11,table,table,unverifiable,False,unverifiable
clip,485628,bathroom,12,coffee table,coffee_table,unverifiable,False,unverifiable
clip,487583,bathroom,1,cookie,cookie,correct,True,correct
clip,487583,bathroom,2,toilet,toilet,correct,True,correct
clip,487583,bathroom,3,table,table,unverifiable,False,unverifiable
clip,487583,bathroom,4,chair,chair,wrong,False,unverifiable
clip,487583,bathroom,5,dining table,dining_table,wrong,False,unverifiable
clip,487583,bathroom,6,coffee table,coffee_table,unverifiable,False,unverifiable
clip,487583,bathroom,7,cup,cup,unverifiable,True,unverifiable
clip,487583,bathroom,8,desk,desk,unverifiable,False,unverifiable
clip,487583,bathroom,9,trash can,trash_can,unverifiable,False,unverifiable
clip,487583,bathroom,10,plate,plate,unverifiable,False,unverifiable
clip,487583,bathroom,11,mug,mug,correct,True,correct
clip,487583,bathroom,12,doughnut,doughnut,wrong,False,unverifiable
clip,490505,kitchen,1,flower arrangement,flower_arrangement,correct,True,correct
clip,490505,kitchen,2,vase,vase,correct,True,correct
clip,490505,kitchen,3,tissue paper,tissue_paper,unverifiable,False,unverifiable
clip,490505,kitchen,4,bedspread,bedspread,unverifiable,False,unverifiable
clip,490505,kitchen,5,dining table,dining_table,unverifiable,False,unverifiable
clip,490505,kitchen,6,napkin,napkin,unverifiable,False,unverifiable
clip,490505,kitchen,7,quilt,quilt,unverifiable,False,unverifiable
clip,490505,kitchen,8,toilet tissue,toilet_tissue,unverifiable,False,unverifiable
clip,490505,kitchen,9,sink,sink,wrong,False,unverifiable
clip,490505,kitchen,10,desk,desk,unverifiable,False,unverifiable
clip,490505,kitchen,11,cake,cake,wrong,False,wrong
clip,490505,kitchen,12,newspaper,newspaper,wrong,False,wrong
clip,491063,bathroom,1,bathtub,bathtub,correct,True,correct
clip,491063,bathroom,2,shower head,shower_head,correct,True,correct
clip,491063,bathroom,3,toilet,toilet,correct,True,correct
clip,491063,bathroom,4,sink,sink,correct,True,unverifiable
clip,491063,bathroom,5,towel,towel,unverifiable,False,unverifiable
clip,491063,bathroom,6,bed,bed,wrong,False,unverifiable
clip,491063,bathroom,7,bedspread,bedspread,unverifiable,False,unverifiable
clip,491063,bathroom,8,toilet tissue,toilet_tissue,unverifiable,False,unverifiable
clip,491063,bathroom,9,microwave oven,microwave_oven,wrong,False,unverifiable
clip,491063,bathroom,10,refrigerator,refrigerator,wrong,False,unverifiable
clip,491063,bathroom,11,wheelchair,wheelchair,unverifiable,False,unverifiable
clip,491063,bathroom,12,crutch,crutch,unverifiable,False,unverifiable
clip,491216,kitchen,1,stove,stove,unverifiable,False,unverifiable
clip,491216,kitchen,2,refrigerator,refrigerator,correct,True,correct
clip,491216,kitchen,3,cat,cat,correct,True,unverifiable
clip,491216,kitchen,4,microwave oven,microwave_oven,wrong,False,unverifiable
clip,491216,kitchen,5,dining table,dining_table,wrong,False,unverifiable
clip,491216,kitchen,6,curtain,curtain,unverifiable,False,unverifiable
clip,491216,kitchen,7,quilt,quilt,unverifiable,False,unverifiable
clip,491216,kitchen,8,coffee maker,coffee_maker,unverifiable,False,unverifiable
clip,491216,kitchen,9,kettle,kettle,unverifiable,False,unverifiable
clip,491216,kitchen,10,bedspread,bedspread,unverifiable,False,unverifiable
clip,491216,kitchen,11,fork,fork,unverifiable,False,unverifiable
clip,491216,kitchen,12,spoon,spoon,correct,True,unverifiable
clip,491497,living room,1,recliner,recliner,unverifiable,False,unverifiable
clip,491497,living room,2,television set,television_set,correct,True,correct
clip,491497,living room,3,bedspread,bedspread,unverifiable,False,unverifiable
clip,491497,living room,4,armchair,armchair,unverifiable,False,unverifiable
clip,491497,living room,5,bed,bed,wrong,False,unverifiable
clip,491497,living room,6,pillow,pillow,correct,True,correct
clip,491497,living room,7,quilt,quilt,unverifiable,False,unverifiable
clip,491497,living room,8,cushion,cushion,unverifiable,True,unverifiable
clip,491497,living room,9,sofa,sofa,correct,True,unverifiable
clip,491497,living room,10,remote control,remote_control,unverifiable,False,unverifiable
clip,491497,living room,11,alarm clock,alarm_clock,unverifiable,False,unverifiable
clip,491497,living room,12,microwave oven,microwave_oven,wrong,False,unverifiable
clip,491742,bathroom,1,toilet,toilet,correct,True,correct
clip,491742,bathroom,2,bathtub,bathtub,correct,True,correct
clip,491742,bathroom,3,sink,sink,correct,True,correct
clip,491742,bathroom,4,toilet tissue,toilet_tissue,unverifiable,False,unverifiable
clip,491742,bathroom,5,wheelchair,wheelchair,unverifiable,False,unverifiable
clip,491742,bathroom,6,mirror,mirror,unverifiable,False,unverifiable
clip,491742,bathroom,7,telephone,telephone,unverifiable,False,unverifiable
clip,491742,bathroom,8,recliner,recliner,unverifiable,False,unverifiable
clip,491742,bathroom,9,bed,bed,wrong,False,unverifiable
clip,491742,bathroom,10,desk,desk,unverifiable,False,unverifiable
clip,491742,bathroom,11,stove,stove,unverifiable,False,unverifiable
clip,491742,bathroom,12,chair,chair,wrong,False,unverifiable
clip,492183,kitchen,1,refrigerator,refrigerator,correct,True,correct
clip,492183,kitchen,2,microwave oven,microwave_oven,wrong,False,unverifiable
clip,492183,kitchen,3,television set,television_set,wrong,False,unverifiable
clip,492183,kitchen,4,air conditioner,air_conditioner,unverifiable,False,unverifiable
clip,492183,kitchen,5,desk,desk,unverifiable,False,unverifiable
clip,492183,kitchen,6,milk,milk,unverifiable,False,unverifiable
clip,492183,kitchen,7,radio receiver,radio_receiver,unverifiable,False,unverifiable
clip,492183,kitchen,8,coffee table,coffee_table,unverifiable,False,unverifiable
clip,492183,kitchen,9,stove,stove,unverifiable,False,unverifiable
clip,492183,kitchen,10,laptop computer,laptop_computer,wrong,False,unverifiable
clip,492183,kitchen,11,recliner,recliner,unverifiable,False,unverifiable
clip,492183,kitchen,12,bottle,bottle,correct,True,unverifiable
clip,492719,bathroom,1,bathtub,bathtub,correct,True,correct
clip,492719,bathroom,2,sink,sink,correct,True,correct
clip,492719,bathroom,3,toilet,toilet,correct,True,correct
clip,492719,bathroom,4,toilet tissue,toilet_tissue,unverifiable,False,unverifiable
clip,492719,bathroom,5,bedspread,bedspread,unverifiable,False,unverifiable
clip,492719,bathroom,6,recliner,recliner,unverifiable,False,unverifiable
clip,492719,bathroom,7,microwave oven,microwave_oven,wrong,False,unverifiable
clip,492719,bathroom,8,towel,towel,unverifiable,False,unverifiable
clip,492719,bathroom,9,toothbrush,toothbrush,unverifiable,False,unverifiable
clip,492719,bathroom,10,shower head,shower_head,unverifiable,False,unverifiable
clip,492719,bathroom,11,hand towel,hand_towel,unverifiable,False,unverifiable
clip,492719,bathroom,12,vase,vase,wrong,False,unverifiable
clip,492810,kitchen,1,dining table,dining_table,wrong,False,unverifiable
clip,492810,kitchen,2,cat,cat,correct,True,unverifiable
clip,492810,kitchen,3,stove,stove,unverifiable,False,unverifiable
clip,492810,kitchen,4,refrigerator,refrigerator,correct,True,correct
clip,492810,kitchen,5,quilt,quilt,unverifiable,False,unverifiable
clip,492810,kitchen,6,table,table,unverifiable,False,unverifiable
clip,492810,kitchen,7,microwave oven,microwave_oven,wrong,False,unverifiable
clip,492810,kitchen,8,sink,sink,wrong,False,unverifiable
clip,492810,kitchen,9,television set,television_set,wrong,False,unverifiable
clip,492810,kitchen,10,heater,heater,unverifiable,False,unverifiable
clip,492810,kitchen,11,coffee table,coffee_table,unverifiable,False,unverifiable
clip,492810,kitchen,12,banana,banana,correct,True,correct
clip,493114,living room,1,television set,television_set,correct,True,correct
clip,493114,living room,2,coffee table,coffee_table,unverifiable,False,unverifiable
clip,493114,living room,3,dining table,dining_table,wrong,False,unverifiable
clip,493114,living room,4,table,table,unverifiable,False,unverifiable
clip,493114,living room,5,cake,cake,correct,True,correct
clip,493114,living room,6,sofa,sofa,wrong,False,unverifiable
clip,493114,living room,7,refrigerator,refrigerator,wrong,False,unverifiable
clip,493114,living room,8,recliner,recliner,unverifiable,False,unverifiable
clip,493114,living room,9,microwave oven,microwave_oven,wrong,False,unverifiable
clip,493114,living room,10,remote control,remote_control,unverifiable,False,unverifiable
clip,493114,living room,11,fan,fan,unverifiable,False,unverifiable
clip,493114,living room,12,chair,chair,correct,True,correct
clip,497626,bedroom,1,bedspread,bedspread,unverifiable,False,unverifiable
clip,497626,bedroom,2,bed,bed,correct,True,correct
clip,497626,bedroom,3,pillow,pillow,unverifiable,False,unverifiable
clip,497626,bedroom,4,table lamp,table_lamp,unverifiable,False,unverifiable
clip,497626,bedroom,5,quilt,quilt,unverifiable,False,unverifiable
clip,497626,bedroom,6,blanket,blanket,unverifiable,False,unverifiable
clip,497626,bedroom,7,recliner,recliner,unverifiable,False,unverifiable
clip,497626,bedroom,8,alarm clock,alarm_clock,unverifiable,False,unverifiable
clip,497626,bedroom,9,cushion,cushion,unverifiable,False,unverifiable
clip,497626,bedroom,10,towel,towel,unverifiable,False,unverifiable
clip,497626,bedroom,11,lamp,lamp,unverifiable,False,unverifiable
clip,497626,bedroom,12,television set,television_set,wrong,False,unverifiable
clip,503697,living room,1,bedspread,bedspread,unverifiable,True,unverifiable
clip,503697,living room,2,painting,painting,correct,True,correct
clip,503697,living room,3,quilt,quilt,correct,True,correct
clip,503697,living room,4,curtain,curtain,correct,True,correct
clip,503697,living room,5,recliner,recliner,unverifiable,False,unverifiable
clip,503697,living room,6,mirror,mirror,unverifiable,False,unverifiable
clip,503697,living room,7,wall clock,wall_clock,unverifiable,False,unverifiable
clip,503697,living room,8,bed,bed,correct,True,unverifiable
clip,503697,living room,9,television set,television_set,wrong,False,unverifiable
clip,503697,living room,10,sofa,sofa,correct,True,correct
clip,503697,living room,11,blanket,blanket,unverifiable,True,unverifiable
clip,503697,living room,12,lamp,lamp,correct,True,correct
clip,504493,bathroom,1,bathtub,bathtub,correct,True,correct
clip,504493,bathroom,2,toilet,toilet,correct,True,correct
clip,504493,bathroom,3,sink,sink,correct,True,correct
clip,504493,bathroom,4,toilet tissue,toilet_tissue,unverifiable,False,unverifiable
clip,504493,bathroom,5,toothbrush,toothbrush,unverifiable,False,unverifiable
clip,504493,bathroom,6,wheelchair,wheelchair,unverifiable,False,unverifiable
clip,504493,bathroom,7,bedspread,bedspread,unverifiable,False,unverifiable
clip,504493,bathroom,8,towel,towel,unverifiable,False,unverifiable
clip,504493,bathroom,9,shower head,shower_head,unverifiable,False,unverifiable
clip,504493,bathroom,10,bed,bed,wrong,False,unverifiable
clip,504493,bathroom,11,microwave oven,microwave_oven,wrong,False,unverifiable
clip,504493,bathroom,12,crutch,crutch,unverifiable,False,unverifiable
clip,505086,bedroom,1,bedspread,bedspread,unverifiable,False,unverifiable
clip,505086,bedroom,2,bed,bed,correct,True,correct
clip,505086,bedroom,3,pillow,pillow,unverifiable,False,unverifiable
clip,505086,bedroom,4,blanket,blanket,unverifiable,False,unverifiable
clip,505086,bedroom,5,quilt,quilt,unverifiable,False,unverifiable
clip,505086,bedroom,6,cushion,cushion,unverifiable,False,unverifiable
clip,505086,bedroom,7,alarm clock,alarm_clock,correct,True,correct
clip,505086,bedroom,8,towel,towel,unverifiable,False,unverifiable
clip,505086,bedroom,9,curtain,curtain,unverifiable,False,unverifiable
clip,505086,bedroom,10,sofa,sofa,wrong,False,unverifiable
clip,505086,bedroom,11,tissue paper,tissue_paper,unverifiable,False,unverifiable
clip,505086,bedroom,12,table lamp,table_lamp,unverifiable,True,unverifiable
clip,508899,living room,1,recliner,recliner,unverifiable,False,unverifiable
clip,508899,living room,2,television set,television_set,correct,True,correct
clip,508899,living room,3,sofa,sofa,correct,True,correct
clip,508899,living room,4,coffee table,coffee_table,unverifiable,False,unverifiable
clip,508899,living room,5,remote control,remote_control,correct,True,unverifiable
clip,508899,living room,6,walking stick,walking_stick,unverifiable,False,unverifiable
clip,508899,living room,7,bedspread,bedspread,unverifiable,False,unverifiable
clip,508899,living room,8,cat,cat,wrong,False,unverifiable
clip,508899,living room,9,slipper,slipper_(footwear),unverifiable,False,unverifiable
clip,508899,living room,10,armchair,armchair,unverifiable,False,unverifiable
clip,508899,living room,11,blanket,blanket,unverifiable,False,unverifiable
clip,508899,living room,12,cushion,cushion,unverifiable,False,unverifiable
clip,510852,bathroom,1,shower head,shower_head,correct,True,correct
clip,510852,bathroom,2,bathtub,bathtub,unverifiable,False,unverifiable
clip,510852,bathroom,3,mirror,mirror,correct,True,correct
clip,510852,bathroom,4,towel,towel,unverifiable,True,unverifiable
clip,510852,bathroom,5,sink,sink,wrong,False,unverifiable
clip,510852,bathroom,6,toothbrush,toothbrush,unverifiable,False,unverifiable
clip,510852,bathroom,7,toilet,toilet,wrong,False,unverifiable
clip,510852,bathroom,8,hand towel,hand_towel,unverifiable,True,unverifiable
clip,510852,bathroom,9,crutch,crutch,unverifiable,False,unverifiable
clip,510852,bathroom,10,toilet tissue,toilet_tissue,unverifiable,False,unverifiable
clip,510852,bathroom,11,glass,glass_(drink_container),unverifiable,False,unverifiable
clip,510852,bathroom,12,wineglass,wineglass,wrong,False,wrong
clip,511430,kitchen,1,microwave oven,microwave_oven,correct,True,correct
clip,511430,kitchen,2,stove,stove,correct,True,correct
clip,511430,kitchen,3,refrigerator,refrigerator,correct,True,correct
clip,511430,kitchen,4,dining table,dining_table,wrong,False,unverifiable
clip,511430,kitchen,5,television set,television_set,unverifiable,False,unverifiable
clip,511430,kitchen,6,coffee maker,coffee_maker,unverifiable,False,unverifiable
clip,511430,kitchen,7,sink,sink,correct,True,unverifiable
clip,511430,kitchen,8,kettle,kettle,unverifiable,False,unverifiable
clip,511430,kitchen,9,remote control,remote_control,unverifiable,False,unverifiable
clip,511430,kitchen,10,towel,towel,unverifiable,False,unverifiable
clip,511430,kitchen,11,mirror,mirror,unverifiable,False,unverifiable
clip,511430,kitchen,12,table lamp,table_lamp,unverifiable,False,unverifiable
clip,513138,living room,1,sofa,sofa,correct,True,correct
clip,513138,living room,2,recliner,recliner,unverifiable,False,unverifiable
clip,513138,living room,3,cushion,cushion,correct,True,correct
clip,513138,living room,4,dog,dog,correct,True,correct
clip,513138,living room,5,pillow,pillow,unverifiable,True,unverifiable
clip,513138,living room,6,quilt,quilt,wrong,True,wrong
clip,513138,living room,7,blanket,blanket,correct,True,correct
clip,513138,living room,8,bedspread,bedspread,unverifiable,True,unverifiable
clip,513138,living room,9,remote control,remote_control,unverifiable,False,unverifiable
clip,513138,living room,10,towel,towel,unverifiable,False,unverifiable
clip,513138,living room,11,armchair,armchair,correct,True,correct
clip,513138,living room,12,bed,bed,wrong,False,unverifiable
clip,514914,bathroom,1,bathtub,bathtub,correct,True,correct
clip,514914,bathroom,2,sink,sink,correct,True,correct
clip,514914,bathroom,3,shower head,shower_head,unverifiable,False,unverifiable
clip,514914,bathroom,4,toilet,toilet,correct,True,correct
clip,514914,bathroom,5,mirror,mirror,correct,True,correct
clip,514914,bathroom,6,toilet tissue,toilet_tissue,correct,True,correct
clip,514914,bathroom,7,towel,towel,unverifiable,True,unverifiable
clip,514914,bathroom,8,toothbrush,toothbrush,unverifiable,False,unverifiable
clip,514914,bathroom,9,hand towel,hand_towel,unverifiable,True,unverifiable
clip,514914,bathroom,10,bed,bed,wrong,False,unverifiable
clip,514914,bathroom,11,soap,soap,unverifiable,False,unverifiable
clip,514914,bathroom,12,crutch,crutch,unverifiable,False,unverifiable
clip,516856,dining,1,dining table,dining_table,correct,True,correct
clip,516856,dining,2,sandwich,sandwich,correct,True,unverifiable
clip,516856,dining,3,napkin,napkin,correct,True,correct
clip,516856,dining,4,table,table,unverifiable,True,unverifiable
clip,516856,dining,5,plate,plate,correct,True,correct
clip,516856,dining,6,fan,fan,unverifiable,False,unverifiable
clip,516856,dining,7,heater,heater,unverifiable,False,unverifiable
clip,516856,dining,8,jacket,jacket,unverifiable,False,unverifiable
clip,516856,dining,9,bread,bread,correct,True,correct
clip,516856,dining,10,fork,fork,correct,True,correct
clip,516856,dining,11,doughnut,doughnut,wrong,False,unverifiable
clip,516856,dining,12,microwave oven,microwave_oven,wrong,False,unverifiable
clip,523978,bathroom,1,bathtub,bathtub,correct,True,correct
clip,523978,bathroom,2,shower head,shower_head,correct,True,correct
clip,523978,bathroom,3,toilet,toilet,correct,True,correct
clip,523978,bathroom,4,sink,sink,correct,True,correct
clip,523978,bathroom,5,toilet tissue,toilet_tissue,unverifiable,False,unverifiable
clip,523978,bathroom,6,soap,soap,unverifiable,False,unverifiable
clip,523978,bathroom,7,toothbrush,toothbrush,unverifiable,False,unverifiable
clip,523978,bathroom,8,towel,towel,unverifiable,True,unverifiable
clip,523978,bathroom,9,mirror,mirror,unverifiable,False,unverifiable
clip,523978,bathroom,10,wall clock,wall_clock,unverifiable,False,unverifiable
clip,523978,bathroom,11,hairbrush,hairbrush,unverifiable,False,unverifiable
clip,523978,bathroom,12,hand towel,hand_towel,unverifiable,True,unverifiable
clip,529069,bathroom,1,toilet,toilet,correct,True,correct
clip,529069,bathroom,2,lamp,lamp,unverifiable,False,unverifiable
clip,529069,bathroom,3,toilet tissue,toilet_tissue,correct,True,correct
clip,529069,bathroom,4,bathtub,bathtub,unverifiable,False,unverifiable
clip,529069,bathroom,5,sink,sink,correct,True,unverifiable
clip,529069,bathroom,6,table lamp,table_lamp,unverifiable,False,unverifiable
clip,529069,bathroom,7,vase,vase,wrong,False,unverifiable
clip,529069,bathroom,8,kettle,kettle,unverifiable,False,unverifiable
clip,529069,bathroom,9,recliner,recliner,unverifiable,False,unverifiable
clip,529069,bathroom,10,teapot,teapot,unverifiable,False,unverifiable
clip,529069,bathroom,11,shower head,shower_head,unverifiable,False,unverifiable
clip,529069,bathroom,12,bowl,bowl,wrong,False,unverifiable
clip,530229,living room,1,recliner,recliner,unverifiable,False,unverifiable
clip,530229,living room,2,armchair,armchair,unverifiable,False,unverifiable
clip,530229,living room,3,sofa,sofa,correct,True,correct
clip,530229,living room,4,television set,television_set,correct,True,correct
clip,530229,living room,5,cushion,cushion,correct,True,correct
clip,530229,living room,6,coffee table,coffee_table,unverifiable,False,unverifiable
clip,530229,living room,7,bedspread,bedspread,unverifiable,False,unverifiable
clip,530229,living room,8,chair,chair,correct,True,unverifiable
clip,530229,living room,9,bed,bed,wrong,False,unverifiable
clip,530229,living room,10,dining table,dining_table,wrong,False,unverifiable
clip,530229,living room,11,wheelchair,wheelchair,unverifiable,False,unverifiable
clip,530229,living room,12,remote control,remote_control,unverifiable,False,unverifiable
clip,530836,kitchen,1,stove,stove,unverifiable,False,unverifiable
clip,530836,kitchen,2,microwave oven,microwave_oven,wrong,False,unverifiable
clip,530836,kitchen,3,refrigerator,refrigerator,correct,True,correct
clip,530836,kitchen,4,dining table,dining_table,unverifiable,False,unverifiable
clip,530836,kitchen,5,television set,television_set,wrong,False,unverifiable
clip,530836,kitchen,6,magazine,magazine,unverifiable,False,unverifiable
clip,530836,kitchen,7,bedspread,bedspread,unverifiable,False,unverifiable
clip,530836,kitchen,8,plate,plate,unverifiable,False,unverifiable
clip,530836,kitchen,9,flower arrangement,flower_arrangement,unverifiable,False,unverifiable
clip,530836,kitchen,10,kettle,kettle,correct,True,correct
clip,530836,kitchen,11,table,table,unverifiable,False,unverifiable
clip,530836,kitchen,12,curtain,curtain,correct,True,correct
clip,530933,bathroom,1,bathtub,bathtub,correct,True,correct
clip,530933,bathroom,2,toilet,toilet,correct,True,unverifiable
clip,530933,bathroom,3,shower head,shower_head,correct,True,correct
clip,530933,bathroom,4,sink,sink,wrong,False,unverifiable
clip,530933,bathroom,5,wheelchair,wheelchair,unverifiable,False,unverifiable
clip,530933,bathroom,6,toilet tissue,toilet_tissue,correct,True,correct
clip,530933,bathroom,7,towel,towel,unverifiable,False,unverifiable
clip,530933,bathroom,8,soap,soap,unverifiable,False,unverifiable
clip,530933,bathroom,9,crutch,crutch,unverifiable,False,unverifiable
clip,530933,bathroom,10,chair,chair,wrong,False,unverifiable
clip,530933,bathroom,11,hand towel,hand_towel,unverifiable,False,unverifiable
clip,530933,bathroom,12,toothbrush,toothbrush,unverifiable,False,unverifiable
clip,531441,dining,1,pizza,pizza,correct,True,unverifiable
clip,531441,dining,2,plate,plate,unverifiable,False,unverifiable
clip,531441,dining,3,hat,hat,unverifiable,False,unverifiable
clip,531441,dining,4,fan,fan,unverifiable,False,unverifiable
clip,531441,dining,5,dining table,dining_table,correct,True,correct
clip,531441,dining,6,napkin,napkin,unverifiable,False,unverifiable
clip,531441,dining,7,fork,fork,unverifiable,False,unverifiable
clip,531441,dining,8,bowl,bowl,wrong,False,unverifiable
clip,531441,dining,9,microwave oven,microwave_oven,wrong,False,unverifiable
clip,531441,dining,10,cake,cake,wrong,False,unverifiable
clip,531441,dining,11,mirror,mirror,unverifiable,False,unverifiable
clip,531441,dining,12,table,table,unverifiable,True,unverifiable
clip,531852,living room,1,remote control,remote_control,correct,True,correct
clip,531852,living room,2,television set,television_set,wrong,False,unverifiable
clip,531852,living room,3,heater,heater,unverifiable,False,unverifiable
clip,531852,living room,4,fan,fan,unverifiable,False,unverifiable
clip,531852,living room,5,sweater,sweater,unverifiable,False,unverifiable
clip,531852,living room,6,vase,vase,wrong,False,unverifiable
clip,531852,living room,7,recliner,recliner,unverifiable,False,unverifiable
clip,531852,living room,8,microwave oven,microwave_oven,wrong,False,unverifiable
clip,531852,living room,9,refrigerator,refrigerator,wrong,False,unverifiable
clip,531852,living room,10,sofa,sofa,correct,True,correct
clip,531852,living room,11,crutch,crutch,unverifiable,False,unverifiable
clip,531852,living room,12,bottle,bottle,wrong,False,unverifiable
clip,533255,kitchen,1,refrigerator,refrigerator,correct,True,correct
clip,533255,kitchen,2,microwave oven,microwave_oven,wrong,False,unverifiable
clip,533255,kitchen,3,stove,stove,unverifiable,False,unverifiable
clip,533255,kitchen,4,kettle,kettle,unverifiable,False,unverifiable
clip,533255,kitchen,5,coffee maker,coffee_maker,unverifiable,False,unverifiable
clip,533255,kitchen,6,air conditioner,air_conditioner,unverifiable,False,unverifiable
clip,533255,kitchen,7,heater,heater,unverifiable,False,unverifiable
clip,533255,kitchen,8,recliner,recliner,unverifiable,False,unverifiable
clip,533255,kitchen,9,quilt,quilt,unverifiable,False,unverifiable
clip,533255,kitchen,10,dining table,dining_table,unverifiable,False,unverifiable
clip,533255,kitchen,11,fork,fork,unverifiable,False,unverifiable
clip,533255,kitchen,12,television set,television_set,wrong,False,unverifiable
clip,534456,living room,1,recliner,recliner,unverifiable,False,unverifiable
clip,534456,living room,2,television set,television_set,wrong,False,unverifiable
clip,534456,living room,3,sofa,sofa,correct,True,correct
clip,534456,living room,4,armchair,armchair,unverifiable,False,unverifiable
clip,534456,living room,5,remote control,remote_control,correct,True,correct
clip,534456,living room,6,cushion,cushion,correct,True,correct
clip,534456,living room,7,fan,fan,unverifiable,False,unverifiable
clip,534456,living room,8,orange,orange_(fruit),wrong,False,unverifiable
clip,534456,living room,9,microwave oven,microwave_oven,wrong,False,unverifiable
clip,534456,living room,10,refrigerator,refrigerator,wrong,False,unverifiable
clip,534456,living room,11,dining table,dining_table,unverifiable,False,unverifiable
clip,534456,living room,12,chair,chair,wrong,False,unverifiable
clip,536947,kitchen,1,refrigerator,refrigerator,correct,True,correct
clip,536947,kitchen,2,stove,stove,unverifiable,False,unverifiable
clip,536947,kitchen,3,microwave oven,microwave_oven,wrong,False,unverifiable
clip,536947,kitchen,4,air conditioner,air_conditioner,unverifiable,False,unverifiable
clip,536947,kitchen,5,trash can,trash_can,correct,True,correct
clip,536947,kitchen,6,heater,heater,unverifiable,False,unverifiable
clip,536947,kitchen,7,recliner,recliner,unverifiable,False,unverifiable
clip,536947,kitchen,8,television set,television_set,wrong,False,unverifiable
clip,536947,kitchen,9,bathtub,bathtub,unverifiable,False,unverifiable
clip,536947,kitchen,10,kettle,kettle,unverifiable,False,unverifiable
clip,536947,kitchen,11,toilet,toilet,wrong,False,unverifiable
clip,536947,kitchen,12,bottle,bottle,correct,True,correct
clip,537944,dining,1,dining table,dining_table,correct,True,correct
clip,537944,dining,2,table,table,unverifiable,True,unverifiable
clip,537944,dining,3,plate,plate,unverifiable,False,unverifiable
clip,537944,dining,4,stove,stove,unverifiable,False,unverifiable
clip,537944,dining,5,microwave oven,microwave_oven,wrong,False,unverifiable
clip,537944,dining,6,coffee table,coffee_table,unverifiable,True,unverifiable
clip,537944,dining,7,quilt,quilt,unverifiable,False,unverifiable
clip,537944,dining,8,fork,fork,correct,True,unverifiable
clip,537944,dining,9,bedspread,bedspread,unverifiable,False,unverifiable
clip,537944,dining,10,bowl,bowl,correct,True,unverifiable
clip,537944,dining,11,napkin,napkin,unverifiable,False,unverifiable
clip,537944,dining,12,crutch,crutch,unverifiable,False,unverifiable
clip,541332,bathroom,1,bathtub,bathtub,correct,True,correct
clip,541332,bathroom,2,toilet,toilet,correct,True,correct
clip,541332,bathroom,3,sink,sink,correct,True,correct
clip,541332,bathroom,4,toilet tissue,toilet_tissue,unverifiable,False,unverifiable
clip,541332,bathroom,5,kettle,kettle,unverifiable,False,unverifiable
clip,541332,bathroom,6,towel,towel,unverifiable,False,unverifiable
clip,541332,bathroom,7,bedspread,bedspread,unverifiable,False,unverifiable
clip,541332,bathroom,8,toothbrush,toothbrush,unverifiable,False,unverifiable
clip,541332,bathroom,9,bed,bed,wrong,False,unverifiable
clip,541332,bathroom,10,microwave oven,microwave_oven,wrong,False,unverifiable
clip,541332,bathroom,11,sofa,sofa,wrong,False,unverifiable
clip,541332,bathroom,12,hand towel,hand_towel,unverifiable,False,unverifiable
clip,541634,dining,1,bowl,bowl,correct,True,unverifiable
clip,541634,dining,2,table,table,unverifiable,True,unverifiable
clip,541634,dining,3,dining table,dining_table,correct,True,correct
clip,541634,dining,4,cup,cup,correct,True,correct
clip,541634,dining,5,straw,straw_(for_drinking),correct,True,correct
clip,541634,dining,6,napkin,napkin,correct,True,correct
clip,541634,dining,7,orange juice,orange_juice,unverifiable,False,unverifiable
clip,541634,dining,8,microwave oven,microwave_oven,wrong,False,unverifiable
clip,541634,dining,9,plate,plate,unverifiable,False,unverifiable
clip,541634,dining,10,crutch,crutch,unverifiable,False,unverifiable
clip,541634,dining,11,vase,vase,wrong,False,unverifiable
clip,541634,dining,12,fork,fork,unverifiable,False,unverifiable
clip,546219,dining,1,dining table,dining_table,correct,True,correct
clip,546219,dining,2,table,table,unverifiable,True,unverifiable
clip,546219,dining,3,coffee table,coffee_table,unverifiable,True,unverifiable
clip,546219,dining,4,plate,plate,unverifiable,False,unverifiable
clip,546219,dining,5,napkin,napkin,unverifiable,False,unverifiable
clip,546219,dining,6,walking stick,walking_stick,unverifiable,False,unverifiable
clip,546219,dining,7,fan,fan,unverifiable,False,unverifiable
clip,546219,dining,8,chair,chair,correct,True,unverifiable
clip,546219,dining,9,fork,fork,correct,True,correct
clip,546219,dining,10,crutch,crutch,unverifiable,False,unverifiable
clip,546219,dining,11,cellular telephone,cellular_telephone,unverifiable,False,unverifiable
clip,546219,dining,12,spectacles,spectacles,unverifiable,False,unverifiable
clip,546964,living room,1,armchair,armchair,unverifiable,False,unverifiable
clip,546964,living room,2,sofa,sofa,correct,True,unverifiable
clip,546964,living room,3,cushion,cushion,correct,True,correct
clip,546964,living room,4,dining table,dining_table,unverifiable,True,unverifiable
clip,546964,living room,5,bedspread,bedspread,unverifiable,False,unverifiable
clip,546964,living room,6,coffee table,coffee_table,correct,True,correct
clip,546964,living room,7,recliner,recliner,unverifiable,False,unverifiable
clip,546964,living room,8,television set,television_set,wrong,False,unverifiable
clip,546964,living room,9,quilt,quilt,unverifiable,False,unverifiable
clip,546964,living room,10,chair,chair,correct,True,unverifiable
clip,546964,living room,11,painting,painting,unverifiable,False,unverifiable
clip,546964,living room,12,flower arrangement,flower_arrangement,correct,True,correct
clip,547742,living room,1,sofa,sofa,correct,True,correct
clip,547742,living room,2,mirror,mirror,unverifiable,False,unverifiable
clip,547742,living room,3,painting,painting,correct,True,correct
clip,547742,living room,4,dining table,dining_table,wrong,True,unverifiable
clip,547742,living room,5,lamp,lamp,unverifiable,False,unverifiable
clip,547742,living room,6,bedspread,bedspread,unverifiable,False,unverifiable
clip,547742,living room,7,curtain,curtain,unverifiable,False,unverifiable
clip,547742,living room,8,quilt,quilt,unverifiable,False,unverifiable
clip,547742,living room,9,wall clock,wall_clock,unverifiable,False,unverifiable
clip,547742,living room,10,table lamp,table_lamp,unverifiable,False,unverifiable
clip,547742,living room,11,vase,vase,wrong,False,unverifiable
clip,547742,living room,12,bed,bed,wrong,False,unverifiable
clip,554658,kitchen,1,microwave oven,microwave_oven,correct,True,correct
clip,554658,kitchen,2,refrigerator,refrigerator,correct,True,correct
clip,554658,kitchen,3,stove,stove,unverifiable,False,unverifiable
clip,554658,kitchen,4,coffee maker,coffee_maker,correct,True,correct
clip,554658,kitchen,5,kettle,kettle,unverifiable,False,unverifiable
clip,554658,kitchen,6,dining table,dining_table,wrong,False,unverifiable
clip,554658,kitchen,7,television set,television_set,wrong,False,unverifiable
clip,554658,kitchen,8,air conditioner,air_conditioner,unverifiable,False,unverifiable
clip,554658,kitchen,9,recliner,recliner,unverifiable,False,unverifiable
clip,554658,kitchen,10,sink,sink,wrong,False,unverifiable
clip,554658,kitchen,11,heater,heater,unverifiable,False,unverifiable
clip,554658,kitchen,12,teapot,teapot,unverifiable,False,unverifiable
clip,554809,bathroom,1,toilet,toilet,correct,True,correct
clip,554809,bathroom,2,mirror,mirror,correct,True,correct
clip,554809,bathroom,3,sink,sink,correct,True,correct
clip,554809,bathroom,4,bathtub,bathtub,unverifiable,False,unverifiable
clip,554809,bathroom,5,desk,desk,unverifiable,False,unverifiable
clip,554809,bathroom,6,wheelchair,wheelchair,unverifiable,False,unverifiable
clip,554809,bathroom,7,toilet tissue,toilet_tissue,unverifiable,False,unverifiable
clip,554809,bathroom,8,refrigerator,refrigerator,wrong,False,unverifiable
clip,554809,bathroom,9,spoon,spoon,unverifiable,False,unverifiable
clip,554809,bathroom,10,television set,television_set,wrong,False,unverifiable
clip,554809,bathroom,11,table,table,unverifiable,False,unverifiable
clip,554809,bathroom,12,dining table,dining_table,wrong,False,unverifiable
clip,556633,bathroom,1,bathtub,bathtub,correct,True,correct
clip,556633,bathroom,2,mirror,mirror,unverifiable,False,unverifiable
clip,556633,bathroom,3,toilet,toilet,wrong,False,unverifiable
clip,556633,bathroom,4,bed,bed,correct,True,unverifiable
clip,556633,bathroom,5,shower head,shower_head,unverifiable,False,unverifiable
clip,556633,bathroom,6,wall clock,wall_clock,unverifiable,False,unverifiable
clip,556633,bathroom,7,towel,towel,unverifiable,False,unverifiable
clip,556633,bathroom,8,bedspread,bedspread,unverifiable,False,unverifiable
clip,556633,bathroom,9,painting,painting,unverifiable,False,unverifiable
clip,556633,bathroom,10,toilet tissue,toilet_tissue,unverifiable,False,unverifiable
clip,556633,bathroom,11,armchair,armchair,unverifiable,False,unverifiable
clip,556633,bathroom,12,toothbrush,toothbrush,correct,True,unverifiable
clip,557172,bathroom,1,bathtub,bathtub,correct,True,correct
clip,557172,bathroom,2,sink,sink,correct,True,correct
clip,557172,bathroom,3,mirror,mirror,unverifiable,False,unverifiable
clip,557172,bathroom,4,toilet,toilet,correct,True,unverifiable
clip,557172,bathroom,5,shower head,shower_head,correct,True,correct
clip,557172,bathroom,6,toothbrush,toothbrush,unverifiable,False,unverifiable
clip,557172,bathroom,7,toilet tissue,toilet_tissue,unverifiable,False,unverifiable
clip,557172,bathroom,8,table lamp,table_lamp,unverifiable,False,unverifiable
clip,557172,bathroom,9,towel,towel,unverifiable,False,unverifiable
clip,557172,bathroom,10,soap,soap,correct,True,correct
clip,557172,bathroom,11,lamp,lamp,unverifiable,False,unverifiable
clip,557172,bathroom,12,television set,television_set,wrong,False,unverifiable
clip,559550,dining,1,dining table,dining_table,correct,True,correct
clip,559550,dining,2,refrigerator,refrigerator,wrong,False,unverifiable
clip,559550,dining,3,table,table,unverifiable,True,unverifiable
clip,559550,dining,4,chair,chair,correct,True,unverifiable
clip,559550,dining,5,sink,sink,wrong,False,unverifiable
clip,559550,dining,6,microwave oven,microwave_oven,wrong,False,unverifiable
clip,559550,dining,7,plate,plate,unverifiable,False,unverifiable
clip,559550,dining,8,napkin,napkin,correct,True,correct
clip,559550,dining,9,recliner,recliner,unverifiable,False,unverifiable
clip,559550,dining,10,wheelchair,wheelchair,unverifiable,False,unverifiable
clip,559550,dining,11,trash can,trash_can,unverifiable,False,unverifiable
clip,559550,dining,12,remote control,remote_control,unverifiable,False,unverifiable
clip,567825,dining,1,sandwich,sandwich,correct,True,correct
clip,567825,dining,2,napkin,napkin,unverifiable,False,unverifiable
clip,567825,dining,3,dining table,dining_table,correct,True,correct
clip,567825,dining,4,bread,bread,unverifiable,False,unverifiable
clip,567825,dining,5,wineglass,wineglass,correct,True,correct
clip,567825,dining,6,bottle,bottle,correct,True,correct
clip,567825,dining,7,fork,fork,unverifiable,False,unverifiable
clip,567825,dining,8,microwave oven,microwave_oven,wrong,False,unverifiable
clip,567825,dining,9,pizza,pizza,wrong,False,unverifiable
clip,567825,dining,10,tissue paper,tissue_paper,unverifiable,False,unverifiable
clip,567825,dining,11,cookie,cookie,unverifiable,False,unverifiable
clip,567825,dining,12,apple,apple,wrong,False,unverifiable
clip,571764,kitchen,1,dining table,dining_table,unverifiable,False,unverifiable
clip,571764,kitchen,2,table,table,unverifiable,False,unverifiable
clip,571764,kitchen,3,fan,fan,unverifiable,False,unverifiable
clip,571764,kitchen,4,coffee table,coffee_table,unverifiable,False,unverifiable
clip,571764,kitchen,5,plate,plate,unverifiable,False,unverifiable
clip,571764,kitchen,6,sandwich,sandwich,wrong,False,unverifiable
clip,571764,kitchen,7,microwave oven,microwave_oven,wrong,False,unverifiable
clip,571764,kitchen,8,coffee maker,coffee_maker,unverifiable,False,unverifiable
clip,571764,kitchen,9,desk,desk,unverifiable,False,unverifiable
clip,571764,kitchen,10,stove,stove,unverifiable,False,unverifiable
clip,571764,kitchen,11,refrigerator,refrigerator,correct,True,correct
clip,571764,kitchen,12,television set,television_set,wrong,False,unverifiable
clip,574940,living room,1,bedspread,bedspread,unverifiable,False,unverifiable
clip,574940,living room,2,quilt,quilt,unverifiable,False,unverifiable
clip,574940,living room,3,armchair,armchair,unverifiable,False,unverifiable
clip,574940,living room,4,cushion,cushion,correct,True,correct
clip,574940,living room,5,dining table,dining_table,wrong,False,unverifiable
clip,574940,living room,6,sofa,sofa,correct,True,correct
clip,574940,living room,7,recliner,recliner,unverifiable,False,unverifiable
clip,574940,living room,8,curtain,curtain,correct,True,correct
clip,574940,living room,9,painting,painting,correct,True,correct
clip,574940,living room,10,flower arrangement,flower_arrangement,unverifiable,False,unverifiable
clip,574940,living room,11,pillow,pillow,correct,True,correct
clip,574940,living room,12,bed,bed,wrong,False,unverifiable
clip,577507,kitchen,1,stove,stove,unverifiable,False,unverifiable
clip,577507,kitchen,2,kettle,kettle,unverifiable,False,unverifiable
clip,577507,kitchen,3,teapot,teapot,unverifiable,False,unverifiable
clip,577507,kitchen,4,dining table,dining_table,wrong,False,unverifiable
clip,577507,kitchen,5,microwave oven,microwave_oven,correct,True,correct
clip,577507,kitchen,6,coffee maker,coffee_maker,unverifiable,False,unverifiable
clip,577507,kitchen,7,recliner,recliner,unverifiable,False,unverifiable
clip,577507,kitchen,8,sink,sink,correct,True,unverifiable
clip,577507,kitchen,9,refrigerator,refrigerator,wrong,False,unverifiable
clip,577507,kitchen,10,table,table,unverifiable,False,unverifiable
clip,577507,kitchen,11,television set,television_set,wrong,False,unverifiable
clip,577507,kitchen,12,mug,mug,unverifiable,False,unverifiable
clip,578489,living room,1,remote control,remote_control,correct,True,correct
clip,578489,living room,2,television set,television_set,wrong,False,unverifiable
clip,578489,living room,3,recliner,recliner,unverifiable,False,unverifiable
clip,578489,living room,4,sofa,sofa,correct,True,correct
clip,578489,living room,5,crutch,crutch,unverifiable,False,unverifiable
clip,578489,living room,6,hairbrush,hairbrush,unverifiable,False,unverifiable
clip,578489,living room,7,armchair,armchair,unverifiable,False,unverifiable
clip,578489,living room,8,fan,fan,unverifiable,False,unverifiable
clip,578489,living room,9,chair,chair,wrong,False,unverifiable
clip,578489,living room,10,cushion,cushion,unverifiable,False,unverifiable
clip,578489,living room,11,headset,headset,unverifiable,False,unverifiable
clip,578489,living room,12,lamp,lamp,unverifiable,False,unverifiable
clip,578871,dining,1,bowl,bowl,correct,True,correct
clip,578871,dining,2,plate,plate,unverifiable,False,unverifiable
clip,578871,dining,3,dining table,dining_table,correct,True,correct
clip,578871,dining,4,fork,fork,unverifiable,False,unverifiable
clip,578871,dining,5,spoon,spoon,correct,True,correct
clip,578871,dining,6,table,table,unverifiable,True,unverifiable
clip,578871,dining,7,napkin,napkin,correct,True,correct
clip,578871,dining,8,milk,milk,unverifiable,False,unverifiable
clip,578871,dining,9,cat,cat,wrong,False,unverifiable
clip,578871,dining,10,medicine,medicine,unverifiable,False,unverifiable
clip,578871,dining,11,microwave oven,microwave_oven,wrong,False,unverifiable
clip,578871,dining,12,cup,cup,wrong,False,unverifiable
clip,580026,dining,1,dining table,dining_table,correct,True,correct
clip,580026,dining,2,cake,cake,correct,True,correct
clip,580026,dining,3,table,table,unverifiable,True,unverifiable
clip,580026,dining,4,television set,television_set,wrong,False,unverifiable
clip,580026,dining,5,coffee table,coffee_table,unverifiable,True,unverifiable
clip,580026,dining,6,vase,vase,correct,True,correct
clip,580026,dining,7,flower arrangement,flower_arrangement,correct,True,correct
clip,580026,dining,8,refrigerator,refrigerator,wrong,False,unverifiable
clip,580026,dining,9,napkin,napkin,unverifiable,False,unverifiable
clip,580026,dining,10,plate,plate,unverifiable,False,unverifiable
clip,580026,dining,11,chair,chair,correct,True,unverifiable
clip,580026,dining,12,fan,fan,unverifiable,False,unverifiable
qwen_vl,5335,bathroom,1,Toilet paper,toilet_tissue,unverifiable,False,unverifiable
qwen_vl,5335,bathroom,2,soap,soap,unverifiable,False,unverifiable
qwen_vl,5335,bathroom,3,towel,towel,unverifiable,False,unverifiable
qwen_vl,5335,bathroom,4,mirror,mirror,unverifiable,False,unverifiable
qwen_vl,5335,bathroom,5,shower head,shower_head,correct,True,correct
qwen_vl,5335,bathroom,6,hair dryer,hair_dryer,unverifiable,False,unverifiable
qwen_vl,5335,bathroom,7,washing machine,automatic_washer,correct,True,correct
qwen_vl,5335,bathroom,8,bathrobe,bathrobe,unverifiable,False,unverifiable
qwen_vl,7574,kitchen,1,sink,sink,correct,True,unverifiable
qwen_vl,7574,kitchen,2,faucet,faucet,unverifiable,False,unverifiable
qwen_vl,7574,kitchen,3,paper towels,paper_towel,correct,True,correct
qwen_vl,7574,kitchen,4,soap,soap,unverifiable,False,unverifiable
qwen_vl,7574,kitchen,5,dishwasher,dishwasher,unverifiable,False,unverifiable
qwen_vl,7574,kitchen,6,oven,oven,correct,True,unverifiable
qwen_vl,7574,kitchen,7,microwave,microwave_oven,correct,True,correct
qwen_vl,7574,kitchen,8,refrigerator,refrigerator,correct,True,correct
qwen_vl,7574,kitchen,9,cabinets,cabinet,unverifiable,False,unverifiable
qwen_vl,12873,bathroom,1,toothbrush,toothbrush,correct,True,correct
qwen_vl,12873,bathroom,2,toothpaste,toothpaste,correct,True,correct
qwen_vl,12873,bathroom,3,sink,sink,correct,True,correct
qwen_vl,14635,kitchen,1,knife,knife,correct,True,unverifiable
qwen_vl,14635,kitchen,2,fork,fork,correct,True,correct
qwen_vl,14635,kitchen,3,spoon,spoon,correct,True,unverifiable
qwen_vl,14635,kitchen,4,salt,,unverifiable,False,unverifiable
qwen_vl,14635,kitchen,5,pepper,pepper,unverifiable,False,unverifiable
qwen_vl,14635,kitchen,6,chair,chair,correct,True,unverifiable
qwen_vl,14635,kitchen,7,table,table,unverifiable,False,unverifiable
qwen_vl,14635,kitchen,8,oven,oven,correct,True,correct
qwen_vl,14635,kitchen,9,microwave,microwave_oven,wrong,False,unverifiable
qwen_vl,14635,kitchen,10,cabinet,cabinet,correct,True,correct
qwen_vl,14635,kitchen,11,drawer,drawer,correct,True,correct
qwen_vl,16958,living room,1,fireplace,fireplace,correct,True,correct
qwen_vl,16958,living room,2,chair,chair,correct,True,correct
qwen_vl,16958,living room,3,table,table,unverifiable,True,unverifiable
qwen_vl,16958,living room,4,book,book,correct,True,correct
qwen_vl,16958,living room,5,vase,vase,correct,True,correct
qwen_vl,17580,kitchen,1,microwave,microwave_oven,correct,True,correct
qwen_vl,17580,kitchen,2,fridge,refrigerator,correct,True,correct
qwen_vl,17580,kitchen,3,broom,broom,correct,True,correct
qwen_vl,17580,kitchen,4,bottle,bottle,correct,True,correct
qwen_vl,17580,kitchen,5,towel,towel,unverifiable,False,unverifiable
qwen_vl,23258,dining,1,wine glass,wineglass,correct,True,correct
qwen_vl,23258,dining,2,wine bottle,wine_bottle,correct,True,correct
qwen_vl,23258,dining,3,fireplace,fireplace,correct,True,correct
qwen_vl,23258,dining,4,table,table,unverifiable,True,unverifiable
qwen_vl,23258,dining,5,paper,newspaper,correct,True,correct
qwen_vl,28903,bathroom,1,Toilet paper,toilet_tissue,correct,True,correct
qwen_vl,28903,bathroom,2,toilet,toilet,correct,True,correct
qwen_vl,28903,bathroom,3,cat,cat,correct,True,unverifiable
qwen_vl,28903,bathroom,4,shoes,shoe,unverifiable,False,unverifiable
qwen_vl,29288,living room,1,candle,candle,correct,True,correct
qwen_vl,29288,living room,2,vase,vase,correct,True,unverifiable
qwen_vl,29288,living room,3,coffee table,coffee_table,unverifiable,False,unverifiable
qwen_vl,29288,living room,4,couch,sofa,correct,True,correct
qwen_vl,29288,living room,5,pillow,pillow,correct,True,correct
qwen_vl,29288,living room,6,lamp,lamp,correct,True,correct
qwen_vl,29288,living room,7,painting,painting,unverifiable,False,unverifiable
qwen_vl,29288,living room,8,fireplace,fireplace,unverifiable,False,unverifiable
qwen_vl,31296,dining,1,chair,chair,correct,True,unverifiable
qwen_vl,31296,dining,2,table,table,unverifiable,True,unverifiable
qwen_vl,31296,dining,3,cup,cup,unverifiable,True,unverifiable
qwen_vl,31296,dining,4,bottle,bottle,correct,True,unverifiable
qwen_vl,31296,dining,5,menu,,unverifiable,False,unverifiable
qwen_vl,31296,dining,6,food,,unverifiable,False,unverifiable
qwen_vl,31296,dining,7,napkin,napkin,unverifiable,False,unverifiable
qwen_vl,31296,dining,8,water,,unverifiable,False,unverifiable
qwen_vl,31296,dining,9,salt,,unverifiable,False,unverifiable
qwen_vl,31296,dining,10,pepper,pepper,unverifiable,False,unverifiable
qwen_vl,33909,bathroom,1,toilet paper,toilet_tissue,unverifiable,False,unverifiable
qwen_vl,33909,bathroom,2,toilet,toilet,correct,True,correct
qwen_vl,33909,bathroom,3,bathtub,bathtub,correct,True,correct
qwen_vl,33909,bathroom,4,shower curtain,shower_curtain,correct,True,correct
qwen_vl,33909,bathroom,5,faucet,faucet,correct,True,correct
qwen_vl,34524,bedroom,1,remote control,remote_control,correct,True,correct
qwen_vl,34524,bedroom,2,papers,newspaper,unverifiable,False,unverifiable
qwen_vl,34524,bedroom,3,bed,bed,correct,True,correct
qwen_vl,35664,bedroom,1,bed,bed,correct,True,correct
qwen_vl,35664,bedroom,2,fireplace,fireplace,correct,True,correct
qwen_vl,35664,bedroom,3,chair,chair,correct,True,unverifiable
qwen_vl,35664,bedroom,4,table,table,unverifiable,True,unverifiable
qwen_vl,35664,bedroom,5,television,television_set,unverifiable,False,unverifiable
qwen_vl,35664,bedroom,6,rug,,unverifiable,False,unverifiable
qwen_vl,36494,dining,1,clock,clock,correct,True,correct
qwen_vl,36494,dining,2,table,table,unverifiable,True,unverifiable
qwen_vl,36494,dining,3,chair,chair,correct,True,unverifiable
qwen_vl,36494,dining,4,wineglass,wineglass,wrong,False,unverifiable
qwen_vl,36494,dining,5,plate,plate,unverifiable,False,unverifiable
qwen_vl,36494,dining,6,bottle,bottle,correct,True,unverifiable
qwen_vl,36494,dining,7,menu,,unverifiable,False,unverifiable
qwen_vl,36844,kitchen,1,remote,remote_control,correct,True,correct
qwen_vl,36844,kitchen,2,coffee table,coffee_table,correct,True,correct
qwen_vl,36844,kitchen,3,couch,sofa,correct,True,correct
qwen_vl,36844,kitchen,4,chair,chair,correct,True,unverifiable
qwen_vl,36844,kitchen,5,television,television_set,unverifiable,False,unverifiable
qwen_vl,36844,kitchen,6,paper towels,paper_towel,correct,True,correct
qwen_vl,36844,kitchen,7,floor lamp,lamp,correct,True,correct
qwen_vl,36844,kitchen,8,fan,fan,correct,True,correct
qwen_vl,36844,kitchen,9,rug,,unverifiable,False,unverifiable
qwen_vl,36844,kitchen,10,picture,,unverifiable,False,unverifiable
qwen_vl,36936,living room,1,candle,candle,correct,True,correct
qwen_vl,36936,living room,2,remote control,remote_control,correct,True,correct
qwen_vl,36936,living room,3,television,television_set,correct,True,correct
qwen_vl,36936,living room,4,couch,sofa,correct,True,correct
qwen_vl,36936,living room,5,chips,,unverifiable,False,unverifiable
qwen_vl,43944,dining,1,sandwich,sandwich,correct,True,correct
qwen_vl,43944,dining,2,french fries,,unverifiable,False,unverifiable
qwen_vl,43944,dining,3,fork,fork,correct,True,correct
qwen_vl,45404,bedroom,1,teddy bear,teddy_bear,correct,True,unverifiable
qwen_vl,45404,bedroom,2,lamp,lamp,unverifiable,False,unverifiable
qwen_vl,45404,bedroom,3,bed,bed,correct,True,correct
qwen_vl,45404,bedroom,4,pillow,pillow,correct,True,correct
qwen_vl,45404,bedroom,5,blanket,blanket,correct,True,correct
qwen_vl,45404,bedroom,6,doll,doll,unverifiable,False,unverifiable
qwen_vl,46029,bedroom,1,bed,bed,correct,True,correct
qwen_vl,46029,bedroom,2,bookshelf,,unverifiable,False,unverifiable
qwen_vl,46029,bedroom,3,curtains,curtain,correct,True,correct
qwen_vl,49984,bathroom,1,toilet paper,toilet_tissue,unverifiable,False,unverifiable
qwen_vl,49984,bathroom,2,soap,soap,unverifiable,False,unverifiable
qwen_vl,49984,bathroom,3,hair dryer,hair_dryer,correct,True,correct
qwen_vl,49984,bathroom,4,mirror,mirror,unverifiable,False,unverifiable
qwen_vl,49984,bathroom,5,trash can,trash_can,correct,True,correct
qwen_vl,53328,living room,1,remote,remote_control,correct,True,unverifiable
qwen_vl,53328,living room,2,couch,sofa,correct,True,correct
qwen_vl,53328,living room,3,beer bottle,beer_bottle,unverifiable,True,unverifiable
qwen_vl,53328,living room,4,wii controller,control,correct,True,correct
qwen_vl,53328,living room,5,tv,television_set,wrong,False,unverifiable
qwen_vl,53457,bedroom,1,tv,television_set,correct,True,correct
qwen_vl,53457,bedroom,2,cat,cat,correct,True,correct
qwen_vl,54318,bedroom,1,bed,bed,correct,True,correct
qwen_vl,54318,bedroom,2,pillow,pillow,unverifiable,True,unverifiable
qwen_vl,54318,bedroom,3,blanket,blanket,unverifiable,False,unverifiable
qwen_vl,54318,bedroom,4,lamp,lamp,correct,True,correct
qwen_vl,54318,bedroom,5,dresser,dresser,correct,True,correct
qwen_vl,54318,bedroom,6,chair,chair,correct,True,unverifiable
qwen_vl,61773,kitchen,1,microwave,microwave_oven,correct,True,correct
qwen_vl,61773,kitchen,2,oven,oven,correct,True,correct
qwen_vl,61773,kitchen,3,cake,cake,correct,True,correct
qwen_vl,61773,kitchen,4,apron,apron,correct,True,correct
qwen_vl,61773,kitchen,5,knife,knife,unverifiable,False,unverifiable
qwen_vl,61773,kitchen,6,plate,plate,unverifiable,False,unverifiable
qwen_vl,61773,kitchen,7,tablecloth,tablecloth,unverifiable,False,unverifiable
qwen_vl,61925,bedroom,1,laptop,laptop_computer,correct,True,correct
qwen_vl,61925,bedroom,2,bed,bed,correct,True,correct
qwen_vl,61925,bedroom,3,clothes,,unverifiable,False,unverifiable
qwen_vl,61925,bedroom,4,desk,desk,unverifiable,False,unverifiable
qwen_vl,61925,bedroom,5,chair,chair,correct,True,unverifiable
qwen_vl,61925,bedroom,6,books,book,correct,True,correct
qwen_vl,61925,bedroom,7,remote,remote_control,unverifiable,False,unverifiable
qwen_vl,61925,bedroom,8,phone,cellular_telephone,unverifiable,True,unverifiable
qwen_vl,61925,bedroom,9,cup,cup,unverifiable,False,unverifiable
qwen_vl,61925,bedroom,10,pillow,pillow,correct,True,correct
qwen_vl,61925,bedroom,11,blanket,blanket,correct,True,correct
qwen_vl,63081,living room,1,laptop,laptop_computer,correct,True,correct
qwen_vl,63081,living room,2,books,book,correct,True,unverifiable
qwen_vl,63081,living room,3,lamp,lamp,unverifiable,False,unverifiable
qwen_vl,63081,living room,4,sofa,sofa,correct,True,correct
qwen_vl,63081,living room,5,rug,,unverifiable,False,unverifiable
qwen_vl,63865,dining,1,pizza,pizza,correct,True,unverifiable
qwen_vl,63865,dining,2,beer,,unverifiable,False,unverifiable
qwen_vl,63865,dining,3,tablecloth,tablecloth,unverifiable,False,unverifiable
qwen_vl,65884,living room,1,tv,television_set,correct,True,correct
qwen_vl,65884,living room,2,chair,chair,correct,True,unverifiable
qwen_vl,65884,living room,3,table,table,unverifiable,False,unverifiable
qwen_vl,65884,living room,4,lamp,lamp,unverifiable,False,unverifiable
qwen_vl,65884,living room,5,curtain,curtain,correct,True,correct
qwen_vl,67647,kitchen,1,fridge,refrigerator,correct,True,correct
qwen_vl,67647,kitchen,2,sink,sink,correct,True,unverifiable
qwen_vl,67647,kitchen,3,chair,chair,correct,True,correct
qwen_vl,67647,kitchen,4,table,table,unverifiable,False,unverifiable
qwen_vl,67647,kitchen,5,rug,,unverifiable,False,unverifiable
qwen_vl,67647,kitchen,6,wine bottle,wine_bottle,correct,True,correct
qwen_vl,68260,kitchen,1,television,television_set,wrong,False,unverifiable
qwen_vl,68260,kitchen,2,microwave,microwave_oven,correct,True,correct
qwen_vl,68260,kitchen,3,oven,oven,correct,True,unverifiable
qwen_vl,68260,kitchen,4,coffee maker,coffee_maker,unverifiable,False,unverifiable
qwen_vl,68260,kitchen,5,bottle,bottle,correct,True,unverifiable
qwen_vl,68286,bedroom,1,phone,cellular_telephone,unverifiable,True,unverifiable
qwen_vl,68286,bedroom,2,lamp,lamp,unverifiable,False,unverifiable
qwen_vl,68286,bedroom,3,bed,bed,correct,True,correct
qwen_vl,68286,bedroom,4,pillow,pillow,correct,True,correct
qwen_vl,68286,bedroom,5,nightstand,,unverifiable,False,unverifiable
qwen_vl,72961,bedroom,1,cable,,unverifiable,False,unverifiable
qwen_vl,72961,bedroom,2,remote,remote_control,correct,True,correct
qwen_vl,72961,bedroom,3,controller,control,unverifiable,False,unverifiable
qwen_vl,72961,bedroom,4,bed,bed,correct,True,correct
qwen_vl,72961,bedroom,5,tv,television_set,unverifiable,False,unverifiable
qwen_vl,72961,bedroom,6,air conditioner,air_conditioner,correct,True,correct
qwen_vl,73326,kitchen,1,eggs,egg,correct,True,correct
qwen_vl,73326,kitchen,2,milk,milk,correct,True,correct
qwen_vl,73326,kitchen,3,bread,bread,unverifiable,False,unverifiable
qwen_vl,73326,kitchen,4,butter,butter,unverifiable,False,unverifiable
qwen_vl,73326,kitchen,5,jam,jam,unverifiable,False,unverifiable
qwen_vl,73326,kitchen,6,ketchup,,unverifiable,False,unverifiable
qwen_vl,73326,kitchen,7,mustard,,unverifiable,False,unverifiable
qwen_vl,73326,kitchen,8,mayonnaise,,unverifiable,False,unverifiable
qwen_vl,73326,kitchen,9,vinegar,vinegar,unverifiable,False,unverifiable
qwen_vl,73326,kitchen,10,honey,honey,unverifiable,False,unverifiable
qwen_vl,73326,kitchen,11,peanut butter,peanut_butter,unverifiable,False,unverifiable
qwen_vl,73326,kitchen,12,jelly,gelatin,correct,True,correct
qwen_vl,74357,kitchen,1,tv,television_set,unverifiable,False,unverifiable
qwen_vl,74357,kitchen,2,couch,sofa,correct,True,correct
qwen_vl,74357,kitchen,3,lamp,lamp,unverifiable,False,unverifiable
qwen_vl,74357,kitchen,4,rug,,unverifiable,False,unverifiable
qwen_vl,74357,kitchen,5,stool,stool,correct,True,correct
qwen_vl,74357,kitchen,6,table,table,unverifiable,False,unverifiable
qwen_vl,74357,kitchen,7,oven,oven,correct,True,correct
qwen_vl,74357,kitchen,8,wineglass,wineglass,wrong,False,unverifiable
qwen_vl,74357,kitchen,9,bottle,bottle,correct,True,unverifiable
qwen_vl,74357,kitchen,10,vase,vase,correct,True,unverifiable
qwen_vl,75110,bedroom,1,Teddy bear,teddy_bear,correct,True,correct
qwen_vl,75110,bedroom,2,lamp,lamp,correct,True,correct
qwen_vl,75110,bedroom,3,pillow,pillow,correct,True,correct
qwen_vl,75110,bedroom,4,bed,bed,correct,True,correct
qwen_vl,75110,bedroom,5,nightstand,,unverifiable,False,unverifiable
qwen_vl,75110,bedroom,6,remote control,remote_control,unverifiable,False,unverifiable
qwen_vl,75110,bedroom,7,phone,cellular_telephone,unverifiable,True,unverifiable
qwen_vl,75110,bedroom,8,book,book,correct,True,unverifiable
qwen_vl,75811,bathroom,1,Toilet paper,toilet_tissue,correct,True,correct
qwen_vl,75811,bathroom,2,Shower curtain,shower_curtain,unverifiable,False,unverifiable
qwen_vl,75811,bathroom,3,Door knob,knob,correct,True,correct
qwen_vl,75811,bathroom,4,Window,,unverifiable,False,unverifiable
qwen_vl,75811,bathroom,5,Toilet,toilet,correct,True,correct
qwen_vl,75811,bathroom,6,Towel rack,towel_rack,unverifiable,False,unverifiable
qwen_vl,75811,bathroom,7,Handle,handle,unverifiable,False,unverifiable
qwen_vl,75811,bathroom,8,Cabinet,cabinet,correct,True,correct
qwen_vl,75811,bathroom,9,Wall,,unverifiable,False,unverifiable
qwen_vl,75811,bathroom,10,Floor,,unverifiable,False,unverifiable
qwen_vl,75811,bathroom,11,Door,,unverifiable,False,unverifiable
qwen_vl,77177,living room,1,couch,sofa,correct,True,correct
qwen_vl,77177,living room,2,coffee table,coffee_table,unverifiable,False,unverifiable
qwen_vl,77177,living room,3,television,television_set,correct,True,correct
qwen_vl,77177,living room,4,window,,unverifiable,False,unverifiable
qwen_vl,77177,living room,5,light switch,,unverifiable,False,unverifiable
qwen_vl,77177,living room,6,remote control,remote_control,unverifiable,False,unverifiable
qwen_vl,77177,living room,7,pillow,pillow,unverifiable,True,unverifiable
qwen_vl,77177,living room,8,rug,,unverifiable,False,unverifiable
qwen_vl,80369,kitchen,1,refrigerator,refrigerator,correct,True,correct
qwen_vl,80369,kitchen,2,tablecloth,tablecloth,correct,True,correct
qwen_vl,80369,kitchen,3,chair,chair,correct,True,unverifiable
qwen_vl,80369,kitchen,4,cup,cup,unverifiable,False,unverifiable
qwen_vl,80369,kitchen,5,bowl,bowl,correct,True,correct
qwen_vl,80369,kitchen,6,spoon,spoon,correct,True,unverifiable
qwen_vl,80369,kitchen,7,cake,cake,correct,True,correct
qwen_vl,84680,kitchen,1,microwave,microwave_oven,correct,True,correct
qwen_vl,84680,kitchen,2,food,,unverifiable,False,unverifiable
qwen_vl,84680,kitchen,3,button,button,unverifiable,False,unverifiable
qwen_vl,84680,kitchen,4,control panel,,unverifiable,False,unverifiable
qwen_vl,84680,kitchen,5,door,,unverifiable,False,unverifiable
qwen_vl,84680,kitchen,6,container,,unverifiable,False,unverifiable
qwen_vl,84680,kitchen,7,lid,,unverifiable,False,unverifiable
qwen_vl,84680,kitchen,8,bottle,bottle,wrong,False,unverifiable
qwen_vl,84680,kitchen,9,glass,glass_(drink_container),unverifiable,False,unverifiable
qwen_vl,84680,kitchen,10,cup,cup,wrong,False,unverifiable
qwen_vl,84680,kitchen,11,spoon,spoon,unverifiable,False,unverifiable
qwen_vl,88040,dining,1,spoon,spoon,correct,True,correct
qwen_vl,88040,dining,2,fork,fork,correct,True,correct
qwen_vl,88040,dining,3,knife,knife,correct,True,correct
qwen_vl,88040,dining,4,newspaper,newspaper,unverifiable,False,unverifiable
qwen_vl,88040,dining,5,cup,cup,correct,True,correct
qwen_vl,88040,dining,6,plate,plate,unverifiable,False,unverifiable
qwen_vl,88040,dining,7,bottle,bottle,correct,True,unverifiable
qwen_vl,88040,dining,8,bowl,bowl,correct,True,unverifiable
qwen_vl,88040,dining,9,tomato,tomato,correct,True,correct
qwen_vl,88040,dining,10,cucumber,cucumber,correct,True,correct
qwen_vl,88040,dining,11,shrimp,prawn,correct,True,correct
qwen_vl,88040,dining,12,grapes,grape,correct,True,correct
qwen_vl,98085,dining,1,plate,plate,correct,True,correct
qwen_vl,98085,dining,2,knife,knife,correct,True,correct
qwen_vl,98085,dining,3,sausage,sausage,unverifiable,False,unverifiable
qwen_vl,98085,dining,4,scrambled eggs,egg,unverifiable,False,unverifiable
qwen_vl,98085,dining,5,whipped cream,whipped_cream,unverifiable,False,unverifiable
qwen_vl,101630,bathroom,1,toothbrush,toothbrush,correct,True,correct
qwen_vl,101630,bathroom,2,toothpaste,toothpaste,correct,True,correct
qwen_vl,101630,bathroom,3,soap,soap,unverifiable,False,unverifiable
qwen_vl,101630,bathroom,4,lotion,,unverifiable,False,unverifiable
qwen_vl,101630,bathroom,5,hairbrush,hairbrush,unverifiable,False,unverifiable
qwen_vl,101630,bathroom,6,towel,towel,correct,True,correct
qwen_vl,101630,bathroom,7,mirror,mirror,unverifiable,False,unverifiable
qwen_vl,101816,bathroom,1,toilet paper,toilet_tissue,unverifiable,False,unverifiable
qwen_vl,101816,bathroom,2,bath mat,bath_mat,correct,True,correct
qwen_vl,101816,bathroom,3,shower curtain,shower_curtain,unverifiable,False,unverifiable
qwen_vl,101816,bathroom,4,toilet,toilet,correct,True,correct
qwen_vl,101816,bathroom,5,bathtub,bathtub,correct,True,correct
qwen_vl,101816,bathroom,6,sink,sink,correct,True,correct
qwen_vl,101816,bathroom,7,towel,towel,unverifiable,True,unverifiable
qwen_vl,101816,bathroom,8,hair dryer,hair_dryer,unverifiable,False,unverifiable
qwen_vl,101816,bathroom,9,shampoo,shampoo,unverifiable,False,unverifiable
qwen_vl,101816,bathroom,10,soap,soap,unverifiable,False,unverifiable
qwen_vl,101816,bathroom,11,hairbrush,hairbrush,unverifiable,False,unverifiable
qwen_vl,102223,bedroom,1,dog,dog,correct,True,unverifiable
qwen_vl,102223,bedroom,2,blanket,blanket,correct,True,correct
qwen_vl,102223,bedroom,3,pillow,pillow,correct,True,correct
qwen_vl,102320,bathroom,1,toilet paper,toilet_tissue,correct,True,correct
qwen_vl,102320,bathroom,2,toilet,toilet,correct,True,correct
qwen_vl,102320,bathroom,3,sink,sink,correct,True,unverifiable
qwen_vl,102320,bathroom,4,bathtub,bathtub,correct,True,correct
qwen_vl,102320,bathroom,5,shower head,shower_head,correct,True,correct
qwen_vl,102320,bathroom,6,towel rack,towel_rack,unverifiable,False,unverifiable
qwen_vl,102718,bathroom,1,soap,soap,correct,True,correct
qwen_vl,102718,bathroom,2,towel,towel,unverifiable,False,unverifiable
qwen_vl,102718,bathroom,3,faucet,faucet,correct,True,correct
qwen_vl,102718,bathroom,4,sink,sink,correct,True,correct
qwen_vl,102718,bathroom,5,toilet paper,toilet_tissue,unverifiable,False,unverifiable
qwen_vl,102718,bathroom,6,bottle,bottle,correct,True,unverifiable
qwen_vl,102718,bathroom,7,towel rack,towel_rack,unverifiable,False,unverifiable
qwen_vl,102718,bathroom,8,bathtub,bathtub,correct,True,correct
qwen_vl,102718,bathroom,9,shampoo,shampoo,unverifiable,False,unverifiable
qwen_vl,102718,bathroom,10,lotion,,unverifiable,False,unverifiable
qwen_vl,102718,bathroom,11,toothbrush,toothbrush,unverifiable,False,unverifiable
qwen_vl,102718,bathroom,12,toothpaste,toothpaste,unverifiable,False,unverifiable
qwen_vl,102841,bedroom,1,cat,cat,correct,True,unverifiable
qwen_vl,102841,bedroom,2,blanket,blanket,correct,True,correct
qwen_vl,102841,bedroom,3,bookshelf,,unverifiable,False,unverifiable
qwen_vl,103119,kitchen,1,microwave,microwave_oven,correct,True,correct
qwen_vl,103119,kitchen,2,stove,stove,correct,True,correct
qwen_vl,103119,kitchen,3,kettle,kettle,unverifiable,False,unverifiable
qwen_vl,103119,kitchen,4,bottle,bottle,correct,True,correct
qwen_vl,103119,kitchen,5,spoon,spoon,correct,True,unverifiable
qwen_vl,103119,kitchen,6,knife,knife,unverifiable,False,unverifiable
qwen_vl,103119,kitchen,7,fork,fork,unverifiable,False,unverifiable
qwen_vl,103119,kitchen,8,spatula,spatula,unverifiable,False,unverifiable
qwen_vl,103119,kitchen,9,griddle,griddle,unverifiable,False,unverifiable
qwen_vl,103119,kitchen,10,oven,oven,correct,True,unverifiable
qwen_vl,106235,living room,1,remote control,remote_control,correct,True,correct
qwen_vl,106235,living room,2,couch,sofa,correct,True,unverifiable
qwen_vl,106235,living room,3,pillow,pillow,correct,True,correct
qwen_vl,106235,living room,4,coffee table,coffee_table,correct,True,correct
qwen_vl,106235,living room,5,lamp,lamp,unverifiable,False,unverifiable
qwen_vl,106235,living room,6,picture,,unverifiable,False,unverifiable
qwen_vl,106235,living room,7,rug,,unverifiable,False,unverifiable
qwen_vl,110884,bathroom,1,toilet paper,toilet_tissue,unverifiable,False,unverifiable
qwen_vl,110884,bathroom,2,soap,soap,unverifiable,False,unverifiable
qwen_vl,110884,bathroom,3,toothbrush,toothbrush,unverifiable,False,unverifiable
qwen_vl,110884,bathroom,4,mirror,mirror,correct,True,correct
qwen_vl,111951,bathroom,1,Toilet paper,toilet_tissue,unverifiable,False,unverifiable
qwen_vl,111951,bathroom,2,soap,soap,unverifiable,False,unverifiable
qwen_vl,111951,bathroom,3,towel,towel,unverifiable,False,unverifiable
qwen_vl,111951,bathroom,4,shower head,shower_head,unverifiable,False,unverifiable
qwen_vl,111951,bathroom,5,toilet,toilet,correct,True,correct
qwen_vl,111951,bathroom,6,faucet,faucet,correct,True,correct
qwen_vl,111951,bathroom,7,mirror,mirror,unverifiable,False,unverifiable
qwen_vl,111951,bathroom,8,sink,sink,correct,True,correct
qwen_vl,111951,bathroom,9,bathtub,bathtub,unverifiable,False,unverifiable
qwen_vl,111951,bathroom,10,toilet paper holder,,unverifiable,False,unverifiable
qwen_vl,114108,dining,1,pizza,pizza,correct,True,correct
qwen_vl,114108,dining,2,plate,plate,unverifiable,False,unverifiable
qwen_vl,114108,dining,3,fork,fork,correct,True,correct
qwen_vl,114108,dining,4,knife,knife,correct,True,unverifiable
qwen_vl,114108,dining,5,glass,glass_(drink_container),unverifiable,False,unverifiable
qwen_vl,116479,bedroom,1,bed,bed,correct,True,correct
qwen_vl,116479,bedroom,2,bedspread,bedspread,unverifiable,False,unverifiable
qwen_vl,116479,bedroom,3,lamp,lamp,unverifiable,False,unverifiable
qwen_vl,116479,bedroom,4,curtain,curtain,unverifiable,False,unverifiable
qwen_vl,116479,bedroom,5,rug,,unverifiable,False,unverifiable
qwen_vl,117089,dining,1,fork,fork,correct,True,correct
qwen_vl,117089,dining,2,knife,knife,correct,True,unverifiable
qwen_vl,117089,dining,3,plate,plate,unverifiable,False,unverifiable
qwen_vl,117089,dining,4,orange juice,orange_juice,unverifiable,False,unverifiable
qwen_vl,117089,dining,5,watermelon,watermelon,unverifiable,False,unverifiable
qwen_vl,117089,dining,6,bread,bread,unverifiable,False,unverifiable
qwen_vl,121904,kitchen,1,refrigerator,refrigerator,correct,True,correct
qwen_vl,121904,kitchen,2,dishwasher,dishwasher,correct,True,correct
qwen_vl,121904,kitchen,3,microwave,microwave_oven,correct,True,correct
qwen_vl,121904,kitchen,4,sink,sink,correct,True,unverifiable
qwen_vl,121904,kitchen,5,cabinets,cabinet,correct,True,correct
qwen_vl,125955,bathroom,1,toilet paper,toilet_tissue,unverifiable,False,unverifiable
qwen_vl,125955,bathroom,2,toilet,toilet,correct,True,correct
qwen_vl,125955,bathroom,3,soap,soap,unverifiable,False,unverifiable
qwen_vl,125955,bathroom,4,sink,sink,correct,True,correct
qwen_vl,127168,bedroom,1,pillow,pillow,correct,True,correct
qwen_vl,127168,bedroom,2,blanket,blanket,unverifiable,False,unverifiable
qwen_vl,127168,bedroom,3,bed,bed,correct,True,correct
qwen_vl,127168,bedroom,4,window,,unverifiable,False,unverifiable
qwen_vl,127168,bedroom,5,cloud,,unverifiable,False,unverifiable
qwen_vl,127168,bedroom,6,light,,unverifiable,False,unverifiable
qwen_vl,127168,bedroom,7,heart,heart,unverifiable,False,unverifiable
qwen_vl,127168,bedroom,8,string,,unverifiable,False,unverifiable
qwen_vl,127394,dining,1,plate,plate,correct,True,correct
qwen_vl,127394,dining,2,fork,fork,unverifiable,False,unverifiable
qwen_vl,127394,dining,3,knife,knife,unverifiable,False,unverifiable
qwen_vl,127394,dining,4,spoon,spoon,correct,True,correct
qwen_vl,127394,dining,5,cup,cup,correct,True,correct
qwen_vl,127394,dining,6,soda,pop_(soda),unverifiable,False,unverifiable
qwen_vl,127394,dining,7,pizza,pizza,correct,True,unverifiable
qwen_vl,127394,dining,8,salad,salad,correct,True,correct
qwen_vl,127394,dining,9,cheese,,unverifiable,False,unverifiable
qwen_vl,127394,dining,10,pepper,pepper,unverifiable,False,unverifiable
qwen_vl,127394,dining,11,bread,bread,unverifiable,False,unverifiable
qwen_vl,127394,dining,12,meat,,unverifiable,False,unverifiable
qwen_vl,129322,bathroom,1,toilet paper,toilet_tissue,correct,True,correct
qwen_vl,129322,bathroom,2,toilet,toilet,correct,True,correct
qwen_vl,129322,bathroom,3,toilet seat,,unverifiable,False,unverifiable
qwen_vl,129322,bathroom,4,toilet bowl,bowl,wrong,False,unverifiable
qwen_vl,129322,bathroom,5,toilet tank,tank_(storage_vessel),unverifiable,False,unverifiable
qwen_vl,129322,bathroom,6,toilet lid,,unverifiable,False,unverifiable
qwen_vl,129322,bathroom,7,toilet flusher,,unverifiable,False,unverifiable
qwen_vl,129322,bathroom,8,toilet handle,handle,unverifiable,False,unverifiable
qwen_vl,129322,bathroom,9,toilet cistern,cistern,unverifiable,False,unverifiable
qwen_vl,129322,bathroom,10,toilet pipe,pipe,correct,True,correct
qwen_vl,129322,bathroom,11,toilet wall,,unverifiable,False,unverifiable
qwen_vl,129980,living room,1,couch,sofa,correct,True,correct
qwen_vl,129980,living room,2,coffee table,coffee_table,correct,True,correct
qwen_vl,129980,living room,3,lamp,lamp,correct,True,correct
qwen_vl,129980,living room,4,vase,vase,correct,True,correct
qwen_vl,129980,living room,5,mirror,mirror,unverifiable,False,unverifiable
qwen_vl,129980,living room,6,painting,painting,correct,True,correct
qwen_vl,129980,living room,7,chair,chair,correct,True,unverifiable
qwen_vl,129980,living room,8,pillow,pillow,correct,True,correct
qwen_vl,134907,living room,1,laptop,laptop_computer,correct,True,correct
qwen_vl,134907,living room,2,remote control,remote_control,correct,True,unverifiable
qwen_vl,134907,living room,3,book,book,correct,True,correct
qwen_vl,140487,living room,1,phone,cellular_telephone,wrong,False,wrong
qwen_vl,140487,living room,2,tv,television_set,wrong,False,unverifiable
qwen_vl,140487,living room,3,couch,sofa,correct,True,correct
qwen_vl,140487,living room,4,book,book,correct,True,unverifiable
qwen_vl,140487,living room,5,beer,,unverifiable,False,unverifiable
qwen_vl,140487,living room,6,remote,remote_control,unverifiable,False,unverifiable
qwen_vl,140987,dining,1,pizza,pizza,correct,True,correct
qwen_vl,140987,dining,2,cup,cup,correct,True,correct
qwen_vl,140987,dining,3,straw,straw_(for_drinking),correct,True,correct
qwen_vl,140987,dining,4,napkin,napkin,unverifiable,False,unverifiable
qwen_vl,141180,bedroom,1,laptop,laptop_computer,correct,True,unverifiable
qwen_vl,141180,bedroom,2,ipod,iPod,correct,True,correct
qwen_vl,141180,bedroom,3,phone,cellular_telephone,correct,True,correct
qwen_vl,141180,bedroom,4,headphones,earphone,correct,True,correct
qwen_vl,141795,bathroom,1,Toilet paper,toilet_tissue,unverifiable,False,unverifiable
qwen_vl,141795,bathroom,2,toothbrush,toothbrush,correct,True,correct
qwen_vl,141795,bathroom,3,towel,towel,correct,True,correct
qwen_vl,141795,bathroom,4,sink,sink,correct,True,correct
qwen_vl,141795,bathroom,5,mirror,mirror,unverifiable,False,unverifiable
qwen_vl,141795,bathroom,6,toilet,toilet,correct,True,correct
qwen_vl,141795,bathroom,7,shower head,shower_head,correct,True,correct
qwen_vl,141795,bathroom,8,soap dispenser,dispenser,unverifiable,False,unverifiable
qwen_vl,142240,kitchen,1,oven,oven,correct,True,correct
qwen_vl,142240,kitchen,2,stove,stove,correct,True,correct
qwen_vl,142240,kitchen,3,oven mitt,,unverifiable,False,unverifiable
qwen_vl,142240,kitchen,4,pan,pan_(for_cooking),correct,True,correct
qwen_vl,142240,kitchen,5,kettle,kettle,correct,True,correct
qwen_vl,142240,kitchen,6,spoon,spoon,unverifiable,False,unverifiable
qwen_vl,142240,kitchen,7,towel,towel,unverifiable,False,unverifiable
qwen_vl,142240,kitchen,8,dishwasher,dishwasher,unverifiable,False,unverifiable
qwen_vl,142240,kitchen,9,sink,sink,correct,True,unverifiable
qwen_vl,142240,kitchen,10,counter,,unverifiable,False,unverifiable
qwen_vl,142291,living room,1,couch,sofa,correct,True,correct
qwen_vl,142291,living room,2,remote control,remote_control,correct,True,unverifiable
qwen_vl,142291,living room,3,game controller,control,correct,True,correct
qwen_vl,142291,living room,4,chair,chair,wrong,False,unverifiable
qwen_vl,142291,living room,5,pillow,pillow,correct,True,correct
qwen_vl,142291,living room,6,lamp,lamp,correct,True,correct
qwen_vl,142291,living room,7,table,table,unverifiable,False,unverifiable
qwen_vl,142291,living room,8,box,box,unverifiable,False,unverifiable
qwen_vl,142291,living room,9,boy,person,correct,True,unverifiable
qwen_vl,149184,kitchen,1,microwave,microwave_oven,correct,True,correct
qwen_vl,149184,kitchen,2,dishwasher,dishwasher,correct,True,correct
qwen_vl,149184,kitchen,3,coffee maker,coffee_maker,correct,True,correct
qwen_vl,149184,kitchen,4,oven,oven,correct,True,unverifiable
qwen_vl,149184,kitchen,5,sink,sink,correct,True,unverifiable
qwen_vl,149184,kitchen,6,refrigerator,refrigerator,correct,True,correct
qwen_vl,150417,kitchen,1,birthday cake,birthday_cake,unverifiable,False,unverifiable
qwen_vl,150417,kitchen,2,candles,candle,unverifiable,False,unverifiable
qwen_vl,150417,kitchen,3,refrigerator,refrigerator,correct,True,correct
qwen_vl,150417,kitchen,4,microwave,microwave_oven,wrong,False,unverifiable
qwen_vl,150417,kitchen,5,coffee maker,coffee_maker,unverifiable,False,unverifiable
qwen_vl,150417,kitchen,6,cup,cup,correct,True,correct
qwen_vl,150417,kitchen,7,chair,chair,correct,True,unverifiable
qwen_vl,150874,bedroom,1,phone,cellular_telephone,unverifiable,True,unverifiable
qwen_vl,150874,bedroom,2,bed,bed,correct,True,correct
qwen_vl,150874,bedroom,3,desk,desk,correct,True,correct
qwen_vl,150874,bedroom,4,chair,chair,correct,True,unverifiable
qwen_vl,150874,bedroom,5,lamp,lamp,correct,True,correct
qwen_vl,150874,bedroom,6,table,table,unverifiable,True,unverifiable
qwen_vl,150874,bedroom,7,window,,unverifiable,False,unverifiable
qwen_vl,150874,bedroom,8,curtain,curtain,correct,True,correct
qwen_vl,151414,bedroom,1,cat,cat,correct,True,unverifiable
qwen_vl,151414,bedroom,2,couch,sofa,correct,True,unverifiable
qwen_vl,151414,bedroom,3,pillow,pillow,correct,True,correct
qwen_vl,151414,bedroom,4,lamp,lamp,unverifiable,False,unverifiable
qwen_vl,152298,bathroom,1,toilet paper,toilet_tissue,correct,True,correct
qwen_vl,152298,bathroom,2,soap,soap,unverifiable,False,unverifiable
qwen_vl,152298,bathroom,3,towel,towel,unverifiable,True,unverifiable
qwen_vl,152298,bathroom,4,sink,sink,correct,True,correct
qwen_vl,152298,bathroom,5,mirror,mirror,correct,True,correct
qwen_vl,154358,living room,1,laptop,laptop_computer,wrong,False,unverifiable
qwen_vl,154358,living room,2,laptop bag,,unverifiable,False,unverifiable
qwen_vl,154358,living room,3,coffee table,coffee_table,correct,True,correct
qwen_vl,154358,living room,4,rug,,unverifiable,False,unverifiable
qwen_vl,154358,living room,5,chair,chair,correct,True,unverifiable
qwen_vl,154358,living room,6,fireplace,fireplace,correct,True,correct
qwen_vl,154358,living room,7,mirror,mirror,correct,True,correct
qwen_vl,154358,living room,8,vase,vase,correct,True,correct
qwen_vl,154358,living room,9,pillow,pillow,unverifiable,False,unverifiable
qwen_vl,154358,living room,10,flower,,unverifiable,False,unverifiable
qwen_vl,154431,living room,1,remote control,remote_control,correct,True,correct
qwen_vl,154431,living room,2,television,television_set,correct,True,correct
qwen_vl,154431,living room,3,statue,statue_(sculpture),unverifiable,False,unverifiable
qwen_vl,154704,dining,1,fork,fork,correct,True,correct
qwen_vl,154704,dining,2,knife,knife,correct,True,correct
qwen_vl,154704,dining,3,napkin,napkin,correct,True,correct
qwen_vl,154704,dining,4,plate,plate,unverifiable,False,unverifiable
qwen_vl,154704,dining,5,cup,cup,unverifiable,False,unverifiable
qwen_vl,154704,dining,6,chair,chair,correct,True,unverifiable
qwen_vl,156643,dining,1,beer,,unverifiable,False,unverifiable
qwen_vl,156643,dining,2,cake,cake,correct,True,correct
qwen_vl,156643,dining,3,phone,cellular_telephone,unverifiable,False,unverifiable
qwen_vl,156643,dining,4,microphone,microphone,correct,True,correct
qwen_vl,157045,bathroom,1,toilet paper,toilet_tissue,correct,True,correct
qwen_vl,157045,bathroom,2,toilet,toilet,correct,True,correct
qwen_vl,157045,bathroom,3,sink,sink,correct,True,correct
qwen_vl,157045,bathroom,4,mirror,mirror,unverifiable,False,unverifiable
qwen_vl,157045,bathroom,5,basket,basket,correct,True,correct
qwen_vl,158880,bathroom,1,toilet paper,toilet_tissue,correct,True,correct
qwen_vl,158880,bathroom,2,toilet,toilet,correct,True,correct
qwen_vl,158880,bathroom,3,phone,cellular_telephone,unverifiable,True,unverifiable
qwen_vl,163589,dining,1,wine glass,wineglass,correct,True,unverifiable
qwen_vl,163589,dining,2,sandwich,sandwich,correct,True,correct
qwen_vl,163589,dining,3,bread,bread,correct,True,correct
qwen_vl,163589,dining,4,knife,knife,unverifiable,False,unverifiable
qwen_vl,163589,dining,5,can,can,correct,True,correct
qwen_vl,163589,dining,6,wine bottle,wine_bottle,unverifiable,False,unverifiable
qwen_vl,163589,dining,7,tablecloth,tablecloth,unverifiable,False,unverifiable
qwen_vl,164005,bedroom,1,laptop,laptop_computer,correct,True,correct
qwen_vl,164005,bedroom,2,bed,bed,correct,True,correct
qwen_vl,164005,bedroom,3,baby,person,correct,True,unverifiable
qwen_vl,164602,bathroom,1,toothbrush,toothbrush,correct,True,correct
qwen_vl,164602,bathroom,2,camera,camera,correct,True,correct
qwen_vl,164602,bathroom,3,mirror,mirror,unverifiable,False,unverifiable
qwen_vl,166313,bathroom,1,toilet paper,toilet_tissue,correct,True,correct
qwen_vl,166313,bathroom,2,toilet,toilet,correct,True,correct
qwen_vl,166313,bathroom,3,sink,sink,correct,True,correct
qwen_vl,166313,bathroom,4,bathtub,bathtub,correct,True,correct
qwen_vl,166313,bathroom,5,towel,towel,unverifiable,True,unverifiable
qwen_vl,166426,dining,1,plate,plate,unverifiable,False,unverifiable
qwen_vl,166426,dining,2,fork,fork,correct,True,unverifiable
qwen_vl,166426,dining,3,knife,knife,correct,True,correct
qwen_vl,166426,dining,4,bottle,bottle,correct,True,correct
qwen_vl,166426,dining,5,glass,glass_(drink_container),correct,True,correct
qwen_vl,166533,kitchen,1,sink,sink,correct,True,unverifiable
qwen_vl,166533,kitchen,2,faucet,faucet,correct,True,correct
qwen_vl,166533,kitchen,3,dishwasher,dishwasher,correct,True,correct
qwen_vl,166533,kitchen,4,window,,unverifiable,False,unverifiable
qwen_vl,166533,kitchen,5,vase,vase,correct,True,correct
qwen_vl,166533,kitchen,6,bottle,bottle,correct,True,unverifiable
qwen_vl,166533,kitchen,7,drawer,drawer,correct,True,correct
qwen_vl,166533,kitchen,8,cabinet,cabinet,correct,True,correct
qwen_vl,166533,kitchen,9,cupboard,cupboard,unverifiable,False,unverifiable
qwen_vl,167898,bathroom,1,Toilet paper,toilet_tissue,unverifiable,False,unverifiable
qwen_vl,167898,bathroom,2,soap,soap,correct,True,correct
qwen_vl,167898,bathroom,3,faucet,faucet,correct,True,correct
qwen_vl,167898,bathroom,4,toilet,toilet,correct,True,correct
qwen_vl,167898,bathroom,5,sink,sink,correct,True,unverifiable
qwen_vl,167898,bathroom,6,shower curtain,shower_curtain,correct,True,correct
qwen_vl,167898,bathroom,7,bathtub,bathtub,correct,True,correct
qwen_vl,167898,bathroom,8,mirror,mirror,correct,True,correct
qwen_vl,170191,bedroom,1,bed,bed,correct,True,correct
qwen_vl,170191,bedroom,2,suitcase,suitcase,correct,True,correct
qwen_vl,170191,bedroom,3,robe,robe,unverifiable,False,unverifiable
qwen_vl,170191,bedroom,4,glasses,spectacles,unverifiable,False,unverifiable
qwen_vl,170191,bedroom,5,hat,hat,unverifiable,False,unverifiable
qwen_vl,170529,bedroom,1,statue,statue_(sculpture),unverifiable,False,unverifiable
qwen_vl,170529,bedroom,2,mirror,mirror,unverifiable,False,unverifiable
qwen_vl,170529,bedroom,3,cross,,unverifiable,False,unverifiable
qwen_vl,170529,bedroom,4,chair,chair,correct,True,unverifiable
qwen_vl,171740,living room,1,lamp,lamp,correct,True,correct
qwen_vl,171740,living room,2,clock,clock,correct,True,unverifiable
qwen_vl,171740,living room,3,couch,sofa,correct,True,correct
qwen_vl,171740,living room,4,chair,chair,wrong,False,unverifiable
qwen_vl,171740,living room,5,table,table,unverifiable,False,unverifiable
qwen_vl,171740,living room,6,lampshade,lampshade,correct,True,correct
qwen_vl,171740,living room,7,poster,poster,unverifiable,False,unverifiable
qwen_vl,171740,living room,8,picture,,unverifiable,False,unverifiable
qwen_vl,173968,bathroom,1,toilet paper,toilet_tissue,unverifiable,False,unverifiable
qwen_vl,173968,bathroom,2,soap,soap,unverifiable,False,unverifiable
qwen_vl,173968,bathroom,3,toothbrush,toothbrush,correct,True,unverifiable
qwen_vl,173968,bathroom,4,sink,sink,correct,True,unverifiable
qwen_vl,173968,bathroom,5,mirror,mirror,unverifiable,False,unverifiable
qwen_vl,173968,bathroom,6,toilet,toilet,correct,True,correct
qwen_vl,173968,bathroom,7,towel,towel,correct,True,correct
qwen_vl,173968,bathroom,8,shower curtain,shower_curtain,correct,True,correct
qwen_vl,174964,bedroom,1,pillow,pillow,correct,True,correct
qwen_vl,174964,bedroom,2,blanket,blanket,unverifiable,True,unverifiable
qwen_vl,174964,bedroom,3,dresser,dresser,unverifiable,False,unverifiable
qwen_vl,174964,bedroom,4,window,,unverifiable,False,unverifiable
qwen_vl,174964,bedroom,5,air conditioner,air_conditioner,correct,True,correct
qwen_vl,175364,kitchen,1,kitchen sink,kitchen_sink,correct,True,correct
qwen_vl,175364,kitchen,2,oven,oven,correct,True,unverifiable
qwen_vl,175364,kitchen,3,refrigerator,refrigerator,wrong,False,unverifiable
qwen_vl,175364,kitchen,4,toaster,toaster,correct,True,correct
qwen_vl,175364,kitchen,5,coffee maker,coffee_maker,unverifiable,False,unverifiable
qwen_vl,175364,kitchen,6,dishwasher,dishwasher,correct,True,correct
qwen_vl,175364,kitchen,7,microwave,microwave_oven,wrong,False,unverifiable
qwen_vl,175364,kitchen,8,stove,stove,correct,True,correct
qwen_vl,175364,kitchen,9,faucet,faucet,unverifiable,False,unverifiable
qwen_vl,175364,kitchen,10,knife,knife,unverifiable,False,unverifiable
qwen_vl,177824,living room,1,laptop,laptop_computer,correct,True,correct
qwen_vl,177824,living room,2,chair,chair,correct,True,unverifiable
qwen_vl,177824,living room,3,bed,bed,correct,True,unverifiable
qwen_vl,177824,living room,4,table,table,unverifiable,False,unverifiable
qwen_vl,177824,living room,5,flowers,,unverifiable,False,unverifiable
qwen_vl,178504,bedroom,1,baby,person,correct,True,unverifiable
qwen_vl,178504,bedroom,2,blanket,blanket,correct,True,correct
qwen_vl,178504,bedroom,3,crib,crib,unverifiable,False,unverifiable
qwen_vl,178690,living room,1,couch,sofa,correct,True,unverifiable
qwen_vl,178690,living room,2,bookshelf,,unverifiable,False,unverifiable
qwen_vl,178690,living room,3,television,television_set,correct,True,correct
qwen_vl,178690,living room,4,remote control,remote_control,unverifiable,False,unverifiable
qwen_vl,178690,living room,5,speaker,speaker_(stero_equipment),unverifiable,False,unverifiable
qwen_vl,178690,living room,6,power outlet,wall_socket,correct,True,correct
qwen_vl,180908,bedroom,1,pillow,pillow,correct,True,correct
qwen_vl,180908,bedroom,2,blanket,blanket,unverifiable,True,unverifiable
qwen_vl,180908,bedroom,3,bed,bed,correct,True,correct
qwen_vl,180908,bedroom,4,lamp,lamp,unverifiable,False,unverifiable
qwen_vl,180908,bedroom,5,nightstand,,unverifiable,False,unverifiable
qwen_vl,180908,bedroom,6,phone,cellular_telephone,unverifiable,True,unverifiable
qwen_vl,180908,bedroom,7,chair,chair,wrong,False,unverifiable
qwen_vl,185633,bathroom,1,soap,soap,correct,True,correct
qwen_vl,185633,bathroom,2,toothbrush,toothbrush,correct,True,correct
qwen_vl,185633,bathroom,3,towel,towel,unverifiable,False,unverifiable
qwen_vl,185633,bathroom,4,shampoo,shampoo,correct,True,correct
qwen_vl,185633,bathroom,5,soap dispenser,dispenser,unverifiable,False,unverifiable
qwen_vl,185633,bathroom,6,toothpaste,toothpaste,unverifiable,False,unverifiable
qwen_vl,185633,bathroom,7,sink,sink,correct,True,correct
qwen_vl,185633,bathroom,8,bathtub,bathtub,correct,True,correct
qwen_vl,185633,bathroom,9,mirror,mirror,unverifiable,False,unverifiable
qwen_vl,187243,bathroom,1,toilet paper,toilet_tissue,correct,True,correct
qwen_vl,187243,bathroom,2,toothbrush,toothbrush,unverifiable,False,unverifiable
qwen_vl,187243,bathroom,3,towel,towel,correct,True,correct
qwen_vl,187243,bathroom,4,toilet,toilet,correct,True,correct
qwen_vl,187243,bathroom,5,sink,sink,correct,True,unverifiable
qwen_vl,189045,bedroom,1,bed,bed,correct,True,correct
qwen_vl,189045,bedroom,2,lamp,lamp,correct,True,correct
qwen_vl,189045,bedroom,3,clothes rack,,unverifiable,False,unverifiable
qwen_vl,189045,bedroom,4,birdhouses,birdhouse,correct,True,correct
qwen_vl,189045,bedroom,5,pillows,pillow,unverifiable,False,unverifiable
qwen_vl,191997,kitchen,1,fridge,refrigerator,correct,True,correct
qwen_vl,191997,kitchen,2,towel,towel,unverifiable,False,unverifiable
qwen_vl,191997,kitchen,3,chair,chair,correct,True,correct
qwen_vl,191997,kitchen,4,bookshelf,,unverifiable,False,unverifiable
qwen_vl,191997,kitchen,5,door,,unverifiable,False,unverifiable
qwen_vl,191997,kitchen,6,wall,,unverifiable,False,unverifiable
qwen_vl,191997,kitchen,7,floor,,unverifiable,False,unverifiable
qwen_vl,191997,kitchen,8,cabinet,cabinet,unverifiable,False,unverifiable
qwen_vl,191997,kitchen,9,cupboard,cupboard,unverifiable,False,unverifiable
qwen_vl,191997,kitchen,10,shelf,,unverifiable,False,unverifiable
qwen_vl,191997,kitchen,11,table,table,unverifiable,False,unverifiable
qwen_vl,193047,kitchen,1,paintbrush,paintbrush,unverifiable,False,unverifiable
qwen_vl,193047,kitchen,2,paint bucket,bucket,correct,True,correct
qwen_vl,193047,kitchen,3,newspaper,newspaper,unverifiable,False,unverifiable
qwen_vl,194724,kitchen,1,pizza,pizza,correct,True,correct
qwen_vl,194724,kitchen,2,newspaper,newspaper,unverifiable,False,unverifiable
qwen_vl,194724,kitchen,3,soda,pop_(soda),unverifiable,False,unverifiable
qwen_vl,194724,kitchen,4,phone,cellular_telephone,correct,True,unverifiable
qwen_vl,195754,living room,1,tv,television_set,correct,True,correct
qwen_vl,195754,living room,2,couch,sofa,correct,True,correct
qwen_vl,195754,living room,3,lamp,lamp,correct,True,correct
qwen_vl,195754,living room,4,coffee table,coffee_table,correct,True,correct
qwen_vl,195754,living room,5,ottoman,ottoman,unverifiable,False,unverifiable
qwen_vl,195754,living room,6,chair,chair,correct,True,unverifiable
qwen_vl,195754,living room,7,fireplace,fireplace,correct,True,correct
qwen_vl,199502,bedroom,1,lamp,lamp,correct,True,correct
qwen_vl,199502,bedroom,2,chair,chair,correct,True,correct
qwen_vl,199502,bedroom,3,bed,bed,correct,True,correct
qwen_vl,199502,bedroom,4,curtain,curtain,unverifiable,False,unverifiable
qwen_vl,199502,bedroom,5,pillow,pillow,unverifiable,False,unverifiable
qwen_vl,199502,bedroom,6,blanket,blanket,correct,True,correct
qwen_vl,199502,bedroom,7,cup,cup,unverifiable,False,unverifiable
qwen_vl,199502,bedroom,8,bottle,bottle,wrong,False,unverifiable
qwen_vl,199502,bedroom,9,book,book,unverifiable,False,unverifiable
qwen_vl,200548,bathroom,1,Toilet,toilet,correct,True,correct
qwen_vl,200548,bathroom,2,sink,sink,correct,True,unverifiable
qwen_vl,200548,bathroom,3,bathtub,bathtub,correct,True,correct
qwen_vl,200548,bathroom,4,mirror,mirror,correct,True,correct
qwen_vl,200548,bathroom,5,faucet,faucet,unverifiable,False,unverifiable
qwen_vl,200548,bathroom,6,toilet paper,toilet_tissue,unverifiable,False,unverifiable
qwen_vl,200548,bathroom,7,towel rack,towel_rack,correct,True,correct
qwen_vl,200548,bathroom,8,wall socket,wall_socket,correct,True,correct
qwen_vl,200548,bathroom,9,floor tiles,,unverifiable,False,unverifiable
qwen_vl,200548,bathroom,10,cabinet,cabinet,correct,True,correct
qwen_vl,200952,bedroom,1,lamp,lamp,unverifiable,False,unverifiable
qwen_vl,200952,bedroom,2,television,television_set,correct,True,correct
qwen_vl,200952,bedroom,3,chair,chair,correct,True,unverifiable
qwen_vl,200952,bedroom,4,suitcase,suitcase,correct,True,correct
qwen_vl,200952,bedroom,5,bed,bed,correct,True,correct
qwen_vl,200952,bedroom,6,pillow,pillow,correct,True,correct
qwen_vl,200952,bedroom,7,rug,,unverifiable,False,unverifiable
qwen_vl,204661,living room,1,phone,cellular_telephone,correct,True,correct
qwen_vl,204661,living room,2,keyboard,computer_keyboard,correct,True,correct
qwen_vl,204661,living room,3,computer mouse,mouse_(computer_equipment),unverifiable,False,unverifiable
qwen_vl,204661,living room,4,mouse pad,pad,unverifiable,False,unverifiable
qwen_vl,204661,living room,5,earphones,earphone,unverifiable,False,unverifiable
qwen_vl,204661,living room,6,pen,pen,unverifiable,False,unverifiable
qwen_vl,204661,living room,7,paper,newspaper,unverifiable,False,unverifiable
qwen_vl,204661,living room,8,calculator,calculator,unverifiable,False,unverifiable
qwen_vl,204661,living room,9,ruler,measuring_stick,unverifiable,False,unverifiable
qwen_vl,204661,living room,10,eraser,eraser,unverifiable,False,unverifiable
qwen_vl,204661,living room,11,pencil,pencil,unverifiable,False,unverifiable
qwen_vl,204661,living room,12,highlighter,,unverifiable,False,unverifiable
qwen_vl,205514,living room,1,remote control,remote_control,unverifiable,False,unverifiable
qwen_vl,205514,living room,2,book,book,correct,True,unverifiable
qwen_vl,205514,living room,3,vase,vase,correct,True,correct
qwen_vl,205514,living room,4,chair,chair,correct,True,unverifiable
qwen_vl,205514,living room,5,sofa,sofa,correct,True,correct
qwen_vl,205514,living room,6,table,table,unverifiable,False,unverifiable
qwen_vl,205514,living room,7,television,television_set,correct,True,correct
qwen_vl,205514,living room,8,lamp,lamp,unverifiable,False,unverifiable
qwen_vl,205514,living room,9,mirror,mirror,unverifiable,False,unverifiable
qwen_vl,206395,living room,1,television,television_set,correct,True,correct
qwen_vl,206395,living room,2,refrigerator,refrigerator,correct,True,unverifiable
qwen_vl,206395,living room,3,box,box,correct,True,correct
qwen_vl,206395,living room,4,umbrella,umbrella,wrong,False,unverifiable
qwen_vl,206395,living room,5,shoes,shoe,correct,True,correct
qwen_vl,208778,bedroom,1,bed,bed,correct,True,correct
qwen_vl,208778,bedroom,2,pillow,pillow,correct,True,correct
qwen_vl,208778,bedroom,3,blanket,blanket,unverifiable,False,unverifiable
qwen_vl,208778,bedroom,4,monitor,,unverifiable,False,unverifiable
qwen_vl,208778,bedroom,5,chair,chair,wrong,False,unverifiable
qwen_vl,208778,bedroom,6,coffee cup,cup,unverifiable,True,unverifiable
qwen_vl,208778,bedroom,7,remote control,remote_control,unverifiable,False,unverifiable
qwen_vl,208778,bedroom,8,phone,cellular_telephone,unverifiable,False,unverifiable
qwen_vl,208778,bedroom,9,lamp,lamp,unverifiable,False,unverifiable
qwen_vl,208778,bedroom,10,door,,unverifiable,False,unverifiable
qwen_vl,208778,bedroom,11,window,,unverifiable,False,unverifiable
qwen_vl,208778,bedroom,12,wall,,unverifiable,False,unverifiable
qwen_vl,209802,bathroom,1,Toilet paper,toilet_tissue,correct,True,correct
qwen_vl,209802,bathroom,2,toothbrush,toothbrush,unverifiable,False,unverifiable
qwen_vl,209802,bathroom,3,soap,soap,unverifiable,False,unverifiable
qwen_vl,209802,bathroom,4,towel,towel,unverifiable,False,unverifiable
qwen_vl,209802,bathroom,5,mirror,mirror,correct,True,correct
qwen_vl,209802,bathroom,6,sink,sink,correct,True,unverifiable
qwen_vl,209802,bathroom,7,toilet,toilet,correct,True,correct
qwen_vl,209802,bathroom,8,bathtub,bathtub,unverifiable,False,unverifiable
qwen_vl,209802,bathroom,9,shower curtain,shower_curtain,unverifiable,False,unverifiable
qwen_vl,209802,bathroom,10,bath mat,bath_mat,correct,True,correct
qwen_vl,210612,bedroom,1,mirror,mirror,correct,True,correct
qwen_vl,210612,bedroom,2,dresser,dresser,unverifiable,False,unverifiable
qwen_vl,210612,bedroom,3,bed,bed,correct,True,correct
qwen_vl,210612,bedroom,4,blanket,blanket,correct,True,correct
qwen_vl,210612,bedroom,5,lamp,lamp,correct,True,correct
qwen_vl,215746,dining,1,fish and chips,,unverifiable,False,unverifiable
qwen_vl,215746,dining,2,tartar sauce,,unverifiable,False,unverifiable
qwen_vl,215746,dining,3,onion rings,ring,unverifiable,False,unverifiable
qwen_vl,215746,dining,4,lettuce,lettuce,correct,True,correct
qwen_vl,215746,dining,5,french fries,,unverifiable,False,unverifiable
qwen_vl,215746,dining,6,cup,cup,unverifiable,False,unverifiable
qwen_vl,217546,living room,1,remote control,remote_control,correct,True,correct
qwen_vl,217546,living room,2,beer bottle,beer_bottle,correct,True,correct
qwen_vl,218091,bedroom,1,phone,cellular_telephone,unverifiable,True,unverifiable
qwen_vl,218091,bedroom,2,television,television_set,correct,True,correct
qwen_vl,218091,bedroom,3,remote control,remote_control,correct,True,correct
qwen_vl,218091,bedroom,4,lamp,lamp,correct,True,correct
qwen_vl,218091,bedroom,5,bed,bed,correct,True,correct
qwen_vl,218091,bedroom,6,pillow,pillow,unverifiable,True,unverifiable
qwen_vl,218091,bedroom,7,chair,chair,correct,True,unverifiable
qwen_vl,218091,bedroom,8,couch,sofa,correct,True,unverifiable
qwen_vl,218091,bedroom,9,mirror,mirror,correct,True,correct
qwen_vl,222625,living room,1,cake,cake,wrong,False,unverifiable
qwen_vl,222625,living room,2,tie,necktie,correct,True,unverifiable
qwen_vl,222625,living room,3,shirt,shirt,unverifiable,False,unverifiable
qwen_vl,223500,kitchen,1,bananas,banana,correct,True,correct
qwen_vl,223500,kitchen,2,oranges,orange_(fruit),correct,True,correct
qwen_vl,223500,kitchen,3,towel,towel,unverifiable,False,unverifiable
qwen_vl,223500,kitchen,4,sponge,sponge,unverifiable,False,unverifiable
qwen_vl,223500,kitchen,5,soap,soap,unverifiable,False,unverifiable
qwen_vl,223500,kitchen,6,dishwashing liquid,dishwasher_detergent,unverifiable,False,unverifiable
qwen_vl,224367,bedroom,1,cat,cat,correct,True,correct
qwen_vl,224367,bedroom,2,bed,bed,correct,True,correct
qwen_vl,224367,bedroom,3,blanket,blanket,unverifiable,True,unverifiable
qwen_vl,226329,living room,1,couch,sofa,correct,True,correct
qwen_vl,226329,living room,2,chair,chair,correct,True,correct
qwen_vl,226329,living room,3,table,table,unverifiable,False,unverifiable
qwen_vl,226329,living room,4,lamp,lamp,unverifiable,False,unverifiable
qwen_vl,226329,living room,5,fireplace,fireplace,correct,True,correct
qwen_vl,226329,living room,6,picture,,unverifiable,False,unverifiable
qwen_vl,226329,living room,7,ottoman,ottoman,unverifiable,False,unverifiable
qwen_vl,227985,dining,1,sandwich,sandwich,correct,True,correct
qwen_vl,227985,dining,2,tomato,tomato,correct,True,correct
qwen_vl,227985,dining,3,lettuce,lettuce,correct,True,correct
qwen_vl,227985,dining,4,plate,plate,unverifiable,False,unverifiable
qwen_vl,227985,dining,5,knife,knife,correct,True,correct
qwen_vl,232088,living room,1,remote control,remote_control,correct,True,unverifiable
qwen_vl,232088,living room,2,tv,television_set,correct,True,correct
qwen_vl,232088,living room,3,chair,chair,correct,True,unverifiable
qwen_vl,232088,living room,4,couch,sofa,correct,True,unverifiable
qwen_vl,232088,living room,5,ottoman,ottoman,correct,True,correct
qwen_vl,232088,living room,6,pillow,pillow,correct,True,correct
qwen_vl,232088,living room,7,window,,unverifiable,False,unverifiable
qwen_vl,232088,living room,8,air conditioner,air_conditioner,correct,True,correct
qwen_vl,232649,bathroom,1,Toilet paper,toilet_tissue,correct,True,correct
qwen_vl,232649,bathroom,2,sink,sink,correct,True,unverifiable
qwen_vl,232649,bathroom,3,faucet,faucet,correct,True,correct
qwen_vl,232649,bathroom,4,toilet,toilet,correct,True,correct
qwen_vl,232649,bathroom,5,mirror,mirror,correct,True,correct
qwen_vl,232649,bathroom,6,stool,stool,correct,True,correct
qwen_vl,234779,dining,1,sandwiches,sandwich,correct,True,correct
qwen_vl,234779,dining,2,plates,plate,correct,True,correct
qwen_vl,234779,dining,3,table,table,unverifiable,True,unverifiable
qwen_vl,238154,bedroom,1,pillow,pillow,correct,True,correct
qwen_vl,238154,bedroom,2,blanket,blanket,correct,True,correct
qwen_vl,238154,bedroom,3,lamp,lamp,unverifiable,False,unverifiable
qwen_vl,238154,bedroom,4,picture,,unverifiable,False,unverifiable
qwen_vl,238154,bedroom,5,bed,bed,correct,True,correct
qwen_vl,238154,bedroom,6,window,,unverifiable,False,unverifiable
qwen_vl,238154,bedroom,7,curtain,curtain,correct,True,correct
qwen_vl,239013,living room,1,couch,sofa,correct,True,correct
qwen_vl,239013,living room,2,coffee table,coffee_table,correct,True,correct
qwen_vl,239013,living room,3,vase,vase,correct,True,unverifiable
qwen_vl,239013,living room,4,pillow,pillow,correct,True,correct
qwen_vl,239013,living room,5,rug,,unverifiable,False,unverifiable
qwen_vl,239013,living room,6,chair,chair,correct,True,unverifiable
qwen_vl,239013,living room,7,lamp,lamp,unverifiable,False,unverifiable
qwen_vl,239013,living room,8,mirror,mirror,unverifiable,False,unverifiable
qwen_vl,239013,living room,9,fan,fan,correct,True,correct
qwen_vl,239013,living room,10,remote control,remote_control,unverifiable,False,unverifiable
qwen_vl,240043,kitchen,1,newspaper,newspaper,correct,True,correct
qwen_vl,240043,kitchen,2,glasses,spectacles,unverifiable,False,unverifiable
qwen_vl,240043,kitchen,3,hat,hat,correct,True,correct
qwen_vl,240043,kitchen,4,refrigerator,refrigerator,correct,True,correct
qwen_vl,240965,dining,1,plate,plate,unverifiable,False,unverifiable
qwen_vl,240965,dining,2,fork,fork,correct,True,correct
qwen_vl,240965,dining,3,napkin,napkin,correct,True,correct
qwen_vl,242296,living room,1,lamp,lamp,correct,True,correct
qwen_vl,242296,living room,2,couch,sofa,correct,True,correct
qwen_vl,242296,living room,3,laptop,laptop_computer,correct,True,correct
qwen_vl,242296,living room,4,pillow,pillow,unverifiable,False,unverifiable
qwen_vl,242296,living room,5,chair,chair,correct,True,unverifiable
qwen_vl,242296,living room,6,clock,clock,correct,True,correct
qwen_vl,242296,living room,7,fan,fan,correct,True,correct
qwen_vl,242296,living room,8,radio,radio_receiver,unverifiable,False,unverifiable
qwen_vl,242296,living room,9,window,,unverifiable,False,unverifiable
qwen_vl,242296,living room,10,radiator,radiator,unverifiable,False,unverifiable
qwen_vl,242610,bedroom,1,sunglasses,sunglasses,unverifiable,False,unverifiable
qwen_vl,242610,bedroom,2,bed,bed,correct,True,correct
qwen_vl,242610,bedroom,3,shirt,shirt,unverifiable,False,unverifiable
qwen_vl,242610,bedroom,4,shorts,short_pants,correct,True,correct
qwen_vl,242610,bedroom,5,mattress,mattress,unverifiable,False,unverifiable
qwen_vl,242610,bedroom,6,pillow,pillow,unverifiable,False,unverifiable
qwen_vl,242610,bedroom,7,blanket,blanket,unverifiable,True,unverifiable
qwen_vl,242610,bedroom,8,book,book,correct,True,correct
qwen_vl,242610,bedroom,9,radio,radio_receiver,unverifiable,False,unverifiable
qwen_vl,242610,bedroom,10,tape player,,unverifiable,False,unverifiable
qwen_vl,245230,kitchen,1,microwave,microwave_oven,correct,True,correct
qwen_vl,245230,kitchen,2,toaster,toaster,wrong,False,unverifiable
qwen_vl,245230,kitchen,3,oven,oven,correct,True,unverifiable
qwen_vl,245230,kitchen,4,refrigerator,refrigerator,correct,True,unverifiable
qwen_vl,245230,kitchen,5,chair,chair,correct,True,unverifiable
qwen_vl,245230,kitchen,6,table,table,unverifiable,False,unverifiable
qwen_vl,245230,kitchen,7,plate,plate,unverifiable,False,unverifiable
qwen_vl,245230,kitchen,8,food,,unverifiable,False,unverifiable
qwen_vl,247839,dining,1,fork,fork,correct,True,correct
qwen_vl,247839,dining,2,knife,knife,correct,True,unverifiable
qwen_vl,247839,dining,3,plate,plate,unverifiable,False,unverifiable
qwen_vl,247839,dining,4,glass,glass_(drink_container),unverifiable,True,unverifiable
qwen_vl,247839,dining,5,wineglass,wineglass,correct,True,correct
qwen_vl,247839,dining,6,tablecloth,tablecloth,unverifiable,False,unverifiable
qwen_vl,247839,dining,7,chair,chair,correct,True,unverifiable
qwen_vl,247839,dining,8,napkin,napkin,unverifiable,False,unverifiable
qwen_vl,247839,dining,9,menu,,unverifiable,False,unverifiable
qwen_vl,247839,dining,10,waiter,,unverifiable,False,unverifiable
qwen_vl,247839,dining,11,server,,unverifiable,False,unverifiable
qwen_vl,252127,bedroom,1,mirror,mirror,correct,True,correct
qwen_vl,252127,bedroom,2,cat,cat,correct,True,correct
qwen_vl,252127,bedroom,3,rug,,unverifiable,False,unverifiable
qwen_vl,252127,bedroom,4,heater,heater,unverifiable,False,unverifiable
qwen_vl,252127,bedroom,5,plug,,unverifiable,False,unverifiable
qwen_vl,255654,bathroom,1,Toilet paper,toilet_tissue,correct,True,correct
qwen_vl,255654,bathroom,2,toilet,toilet,correct,True,correct
qwen_vl,255654,bathroom,3,toilet brush,,unverifiable,False,unverifiable
qwen_vl,255654,bathroom,4,trash can,trash_can,correct,True,correct
qwen_vl,256518,dining,1,coffee,,unverifiable,False,unverifiable
qwen_vl,256518,dining,2,toast,toast_(food),correct,True,correct
qwen_vl,256518,dining,3,scrambled eggs,egg,unverifiable,False,unverifiable
qwen_vl,256518,dining,4,corn,edible_corn,correct,True,correct
qwen_vl,256518,dining,5,ketchup,,unverifiable,False,unverifiable
qwen_vl,257370,living room,1,tv,television_set,correct,True,correct
qwen_vl,257370,living room,2,speaker,speaker_(stero_equipment),correct,True,correct
qwen_vl,257370,living room,3,wii remote,remote_control,correct,True,unverifiable
qwen_vl,257370,living room,4,controller,control,unverifiable,False,unverifiable
qwen_vl,257370,living room,5,game,,unverifiable,False,unverifiable
qwen_vl,257370,living room,6,baseball,baseball,unverifiable,False,unverifiable
qwen_vl,257370,living room,7,shirt,shirt,unverifiable,False,unverifiable
qwen_vl,257370,living room,8,sweater,sweater,correct,True,correct
qwen_vl,257370,living room,9,jeans,jean,unverifiable,False,unverifiable
qwen_vl,257370,living room,10,pants,trousers,unverifiable,False,unverifiable
qwen_vl,257660,bathroom,1,toilet paper,toilet_tissue,correct,True,correct
qwen_vl,257660,bathroom,2,bath mat,bath_mat,correct,True,correct
qwen_vl,257660,bathroom,3,shower curtain,shower_curtain,correct,True,correct
qwen_vl,257660,bathroom,4,toilet bowl,bowl,wrong,False,unverifiable
qwen_vl,257660,bathroom,5,basket,basket,correct,True,correct
qwen_vl,257773,kitchen,1,spoon,spoon,correct,True,correct
qwen_vl,257773,kitchen,2,knife,knife,unverifiable,False,unverifiable
qwen_vl,257773,kitchen,3,pan,pan_(for_cooking),unverifiable,False,unverifiable
qwen_vl,257773,kitchen,4,fridge,refrigerator,correct,True,correct
qwen_vl,257773,kitchen,5,oven,oven,correct,True,unverifiable
qwen_vl,257773,kitchen,6,bottle,bottle,correct,True,correct
qwen_vl,257773,kitchen,7,paper towel,paper_towel,unverifiable,False,unverifiable
qwen_vl,257773,kitchen,8,jar,jar,correct,True,correct
qwen_vl,260721,living room,1,remote control,remote_control,correct,True,unverifiable
qwen_vl,260721,living room,2,television,television_set,correct,True,correct
qwen_vl,260721,living room,3,fireplace,fireplace,correct,True,correct
qwen_vl,260721,living room,4,couch,sofa,correct,True,correct
qwen_vl,260721,living room,5,table,table,unverifiable,True,unverifiable
qwen_vl,260721,living room,6,chair,chair,wrong,False,unverifiable
qwen_vl,260721,living room,7,floor lamp,lamp,unverifiable,False,unverifiable
qwen_vl,260721,living room,8,book,book,correct,True,unverifiable
qwen_vl,260721,living room,9,pillow,pillow,unverifiable,False,unverifiable
qwen_vl,260721,living room,10,rug,,unverifiable,False,unverifiable
qwen_vl,264347,kitchen,1,microwave,microwave_oven,correct,True,correct
qwen_vl,264347,kitchen,2,oven,oven,correct,True,correct
qwen_vl,264347,kitchen,3,sink,sink,correct,True,unverifiable
qwen_vl,264347,kitchen,4,faucet,faucet,correct,True,correct
qwen_vl,264347,kitchen,5,dishwasher,dishwasher,unverifiable,False,unverifiable
qwen_vl,264347,kitchen,6,refrigerator,refrigerator,correct,True,unverifiable
qwen_vl,266422,living room,1,remote control,remote_control,correct,True,correct
qwen_vl,266422,living room,2,sofa,sofa,correct,True,unverifiable
qwen_vl,266422,living room,3,chair,chair,correct,True,correct
qwen_vl,266422,living room,4,coffee table,coffee_table,correct,True,correct
qwen_vl,266422,living room,5,lamp,lamp,unverifiable,False,unverifiable
qwen_vl,266422,living room,6,painting,painting,unverifiable,False,unverifiable
qwen_vl,266422,living room,7,curtains,curtain,unverifiable,False,unverifiable
qwen_vl,268213,kitchen,1,pepper mill,pepper_mill,unverifiable,False,unverifiable
qwen_vl,268213,kitchen,2,salt shaker,shaker,unverifiable,False,unverifiable
qwen_vl,268213,kitchen,3,bottle opener,bottle_opener,unverifiable,False,unverifiable
qwen_vl,268213,kitchen,4,can opener,can_opener,unverifiable,False,unverifiable
qwen_vl,268213,kitchen,5,knife,knife,correct,True,correct
qwen_vl,268213,kitchen,6,cutting board,chopping_board,unverifiable,False,unverifiable
qwen_vl,268213,kitchen,7,paper towels,paper_towel,unverifiable,False,unverifiable
qwen_vl,268213,kitchen,8,coffee maker,coffee_maker,unverifiable,False,unverifiable
qwen_vl,268213,kitchen,9,coffee filter,,unverifiable,False,unverifiable
qwen_vl,268213,kitchen,10,coffee beans,,unverifiable,False,unverifiable
qwen_vl,268213,kitchen,11,coffee grinder,,unverifiable,False,unverifiable
qwen_vl,268378,dining,1,candles,candle,correct,True,correct
qwen_vl,268378,dining,2,cake,cake,wrong,False,unverifiable
qwen_vl,268378,dining,3,glasses,spectacles,correct,True,correct
qwen_vl,268378,dining,4,plates,plate,unverifiable,False,unverifiable
qwen_vl,268378,dining,5,forks,fork,correct,True,correct
qwen_vl,271167,bathroom,1,shower head,shower_head,correct,True,correct
qwen_vl,271167,bathroom,2,soap,soap,unverifiable,False,unverifiable
qwen_vl,271167,bathroom,3,bath mat,bath_mat,unverifiable,False,unverifiable
qwen_vl,271728,living room,1,cat,cat,correct,True,correct
qwen_vl,271728,living room,2,remote control,remote_control,correct,True,correct
qwen_vl,271728,living room,3,laptop,laptop_computer,correct,True,unverifiable
qwen_vl,271728,living room,4,couch,sofa,correct,True,correct
qwen_vl,271728,living room,5,table,table,unverifiable,False,unverifiable
qwen_vl,271728,living room,6,drawer,drawer,correct,True,correct
qwen_vl,271728,living room,7,cabinet,cabinet,unverifiable,False,unverifiable
qwen_vl,271728,living room,8,blanket,blanket,correct,True,correct
qwen_vl,272203,bedroom,1,pillow,pillow,unverifiable,False,unverifiable
qwen_vl,272203,bedroom,2,blanket,blanket,unverifiable,True,unverifiable
qwen_vl,272203,bedroom,3,bed,bed,correct,True,correct
qwen_vl,272203,bedroom,4,nightstand,,unverifiable,False,unverifiable
qwen_vl,272203,bedroom,5,lamp,lamp,unverifiable,False,unverifiable
qwen_vl,272203,bedroom,6,alarm clock,alarm_clock,correct,True,correct
qwen_vl,274352,dining,1,fork,fork,correct,True,correct
qwen_vl,274352,dining,2,knife,knife,correct,True,correct
qwen_vl,274352,dining,3,spoon,spoon,correct,True,unverifiable
qwen_vl,274352,dining,4,napkin,napkin,correct,True,correct
qwen_vl,274352,dining,5,glass,glass_(drink_container),correct,True,correct
qwen_vl,274352,dining,6,plate,plate,unverifiable,False,unverifiable
qwen_vl,274352,dining,7,chair,chair,correct,True,unverifiable
qwen_vl,274352,dining,8,table,table,unverifiable,True,unverifiable
qwen_vl,274352,dining,9,water,,unverifiable,False,unverifiable
qwen_vl,274352,dining,10,soda,pop_(soda),unverifiable,False,unverifiable
qwen_vl,274352,dining,11,cup,cup,unverifiable,False,unverifiable
qwen_vl,275374,bedroom,1,cup,cup,correct,True,correct
qwen_vl,275374,bedroom,2,bottle,bottle,wrong,False,unverifiable
qwen_vl,275374,bedroom,3,pillow,pillow,unverifiable,False,unverifiable
qwen_vl,275374,bedroom,4,blanket,blanket,unverifiable,False,unverifiable
qwen_vl,275374,bedroom,5,bed,bed,correct,True,correct
qwen_vl,275374,bedroom,6,window,,unverifiable,False,unverifiable
qwen_vl,275374,bedroom,7,door,,unverifiable,False,unverifiable
qwen_vl,275374,bedroom,8,mirror,mirror,unverifiable,False,unverifiable
qwen_vl,277507,bedroom,1,pillow,pillow,unverifiable,False,unverifiable
qwen_vl,277507,bedroom,2,blanket,blanket,unverifiable,False,unverifiable
qwen_vl,277507,bedroom,3,lamp,lamp,unverifiable,False,unverifiable
qwen_vl,277507,bedroom,4,remote control,remote_control,unverifiable,False,unverifiable
qwen_vl,277507,bedroom,5,bottle,bottle,correct,True,unverifiable
qwen_vl,277507,bedroom,6,glasses,spectacles,unverifiable,False,unverifiable
qwen_vl,277507,bedroom,7,socks,sock,unverifiable,False,unverifiable
qwen_vl,283717,kitchen,1,microwave,microwave_oven,correct,True,correct
qwen_vl,283717,kitchen,2,coffee maker,coffee_maker,correct,True,correct
qwen_vl,283717,kitchen,3,toaster,toaster,wrong,False,unverifiable
qwen_vl,285400,dining,1,plate,plate,correct,True,correct
qwen_vl,285400,dining,2,food,,unverifiable,False,unverifiable
qwen_vl,285400,dining,3,table,table,unverifiable,True,unverifiable
qwen_vl,290771,living room,1,remote control,remote_control,unverifiable,False,unverifiable
qwen_vl,290771,living room,2,coffee table,coffee_table,unverifiable,False,unverifiable
qwen_vl,290771,living room,3,couch,sofa,correct,True,unverifiable
qwen_vl,290771,living room,4,chair,chair,correct,True,unverifiable
qwen_vl,290771,living room,5,rug,,unverifiable,False,unverifiable
qwen_vl,290771,living room,6,book,book,correct,True,correct
qwen_vl,290771,living room,7,pillow,pillow,unverifiable,False,unverifiable
qwen_vl,290771,living room,8,blanket,blanket,correct,True,correct
qwen_vl,290771,living room,9,window,,unverifiable,False,unverifiable
qwen_vl,290771,living room,10,tree,,unverifiable,False,unverifiable
qwen_vl,290771,living room,11,floor lamp,lamp,unverifiable,False,unverifiable
qwen_vl,293390,bathroom,1,sink,sink,correct,True,correct
qwen_vl,293390,bathroom,2,faucet,faucet,correct,True,correct
qwen_vl,293390,bathroom,3,soap dispenser,dispenser,unverifiable,False,unverifiable
qwen_vl,293390,bathroom,4,toothbrushes,toothbrush,correct,True,correct
qwen_vl,293390,bathroom,5,towel rack,towel_rack,unverifiable,False,unverifiable
qwen_vl,296205,living room,1,dog,dog,correct,True,correct
qwen_vl,296205,living room,2,blanket,blanket,unverifiable,True,unverifiable
qwen_vl,296205,living room,3,pillow,pillow,unverifiable,False,unverifiable
qwen_vl,296205,living room,4,couch,sofa,correct,True,correct
qwen_vl,296205,living room,5,sweater,sweater,unverifiable,False,unverifiable
qwen_vl,296205,living room,6,glasses,spectacles,correct,True,correct
qwen_vl,297353,bedroom,1,guitar,guitar,correct,True,correct
qwen_vl,297353,bedroom,2,bed,bed,correct,True,correct
qwen_vl,297353,bedroom,3,lamp,lamp,unverifiable,False,unverifiable
qwen_vl,297353,bedroom,4,remote control,remote_control,unverifiable,False,unverifiable
qwen_vl,297353,bedroom,5,books,book,correct,True,correct
qwen_vl,299632,bedroom,1,phone,cellular_telephone,correct,True,unverifiable
qwen_vl,299632,bedroom,2,camera,camera,unverifiable,False,unverifiable
qwen_vl,299632,bedroom,3,wallet,wallet,unverifiable,False,unverifiable
qwen_vl,300882,bedroom,1,bed,bed,correct,True,correct
qwen_vl,300882,bedroom,2,mirror,mirror,correct,True,correct
qwen_vl,300882,bedroom,3,dresser,dresser,unverifiable,False,unverifiable
qwen_vl,300882,bedroom,4,fireplace,fireplace,correct,True,correct
qwen_vl,300882,bedroom,5,lamp,lamp,unverifiable,False,unverifiable
qwen_vl,300882,bedroom,6,rug,,unverifiable,False,unverifiable
qwen_vl,302680,living room,1,couch,sofa,correct,True,correct
qwen_vl,302680,living room,2,coffee table,coffee_table,unverifiable,True,unverifiable
qwen_vl,302680,living room,3,lamp,lamp,correct,True,correct
qwen_vl,302680,living room,4,mirror,mirror,correct,True,correct
qwen_vl,302680,living room,5,vase,vase,correct,True,unverifiable
qwen_vl,302680,living room,6,fireplace,fireplace,correct,True,correct
qwen_vl,302680,living room,7,rug,,unverifiable,False,unverifiable
qwen_vl,302680,living room,8,chair,chair,correct,True,unverifiable
qwen_vl,302680,living room,9,chandelier,chandelier,correct,True,correct
qwen_vl,302680,living room,10,flower,,unverifiable,False,unverifiable
qwen_vl,303002,bathroom,1,Toilet paper,toilet_tissue,correct,True,correct
qwen_vl,303002,bathroom,2,toilet,toilet,correct,True,correct
qwen_vl,303002,bathroom,3,sink,sink,correct,True,unverifiable
qwen_vl,303002,bathroom,4,mirror,mirror,unverifiable,False,unverifiable
qwen_vl,303002,bathroom,5,soap,soap,correct,True,correct
qwen_vl,303002,bathroom,6,cup,cup,wrong,False,unverifiable
qwen_vl,303002,bathroom,7,towel rack,towel_rack,unverifiable,False,unverifiable
qwen_vl,303520,kitchen,1,fork,fork,correct,True,correct
qwen_vl,303520,kitchen,2,knife,knife,correct,True,correct
qwen_vl,303520,kitchen,3,plate,plate,unverifiable,False,unverifiable
qwen_vl,303520,kitchen,4,cake,cake,correct,True,correct
qwen_vl,303520,kitchen,5,glasses,spectacles,unverifiable,False,unverifiable
qwen_vl,304827,kitchen,1,kitchen sink,kitchen_sink,unverifiable,False,unverifiable
qwen_vl,304827,kitchen,2,dishwasher,dishwasher,unverifiable,False,unverifiable
qwen_vl,304827,kitchen,3,refrigerator,refrigerator,correct,True,correct
qwen_vl,304827,kitchen,4,coffee maker,coffee_maker,correct,True,correct
qwen_vl,304827,kitchen,5,toaster,toaster,correct,True,correct
qwen_vl,306733,bathroom,1,towel,towel,unverifiable,True,unverifiable
qwen_vl,306733,bathroom,2,shower curtain,shower_curtain,correct,True,correct
qwen_vl,306733,bathroom,3,bathtub,bathtub,correct,True,correct
qwen_vl,306733,bathroom,4,sink,sink,correct,True,unverifiable
qwen_vl,306733,bathroom,5,faucet,faucet,correct,True,correct
qwen_vl,306733,bathroom,6,soap,soap,correct,True,correct
qwen_vl,306733,bathroom,7,shampoo,shampoo,unverifiable,False,unverifiable
qwen_vl,306733,bathroom,8,hair dryer,hair_dryer,unverifiable,False,unverifiable
qwen_vl,306733,bathroom,9,towel rack,towel_rack,correct,True,correct
qwen_vl,306733,bathroom,10,mirror,mirror,unverifiable,False,unverifiable
qwen_vl,306733,bathroom,11,toilet paper,toilet_tissue,unverifiable,False,unverifiable
qwen_vl,306733,bathroom,12,toilet,toilet,correct,True,unverifiable
qwen_vl,308507,kitchen,1,chandelier,chandelier,correct,True,correct
qwen_vl,308507,kitchen,2,chair,chair,correct,True,unverifiable
qwen_vl,308507,kitchen,3,table,table,unverifiable,False,unverifiable
qwen_vl,308507,kitchen,4,oven,oven,wrong,False,unverifiable
qwen_vl,308507,kitchen,5,microwave,microwave_oven,correct,True,correct
qwen_vl,308507,kitchen,6,refrigerator,refrigerator,wrong,False,unverifiable
qwen_vl,308507,kitchen,7,toaster,toaster,correct,True,correct
qwen_vl,308507,kitchen,8,coffee maker,coffee_maker,unverifiable,False,unverifiable
qwen_vl,308507,kitchen,9,dishwasher,dishwasher,unverifiable,False,unverifiable
qwen_vl,308507,kitchen,10,sink,sink,wrong,False,unverifiable
qwen_vl,308507,kitchen,11,faucet,faucet,unverifiable,False,unverifiable
qwen_vl,309060,kitchen,1,microwave,microwave_oven,correct,True,correct
qwen_vl,309060,kitchen,2,oven,oven,correct,True,unverifiable
qwen_vl,309060,kitchen,3,sink,sink,correct,True,unverifiable
qwen_vl,309060,kitchen,4,dishwasher,dishwasher,unverifiable,False,unverifiable
qwen_vl,309060,kitchen,5,stool,stool,correct,True,correct
qwen_vl,309060,kitchen,6,window,,unverifiable,False,unverifiable
qwen_vl,309060,kitchen,7,clock,clock,correct,True,unverifiable
qwen_vl,309553,bedroom,1,laptop,laptop_computer,correct,True,correct
qwen_vl,309553,bedroom,2,bed,bed,correct,True,correct
qwen_vl,309553,bedroom,3,dresser,dresser,correct,True,correct
qwen_vl,309553,bedroom,4,blanket,blanket,unverifiable,True,unverifiable
qwen_vl,309553,bedroom,5,pillow,pillow,unverifiable,False,unverifiable
qwen_vl,309553,bedroom,6,curtains,curtain,correct,True,correct
qwen_vl,311868,bathroom,1,sink,sink,correct,True,correct
qwen_vl,311868,bathroom,2,toilet,toilet,correct,True,unverifiable
qwen_vl,311868,bathroom,3,bathtub,bathtub,correct,True,correct
qwen_vl,311868,bathroom,4,mirror,mirror,correct,True,correct
qwen_vl,313130,kitchen,1,refrigerator,refrigerator,correct,True,correct
qwen_vl,313130,kitchen,2,microwave,microwave_oven,correct,True,correct
qwen_vl,313130,kitchen,3,drawers,drawer,correct,True,correct
qwen_vl,315256,bedroom,1,pillow,pillow,correct,True,correct
qwen_vl,315256,bedroom,2,blanket,blanket,unverifiable,False,unverifiable
qwen_vl,315256,bedroom,3,bed,bed,correct,True,correct
qwen_vl,315256,bedroom,4,painting,painting,correct,True,correct
qwen_vl,315256,bedroom,5,rug,,unverifiable,False,unverifiable
qwen_vl,315641,kitchen,1,donuts,doughnut,correct,True,correct
qwen_vl,315641,kitchen,2,glasses,spectacles,correct,True,correct
qwen_vl,315641,kitchen,3,sweater,sweater,correct,True,correct
qwen_vl,315641,kitchen,4,refrigerator,refrigerator,correct,True,correct
qwen_vl,315641,kitchen,5,counter,,unverifiable,False,unverifiable
qwen_vl,319935,bedroom,1,tv,television_set,correct,True,correct
qwen_vl,319935,bedroom,2,sofa,sofa,correct,True,unverifiable
qwen_vl,319935,bedroom,3,chair,chair,correct,True,unverifiable
qwen_vl,319935,bedroom,4,coffee table,coffee_table,unverifiable,False,unverifiable
qwen_vl,319935,bedroom,5,lamp,lamp,correct,True,correct
qwen_vl,319935,bedroom,6,pillow,pillow,correct,True,correct
qwen_vl,319935,bedroom,7,bed,bed,correct,True,correct
qwen_vl,319935,bedroom,8,air conditioner,air_conditioner,correct,True,correct
qwen_vl,325078,bathroom,1,Toilet paper,toilet_tissue,unverifiable,False,unverifiable
qwen_vl,325078,bathroom,2,soap,soap,unverifiable,False,unverifiable
qwen_vl,325078,bathroom,3,shampoo,shampoo,unverifiable,False,unverifiable
qwen_vl,325078,bathroom,4,conditioner,,unverifiable,False,unverifiable
qwen_vl,325078,bathroom,5,towel,towel,unverifiable,False,unverifiable
qwen_vl,325078,bathroom,6,bath mat,bath_mat,correct,True,correct
qwen_vl,325078,bathroom,7,shower curtain,shower_curtain,correct,True,correct
qwen_vl,325078,bathroom,8,sink,sink,correct,True,correct
qwen_vl,325078,bathroom,9,mirror,mirror,unverifiable,False,unverifiable
qwen_vl,325078,bathroom,10,toilet,toilet,correct,True,correct
qwen_vl,325078,bathroom,11,bathtub,bathtub,unverifiable,False,unverifiable
qwen_vl,329455,dining,1,pizza,pizza,correct,True,correct
qwen_vl,329455,dining,2,plate,plate,correct,True,correct
qwen_vl,329455,dining,3,chair,chair,correct,True,unverifiable
qwen_vl,329455,dining,4,table,table,unverifiable,True,unverifiable
qwen_vl,329455,dining,5,glass,glass_(drink_container),unverifiable,False,unverifiable
qwen_vl,341741,bedroom,1,laptop,laptop_computer,correct,True,correct
qwen_vl,341741,bedroom,2,mouse,mouse_(computer_equipment),correct,True,correct
qwen_vl,341741,bedroom,3,bed,bed,correct,True,correct
qwen_vl,341741,bedroom,4,pillow,pillow,unverifiable,False,unverifiable
qwen_vl,341741,bedroom,5,chair,chair,correct,True,correct
qwen_vl,341741,bedroom,6,suitcase,suitcase,correct,True,correct
qwen_vl,341741,bedroom,7,TV,television_set,correct,True,correct
qwen_vl,343662,bedroom,1,cat,cat,correct,True,correct
qwen_vl,343662,bedroom,2,blanket,blanket,correct,True,correct
qwen_vl,343662,bedroom,3,laptop,laptop_computer,wrong,False,unverifiable
qwen_vl,343662,bedroom,4,pillow,pillow,unverifiable,False,unverifiable
qwen_vl,343662,bedroom,5,bed,bed,correct,True,correct
qwen_vl,343662,bedroom,6,remote control,remote_control,unverifiable,False,unverifiable
qwen_vl,343662,bedroom,7,phone,cellular_telephone,unverifiable,False,unverifiable
qwen_vl,343662,bedroom,8,water bottle,water_bottle,unverifiable,False,unverifiable
qwen_vl,343662,bedroom,9,lamp,lamp,unverifiable,False,unverifiable
qwen_vl,343662,bedroom,10,wall art,,unverifiable,False,unverifiable
qwen_vl,343662,bedroom,11,computer mouse,mouse_(computer_equipment),unverifiable,False,unverifiable
qwen_vl,348708,dining,1,banana,banana,correct,True,correct
qwen_vl,348708,dining,2,bowl,bowl,correct,True,correct
qwen_vl,350230,kitchen,1,microwave,microwave_oven,correct,True,correct
qwen_vl,350230,kitchen,2,stove,stove,unverifiable,False,unverifiable
qwen_vl,350230,kitchen,3,dishwasher,dishwasher,correct,True,correct
qwen_vl,350230,kitchen,4,oven,oven,correct,True,unverifiable
qwen_vl,350230,kitchen,5,sink,sink,correct,True,unverifiable
qwen_vl,350230,kitchen,6,refrigerator,refrigerator,wrong,False,unverifiable
qwen_vl,355430,dining,1,pancakes,pancake,correct,True,correct
qwen_vl,355430,dining,2,syrup,,unverifiable,False,unverifiable
qwen_vl,355430,dining,3,butter,butter,correct,True,correct
qwen_vl,355430,dining,4,knife,knife,correct,True,unverifiable
qwen_vl,355430,dining,5,fork,fork,correct,True,correct
qwen_vl,358465,bedroom,1,dog,dog,correct,True,correct
qwen_vl,358465,bedroom,2,blanket,blanket,correct,True,correct
qwen_vl,358465,bedroom,3,pillow,pillow,unverifiable,False,unverifiable
qwen_vl,358525,bedroom,1,laptop,laptop_computer,correct,True,correct
qwen_vl,358525,bedroom,2,suitcase,suitcase,correct,True,correct
qwen_vl,358525,bedroom,3,bed,bed,correct,True,correct
qwen_vl,358525,bedroom,4,cap,cap_(headwear),unverifiable,False,unverifiable
qwen_vl,362278,bathroom,1,toilet paper,toilet_tissue,correct,True,correct
qwen_vl,362278,bathroom,2,toilet,toilet,correct,True,correct
qwen_vl,362278,bathroom,3,soap dispenser,dispenser,unverifiable,False,unverifiable
qwen_vl,362278,bathroom,4,faucet,faucet,correct,True,correct
qwen_vl,362278,bathroom,5,mirror,mirror,unverifiable,False,unverifiable
qwen_vl,362278,bathroom,6,towel,towel,unverifiable,False,unverifiable
qwen_vl,362278,bathroom,7,toilet seat,,unverifiable,False,unverifiable
qwen_vl,367386,living room,1,remote control,remote_control,correct,True,correct
qwen_vl,367386,living room,2,coffee table,coffee_table,unverifiable,True,unverifiable
qwen_vl,367386,living room,3,couch,sofa,correct,True,correct
qwen_vl,367386,living room,4,pillow,pillow,unverifiable,True,unverifiable
qwen_vl,367386,living room,5,lamp,lamp,unverifiable,False,unverifiable
qwen_vl,367386,living room,6,painting,painting,correct,True,correct
qwen_vl,367386,living room,7,window,,unverifiable,False,unverifiable
qwen_vl,367386,living room,8,chair,chair,correct,True,correct
qwen_vl,367569,living room,1,laptop,laptop_computer,correct,True,unverifiable
qwen_vl,367569,living room,2,sofa,sofa,correct,True,correct
qwen_vl,367569,living room,3,coffee table,coffee_table,unverifiable,False,unverifiable
qwen_vl,367569,living room,4,piano,piano,correct,True,correct
qwen_vl,367569,living room,5,fireplace,fireplace,correct,True,correct
qwen_vl,368349,bathroom,1,towel,towel,unverifiable,True,unverifiable
qwen_vl,368349,bathroom,2,toilet paper,toilet_tissue,unverifiable,False,unverifiable
qwen_vl,368349,bathroom,3,toilet,toilet,correct,True,correct
qwen_vl,368349,bathroom,4,soap,soap,unverifiable,False,unverifiable
qwen_vl,368349,bathroom,5,shower curtain,shower_curtain,unverifiable,False,unverifiable
qwen_vl,369373,living room,1,remote control,remote_control,correct,True,unverifiable
qwen_vl,369373,living room,2,couch,sofa,correct,True,correct
qwen_vl,369373,living room,3,pillow,pillow,unverifiable,False,unverifiable
qwen_vl,369373,living room,4,painting,painting,correct,True,correct
qwen_vl,370818,bathroom,1,towel,towel,unverifiable,False,unverifiable
qwen_vl,370818,bathroom,2,drawer,drawer,correct,True,correct
qwen_vl,370818,bathroom,3,cabinet,cabinet,correct,True,correct
qwen_vl,370818,bathroom,4,mirror,mirror,correct,True,correct
qwen_vl,370818,bathroom,5,soap,soap,correct,True,correct
qwen_vl,370818,bathroom,6,sink,sink,correct,True,unverifiable
qwen_vl,374628,kitchen,1,microwave,microwave_oven,correct,True,correct
qwen_vl,374628,kitchen,2,coffee cup,cup,unverifiable,False,unverifiable
qwen_vl,374628,kitchen,3,laptop,laptop_computer,correct,True,correct
qwen_vl,374628,kitchen,4,refrigerator,refrigerator,correct,True,correct
qwen_vl,374628,kitchen,5,chair,chair,correct,True,unverifiable
qwen_vl,374628,kitchen,6,table,table,unverifiable,True,unverifiable
qwen_vl,374628,kitchen,7,sunflowers,sunflower,unverifiable,False,unverifiable
qwen_vl,374628,kitchen,8,kitchen sink,kitchen_sink,unverifiable,False,unverifiable
qwen_vl,374628,kitchen,9,dishwasher,dishwasher,unverifiable,False,unverifiable
qwen_vl,374628,kitchen,10,trash can,trash_can,correct,True,correct
qwen_vl,375878,bathroom,1,toilet paper,toilet_tissue,unverifiable,False,unverifiable
qwen_vl,375878,bathroom,2,toilet,toilet,correct,True,correct
qwen_vl,375878,bathroom,3,sink,sink,correct,True,correct
qwen_vl,375878,bathroom,4,bathtub,bathtub,correct,True,correct
qwen_vl,375878,bathroom,5,door knob,knob,unverifiable,False,unverifiable
qwen_vl,381330,kitchen,1,banana,banana,correct,True,correct
qwen_vl,381330,kitchen,2,kitchen,,unverifiable,False,unverifiable
qwen_vl,381330,kitchen,3,stove,stove,correct,True,correct
qwen_vl,381605,living room,1,cat,cat,correct,True,correct
qwen_vl,381605,living room,2,dog,dog,correct,True,correct
qwen_vl,381605,living room,3,blanket,blanket,correct,True,correct
qwen_vl,381605,living room,4,couch,sofa,correct,True,correct
qwen_vl,383549,living room,1,tv,television_set,correct,True,correct
qwen_vl,383549,living room,2,speakers,speaker_(stero_equipment),correct,True,correct
qwen_vl,383549,living room,3,remote control,remote_control,correct,True,correct
qwen_vl,383549,living room,4,cushion,cushion,correct,True,correct
qwen_vl,383549,living room,5,chair,chair,correct,True,unverifiable
qwen_vl,383549,living room,6,plant,,unverifiable,False,unverifiable
qwen_vl,386799,bathroom,1,sink,sink,correct,True,correct
qwen_vl,386799,bathroom,2,window,,unverifiable,False,unverifiable
qwen_vl,386799,bathroom,3,toilet paper,toilet_tissue,correct,True,correct
qwen_vl,386799,bathroom,4,bathtub,bathtub,correct,True,correct
qwen_vl,395259,bedroom,1,backpack,backpack,correct,True,correct
qwen_vl,395259,bedroom,2,suitcase,suitcase,correct,True,unverifiable
qwen_vl,395259,bedroom,3,bottle,bottle,correct,True,correct
qwen_vl,395259,bedroom,4,towel,towel,unverifiable,False,unverifiable
qwen_vl,395701,living room,1,remote control,remote_control,unverifiable,False,unverifiable
qwen_vl,395701,living room,2,book,book,correct,True,unverifiable
qwen_vl,395701,living room,3,television,television_set,correct,True,correct
qwen_vl,395701,living room,4,chair,chair,correct,True,unverifiable
qwen_vl,395701,living room,5,speaker,speaker_(stero_equipment),unverifiable,False,unverifiable
qwen_vl,395701,living room,6,shelf,,unverifiable,False,unverifiable
qwen_vl,395701,living room,7,plant,,unverifiable,False,unverifiable
qwen_vl,395701,living room,8,wall,,unverifiable,False,unverifiable
qwen_vl,395701,living room,9,ceiling fan,fan,correct,True,correct
qwen_vl,395701,living room,10,light bulb,,unverifiable,False,unverifiable
qwen_vl,396526,dining,1,chair,chair,correct,True,unverifiable
qwen_vl,396526,dining,2,table,table,unverifiable,True,unverifiable
qwen_vl,396526,dining,3,lamp,lamp,correct,True,correct
qwen_vl,396526,dining,4,window,,unverifiable,False,unverifiable
qwen_vl,396526,dining,5,curtain,curtain,correct,True,correct
qwen_vl,396526,dining,6,radiator,radiator,unverifiable,False,unverifiable
qwen_vl,396526,dining,7,door,,unverifiable,False,unverifiable
qwen_vl,396691,kitchen,1,microwave,microwave_oven,correct,True,correct
qwen_vl,396691,kitchen,2,stove,stove,correct,True,correct
qwen_vl,396691,kitchen,3,oven,oven,correct,True,unverifiable
qwen_vl,396691,kitchen,4,plate,plate,unverifiable,False,unverifiable
qwen_vl,396691,kitchen,5,spaghetti,,unverifiable,False,unverifiable
qwen_vl,396691,kitchen,6,paper,newspaper,unverifiable,False,unverifiable
qwen_vl,397354,kitchen,1,blender,blender,correct,True,correct
qwen_vl,397354,kitchen,2,bottle,bottle,correct,True,correct
qwen_vl,397354,kitchen,3,refrigerator,refrigerator,correct,True,correct
qwen_vl,397354,kitchen,4,microwave,microwave_oven,correct,True,correct
qwen_vl,401060,bedroom,1,cat,cat,correct,True,unverifiable
qwen_vl,401060,bedroom,2,bed,bed,correct,True,correct
qwen_vl,401060,bedroom,3,blanket,blanket,correct,True,correct
qwen_vl,403114,bathroom,1,Toilet paper,toilet_tissue,unverifiable,False,unverifiable
qwen_vl,403114,bathroom,2,soap dispenser,dispenser,correct,True,correct
qwen_vl,403114,bathroom,3,towel,towel,unverifiable,False,unverifiable
qwen_vl,403114,bathroom,4,mirror,mirror,unverifiable,False,unverifiable
qwen_vl,403114,bathroom,5,sink,sink,correct,True,correct
qwen_vl,404678,dining,1,plate,plate,correct,True,correct
qwen_vl,404678,dining,2,fork,fork,unverifiable,False,unverifiable
qwen_vl,404678,dining,3,knife,knife,wrong,False,wrong
qwen_vl,404678,dining,4,spoon,spoon,unverifiable,False,unverifiable
qwen_vl,404678,dining,5,napkin,napkin,correct,True,correct
qwen_vl,404678,dining,6,chair,chair,correct,True,correct
qwen_vl,404678,dining,7,table,table,unverifiable,True,unverifiable
qwen_vl,404678,dining,8,bowl,bowl,correct,True,unverifiable
qwen_vl,404678,dining,9,cup,cup,wrong,False,unverifiable
qwen_vl,404678,dining,10,glass,glass_(drink_container),unverifiable,True,unverifiable
qwen_vl,404678,dining,11,bottle,bottle,wrong,False,unverifiable
qwen_vl,404678,dining,12,menu,,unverifiable,False,unverifiable
qwen_vl,407685,living room,1,wine bottle,wine_bottle,unverifiable,True,unverifiable
qwen_vl,407685,living room,2,oranges,orange_(fruit),correct,True,correct
qwen_vl,407685,living room,3,cell phone,cellular_telephone,correct,True,unverifiable
qwen_vl,407685,living room,4,book,book,correct,True,unverifiable
qwen_vl,408192,living room,1,coffee table,coffee_table,unverifiable,False,unverifiable
qwen_vl,408192,living room,2,couch,sofa,correct,True,correct
qwen_vl,408192,living room,3,chair,chair,correct,True,unverifiable
qwen_vl,408192,living room,4,lamp,lamp,unverifiable,True,unverifiable
qwen_vl,408192,living room,5,television,television_set,correct,True,correct
qwen_vl,408192,living room,6,book,book,correct,True,unverifiable
qwen_vl,408192,living room,7,fireplace,fireplace,correct,True,correct
qwen_vl,408192,living room,8,picture frame,,unverifiable,False,unverifiable
qwen_vl,408192,living room,9,rug,,unverifiable,False,unverifiable
qwen_vl,408192,living room,10,remote control,remote_control,unverifiable,False,unverifiable
qwen_vl,410144,kitchen,1,pizza,pizza,correct,True,correct
qwen_vl,410144,kitchen,2,bread,bread,correct,True,correct
qwen_vl,410144,kitchen,3,oven,oven,correct,True,correct
qwen_vl,410144,kitchen,4,apron,apron,correct,True,correct
qwen_vl,410144,kitchen,5,shelf,,unverifiable,False,unverifiable
qwen_vl,411685,bathroom,1,cat,cat,correct,True,correct
qwen_vl,411685,bathroom,2,toilet,toilet,correct,True,correct
qwen_vl,411685,bathroom,3,bathtub,bathtub,correct,True,correct
qwen_vl,411685,bathroom,4,towel,towel,unverifiable,False,unverifiable
qwen_vl,415646,bedroom,1,clock,clock,correct,True,unverifiable
qwen_vl,415646,bedroom,2,bed,bed,correct,True,correct
qwen_vl,415646,bedroom,3,desk,desk,unverifiable,False,unverifiable
qwen_vl,415646,bedroom,4,chair,chair,correct,True,unverifiable
qwen_vl,415646,bedroom,5,computer,,unverifiable,False,unverifiable
qwen_vl,415646,bedroom,6,keyboard,computer_keyboard,correct,True,correct
qwen_vl,415646,bedroom,7,mouse,mouse_(computer_equipment),correct,True,unverifiable
qwen_vl,415646,bedroom,8,monitor,,unverifiable,False,unverifiable
qwen_vl,415646,bedroom,9,lamp,lamp,correct,True,correct
qwen_vl,415646,bedroom,10,picture frame,,unverifiable,False,unverifiable
qwen_vl,416575,bedroom,1,book,book,correct,True,correct
qwen_vl,416575,bedroom,2,remote control,remote_control,unverifiable,False,unverifiable
qwen_vl,416575,bedroom,3,TV,television_set,wrong,False,unverifiable
qwen_vl,416575,bedroom,4,bed,bed,correct,True,correct
qwen_vl,416575,bedroom,5,pillow,pillow,unverifiable,False,unverifiable
qwen_vl,416575,bedroom,6,light,,unverifiable,False,unverifiable
qwen_vl,416575,bedroom,7,camera,camera,unverifiable,False,unverifiable
qwen_vl,416575,bedroom,8,phone,cellular_telephone,unverifiable,False,unverifiable
qwen_vl,416575,bedroom,9,chair,chair,wrong,False,unverifiable
qwen_vl,416575,bedroom,10,wall art,,unverifiable,False,unverifiable
qwen_vl,416575,bedroom,11,lamp,lamp,correct,True,correct
qwen_vl,422350,kitchen,1,fridge,refrigerator,correct,True,correct
qwen_vl,422350,kitchen,2,stove,stove,unverifiable,False,unverifiable
qwen_vl,422350,kitchen,3,dishwasher,dishwasher,unverifiable,False,unverifiable
qwen_vl,422350,kitchen,4,microwave,microwave_oven,wrong,False,unverifiable
qwen_vl,422350,kitchen,5,oven,oven,wrong,False,unverifiable
qwen_vl,422350,kitchen,6,sink,sink,correct,True,unverifiable
qwen_vl,422350,kitchen,7,cabinets,cabinet,unverifiable,False,unverifiable
qwen_vl,422350,kitchen,8,towel,towel,unverifiable,False,unverifiable
qwen_vl,422350,kitchen,9,clock,clock,correct,True,unverifiable
qwen_vl,422350,kitchen,10,picture,,unverifiable,False,unverifiable
qwen_vl,422654,kitchen,1,phone,cellular_telephone,unverifiable,True,unverifiable
qwen_vl,422654,kitchen,2,television,television_set,correct,True,correct
qwen_vl,422654,kitchen,3,refrigerator,refrigerator,correct,True,correct
qwen_vl,427040,bedroom,1,laptop,laptop_computer,correct,True,unverifiable
qwen_vl,427040,bedroom,2,apple,apple,correct,True,correct
qwen_vl,427040,bedroom,3,bed,bed,correct,True,correct
qwen_vl,427040,bedroom,4,blanket,blanket,unverifiable,False,unverifiable
qwen_vl,427040,bedroom,5,pillow,pillow,correct,True,correct
qwen_vl,427040,bedroom,6,nightstand,,unverifiable,False,unverifiable
qwen_vl,427040,bedroom,7,lamp,lamp,unverifiable,False,unverifiable
qwen_vl,427040,bedroom,8,computer,,unverifiable,False,unverifiable
qwen_vl,427040,bedroom,9,screen,,unverifiable,False,unverifiable
qwen_vl,427040,bedroom,10,chair,chair,wrong,False,unverifiable
qwen_vl,427040,bedroom,11,desk,desk,unverifiable,False,unverifiable
qwen_vl,431154,bedroom,1,teddy bear,teddy_bear,correct,True,correct
qwen_vl,434098,bathroom,1,toilet paper,toilet_tissue,unverifiable,False,unverifiable
qwen_vl,434098,bathroom,2,soap,soap,unverifiable,False,unverifiable
qwen_vl,434098,bathroom,3,towel,towel,correct,True,correct
qwen_vl,434098,bathroom,4,mirror,mirror,unverifiable,False,unverifiable
qwen_vl,434098,bathroom,5,sink,sink,correct,True,unverifiable
qwen_vl,434098,bathroom,6,trash can,trash_can,correct,True,correct
qwen_vl,437898,kitchen,1,kettle,kettle,correct,True,correct
qwen_vl,437898,kitchen,2,stove,stove,correct,True,correct
qwen_vl,437898,kitchen,3,refrigerator,refrigerator,correct,True,correct
qwen_vl,437898,kitchen,4,oven,oven,correct,True,unverifiable
qwen_vl,437898,kitchen,5,microwave,microwave_oven,wrong,False,unverifiable
qwen_vl,437898,kitchen,6,sink,sink,correct,True,unverifiable
qwen_vl,437898,kitchen,7,dishwasher,dishwasher,unverifiable,False,unverifiable
qwen_vl,437898,kitchen,8,coffee maker,coffee_maker,unverifiable,False,unverifiable
qwen_vl,437898,kitchen,9,toaster,toaster,wrong,False,unverifiable
qwen_vl,437898,kitchen,10,calendar,calendar,correct,True,correct
qwen_vl,437898,kitchen,11,paper towel,paper_towel,unverifiable,False,unverifiable
qwen_vl,438314,bedroom,1,pillow,pillow,correct,True,correct
qwen_vl,438314,bedroom,2,blanket,blanket,unverifiable,False,unverifiable
qwen_vl,438314,bedroom,3,lamp,lamp,correct,True,correct
qwen_vl,438314,bedroom,4,nightstand,,unverifiable,False,unverifiable
qwen_vl,438314,bedroom,5,bed,bed,correct,True,correct
qwen_vl,439364,bathroom,1,Toilet paper,toilet_tissue,correct,True,correct
qwen_vl,439364,bathroom,2,toilet,toilet,correct,True,correct
qwen_vl,439364,bathroom,3,cat,cat,correct,True,correct
qwen_vl,439689,living room,1,couch,sofa,correct,True,correct
qwen_vl,439689,living room,2,coffee table,coffee_table,correct,True,correct
qwen_vl,439689,living room,3,rug,,unverifiable,False,unverifiable
qwen_vl,439689,living room,4,picture frame,,unverifiable,False,unverifiable
qwen_vl,439689,living room,5,vase,vase,correct,True,unverifiable
qwen_vl,445306,kitchen,1,microwave,microwave_oven,correct,True,correct
qwen_vl,445306,kitchen,2,oven,oven,wrong,False,unverifiable
qwen_vl,445306,kitchen,3,microwave door,,unverifiable,False,unverifiable
qwen_vl,445306,kitchen,4,microwave controls,control,unverifiable,False,unverifiable
qwen_vl,445306,kitchen,5,microwave light,,unverifiable,False,unverifiable
qwen_vl,445306,kitchen,6,microwave interior,,unverifiable,False,unverifiable
qwen_vl,445306,kitchen,7,microwave shelf,,unverifiable,False,unverifiable
qwen_vl,445306,kitchen,8,microwave rack,,unverifiable,False,unverifiable
qwen_vl,445306,kitchen,9,microwave plate,plate,unverifiable,False,unverifiable
qwen_vl,445306,kitchen,10,microwave food,,unverifiable,False,unverifiable
qwen_vl,445306,kitchen,11,microwave cooking,,unverifiable,False,unverifiable
qwen_vl,445658,kitchen,1,stove,stove,correct,True,correct
qwen_vl,445658,kitchen,2,oven,oven,correct,True,unverifiable
qwen_vl,445658,kitchen,3,microwave,microwave_oven,correct,True,correct
qwen_vl,445658,kitchen,4,fridge,refrigerator,correct,True,correct
qwen_vl,445658,kitchen,5,cabinets,cabinet,unverifiable,False,unverifiable
qwen_vl,445658,kitchen,6,paper towels,paper_towel,correct,True,correct
qwen_vl,445658,kitchen,7,mixer,mixer_(kitchen_tool),unverifiable,False,unverifiable
qwen_vl,445658,kitchen,8,bowl,bowl,correct,True,correct
qwen_vl,445658,kitchen,9,towel,towel,unverifiable,True,unverifiable
qwen_vl,445658,kitchen,10,bottle,bottle,correct,True,unverifiable
qwen_vl,445658,kitchen,11,spoon,spoon,unverifiable,False,unverifiable
qwen_vl,448795,kitchen,1,ceiling fan,fan,correct,True,correct
qwen_vl,448795,kitchen,2,light fixture,,unverifiable,False,unverifiable
qwen_vl,448795,kitchen,3,oven,oven,correct,True,unverifiable
qwen_vl,448795,kitchen,4,microwave,microwave_oven,wrong,False,unverifiable
qwen_vl,448795,kitchen,5,chair,chair,correct,True,unverifiable
qwen_vl,448795,kitchen,6,table,table,correct,True,correct
qwen_vl,448795,kitchen,7,mirror,mirror,unverifiable,False,unverifiable
qwen_vl,448795,kitchen,8,window,,unverifiable,False,unverifiable
qwen_vl,448795,kitchen,9,box,box,correct,True,correct
qwen_vl,448795,kitchen,10,floor,,unverifiable,False,unverifiable
qwen_vl,448795,kitchen,11,wall,,unverifiable,False,unverifiable
qwen_vl,448795,kitchen,12,ceiling,,unverifiable,False,unverifiable
qwen_vl,453302,kitchen,1,microwave,microwave_oven,correct,True,correct
qwen_vl,453302,kitchen,2,refrigerator,refrigerator,correct,True,correct
qwen_vl,453302,kitchen,3,toaster,toaster,correct,True,correct
qwen_vl,453302,kitchen,4,coffee maker,coffee_maker,unverifiable,False,unverifiable
qwen_vl,453302,kitchen,5,dishwasher,dishwasher,unverifiable,False,unverifiable
qwen_vl,453302,kitchen,6,trash can,trash_can,unverifiable,False,unverifiable
qwen_vl,453341,living room,1,computer monitor,,unverifiable,False,unverifiable
qwen_vl,453341,living room,2,lamp,lamp,unverifiable,False,unverifiable
qwen_vl,453341,living room,3,sofa,sofa,correct,True,correct
qwen_vl,453341,living room,4,mirror,mirror,correct,True,correct
qwen_vl,453341,living room,5,television,television_set,unverifiable,False,unverifiable
qwen_vl,453341,living room,6,figurine,figurine,unverifiable,False,unverifiable
qwen_vl,453341,living room,7,picture frame,,unverifiable,False,unverifiable
qwen_vl,453341,living room,8,book,book,unverifiable,False,unverifiable
qwen_vl,455301,bedroom,1,book,book,correct,True,correct
qwen_vl,455301,bedroom,2,baby,person,correct,True,unverifiable
qwen_vl,455301,bedroom,3,mother,,unverifiable,False,unverifiable
qwen_vl,458410,living room,1,tv,television_set,correct,True,correct
qwen_vl,458410,living room,2,couch,sofa,correct,True,unverifiable
qwen_vl,458410,living room,3,lamp,lamp,unverifiable,False,unverifiable
qwen_vl,458410,living room,4,table,table,unverifiable,True,unverifiable
qwen_vl,458410,living room,5,coffee table,coffee_table,correct,True,correct
qwen_vl,458410,living room,6,lampshade,lampshade,unverifiable,False,unverifiable
qwen_vl,458410,living room,7,floor,,unverifiable,False,unverifiable
qwen_vl,458410,living room,8,wall,,unverifiable,False,unverifiable
qwen_vl,458410,living room,9,picture,,unverifiable,False,unverifiable
qwen_vl,458410,living room,10,shelf,,unverifiable,False,unverifiable
qwen_vl,458410,living room,11,cabinet,cabinet,unverifiable,False,unverifiable
qwen_vl,460494,dining,1,fork,fork,correct,True,unverifiable
qwen_vl,460494,dining,2,knife,knife,correct,True,unverifiable
qwen_vl,460494,dining,3,plate,plate,correct,True,correct
qwen_vl,460494,dining,4,broccoli,broccoli,correct,True,correct
qwen_vl,460494,dining,5,carrots,carrot,correct,True,correct
qwen_vl,460494,dining,6,bread,bread,unverifiable,False,unverifiable
qwen_vl,460494,dining,7,cup,cup,correct,True,correct
qwen_vl,461172,dining,1,carrots,carrot,correct,True,correct
qwen_vl,461172,dining,2,bananas,banana,correct,True,correct
qwen_vl,461172,dining,3,blueberries,blueberry,correct,True,correct
qwen_vl,461172,dining,4,oranges,orange_(fruit),correct,True,correct
qwen_vl,461172,dining,5,spinach,,unverifiable,False,unverifiable
qwen_vl,466256,dining,1,fork,fork,correct,True,correct
qwen_vl,466256,dining,2,plate,plate,correct,True,correct
qwen_vl,466256,dining,3,rice,,unverifiable,False,unverifiable
qwen_vl,466256,dining,4,salad,salad,unverifiable,False,unverifiable
qwen_vl,466256,dining,5,meat,,unverifiable,False,unverifiable
qwen_vl,467315,dining,1,flowers,,unverifiable,False,unverifiable
qwen_vl,467315,dining,2,vase,vase,correct,True,correct
qwen_vl,467315,dining,3,table,table,unverifiable,True,unverifiable
qwen_vl,467315,dining,4,chairs,chair,correct,True,correct
qwen_vl,468422,kitchen,1,microwave,microwave_oven,correct,True,correct
qwen_vl,468422,kitchen,2,cup,cup,unverifiable,True,unverifiable
qwen_vl,468422,kitchen,3,tissue paper,tissue_paper,unverifiable,False,unverifiable
qwen_vl,468422,kitchen,4,bottle,bottle,correct,True,correct
qwen_vl,468422,kitchen,5,box,box,unverifiable,False,unverifiable
qwen_vl,468422,kitchen,6,towel,towel,unverifiable,False,unverifiable
qwen_vl,468505,dining,1,hot dog,dog,wrong,False,unverifiable
qwen_vl,468505,dining,2,french fries,,unverifiable,False,unverifiable
qwen_vl,468505,dining,3,ketchup,,unverifiable,False,unverifiable
qwen_vl,468505,dining,4,soda,pop_(soda),unverifiable,False,unverifiable
qwen_vl,468505,dining,5,table,table,correct,True,correct
qwen_vl,468505,dining,6,chair,chair,wrong,False,unverifiable
qwen_vl,468505,dining,7,booth,,unverifiable,False,unverifiable
qwen_vl,468505,dining,8,burger,hamburger,unverifiable,False,unverifiable
qwen_vl,468505,dining,9,condiment,condiment,unverifiable,False,unverifiable
qwen_vl,468505,dining,10,napkin,napkin,correct,True,correct
qwen_vl,468505,dining,11,cup,cup,unverifiable,False,unverifiable
qwen_vl,468659,living room,1,teddy bear,teddy_bear,correct,True,correct
qwen_vl,468659,living room,2,christmas tree,Christmas_tree,correct,True,correct
qwen_vl,468659,living room,3,lights,,unverifiable,False,unverifiable
qwen_vl,469795,bathroom,1,Toilet paper,toilet_tissue,unverifiable,False,unverifiable
qwen_vl,469795,bathroom,2,towel,towel,correct,True,correct
qwen_vl,469795,bathroom,3,hair dryer,hair_dryer,correct,True,correct
qwen_vl,469795,bathroom,4,hairbrush,hairbrush,unverifiable,False,unverifiable
qwen_vl,469795,bathroom,5,soap,soap,correct,True,correct
qwen_vl,469795,bathroom,6,shampoo,shampoo,unverifiable,False,unverifiable
qwen_vl,469795,bathroom,7,lotion,,unverifiable,False,unverifiable
qwen_vl,469795,bathroom,8,mirror,mirror,unverifiable,False,unverifiable
qwen_vl,469795,bathroom,9,sink,sink,correct,True,correct
qwen_vl,469795,bathroom,10,faucet,faucet,unverifiable,False,unverifiable
qwen_vl,469795,bathroom,11,bathtub,bathtub,correct,True,correct
qwen_vl,469795,bathroom,12,shower curtain,shower_curtain,unverifiable,False,unverifiable
qwen_vl,469902,bedroom,1,cat,cat,correct,True,correct
qwen_vl,469902,bedroom,2,bed,bed,correct,True,correct
qwen_vl,469902,bedroom,3,pillow,pillow,correct,True,correct
qwen_vl,472046,kitchen,1,pineapple,pineapple,correct,True,correct
qwen_vl,472046,kitchen,2,apples,apple,wrong,False,unverifiable
qwen_vl,472046,kitchen,3,stove,stove,correct,True,correct
qwen_vl,472046,kitchen,4,sink,sink,correct,True,unverifiable
qwen_vl,472046,kitchen,5,fruit,,unverifiable,False,unverifiable
qwen_vl,472046,kitchen,6,table,table,unverifiable,False,unverifiable
qwen_vl,472046,kitchen,7,chair,chair,correct,True,unverifiable
qwen_vl,472046,kitchen,8,couch,sofa,correct,True,correct
qwen_vl,472046,kitchen,9,window,,unverifiable,False,unverifiable
qwen_vl,472046,kitchen,10,light,,unverifiable,False,unverifiable
qwen_vl,472046,kitchen,11,countertop,,unverifiable,False,unverifiable
qwen_vl,472046,kitchen,12,kitchen,,unverifiable,False,unverifiable
qwen_vl,473294,bedroom,1,pillow,pillow,correct,True,correct
qwen_vl,473294,bedroom,2,blanket,blanket,unverifiable,True,unverifiable
qwen_vl,473294,bedroom,3,book,book,correct,True,unverifiable
qwen_vl,473294,bedroom,4,bed,bed,correct,True,correct
qwen_vl,473294,bedroom,5,desk,desk,unverifiable,False,unverifiable
qwen_vl,473821,living room,1,couch,sofa,correct,True,unverifiable
qwen_vl,473821,living room,2,chair,chair,correct,True,unverifiable
qwen_vl,473821,living room,3,lamp,lamp,unverifiable,False,unverifiable
qwen_vl,473821,living room,4,mirror,mirror,correct,True,correct
qwen_vl,473821,living room,5,picture,,unverifiable,False,unverifiable
qwen_vl,473821,living room,6,pillow,pillow,correct,True,correct
qwen_vl,473821,living room,7,bowl,bowl,correct,True,unverifiable
qwen_vl,473821,living room,8,table,table,unverifiable,True,unverifiable
qwen_vl,479360,bedroom,1,pillow,pillow,correct,True,correct
qwen_vl,479360,bedroom,2,blanket,blanket,correct,True,correct
qwen_vl,479360,bedroom,3,lamp,lamp,unverifiable,False,unverifiable
qwen_vl,479360,bedroom,4,bed,bed,correct,True,correct
qwen_vl,479360,bedroom,5,chair,chair,correct,True,unverifiable
qwen_vl,479360,bedroom,6,picture,,unverifiable,False,unverifiable
qwen_vl,479360,bedroom,7,plant,,unverifiable,False,unverifiable
qwen_vl,480712,bedroom,1,water bottle,water_bottle,unverifiable,True,unverifiable
qwen_vl,480712,bedroom,2,bed,bed,correct,True,correct
qwen_vl,480712,bedroom,3,chair,chair,correct,True,unverifiable
qwen_vl,480712,bedroom,4,desk,desk,unverifiable,False,unverifiable
qwen_vl,480712,bedroom,5,window,,unverifiable,False,unverifiable
qwen_vl,481819,living room,1,remote,remote_control,correct,True,unverifiable
qwen_vl,481819,living room,2,controller,control,unverifiable,False,unverifiable
qwen_vl,481819,living room,3,game,,unverifiable,False,unverifiable
qwen_vl,481819,living room,4,couch,sofa,correct,True,correct
qwen_vl,481819,living room,5,pillow,pillow,correct,True,correct
qwen_vl,481819,living room,6,picture,,unverifiable,False,unverifiable
qwen_vl,481819,living room,7,frame,,unverifiable,False,unverifiable
qwen_vl,481819,living room,8,map,map,unverifiable,False,unverifiable
qwen_vl,481819,living room,9,cat,cat,wrong,False,unverifiable
qwen_vl,481819,living room,10,christmas tree,Christmas_tree,unverifiable,False,unverifiable
qwen_vl,485628,bathroom,1,toilet,toilet,correct,True,correct
qwen_vl,485628,bathroom,2,sink,sink,correct,True,correct
qwen_vl,485628,bathroom,3,bathtub,bathtub,correct,True,correct
qwen_vl,487583,bathroom,1,cookie,cookie,correct,True,correct
qwen_vl,487583,bathroom,2,coffee cup,cup,unverifiable,True,unverifiable
qwen_vl,487583,bathroom,3,toilet,toilet,correct,True,correct
qwen_vl,490505,kitchen,1,flowers,,unverifiable,False,unverifiable
qwen_vl,490505,kitchen,2,vase,vase,correct,True,correct
qwen_vl,490505,kitchen,3,stove,stove,correct,True,correct
qwen_vl,491063,bathroom,1,toilet paper,toilet_tissue,unverifiable,False,unverifiable
qwen_vl,491063,bathroom,2,soap,soap,unverifiable,False,unverifiable
qwen_vl,491063,bathroom,3,towel,towel,unverifiable,False,unverifiable
qwen_vl,491063,bathroom,4,shower head,shower_head,correct,True,correct
qwen_vl,491063,bathroom,5,toilet,toilet,correct,True,correct
qwen_vl,491216,kitchen,1,dog,dog,wrong,False,unverifiable
qwen_vl,491216,kitchen,2,refrigerator,refrigerator,correct,True,correct
qwen_vl,491216,kitchen,3,window,,unverifiable,False,unverifiable
qwen_vl,491216,kitchen,4,bottle,bottle,correct,True,correct
qwen_vl,491216,kitchen,5,spoon,spoon,correct,True,unverifiable
qwen_vl,491216,kitchen,6,pan,pan_(for_cooking),correct,True,correct
qwen_vl,491216,kitchen,7,towel,towel,unverifiable,False,unverifiable
qwen_vl,491216,kitchen,8,oven,oven,correct,True,unverifiable
qwen_vl,491497,living room,1,television,television_set,correct,True,correct
qwen_vl,491497,living room,2,chair,chair,correct,True,unverifiable
qwen_vl,491497,living room,3,bookshelf,,unverifiable,False,unverifiable
qwen_vl,491497,living room,4,pillow,pillow,correct,True,correct
qwen_vl,491497,living room,5,curtains,curtain,unverifiable,False,unverifiable
qwen_vl,491742,bathroom,1,toilet paper,toilet_tissue,unverifiable,False,unverifiable
qwen_vl,491742,bathroom,2,toilet,toilet,correct,True,correct
qwen_vl,491742,bathroom,3,sink,sink,correct,True,correct
qwen_vl,491742,bathroom,4,faucet,faucet,correct,True,correct
qwen_vl,491742,bathroom,5,bathtub,bathtub,correct,True,correct
qwen_vl,492183,kitchen,1,wine bottle,wine_bottle,unverifiable,True,unverifiable
qwen_vl,492183,kitchen,2,bowl,bowl,correct,True,unverifiable
qwen_vl,492183,kitchen,3,container,,unverifiable,False,unverifiable
qwen_vl,492183,kitchen,4,book,book,correct,True,correct
qwen_vl,492719,bathroom,1,Toilet paper,toilet_tissue,unverifiable,False,unverifiable
qwen_vl,492719,bathroom,2,soap,soap,unverifiable,False,unverifiable
qwen_vl,492719,bathroom,3,towel,towel,unverifiable,False,unverifiable
qwen_vl,492719,bathroom,4,mirror,mirror,unverifiable,False,unverifiable
qwen_vl,492810,kitchen,1,cat,cat,correct,True,unverifiable
qwen_vl,492810,kitchen,2,bananas,banana,correct,True,correct
qwen_vl,492810,kitchen,3,bowl,bowl,correct,True,correct
qwen_vl,492810,kitchen,4,refrigerator,refrigerator,correct,True,correct
qwen_vl,493114,living room,1,cake,cake,correct,True,correct
qwen_vl,493114,living room,2,camera,camera,correct,True,correct
qwen_vl,493114,living room,3,shorts,short_pants,unverifiable,False,unverifiable
qwen_vl,493114,living room,4,jeans,jean,unverifiable,False,unverifiable
qwen_vl,493114,living room,5,shirt,shirt,unverifiable,False,unverifiable
qwen_vl,493114,living room,6,hat,hat,unverifiable,False,unverifiable
qwen_vl,493114,living room,7,tv,television_set,correct,True,correct
qwen_vl,493114,living room,8,cup,cup,unverifiable,False,unverifiable
qwen_vl,493114,living room,9,chair,chair,correct,True,correct
qwen_vl,493114,living room,10,belt,belt,correct,True,correct
qwen_vl,497626,bedroom,1,phone,cellular_telephone,unverifiable,True,unverifiable
qwen_vl,497626,bedroom,2,alarm clock,alarm_clock,unverifiable,False,unverifiable
qwen_vl,497626,bedroom,3,lamp,lamp,unverifiable,False,unverifiable
qwen_vl,497626,bedroom,4,bed,bed,correct,True,correct
qwen_vl,497626,bedroom,5,pillow,pillow,unverifiable,False,unverifiable
qwen_vl,497626,bedroom,6,blanket,blanket,unverifiable,False,unverifiable
qwen_vl,503697,living room,1,couch,sofa,correct,True,correct
qwen_vl,503697,living room,2,painting,painting,correct,True,correct
qwen_vl,503697,living room,3,lamp,lamp,correct,True,correct
qwen_vl,503697,living room,4,mirror,mirror,unverifiable,False,unverifiable
qwen_vl,503697,living room,5,table,table,unverifiable,True,unverifiable
qwen_vl,503697,living room,6,curtain,curtain,correct,True,correct
qwen_vl,504493,bathroom,1,Toilet paper,toilet_tissue,unverifiable,False,unverifiable
qwen_vl,504493,bathroom,2,toilet,toilet,correct,True,correct
qwen_vl,504493,bathroom,3,sink,sink,correct,True,correct
qwen_vl,504493,bathroom,4,bathtub,bathtub,correct,True,correct
qwen_vl,504493,bathroom,5,shower curtain,shower_curtain,unverifiable,False,unverifiable
qwen_vl,504493,bathroom,6,towel rack,towel_rack,correct,True,correct
qwen_vl,505086,bedroom,1,pillow,pillow,unverifiable,False,unverifiable
qwen_vl,505086,bedroom,2,blanket,blanket,unverifiable,False,unverifiable
qwen_vl,505086,bedroom,3,lamp,lamp,correct,True,correct
qwen_vl,505086,bedroom,4,alarm clock,alarm_clock,correct,True,correct
qwen_vl,505086,bedroom,5,bed,bed,correct,True,correct
qwen_vl,508899,living room,1,television,television_set,correct,True,correct
qwen_vl,508899,living room,2,remote control,remote_control,correct,True,unverifiable
qwen_vl,508899,living room,3,rabbit,rabbit,correct,True,correct
qwen_vl,508899,living room,4,carpet,,unverifiable,False,unverifiable
qwen_vl,508899,living room,5,entertainment center,,unverifiable,False,unverifiable
qwen_vl,508899,living room,6,dog crate,crate,unverifiable,False,unverifiable
qwen_vl,510852,bathroom,1,shower head,shower_head,correct,True,correct
qwen_vl,510852,bathroom,2,soap dispenser,dispenser,unverifiable,False,unverifiable
qwen_vl,510852,bathroom,3,towel rack,towel_rack,unverifiable,False,unverifiable
qwen_vl,510852,bathroom,4,shower curtain,shower_curtain,unverifiable,False,unverifiable
qwen_vl,510852,bathroom,5,shampoo bottle,bottle,correct,True,correct
qwen_vl,510852,bathroom,6,hairbrush,hairbrush,unverifiable,False,unverifiable
qwen_vl,510852,bathroom,7,mirror,mirror,correct,True,correct
qwen_vl,510852,bathroom,8,toilet paper,toilet_tissue,unverifiable,False,unverifiable
qwen_vl,510852,bathroom,9,soap,soap,unverifiable,False,unverifiable
qwen_vl,510852,bathroom,10,towel,towel,unverifiable,True,unverifiable
qwen_vl,510852,bathroom,11,faucet,faucet,correct,True,correct
qwen_vl,510852,bathroom,12,shower mat,mat_(gym_equipment),unverifiable,False,unverifiable
qwen_vl,511430,kitchen,1,microwave,microwave_oven,correct,True,correct
qwen_vl,511430,kitchen,2,coffee maker,coffee_maker,unverifiable,False,unverifiable
qwen_vl,511430,kitchen,3,blender,blender,correct,True,correct
qwen_vl,511430,kitchen,4,toaster,toaster,wrong,False,unverifiable
qwen_vl,511430,kitchen,5,oven,oven,correct,True,unverifiable
qwen_vl,511430,kitchen,6,refrigerator,refrigerator,correct,True,correct
qwen_vl,511430,kitchen,7,sink,sink,correct,True,unverifiable
qwen_vl,511430,kitchen,8,faucet,faucet,correct,True,correct
qwen_vl,513138,living room,1,couch,sofa,correct,True,correct
qwen_vl,513138,living room,2,dog,dog,correct,True,correct
qwen_vl,513138,living room,3,blanket,blanket,correct,True,correct
qwen_vl,514914,bathroom,1,Toilet paper,toilet_tissue,correct,True,correct
qwen_vl,514914,bathroom,2,toilet,toilet,correct,True,correct
qwen_vl,514914,bathroom,3,sink,sink,correct,True,correct
qwen_vl,514914,bathroom,4,faucet,faucet,correct,True,correct
qwen_vl,514914,bathroom,5,towel,towel,unverifiable,True,unverifiable
qwen_vl,514914,bathroom,6,shower curtain,shower_curtain,unverifiable,False,unverifiable
qwen_vl,514914,bathroom,7,bathtub,bathtub,correct,True,correct
qwen_vl,514914,bathroom,8,mirror,mirror,correct,True,correct
qwen_vl,514914,bathroom,9,soap dispenser,dispenser,unverifiable,False,unverifiable
qwen_vl,516856,dining,1,sandwich,sandwich,correct,True,unverifiable
qwen_vl,516856,dining,2,plate,plate,correct,True,correct
qwen_vl,516856,dining,3,napkin,napkin,correct,True,correct
qwen_vl,516856,dining,4,candle,candle,correct,True,correct
qwen_vl,516856,dining,5,fork,fork,correct,True,correct
qwen_vl,523978,bathroom,1,Toilet,toilet,correct,True,correct
qwen_vl,523978,bathroom,2,sink,sink,correct,True,correct
qwen_vl,523978,bathroom,3,bathtub,bathtub,correct,True,correct
qwen_vl,523978,bathroom,4,towel,towel,unverifiable,True,unverifiable
qwen_vl,523978,bathroom,5,shower head,shower_head,correct,True,correct
qwen_vl,523978,bathroom,6,mirror,mirror,unverifiable,False,unverifiable
qwen_vl,523978,bathroom,7,soap,soap,unverifiable,False,unverifiable
qwen_vl,523978,bathroom,8,flower vase,vase,correct,True,correct
qwen_vl,529069,bathroom,1,toilet paper,toilet_tissue,correct,True,correct
qwen_vl,529069,bathroom,2,toilet,toilet,correct,True,correct
qwen_vl,529069,bathroom,3,sink,sink,correct,True,unverifiable
qwen_vl,529069,bathroom,4,towel,towel,unverifiable,False,unverifiable
qwen_vl,529069,bathroom,5,light,,unverifiable,False,unverifiable
qwen_vl,529069,bathroom,6,picture,,unverifiable,False,unverifiable
qwen_vl,530229,living room,1,couch,sofa,correct,True,correct
qwen_vl,530229,living room,2,chair,chair,correct,True,unverifiable
qwen_vl,530229,living room,3,coffee table,coffee_table,unverifiable,False,unverifiable
qwen_vl,530229,living room,4,television,television_set,correct,True,correct
qwen_vl,530229,living room,5,remote control,remote_control,unverifiable,False,unverifiable
qwen_vl,530229,living room,6,rug,,unverifiable,False,unverifiable
qwen_vl,530229,living room,7,curtains,curtain,unverifiable,False,unverifiable
qwen_vl,530229,living room,8,radiator,radiator,unverifiable,False,unverifiable
qwen_vl,530229,living room,9,pillow,pillow,correct,True,correct
qwen_vl,530836,kitchen,1,pot,pot,correct,True,correct
qwen_vl,530836,kitchen,2,stove,stove,unverifiable,False,unverifiable
qwen_vl,530836,kitchen,3,refrigerator,refrigerator,correct,True,correct
qwen_vl,530836,kitchen,4,oven,oven,correct,True,unverifiable
qwen_vl,530836,kitchen,5,sink,sink,correct,True,unverifiable
qwen_vl,530836,kitchen,6,cabinets,cabinet,correct,True,correct
qwen_vl,530836,kitchen,7,drawers,drawer,unverifiable,False,unverifiable
qwen_vl,530836,kitchen,8,window,,unverifiable,False,unverifiable
qwen_vl,530836,kitchen,9,curtains,curtain,correct,True,correct
qwen_vl,530933,bathroom,1,Toilet paper,toilet_tissue,correct,True,correct
qwen_vl,530933,bathroom,2,toilet brush,,unverifiable,False,unverifiable
qwen_vl,530933,bathroom,3,shower head,shower_head,correct,True,correct
qwen_vl,530933,bathroom,4,bathtub,bathtub,correct,True,correct
qwen_vl,530933,bathroom,5,toilet seat,,unverifiable,False,unverifiable
qwen_vl,530933,bathroom,6,toilet lid,,unverifiable,False,unverifiable
qwen_vl,530933,bathroom,7,towel rack,towel_rack,unverifiable,False,unverifiable
qwen_vl,530933,bathroom,8,towel,towel,unverifiable,False,unverifiable
qwen_vl,530933,bathroom,9,soap dispenser,dispenser,unverifiable,False,unverifiable
qwen_vl,530933,bathroom,10,soap,soap,unverifiable,False,unverifiable
qwen_vl,530933,bathroom,11,shampoo bottle,bottle,wrong,False,unverifiable
qwen_vl,530933,bathroom,12,hair dryer,hair_dryer,unverifiable,False,unverifiable
qwen_vl,531441,dining,1,pizza,pizza,correct,True,unverifiable
qwen_vl,531441,dining,2,fork,fork,unverifiable,False,unverifiable
qwen_vl,531441,dining,3,spoon,spoon,correct,True,correct
qwen_vl,531441,dining,4,plate,plate,unverifiable,False,unverifiable
qwen_vl,531852,living room,1,remote control,remote_control,correct,True,correct
qwen_vl,531852,living room,2,controller,control,unverifiable,False,unverifiable
qwen_vl,531852,living room,3,game,,unverifiable,False,unverifiable
qwen_vl,531852,living room,4,wii,,unverifiable,False,unverifiable
qwen_vl,531852,living room,5,couch,sofa,correct,True,correct
qwen_vl,531852,living room,6,coffee table,coffee_table,unverifiable,False,unverifiable
qwen_vl,531852,living room,7,book,book,unverifiable,False,unverifiable
qwen_vl,531852,living room,8,picture,,unverifiable,False,unverifiable
qwen_vl,531852,living room,9,wall art,,unverifiable,False,unverifiable
qwen_vl,531852,living room,10,floor,,unverifiable,False,unverifiable
qwen_vl,531852,living room,11,rug,,unverifiable,False,unverifiable
qwen_vl,533255,kitchen,1,refrigerator,refrigerator,correct,True,correct
qwen_vl,533255,kitchen,2,chair,chair,correct,True,correct
qwen_vl,533255,kitchen,3,table,table,unverifiable,False,unverifiable
qwen_vl,533255,kitchen,4,basket,basket,correct,True,correct
qwen_vl,533255,kitchen,5,cabinet,cabinet,unverifiable,False,unverifiable
qwen_vl,533255,kitchen,6,door,,unverifiable,False,unverifiable
qwen_vl,533255,kitchen,7,knob,knob,correct,True,correct
qwen_vl,533255,kitchen,8,drawer,drawer,correct,True,correct
qwen_vl,533255,kitchen,9,countertop,,unverifiable,False,unverifiable
qwen_vl,533255,kitchen,10,floor,,unverifiable,False,unverifiable
qwen_vl,533255,kitchen,11,wall,,unverifiable,False,unverifiable
qwen_vl,534456,living room,1,tv,television_set,wrong,False,unverifiable
qwen_vl,534456,living room,2,remote control,remote_control,correct,True,correct
qwen_vl,534456,living room,3,couch,sofa,correct,True,correct
qwen_vl,534456,living room,4,pillow,pillow,unverifiable,True,unverifiable
qwen_vl,534456,living room,5,glasses,spectacles,unverifiable,False,unverifiable
qwen_vl,534456,living room,6,watch,watch,unverifiable,False,unverifiable
qwen_vl,534456,living room,7,chips,,unverifiable,False,unverifiable
qwen_vl,536947,kitchen,1,refrigerator,refrigerator,correct,True,correct
qwen_vl,536947,kitchen,2,beer cans,beer_can,unverifiable,False,unverifiable
qwen_vl,536947,kitchen,3,bottle caps,bottle_cap,unverifiable,False,unverifiable
qwen_vl,537944,dining,1,knife,knife,correct,True,correct
qwen_vl,537944,dining,2,fork,fork,correct,True,unverifiable
qwen_vl,537944,dining,3,spoon,spoon,correct,True,unverifiable
qwen_vl,537944,dining,4,pie,pie,unverifiable,False,unverifiable
qwen_vl,537944,dining,5,salad,salad,unverifiable,False,unverifiable
qwen_vl,537944,dining,6,carrots,carrot,correct,True,correct
qwen_vl,537944,dining,7,cauliflower,cauliflower,unverifiable,False,unverifiable
qwen_vl,537944,dining,8,broccoli,broccoli,wrong,False,unverifiable
qwen_vl,537944,dining,9,potatoes,potato,correct,True,correct
qwen_vl,541332,bathroom,1,Toilet,toilet,correct,True,correct
qwen_vl,541332,bathroom,2,sink,sink,correct,True,correct
qwen_vl,541332,bathroom,3,bathtub,bathtub,correct,True,correct
qwen_vl,541332,bathroom,4,shower head,shower_head,unverifiable,False,unverifiable
qwen_vl,541332,bathroom,5,faucet,faucet,correct,True,correct
qwen_vl,541634,dining,1,chopsticks,chopstick,correct,True,correct
qwen_vl,541634,dining,2,spoon,spoon,correct,True,unverifiable
qwen_vl,541634,dining,3,bowl,bowl,correct,True,unverifiable
qwen_vl,541634,dining,4,plate,plate,unverifiable,False,unverifiable
qwen_vl,541634,dining,5,cup,cup,correct,True,correct
qwen_vl,541634,dining,6,straw,straw_(for_drinking),correct,True,correct
qwen_vl,541634,dining,7,drink,,unverifiable,False,unverifiable
qwen_vl,546219,dining,1,plate,plate,unverifiable,False,unverifiable
qwen_vl,546219,dining,2,fork,fork,correct,True,correct
qwen_vl,546219,dining,3,knife,knife,correct,True,unverifiable
qwen_vl,546219,dining,4,spoon,spoon,correct,True,unverifiable
qwen_vl,546219,dining,5,cup,cup,unverifiable,True,unverifiable
qwen_vl,546219,dining,6,glass,glass_(drink_container),unverifiable,True,unverifiable
qwen_vl,546219,dining,7,chair,chair,correct,True,unverifiable
qwen_vl,546219,dining,8,table,table,unverifiable,True,unverifiable
qwen_vl,546219,dining,9,shirt,shirt,unverifiable,False,unverifiable
qwen_vl,546219,dining,10,jacket,jacket,unverifiable,False,unverifiable
qwen_vl,546219,dining,11,necklace,necklace,unverifiable,False,unverifiable
qwen_vl,546964,living room,1,candle,candle,unverifiable,False,unverifiable
qwen_vl,546964,living room,2,vase,vase,correct,True,correct
qwen_vl,546964,living room,3,table,table,unverifiable,True,unverifiable
qwen_vl,546964,living room,4,chair,chair,correct,True,unverifiable
qwen_vl,546964,living room,5,sofa,sofa,correct,True,unverifiable
qwen_vl,546964,living room,6,flower,,unverifiable,False,unverifiable
qwen_vl,546964,living room,7,coffee table,coffee_table,correct,True,correct
qwen_vl,546964,living room,8,lamp,lamp,unverifiable,False,unverifiable
qwen_vl,546964,living room,9,mirror,mirror,unverifiable,False,unverifiable
qwen_vl,546964,living room,10,painting,painting,unverifiable,False,unverifiable
qwen_vl,546964,living room,11,carpet,,unverifiable,False,unverifiable
qwen_vl,547742,living room,1,lamp,lamp,unverifiable,False,unverifiable
qwen_vl,547742,living room,2,table,table,unverifiable,True,unverifiable
qwen_vl,547742,living room,3,couch,sofa,correct,True,correct
qwen_vl,547742,living room,4,painting,painting,correct,True,correct
qwen_vl,554658,kitchen,1,microwave,microwave_oven,correct,True,correct
qwen_vl,554658,kitchen,2,coffee maker,coffee_maker,correct,True,correct
qwen_vl,554658,kitchen,3,toaster,toaster,wrong,False,unverifiable
qwen_vl,554658,kitchen,4,oven,oven,correct,True,unverifiable
qwen_vl,554658,kitchen,5,refrigerator,refrigerator,correct,True,correct
qwen_vl,554658,kitchen,6,sink,sink,wrong,False,unverifiable
qwen_vl,554658,kitchen,7,cabinets,cabinet,correct,True,correct
qwen_vl,554809,bathroom,1,sink,sink,correct,True,correct
qwen_vl,554809,bathroom,2,toilet,toilet,correct,True,correct
qwen_vl,554809,bathroom,3,faucet,faucet,unverifiable,False,unverifiable
qwen_vl,556633,bathroom,1,mirror,mirror,unverifiable,False,unverifiable
qwen_vl,556633,bathroom,2,sink,sink,correct,True,unverifiable
qwen_vl,556633,bathroom,3,bathtub,bathtub,correct,True,correct
qwen_vl,556633,bathroom,4,bed,bed,correct,True,unverifiable
qwen_vl,556633,bathroom,5,sofa,sofa,correct,True,unverifiable
qwen_vl,556633,bathroom,6,pillow,pillow,correct,True,correct
qwen_vl,556633,bathroom,7,lamp,lamp,correct,True,correct
qwen_vl,556633,bathroom,8,painting,painting,unverifiable,False,unverifiable
qwen_vl,557172,bathroom,1,soap,soap,correct,True,correct
qwen_vl,557172,bathroom,2,towel,towel,unverifiable,False,unverifiable
qwen_vl,557172,bathroom,3,mirror,mirror,unverifiable,False,unverifiable
qwen_vl,557172,bathroom,4,sink,sink,correct,True,correct
qwen_vl,557172,bathroom,5,faucet,faucet,unverifiable,False,unverifiable
qwen_vl,559550,dining,1,fork,fork,correct,True,unverifiable
qwen_vl,559550,dining,2,spoon,spoon,correct,True,correct
qwen_vl,559550,dining,3,cup,cup,correct,True,correct
qwen_vl,559550,dining,4,plate,plate,unverifiable,False,unverifiable
qwen_vl,559550,dining,5,chair,chair,correct,True,unverifiable
qwen_vl,559550,dining,6,table,table,unverifiable,True,unverifiable
qwen_vl,559550,dining,7,napkin,napkin,correct,True,correct
qwen_vl,559550,dining,8,highchair,highchair,correct,True,correct
qwen_vl,567825,dining,1,sandwich,sandwich,correct,True,correct
qwen_vl,567825,dining,2,wine glass,wineglass,correct,True,correct
qwen_vl,567825,dining,3,bottle,bottle,correct,True,correct
qwen_vl,567825,dining,4,table,table,unverifiable,True,unverifiable
qwen_vl,567825,dining,5,bun,bun,unverifiable,False,unverifiable
qwen_vl,567825,dining,6,meat,,unverifiable,False,unverifiable
qwen_vl,567825,dining,7,cheese,,unverifiable,False,unverifiable
qwen_vl,567825,dining,8,tomato sauce,,unverifiable,False,unverifiable
qwen_vl,567825,dining,9,bread,bread,unverifiable,False,unverifiable
qwen_vl,567825,dining,10,condiment,condiment,unverifiable,False,unverifiable
qwen_vl,567825,dining,11,napkin,napkin,unverifiable,False,unverifiable
qwen_vl,571764,kitchen,1,juice,,unverifiable,False,unverifiable
qwen_vl,571764,kitchen,2,peanut butter,peanut_butter,correct,True,correct
qwen_vl,571764,kitchen,3,bread,bread,correct,True,correct
qwen_vl,571764,kitchen,4,orange juice,orange_juice,unverifiable,False,unverifiable
qwen_vl,571764,kitchen,5,honey,honey,correct,True,correct
qwen_vl,574940,living room,1,candlestick,candle,correct,True,correct
qwen_vl,574940,living room,2,vase,vase,correct,True,correct
qwen_vl,574940,living room,3,painting,painting,correct,True,correct
qwen_vl,574940,living room,4,lamp,lamp,correct,True,correct
qwen_vl,574940,living room,5,chair,chair,correct,True,unverifiable
qwen_vl,574940,living room,6,sofa,sofa,correct,True,correct
qwen_vl,574940,living room,7,table,table,unverifiable,False,unverifiable
qwen_vl,574940,living room,8,rug,,unverifiable,False,unverifiable
qwen_vl,574940,living room,9,fireplace,fireplace,correct,True,correct
qwen_vl,574940,living room,10,curtain,curtain,correct,True,correct
qwen_vl,577507,kitchen,1,microwave,microwave_oven,correct,True,correct
qwen_vl,577507,kitchen,2,stove,stove,unverifiable,False,unverifiable
qwen_vl,577507,kitchen,3,sink,sink,correct,True,unverifiable
qwen_vl,577507,kitchen,4,countertop,,unverifiable,False,unverifiable
qwen_vl,577507,kitchen,5,chair,chair,correct,True,unverifiable
qwen_vl,577507,kitchen,6,table,table,unverifiable,False,unverifiable
qwen_vl,577507,kitchen,7,light,,unverifiable,False,unverifiable
qwen_vl,577507,kitchen,8,cupboard,cupboard,unverifiable,False,unverifiable
qwen_vl,577507,kitchen,9,faucet,faucet,unverifiable,False,unverifiable
qwen_vl,577507,kitchen,10,vent,vent,unverifiable,False,unverifiable
qwen_vl,577507,kitchen,11,wall outlet,wall_socket,correct,True,correct
qwen_vl,578489,living room,1,remote,remote_control,correct,True,correct
qwen_vl,578489,living room,2,couch,sofa,correct,True,correct
qwen_vl,578489,living room,3,window,,unverifiable,False,unverifiable
qwen_vl,578489,living room,4,bottle,bottle,correct,True,unverifiable
qwen_vl,578489,living room,5,girl,person,correct,True,unverifiable
qwen_vl,578871,dining,1,fork,fork,unverifiable,False,unverifiable
qwen_vl,578871,dining,2,spoon,spoon,correct,True,correct
qwen_vl,578871,dining,3,bowl,bowl,correct,True,correct
qwen_vl,578871,dining,4,plate,plate,unverifiable,False,unverifiable
qwen_vl,578871,dining,5,table,table,unverifiable,True,unverifiable
qwen_vl,578871,dining,6,chair,chair,correct,True,unverifiable
qwen_vl,578871,dining,7,child,person,correct,True,unverifiable
qwen_vl,580026,dining,1,cake,cake,correct,True,correct
qwen_vl,580026,dining,2,candles,candle,unverifiable,False,unverifiable
qwen_vl,580026,dining,3,table,table,unverifiable,True,unverifiable
qwen_vl,580026,dining,4,vase,vase,correct,True,correct
qwen_vl,580026,dining,5,chair,chair,correct,True,unverifiable
static,5335,bathroom,1,chair,chair,wrong,False,unverifiable
static,5335,bathroom,2,bottle,bottle,correct,True,unverifiable
static,5335,bathroom,3,sink,sink,correct,True,correct
static,5335,bathroom,4,sofa,sofa,wrong,False,unverifiable
static,5335,bathroom,5,bed,bed,wrong,False,unverifiable
static,5335,bathroom,6,book,book,unverifiable,False,unverifiable
static,5335,bathroom,7,bowl,bowl,correct,True,unverifiable
static,5335,bathroom,8,toilet,toilet,wrong,False,unverifiable
static,5335,bathroom,9,pillow,pillow,unverifiable,False,unverifiable
static,5335,bathroom,10,dining table,dining_table,wrong,False,unverifiable
static,5335,bathroom,11,refrigerator,refrigerator,wrong,False,unverifiable
static,5335,bathroom,12,vase,vase,wrong,False,unverifiable
static,7574,kitchen,1,chair,chair,wrong,False,unverifiable
static,7574,kitchen,2,bottle,bottle,correct,True,unverifiable
static,7574,kitchen,3,sink,sink,correct,True,unverifiable
static,7574,kitchen,4,sofa,sofa,wrong,False,unverifiable
static,7574,kitchen,5,bed,bed,wrong,False,unverifiable
static,7574,kitchen,6,book,book,unverifiable,False,unverifiable
static,7574,kitchen,7,bowl,bowl,correct,True,correct
static,7574,kitchen,8,toilet,toilet,wrong,False,unverifiable
static,7574,kitchen,9,pillow,pillow,unverifiable,False,unverifiable
static,7574,kitchen,10,dining table,dining_table,wrong,False,unverifiable
static,7574,kitchen,11,refrigerator,refrigerator,correct,True,correct
static,7574,kitchen,12,vase,vase,correct,True,unverifiable
static,12873,bathroom,1,chair,chair,wrong,False,unverifiable
static,12873,bathroom,2,bottle,bottle,wrong,False,unverifiable
static,12873,bathroom,3,sink,sink,correct,True,correct
static,12873,bathroom,4,sofa,sofa,wrong,False,unverifiable
static,12873,bathroom,5,bed,bed,wrong,False,unverifiable
static,12873,bathroom,6,book,book,unverifiable,False,unverifiable
static,12873,bathroom,7,bowl,bowl,wrong,False,unverifiable
static,12873,bathroom,8,toilet,toilet,wrong,False,unverifiable
static,12873,bathroom,9,pillow,pillow,unverifiable,False,unverifiable
static,12873,bathroom,10,dining table,dining_table,wrong,False,unverifiable
static,12873,bathroom,11,refrigerator,refrigerator,wrong,False,unverifiable
static,12873,bathroom,12,vase,vase,wrong,False,unverifiable
static,14635,kitchen,1,chair,chair,correct,True,unverifiable
static,14635,kitchen,2,bottle,bottle,wrong,False,unverifiable
static,14635,kitchen,3,sink,sink,wrong,False,unverifiable
static,14635,kitchen,4,sofa,sofa,wrong,False,unverifiable
static,14635,kitchen,5,bed,bed,wrong,False,unverifiable
static,14635,kitchen,6,book,book,unverifiable,False,unverifiable
static,14635,kitchen,7,bowl,bowl,correct,True,unverifiable
static,14635,kitchen,8,toilet,toilet,wrong,False,unverifiable
static,14635,kitchen,9,pillow,pillow,unverifiable,False,unverifiable
static,14635,kitchen,10,dining table,dining_table,unverifiable,False,unverifiable
static,14635,kitchen,11,refrigerator,refrigerator,wrong,False,unverifiable
static,14635,kitchen,12,vase,vase,wrong,False,unverifiable
static,16958,living room,1,chair,chair,correct,True,correct
static,16958,living room,2,bottle,bottle,wrong,False,unverifiable
static,16958,living room,3,sink,sink,wrong,False,unverifiable
static,16958,living room,4,sofa,sofa,wrong,False,unverifiable
static,16958,living room,5,bed,bed,wrong,False,unverifiable
static,16958,living room,6,bowl,bowl,wrong,False,unverifiable
static,16958,living room,7,book,book,correct,True,correct
static,16958,living room,8,toilet,toilet,wrong,False,unverifiable
static,16958,living room,9,pillow,pillow,unverifiable,False,unverifiable
static,16958,living room,10,dining table,dining_table,wrong,True,unverifiable
static,16958,living room,11,refrigerator,refrigerator,wrong,False,unverifiable
static,16958,living room,12,vase,vase,correct,True,correct
static,17580,kitchen,1,chair,chair,wrong,False,unverifiable
static,17580,kitchen,2,bottle,bottle,correct,True,correct
static,17580,kitchen,3,sink,sink,wrong,False,unverifiable
static,17580,kitchen,4,sofa,sofa,wrong,False,unverifiable
static,17580,kitchen,5,bed,bed,wrong,False,unverifiable
static,17580,kitchen,6,book,book,unverifiable,False,unverifiable
static,17580,kitchen,7,bowl,bowl,correct,True,unverifiable
static,17580,kitchen,8,toilet,toilet,wrong,False,unverifiable
static,17580,kitchen,9,pillow,pillow,unverifiable,False,unverifiable
static,17580,kitchen,10,dining table,dining_table,wrong,False,unverifiable
static,17580,kitchen,11,refrigerator,refrigerator,correct,True,correct
static,17580,kitchen,12,vase,vase,wrong,False,unverifiable
static,23258,dining,1,chair,chair,wrong,False,unverifiable
static,23258,dining,2,bottle,bottle,correct,True,unverifiable
static,23258,dining,3,sink,sink,wrong,False,unverifiable
static,23258,dining,4,sofa,sofa,wrong,False,unverifiable
static,23258,dining,5,bed,bed,wrong,False,unverifiable
static,23258,dining,6,bowl,bowl,wrong,False,unverifiable
static,23258,dining,7,book,book,correct,True,unverifiable
static,23258,dining,8,toilet,toilet,wrong,False,unverifiable
static,23258,dining,9,pillow,pillow,unverifiable,False,unverifiable
static,23258,dining,10,dining table,dining_table,correct,True,correct
static,23258,dining,11,refrigerator,refrigerator,wrong,False,unverifiable
static,23258,dining,12,vase,vase,wrong,False,unverifiable
static,28903,bathroom,1,chair,chair,wrong,False,unverifiable
static,28903,bathroom,2,bottle,bottle,wrong,False,unverifiable
static,28903,bathroom,3,sink,sink,correct,True,unverifiable
static,28903,bathroom,4,sofa,sofa,wrong,False,unverifiable
static,28903,bathroom,5,bed,bed,wrong,False,unverifiable
static,28903,bathroom,6,book,book,unverifiable,False,unverifiable
static,28903,bathroom,7,bowl,bowl,wrong,False,unverifiable
static,28903,bathroom,8,pillow,pillow,unverifiable,False,unverifiable
static,28903,bathroom,9,toilet,toilet,correct,True,correct
static,28903,bathroom,10,dining table,dining_table,wrong,False,unverifiable
static,28903,bathroom,11,refrigerator,refrigerator,wrong,False,unverifiable
static,28903,bathroom,12,vase,vase,wrong,False,unverifiable
static,29288,living room,1,chair,chair,wrong,False,unverifiable
static,29288,living room,2,bottle,bottle,wrong,False,unverifiable
static,29288,living room,3,sink,sink,wrong,False,unverifiable
static,29288,living room,4,sofa,sofa,correct,True,correct
static,29288,living room,5,bed,bed,wrong,False,unverifiable
static,29288,living room,6,book,book,unverifiable,False,unverifiable
static,29288,living room,7,bowl,bowl,wrong,False,unverifiable
static,29288,living room,8,toilet,toilet,wrong,False,unverifiable
static,29288,living room,9,pillow,pillow,correct,True,correct
static,29288,living room,10,dining table,dining_table,wrong,False,unverifiable
static,29288,living room,11,refrigerator,refrigerator,wrong,False,unverifiable
static,29288,living room,12,vase,vase,correct,True,unverifiable
static,31296,dining,1,chair,chair,correct,True,unverifiable
static,31296,dining,2,bottle,bottle,correct,True,unverifiable
static,31296,dining,3,sink,sink,wrong,False,unverifiable
static,31296,dining,4,sofa,sofa,wrong,False,unverifiable
static,31296,dining,5,bed,bed,wrong,False,unverifiable
static,31296,dining,6,book,book,unverifiable,False,unverifiable
static,31296,dining,7,bowl,bowl,wrong,False,unverifiable
static,31296,dining,8,toilet,toilet,wrong,False,unverifiable
static,31296,dining,9,pillow,pillow,unverifiable,False,unverifiable
static,31296,dining,10,dining table,dining_table,correct,True,correct
static,31296,dining,11,refrigerator,refrigerator,wrong,False,unverifiable
static,31296,dining,12,vase,vase,wrong,False,unverifiable
static,33909,bathroom,1,chair,chair,wrong,False,unverifiable
static,33909,bathroom,2,bottle,bottle,wrong,False,unverifiable
static,33909,bathroom,3,sink,sink,wrong,False,unverifiable
static,33909,bathroom,4,sofa,sofa,wrong,False,unverifiable
static,33909,bathroom,5,bed,bed,wrong,False,unverifiable
static,33909,bathroom,6,book,book,unverifiable,False,unverifiable
static,33909,bathroom,7,bowl,bowl,wrong,False,unverifiable
static,33909,bathroom,8,pillow,pillow,unverifiable,False,unverifiable
static,33909,bathroom,9,toilet,toilet,correct,True,correct
static,33909,bathroom,10,dining table,dining_table,wrong,False,unverifiable
static,33909,bathroom,11,refrigerator,refrigerator,wrong,False,unverifiable
static,33909,bathroom,12,vase,vase,wrong,False,unverifiable
static,34524,bedroom,1,chair,chair,wrong,False,unverifiable
static,34524,bedroom,2,bottle,bottle,wrong,False,unverifiable
static,34524,bedroom,3,sink,sink,wrong,False,unverifiable
static,34524,bedroom,4,sofa,sofa,wrong,False,unverifiable
static,34524,bedroom,5,bed,bed,correct,True,correct
static,34524,bedroom,6,book,book,unverifiable,False,unverifiable
static,34524,bedroom,7,bowl,bowl,wrong,False,unverifiable
static,34524,bedroom,8,toilet,toilet,wrong,False,unverifiable
static,34524,bedroom,9,pillow,pillow,unverifiable,False,unverifiable
static,34524,bedroom,10,dining table,dining_table,wrong,False,unverifiable
static,34524,bedroom,11,refrigerator,refrigerator,wrong,False,unverifiable
static,34524,bedroom,12,vase,vase,wrong,False,unverifiable
static,35664,bedroom,1,chair,chair,correct,True,unverifiable
static,35664,bedroom,2,bottle,bottle,wrong,False,unverifiable
static,35664,bedroom,3,sink,sink,wrong,False,unverifiable
static,35664,bedroom,4,sofa,sofa,wrong,False,unverifiable
static,35664,bedroom,5,bed,bed,correct,True,correct
static,35664,bedroom,6,book,book,unverifiable,False,unverifiable
static,35664,bedroom,7,bowl,bowl,correct,True,unverifiable
static,35664,bedroom,8,toilet,toilet,wrong,False,unverifiable
static,35664,bedroom,9,pillow,pillow,unverifiable,False,unverifiable
static,35664,bedroom,10,dining table,dining_table,wrong,True,unverifiable
static,35664,bedroom,11,refrigerator,refrigerator,wrong,False,unverifiable
static,35664,bedroom,12,vase,vase,wrong,False,unverifiable
static,36494,dining,1,chair,chair,correct,True,unverifiable
static,36494,dining,2,bottle,bottle,correct,True,unverifiable
static,36494,dining,3,sink,sink,wrong,False,unverifiable
static,36494,dining,4,sofa,sofa,wrong,False,unverifiable
static,36494,dining,5,bed,bed,wrong,False,unverifiable
static,36494,dining,6,book,book,unverifiable,False,unverifiable
static,36494,dining,7,bowl,bowl,correct,True,unverifiable
static,36494,dining,8,toilet,toilet,wrong,False,unverifiable
static,36494,dining,9,pillow,pillow,unverifiable,False,unverifiable
static,36494,dining,10,dining table,dining_table,correct,True,correct
static,36494,dining,11,refrigerator,refrigerator,correct,True,unverifiable
static,36494,dining,12,vase,vase,correct,True,unverifiable
static,36844,kitchen,1,chair,chair,correct,True,unverifiable
static,36844,kitchen,2,bottle,bottle,wrong,False,unverifiable
static,36844,kitchen,3,sink,sink,wrong,False,unverifiable
static,36844,kitchen,4,sofa,sofa,correct,True,correct
static,36844,kitchen,5,bed,bed,wrong,False,unverifiable
static,36844,kitchen,6,book,book,unverifiable,False,unverifiable
static,36844,kitchen,7,bowl,bowl,wrong,False,unverifiable
static,36844,kitchen,8,toilet,toilet,wrong,False,unverifiable
static,36844,kitchen,9,pillow,pillow,correct,True,correct
static,36844,kitchen,10,dining table,dining_table,wrong,True,unverifiable
static,36844,kitchen,11,refrigerator,refrigerator,correct,True,correct
static,36844,kitchen,12,vase,vase,wrong,False,unverifiable
static,36936,living room,1,chair,chair,wrong,False,unverifiable
static,36936,living room,2,bottle,bottle,wrong,False,unverifiable
static,36936,living room,3,sink,sink,wrong,False,unverifiable
static,36936,living room,4,sofa,sofa,correct,True,correct
static,36936,living room,5,bed,bed,wrong,False,unverifiable
static,36936,living room,6,book,book,correct,True,unverifiable
static,36936,living room,7,bowl,bowl,correct,True,unverifiable
static,36936,living room,8,toilet,toilet,wrong,False,unverifiable
static,36936,living room,9,pillow,pillow,unverifiable,True,unverifiable
static,36936,living room,10,dining table,dining_table,wrong,True,unverifiable
static,36936,living room,11,refrigerator,refrigerator,wrong,False,unverifiable
static,36936,living room,12,vase,vase,wrong,False,unverifiable
static,43944,dining,1,chair,chair,wrong,False,unverifiable
static,43944,dining,2,bottle,bottle,correct,True,unverifiable
static,43944,dining,3,sink,sink,wrong,False,unverifiable
static,43944,dining,4,sofa,sofa,wrong,False,unverifiable
static,43944,dining,5,bed,bed,wrong,False,unverifiable
static,43944,dining,6,book,book,unverifiable,False,unverifiable
static,43944,dining,7,bowl,bowl,wrong,False,unverifiable
static,43944,dining,8,toilet,toilet,wrong,False,unverifiable
static,43944,dining,9,pillow,pillow,unverifiable,False,unverifiable
static,43944,dining,10,dining table,dining_table,correct,True,correct
static,43944,dining,11,refrigerator,refrigerator,wrong,False,unverifiable
static,43944,dining,12,vase,vase,wrong,False,unverifiable
static,45404,bedroom,1,chair,chair,wrong,False,unverifiable
static,45404,bedroom,2,bottle,bottle,wrong,False,unverifiable
static,45404,bedroom,3,sink,sink,wrong,False,unverifiable
static,45404,bedroom,4,sofa,sofa,wrong,False,unverifiable
static,45404,bedroom,5,bed,bed,correct,True,correct
static,45404,bedroom,6,book,book,unverifiable,False,unverifiable
static,45404,bedroom,7,bowl,bowl,wrong,False,unverifiable
static,45404,bedroom,8,toilet,toilet,wrong,False,unverifiable
static,45404,bedroom,9,pillow,pillow,correct,True,correct
static,45404,bedroom,10,dining table,dining_table,wrong,False,unverifiable
static,45404,bedroom,11,refrigerator,refrigerator,wrong,False,unverifiable
static,45404,bedroom,12,vase,vase,wrong,False,unverifiable
static,46029,bedroom,1,chair,chair,wrong,False,unverifiable
static,46029,bedroom,2,bottle,bottle,wrong,False,unverifiable
static,46029,bedroom,3,sink,sink,wrong,False,unverifiable
static,46029,bedroom,4,sofa,sofa,wrong,False,unverifiable
static,46029,bedroom,5,bed,bed,correct,True,correct
static,46029,bedroom,6,bowl,bowl,wrong,False,unverifiable
static,46029,bedroom,7,book,book,correct,True,correct
static,46029,bedroom,8,toilet,toilet,wrong,False,unverifiable
static,46029,bedroom,9,pillow,pillow,unverifiable,False,unverifiable
static,46029,bedroom,10,dining table,dining_table,wrong,False,unverifiable
static,46029,bedroom,11,refrigerator,refrigerator,wrong,False,unverifiable
static,46029,bedroom,12,vase,vase,wrong,False,unverifiable
static,49984,bathroom,1,chair,chair,wrong,False,unverifiable
static,49984,bathroom,2,bottle,bottle,correct,True,unverifiable
static,49984,bathroom,3,sink,sink,correct,True,unverifiable
static,49984,bathroom,4,sofa,sofa,wrong,False,unverifiable
static,49984,bathroom,5,bed,bed,wrong,False,unverifiable
static,49984,bathroom,6,book,book,unverifiable,False,unverifiable
static,49984,bathroom,7,bowl,bowl,wrong,False,unverifiable
static,49984,bathroom,8,pillow,pillow,unverifiable,False,unverifiable
static,49984,bathroom,9,toilet,toilet,correct,True,correct
static,49984,bathroom,10,dining table,dining_table,wrong,False,unverifiable
static,49984,bathroom,11,refrigerator,refrigerator,wrong,False,unverifiable
static,49984,bathroom,12,vase,vase,wrong,False,unverifiable
static,53328,living room,1,chair,chair,correct,True,correct
static,53328,living room,2,bottle,bottle,correct,True,correct
static,53328,living room,3,sink,sink,wrong,False,unverifiable
static,53328,living room,4,sofa,sofa,correct,True,correct
static,53328,living room,5,bed,bed,wrong,False,unverifiable
static,53328,living room,6,book,book,unverifiable,False,unverifiable
static,53328,living room,7,bowl,bowl,wrong,False,unverifiable
static,53328,living room,8,toilet,toilet,wrong,False,unverifiable
static,53328,living room,9,pillow,pillow,unverifiable,False,unverifiable
static,53328,living room,10,dining table,dining_table,unverifiable,False,unverifiable
static,53328,living room,11,refrigerator,refrigerator,wrong,False,unverifiable
static,53328,living room,12,vase,vase,wrong,False,unverifiable
static,53457,bedroom,1,chair,chair,wrong,False,unverifiable
static,53457,bedroom,2,bottle,bottle,wrong,False,unverifiable
static,53457,bedroom,3,sink,sink,wrong,False,unverifiable
static,53457,bedroom,4,sofa,sofa,wrong,False,unverifiable
static,53457,bedroom,5,bed,bed,correct,True,correct
static,53457,bedroom,6,book,book,unverifiable,False,unverifiable
static,53457,bedroom,7,bowl,bowl,wrong,False,unverifiable
static,53457,bedroom,8,toilet,toilet,wrong,False,unverifiable
static,53457,bedroom,9,pillow,pillow,unverifiable,False,unverifiable
static,53457,bedroom,10,dining table,dining_table,wrong,False,unverifiable
static,53457,bedroom,11,refrigerator,refrigerator,wrong,False,unverifiable
static,53457,bedroom,12,vase,vase,wrong,False,unverifiable
static,54318,bedroom,1,chair,chair,correct,True,unverifiable
static,54318,bedroom,2,bottle,bottle,wrong,False,unverifiable
static,54318,bedroom,3,sink,sink,wrong,False,unverifiable
static,54318,bedroom,4,sofa,sofa,wrong,False,unverifiable
static,54318,bedroom,5,bed,bed,correct,True,correct
static,54318,bedroom,6,book,book,unverifiable,False,unverifiable
static,54318,bedroom,7,bowl,bowl,wrong,False,unverifiable
static,54318,bedroom,8,toilet,toilet,wrong,False,unverifiable
static,54318,bedroom,9,pillow,pillow,unverifiable,True,unverifiable
static,54318,bedroom,10,dining table,dining_table,wrong,False,unverifiable
static,54318,bedroom,11,refrigerator,refrigerator,wrong,False,unverifiable
static,54318,bedroom,12,vase,vase,wrong,False,unverifiable
static,61773,kitchen,1,chair,chair,wrong,False,unverifiable
static,61773,kitchen,2,bottle,bottle,correct,True,correct
static,61773,kitchen,3,sink,sink,wrong,False,unverifiable
static,61773,kitchen,4,sofa,sofa,wrong,False,unverifiable
static,61773,kitchen,5,bed,bed,wrong,False,unverifiable
static,61773,kitchen,6,book,book,unverifiable,False,unverifiable
static,61773,kitchen,7,bowl,bowl,correct,True,unverifiable
static,61773,kitchen,8,toilet,toilet,wrong,False,unverifiable
static,61773,kitchen,9,pillow,pillow,unverifiable,False,unverifiable
static,61773,kitchen,10,dining table,dining_table,wrong,False,unverifiable
static,61773,kitchen,11,refrigerator,refrigerator,wrong,False,unverifiable
static,61773,kitchen,12,vase,vase,wrong,False,unverifiable
static,61925,bedroom,1,chair,chair,correct,True,unverifiable
static,61925,bedroom,2,bottle,bottle,wrong,False,unverifiable
static,61925,bedroom,3,sink,sink,wrong,False,unverifiable
static,61925,bedroom,4,sofa,sofa,wrong,False,unverifiable
static,61925,bedroom,5,bed,bed,correct,True,correct
static,61925,bedroom,6,bowl,bowl,wrong,False,unverifiable
static,61925,bedroom,7,book,book,correct,True,correct
static,61925,bedroom,8,toilet,toilet,wrong,False,unverifiable
static,61925,bedroom,9,pillow,pillow,correct,True,correct
static,61925,bedroom,10,dining table,dining_table,wrong,False,unverifiable
static,61925,bedroom,11,refrigerator,refrigerator,wrong,False,unverifiable
static,61925,bedroom,12,vase,vase,wrong,False,unverifiable
static,63081,living room,1,chair,chair,wrong,False,unverifiable
static,63081,living room,2,bottle,bottle,wrong,False,unverifiable
static,63081,living room,3,sink,sink,wrong,False,unverifiable
static,63081,living room,4,sofa,sofa,correct,True,correct
static,63081,living room,5,bed,bed,wrong,False,unverifiable
static,63081,living room,6,bowl,bowl,wrong,False,unverifiable
static,63081,living room,7,book,book,correct,True,unverifiable
static,63081,living room,8,toilet,toilet,wrong,False,unverifiable
static,63081,living room,9,pillow,pillow,unverifiable,False,unverifiable
static,63081,living room,10,dining table,dining_table,wrong,True,unverifiable
static,63081,living room,11,refrigerator,refrigerator,wrong,False,unverifiable
static,63081,living room,12,vase,vase,correct,True,unverifiable
static,63865,dining,1,chair,chair,wrong,False,unverifiable
static,63865,dining,2,bottle,bottle,correct,True,unverifiable
static,63865,dining,3,sink,sink,wrong,False,unverifiable
static,63865,dining,4,sofa,sofa,wrong,False,unverifiable
static,63865,dining,5,bed,bed,wrong,False,unverifiable
static,63865,dining,6,book,book,unverifiable,False,unverifiable
static,63865,dining,7,bowl,bowl,wrong,False,wrong
static,63865,dining,8,toilet,toilet,wrong,False,unverifiable
static,63865,dining,9,pillow,pillow,unverifiable,False,unverifiable
static,63865,dining,10,dining table,dining_table,correct,True,correct
static,63865,dining,11,refrigerator,refrigerator,wrong,False,unverifiable
static,63865,dining,12,vase,vase,wrong,False,unverifiable
static,65884,living room,1,chair,chair,correct,True,unverifiable
static,65884,living room,2,bottle,bottle,wrong,False,unverifiable
static,65884,living room,3,sink,sink,wrong,False,unverifiable
static,65884,living room,4,sofa,sofa,correct,True,unverifiable
static,65884,living room,5,bed,bed,wrong,False,unverifiable
static,65884,living room,6,book,book,unverifiable,False,unverifiable
static,65884,living room,7,bowl,bowl,wrong,False,unverifiable
static,65884,living room,8,toilet,toilet,wrong,False,unverifiable
static,65884,living room,9,pillow,pillow,correct,True,correct
static,65884,living room,10,dining table,dining_table,unverifiable,False,unverifiable
static,65884,living room,11,refrigerator,refrigerator,wrong,False,unverifiable
static,65884,living room,12,vase,vase,correct,True,unverifiable
static,67647,kitchen,1,chair,chair,correct,True,correct
static,67647,kitchen,2,bottle,bottle,correct,True,unverifiable
static,67647,kitchen,3,sink,sink,correct,True,unverifiable
static,67647,kitchen,4,sofa,sofa,correct,True,unverifiable
static,67647,kitchen,5,bed,bed,wrong,False,unverifiable
static,67647,kitchen,6,book,book,correct,True,unverifiable
static,67647,kitchen,7,bowl,bowl,correct,True,unverifiable
static,67647,kitchen,8,toilet,toilet,wrong,False,unverifiable
static,67647,kitchen,9,pillow,pillow,correct,True,correct
static,67647,kitchen,10,dining table,dining_table,unverifiable,False,unverifiable
static,67647,kitchen,11,refrigerator,refrigerator,correct,True,correct
static,67647,kitchen,12,vase,vase,wrong,False,unverifiable
static,68260,kitchen,1,chair,chair,wrong,False,unverifiable
static,68260,kitchen,2,bottle,bottle,correct,True,unverifiable
static,68260,kitchen,3,sink,sink,wrong,False,unverifiable
static,68260,kitchen,4,sofa,sofa,wrong,False,unverifiable
static,68260,kitchen,5,bed,bed,wrong,False,unverifiable
static,68260,kitchen,6,book,book,unverifiable,False,unverifiable
static,68260,kitchen,7,bowl,bowl,wrong,False,unverifiable
static,68260,kitchen,8,toilet,toilet,wrong,False,unverifiable
static,68260,kitchen,9,pillow,pillow,unverifiable,False,unverifiable
static,68260,kitchen,10,dining table,dining_table,wrong,False,unverifiable
static,68260,kitchen,11,refrigerator,refrigerator,wrong,False,unverifiable
static,68260,kitchen,12,vase,vase,wrong,False,unverifiable
static,68286,bedroom,1,chair,chair,wrong,False,unverifiable
static,68286,bedroom,2,bottle,bottle,wrong,False,unverifiable
static,68286,bedroom,3,sink,sink,wrong,False,unverifiable
static,68286,bedroom,4,sofa,sofa,wrong,False,unverifiable
static,68286,bedroom,5,bed,bed,correct,True,correct
static,68286,bedroom,6,book,book,unverifiable,False,unverifiable
static,68286,bedroom,7,bowl,bowl,wrong,False,unverifiable
static,68286,bedroom,8,toilet,toilet,wrong,False,unverifiable
static,68286,bedroom,9,pillow,pillow,correct,True,correct
static,68286,bedroom,10,dining table,dining_table,wrong,False,unverifiable
static,68286,bedroom,11,refrigerator,refrigerator,wrong,False,unverifiable
static,68286,bedroom,12,vase,vase,wrong,False,unverifiable
static,72961,bedroom,1,chair,chair,wrong,False,unverifiable
static,72961,bedroom,2,bottle,bottle,wrong,False,unverifiable
static,72961,bedroom,3,sink,sink,wrong,False,unverifiable
static,72961,bedroom,4,sofa,sofa,wrong,False,unverifiable
static,72961,bedroom,5,bed,bed,correct,True,correct
static,72961,bedroom,6,bowl,bowl,wrong,False,unverifiable
static,72961,bedroom,7,book,book,correct,True,unverifiable
static,72961,bedroom,8,toilet,toilet,wrong,False,unverifiable
static,72961,bedroom,9,pillow,pillow,correct,True,correct
static,72961,bedroom,10,dining table,dining_table,wrong,False,unverifiable
static,72961,bedroom,11,refrigerator,refrigerator,wrong,False,unverifiable
static,72961,bedroom,12,vase,vase,wrong,False,unverifiable
static,73326,kitchen,1,chair,chair,wrong,False,unverifiable
static,73326,kitchen,2,bottle,bottle,correct,True,correct
static,73326,kitchen,3,sink,sink,wrong,False,unverifiable
static,73326,kitchen,4,sofa,sofa,wrong,False,unverifiable
static,73326,kitchen,5,bed,bed,wrong,False,unverifiable
static,73326,kitchen,6,book,book,unverifiable,False,unverifiable
static,73326,kitchen,7,bowl,bowl,correct,True,unverifiable
static,73326,kitchen,8,toilet,toilet,wrong,False,unverifiable
static,73326,kitchen,9,pillow,pillow,unverifiable,False,unverifiable
static,73326,kitchen,10,dining table,dining_table,wrong,False,unverifiable
static,73326,kitchen,11,refrigerator,refrigerator,correct,True,correct
static,73326,kitchen,12,vase,vase,wrong,False,unverifiable
static,74357,kitchen,1,chair,chair,correct,True,unverifiable
static,74357,kitchen,2,bottle,bottle,correct,True,unverifiable
static,74357,kitchen,3,sink,sink,correct,True,unverifiable
static,74357,kitchen,4,sofa,sofa,correct,True,correct
static,74357,kitchen,5,bed,bed,wrong,False,unverifiable
static,74357,kitchen,6,bowl,bowl,wrong,False,unverifiable
static,74357,kitchen,7,book,book,correct,True,unverifiable
static,74357,kitchen,8,toilet,toilet,wrong,False,unverifiable
static,74357,kitchen,9,pillow,pillow,unverifiable,False,unverifiable
static,74357,kitchen,10,dining table,dining_table,wrong,False,unverifiable
static,74357,kitchen,11,refrigerator,refrigerator,wrong,False,unverifiable
static,74357,kitchen,12,vase,vase,correct,True,unverifiable
static,75110,bedroom,1,chair,chair,wrong,False,unverifiable
static,75110,bedroom,2,bottle,bottle,wrong,False,unverifiable
static,75110,bedroom,3,sink,sink,wrong,False,unverifiable
static,75110,bedroom,4,sofa,sofa,wrong,False,unverifiable
static,75110,bedroom,5,bed,bed,correct,True,correct
static,75110,bedroom,6,bowl,bowl,wrong,False,unverifiable
static,75110,bedroom,7,book,book,correct,True,unverifiable
static,75110,bedroom,8,toilet,toilet,wrong,False,unverifiable
static,75110,bedroom,9,pillow,pillow,correct,True,correct
static,75110,bedroom,10,dining table,dining_table,wrong,False,unverifiable
static,75110,bedroom,11,refrigerator,refrigerator,wrong,False,unverifiable
static,75110,bedroom,12,vase,vase,wrong,False,unverifiable
static,75811,bathroom,1,chair,chair,wrong,False,unverifiable
static,75811,bathroom,2,bottle,bottle,wrong,False,unverifiable
static,75811,bathroom,3,sink,sink,wrong,False,unverifiable
static,75811,bathroom,4,sofa,sofa,wrong,False,unverifiable
static,75811,bathroom,5,bed,bed,wrong,False,unverifiable
static,75811,bathroom,6,book,book,unverifiable,False,unverifiable
static,75811,bathroom,7,bowl,bowl,wrong,False,unverifiable
static,75811,bathroom,8,pillow,pillow,unverifiable,False,unverifiable
static,75811,bathroom,9,toilet,toilet,correct,True,correct
static,75811,bathroom,10,dining table,dining_table,wrong,False,unverifiable
static,75811,bathroom,11,refrigerator,refrigerator,wrong,False,unverifiable
static,75811,bathroom,12,vase,vase,wrong,False,unverifiable
static,77177,living room,1,chair,chair,wrong,False,unverifiable
static,77177,living room,2,bottle,bottle,wrong,False,unverifiable
static,77177,living room,3,sink,sink,wrong,False,unverifiable
static,77177,living room,4,sofa,sofa,correct,True,correct
static,77177,living room,5,bed,bed,wrong,False,unverifiable
static,77177,living room,6,book,book,unverifiable,False,unverifiable
static,77177,living room,7,bowl,bowl,wrong,False,unverifiable
static,77177,living room,8,toilet,toilet,wrong,False,unverifiable
static,77177,living room,9,pillow,pillow,unverifiable,True,unverifiable
static,77177,living room,10,dining table,dining_table,wrong,False,unverifiable
static,77177,living room,11,refrigerator,refrigerator,wrong,False,unverifiable
static,77177,living room,12,vase,vase,wrong,False,unverifiable
static,80369,kitchen,1,chair,chair,correct,True,unverifiable
static,80369,kitchen,2,bottle,bottle,wrong,False,unverifiable
static,80369,kitchen,3,sink,sink,wrong,False,unverifiable
static,80369,kitchen,4,sofa,sofa,wrong,False,unverifiable
static,80369,kitchen,5,bed,bed,wrong,False,unverifiable
static,80369,kitchen,6,book,book,unverifiable,False,unverifiable
static,80369,kitchen,7,bowl,bowl,correct,True,correct
static,80369,kitchen,8,toilet,toilet,wrong,False,unverifiable
static,80369,kitchen,9,pillow,pillow,unverifiable,False,unverifiable
static,80369,kitchen,10,dining table,dining_table,unverifiable,False,unverifiable
static,80369,kitchen,11,refrigerator,refrigerator,correct,True,correct
static,80369,kitchen,12,vase,vase,wrong,False,unverifiable
static,84680,kitchen,1,chair,chair,wrong,False,unverifiable
static,84680,kitchen,2,bottle,bottle,wrong,False,unverifiable
static,84680,kitchen,3,sink,sink,wrong,False,unverifiable
static,84680,kitchen,4,sofa,sofa,wrong,False,unverifiable
static,84680,kitchen,5,bed,bed,wrong,False,unverifiable
static,84680,kitchen,6,book,book,unverifiable,False,unverifiable
static,84680,kitchen,7,bowl,bowl,wrong,False,unverifiable
static,84680,kitchen,8,toilet,toilet,wrong,False,unverifiable
static,84680,kitchen,9,pillow,pillow,unverifiable,False,unverifiable
static,84680,kitchen,10,dining table,dining_table,wrong,True,unverifiable
static,84680,kitchen,11,refrigerator,refrigerator,correct,True,correct
static,84680,kitchen,12,vase,vase,wrong,False,unverifiable
static,88040,dining,1,chair,chair,wrong,False,unverifiable
static,88040,dining,2,bottle,bottle,correct,True,unverifiable
static,88040,dining,3,sink,sink,wrong,False,unverifiable
static,88040,dining,4,sofa,sofa,wrong,False,unverifiable
static,88040,dining,5,bed,bed,wrong,False,unverifiable
static,88040,dining,6,book,book,unverifiable,False,unverifiable
static,88040,dining,7,bowl,bowl,correct,True,unverifiable
static,88040,dining,8,toilet,toilet,wrong,False,unverifiable
static,88040,dining,9,pillow,pillow,unverifiable,False,unverifiable
static,88040,dining,10,dining table,dining_table,correct,True,correct
static,88040,dining,11,refrigerator,refrigerator,wrong,False,unverifiable
static,88040,dining,12,vase,vase,wrong,False,unverifiable
static,98085,dining,1,chair,chair,wrong,False,unverifiable
static,98085,dining,2,bottle,bottle,wrong,False,unverifiable
static,98085,dining,3,sink,sink,wrong,False,unverifiable
static,98085,dining,4,sofa,sofa,wrong,False,unverifiable
static,98085,dining,5,bed,bed,wrong,False,unverifiable
static,98085,dining,6,book,book,unverifiable,False,unverifiable
static,98085,dining,7,bowl,bowl,wrong,False,unverifiable
static,98085,dining,8,toilet,toilet,wrong,False,unverifiable
static,98085,dining,9,pillow,pillow,unverifiable,False,unverifiable
static,98085,dining,10,dining table,dining_table,correct,True,correct
static,98085,dining,11,refrigerator,refrigerator,wrong,False,unverifiable
static,98085,dining,12,vase,vase,wrong,False,unverifiable
static,101630,bathroom,1,chair,chair,wrong,False,unverifiable
static,101630,bathroom,2,bottle,bottle,correct,True,correct
static,101630,bathroom,3,sink,sink,correct,True,correct
static,101630,bathroom,4,sofa,sofa,wrong,False,unverifiable
static,101630,bathroom,5,bed,bed,wrong,False,unverifiable
static,101630,bathroom,6,book,book,unverifiable,False,unverifiable
static,101630,bathroom,7,bowl,bowl,wrong,False,unverifiable
static,101630,bathroom,8,toilet,toilet,wrong,False,unverifiable
static,101630,bathroom,9,pillow,pillow,unverifiable,False,unverifiable
static,101630,bathroom,10,dining table,dining_table,wrong,False,unverifiable
static,101630,bathroom,11,refrigerator,refrigerator,wrong,False,unverifiable
static,101630,bathroom,12,vase,vase,correct,True,unverifiable
static,101816,bathroom,1,chair,chair,wrong,False,unverifiable
static,101816,bathroom,2,bottle,bottle,correct,True,unverifiable
static,101816,bathroom,3,sink,sink,correct,True,correct
static,101816,bathroom,4,sofa,sofa,wrong,False,unverifiable
static,101816,bathroom,5,bed,bed,wrong,False,unverifiable
static,101816,bathroom,6,book,book,unverifiable,False,unverifiable
static,101816,bathroom,7,bowl,bowl,wrong,False,unverifiable
static,101816,bathroom,8,pillow,pillow,unverifiable,False,unverifiable
static,101816,bathroom,9,toilet,toilet,correct,True,correct
static,101816,bathroom,10,dining table,dining_table,wrong,False,unverifiable
static,101816,bathroom,11,refrigerator,refrigerator,wrong,False,unverifiable
static,101816,bathroom,12,vase,vase,wrong,False,unverifiable
static,102223,bedroom,1,chair,chair,wrong,False,unverifiable
static,102223,bedroom,2,bottle,bottle,wrong,False,unverifiable
static,102223,bedroom,3,sink,sink,wrong,False,unverifiable
static,102223,bedroom,4,sofa,sofa,correct,True,unverifiable
static,102223,bedroom,5,bed,bed,correct,True,correct
static,102223,bedroom,6,book,book,unverifiable,False,unverifiable
static,102223,bedroom,7,bowl,bowl,wrong,False,unverifiable
static,102223,bedroom,8,toilet,toilet,wrong,False,unverifiable
static,102223,bedroom,9,pillow,pillow,correct,True,correct
static,102223,bedroom,10,dining table,dining_table,wrong,False,unverifiable
static,102223,bedroom,11,refrigerator,refrigerator,wrong,False,unverifiable
static,102223,bedroom,12,vase,vase,wrong,False,unverifiable
static,102320,bathroom,1,chair,chair,wrong,False,unverifiable
static,102320,bathroom,2,bottle,bottle,wrong,False,unverifiable
static,102320,bathroom,3,sink,sink,correct,True,unverifiable
static,102320,bathroom,4,sofa,sofa,wrong,False,unverifiable
static,102320,bathroom,5,bed,bed,wrong,False,unverifiable
static,102320,bathroom,6,book,book,unverifiable,False,unverifiable
static,102320,bathroom,7,bowl,bowl,wrong,False,unverifiable
static,102320,bathroom,8,pillow,pillow,unverifiable,False,unverifiable
static,102320,bathroom,9,toilet,toilet,correct,True,correct
static,102320,bathroom,10,dining table,dining_table,wrong,False,unverifiable
static,102320,bathroom,11,refrigerator,refrigerator,wrong,False,unverifiable
static,102320,bathroom,12,vase,vase,wrong,False,unverifiable
static,102718,bathroom,1,chair,chair,wrong,False,unverifiable
static,102718,bathroom,2,bottle,bottle,correct,True,unverifiable
static,102718,bathroom,3,sink,sink,correct,True,correct
static,102718,bathroom,4,sofa,sofa,wrong,False,unverifiable
static,102718,bathroom,5,bed,bed,wrong,False,unverifiable
static,102718,bathroom,6,book,book,unverifiable,False,unverifiable
static,102718,bathroom,7,bowl,bowl,wrong,False,unverifiable
static,102718,bathroom,8,toilet,toilet,wrong,False,unverifiable
static,102718,bathroom,9,pillow,pillow,unverifiable,False,unverifiable
static,102718,bathroom,10,dining table,dining_table,wrong,False,unverifiable
static,102718,bathroom,11,refrigerator,refrigerator,wrong,False,unverifiable
static,102718,bathroom,12,vase,vase,wrong,False,unverifiable
static,102841,bedroom,1,chair,chair,wrong,False,unverifiable
static,102841,bedroom,2,bottle,bottle,wrong,False,unverifiable
static,102841,bedroom,3,sink,sink,wrong,False,unverifiable
static,102841,bedroom,4,sofa,sofa,wrong,False,unverifiable
static,102841,bedroom,5,bed,bed,correct,True,correct
static,102841,bedroom,6,bowl,bowl,wrong,False,unverifiable
static,102841,bedroom,7,book,book,correct,True,correct
static,102841,bedroom,8,toilet,toilet,wrong,False,unverifiable
static,102841,bedroom,9,pillow,pillow,unverifiable,False,unverifiable
static,102841,bedroom,10,dining table,dining_table,wrong,False,unverifiable
static,102841,bedroom,11,refrigerator,refrigerator,wrong,False,unverifiable
static,102841,bedroom,12,vase,vase,wrong,False,unverifiable
static,103119,kitchen,1,chair,chair,wrong,False,unverifiable
static,103119,kitchen,2,bottle,bottle,correct,True,correct
static,103119,kitchen,3,sink,sink,wrong,False,unverifiable
static,103119,kitchen,4,sofa,sofa,wrong,False,unverifiable
static,103119,kitchen,5,bed,bed,wrong,False,unverifiable
static,103119,kitchen,6,book,book,unverifiable,False,unverifiable
static,103119,kitchen,7,bowl,bowl,wrong,False,unverifiable
static,103119,kitchen,8,toilet,toilet,wrong,False,unverifiable
static,103119,kitchen,9,pillow,pillow,unverifiable,False,unverifiable
static,103119,kitchen,10,dining table,dining_table,wrong,False,unverifiable
static,103119,kitchen,11,refrigerator,refrigerator,wrong,False,unverifiable
static,103119,kitchen,12,vase,vase,wrong,False,unverifiable
static,106235,living room,1,chair,chair,correct,True,unverifiable
static,106235,living room,2,bottle,bottle,wrong,False,unverifiable
static,106235,living room,3,sink,sink,wrong,False,unverifiable
static,106235,living room,4,sofa,sofa,correct,True,unverifiable
static,106235,living room,5,bed,bed,wrong,False,unverifiable
static,106235,living room,6,book,book,unverifiable,False,unverifiable
static,106235,living room,7,bowl,bowl,wrong,False,unverifiable
static,106235,living room,8,toilet,toilet,wrong,False,unverifiable
static,106235,living room,9,pillow,pillow,correct,True,correct
static,106235,living room,10,dining table,dining_table,unverifiable,True,unverifiable
static,106235,living room,11,refrigerator,refrigerator,wrong,False,unverifiable
static,106235,living room,12,vase,vase,wrong,False,unverifiable
static,110884,bathroom,1,chair,chair,wrong,False,unverifiable
static,110884,bathroom,2,bottle,bottle,wrong,False,unverifiable
static,110884,bathroom,3,sink,sink,correct,True,correct
static,110884,bathroom,4,sofa,sofa,wrong,False,unverifiable
static,110884,bathroom,5,bed,bed,wrong,False,unverifiable
static,110884,bathroom,6,book,book,unverifiable,False,unverifiable
static,110884,bathroom,7,bowl,bowl,correct,True,unverifiable
static,110884,bathroom,8,pillow,pillow,unverifiable,False,unverifiable
static,110884,bathroom,9,toilet,toilet,correct,True,correct
static,110884,bathroom,10,dining table,dining_table,wrong,False,unverifiable
static,110884,bathroom,11,refrigerator,refrigerator,wrong,False,unverifiable
static,110884,bathroom,12,vase,vase,wrong,False,unverifiable
static,111951,bathroom,1,chair,chair,wrong,False,unverifiable
static,111951,bathroom,2,bottle,bottle,wrong,False,unverifiable
static,111951,bathroom,3,sink,sink,correct,True,correct
static,111951,bathroom,4,sofa,sofa,wrong,False,unverifiable
static,111951,bathroom,5,bed,bed,wrong,False,unverifiable
static,111951,bathroom,6,book,book,unverifiable,False,unverifiable
static,111951,bathroom,7,bowl,bowl,wrong,False,unverifiable
static,111951,bathroom,8,pillow,pillow,unverifiable,False,unverifiable
static,111951,bathroom,9,toilet,toilet,correct,True,correct
static,111951,bathroom,10,dining table,dining_table,wrong,False,unverifiable
static,111951,bathroom,11,refrigerator,refrigerator,wrong,False,unverifiable
static,111951,bathroom,12,vase,vase,correct,True,unverifiable
static,114108,dining,1,chair,chair,correct,True,unverifiable
static,114108,dining,2,bottle,bottle,wrong,False,unverifiable
static,114108,dining,3,sink,sink,wrong,False,unverifiable
static,114108,dining,4,sofa,sofa,wrong,False,unverifiable
static,114108,dining,5,bed,bed,wrong,False,unverifiable
static,114108,dining,6,book,book,unverifiable,False,unverifiable
static,114108,dining,7,bowl,bowl,wrong,False,unverifiable
static,114108,dining,8,toilet,toilet,wrong,False,unverifiable
static,114108,dining,9,pillow,pillow,unverifiable,False,unverifiable
static,114108,dining,10,dining table,dining_table,correct,True,correct
static,114108,dining,11,refrigerator,refrigerator,wrong,False,unverifiable
static,114108,dining,12,vase,vase,wrong,False,unverifiable
static,116479,bedroom,1,chair,chair,correct,True,unverifiable
static,116479,bedroom,2,bottle,bottle,wrong,False,unverifiable
static,116479,bedroom,3,sink,sink,wrong,False,unverifiable
static,116479,bedroom,4,sofa,sofa,correct,True,unverifiable
static,116479,bedroom,5,bed,bed,correct,True,correct
static,116479,bedroom,6,book,book,unverifiable,False,unverifiable
static,116479,bedroom,7,bowl,bowl,wrong,False,unverifiable
static,116479,bedroom,8,toilet,toilet,wrong,False,unverifiable
static,116479,bedroom,9,pillow,pillow,unverifiable,False,unverifiable
static,116479,bedroom,10,dining table,dining_table,wrong,False,unverifiable
static,116479,bedroom,11,refrigerator,refrigerator,wrong,False,unverifiable
static,116479,bedroom,12,vase,vase,wrong,False,unverifiable
static,117089,dining,1,chair,chair,correct,True,unverifiable
static,117089,dining,2,bottle,bottle,wrong,False,unverifiable
static,117089,dining,3,sink,sink,wrong,False,unverifiable
static,117089,dining,4,sofa,sofa,wrong,False,unverifiable
static,117089,dining,5,bed,bed,wrong,False,unverifiable
static,117089,dining,6,book,book,unverifiable,False,unverifiable
static,117089,dining,7,bowl,bowl,correct,True,unverifiable
static,117089,dining,8,toilet,toilet,wrong,False,unverifiable
static,117089,dining,9,pillow,pillow,unverifiable,False,unverifiable
static,117089,dining,10,dining table,dining_table,correct,True,correct
static,117089,dining,11,refrigerator,refrigerator,wrong,False,unverifiable
static,117089,dining,12,vase,vase,wrong,False,unverifiable
static,121904,kitchen,1,chair,chair,correct,True,unverifiable
static,121904,kitchen,2,bottle,bottle,correct,True,correct
static,121904,kitchen,3,sink,sink,correct,True,unverifiable
static,121904,kitchen,4,sofa,sofa,wrong,False,unverifiable
static,121904,kitchen,5,bed,bed,wrong,False,unverifiable
static,121904,kitchen,6,book,book,correct,True,unverifiable
static,121904,kitchen,7,bowl,bowl,correct,True,unverifiable
static,121904,kitchen,8,toilet,toilet,wrong,False,unverifiable
static,121904,kitchen,9,pillow,pillow,unverifiable,False,unverifiable
static,121904,kitchen,10,dining table,dining_table,unverifiable,False,unverifiable
static,121904,kitchen,11,refrigerator,refrigerator,correct,True,correct
static,121904,kitchen,12,vase,vase,wrong,False,unverifiable
static,125955,bathroom,1,chair,chair,wrong,False,unverifiable
static,125955,bathroom,2,bottle,bottle,correct,True,unverifiable
static,125955,bathroom,3,sink,sink,correct,True,correct
static,125955,bathroom,4,sofa,sofa,wrong,False,unverifiable
static,125955,bathroom,5,bed,bed,wrong,False,unverifiable
static,125955,bathroom,6,bowl,bowl,wrong,False,unverifiable
static,125955,bathroom,7,book,book,correct,True,correct
static,125955,bathroom,8,pillow,pillow,unverifiable,False,unverifiable
static,125955,bathroom,9,toilet,toilet,correct,True,correct
static,125955,bathroom,10,dining table,dining_table,wrong,False,unverifiable
static,125955,bathroom,11,refrigerator,refrigerator,wrong,False,unverifiable
static,125955,bathroom,12,vase,vase,wrong,False,unverifiable
static,127168,bedroom,1,chair,chair,wrong,False,unverifiable
static,127168,bedroom,2,bottle,bottle,wrong,False,unverifiable
static,127168,bedroom,3,sink,sink,wrong,False,unverifiable
static,127168,bedroom,4,sofa,sofa,wrong,False,unverifiable
static,127168,bedroom,5,bed,bed,correct,True,correct
static,127168,bedroom,6,book,book,unverifiable,False,unverifiable
static,127168,bedroom,7,bowl,bowl,wrong,False,unverifiable
static,127168,bedroom,8,toilet,toilet,wrong,False,unverifiable
static,127168,bedroom,9,pillow,pillow,correct,True,correct
static,127168,bedroom,10,dining table,dining_table,wrong,False,unverifiable
static,127168,bedroom,11,refrigerator,refrigerator,wrong,False,unverifiable
static,127168,bedroom,12,vase,vase,wrong,False,unverifiable
static,127394,dining,1,chair,chair,correct,True,unverifiable
static,127394,dining,2,bottle,bottle,correct,True,unverifiable
static,127394,dining,3,sink,sink,wrong,False,unverifiable
static,127394,dining,4,sofa,sofa,wrong,False,unverifiable
static,127394,dining,5,bed,bed,wrong,False,unverifiable
static,127394,dining,6,book,book,unverifiable,False,unverifiable
static,127394,dining,7,bowl,bowl,correct,True,unverifiable
static,127394,dining,8,toilet,toilet,wrong,False,unverifiable
static,127394,dining,9,pillow,pillow,unverifiable,False,unverifiable
static,127394,dining,10,dining table,dining_table,correct,True,correct
static,127394,dining,11,refrigerator,refrigerator,wrong,False,unverifiable
static,127394,dining,12,vase,vase,wrong,False,unverifiable
static,129322,bathroom,1,chair,chair,wrong,False,unverifiable
static,129322,bathroom,2,bottle,bottle,wrong,False,unverifiable
static,129322,bathroom,3,sink,sink,wrong,False,unverifiable
static,129322,bathroom,4,sofa,sofa,wrong,False,unverifiable
static,129322,bathroom,5,bed,bed,wrong,False,unverifiable
static,129322,bathroom,6,book,book,unverifiable,False,unverifiable
static,129322,bathroom,7,bowl,bowl,wrong,False,unverifiable
static,129322,bathroom,8,pillow,pillow,unverifiable,False,unverifiable
static,129322,bathroom,9,toilet,toilet,correct,True,correct
static,129322,bathroom,10,dining table,dining_table,wrong,False,unverifiable
static,129322,bathroom,11,refrigerator,refrigerator,wrong,False,unverifiable
static,129322,bathroom,12,vase,vase,wrong,False,unverifiable
static,129980,living room,1,chair,chair,correct,True,unverifiable
static,129980,living room,2,bottle,bottle,wrong,False,unverifiable
static,129980,living room,3,sink,sink,wrong,False,unverifiable
static,129980,living room,4,sofa,sofa,correct,True,correct
static,129980,living room,5,bed,bed,wrong,False,unverifiable
static,129980,living room,6,book,book,unverifiable,False,unverifiable
static,129980,living room,7,bowl,bowl,correct,True,unverifiable
static,129980,living room,8,toilet,toilet,wrong,False,wrong
static,129980,living room,9,pillow,pillow,correct,True,correct
static,129980,living room,10,dining table,dining_table,unverifiable,True,unverifiable
static,129980,living room,11,refrigerator,refrigerator,wrong,False,unverifiable
static,129980,living room,12,vase,vase,correct,True,correct
static,134907,living room,1,chair,chair,wrong,False,unverifiable
static,134907,living room,2,bottle,bottle,wrong,False,unverifiable
static,134907,living room,3,sink,sink,wrong,False,unverifiable
static,134907,living room,4,sofa,sofa,correct,True,correct
static,134907,living room,5,bed,bed,wrong,False,unverifiable
static,134907,living room,6,bowl,bowl,wrong,False,unverifiable
static,134907,living room,7,book,book,correct,True,correct
static,134907,living room,8,toilet,toilet,wrong,False,unverifiable
static,134907,living room,9,pillow,pillow,correct,True,correct
static,134907,living room,10,dining table,dining_table,wrong,False,unverifiable
static,134907,living room,11,refrigerator,refrigerator,wrong,False,unverifiable
static,134907,living room,12,vase,vase,wrong,False,unverifiable
static,140487,living room,1,chair,chair,wrong,False,wrong
static,140487,living room,2,bottle,bottle,correct,True,unverifiable
static,140487,living room,3,sink,sink,wrong,False,unverifiable
static,140487,living room,4,sofa,sofa,correct,True,correct
static,140487,living room,5,bed,bed,correct,True,unverifiable
static,140487,living room,6,bowl,bowl,wrong,False,unverifiable
static,140487,living room,7,book,book,correct,True,unverifiable
static,140487,living room,8,toilet,toilet,wrong,False,unverifiable
static,140487,living room,9,pillow,pillow,unverifiable,False,unverifiable
static,140487,living room,10,dining table,dining_table,wrong,False,unverifiable
static,140487,living room,11,refrigerator,refrigerator,wrong,False,unverifiable
static,140487,living room,12,vase,vase,wrong,False,unverifiable
static,140987,dining,1,chair,chair,correct,True,unverifiable
static,140987,dining,2,bottle,bottle,wrong,False,unverifiable
static,140987,dining,3,sink,sink,wrong,False,unverifiable
static,140987,dining,4,sofa,sofa,wrong,False,unverifiable
static,140987,dining,5,bed,bed,wrong,False,unverifiable
static,140987,dining,6,book,book,unverifiable,False,unverifiable
static,140987,dining,7,bowl,bowl,wrong,False,unverifiable
static,140987,dining,8,toilet,toilet,wrong,False,unverifiable
static,140987,dining,9,pillow,pillow,unverifiable,False,unverifiable
static,140987,dining,10,dining table,dining_table,correct,True,correct
static,140987,dining,11,refrigerator,refrigerator,wrong,False,unverifiable
static,140987,dining,12,vase,vase,wrong,False,unverifiable
static,141180,bedroom,1,chair,chair,wrong,False,unverifiable
static,141180,bedroom,2,bottle,bottle,wrong,False,unverifiable
static,141180,bedroom,3,sink,sink,wrong,False,unverifiable
static,141180,bedroom,4,sofa,sofa,wrong,False,unverifiable
static,141180,bedroom,5,bed,bed,correct,True,correct
static,141180,bedroom,6,book,book,unverifiable,False,unverifiable
static,141180,bedroom,7,bowl,bowl,wrong,False,unverifiable
static,141180,bedroom,8,toilet,toilet,wrong,False,unverifiable
static,141180,bedroom,9,pillow,pillow,unverifiable,False,unverifiable
static,141180,bedroom,10,dining table,dining_table,wrong,False,unverifiable
static,141180,bedroom,11,refrigerator,refrigerator,wrong,False,unverifiable
static,141180,bedroom,12,vase,vase,wrong,False,unverifiable
static,141795,bathroom,1,chair,chair,wrong,False,unverifiable
static,141795,bathroom,2,bottle,bottle,wrong,False,unverifiable
static,141795,bathroom,3,sink,sink,correct,True,correct
static,141795,bathroom,4,sofa,sofa,wrong,False,unverifiable
static,141795,bathroom,5,bed,bed,wrong,False,unverifiable
static,141795,bathroom,6,book,book,unverifiable,False,unverifiable
static,141795,bathroom,7,bowl,bowl,wrong,False,unverifiable
static,141795,bathroom,8,pillow,pillow,unverifiable,False,unverifiable
static,141795,bathroom,9,toilet,toilet,correct,True,correct
static,141795,bathroom,10,dining table,dining_table,wrong,False,unverifiable
static,141795,bathroom,11,refrigerator,refrigerator,wrong,False,unverifiable
static,141795,bathroom,12,vase,vase,wrong,False,unverifiable
static,142240,kitchen,1,chair,chair,wrong,False,unverifiable
static,142240,kitchen,2,bottle,bottle,correct,True,unverifiable
static,142240,kitchen,3,sink,sink,correct,True,unverifiable
static,142240,kitchen,4,sofa,sofa,wrong,False,unverifiable
static,142240,kitchen,5,bed,bed,wrong,False,unverifiable
static,142240,kitchen,6,book,book,unverifiable,False,unverifiable
static,142240,kitchen,7,bowl,bowl,wrong,False,unverifiable
static,142240,kitchen,8,toilet,toilet,wrong,False,unverifiable
static,142240,kitchen,9,pillow,pillow,unverifiable,False,unverifiable
static,142240,kitchen,10,dining table,dining_table,wrong,False,unverifiable
static,142240,kitchen,11,refrigerator,refrigerator,wrong,False,unverifiable
static,142240,kitchen,12,vase,vase,wrong,False,unverifiable
static,142291,living room,1,chair,chair,wrong,False,unverifiable
static,142291,living room,2,bottle,bottle,wrong,False,unverifiable
static,142291,living room,3,sink,sink,wrong,False,unverifiable
static,142291,living room,4,sofa,sofa,correct,True,correct
static,142291,living room,5,bed,bed,wrong,False,unverifiable
static,142291,living room,6,book,book,unverifiable,False,unverifiable
static,142291,living room,7,bowl,bowl,wrong,False,unverifiable
static,142291,living room,8,toilet,toilet,wrong,False,unverifiable
static,142291,living room,9,pillow,pillow,correct,True,correct
static,142291,living room,10,dining table,dining_table,wrong,False,unverifiable
static,142291,living room,11,refrigerator,refrigerator,wrong,False,unverifiable
static,142291,living room,12,vase,vase,wrong,False,unverifiable
static,149184,kitchen,1,chair,chair,correct,True,unverifiable
static,149184,kitchen,2,bottle,bottle,correct,True,unverifiable
static,149184,kitchen,3,sink,sink,correct,True,unverifiable
static,149184,kitchen,4,sofa,sofa,wrong,False,unverifiable
static,149184,kitchen,5,bed,bed,wrong,False,unverifiable
static,149184,kitchen,6,book,book,unverifiable,False,unverifiable
static,149184,kitchen,7,bowl,bowl,wrong,False,unverifiable
static,149184,kitchen,8,toilet,toilet,wrong,False,unverifiable
static,149184,kitchen,9,pillow,pillow,unverifiable,False,unverifiable
static,149184,kitchen,10,dining table,dining_table,unverifiable,False,unverifiable
static,149184,kitchen,11,refrigerator,refrigerator,correct,True,correct
static,149184,kitchen,12,vase,vase,correct,True,unverifiable
static,150417,kitchen,1,chair,chair,correct,True,unverifiable
static,150417,kitchen,2,bottle,bottle,wrong,False,unverifiable
static,150417,kitchen,3,sink,sink,wrong,False,unverifiable
static,150417,kitchen,4,sofa,sofa,wrong,False,unverifiable
static,150417,kitchen,5,bed,bed,wrong,False,unverifiable
static,150417,kitchen,6,book,book,unverifiable,False,unverifiable
static,150417,kitchen,7,bowl,bowl,correct,True,unverifiable
static,150417,kitchen,8,toilet,toilet,wrong,False,unverifiable
static,150417,kitchen,9,pillow,pillow,unverifiable,False,unverifiable
static,150417,kitchen,10,dining table,dining_table,unverifiable,False,unverifiable
static,150417,kitchen,11,refrigerator,refrigerator,correct,True,correct
static,150417,kitchen,12,vase,vase,wrong,False,unverifiable
static,150874,bedroom,1,chair,chair,correct,True,unverifiable
static,150874,bedroom,2,bottle,bottle,wrong,False,unverifiable
static,150874,bedroom,3,sink,sink,wrong,False,unverifiable
static,150874,bedroom,4,sofa,sofa,wrong,False,unverifiable
static,150874,bedroom,5,bed,bed,correct,True,correct
static,150874,bedroom,6,bowl,bowl,wrong,False,unverifiable
static,150874,bedroom,7,book,book,correct,True,unverifiable
static,150874,bedroom,8,toilet,toilet,wrong,False,unverifiable
static,150874,bedroom,9,pillow,pillow,unverifiable,False,unverifiable
static,150874,bedroom,10,dining table,dining_table,unverifiable,True,unverifiable
static,150874,bedroom,11,refrigerator,refrigerator,wrong,False,unverifiable
static,150874,bedroom,12,vase,vase,wrong,False,unverifiable
static,151414,bedroom,1,chair,chair,wrong,False,unverifiable
static,151414,bedroom,2,bottle,bottle,wrong,False,unverifiable
static,151414,bedroom,3,sink,sink,wrong,False,wrong
static,151414,bedroom,4,sofa,sofa,correct,True,unverifiable
static,151414,bedroom,5,bed,bed,correct,True,correct
static,151414,bedroom,6,book,book,unverifiable,False,unverifiable
static,151414,bedroom,7,bowl,bowl,wrong,False,unverifiable
static,151414,bedroom,8,toilet,toilet,wrong,False,unverifiable
static,151414,bedroom,9,pillow,pillow,correct,True,correct
static,151414,bedroom,10,dining table,dining_table,wrong,False,unverifiable
static,151414,bedroom,11,refrigerator,refrigerator,wrong,False,unverifiable
static,151414,bedroom,12,vase,vase,wrong,False,unverifiable
static,152298,bathroom,1,chair,chair,wrong,False,unverifiable
static,152298,bathroom,2,bottle,bottle,correct,True,unverifiable
static,152298,bathroom,3,sink,sink,correct,True,correct
static,152298,bathroom,4,sofa,sofa,wrong,False,unverifiable
static,152298,bathroom,5,bed,bed,wrong,False,unverifiable
static,152298,bathroom,6,book,book,unverifiable,False,unverifiable
static,152298,bathroom,7,bowl,bowl,wrong,False,unverifiable
static,152298,bathroom,8,pillow,pillow,unverifiable,False,unverifiable
static,152298,bathroom,9,toilet,toilet,correct,True,unverifiable
static,152298,bathroom,10,dining table,dining_table,wrong,False,unverifiable
static,152298,bathroom,11,refrigerator,refrigerator,wrong,False,unverifiable
static,152298,bathroom,12,vase,vase,wrong,False,unverifiable
static,154358,living room,1,chair,chair,correct,True,unverifiable
static,154358,living room,2,bottle,bottle,wrong,False,unverifiable
static,154358,living room,3,sink,sink,wrong,False,unverifiable
static,154358,living room,4,sofa,sofa,wrong,False,unverifiable
static,154358,living room,5,bed,bed,wrong,False,unverifiable
static,154358,living room,6,bowl,bowl,wrong,False,unverifiable
static,154358,living room,7,book,book,correct,True,unverifiable
static,154358,living room,8,toilet,toilet,wrong,False,unverifiable
static,154358,living room,9,pillow,pillow,unverifiable,False,unverifiable
static,154358,living room,10,dining table,dining_table,unverifiable,True,unverifiable
static,154358,living room,11,refrigerator,refrigerator,wrong,False,unverifiable
static,154358,living room,12,vase,vase,correct,True,correct
static,154431,living room,1,chair,chair,wrong,False,unverifiable
static,154431,living room,2,bottle,bottle,wrong,False,unverifiable
static,154431,living room,3,sink,sink,wrong,False,unverifiable
static,154431,living room,4,sofa,sofa,wrong,False,unverifiable
static,154431,living room,5,bed,bed,wrong,False,unverifiable
static,154431,living room,6,book,book,correct,True,unverifiable
static,154431,living room,7,bowl,bowl,correct,True,correct
static,154431,living room,8,toilet,toilet,wrong,False,unverifiable
static,154431,living room,9,pillow,pillow,unverifiable,False,unverifiable
static,154431,living room,10,dining table,dining_table,wrong,False,unverifiable
static,154431,living room,11,refrigerator,refrigerator,wrong,False,unverifiable
static,154431,living room,12,vase,vase,correct,True,unverifiable
static,154704,dining,1,chair,chair,correct,True,unverifiable
static,154704,dining,2,bottle,bottle,wrong,False,unverifiable
static,154704,dining,3,sink,sink,wrong,False,unverifiable
static,154704,dining,4,sofa,sofa,wrong,False,unverifiable
static,154704,dining,5,bed,bed,wrong,False,unverifiable
static,154704,dining,6,book,book,unverifiable,False,unverifiable
static,154704,dining,7,bowl,bowl,wrong,False,unverifiable
static,154704,dining,8,toilet,toilet,wrong,False,unverifiable
static,154704,dining,9,pillow,pillow,unverifiable,False,unverifiable
static,154704,dining,10,dining table,dining_table,correct,True,correct
static,154704,dining,11,refrigerator,refrigerator,wrong,False,unverifiable
static,154704,dining,12,vase,vase,wrong,False,unverifiable
static,156643,dining,1,chair,chair,correct,True,unverifiable
static,156643,dining,2,bottle,bottle,correct,True,unverifiable
static,156643,dining,3,sink,sink,wrong,False,unverifiable
static,156643,dining,4,sofa,sofa,wrong,False,unverifiable
static,156643,dining,5,bed,bed,wrong,False,unverifiable
static,156643,dining,6,book,book,unverifiable,False,unverifiable
static,156643,dining,7,bowl,bowl,wrong,False,unverifiable
static,156643,dining,8,toilet,toilet,wrong,False,unverifiable
static,156643,dining,9,pillow,pillow,unverifiable,False,unverifiable
static,156643,dining,10,dining table,dining_table,correct,True,correct
static,156643,dining,11,refrigerator,refrigerator,wrong,False,unverifiable
static,156643,dining,12,vase,vase,wrong,False,unverifiable
static,157045,bathroom,1,chair,chair,wrong,False,unverifiable
static,157045,bathroom,2,bottle,bottle,wrong,False,unverifiable
static,157045,bathroom,3,sink,sink,correct,True,correct
static,157045,bathroom,4,sofa,sofa,wrong,False,unverifiable
static,157045,bathroom,5,bed,bed,wrong,False,unverifiable
static,157045,bathroom,6,book,book,unverifiable,False,unverifiable
static,157045,bathroom,7,bowl,bowl,wrong,False,unverifiable
static,157045,bathroom,8,pillow,pillow,unverifiable,False,unverifiable
static,157045,bathroom,9,toilet,toilet,correct,True,correct
static,157045,bathroom,10,dining table,dining_table,wrong,False,unverifiable
static,157045,bathroom,11,refrigerator,refrigerator,wrong,False,unverifiable
static,157045,bathroom,12,vase,vase,wrong,False,unverifiable
static,158880,bathroom,1,chair,chair,wrong,False,unverifiable
static,158880,bathroom,2,bottle,bottle,wrong,False,unverifiable
static,158880,bathroom,3,sink,sink,wrong,False,unverifiable
static,158880,bathroom,4,sofa,sofa,wrong,False,unverifiable
static,158880,bathroom,5,bed,bed,wrong,False,unverifiable
static,158880,bathroom,6,book,book,unverifiable,False,unverifiable
static,158880,bathroom,7,bowl,bowl,wrong,False,unverifiable
static,158880,bathroom,8,pillow,pillow,unverifiable,False,unverifiable
static,158880,bathroom,9,toilet,toilet,correct,True,correct
static,158880,bathroom,10,dining table,dining_table,wrong,False,unverifiable
static,158880,bathroom,11,refrigerator,refrigerator,wrong,False,unverifiable
static,158880,bathroom,12,vase,vase,wrong,False,unverifiable
static,163589,dining,1,chair,chair,wrong,False,unverifiable
static,163589,dining,2,bottle,bottle,wrong,False,unverifiable
static,163589,dining,3,sink,sink,wrong,False,unverifiable
static,163589,dining,4,sofa,sofa,wrong,False,unverifiable
static,163589,dining,5,bed,bed,wrong,False,unverifiable
static,163589,dining,6,book,book,unverifiable,False,unverifiable
static,163589,dining,7,bowl,bowl,wrong,False,unverifiable
static,163589,dining,8,toilet,toilet,wrong,False,unverifiable
static,163589,dining,9,pillow,pillow,unverifiable,False,unverifiable
static,163589,dining,10,dining table,dining_table,correct,True,correct
static,163589,dining,11,refrigerator,refrigerator,wrong,False,unverifiable
static,163589,dining,12,vase,vase,wrong,False,unverifiable
static,164005,bedroom,1,chair,chair,correct,True,unverifiable
static,164005,bedroom,2,bottle,bottle,wrong,False,unverifiable
static,164005,bedroom,3,sink,sink,wrong,False,unverifiable
static,164005,bedroom,4,sofa,sofa,wrong,False,unverifiable
static,164005,bedroom,5,bed,bed,correct,True,correct
static,164005,bedroom,6,book,book,unverifiable,False,unverifiable
static,164005,bedroom,7,bowl,bowl,wrong,False,unverifiable
static,164005,bedroom,8,toilet,toilet,wrong,False,unverifiable
static,164005,bedroom,9,pillow,pillow,unverifiable,False,unverifiable
static,164005,bedroom,10,dining table,dining_table,wrong,False,unverifiable
static,164005,bedroom,11,refrigerator,refrigerator,wrong,False,unverifiable
static,164005,bedroom,12,vase,vase,wrong,False,unverifiable
static,164602,bathroom,1,chair,chair,wrong,False,unverifiable
static,164602,bathroom,2,bottle,bottle,wrong,False,unverifiable
static,164602,bathroom,3,sink,sink,correct,True,unverifiable
static,164602,bathroom,4,sofa,sofa,wrong,False,unverifiable
static,164602,bathroom,5,bed,bed,wrong,False,unverifiable
static,164602,bathroom,6,book,book,unverifiable,False,unverifiable
static,164602,bathroom,7,bowl,bowl,wrong,False,unverifiable
static,164602,bathroom,8,toilet,toilet,wrong,False,unverifiable
static,164602,bathroom,9,pillow,pillow,unverifiable,False,unverifiable
static,164602,bathroom,10,dining table,dining_table,wrong,False,unverifiable
static,164602,bathroom,11,refrigerator,refrigerator,wrong,False,unverifiable
static,164602,bathroom,12,vase,vase,wrong,False,unverifiable
static,166313,bathroom,1,chair,chair,wrong,False,unverifiable
static,166313,bathroom,2,bottle,bottle,wrong,False,unverifiable
static,166313,bathroom,3,sink,sink,correct,True,correct
static,166313,bathroom,4,sofa,sofa,wrong,False,unverifiable
static,166313,bathroom,5,bed,bed,wrong,False,unverifiable
static,166313,bathroom,6,book,book,unverifiable,False,unverifiable
static,166313,bathroom,7,bowl,bowl,wrong,False,unverifiable
static,166313,bathroom,8,pillow,pillow,unverifiable,False,unverifiable
static,166313,bathroom,9,toilet,toilet,correct,True,correct
static,166313,bathroom,10,dining table,dining_table,wrong,False,unverifiable
static,166313,bathroom,11,refrigerator,refrigerator,wrong,False,unverifiable
static,166313,bathroom,12,vase,vase,wrong,False,unverifiable
static,166426,dining,1,chair,chair,correct,True,unverifiable
static,166426,dining,2,bottle,bottle,correct,True,correct
static,166426,dining,3,sink,sink,wrong,False,unverifiable
static,166426,dining,4,sofa,sofa,wrong,False,unverifiable
static,166426,dining,5,bed,bed,wrong,False,unverifiable
static,166426,dining,6,book,book,unverifiable,False,unverifiable
static,166426,dining,7,bowl,bowl,wrong,False,unverifiable
static,166426,dining,8,toilet,toilet,wrong,False,unverifiable
static,166426,dining,9,pillow,pillow,unverifiable,False,unverifiable
static,166426,dining,10,dining table,dining_table,correct,True,correct
static,166426,dining,11,refrigerator,refrigerator,wrong,False,unverifiable
static,166426,dining,12,vase,vase,wrong,False,unverifiable
static,166533,kitchen,1,chair,chair,wrong,False,unverifiable
static,166533,kitchen,2,bottle,bottle,correct,True,unverifiable
static,166533,kitchen,3,sink,sink,correct,True,unverifiable
static,166533,kitchen,4,sofa,sofa,wrong,False,unverifiable
static,166533,kitchen,5,bed,bed,wrong,False,unverifiable
static,166533,kitchen,6,book,book,unverifiable,False,unverifiable
static,166533,kitchen,7,bowl,bowl,wrong,False,unverifiable
static,166533,kitchen,8,toilet,toilet,wrong,False,unverifiable
static,166533,kitchen,9,pillow,pillow,unverifiable,False,unverifiable
static,166533,kitchen,10,dining table,dining_table,wrong,False,unverifiable
static,166533,kitchen,11,refrigerator,refrigerator,wrong,False,unverifiable
static,166533,kitchen,12,vase,vase,correct,True,correct
static,167898,bathroom,1,chair,chair,wrong,False,unverifiable
static,167898,bathroom,2,bottle,bottle,correct,True,unverifiable
static,167898,bathroom,3,sink,sink,correct,True,unverifiable
static,167898,bathroom,4,sofa,sofa,wrong,False,unverifiable
static,167898,bathroom,5,bed,bed,wrong,False,unverifiable
static,167898,bathroom,6,book,book,unverifiable,False,unverifiable
static,167898,bathroom,7,bowl,bowl,wrong,False,unverifiable
static,167898,bathroom,8,pillow,pillow,unverifiable,False,unverifiable
static,167898,bathroom,9,toilet,toilet,correct,True,correct
static,167898,bathroom,10,dining table,dining_table,wrong,False,unverifiable
static,167898,bathroom,11,refrigerator,refrigerator,wrong,False,unverifiable
static,167898,bathroom,12,vase,vase,wrong,False,unverifiable
static,170191,bedroom,1,chair,chair,wrong,False,unverifiable
static,170191,bedroom,2,bottle,bottle,wrong,False,unverifiable
static,170191,bedroom,3,sink,sink,wrong,False,unverifiable
static,170191,bedroom,4,sofa,sofa,wrong,False,unverifiable
static,170191,bedroom,5,bed,bed,correct,True,correct
static,170191,bedroom,6,book,book,unverifiable,False,unverifiable
static,170191,bedroom,7,bowl,bowl,wrong,False,unverifiable
static,170191,bedroom,8,toilet,toilet,wrong,False,unverifiable
static,170191,bedroom,9,pillow,pillow,correct,True,correct
static,170191,bedroom,10,dining table,dining_table,wrong,False,unverifiable
static,170191,bedroom,11,refrigerator,refrigerator,wrong,False,unverifiable
static,170191,bedroom,12,vase,vase,wrong,False,unverifiable
static,170529,bedroom,1,chair,chair,correct,True,unverifiable
static,170529,bedroom,2,bottle,bottle,wrong,False,unverifiable
static,170529,bedroom,3,sink,sink,wrong,False,unverifiable
static,170529,bedroom,4,sofa,sofa,wrong,False,unverifiable
static,170529,bedroom,5,bed,bed,correct,True,correct
static,170529,bedroom,6,book,book,unverifiable,False,unverifiable
static,170529,bedroom,7,bowl,bowl,wrong,False,unverifiable
static,170529,bedroom,8,toilet,toilet,wrong,False,unverifiable
static,170529,bedroom,9,pillow,pillow,wrong,False,wrong
static,170529,bedroom,10,dining table,dining_table,wrong,False,unverifiable
static,170529,bedroom,11,refrigerator,refrigerator,wrong,False,unverifiable
static,170529,bedroom,12,vase,vase,wrong,False,unverifiable
static,171740,living room,1,chair,chair,wrong,False,unverifiable
static,171740,living room,2,bottle,bottle,wrong,False,unverifiable
static,171740,living room,3,sink,sink,wrong,False,unverifiable
static,171740,living room,4,sofa,sofa,correct,True,correct
static,171740,living room,5,bed,bed,wrong,False,unverifiable
static,171740,living room,6,book,book,unverifiable,False,unverifiable
static,171740,living room,7,bowl,bowl,wrong,False,unverifiable
static,171740,living room,8,toilet,toilet,wrong,False,unverifiable
static,171740,living room,9,pillow,pillow,unverifiable,False,unverifiable
static,171740,living room,10,dining table,dining_table,wrong,False,unverifiable
static,171740,living room,11,refrigerator,refrigerator,wrong,False,unverifiable
static,171740,living room,12,vase,vase,wrong,False,unverifiable
static,173968,bathroom,1,chair,chair,wrong,False,unverifiable
static,173968,bathroom,2,bottle,bottle,wrong,False,unverifiable
static,173968,bathroom,3,sink,sink,correct,True,unverifiable
static,173968,bathroom,4,sofa,sofa,wrong,False,unverifiable
static,173968,bathroom,5,bed,bed,wrong,False,unverifiable
static,173968,bathroom,6,book,book,unverifiable,False,unverifiable
static,173968,bathroom,7,bowl,bowl,wrong,False,unverifiable
static,173968,bathroom,8,pillow,pillow,unverifiable,False,unverifiable
static,173968,bathroom,9,toilet,toilet,correct,True,correct
static,173968,bathroom,10,dining table,dining_table,wrong,False,unverifiable
static,173968,bathroom,11,refrigerator,refrigerator,wrong,False,unverifiable
static,173968,bathroom,12,vase,vase,correct,True,correct
static,174964,bedroom,1,chair,chair,wrong,False,unverifiable
static,174964,bedroom,2,bottle,bottle,wrong,False,unverifiable
static,174964,bedroom,3,sink,sink,wrong,False,unverifiable
static,174964,bedroom,4,sofa,sofa,wrong,False,unverifiable
static,174964,bedroom,5,bed,bed,correct,True,correct
static,174964,bedroom,6,bowl,bowl,wrong,False,unverifiable
static,174964,bedroom,7,book,book,correct,True,unverifiable
static,174964,bedroom,8,toilet,toilet,wrong,False,unverifiable
static,174964,bedroom,9,pillow,pillow,correct,True,correct
static,174964,bedroom,10,dining table,dining_table,wrong,False,unverifiable
static,174964,bedroom,11,refrigerator,refrigerator,wrong,False,unverifiable
static,174964,bedroom,12,vase,vase,wrong,False,unverifiable
static,175364,kitchen,1,chair,chair,wrong,False,unverifiable
static,175364,kitchen,2,bottle,bottle,correct,True,unverifiable
static,175364,kitchen,3,sink,sink,correct,True,unverifiable
static,175364,kitchen,4,sofa,sofa,wrong,False,unverifiable
static,175364,kitchen,5,bed,bed,wrong,False,unverifiable
static,175364,kitchen,6,book,book,unverifiable,False,unverifiable
static,175364,kitchen,7,bowl,bowl,correct,True,correct
static,175364,kitchen,8,toilet,toilet,wrong,False,unverifiable
static,175364,kitchen,9,pillow,pillow,unverifiable,False,unverifiable
static,175364,kitchen,10,dining table,dining_table,unverifiable,False,unverifiable
static,175364,kitchen,11,refrigerator,refrigerator,wrong,False,unverifiable
static,175364,kitchen,12,vase,vase,wrong,False,unverifiable
static,177824,living room,1,chair,chair,correct,True,unverifiable
static,177824,living room,2,bottle,bottle,wrong,False,unverifiable
static,177824,living room,3,sink,sink,wrong,False,unverifiable
static,177824,living room,4,sofa,sofa,correct,True,correct
static,177824,living room,5,bed,bed,correct,True,unverifiable
static,177824,living room,6,book,book,unverifiable,False,unverifiable
static,177824,living room,7,bowl,bowl,wrong,False,unverifiable
static,177824,living room,8,toilet,toilet,wrong,False,unverifiable
static,177824,living room,9,pillow,pillow,correct,True,correct
static,177824,living room,10,dining table,dining_table,unverifiable,False,unverifiable
static,177824,living room,11,refrigerator,refrigerator,wrong,False,unverifiable
static,177824,living room,12,vase,vase,correct,True,correct
static,178504,bedroom,1,chair,chair,wrong,False,unverifiable
static,178504,bedroom,2,bottle,bottle,wrong,False,unverifiable
static,178504,bedroom,3,sink,sink,wrong,False,unverifiable
static,178504,bedroom,4,sofa,sofa,wrong,False,unverifiable
static,178504,bedroom,5,bed,bed,correct,True,correct
static,178504,bedroom,6,book,book,unverifiable,False,unverifiable
static,178504,bedroom,7,bowl,bowl,wrong,False,unverifiable
static,178504,bedroom,8,toilet,toilet,wrong,False,unverifiable
static,178504,bedroom,9,pillow,pillow,unverifiable,False,unverifiable
static,178504,bedroom,10,dining table,dining_table,wrong,False,unverifiable
static,178504,bedroom,11,refrigerator,refrigerator,wrong,False,unverifiable
static,178504,bedroom,12,vase,vase,wrong,False,unverifiable
static,178690,living room,1,chair,chair,correct,True,unverifiable
static,178690,living room,2,bottle,bottle,wrong,False,unverifiable
static,178690,living room,3,sink,sink,wrong,False,unverifiable
static,178690,living room,4,sofa,sofa,correct,True,unverifiable
static,178690,living room,5,bed,bed,wrong,False,unverifiable
static,178690,living room,6,bowl,bowl,wrong,False,unverifiable
static,178690,living room,7,book,book,correct,True,correct
static,178690,living room,8,toilet,toilet,wrong,False,unverifiable
static,178690,living room,9,pillow,pillow,unverifiable,False,unverifiable
static,178690,living room,10,dining table,dining_table,wrong,False,unverifiable
static,178690,living room,11,refrigerator,refrigerator,wrong,False,unverifiable
static,178690,living room,12,vase,vase,wrong,False,unverifiable
static,180908,bedroom,1,chair,chair,wrong,False,unverifiable
static,180908,bedroom,2,bottle,bottle,wrong,False,unverifiable
static,180908,bedroom,3,sink,sink,wrong,False,unverifiable
static,180908,bedroom,4,sofa,sofa,wrong,False,unverifiable
static,180908,bedroom,5,bed,bed,correct,True,correct
static,180908,bedroom,6,book,book,unverifiable,False,unverifiable
static,180908,bedroom,7,bowl,bowl,wrong,False,unverifiable
static,180908,bedroom,8,toilet,toilet,wrong,False,unverifiable
static,180908,bedroom,9,pillow,pillow,correct,True,correct
static,180908,bedroom,10,dining table,dining_table,wrong,False,unverifiable
static,180908,bedroom,11,refrigerator,refrigerator,wrong,False,unverifiable
static,180908,bedroom,12,vase,vase,wrong,False,unverifiable
static,185633,bathroom,1,chair,chair,wrong,False,unverifiable
static,185633,bathroom,2,bottle,bottle,correct,True,unverifiable
static,185633,bathroom,3,sink,sink,correct,True,correct
static,185633,bathroom,4,sofa,sofa,wrong,False,unverifiable
static,185633,bathroom,5,bed,bed,wrong,False,unverifiable
static,185633,bathroom,6,book,book,unverifiable,False,unverifiable
static,185633,bathroom,7,bowl,bowl,wrong,False,unverifiable
static,185633,bathroom,8,toilet,toilet,wrong,False,unverifiable
static,185633,bathroom,9,pillow,pillow,unverifiable,False,unverifiable
static,185633,bathroom,10,dining table,dining_table,wrong,False,unverifiable
static,185633,bathroom,11,refrigerator,refrigerator,wrong,False,unverifiable
static,185633,bathroom,12,vase,vase,wrong,False,unverifiable
static,187243,bathroom,1,chair,chair,wrong,False,unverifiable
static,187243,bathroom,2,bottle,bottle,wrong,False,unverifiable
static,187243,bathroom,3,sink,sink,correct,True,unverifiable
static,187243,bathroom,4,sofa,sofa,wrong,False,unverifiable
static,187243,bathroom,5,bed,bed,wrong,False,unverifiable
static,187243,bathroom,6,book,book,unverifiable,False,unverifiable
static,187243,bathroom,7,bowl,bowl,wrong,False,unverifiable
static,187243,bathroom,8,pillow,pillow,unverifiable,False,unverifiable
static,187243,bathroom,9,toilet,toilet,correct,True,correct
static,187243,bathroom,10,dining table,dining_table,wrong,False,unverifiable
static,187243,bathroom,11,refrigerator,refrigerator,wrong,False,unverifiable
static,187243,bathroom,12,vase,vase,wrong,False,unverifiable
static,189045,bedroom,1,chair,chair,wrong,False,unverifiable
static,189045,bedroom,2,bottle,bottle,wrong,False,unverifiable
static,189045,bedroom,3,sink,sink,wrong,False,unverifiable
static,189045,bedroom,4,sofa,sofa,wrong,False,unverifiable
static,189045,bedroom,5,bed,bed,correct,True,correct
static,189045,bedroom,6,book,book,unverifiable,False,unverifiable
static,189045,bedroom,7,bowl,bowl,wrong,False,unverifiable
static,189045,bedroom,8,toilet,toilet,wrong,False,unverifiable
static,189045,bedroom,9,pillow,pillow,unverifiable,False,unverifiable
static,189045,bedroom,10,dining table,dining_table,wrong,False,unverifiable
static,189045,bedroom,11,refrigerator,refrigerator,wrong,False,unverifiable
static,189045,bedroom,12,vase,vase,wrong,False,unverifiable
static,191997,kitchen,1,chair,chair,correct,True,correct
static,191997,kitchen,2,bottle,bottle,wrong,False,unverifiable
static,191997,kitchen,3,sink,sink,wrong,False,unverifiable
static,191997,kitchen,4,sofa,sofa,wrong,False,unverifiable
static,191997,kitchen,5,bed,bed,wrong,False,unverifiable
static,191997,kitchen,6,bowl,bowl,wrong,False,unverifiable
static,191997,kitchen,7,book,book,correct,True,correct
static,191997,kitchen,8,toilet,toilet,wrong,False,unverifiable
static,191997,kitchen,9,pillow,pillow,unverifiable,False,unverifiable
static,191997,kitchen,10,dining table,dining_table,unverifiable,False,unverifiable
static,191997,kitchen,11,refrigerator,refrigerator,correct,True,correct
static,191997,kitchen,12,vase,vase,wrong,False,unverifiable
static,193047,kitchen,1,chair,chair,wrong,False,unverifiable
static,193047,kitchen,2,bottle,bottle,wrong,False,unverifiable
static,193047,kitchen,3,sink,sink,wrong,False,unverifiable
static,193047,kitchen,4,sofa,sofa,wrong,False,unverifiable
static,193047,kitchen,5,bed,bed,wrong,False,unverifiable
static,193047,kitchen,6,book,book,unverifiable,False,unverifiable
static,193047,kitchen,7,bowl,bowl,wrong,False,unverifiable
static,193047,kitchen,8,toilet,toilet,wrong,False,unverifiable
static,193047,kitchen,9,pillow,pillow,unverifiable,False,unverifiable
static,193047,kitchen,10,dining table,dining_table,wrong,False,unverifiable
static,193047,kitchen,11,refrigerator,refrigerator,correct,True,unverifiable
static,193047,kitchen,12,vase,vase,wrong,False,unverifiable
static,194724,kitchen,1,chair,chair,correct,True,unverifiable
static,194724,kitchen,2,bottle,bottle,correct,True,correct
static,194724,kitchen,3,sink,sink,wrong,False,unverifiable
static,194724,kitchen,4,sofa,sofa,wrong,False,unverifiable
static,194724,kitchen,5,bed,bed,wrong,False,unverifiable
static,194724,kitchen,6,bowl,bowl,wrong,False,unverifiable
static,194724,kitchen,7,book,book,correct,True,unverifiable
static,194724,kitchen,8,toilet,toilet,wrong,False,unverifiable
static,194724,kitchen,9,pillow,pillow,unverifiable,False,unverifiable
static,194724,kitchen,10,dining table,dining_table,unverifiable,False,unverifiable
static,194724,kitchen,11,refrigerator,refrigerator,correct,True,correct
static,194724,kitchen,12,vase,vase,wrong,False,unverifiable
static,195754,living room,1,chair,chair,correct,True,unverifiable
static,195754,living room,2,bottle,bottle,wrong,False,unverifiable
static,195754,living room,3,sink,sink,wrong,False,unverifiable
static,195754,living room,4,sofa,sofa,correct,True,correct
static,195754,living room,5,bed,bed,wrong,False,unverifiable
static,195754,living room,6,book,book,unverifiable,False,unverifiable
static,195754,living room,7,bowl,bowl,wrong,False,unverifiable
static,195754,living room,8,toilet,toilet,wrong,False,wrong
static,195754,living room,9,pillow,pillow,unverifiable,False,unverifiable
static,195754,living room,10,dining table,dining_table,unverifiable,True,unverifiable
static,195754,living room,11,refrigerator,refrigerator,wrong,False,unverifiable
static,195754,living room,12,vase,vase,wrong,False,unverifiable
static,199502,bedroom,1,chair,chair,correct,True,correct
static,199502,bedroom,2,bottle,bottle,wrong,False,unverifiable
static,199502,bedroom,3,sink,sink,wrong,False,unverifiable
static,199502,bedroom,4,sofa,sofa,wrong,False,unverifiable
static,199502,bedroom,5,bed,bed,correct,True,correct
static,199502,bedroom,6,book,book,unverifiable,False,unverifiable
static,199502,bedroom,7,bowl,bowl,wrong,False,unverifiable
static,199502,bedroom,8,toilet,toilet,wrong,False,unverifiable
static,199502,bedroom,9,pillow,pillow,unverifiable,False,unverifiable
static,199502,bedroom,10,dining table,dining_table,unverifiable,False,unverifiable
static,199502,bedroom,11,refrigerator,refrigerator,wrong,False,unverifiable
static,199502,bedroom,12,vase,vase,wrong,False,unverifiable
static,200548,bathroom,1,chair,chair,wrong,False,unverifiable
static,200548,bathroom,2,bottle,bottle,wrong,False,unverifiable
static,200548,bathroom,3,sink,sink,correct,True,unverifiable
static,200548,bathroom,4,sofa,sofa,wrong,False,unverifiable
static,200548,bathroom,5,bed,bed,wrong,False,unverifiable
static,200548,bathroom,6,book,book,unverifiable,False,unverifiable
static,200548,bathroom,7,bowl,bowl,wrong,False,unverifiable
static,200548,bathroom,8,pillow,pillow,unverifiable,False,unverifiable
static,200548,bathroom,9,toilet,toilet,correct,True,correct
static,200548,bathroom,10,dining table,dining_table,wrong,False,unverifiable
static,200548,bathroom,11,refrigerator,refrigerator,wrong,False,unverifiable
static,200548,bathroom,12,vase,vase,wrong,False,unverifiable
static,200952,bedroom,1,chair,chair,correct,True,unverifiable
static,200952,bedroom,2,bottle,bottle,wrong,False,unverifiable
static,200952,bedroom,3,sink,sink,wrong,False,unverifiable
static,200952,bedroom,4,sofa,sofa,correct,True,unverifiable
static,200952,bedroom,5,bed,bed,correct,True,correct
static,200952,bedroom,6,book,book,unverifiable,False,unverifiable
static,200952,bedroom,7,bowl,bowl,wrong,False,unverifiable
static,200952,bedroom,8,toilet,toilet,wrong,False,unverifiable
static,200952,bedroom,9,pillow,pillow,correct,True,correct
static,200952,bedroom,10,dining table,dining_table,wrong,False,unverifiable
static,200952,bedroom,11,refrigerator,refrigerator,wrong,False,unverifiable
static,200952,bedroom,12,vase,vase,wrong,False,unverifiable
static,204661,living room,1,chair,chair,wrong,False,unverifiable
static,204661,living room,2,bottle,bottle,wrong,False,unverifiable
static,204661,living room,3,sink,sink,wrong,False,unverifiable
static,204661,living room,4,sofa,sofa,wrong,False,unverifiable
static,204661,living room,5,bed,bed,wrong,False,unverifiable
static,204661,living room,6,book,book,unverifiable,False,unverifiable
static,204661,living room,7,bowl,bowl,wrong,False,unverifiable
static,204661,living room,8,toilet,toilet,wrong,False,unverifiable
static,204661,living room,9,pillow,pillow,unverifiable,False,unverifiable
static,204661,living room,10,dining table,dining_table,wrong,False,unverifiable
static,204661,living room,11,refrigerator,refrigerator,wrong,False,unverifiable
static,204661,living room,12,vase,vase,wrong,False,unverifiable
static,205514,living room,1,chair,chair,correct,True,unverifiable
static,205514,living room,2,bottle,bottle,wrong,False,unverifiable
static,205514,living room,3,sink,sink,wrong,False,unverifiable
static,205514,living room,4,sofa,sofa,correct,True,correct
static,205514,living room,5,bed,bed,wrong,False,unverifiable
static,205514,living room,6,bowl,bowl,wrong,False,unverifiable
static,205514,living room,7,book,book,correct,True,unverifiable
static,205514,living room,8,toilet,toilet,wrong,False,unverifiable
static,205514,living room,9,pillow,pillow,unverifiable,False,unverifiable
static,205514,living room,10,dining table,dining_table,unverifiable,False,unverifiable
static,205514,living room,11,refrigerator,refrigerator,wrong,False,unverifiable
static,205514,living room,12,vase,vase,correct,True,correct
static,206395,living room,1,chair,chair,wrong,False,unverifiable
static,206395,living room,2,bottle,bottle,wrong,False,unverifiable
static,206395,living room,3,sink,sink,wrong,False,unverifiable
static,206395,living room,4,sofa,sofa,wrong,False,unverifiable
static,206395,living room,5,bed,bed,wrong,False,unverifiable
static,206395,living room,6,book,book,unverifiable,False,unverifiable
static,206395,living room,7,bowl,bowl,wrong,False,unverifiable
static,206395,living room,8,toilet,toilet,wrong,False,unverifiable
static,206395,living room,9,pillow,pillow,unverifiable,False,unverifiable
static,206395,living room,10,dining table,dining_table,wrong,False,unverifiable
static,206395,living room,11,refrigerator,refrigerator,correct,True,unverifiable
static,206395,living room,12,vase,vase,wrong,False,unverifiable
static,208778,bedroom,1,chair,chair,wrong,False,unverifiable
static,208778,bedroom,2,bottle,bottle,wrong,False,unverifiable
static,208778,bedroom,3,sink,sink,wrong,False,unverifiable
static,208778,bedroom,4,sofa,sofa,wrong,False,unverifiable
static,208778,bedroom,5,bed,bed,correct,True,correct
static,208778,bedroom,6,bowl,bowl,wrong,False,unverifiable
static,208778,bedroom,7,book,book,correct,True,unverifiable
static,208778,bedroom,8,toilet,toilet,wrong,False,unverifiable
static,208778,bedroom,9,pillow,pillow,correct,True,correct
static,208778,bedroom,10,dining table,dining_table,wrong,False,unverifiable
static,208778,bedroom,11,refrigerator,refrigerator,wrong,False,unverifiable
static,208778,bedroom,12,vase,vase,wrong,False,unverifiable
static,209802,bathroom,1,chair,chair,wrong,False,unverifiable
static,209802,bathroom,2,bottle,bottle,wrong,False,unverifiable
static,209802,bathroom,3,sink,sink,correct,True,unverifiable
static,209802,bathroom,4,sofa,sofa,wrong,False,unverifiable
static,209802,bathroom,5,bed,bed,wrong,False,unverifiable
static,209802,bathroom,6,book,book,unverifiable,False,unverifiable
static,209802,bathroom,7,bowl,bowl,wrong,False,unverifiable
static,209802,bathroom,8,pillow,pillow,unverifiable,False,unverifiable
static,209802,bathroom,9,toilet,toilet,correct,True,correct
static,209802,bathroom,10,dining table,dining_table,wrong,False,unverifiable
static,209802,bathroom,11,refrigerator,refrigerator,wrong,False,unverifiable
static,209802,bathroom,12,vase,vase,correct,True,unverifiable
static,210612,bedroom,1,chair,chair,wrong,False,unverifiable
static,210612,bedroom,2,bottle,bottle,wrong,False,unverifiable
static,210612,bedroom,3,sink,sink,wrong,False,unverifiable
static,210612,bedroom,4,sofa,sofa,wrong,False,unverifiable
static,210612,bedroom,5,bed,bed,correct,True,correct
static,210612,bedroom,6,book,book,unverifiable,False,unverifiable
static,210612,bedroom,7,bowl,bowl,wrong,False,unverifiable
static,210612,bedroom,8,toilet,toilet,wrong,False,unverifiable
static,210612,bedroom,9,pillow,pillow,unverifiable,False,unverifiable
static,210612,bedroom,10,dining table,dining_table,wrong,False,unverifiable
static,210612,bedroom,11,refrigerator,refrigerator,wrong,False,unverifiable
static,210612,bedroom,12,vase,vase,wrong,False,unverifiable
static,215746,dining,1,chair,chair,wrong,False,unverifiable
static,215746,dining,2,bottle,bottle,wrong,False,unverifiable
static,215746,dining,3,sink,sink,wrong,False,unverifiable
static,215746,dining,4,sofa,sofa,wrong,False,unverifiable
static,215746,dining,5,bed,bed,wrong,False,unverifiable
static,215746,dining,6,book,book,unverifiable,False,unverifiable
static,215746,dining,7,bowl,bowl,wrong,False,unverifiable
static,215746,dining,8,toilet,toilet,wrong,False,unverifiable
static,215746,dining,9,pillow,pillow,unverifiable,False,unverifiable
static,215746,dining,10,dining table,dining_table,correct,True,correct
static,215746,dining,11,refrigerator,refrigerator,wrong,False,unverifiable
static,215746,dining,12,vase,vase,wrong,False,unverifiable
static,217546,living room,1,chair,chair,wrong,False,unverifiable
static,217546,living room,2,bottle,bottle,correct,True,unverifiable
static,217546,living room,3,sink,sink,wrong,False,unverifiable
static,217546,living room,4,sofa,sofa,correct,True,correct
static,217546,living room,5,bed,bed,wrong,False,unverifiable
static,217546,living room,6,book,book,unverifiable,False,unverifiable
static,217546,living room,7,bowl,bowl,correct,True,unverifiable
static,217546,living room,8,toilet,toilet,wrong,False,unverifiable
static,217546,living room,9,pillow,pillow,unverifiable,False,unverifiable
static,217546,living room,10,dining table,dining_table,unverifiable,True,unverifiable
static,217546,living room,11,refrigerator,refrigerator,wrong,False,unverifiable
static,217546,living room,12,vase,vase,wrong,False,unverifiable
static,218091,bedroom,1,chair,chair,correct,True,unverifiable
static,218091,bedroom,2,bottle,bottle,wrong,False,unverifiable
static,218091,bedroom,3,sink,sink,wrong,False,unverifiable
static,218091,bedroom,4,sofa,sofa,correct,True,unverifiable
static,218091,bedroom,5,bed,bed,correct,True,correct
static,218091,bedroom,6,book,book,unverifiable,False,unverifiable
static,218091,bedroom,7,bowl,bowl,wrong,False,unverifiable
static,218091,bedroom,8,toilet,toilet,wrong,False,unverifiable
static,218091,bedroom,9,pillow,pillow,unverifiable,True,unverifiable
static,218091,bedroom,10,dining table,dining_table,wrong,True,unverifiable
static,218091,bedroom,11,refrigerator,refrigerator,wrong,False,unverifiable
static,218091,bedroom,12,vase,vase,wrong,False,unverifiable
static,222625,living room,1,chair,chair,correct,True,unverifiable
static,222625,living room,2,bottle,bottle,wrong,False,unverifiable
static,222625,living room,3,sink,sink,wrong,False,unverifiable
static,222625,living room,4,sofa,sofa,wrong,False,unverifiable
static,222625,living room,5,bed,bed,wrong,False,unverifiable
static,222625,living room,6,bowl,bowl,wrong,False,unverifiable
static,222625,living room,7,book,book,correct,True,unverifiable
static,222625,living room,8,toilet,toilet,wrong,False,unverifiable
static,222625,living room,9,pillow,pillow,unverifiable,False,unverifiable
static,222625,living room,10,dining table,dining_table,unverifiable,False,unverifiable
static,222625,living room,11,refrigerator,refrigerator,wrong,False,unverifiable
static,222625,living room,12,vase,vase,wrong,False,unverifiable
static,223500,kitchen,1,chair,chair,wrong,False,unverifiable
static,223500,kitchen,2,bottle,bottle,correct,True,correct
static,223500,kitchen,3,sink,sink,correct,True,unverifiable
static,223500,kitchen,4,sofa,sofa,wrong,False,unverifiable
static,223500,kitchen,5,bed,bed,wrong,False,unverifiable
static,223500,kitchen,6,book,book,unverifiable,False,unverifiable
static,223500,kitchen,7,bowl,bowl,correct,True,unverifiable
static,223500,kitchen,8,toilet,toilet,wrong,False,unverifiable
static,223500,kitchen,9,pillow,pillow,unverifiable,False,unverifiable
static,223500,kitchen,10,dining table,dining_table,wrong,False,unverifiable
static,223500,kitchen,11,refrigerator,refrigerator,correct,True,unverifiable
static,223500,kitchen,12,vase,vase,wrong,False,unverifiable
static,224367,bedroom,1,chair,chair,wrong,False,unverifiable
static,224367,bedroom,2,bottle,bottle,wrong,False,unverifiable
static,224367,bedroom,3,sink,sink,wrong,False,unverifiable
static,224367,bedroom,4,sofa,sofa,wrong,False,unverifiable
static,224367,bedroom,5,bed,bed,correct,True,correct
static,224367,bedroom,6,book,book,unverifiable,False,unverifiable
static,224367,bedroom,7,bowl,bowl,wrong,False,unverifiable
static,224367,bedroom,8,toilet,toilet,wrong,False,unverifiable
static,224367,bedroom,9,pillow,pillow,unverifiable,False,unverifiable
static,224367,bedroom,10,dining table,dining_table,wrong,False,unverifiable
static,224367,bedroom,11,refrigerator,refrigerator,wrong,False,unverifiable
static,224367,bedroom,12,vase,vase,wrong,False,unverifiable
static,226329,living room,1,chair,chair,correct,True,correct
static,226329,living room,2,bottle,bottle,wrong,False,unverifiable
static,226329,living room,3,sink,sink,wrong,False,unverifiable
static,226329,living room,4,sofa,sofa,correct,True,correct
static,226329,living room,5,bed,bed,wrong,False,unverifiable
static,226329,living room,6,book,book,unverifiable,False,unverifiable
static,226329,living room,7,bowl,bowl,wrong,False,unverifiable
static,226329,living room,8,toilet,toilet,wrong,False,unverifiable
static,226329,living room,9,pillow,pillow,unverifiable,True,unverifiable
static,226329,living room,10,dining table,dining_table,unverifiable,False,unverifiable
static,226329,living room,11,refrigerator,refrigerator,wrong,False,unverifiable
static,226329,living room,12,vase,vase,correct,True,unverifiable
static,227985,dining,1,chair,chair,wrong,False,unverifiable
static,227985,dining,2,bottle,bottle,wrong,False,unverifiable
static,227985,dining,3,sink,sink,wrong,False,unverifiable
static,227985,dining,4,sofa,sofa,wrong,False,unverifiable
static,227985,dining,5,bed,bed,wrong,False,unverifiable
static,227985,dining,6,book,book,unverifiable,False,unverifiable
static,227985,dining,7,bowl,bowl,wrong,False,unverifiable
static,227985,dining,8,toilet,toilet,wrong,False,unverifiable
static,227985,dining,9,pillow,pillow,unverifiable,False,unverifiable
static,227985,dining,10,dining table,dining_table,correct,True,correct
static,227985,dining,11,refrigerator,refrigerator,wrong,False,unverifiable
static,227985,dining,12,vase,vase,wrong,False,unverifiable
static,232088,living room,1,chair,chair,correct,True,unverifiable
static,232088,living room,2,bottle,bottle,wrong,False,unverifiable
static,232088,living room,3,sink,sink,wrong,False,unverifiable
static,232088,living room,4,sofa,sofa,correct,True,unverifiable
static,232088,living room,5,bed,bed,wrong,False,unverifiable
static,232088,living room,6,book,book,unverifiable,False,unverifiable
static,232088,living room,7,bowl,bowl,wrong,False,unverifiable
static,232088,living room,8,toilet,toilet,wrong,False,unverifiable
static,232088,living room,9,pillow,pillow,correct,True,correct
static,232088,living room,10,dining table,dining_table,wrong,False,unverifiable
static,232088,living room,11,refrigerator,refrigerator,wrong,False,unverifiable
static,232088,living room,12,vase,vase,wrong,False,unverifiable
static,232649,bathroom,1,chair,chair,wrong,False,unverifiable
static,232649,bathroom,2,bottle,bottle,wrong,False,unverifiable
static,232649,bathroom,3,sink,sink,correct,True,unverifiable
static,232649,bathroom,4,sofa,sofa,wrong,False,unverifiable
static,232649,bathroom,5,bed,bed,wrong,False,unverifiable
static,232649,bathroom,6,book,book,unverifiable,False,unverifiable
static,232649,bathroom,7,bowl,bowl,wrong,False,unverifiable
static,232649,bathroom,8,pillow,pillow,unverifiable,False,unverifiable
static,232649,bathroom,9,toilet,toilet,correct,True,correct
static,232649,bathroom,10,dining table,dining_table,wrong,False,unverifiable
static,232649,bathroom,11,refrigerator,refrigerator,wrong,False,unverifiable
static,232649,bathroom,12,vase,vase,wrong,False,unverifiable
static,234779,dining,1,chair,chair,wrong,False,unverifiable
static,234779,dining,2,bottle,bottle,wrong,False,unverifiable
static,234779,dining,3,sink,sink,wrong,False,unverifiable
static,234779,dining,4,sofa,sofa,wrong,False,unverifiable
static,234779,dining,5,bed,bed,wrong,False,unverifiable
static,234779,dining,6,book,book,unverifiable,False,unverifiable
static,234779,dining,7,bowl,bowl,wrong,False,unverifiable
static,234779,dining,8,toilet,toilet,wrong,False,unverifiable
static,234779,dining,9,pillow,pillow,unverifiable,False,unverifiable
static,234779,dining,10,dining table,dining_table,correct,True,correct
static,234779,dining,11,refrigerator,refrigerator,wrong,False,unverifiable
static,234779,dining,12,vase,vase,wrong,False,unverifiable
static,238154,bedroom,1,chair,chair,wrong,False,unverifiable
static,238154,bedroom,2,bottle,bottle,wrong,False,unverifiable
static,238154,bedroom,3,sink,sink,wrong,False,unverifiable
static,238154,bedroom,4,sofa,sofa,wrong,False,unverifiable
static,238154,bedroom,5,bed,bed,correct,True,correct
static,238154,bedroom,6,book,book,unverifiable,False,unverifiable
static,238154,bedroom,7,bowl,bowl,wrong,False,unverifiable
static,238154,bedroom,8,toilet,toilet,wrong,False,unverifiable
static,238154,bedroom,9,pillow,pillow,correct,True,correct
static,238154,bedroom,10,dining table,dining_table,wrong,False,unverifiable
static,238154,bedroom,11,refrigerator,refrigerator,wrong,False,unverifiable
static,238154,bedroom,12,vase,vase,wrong,False,unverifiable
static,239013,living room,1,chair,chair,correct,True,unverifiable
static,239013,living room,2,bottle,bottle,wrong,False,unverifiable
static,239013,living room,3,sink,sink,wrong,False,unverifiable
static,239013,living room,4,sofa,sofa,correct,True,correct
static,239013,living room,5,bed,bed,wrong,False,unverifiable
static,239013,living room,6,book,book,unverifiable,False,unverifiable
static,239013,living room,7,bowl,bowl,wrong,False,unverifiable
static,239013,living room,8,toilet,toilet,wrong,False,unverifiable
static,239013,living room,9,pillow,pillow,correct,True,correct
static,239013,living room,10,dining table,dining_table,unverifiable,True,unverifiable
static,239013,living room,11,refrigerator,refrigerator,wrong,False,unverifiable
static,239013,living room,12,vase,vase,correct,True,unverifiable
static,240043,kitchen,1,chair,chair,wrong,False,unverifiable
static,240043,kitchen,2,bottle,bottle,wrong,False,unverifiable
static,240043,kitchen,3,sink,sink,wrong,False,unverifiable
static,240043,kitchen,4,sofa,sofa,wrong,False,unverifiable
static,240043,kitchen,5,bed,bed,wrong,False,unverifiable
static,240043,kitchen,6,book,book,unverifiable,False,unverifiable
static,240043,kitchen,7,bowl,bowl,wrong,False,unverifiable
static,240043,kitchen,8,toilet,toilet,wrong,False,unverifiable
static,240043,kitchen,9,pillow,pillow,unverifiable,False,unverifiable
static,240043,kitchen,10,dining table,dining_table,wrong,False,unverifiable
static,240043,kitchen,11,refrigerator,refrigerator,correct,True,correct
static,240043,kitchen,12,vase,vase,wrong,False,unverifiable
static,240965,dining,1,chair,chair,wrong,False,unverifiable
static,240965,dining,2,bottle,bottle,wrong,False,unverifiable
static,240965,dining,3,sink,sink,wrong,False,unverifiable
static,240965,dining,4,sofa,sofa,wrong,False,unverifiable
static,240965,dining,5,bed,bed,wrong,False,unverifiable
static,240965,dining,6,book,book,unverifiable,False,unverifiable
static,240965,dining,7,bowl,bowl,wrong,False,unverifiable
static,240965,dining,8,toilet,toilet,wrong,False,unverifiable
static,240965,dining,9,pillow,pillow,unverifiable,False,unverifiable
static,240965,dining,10,dining table,dining_table,correct,True,correct
static,240965,dining,11,refrigerator,refrigerator,wrong,False,unverifiable
static,240965,dining,12,vase,vase,wrong,False,unverifiable
static,242296,living room,1,chair,chair,correct,True,unverifiable
static,242296,living room,2,bottle,bottle,wrong,False,unverifiable
static,242296,living room,3,sink,sink,wrong,False,unverifiable
static,242296,living room,4,sofa,sofa,correct,True,correct
static,242296,living room,5,bed,bed,wrong,False,unverifiable
static,242296,living room,6,book,book,unverifiable,False,unverifiable
static,242296,living room,7,bowl,bowl,wrong,False,unverifiable
static,242296,living room,8,toilet,toilet,wrong,False,unverifiable
static,242296,living room,9,pillow,pillow,unverifiable,False,unverifiable
static,242296,living room,10,dining table,dining_table,wrong,False,unverifiable
static,242296,living room,11,refrigerator,refrigerator,wrong,False,unverifiable
static,242296,living room,12,vase,vase,wrong,False,unverifiable
static,242610,bedroom,1,chair,chair,wrong,False,unverifiable
static,242610,bedroom,2,bottle,bottle,wrong,True,unverifiable
static,242610,bedroom,3,sink,sink,wrong,False,unverifiable
static,242610,bedroom,4,sofa,sofa,wrong,False,unverifiable
static,242610,bedroom,5,bed,bed,correct,True,correct
static,242610,bedroom,6,bowl,bowl,wrong,False,unverifiable
static,242610,bedroom,7,book,book,correct,True,correct
static,242610,bedroom,8,toilet,toilet,wrong,False,unverifiable
static,242610,bedroom,9,pillow,pillow,unverifiable,False,unverifiable
static,242610,bedroom,10,dining table,dining_table,wrong,False,unverifiable
static,242610,bedroom,11,refrigerator,refrigerator,wrong,False,unverifiable
static,242610,bedroom,12,vase,vase,wrong,False,unverifiable
static,245230,kitchen,1,chair,chair,correct,True,unverifiable
static,245230,kitchen,2,bottle,bottle,correct,True,unverifiable
static,245230,kitchen,3,sink,sink,wrong,False,unverifiable
static,245230,kitchen,4,sofa,sofa,wrong,False,unverifiable
static,245230,kitchen,5,bed,bed,wrong,False,unverifiable
static,245230,kitchen,6,book,book,unverifiable,False,unverifiable
static,245230,kitchen,7,bowl,bowl,wrong,False,unverifiable
static,245230,kitchen,8,toilet,toilet,wrong,False,unverifiable
static,245230,kitchen,9,pillow,pillow,unverifiable,False,unverifiable
static,245230,kitchen,10,dining table,dining_table,unverifiable,False,unverifiable
static,245230,kitchen,11,refrigerator,refrigerator,correct,True,unverifiable
static,245230,kitchen,12,vase,vase,wrong,False,unverifiable
static,247839,dining,1,chair,chair,correct,True,unverifiable
static,247839,dining,2,bottle,bottle,correct,True,unverifiable
static,247839,dining,3,sink,sink,wrong,False,unverifiable
static,247839,dining,4,sofa,sofa,wrong,False,unverifiable
static,247839,dining,5,bed,bed,wrong,False,unverifiable
static,247839,dining,6,book,book,unverifiable,False,unverifiable
static,247839,dining,7,bowl,bowl,wrong,False,unverifiable
static,247839,dining,8,toilet,toilet,wrong,False,unverifiable
static,247839,dining,9,pillow,pillow,unverifiable,False,unverifiable
static,247839,dining,10,dining table,dining_table,correct,True,correct
static,247839,dining,11,refrigerator,refrigerator,wrong,False,unverifiable
static,247839,dining,12,vase,vase,wrong,False,unverifiable
static,252127,bedroom,1,chair,chair,wrong,False,wrong
static,252127,bedroom,2,bottle,bottle,wrong,False,unverifiable
static,252127,bedroom,3,sink,sink,wrong,False,unverifiable
static,252127,bedroom,4,sofa,sofa,correct,True,unverifiable
static,252127,bedroom,5,bed,bed,correct,True,correct
static,252127,bedroom,6,book,book,unverifiable,False,unverifiable
static,252127,bedroom,7,bowl,bowl,wrong,False,unverifiable
static,252127,bedroom,8,toilet,toilet,wrong,False,unverifiable
static,252127,bedroom,9,pillow,pillow,unverifiable,False,unverifiable
static,252127,bedroom,10,dining table,dining_table,wrong,False,unverifiable
static,252127,bedroom,11,refrigerator,refrigerator,wrong,False,unverifiable
static,252127,bedroom,12,vase,vase,wrong,False,unverifiable
static,255654,bathroom,1,chair,chair,wrong,False,unverifiable
static,255654,bathroom,2,bottle,bottle,wrong,False,unverifiable
static,255654,bathroom,3,sink,sink,wrong,False,unverifiable
static,255654,bathroom,4,sofa,sofa,wrong,False,unverifiable
static,255654,bathroom,5,bed,bed,wrong,False,unverifiable
static,255654,bathroom,6,book,book,unverifiable,False,unverifiable
static,255654,bathroom,7,bowl,bowl,wrong,False,unverifiable
static,255654,bathroom,8,pillow,pillow,unverifiable,False,unverifiable
static,255654,bathroom,9,toilet,toilet,correct,True,correct
static,255654,bathroom,10,dining table,dining_table,wrong,False,unverifiable
static,255654,bathroom,11,refrigerator,refrigerator,wrong,False,unverifiable
static,255654,bathroom,12,vase,vase,wrong,False,unverifiable
static,256518,dining,1,chair,chair,wrong,False,unverifiable
static,256518,dining,2,bottle,bottle,wrong,False,unverifiable
static,256518,dining,3,sink,sink,wrong,False,unverifiable
static,256518,dining,4,sofa,sofa,wrong,False,unverifiable
static,256518,dining,5,bed,bed,wrong,False,unverifiable
static,256518,dining,6,book,book,unverifiable,False,unverifiable
static,256518,dining,7,bowl,bowl,correct,True,unverifiable
static,256518,dining,8,toilet,toilet,wrong,False,unverifiable
static,256518,dining,9,pillow,pillow,unverifiable,False,unverifiable
static,256518,dining,10,dining table,dining_table,correct,True,correct
static,256518,dining,11,refrigerator,refrigerator,wrong,False,unverifiable
static,256518,dining,12,vase,vase,wrong,False,unverifiable
static,257370,living room,1,chair,chair,wrong,False,unverifiable
static,257370,living room,2,bottle,bottle,wrong,False,unverifiable
static,257370,living room,3,sink,sink,wrong,False,unverifiable
static,257370,living room,4,sofa,sofa,wrong,False,unverifiable
static,257370,living room,5,bed,bed,wrong,False,unverifiable
static,257370,living room,6,book,book,unverifiable,False,unverifiable
static,257370,living room,7,bowl,bowl,wrong,False,unverifiable
static,257370,living room,8,toilet,toilet,wrong,False,unverifiable
static,257370,living room,9,pillow,pillow,unverifiable,False,unverifiable
static,257370,living room,10,dining table,dining_table,wrong,False,unverifiable
static,257370,living room,11,refrigerator,refrigerator,wrong,False,unverifiable
static,257370,living room,12,vase,vase,wrong,False,unverifiable
static,257660,bathroom,1,chair,chair,wrong,False,unverifiable
static,257660,bathroom,2,bottle,bottle,wrong,False,unverifiable
static,257660,bathroom,3,sink,sink,correct,True,unverifiable
static,257660,bathroom,4,sofa,sofa,wrong,False,unverifiable
static,257660,bathroom,5,bed,bed,wrong,False,unverifiable
static,257660,bathroom,6,book,book,unverifiable,False,unverifiable
static,257660,bathroom,7,bowl,bowl,wrong,False,unverifiable
static,257660,bathroom,8,pillow,pillow,unverifiable,False,unverifiable
static,257660,bathroom,9,toilet,toilet,correct,True,correct
static,257660,bathroom,10,dining table,dining_table,wrong,False,unverifiable
static,257660,bathroom,11,refrigerator,refrigerator,wrong,False,unverifiable
static,257660,bathroom,12,vase,vase,wrong,False,unverifiable
static,257773,kitchen,1,chair,chair,wrong,False,unverifiable
static,257773,kitchen,2,bottle,bottle,correct,True,correct
static,257773,kitchen,3,sink,sink,wrong,False,unverifiable
static,257773,kitchen,4,sofa,sofa,wrong,False,unverifiable
static,257773,kitchen,5,bed,bed,wrong,False,unverifiable
static,257773,kitchen,6,book,book,unverifiable,False,unverifiable
static,257773,kitchen,7,bowl,bowl,correct,True,unverifiable
static,257773,kitchen,8,toilet,toilet,wrong,False,unverifiable
static,257773,kitchen,9,pillow,pillow,unverifiable,False,unverifiable
static,257773,kitchen,10,dining table,dining_table,wrong,False,unverifiable
static,257773,kitchen,11,refrigerator,refrigerator,correct,True,correct
static,257773,kitchen,12,vase,vase,wrong,False,unverifiable
static,260721,living room,1,chair,chair,wrong,False,unverifiable
static,260721,living room,2,bottle,bottle,wrong,False,unverifiable
static,260721,living room,3,sink,sink,wrong,False,unverifiable
static,260721,living room,4,sofa,sofa,correct,True,correct
static,260721,living room,5,bed,bed,correct,True,unverifiable
static,260721,living room,6,book,book,correct,True,unverifiable
static,260721,living room,7,bowl,bowl,correct,True,correct
static,260721,living room,8,toilet,toilet,wrong,False,unverifiable
static,260721,living room,9,pillow,pillow,unverifiable,False,unverifiable
static,260721,living room,10,dining table,dining_table,wrong,True,unverifiable
static,260721,living room,11,refrigerator,refrigerator,wrong,False,unverifiable
static,260721,living room,12,vase,vase,wrong,False,unverifiable
static,264347,kitchen,1,chair,chair,wrong,False,unverifiable
static,264347,kitchen,2,bottle,bottle,wrong,False,unverifiable
static,264347,kitchen,3,sink,sink,correct,True,unverifiable
static,264347,kitchen,4,sofa,sofa,wrong,False,unverifiable
static,264347,kitchen,5,bed,bed,wrong,False,unverifiable
static,264347,kitchen,6,book,book,unverifiable,False,unverifiable
static,264347,kitchen,7,bowl,bowl,wrong,False,unverifiable
static,264347,kitchen,8,toilet,toilet,wrong,False,unverifiable
static,264347,kitchen,9,pillow,pillow,unverifiable,False,unverifiable
static,264347,kitchen,10,dining table,dining_table,wrong,False,unverifiable
static,264347,kitchen,11,refrigerator,refrigerator,correct,True,unverifiable
static,264347,kitchen,12,vase,vase,wrong,False,unverifiable
static,266422,living room,1,chair,chair,correct,True,correct
static,266422,living room,2,bottle,bottle,wrong,False,unverifiable
static,266422,living room,3,sink,sink,wrong,False,unverifiable
static,266422,living room,4,sofa,sofa,correct,True,unverifiable
static,266422,living room,5,bed,bed,wrong,False,unverifiable
static,266422,living room,6,book,book,unverifiable,False,unverifiable
static,266422,living room,7,bowl,bowl,wrong,False,unverifiable
static,266422,living room,8,toilet,toilet,wrong,False,unverifiable
static,266422,living room,9,pillow,pillow,unverifiable,True,unverifiable
static,266422,living room,10,dining table,dining_table,wrong,True,unverifiable
static,266422,living room,11,refrigerator,refrigerator,wrong,False,unverifiable
static,266422,living room,12,vase,vase,wrong,False,unverifiable
static,268213,kitchen,1,chair,chair,wrong,False,unverifiable
static,268213,kitchen,2,bottle,bottle,correct,True,correct
static,268213,kitchen,3,sink,sink,wrong,False,unverifiable
static,268213,kitchen,4,sofa,sofa,wrong,False,unverifiable
static,268213,kitchen,5,bed,bed,wrong,False,unverifiable
static,268213,kitchen,6,book,book,correct,True,unverifiable
static,268213,kitchen,7,bowl,bowl,correct,True,correct
static,268213,kitchen,8,toilet,toilet,wrong,False,unverifiable
static,268213,kitchen,9,pillow,pillow,unverifiable,False,unverifiable
static,268213,kitchen,10,dining table,dining_table,wrong,False,unverifiable
static,268213,kitchen,11,refrigerator,refrigerator,correct,True,correct
static,268213,kitchen,12,vase,vase,wrong,False,unverifiable
static,268378,dining,1,chair,chair,correct,True,unverifiable
static,268378,dining,2,bottle,bottle,wrong,False,unverifiable
static,268378,dining,3,sink,sink,wrong,False,unverifiable
static,268378,dining,4,sofa,sofa,wrong,False,unverifiable
static,268378,dining,5,bed,bed,wrong,False,unverifiable
static,268378,dining,6,book,book,unverifiable,False,unverifiable
static,268378,dining,7,bowl,bowl,wrong,False,unverifiable
static,268378,dining,8,toilet,toilet,wrong,False,unverifiable
static,268378,dining,9,pillow,pillow,unverifiable,False,unverifiable
static,268378,dining,10,dining table,dining_table,correct,True,correct
static,268378,dining,11,refrigerator,refrigerator,wrong,False,unverifiable
static,268378,dining,12,vase,vase,wrong,False,unverifiable
static,271167,bathroom,1,chair,chair,wrong,False,unverifiable
static,271167,bathroom,2,bottle,bottle,correct,True,correct
static,271167,bathroom,3,sink,sink,correct,True,correct
static,271167,bathroom,4,sofa,sofa,wrong,False,unverifiable
static,271167,bathroom,5,bed,bed,wrong,False,unverifiable
static,271167,bathroom,6,book,book,unverifiable,False,unverifiable
static,271167,bathroom,7,bowl,bowl,wrong,False,unverifiable
static,271167,bathroom,8,toilet,toilet,wrong,False,unverifiable
static,271167,bathroom,9,pillow,pillow,unverifiable,False,unverifiable
static,271167,bathroom,10,dining table,dining_table,wrong,False,unverifiable
static,271167,bathroom,11,refrigerator,refrigerator,wrong,False,unverifiable
static,271167,bathroom,12,vase,vase,wrong,False,unverifiable
static,271728,living room,1,chair,chair,wrong,False,unverifiable
static,271728,living room,2,bottle,bottle,wrong,False,unverifiable
static,271728,living room,3,sink,sink,wrong,False,unverifiable
static,271728,living room,4,sofa,sofa,correct,True,correct
static,271728,living room,5,bed,bed,wrong,False,unverifiable
static,271728,living room,6,bowl,bowl,wrong,False,unverifiable
static,271728,living room,7,book,book,correct,True,unverifiable
static,271728,living room,8,toilet,toilet,wrong,False,unverifiable
static,271728,living room,9,pillow,pillow,unverifiable,False,unverifiable
static,271728,living room,10,dining table,dining_table,wrong,False,unverifiable
static,271728,living room,11,refrigerator,refrigerator,wrong,False,unverifiable
static,271728,living room,12,vase,vase,wrong,False,unverifiable
static,272203,bedroom,1,chair,chair,wrong,False,unverifiable
static,272203,bedroom,2,bottle,bottle,correct,True,unverifiable
static,272203,bedroom,3,sink,sink,wrong,False,unverifiable
static,272203,bedroom,4,sofa,sofa,wrong,False,unverifiable
static,272203,bedroom,5,bed,bed,correct,True,correct
static,272203,bedroom,6,bowl,bowl,wrong,False,unverifiable
static,272203,bedroom,7,book,book,correct,True,correct
static,272203,bedroom,8,toilet,toilet,wrong,False,unverifiable
static,272203,bedroom,9,pillow,pillow,unverifiable,False,unverifiable
static,272203,bedroom,10,dining table,dining_table,wrong,False,unverifiable
static,272203,bedroom,11,refrigerator,refrigerator,wrong,False,unverifiable
static,272203,bedroom,12,vase,vase,wrong,False,unverifiable
static,274352,dining,1,chair,chair,correct,True,unverifiable
static,274352,dining,2,bottle,bottle,correct,True,unverifiable
static,274352,dining,3,sink,sink,wrong,False,unverifiable
static,274352,dining,4,sofa,sofa,wrong,False,unverifiable
static,274352,dining,5,bed,bed,wrong,False,unverifiable
static,274352,dining,6,book,book,unverifiable,False,unverifiable
static,274352,dining,7,bowl,bowl,wrong,False,unverifiable
static,274352,dining,8,toilet,toilet,wrong,False,unverifiable
static,274352,dining,9,pillow,pillow,unverifiable,False,unverifiable
static,274352,dining,10,dining table,dining_table,correct,True,correct
static,274352,dining,11,refrigerator,refrigerator,wrong,False,unverifiable
static,274352,dining,12,vase,vase,wrong,False,unverifiable
static,275374,bedroom,1,chair,chair,wrong,False,unverifiable
static,275374,bedroom,2,bottle,bottle,wrong,False,unverifiable
static,275374,bedroom,3,sink,sink,wrong,False,unverifiable
static,275374,bedroom,4,sofa,sofa,wrong,False,unverifiable
static,275374,bedroom,5,bed,bed,correct,True,correct
static,275374,bedroom,6,bowl,bowl,wrong,False,unverifiable
static,275374,bedroom,7,book,book,correct,True,correct
static,275374,bedroom,8,toilet,toilet,wrong,False,unverifiable
static,275374,bedroom,9,pillow,pillow,unverifiable,False,unverifiable
static,275374,bedroom,10,dining table,dining_table,wrong,False,unverifiable
static,275374,bedroom,11,refrigerator,refrigerator,wrong,False,unverifiable
static,275374,bedroom,12,vase,vase,wrong,False,unverifiable
static,277507,bedroom,1,chair,chair,correct,True,correct
static,277507,bedroom,2,bottle,bottle,correct,True,unverifiable
static,277507,bedroom,3,sink,sink,wrong,False,unverifiable
static,277507,bedroom,4,sofa,sofa,wrong,False,unverifiable
static,277507,bedroom,5,bed,bed,correct,True,correct
static,277507,bedroom,6,book,book,unverifiable,False,unverifiable
static,277507,bedroom,7,bowl,bowl,wrong,False,unverifiable
static,277507,bedroom,8,toilet,toilet,wrong,False,unverifiable
static,277507,bedroom,9,pillow,pillow,unverifiable,False,unverifiable
static,277507,bedroom,10,dining table,dining_table,wrong,False,unverifiable
static,277507,bedroom,11,refrigerator,refrigerator,wrong,False,unverifiable
static,277507,bedroom,12,vase,vase,wrong,False,unverifiable
static,283717,kitchen,1,chair,chair,wrong,False,unverifiable
static,283717,kitchen,2,bottle,bottle,wrong,False,unverifiable
static,283717,kitchen,3,sink,sink,wrong,False,unverifiable
static,283717,kitchen,4,sofa,sofa,wrong,False,unverifiable
static,283717,kitchen,5,bed,bed,wrong,False,unverifiable
static,283717,kitchen,6,book,book,unverifiable,False,unverifiable
static,283717,kitchen,7,bowl,bowl,wrong,False,unverifiable
static,283717,kitchen,8,toilet,toilet,wrong,False,unverifiable
static,283717,kitchen,9,pillow,pillow,unverifiable,False,unverifiable
static,283717,kitchen,10,dining table,dining_table,wrong,False,unverifiable
static,283717,kitchen,11,refrigerator,refrigerator,wrong,False,unverifiable
static,283717,kitchen,12,vase,vase,wrong,False,unverifiable
static,285400,dining,1,chair,chair,wrong,False,unverifiable
static,285400,dining,2,bottle,bottle,wrong,False,unverifiable
static,285400,dining,3,sink,sink,wrong,False,unverifiable
static,285400,dining,4,sofa,sofa,wrong,False,unverifiable
static,285400,dining,5,bed,bed,wrong,False,unverifiable
static,285400,dining,6,book,book,unverifiable,False,unverifiable
static,285400,dining,7,bowl,bowl,wrong,False,unverifiable
static,285400,dining,8,toilet,toilet,wrong,False,unverifiable
static,285400,dining,9,pillow,pillow,unverifiable,False,unverifiable
static,285400,dining,10,dining table,dining_table,correct,True,correct
static,285400,dining,11,refrigerator,refrigerator,wrong,False,unverifiable
static,285400,dining,12,vase,vase,wrong,False,unverifiable
static,290771,living room,1,chair,chair,correct,True,unverifiable
static,290771,living room,2,bottle,bottle,wrong,False,unverifiable
static,290771,living room,3,sink,sink,wrong,False,unverifiable
static,290771,living room,4,sofa,sofa,correct,True,unverifiable
static,290771,living room,5,bed,bed,wrong,False,unverifiable
static,290771,living room,6,bowl,bowl,wrong,False,unverifiable
static,290771,living room,7,book,book,correct,True,correct
static,290771,living room,8,toilet,toilet,wrong,False,unverifiable
static,290771,living room,9,pillow,pillow,unverifiable,False,unverifiable
static,290771,living room,10,dining table,dining_table,unverifiable,False,unverifiable
static,290771,living room,11,refrigerator,refrigerator,wrong,False,unverifiable
static,290771,living room,12,vase,vase,wrong,False,unverifiable
static,293390,bathroom,1,chair,chair,wrong,False,unverifiable
static,293390,bathroom,2,bottle,bottle,correct,True,unverifiable
static,293390,bathroom,3,sink,sink,correct,True,correct
static,293390,bathroom,4,sofa,sofa,wrong,False,unverifiable
static,293390,bathroom,5,bed,bed,wrong,False,unverifiable
static,293390,bathroom,6,book,book,unverifiable,False,unverifiable
static,293390,bathroom,7,bowl,bowl,wrong,False,unverifiable
static,293390,bathroom,8,toilet,toilet,wrong,False,unverifiable
static,293390,bathroom,9,pillow,pillow,unverifiable,False,unverifiable
static,293390,bathroom,10,dining table,dining_table,wrong,False,unverifiable
static,293390,bathroom,11,refrigerator,refrigerator,wrong,False,unverifiable
static,293390,bathroom,12,vase,vase,wrong,False,unverifiable
static,296205,living room,1,chair,chair,wrong,False,unverifiable
static,296205,living room,2,bottle,bottle,wrong,False,unverifiable
static,296205,living room,3,sink,sink,wrong,False,unverifiable
static,296205,living room,4,sofa,sofa,correct,True,correct
static,296205,living room,5,bed,bed,wrong,False,unverifiable
static,296205,living room,6,book,book,unverifiable,False,unverifiable
static,296205,living room,7,bowl,bowl,wrong,False,unverifiable
static,296205,living room,8,toilet,toilet,wrong,False,unverifiable
static,296205,living room,9,pillow,pillow,unverifiable,False,unverifiable
static,296205,living room,10,dining table,dining_table,wrong,False,unverifiable
static,296205,living room,11,refrigerator,refrigerator,wrong,False,unverifiable
static,296205,living room,12,vase,vase,wrong,False,unverifiable
static,297353,bedroom,1,chair,chair,wrong,False,unverifiable
static,297353,bedroom,2,bottle,bottle,correct,True,unverifiable
static,297353,bedroom,3,sink,sink,wrong,False,unverifiable
static,297353,bedroom,4,sofa,sofa,wrong,False,unverifiable
static,297353,bedroom,5,bed,bed,correct,True,correct
static,297353,bedroom,6,bowl,bowl,wrong,False,unverifiable
static,297353,bedroom,7,book,book,correct,True,correct
static,297353,bedroom,8,toilet,toilet,wrong,False,unverifiable
static,297353,bedroom,9,pillow,pillow,correct,True,correct
static,297353,bedroom,10,dining table,dining_table,wrong,False,unverifiable
static,297353,bedroom,11,refrigerator,refrigerator,wrong,False,unverifiable
static,297353,bedroom,12,vase,vase,wrong,False,unverifiable
static,299632,bedroom,1,chair,chair,wrong,False,unverifiable
static,299632,bedroom,2,bottle,bottle,wrong,False,unverifiable
static,299632,bedroom,3,sink,sink,wrong,False,unverifiable
static,299632,bedroom,4,sofa,sofa,wrong,False,unverifiable
static,299632,bedroom,5,bed,bed,correct,True,correct
static,299632,bedroom,6,book,book,unverifiable,False,unverifiable
static,299632,bedroom,7,bowl,bowl,correct,True,unverifiable
static,299632,bedroom,8,toilet,toilet,wrong,False,unverifiable
static,299632,bedroom,9,pillow,pillow,correct,True,correct
static,299632,bedroom,10,dining table,dining_table,wrong,False,unverifiable
static,299632,bedroom,11,refrigerator,refrigerator,wrong,False,unverifiable
static,299632,bedroom,12,vase,vase,wrong,False,unverifiable
static,300882,bedroom,1,chair,chair,correct,True,unverifiable
static,300882,bedroom,2,bottle,bottle,wrong,False,unverifiable
static,300882,bedroom,3,sink,sink,wrong,False,unverifiable
static,300882,bedroom,4,sofa,sofa,wrong,False,unverifiable
static,300882,bedroom,5,bed,bed,correct,True,correct
static,300882,bedroom,6,book,book,unverifiable,False,unverifiable
static,300882,bedroom,7,bowl,bowl,wrong,False,unverifiable
static,300882,bedroom,8,toilet,toilet,wrong,False,unverifiable
static,300882,bedroom,9,pillow,pillow,unverifiable,False,unverifiable
static,300882,bedroom,10,dining table,dining_table,wrong,False,unverifiable
static,300882,bedroom,11,refrigerator,refrigerator,wrong,False,unverifiable
static,300882,bedroom,12,vase,vase,wrong,False,unverifiable
static,302680,living room,1,chair,chair,correct,True,unverifiable
static,302680,living room,2,bottle,bottle,wrong,False,unverifiable
static,302680,living room,3,sink,sink,wrong,False,unverifiable
static,302680,living room,4,sofa,sofa,correct,True,correct
static,302680,living room,5,bed,bed,wrong,False,unverifiable
static,302680,living room,6,book,book,unverifiable,False,unverifiable
static,302680,living room,7,bowl,bowl,wrong,False,unverifiable
static,302680,living room,8,toilet,toilet,wrong,False,unverifiable
static,302680,living room,9,pillow,pillow,correct,True,correct
static,302680,living room,10,dining table,dining_table,unverifiable,True,unverifiable
static,302680,living room,11,refrigerator,refrigerator,wrong,False,unverifiable
static,302680,living room,12,vase,vase,correct,True,unverifiable
static,303002,bathroom,1,chair,chair,wrong,False,unverifiable
static,303002,bathroom,2,bottle,bottle,wrong,False,unverifiable
static,303002,bathroom,3,sink,sink,correct,True,unverifiable
static,303002,bathroom,4,sofa,sofa,wrong,False,unverifiable
static,303002,bathroom,5,bed,bed,wrong,False,unverifiable
static,303002,bathroom,6,book,book,unverifiable,False,unverifiable
static,303002,bathroom,7,bowl,bowl,wrong,False,unverifiable
static,303002,bathroom,8,pillow,pillow,unverifiable,False,unverifiable
static,303002,bathroom,9,toilet,toilet,correct,True,correct
static,303002,bathroom,10,dining table,dining_table,wrong,False,unverifiable
static,303002,bathroom,11,refrigerator,refrigerator,wrong,False,unverifiable
static,303002,bathroom,12,vase,vase,wrong,False,unverifiable
static,303520,kitchen,1,chair,chair,wrong,False,unverifiable
static,303520,kitchen,2,bottle,bottle,wrong,False,unverifiable
static,303520,kitchen,3,sink,sink,wrong,False,unverifiable
static,303520,kitchen,4,sofa,sofa,wrong,False,unverifiable
static,303520,kitchen,5,bed,bed,wrong,False,unverifiable
static,303520,kitchen,6,book,book,unverifiable,False,unverifiable
static,303520,kitchen,7,bowl,bowl,wrong,False,unverifiable
static,303520,kitchen,8,toilet,toilet,wrong,False,unverifiable
static,303520,kitchen,9,pillow,pillow,unverifiable,False,unverifiable
static,303520,kitchen,10,dining table,dining_table,unverifiable,True,unverifiable
static,303520,kitchen,11,refrigerator,refrigerator,correct,True,correct
static,303520,kitchen,12,vase,vase,wrong,False,unverifiable
static,304827,kitchen,1,chair,chair,wrong,False,unverifiable
static,304827,kitchen,2,bottle,bottle,wrong,False,unverifiable
static,304827,kitchen,3,sink,sink,correct,True,unverifiable
static,304827,kitchen,4,sofa,sofa,wrong,False,unverifiable
static,304827,kitchen,5,bed,bed,wrong,False,unverifiable
static,304827,kitchen,6,book,book,unverifiable,False,unverifiable
static,304827,kitchen,7,bowl,bowl,correct,True,correct
static,304827,kitchen,8,toilet,toilet,wrong,False,unverifiable
static,304827,kitchen,9,pillow,pillow,unverifiable,False,unverifiable
static,304827,kitchen,10,dining table,dining_table,wrong,False,unverifiable
static,304827,kitchen,11,refrigerator,refrigerator,correct,True,correct
static,304827,kitchen,12,vase,vase,wrong,False,unverifiable
static,306733,bathroom,1,chair,chair,wrong,False,unverifiable
static,306733,bathroom,2,bottle,bottle,correct,True,unverifiable
static,306733,bathroom,3,sink,sink,correct,True,unverifiable
static,306733,bathroom,4,sofa,sofa,wrong,False,unverifiable
static,306733,bathroom,5,bed,bed,wrong,False,unverifiable
static,306733,bathroom,6,book,book,unverifiable,False,unverifiable
static,306733,bathroom,7,bowl,bowl,wrong,False,unverifiable
static,306733,bathroom,8,pillow,pillow,unverifiable,False,unverifiable
static,306733,bathroom,9,toilet,toilet,correct,True,unverifiable
static,306733,bathroom,10,dining table,dining_table,wrong,False,unverifiable
static,306733,bathroom,11,refrigerator,refrigerator,wrong,False,unverifiable
static,306733,bathroom,12,vase,vase,wrong,False,unverifiable
static,308507,kitchen,1,chair,chair,correct,True,unverifiable
static,308507,kitchen,2,bottle,bottle,wrong,False,unverifiable
static,308507,kitchen,3,sink,sink,wrong,False,unverifiable
static,308507,kitchen,4,sofa,sofa,wrong,False,unverifiable
static,308507,kitchen,5,bed,bed,wrong,False,wrong
static,308507,kitchen,6,book,book,correct,True,unverifiable
static,308507,kitchen,7,bowl,bowl,correct,True,correct
static,308507,kitchen,8,toilet,toilet,wrong,False,unverifiable
static,308507,kitchen,9,pillow,pillow,unverifiable,False,unverifiable
static,308507,kitchen,10,dining table,dining_table,unverifiable,False,unverifiable
static,308507,kitchen,11,refrigerator,refrigerator,wrong,False,unverifiable
static,308507,kitchen,12,vase,vase,wrong,False,unverifiable
static,309060,kitchen,1,chair,chair,correct,True,unverifiable
static,309060,kitchen,2,bottle,bottle,correct,True,unverifiable
static,309060,kitchen,3,sink,sink,correct,True,unverifiable
static,309060,kitchen,4,sofa,sofa,wrong,False,unverifiable
static,309060,kitchen,5,bed,bed,wrong,False,unverifiable
static,309060,kitchen,6,book,book,unverifiable,False,unverifiable
static,309060,kitchen,7,bowl,bowl,wrong,False,unverifiable
static,309060,kitchen,8,toilet,toilet,wrong,False,unverifiable
static,309060,kitchen,9,pillow,pillow,unverifiable,False,unverifiable
static,309060,kitchen,10,dining table,dining_table,wrong,False,unverifiable
static,309060,kitchen,11,refrigerator,refrigerator,correct,True,unverifiable
static,309060,kitchen,12,vase,vase,wrong,False,unverifiable
static,309553,bedroom,1,chair,chair,wrong,False,unverifiable
static,309553,bedroom,2,bottle,bottle,wrong,False,unverifiable
static,309553,bedroom,3,sink,sink,wrong,False,unverifiable
static,309553,bedroom,4,sofa,sofa,wrong,False,unverifiable
static,309553,bedroom,5,bed,bed,correct,True,correct
static,309553,bedroom,6,book,book,unverifiable,False,unverifiable
static,309553,bedroom,7,bowl,bowl,wrong,False,unverifiable
static,309553,bedroom,8,toilet,toilet,wrong,False,unverifiable
static,309553,bedroom,9,pillow,pillow,unverifiable,False,unverifiable
static,309553,bedroom,10,dining table,dining_table,wrong,False,unverifiable
static,309553,bedroom,11,refrigerator,refrigerator,wrong,False,unverifiable
static,309553,bedroom,12,vase,vase,wrong,False,unverifiable
static,311868,bathroom,1,chair,chair,wrong,False,unverifiable
static,311868,bathroom,2,bottle,bottle,wrong,False,unverifiable
static,311868,bathroom,3,sink,sink,correct,True,correct
static,311868,bathroom,4,sofa,sofa,wrong,False,unverifiable
static,311868,bathroom,5,bed,bed,wrong,False,unverifiable
static,311868,bathroom,6,book,book,unverifiable,False,unverifiable
static,311868,bathroom,7,bowl,bowl,wrong,False,unverifiable
static,311868,bathroom,8,pillow,pillow,unverifiable,False,unverifiable
static,311868,bathroom,9,toilet,toilet,correct,True,unverifiable
static,311868,bathroom,10,dining table,dining_table,wrong,False,unverifiable
static,311868,bathroom,11,refrigerator,refrigerator,wrong,False,unverifiable
static,311868,bathroom,12,vase,vase,wrong,False,unverifiable
static,313130,kitchen,1,chair,chair,correct,True,unverifiable
static,313130,kitchen,2,bottle,bottle,correct,True,correct
static,313130,kitchen,3,sink,sink,wrong,False,unverifiable
static,313130,kitchen,4,sofa,sofa,wrong,False,unverifiable
static,313130,kitchen,5,bed,bed,wrong,False,unverifiable
static,313130,kitchen,6,book,book,unverifiable,False,unverifiable
static,313130,kitchen,7,bowl,bowl,wrong,False,unverifiable
static,313130,kitchen,8,toilet,toilet,wrong,False,unverifiable
static,313130,kitchen,9,pillow,pillow,unverifiable,False,unverifiable
static,313130,kitchen,10,dining table,dining_table,wrong,False,unverifiable
static,313130,kitchen,11,refrigerator,refrigerator,correct,True,correct
static,313130,kitchen,12,vase,vase,wrong,False,unverifiable
static,315256,bedroom,1,chair,chair,correct,True,correct
static,315256,bedroom,2,bottle,bottle,wrong,False,unverifiable
static,315256,bedroom,3,sink,sink,wrong,False,unverifiable
static,315256,bedroom,4,sofa,sofa,wrong,False,unverifiable
static,315256,bedroom,5,bed,bed,correct,True,correct
static,315256,bedroom,6,book,book,unverifiable,False,unverifiable
static,315256,bedroom,7,bowl,bowl,wrong,False,unverifiable
static,315256,bedroom,8,toilet,toilet,wrong,False,unverifiable
static,315256,bedroom,9,pillow,pillow,correct,True,correct
static,315256,bedroom,10,dining table,dining_table,wrong,False,unverifiable
static,315256,bedroom,11,refrigerator,refrigerator,wrong,False,unverifiable
static,315256,bedroom,12,vase,vase,wrong,False,unverifiable
static,315641,kitchen,1,chair,chair,wrong,False,unverifiable
static,315641,kitchen,2,bottle,bottle,wrong,False,unverifiable
static,315641,kitchen,3,sink,sink,wrong,False,unverifiable
static,315641,kitchen,4,sofa,sofa,wrong,False,unverifiable
static,315641,kitchen,5,bed,bed,wrong,False,unverifiable
static,315641,kitchen,6,book,book,unverifiable,False,unverifiable
static,315641,kitchen,7,bowl,bowl,wrong,False,unverifiable
static,315641,kitchen,8,toilet,toilet,wrong,False,unverifiable
static,315641,kitchen,9,pillow,pillow,unverifiable,False,unverifiable
static,315641,kitchen,10,dining table,dining_table,wrong,False,unverifiable
static,315641,kitchen,11,refrigerator,refrigerator,correct,True,correct
static,315641,kitchen,12,vase,vase,wrong,False,unverifiable
static,319935,bedroom,1,chair,chair,correct,True,unverifiable
static,319935,bedroom,2,bottle,bottle,wrong,False,unverifiable
static,319935,bedroom,3,sink,sink,wrong,False,unverifiable
static,319935,bedroom,4,sofa,sofa,correct,True,unverifiable
static,319935,bedroom,5,bed,bed,correct,True,correct
static,319935,bedroom,6,bowl,bowl,wrong,False,unverifiable
static,319935,bedroom,7,book,book,correct,True,unverifiable
static,319935,bedroom,8,toilet,toilet,wrong,False,unverifiable
static,319935,bedroom,9,pillow,pillow,correct,True,correct
static,319935,bedroom,10,dining table,dining_table,unverifiable,False,unverifiable
static,319935,bedroom,11,refrigerator,refrigerator,wrong,False,unverifiable
static,319935,bedroom,12,vase,vase,wrong,False,unverifiable
static,325078,bathroom,1,chair,chair,wrong,False,unverifiable
static,325078,bathroom,2,bottle,bottle,correct,True,unverifiable
static,325078,bathroom,3,sink,sink,correct,True,correct
static,325078,bathroom,4,sofa,sofa,wrong,False,unverifiable
static,325078,bathroom,5,bed,bed,wrong,False,unverifiable
static,325078,bathroom,6,book,book,unverifiable,False,unverifiable
static,325078,bathroom,7,bowl,bowl,wrong,False,unverifiable
static,325078,bathroom,8,pillow,pillow,unverifiable,False,unverifiable
static,325078,bathroom,9,toilet,toilet,correct,True,correct
static,325078,bathroom,10,dining table,dining_table,wrong,False,unverifiable
static,325078,bathroom,11,refrigerator,refrigerator,wrong,False,unverifiable
static,325078,bathroom,12,vase,vase,wrong,False,unverifiable
static,329455,dining,1,chair,chair,correct,True,unverifiable
static,329455,dining,2,bottle,bottle,wrong,False,unverifiable
static,329455,dining,3,sink,sink,wrong,False,unverifiable
static,329455,dining,4,sofa,sofa,wrong,False,unverifiable
static,329455,dining,5,bed,bed,wrong,False,unverifiable
static,329455,dining,6,book,book,unverifiable,False,unverifiable
static,329455,dining,7,bowl,bowl,wrong,False,unverifiable
static,329455,dining,8,toilet,toilet,wrong,False,unverifiable
static,329455,dining,9,pillow,pillow,unverifiable,False,unverifiable
static,329455,dining,10,dining table,dining_table,correct,True,correct
static,329455,dining,11,refrigerator,refrigerator,wrong,False,unverifiable
static,329455,dining,12,vase,vase,wrong,False,unverifiable
static,341741,bedroom,1,chair,chair,correct,True,correct
static,341741,bedroom,2,bottle,bottle,wrong,False,unverifiable
static,341741,bedroom,3,sink,sink,wrong,False,unverifiable
static,341741,bedroom,4,sofa,sofa,wrong,False,unverifiable
static,341741,bedroom,5,bed,bed,correct,True,correct
static,341741,bedroom,6,book,book,unverifiable,False,unverifiable
static,341741,bedroom,7,bowl,bowl,wrong,False,unverifiable
static,341741,bedroom,8,toilet,toilet,wrong,False,unverifiable
static,341741,bedroom,9,pillow,pillow,unverifiable,False,unverifiable
static,341741,bedroom,10,dining table,dining_table,wrong,False,unverifiable
static,341741,bedroom,11,refrigerator,refrigerator,wrong,False,unverifiable
static,341741,bedroom,12,vase,vase,wrong,False,unverifiable
static,343662,bedroom,1,chair,chair,wrong,False,unverifiable
static,343662,bedroom,2,bottle,bottle,wrong,False,unverifiable
static,343662,bedroom,3,sink,sink,wrong,False,unverifiable
static,343662,bedroom,4,sofa,sofa,wrong,False,unverifiable
static,343662,bedroom,5,bed,bed,correct,True,correct
static,343662,bedroom,6,book,book,unverifiable,False,unverifiable
static,343662,bedroom,7,bowl,bowl,wrong,False,unverifiable
static,343662,bedroom,8,toilet,toilet,wrong,False,unverifiable
static,343662,bedroom,9,pillow,pillow,unverifiable,False,unverifiable
static,343662,bedroom,10,dining table,dining_table,wrong,False,unverifiable
static,343662,bedroom,11,refrigerator,refrigerator,wrong,False,unverifiable
static,343662,bedroom,12,vase,vase,wrong,False,unverifiable
static,348708,dining,1,chair,chair,wrong,False,unverifiable
static,348708,dining,2,bottle,bottle,wrong,False,unverifiable
static,348708,dining,3,sink,sink,wrong,False,unverifiable
static,348708,dining,4,sofa,sofa,wrong,False,unverifiable
static,348708,dining,5,bed,bed,wrong,False,wrong
static,348708,dining,6,book,book,unverifiable,False,unverifiable
static,348708,dining,7,bowl,bowl,correct,True,correct
static,348708,dining,8,toilet,toilet,wrong,False,unverifiable
static,348708,dining,9,pillow,pillow,unverifiable,False,unverifiable
static,348708,dining,10,dining table,dining_table,correct,True,correct
static,348708,dining,11,refrigerator,refrigerator,wrong,False,wrong
static,348708,dining,12,vase,vase,wrong,False,unverifiable
static,350230,kitchen,1,chair,chair,wrong,False,unverifiable
static,350230,kitchen,2,bottle,bottle,correct,True,unverifiable
static,350230,kitchen,3,sink,sink,correct,True,unverifiable
static,350230,kitchen,4,sofa,sofa,wrong,False,unverifiable
static,350230,kitchen,5,bed,bed,wrong,False,unverifiable
static,350230,kitchen,6,book,book,correct,True,unverifiable
static,350230,kitchen,7,bowl,bowl,correct,True,unverifiable
static,350230,kitchen,8,toilet,toilet,wrong,False,unverifiable
static,350230,kitchen,9,pillow,pillow,unverifiable,False,unverifiable
static,350230,kitchen,10,dining table,dining_table,wrong,False,unverifiable
static,350230,kitchen,11,refrigerator,refrigerator,wrong,False,unverifiable
static,350230,kitchen,12,vase,vase,wrong,False,unverifiable
static,355430,dining,1,chair,chair,correct,True,unverifiable
static,355430,dining,2,bottle,bottle,correct,True,unverifiable
static,355430,dining,3,sink,sink,wrong,False,unverifiable
static,355430,dining,4,sofa,sofa,correct,True,unverifiable
static,355430,dining,5,bed,bed,wrong,False,unverifiable
static,355430,dining,6,book,book,unverifiable,False,unverifiable
static,355430,dining,7,bowl,bowl,correct,True,correct
static,355430,dining,8,toilet,toilet,wrong,False,unverifiable
static,355430,dining,9,pillow,pillow,unverifiable,True,unverifiable
static,355430,dining,10,dining table,dining_table,correct,True,correct
static,355430,dining,11,refrigerator,refrigerator,wrong,False,unverifiable
static,355430,dining,12,vase,vase,wrong,False,unverifiable
static,358465,bedroom,1,chair,chair,wrong,False,unverifiable
static,358465,bedroom,2,bottle,bottle,wrong,False,unverifiable
static,358465,bedroom,3,sink,sink,wrong,False,unverifiable
static,358465,bedroom,4,sofa,sofa,wrong,False,unverifiable
static,358465,bedroom,5,bed,bed,correct,True,correct
static,358465,bedroom,6,book,book,unverifiable,False,unverifiable
static,358465,bedroom,7,bowl,bowl,wrong,False,unverifiable
static,358465,bedroom,8,toilet,toilet,wrong,False,unverifiable
static,358465,bedroom,9,pillow,pillow,unverifiable,False,unverifiable
static,358465,bedroom,10,dining table,dining_table,wrong,False,unverifiable
static,358465,bedroom,11,refrigerator,refrigerator,wrong,False,unverifiable
static,358465,bedroom,12,vase,vase,wrong,False,unverifiable
static,358525,bedroom,1,chair,chair,wrong,False,unverifiable
static,358525,bedroom,2,bottle,bottle,wrong,False,unverifiable
static,358525,bedroom,3,sink,sink,wrong,False,unverifiable
static,358525,bedroom,4,sofa,sofa,wrong,False,unverifiable
static,358525,bedroom,5,bed,bed,correct,True,correct
static,358525,bedroom,6,book,book,unverifiable,False,unverifiable
static,358525,bedroom,7,bowl,bowl,wrong,False,unverifiable
static,358525,bedroom,8,toilet,toilet,wrong,False,unverifiable
static,358525,bedroom,9,pillow,pillow,unverifiable,False,unverifiable
static,358525,bedroom,10,dining table,dining_table,wrong,False,unverifiable
static,358525,bedroom,11,refrigerator,refrigerator,wrong,False,unverifiable
static,358525,bedroom,12,vase,vase,wrong,False,unverifiable
static,362278,bathroom,1,chair,chair,wrong,False,unverifiable
static,362278,bathroom,2,bottle,bottle,wrong,False,unverifiable
static,362278,bathroom,3,sink,sink,correct,True,correct
static,362278,bathroom,4,sofa,sofa,wrong,False,unverifiable
static,362278,bathroom,5,bed,bed,wrong,False,unverifiable
static,362278,bathroom,6,book,book,unverifiable,False,unverifiable
static,362278,bathroom,7,bowl,bowl,wrong,False,unverifiable
static,362278,bathroom,8,pillow,pillow,unverifiable,False,unverifiable
static,362278,bathroom,9,toilet,toilet,correct,True,correct
static,362278,bathroom,10,dining table,dining_table,wrong,False,unverifiable
static,362278,bathroom,11,refrigerator,refrigerator,wrong,False,unverifiable
static,362278,bathroom,12,vase,vase,wrong,False,unverifiable
static,367386,living room,1,chair,chair,correct,True,correct
static,367386,living room,2,bottle,bottle,wrong,False,unverifiable
static,367386,living room,3,sink,sink,wrong,False,unverifiable
static,367386,living room,4,sofa,sofa,correct,True,correct
static,367386,living room,5,bed,bed,wrong,False,unverifiable
static,367386,living room,6,bowl,bowl,wrong,False,unverifiable
static,367386,living room,7,book,book,correct,True,correct
static,367386,living room,8,toilet,toilet,wrong,False,unverifiable
static,367386,living room,9,pillow,pillow,unverifiable,True,unverifiable
static,367386,living room,10,dining table,dining_table,correct,True,correct
static,367386,living room,11,refrigerator,refrigerator,wrong,False,unverifiable
static,367386,living room,12,vase,vase,correct,True,unverifiable
static,367569,living room,1,chair,chair,wrong,False,unverifiable
static,367569,living room,2,bottle,bottle,wrong,True,unverifiable
static,367569,living room,3,sink,sink,wrong,False,unverifiable
static,367569,living room,4,sofa,sofa,correct,True,correct
static,367569,living room,5,bed,bed,wrong,False,unverifiable
static,367569,living room,6,bowl,bowl,wrong,False,unverifiable
static,367569,living room,7,book,book,correct,True,correct
static,367569,living room,8,toilet,toilet,wrong,False,unverifiable
static,367569,living room,9,pillow,pillow,unverifiable,True,unverifiable
static,367569,living room,10,dining table,dining_table,wrong,False,unverifiable
static,367569,living room,11,refrigerator,refrigerator,wrong,False,unverifiable
static,367569,living room,12,vase,vase,wrong,False,unverifiable
static,368349,bathroom,1,chair,chair,wrong,False,unverifiable
static,368349,bathroom,2,bottle,bottle,correct,True,unverifiable
static,368349,bathroom,3,sink,sink,correct,True,correct
static,368349,bathroom,4,sofa,sofa,wrong,False,unverifiable
static,368349,bathroom,5,bed,bed,wrong,False,wrong
static,368349,bathroom,6,book,book,unverifiable,False,unverifiable
static,368349,bathroom,7,bowl,bowl,wrong,False,unverifiable
static,368349,bathroom,8,pillow,pillow,unverifiable,False,unverifiable
static,368349,bathroom,9,toilet,toilet,correct,True,correct
static,368349,bathroom,10,dining table,dining_table,wrong,False,unverifiable
static,368349,bathroom,11,refrigerator,refrigerator,wrong,False,unverifiable
static,368349,bathroom,12,vase,vase,wrong,False,unverifiable
static,369373,living room,1,chair,chair,correct,True,unverifiable
static,369373,living room,2,bottle,bottle,wrong,False,unverifiable
static,369373,living room,3,sink,sink,wrong,False,unverifiable
static,369373,living room,4,sofa,sofa,correct,True,correct
static,369373,living room,5,bed,bed,wrong,False,unverifiable
static,369373,living room,6,book,book,unverifiable,False,unverifiable
static,369373,living room,7,bowl,bowl,wrong,False,unverifiable
static,369373,living room,8,toilet,toilet,wrong,False,unverifiable
static,369373,living room,9,pillow,pillow,unverifiable,False,unverifiable
static,369373,living room,10,dining table,dining_table,wrong,False,unverifiable
static,369373,living room,11,refrigerator,refrigerator,wrong,False,unverifiable
static,369373,living room,12,vase,vase,wrong,False,unverifiable
static,370818,bathroom,1,chair,chair,wrong,False,unverifiable
static,370818,bathroom,2,bottle,bottle,wrong,False,unverifiable
static,370818,bathroom,3,sink,sink,correct,True,unverifiable
static,370818,bathroom,4,sofa,sofa,wrong,False,unverifiable
static,370818,bathroom,5,bed,bed,wrong,False,unverifiable
static,370818,bathroom,6,book,book,unverifiable,False,unverifiable
static,370818,bathroom,7,bowl,bowl,wrong,False,unverifiable
static,370818,bathroom,8,pillow,pillow,unverifiable,False,unverifiable
static,370818,bathroom,9,toilet,toilet,correct,True,correct
static,370818,bathroom,10,dining table,dining_table,wrong,False,unverifiable
static,370818,bathroom,11,refrigerator,refrigerator,wrong,False,unverifiable
static,370818,bathroom,12,vase,vase,wrong,False,unverifiable
static,374628,kitchen,1,chair,chair,correct,True,unverifiable
static,374628,kitchen,2,bottle,bottle,wrong,False,unverifiable
static,374628,kitchen,3,sink,sink,correct,True,unverifiable
static,374628,kitchen,4,sofa,sofa,wrong,False,wrong
static,374628,kitchen,5,bed,bed,wrong,False,unverifiable
static,374628,kitchen,6,book,book,unverifiable,False,unverifiable
static,374628,kitchen,7,bowl,bowl,correct,True,unverifiable
static,374628,kitchen,8,toilet,toilet,wrong,False,unverifiable
static,374628,kitchen,9,pillow,pillow,correct,True,correct
static,374628,kitchen,10,dining table,dining_table,correct,True,correct
static,374628,kitchen,11,refrigerator,refrigerator,correct,True,correct
static,374628,kitchen,12,vase,vase,correct,True,correct
static,375878,bathroom,1,chair,chair,wrong,False,unverifiable
static,375878,bathroom,2,bottle,bottle,wrong,False,unverifiable
static,375878,bathroom,3,sink,sink,correct,True,correct
static,375878,bathroom,4,sofa,sofa,wrong,False,unverifiable
static,375878,bathroom,5,bed,bed,wrong,False,unverifiable
static,375878,bathroom,6,book,book,unverifiable,False,unverifiable
static,375878,bathroom,7,bowl,bowl,wrong,False,unverifiable
static,375878,bathroom,8,pillow,pillow,unverifiable,False,unverifiable
static,375878,bathroom,9,toilet,toilet,correct,True,correct
static,375878,bathroom,10,dining table,dining_table,wrong,False,unverifiable
static,375878,bathroom,11,refrigerator,refrigerator,wrong,False,unverifiable
static,375878,bathroom,12,vase,vase,wrong,False,unverifiable
static,381330,kitchen,1,chair,chair,wrong,False,unverifiable
static,381330,kitchen,2,bottle,bottle,wrong,False,unverifiable
static,381330,kitchen,3,sink,sink,wrong,False,unverifiable
static,381330,kitchen,4,sofa,sofa,wrong,False,unverifiable
static,381330,kitchen,5,bed,bed,wrong,False,unverifiable
static,381330,kitchen,6,book,book,unverifiable,False,unverifiable
static,381330,kitchen,7,bowl,bowl,correct,True,unverifiable
static,381330,kitchen,8,toilet,toilet,wrong,False,unverifiable
static,381330,kitchen,9,pillow,pillow,unverifiable,False,unverifiable
static,381330,kitchen,10,dining table,dining_table,unverifiable,False,unverifiable
static,381330,kitchen,11,refrigerator,refrigerator,wrong,False,unverifiable
static,381330,kitchen,12,vase,vase,wrong,False,unverifiable
static,381605,living room,1,chair,chair,wrong,False,unverifiable
static,381605,living room,2,bottle,bottle,wrong,False,unverifiable
static,381605,living room,3,sink,sink,wrong,False,unverifiable
static,381605,living room,4,sofa,sofa,correct,True,correct
static,381605,living room,5,bed,bed,wrong,False,unverifiable
static,381605,living room,6,book,book,unverifiable,False,unverifiable
static,381605,living room,7,bowl,bowl,wrong,False,unverifiable
static,381605,living room,8,toilet,toilet,wrong,False,unverifiable
static,381605,living room,9,pillow,pillow,unverifiable,False,unverifiable
static,381605,living room,10,dining table,dining_table,wrong,False,unverifiable
static,381605,living room,11,refrigerator,refrigerator,wrong,False,unverifiable
static,381605,living room,12,vase,vase,wrong,False,unverifiable
static,383549,living room,1,chair,chair,correct,True,unverifiable
static,383549,living room,2,bottle,bottle,wrong,False,unverifiable
static,383549,living room,3,sink,sink,wrong,False,unverifiable
static,383549,living room,4,sofa,sofa,correct,True,correct
static,383549,living room,5,bed,bed,wrong,False,unverifiable
static,383549,living room,6,book,book,unverifiable,False,unverifiable
static,383549,living room,7,bowl,bowl,wrong,False,unverifiable
static,383549,living room,8,toilet,toilet,wrong,False,unverifiable
static,383549,living room,9,pillow,pillow,correct,True,correct
static,383549,living room,10,dining table,dining_table,wrong,False,unverifiable
static,383549,living room,11,refrigerator,refrigerator,wrong,False,unverifiable
static,383549,living room,12,vase,vase,wrong,False,unverifiable
static,386799,bathroom,1,chair,chair,wrong,False,unverifiable
static,386799,bathroom,2,bottle,bottle,wrong,False,unverifiable
static,386799,bathroom,3,sink,sink,correct,True,correct
static,386799,bathroom,4,sofa,sofa,wrong,False,unverifiable
static,386799,bathroom,5,bed,bed,wrong,False,unverifiable
static,386799,bathroom,6,book,book,unverifiable,False,unverifiable
static,386799,bathroom,7,bowl,bowl,wrong,False,unverifiable
static,386799,bathroom,8,toilet,toilet,wrong,False,unverifiable
static,386799,bathroom,9,pillow,pillow,unverifiable,False,unverifiable
static,386799,bathroom,10,dining table,dining_table,wrong,False,unverifiable
static,386799,bathroom,11,refrigerator,refrigerator,wrong,False,unverifiable
static,386799,bathroom,12,vase,vase,wrong,False,unverifiable
static,395259,bedroom,1,chair,chair,correct,True,unverifiable
static,395259,bedroom,2,bottle,bottle,correct,True,correct
static,395259,bedroom,3,sink,sink,wrong,False,unverifiable
static,395259,bedroom,4,sofa,sofa,wrong,False,wrong
static,395259,bedroom,5,bed,bed,correct,True,correct
static,395259,bedroom,6,book,book,unverifiable,False,unverifiable
static,395259,bedroom,7,bowl,bowl,wrong,False,unverifiable
static,395259,bedroom,8,toilet,toilet,wrong,False,unverifiable
static,395259,bedroom,9,pillow,pillow,unverifiable,False,unverifiable
static,395259,bedroom,10,dining table,dining_table,wrong,False,unverifiable
static,395259,bedroom,11,refrigerator,refrigerator,correct,True,correct
static,395259,bedroom,12,vase,vase,wrong,False,unverifiable
static,395701,living room,1,chair,chair,correct,True,unverifiable
static,395701,living room,2,bottle,bottle,correct,True,unverifiable
static,395701,living room,3,sink,sink,wrong,False,unverifiable
static,395701,living room,4,sofa,sofa,correct,True,unverifiable
static,395701,living room,5,bed,bed,wrong,False,unverifiable
static,395701,living room,6,bowl,bowl,wrong,False,unverifiable
static,395701,living room,7,book,book,correct,True,unverifiable
static,395701,living room,8,toilet,toilet,wrong,False,unverifiable
static,395701,living room,9,pillow,pillow,unverifiable,False,unverifiable
static,395701,living room,10,dining table,dining_table,wrong,False,unverifiable
static,395701,living room,11,refrigerator,refrigerator,wrong,False,unverifiable
static,395701,living room,12,vase,vase,wrong,False,unverifiable
static,396526,dining,1,chair,chair,correct,True,unverifiable
static,396526,dining,2,bottle,bottle,wrong,False,unverifiable
static,396526,dining,3,sink,sink,wrong,False,unverifiable
static,396526,dining,4,sofa,sofa,wrong,False,unverifiable
static,396526,dining,5,bed,bed,wrong,False,unverifiable
static,396526,dining,6,bowl,bowl,wrong,False,unverifiable
static,396526,dining,7,book,book,correct,True,unverifiable
static,396526,dining,8,toilet,toilet,wrong,False,unverifiable
static,396526,dining,9,pillow,pillow,unverifiable,False,unverifiable
static,396526,dining,10,dining table,dining_table,correct,True,correct
static,396526,dining,11,refrigerator,refrigerator,wrong,False,unverifiable
static,396526,dining,12,vase,vase,correct,True,correct
static,396691,kitchen,1,chair,chair,wrong,False,unverifiable
static,396691,kitchen,2,bottle,bottle,wrong,False,unverifiable
static,396691,kitchen,3,sink,sink,wrong,False,unverifiable
static,396691,kitchen,4,sofa,sofa,wrong,False,unverifiable
static,396691,kitchen,5,bed,bed,wrong,False,unverifiable
static,396691,kitchen,6,book,book,unverifiable,False,unverifiable
static,396691,kitchen,7,bowl,bowl,wrong,False,unverifiable
static,396691,kitchen,8,toilet,toilet,wrong,False,unverifiable
static,396691,kitchen,9,pillow,pillow,unverifiable,False,unverifiable
static,396691,kitchen,10,dining table,dining_table,wrong,False,unverifiable
static,396691,kitchen,11,refrigerator,refrigerator,wrong,False,unverifiable
static,396691,kitchen,12,vase,vase,wrong,False,unverifiable
static,397354,kitchen,1,chair,chair,correct,True,unverifiable
static,397354,kitchen,2,bottle,bottle,correct,True,correct
static,397354,kitchen,3,sink,sink,correct,True,unverifiable
static,397354,kitchen,4,sofa,sofa,wrong,False,unverifiable
static,397354,kitchen,5,bed,bed,wrong,False,unverifiable
static,397354,kitchen,6,book,book,unverifiable,False,unverifiable
static,397354,kitchen,7,bowl,bowl,correct,True,unverifiable
static,397354,kitchen,8,toilet,toilet,wrong,False,unverifiable
static,397354,kitchen,9,pillow,pillow,unverifiable,False,unverifiable
static,397354,kitchen,10,dining table,dining_table,unverifiable,False,unverifiable
static,397354,kitchen,11,refrigerator,refrigerator,correct,True,correct
static,397354,kitchen,12,vase,vase,wrong,False,unverifiable
static,401060,bedroom,1,chair,chair,wrong,False,unverifiable
static,401060,bedroom,2,bottle,bottle,wrong,False,unverifiable
static,401060,bedroom,3,sink,sink,wrong,False,unverifiable
static,401060,bedroom,4,sofa,sofa,wrong,False,unverifiable
static,401060,bedroom,5,bed,bed,correct,True,correct
static,401060,bedroom,6,bowl,bowl,wrong,False,unverifiable
static,401060,bedroom,7,book,book,correct,True,correct
static,401060,bedroom,8,toilet,toilet,wrong,False,unverifiable
static,401060,bedroom,9,pillow,pillow,unverifiable,False,unverifiable
static,401060,bedroom,10,dining table,dining_table,wrong,False,unverifiable
static,401060,bedroom,11,refrigerator,refrigerator,wrong,False,unverifiable
static,401060,bedroom,12,vase,vase,wrong,False,unverifiable
static,403114,bathroom,1,chair,chair,wrong,False,unverifiable
static,403114,bathroom,2,bottle,bottle,wrong,False,unverifiable
static,403114,bathroom,3,sink,sink,correct,True,correct
static,403114,bathroom,4,sofa,sofa,wrong,False,unverifiable
static,403114,bathroom,5,bed,bed,wrong,False,unverifiable
static,403114,bathroom,6,book,book,unverifiable,False,unverifiable
static,403114,bathroom,7,bowl,bowl,wrong,False,unverifiable
static,403114,bathroom,8,pillow,pillow,unverifiable,False,unverifiable
static,403114,bathroom,9,toilet,toilet,correct,True,correct
static,403114,bathroom,10,dining table,dining_table,wrong,False,unverifiable
static,403114,bathroom,11,refrigerator,refrigerator,wrong,False,unverifiable
static,403114,bathroom,12,vase,vase,wrong,False,unverifiable
static,404678,dining,1,chair,chair,correct,True,correct
static,404678,dining,2,bottle,bottle,wrong,False,unverifiable
static,404678,dining,3,sink,sink,wrong,False,unverifiable
static,404678,dining,4,sofa,sofa,correct,True,unverifiable
static,404678,dining,5,bed,bed,wrong,False,unverifiable
static,404678,dining,6,book,book,unverifiable,False,unverifiable
static,404678,dining,7,bowl,bowl,correct,True,unverifiable
static,404678,dining,8,toilet,toilet,wrong,False,unverifiable
static,404678,dining,9,pillow,pillow,unverifiable,False,unverifiable
static,404678,dining,10,dining table,dining_table,correct,True,correct
static,404678,dining,11,refrigerator,refrigerator,wrong,False,unverifiable
static,404678,dining,12,vase,vase,wrong,False,unverifiable
static,407685,living room,1,chair,chair,correct,True,unverifiable
static,407685,living room,2,bottle,bottle,correct,True,unverifiable
static,407685,living room,3,sink,sink,wrong,False,unverifiable
static,407685,living room,4,sofa,sofa,correct,True,unverifiable
static,407685,living room,5,bed,bed,wrong,False,unverifiable
static,407685,living room,6,book,book,correct,True,unverifiable
static,407685,living room,7,bowl,bowl,correct,True,unverifiable
static,407685,living room,8,toilet,toilet,wrong,False,unverifiable
static,407685,living room,9,pillow,pillow,unverifiable,False,unverifiable
static,407685,living room,10,dining table,dining_table,wrong,True,unverifiable
static,407685,living room,11,refrigerator,refrigerator,wrong,False,unverifiable
static,407685,living room,12,vase,vase,correct,True,unverifiable
static,408192,living room,1,chair,chair,correct,True,unverifiable
static,408192,living room,2,bottle,bottle,wrong,False,unverifiable
static,408192,living room,3,sink,sink,wrong,False,unverifiable
static,408192,living room,4,sofa,sofa,correct,True,correct
static,408192,living room,5,bed,bed,wrong,False,unverifiable
static,408192,living room,6,bowl,bowl,wrong,False,unverifiable
static,408192,living room,7,book,book,correct,True,unverifiable
static,408192,living room,8,toilet,toilet,wrong,False,unverifiable
static,408192,living room,9,pillow,pillow,unverifiable,False,unverifiable
static,408192,living room,10,dining table,dining_table,wrong,False,unverifiable
static,408192,living room,11,refrigerator,refrigerator,wrong,False,unverifiable
static,408192,living room,12,vase,vase,correct,True,unverifiable
static,410144,kitchen,1,chair,chair,wrong,False,unverifiable
static,410144,kitchen,2,bottle,bottle,wrong,False,unverifiable
static,410144,kitchen,3,sink,sink,wrong,False,unverifiable
static,410144,kitchen,4,sofa,sofa,wrong,False,unverifiable
static,410144,kitchen,5,bed,bed,wrong,False,unverifiable
static,410144,kitchen,6,book,book,unverifiable,False,unverifiable
static,410144,kitchen,7,bowl,bowl,wrong,False,unverifiable
static,410144,kitchen,8,toilet,toilet,wrong,False,unverifiable
static,410144,kitchen,9,pillow,pillow,unverifiable,False,unverifiable
static,410144,kitchen,10,dining table,dining_table,wrong,False,unverifiable
static,410144,kitchen,11,refrigerator,refrigerator,wrong,False,unverifiable
static,410144,kitchen,12,vase,vase,wrong,False,unverifiable
static,411685,bathroom,1,chair,chair,wrong,False,unverifiable
static,411685,bathroom,2,bottle,bottle,wrong,False,unverifiable
static,411685,bathroom,3,sink,sink,wrong,False,unverifiable
static,411685,bathroom,4,sofa,sofa,wrong,False,unverifiable
static,411685,bathroom,5,bed,bed,wrong,False,unverifiable
static,411685,bathroom,6,book,book,unverifiable,False,unverifiable
static,411685,bathroom,7,bowl,bowl,wrong,False,unverifiable
static,411685,bathroom,8,pillow,pillow,unverifiable,False,unverifiable
static,411685,bathroom,9,toilet,toilet,correct,True,correct
static,411685,bathroom,10,dining table,dining_table,wrong,False,unverifiable
static,411685,bathroom,11,refrigerator,refrigerator,wrong,False,unverifiable
static,411685,bathroom,12,vase,vase,wrong,False,unverifiable
static,415646,bedroom,1,chair,chair,correct,True,unverifiable
static,415646,bedroom,2,bottle,bottle,correct,True,correct
static,415646,bedroom,3,sink,sink,wrong,False,unverifiable
static,415646,bedroom,4,sofa,sofa,correct,True,unverifiable
static,415646,bedroom,5,bed,bed,correct,True,correct
static,415646,bedroom,6,bowl,bowl,wrong,False,unverifiable
static,415646,bedroom,7,book,book,correct,True,unverifiable
static,415646,bedroom,8,toilet,toilet,wrong,False,unverifiable
static,415646,bedroom,9,pillow,pillow,unverifiable,False,unverifiable
static,415646,bedroom,10,dining table,dining_table,wrong,False,unverifiable
static,415646,bedroom,11,refrigerator,refrigerator,wrong,False,wrong
static,415646,bedroom,12,vase,vase,wrong,False,unverifiable
static,416575,bedroom,1,chair,chair,wrong,False,unverifiable
static,416575,bedroom,2,bottle,bottle,wrong,False,unverifiable
static,416575,bedroom,3,sink,sink,wrong,False,unverifiable
static,416575,bedroom,4,sofa,sofa,wrong,False,unverifiable
static,416575,bedroom,5,bed,bed,correct,True,correct
static,416575,bedroom,6,bowl,bowl,wrong,False,unverifiable
static,416575,bedroom,7,book,book,correct,True,correct
static,416575,bedroom,8,toilet,toilet,wrong,False,unverifiable
static,416575,bedroom,9,pillow,pillow,unverifiable,False,unverifiable
static,416575,bedroom,10,dining table,dining_table,wrong,False,unverifiable
static,416575,bedroom,11,refrigerator,refrigerator,wrong,False,unverifiable
static,416575,bedroom,12,vase,vase,wrong,False,unverifiable
static,422350,kitchen,1,chair,chair,wrong,False,unverifiable
static,422350,kitchen,2,bottle,bottle,correct,True,unverifiable
static,422350,kitchen,3,sink,sink,correct,True,unverifiable
static,422350,kitchen,4,sofa,sofa,wrong,False,unverifiable
static,422350,kitchen,5,bed,bed,wrong,False,unverifiable
static,422350,kitchen,6,book,book,unverifiable,False,unverifiable
static,422350,kitchen,7,bowl,bowl,wrong,False,unverifiable
static,422350,kitchen,8,toilet,toilet,wrong,False,unverifiable
static,422350,kitchen,9,pillow,pillow,unverifiable,False,unverifiable
static,422350,kitchen,10,dining table,dining_table,wrong,False,unverifiable
static,422350,kitchen,11,refrigerator,refrigerator,correct,True,correct
static,422350,kitchen,12,vase,vase,wrong,False,unverifiable
static,422654,kitchen,1,chair,chair,correct,True,unverifiable
static,422654,kitchen,2,bottle,bottle,wrong,False,unverifiable
static,422654,kitchen,3,sink,sink,wrong,False,unverifiable
static,422654,kitchen,4,sofa,sofa,wrong,False,unverifiable
static,422654,kitchen,5,bed,bed,wrong,False,unverifiable
static,422654,kitchen,6,book,book,unverifiable,False,unverifiable
static,422654,kitchen,7,bowl,bowl,wrong,False,unverifiable
static,422654,kitchen,8,toilet,toilet,wrong,False,unverifiable
static,422654,kitchen,9,pillow,pillow,unverifiable,False,unverifiable
static,422654,kitchen,10,dining table,dining_table,unverifiable,True,unverifiable
static,422654,kitchen,11,refrigerator,refrigerator,correct,True,correct
static,422654,kitchen,12,vase,vase,wrong,False,unverifiable
static,427040,bedroom,1,chair,chair,wrong,False,unverifiable
static,427040,bedroom,2,bottle,bottle,wrong,False,unverifiable
static,427040,bedroom,3,sink,sink,wrong,False,unverifiable
static,427040,bedroom,4,sofa,sofa,wrong,False,unverifiable
static,427040,bedroom,5,bed,bed,correct,True,correct
static,427040,bedroom,6,book,book,unverifiable,False,unverifiable
static,427040,bedroom,7,bowl,bowl,wrong,False,unverifiable
static,427040,bedroom,8,toilet,toilet,wrong,False,unverifiable
static,427040,bedroom,9,pillow,pillow,correct,True,correct
static,427040,bedroom,10,dining table,dining_table,wrong,False,unverifiable
static,427040,bedroom,11,refrigerator,refrigerator,wrong,False,unverifiable
static,427040,bedroom,12,vase,vase,wrong,False,unverifiable
static,431154,bedroom,1,chair,chair,wrong,False,unverifiable
static,431154,bedroom,2,bottle,bottle,wrong,False,unverifiable
static,431154,bedroom,3,sink,sink,wrong,False,unverifiable
static,431154,bedroom,4,sofa,sofa,wrong,False,unverifiable
static,431154,bedroom,5,bed,bed,correct,True,correct
static,431154,bedroom,6,book,book,unverifiable,False,unverifiable
static,431154,bedroom,7,bowl,bowl,wrong,False,unverifiable
static,431154,bedroom,8,toilet,toilet,wrong,False,unverifiable
static,431154,bedroom,9,pillow,pillow,correct,True,correct
static,431154,bedroom,10,dining table,dining_table,wrong,False,unverifiable
static,431154,bedroom,11,refrigerator,refrigerator,wrong,False,unverifiable
static,431154,bedroom,12,vase,vase,wrong,False,unverifiable
static,434098,bathroom,1,chair,chair,wrong,False,unverifiable
static,434098,bathroom,2,bottle,bottle,wrong,False,unverifiable
static,434098,bathroom,3,sink,sink,correct,True,unverifiable
static,434098,bathroom,4,sofa,sofa,wrong,False,unverifiable
static,434098,bathroom,5,bed,bed,wrong,False,unverifiable
static,434098,bathroom,6,book,book,unverifiable,False,unverifiable
static,434098,bathroom,7,bowl,bowl,wrong,False,unverifiable
static,434098,bathroom,8,pillow,pillow,unverifiable,False,unverifiable
static,434098,bathroom,9,toilet,toilet,correct,True,correct
static,434098,bathroom,10,dining table,dining_table,wrong,False,unverifiable
static,434098,bathroom,11,refrigerator,refrigerator,wrong,False,unverifiable
static,434098,bathroom,12,vase,vase,wrong,False,unverifiable
static,437898,kitchen,1,chair,chair,wrong,False,unverifiable
static,437898,kitchen,2,bottle,bottle,wrong,False,unverifiable
static,437898,kitchen,3,sink,sink,correct,True,unverifiable
static,437898,kitchen,4,sofa,sofa,wrong,False,unverifiable
static,437898,kitchen,5,bed,bed,wrong,False,unverifiable
static,437898,kitchen,6,book,book,unverifiable,False,unverifiable
static,437898,kitchen,7,bowl,bowl,wrong,False,unverifiable
static,437898,kitchen,8,toilet,toilet,wrong,False,unverifiable
static,437898,kitchen,9,pillow,pillow,unverifiable,False,unverifiable
static,437898,kitchen,10,dining table,dining_table,wrong,False,unverifiable
static,437898,kitchen,11,refrigerator,refrigerator,correct,True,correct
static,437898,kitchen,12,vase,vase,wrong,False,unverifiable
static,438314,bedroom,1,chair,chair,wrong,False,unverifiable
static,438314,bedroom,2,bottle,bottle,wrong,False,unverifiable
static,438314,bedroom,3,sink,sink,wrong,False,unverifiable
static,438314,bedroom,4,sofa,sofa,wrong,False,unverifiable
static,438314,bedroom,5,bed,bed,correct,True,correct
static,438314,bedroom,6,bowl,bowl,wrong,False,unverifiable
static,438314,bedroom,7,book,book,correct,True,unverifiable
static,438314,bedroom,8,toilet,toilet,wrong,False,unverifiable
static,438314,bedroom,9,pillow,pillow,correct,True,correct
static,438314,bedroom,10,dining table,dining_table,wrong,False,unverifiable
static,438314,bedroom,11,refrigerator,refrigerator,wrong,False,unverifiable
static,438314,bedroom,12,vase,vase,wrong,False,unverifiable
static,439364,bathroom,1,chair,chair,wrong,False,unverifiable
static,439364,bathroom,2,bottle,bottle,correct,True,correct
static,439364,bathroom,3,sink,sink,wrong,False,unverifiable
static,439364,bathroom,4,sofa,sofa,wrong,False,unverifiable
static,439364,bathroom,5,bed,bed,wrong,False,unverifiable
static,439364,bathroom,6,book,book,unverifiable,False,unverifiable
static,439364,bathroom,7,bowl,bowl,wrong,False,unverifiable
static,439364,bathroom,8,pillow,pillow,unverifiable,False,unverifiable
static,439364,bathroom,9,toilet,toilet,correct,True,correct
static,439364,bathroom,10,dining table,dining_table,wrong,False,unverifiable
static,439364,bathroom,11,refrigerator,refrigerator,wrong,False,unverifiable
static,439364,bathroom,12,vase,vase,wrong,False,unverifiable
static,439689,living room,1,chair,chair,wrong,False,unverifiable
static,439689,living room,2,bottle,bottle,wrong,False,unverifiable
static,439689,living room,3,sink,sink,wrong,False,unverifiable
static,439689,living room,4,sofa,sofa,correct,True,correct
static,439689,living room,5,bed,bed,wrong,False,unverifiable
static,439689,living room,6,bowl,bowl,wrong,False,unverifiable
static,439689,living room,7,book,book,correct,True,unverifiable
static,439689,living room,8,toilet,toilet,wrong,False,unverifiable
static,439689,living room,9,pillow,pillow,unverifiable,True,unverifiable
static,439689,living room,10,dining table,dining_table,wrong,True,unverifiable
static,439689,living room,11,refrigerator,refrigerator,wrong,False,wrong
static,439689,living room,12,vase,vase,correct,True,unverifiable
static,445306,kitchen,1,chair,chair,wrong,False,unverifiable
static,445306,kitchen,2,bottle,bottle,wrong,False,unverifiable
static,445306,kitchen,3,sink,sink,wrong,False,unverifiable
static,445306,kitchen,4,sofa,sofa,wrong,False,unverifiable
static,445306,kitchen,5,bed,bed,wrong,False,unverifiable
static,445306,kitchen,6,book,book,unverifiable,False,unverifiable
static,445306,kitchen,7,bowl,bowl,correct,True,correct
static,445306,kitchen,8,toilet,toilet,wrong,False,unverifiable
static,445306,kitchen,9,pillow,pillow,unverifiable,False,unverifiable
static,445306,kitchen,10,dining table,dining_table,wrong,False,unverifiable
static,445306,kitchen,11,refrigerator,refrigerator,wrong,False,unverifiable
static,445306,kitchen,12,vase,vase,wrong,False,unverifiable
static,445658,kitchen,1,chair,chair,wrong,False,unverifiable
static,445658,kitchen,2,bottle,bottle,correct,True,unverifiable
static,445658,kitchen,3,sink,sink,correct,True,unverifiable
static,445658,kitchen,4,sofa,sofa,wrong,False,unverifiable
static,445658,kitchen,5,bed,bed,wrong,False,unverifiable
static,445658,kitchen,6,book,book,unverifiable,False,unverifiable
static,445658,kitchen,7,bowl,bowl,correct,True,correct
static,445658,kitchen,8,toilet,toilet,wrong,False,unverifiable
static,445658,kitchen,9,pillow,pillow,unverifiable,False,unverifiable
static,445658,kitchen,10,dining table,dining_table,wrong,False,unverifiable
static,445658,kitchen,11,refrigerator,refrigerator,correct,True,correct
static,445658,kitchen,12,vase,vase,wrong,False,unverifiable
static,448795,kitchen,1,chair,chair,correct,True,unverifiable
static,448795,kitchen,2,bottle,bottle,correct,True,unverifiable
static,448795,kitchen,3,sink,sink,wrong,False,unverifiable
static,448795,kitchen,4,sofa,sofa,wrong,False,unverifiable
static,448795,kitchen,5,bed,bed,wrong,False,unverifiable
static,448795,kitchen,6,book,book,unverifiable,False,unverifiable
static,448795,kitchen,7,bowl,bowl,wrong,False,unverifiable
static,448795,kitchen,8,toilet,toilet,wrong,False,unverifiable
static,448795,kitchen,9,pillow,pillow,unverifiable,False,unverifiable
static,448795,kitchen,10,dining table,dining_table,unverifiable,True,unverifiable
static,448795,kitchen,11,refrigerator,refrigerator,wrong,False,unverifiable
static,448795,kitchen,12,vase,vase,wrong,False,unverifiable
static,453302,kitchen,1,chair,chair,correct,True,unverifiable
static,453302,kitchen,2,bottle,bottle,correct,True,correct
static,453302,kitchen,3,sink,sink,correct,True,unverifiable
static,453302,kitchen,4,sofa,sofa,wrong,False,unverifiable
static,453302,kitchen,5,bed,bed,wrong,False,unverifiable
static,453302,kitchen,6,book,book,unverifiable,False,unverifiable
static,453302,kitchen,7,bowl,bowl,wrong,False,unverifiable
static,453302,kitchen,8,toilet,toilet,wrong,False,unverifiable
static,453302,kitchen,9,pillow,pillow,wrong,False,wrong
static,453302,kitchen,10,dining table,dining_table,wrong,False,unverifiable
static,453302,kitchen,11,refrigerator,refrigerator,correct,True,correct
static,453302,kitchen,12,vase,vase,wrong,False,unverifiable
static,453341,living room,1,chair,chair,wrong,False,unverifiable
static,453341,living room,2,bottle,bottle,wrong,False,unverifiable
static,453341,living room,3,sink,sink,wrong,False,unverifiable
static,453341,living room,4,sofa,sofa,correct,True,correct
static,453341,living room,5,bed,bed,wrong,False,unverifiable
static,453341,living room,6,book,book,unverifiable,False,unverifiable
static,453341,living room,7,bowl,bowl,wrong,False,unverifiable
static,453341,living room,8,toilet,toilet,wrong,False,unverifiable
static,453341,living room,9,pillow,pillow,unverifiable,False,unverifiable
static,453341,living room,10,dining table,dining_table,wrong,False,unverifiable
static,453341,living room,11,refrigerator,refrigerator,wrong,False,unverifiable
static,453341,living room,12,vase,vase,wrong,False,unverifiable
static,455301,bedroom,1,chair,chair,wrong,False,unverifiable
static,455301,bedroom,2,bottle,bottle,wrong,False,unverifiable
static,455301,bedroom,3,sink,sink,wrong,False,unverifiable
static,455301,bedroom,4,sofa,sofa,wrong,False,unverifiable
static,455301,bedroom,5,bed,bed,correct,True,correct
static,455301,bedroom,6,bowl,bowl,wrong,False,unverifiable
static,455301,bedroom,7,book,book,correct,True,correct
static,455301,bedroom,8,toilet,toilet,wrong,False,unverifiable
static,455301,bedroom,9,pillow,pillow,correct,True,correct
static,455301,bedroom,10,dining table,dining_table,wrong,False,unverifiable
static,455301,bedroom,11,refrigerator,refrigerator,wrong,False,unverifiable
static,455301,bedroom,12,vase,vase,wrong,False,unverifiable
static,458410,living room,1,chair,chair,wrong,False,unverifiable
static,458410,living room,2,bottle,bottle,wrong,False,unverifiable
static,458410,living room,3,sink,sink,wrong,False,unverifiable
static,458410,living room,4,sofa,sofa,correct,True,unverifiable
static,458410,living room,5,bed,bed,wrong,False,unverifiable
static,458410,living room,6,bowl,bowl,wrong,False,unverifiable
static,458410,living room,7,book,book,correct,True,unverifiable
static,458410,living room,8,toilet,toilet,wrong,False,unverifiable
static,458410,living room,9,pillow,pillow,unverifiable,False,unverifiable
static,458410,living room,10,dining table,dining_table,unverifiable,True,unverifiable
static,458410,living room,11,refrigerator,refrigerator,wrong,False,unverifiable
static,458410,living room,12,vase,vase,correct,True,correct
static,460494,dining,1,chair,chair,wrong,False,unverifiable
static,460494,dining,2,bottle,bottle,wrong,False,unverifiable
static,460494,dining,3,sink,sink,wrong,False,unverifiable
static,460494,dining,4,sofa,sofa,wrong,False,unverifiable
static,460494,dining,5,bed,bed,wrong,False,unverifiable
static,460494,dining,6,book,book,unverifiable,False,unverifiable
static,460494,dining,7,bowl,bowl,correct,True,correct
static,460494,dining,8,toilet,toilet,wrong,False,wrong
static,460494,dining,9,pillow,pillow,unverifiable,False,unverifiable
static,460494,dining,10,dining table,dining_table,correct,True,correct
static,460494,dining,11,refrigerator,refrigerator,wrong,False,unverifiable
static,460494,dining,12,vase,vase,wrong,False,unverifiable
static,461172,dining,1,chair,chair,wrong,False,unverifiable
static,461172,dining,2,bottle,bottle,wrong,False,unverifiable
static,461172,dining,3,sink,sink,wrong,False,unverifiable
static,461172,dining,4,sofa,sofa,wrong,False,unverifiable
static,461172,dining,5,bed,bed,wrong,False,unverifiable
static,461172,dining,6,book,book,unverifiable,False,unverifiable
static,461172,dining,7,bowl,bowl,correct,True,correct
static,461172,dining,8,toilet,toilet,wrong,False,unverifiable
static,461172,dining,9,pillow,pillow,unverifiable,False,unverifiable
static,461172,dining,10,dining table,dining_table,correct,True,correct
static,461172,dining,11,refrigerator,refrigerator,wrong,False,unverifiable
static,461172,dining,12,vase,vase,wrong,False,unverifiable
static,466256,dining,1,chair,chair,wrong,False,unverifiable
static,466256,dining,2,bottle,bottle,wrong,False,unverifiable
static,466256,dining,3,sink,sink,wrong,False,unverifiable
static,466256,dining,4,sofa,sofa,wrong,False,unverifiable
static,466256,dining,5,bed,bed,wrong,False,unverifiable
static,466256,dining,6,book,book,unverifiable,False,unverifiable
static,466256,dining,7,bowl,bowl,wrong,False,unverifiable
static,466256,dining,8,toilet,toilet,wrong,False,unverifiable
static,466256,dining,9,pillow,pillow,unverifiable,False,unverifiable
static,466256,dining,10,dining table,dining_table,correct,True,correct
static,466256,dining,11,refrigerator,refrigerator,wrong,False,unverifiable
static,466256,dining,12,vase,vase,wrong,False,unverifiable
static,467315,dining,1,chair,chair,correct,True,correct
static,467315,dining,2,bottle,bottle,wrong,False,unverifiable
static,467315,dining,3,sink,sink,wrong,False,unverifiable
static,467315,dining,4,sofa,sofa,wrong,False,unverifiable
static,467315,dining,5,bed,bed,wrong,False,unverifiable
static,467315,dining,6,book,book,unverifiable,False,unverifiable
static,467315,dining,7,bowl,bowl,wrong,False,unverifiable
static,467315,dining,8,toilet,toilet,wrong,False,unverifiable
static,467315,dining,9,pillow,pillow,unverifiable,False,unverifiable
static,467315,dining,10,dining table,dining_table,correct,True,correct
static,467315,dining,11,refrigerator,refrigerator,wrong,False,unverifiable
static,467315,dining,12,vase,vase,correct,True,correct
static,468422,kitchen,1,chair,chair,wrong,False,unverifiable
static,468422,kitchen,2,bottle,bottle,correct,True,correct
static,468422,kitchen,3,sink,sink,wrong,False,unverifiable
static,468422,kitchen,4,sofa,sofa,wrong,False,unverifiable
static,468422,kitchen,5,bed,bed,wrong,False,unverifiable
static,468422,kitchen,6,book,book,unverifiable,False,unverifiable
static,468422,kitchen,7,bowl,bowl,wrong,False,unverifiable
static,468422,kitchen,8,toilet,toilet,wrong,False,unverifiable
static,468422,kitchen,9,pillow,pillow,unverifiable,False,unverifiable
static,468422,kitchen,10,dining table,dining_table,wrong,False,unverifiable
static,468422,kitchen,11,refrigerator,refrigerator,wrong,False,unverifiable
static,468422,kitchen,12,vase,vase,wrong,False,unverifiable
static,468505,dining,1,chair,chair,wrong,False,unverifiable
static,468505,dining,2,bottle,bottle,correct,True,correct
static,468505,dining,3,sink,sink,wrong,False,unverifiable
static,468505,dining,4,sofa,sofa,correct,True,unverifiable
static,468505,dining,5,bed,bed,wrong,False,unverifiable
static,468505,dining,6,book,book,unverifiable,False,unverifiable
static,468505,dining,7,bowl,bowl,wrong,False,unverifiable
static,468505,dining,8,toilet,toilet,wrong,False,unverifiable
static,468505,dining,9,pillow,pillow,unverifiable,False,unverifiable
static,468505,dining,10,dining table,dining_table,correct,True,correct
static,468505,dining,11,refrigerator,refrigerator,wrong,False,unverifiable
static,468505,dining,12,vase,vase,wrong,False,unverifiable
static,468659,living room,1,chair,chair,wrong,False,unverifiable
static,468659,living room,2,bottle,bottle,wrong,False,unverifiable
static,468659,living room,3,sink,sink,wrong,False,unverifiable
static,468659,living room,4,sofa,sofa,correct,True,correct
static,468659,living room,5,bed,bed,wrong,False,unverifiable
static,468659,living room,6,book,book,unverifiable,False,unverifiable
static,468659,living room,7,bowl,bowl,wrong,False,unverifiable
static,468659,living room,8,toilet,toilet,wrong,False,unverifiable
static,468659,living room,9,pillow,pillow,unverifiable,True,unverifiable
static,468659,living room,10,dining table,dining_table,wrong,False,unverifiable
static,468659,living room,11,refrigerator,refrigerator,wrong,False,unverifiable
static,468659,living room,12,vase,vase,wrong,False,unverifiable
static,469795,bathroom,1,chair,chair,wrong,False,unverifiable
static,469795,bathroom,2,bottle,bottle,wrong,False,unverifiable
static,469795,bathroom,3,sink,sink,correct,True,correct
static,469795,bathroom,4,sofa,sofa,wrong,False,unverifiable
static,469795,bathroom,5,bed,bed,wrong,False,unverifiable
static,469795,bathroom,6,book,book,unverifiable,False,unverifiable
static,469795,bathroom,7,bowl,bowl,correct,True,unverifiable
static,469795,bathroom,8,toilet,toilet,wrong,False,unverifiable
static,469795,bathroom,9,pillow,pillow,unverifiable,False,unverifiable
static,469795,bathroom,10,dining table,dining_table,wrong,False,unverifiable
static,469795,bathroom,11,refrigerator,refrigerator,wrong,False,unverifiable
static,469795,bathroom,12,vase,vase,wrong,False,unverifiable
static,469902,bedroom,1,chair,chair,wrong,False,unverifiable
static,469902,bedroom,2,bottle,bottle,wrong,False,unverifiable
static,469902,bedroom,3,sink,sink,wrong,False,unverifiable
static,469902,bedroom,4,sofa,sofa,wrong,False,unverifiable
static,469902,bedroom,5,bed,bed,correct,True,correct
static,469902,bedroom,6,book,book,unverifiable,False,unverifiable
static,469902,bedroom,7,bowl,bowl,wrong,False,unverifiable
static,469902,bedroom,8,toilet,toilet,wrong,False,unverifiable
static,469902,bedroom,9,pillow,pillow,correct,True,correct
static,469902,bedroom,10,dining table,dining_table,wrong,False,unverifiable
static,469902,bedroom,11,refrigerator,refrigerator,wrong,False,unverifiable
static,469902,bedroom,12,vase,vase,wrong,False,unverifiable
static,472046,kitchen,1,chair,chair,correct,True,unverifiable
static,472046,kitchen,2,bottle,bottle,wrong,False,unverifiable
static,472046,kitchen,3,sink,sink,correct,True,unverifiable
static,472046,kitchen,4,sofa,sofa,correct,True,correct
static,472046,kitchen,5,bed,bed,wrong,False,unverifiable
static,472046,kitchen,6,book,book,correct,True,correct
static,472046,kitchen,7,bowl,bowl,correct,True,unverifiable
static,472046,kitchen,8,toilet,toilet,wrong,False,unverifiable
static,472046,kitchen,9,pillow,pillow,unverifiable,False,unverifiable
static,472046,kitchen,10,dining table,dining_table,unverifiable,False,unverifiable
static,472046,kitchen,11,refrigerator,refrigerator,wrong,False,unverifiable
static,472046,kitchen,12,vase,vase,correct,True,correct
static,473294,bedroom,1,chair,chair,correct,True,unverifiable
static,473294,bedroom,2,bottle,bottle,wrong,False,unverifiable
static,473294,bedroom,3,sink,sink,wrong,False,unverifiable
static,473294,bedroom,4,sofa,sofa,wrong,False,unverifiable
static,473294,bedroom,5,bed,bed,correct,True,correct
static,473294,bedroom,6,bowl,bowl,wrong,False,unverifiable
static,473294,bedroom,7,book,book,correct,True,unverifiable
static,473294,bedroom,8,toilet,toilet,wrong,False,unverifiable
static,473294,bedroom,9,pillow,pillow,correct,True,correct
static,473294,bedroom,10,dining table,dining_table,wrong,False,unverifiable
static,473294,bedroom,11,refrigerator,refrigerator,wrong,False,unverifiable
static,473294,bedroom,12,vase,vase,wrong,False,unverifiable
static,473821,living room,1,chair,chair,correct,True,unverifiable
static,473821,living room,2,bottle,bottle,wrong,False,unverifiable
static,473821,living room,3,sink,sink,wrong,False,unverifiable
static,473821,living room,4,sofa,sofa,correct,True,unverifiable
static,473821,living room,5,bed,bed,wrong,False,unverifiable
static,473821,living room,6,book,book,unverifiable,False,unverifiable
static,473821,living room,7,bowl,bowl,correct,True,unverifiable
static,473821,living room,8,toilet,toilet,wrong,False,unverifiable
static,473821,living room,9,pillow,pillow,correct,True,correct
static,473821,living room,10,dining table,dining_table,wrong,True,unverifiable
static,473821,living room,11,refrigerator,refrigerator,wrong,False,unverifiable
static,473821,living room,12,vase,vase,wrong,False,unverifiable
static,479360,bedroom,1,chair,chair,correct,True,unverifiable
static,479360,bedroom,2,bottle,bottle,wrong,False,unverifiable
static,479360,bedroom,3,sink,sink,wrong,False,unverifiable
static,479360,bedroom,4,sofa,sofa,wrong,False,unverifiable
static,479360,bedroom,5,bed,bed,correct,True,correct
static,479360,bedroom,6,book,book,unverifiable,False,unverifiable
static,479360,bedroom,7,bowl,bowl,wrong,False,unverifiable
static,479360,bedroom,8,toilet,toilet,wrong,False,unverifiable
static,479360,bedroom,9,pillow,pillow,correct,True,correct
static,479360,bedroom,10,dining table,dining_table,wrong,False,wrong
static,479360,bedroom,11,refrigerator,refrigerator,wrong,False,unverifiable
static,479360,bedroom,12,vase,vase,wrong,False,unverifiable
static,480712,bedroom,1,chair,chair,correct,True,unverifiable
static,480712,bedroom,2,bottle,bottle,correct,True,unverifiable
static,480712,bedroom,3,sink,sink,wrong,False,unverifiable
static,480712,bedroom,4,sofa,sofa,wrong,False,unverifiable
static,480712,bedroom,5,bed,bed,correct,True,correct
static,480712,bedroom,6,book,book,unverifiable,False,unverifiable
static,480712,bedroom,7,bowl,bowl,wrong,False,unverifiable
static,480712,bedroom,8,toilet,toilet,wrong,False,unverifiable
static,480712,bedroom,9,pillow,pillow,correct,True,correct
static,480712,bedroom,10,dining table,dining_table,unverifiable,False,unverifiable
static,480712,bedroom,11,refrigerator,refrigerator,wrong,False,unverifiable
static,480712,bedroom,12,vase,vase,wrong,False,unverifiable
static,481819,living room,1,chair,chair,correct,True,correct
static,481819,living room,2,bottle,bottle,wrong,False,unverifiable
static,481819,living room,3,sink,sink,wrong,False,unverifiable
static,481819,living room,4,sofa,sofa,correct,True,correct
static,481819,living room,5,bed,bed,wrong,False,unverifiable
static,481819,living room,6,book,book,unverifiable,False,unverifiable
static,481819,living room,7,bowl,bowl,correct,True,unverifiable
static,481819,living room,8,toilet,toilet,wrong,False,unverifiable
static,481819,living room,9,pillow,pillow,correct,True,correct
static,481819,living room,10,dining table,dining_table,wrong,False,unverifiable
static,481819,living room,11,refrigerator,refrigerator,wrong,False,unverifiable
static,481819,living room,12,vase,vase,wrong,False,unverifiable
static,485628,bathroom,1,chair,chair,wrong,False,wrong
static,485628,bathroom,2,bottle,bottle,wrong,False,unverifiable
static,485628,bathroom,3,sink,sink,correct,True,correct
static,485628,bathroom,4,sofa,sofa,wrong,False,unverifiable
static,485628,bathroom,5,bed,bed,wrong,False,unverifiable
static,485628,bathroom,6,book,book,unverifiable,False,unverifiable
static,485628,bathroom,7,bowl,bowl,wrong,False,unverifiable
static,485628,bathroom,8,pillow,pillow,unverifiable,False,unverifiable
static,485628,bathroom,9,toilet,toilet,correct,True,correct
static,485628,bathroom,10,dining table,dining_table,wrong,False,unverifiable
static,485628,bathroom,11,refrigerator,refrigerator,wrong,False,unverifiable
static,485628,bathroom,12,vase,vase,wrong,False,unverifiable
static,487583,bathroom,1,chair,chair,wrong,False,unverifiable
static,487583,bathroom,2,bottle,bottle,wrong,False,unverifiable
static,487583,bathroom,3,sink,sink,wrong,False,unverifiable
static,487583,bathroom,4,sofa,sofa,wrong,False,unverifiable
static,487583,bathroom,5,bed,bed,wrong,False,unverifiable
static,487583,bathroom,6,book,book,unverifiable,False,unverifiable
static,487583,bathroom,7,bowl,bowl,wrong,False,unverifiable
static,487583,bathroom,8,pillow,pillow,unverifiable,False,unverifiable
static,487583,bathroom,9,toilet,toilet,correct,True,correct
static,487583,bathroom,10,dining table,dining_table,wrong,False,unverifiable
static,487583,bathroom,11,refrigerator,refrigerator,wrong,False,unverifiable
static,487583,bathroom,12,vase,vase,wrong,False,unverifiable
static,490505,kitchen,1,chair,chair,wrong,False,unverifiable
static,490505,kitchen,2,bottle,bottle,wrong,False,unverifiable
static,490505,kitchen,3,sink,sink,wrong,False,unverifiable
static,490505,kitchen,4,sofa,sofa,wrong,False,unverifiable
static,490505,kitchen,5,bed,bed,wrong,False,unverifiable
static,490505,kitchen,6,bowl,bowl,wrong,False,unverifiable
static,490505,kitchen,7,book,book,correct,True,unverifiable
static,490505,kitchen,8,toilet,toilet,wrong,False,unverifiable
static,490505,kitchen,9,pillow,pillow,unverifiable,False,unverifiable
static,490505,kitchen,10,dining table,dining_table,unverifiable,False,unverifiable
static,490505,kitchen,11,refrigerator,refrigerator,wrong,False,unverifiable
static,490505,kitchen,12,vase,vase,correct,True,correct
static,491063,bathroom,1,chair,chair,wrong,False,unverifiable
static,491063,bathroom,2,bottle,bottle,wrong,False,unverifiable
static,491063,bathroom,3,sink,sink,correct,True,unverifiable
static,491063,bathroom,4,sofa,sofa,wrong,False,unverifiable
static,491063,bathroom,5,bed,bed,wrong,False,unverifiable
static,491063,bathroom,6,book,book,unverifiable,False,unverifiable
static,491063,bathroom,7,bowl,bowl,wrong,False,unverifiable
static,491063,bathroom,8,pillow,pillow,unverifiable,False,unverifiable
static,491063,bathroom,9,toilet,toilet,correct,True,correct
static,491063,bathroom,10,dining table,dining_table,wrong,False,unverifiable
static,491063,bathroom,11,refrigerator,refrigerator,wrong,False,unverifiable
static,491063,bathroom,12,vase,vase,wrong,False,unverifiable
static,491216,kitchen,1,chair,chair,correct,True,unverifiable
static,491216,kitchen,2,bottle,bottle,correct,True,correct
static,491216,kitchen,3,sink,sink,correct,True,unverifiable
static,491216,kitchen,4,sofa,sofa,wrong,False,unverifiable
static,491216,kitchen,5,bed,bed,wrong,False,unverifiable
static,491216,kitchen,6,book,book,unverifiable,False,unverifiable
static,491216,kitchen,7,bowl,bowl,wrong,False,unverifiable
static,491216,kitchen,8,toilet,toilet,wrong,False,wrong
static,491216,kitchen,9,pillow,pillow,unverifiable,False,unverifiable
static,491216,kitchen,10,dining table,dining_table,wrong,False,unverifiable
static,491216,kitchen,11,refrigerator,refrigerator,correct,True,correct
static,491216,kitchen,12,vase,vase,wrong,False,unverifiable
static,491497,living room,1,chair,chair,correct,True,unverifiable
static,491497,living room,2,bottle,bottle,wrong,False,unverifiable
static,491497,living room,3,sink,sink,wrong,False,unverifiable
static,491497,living room,4,sofa,sofa,correct,True,unverifiable
static,491497,living room,5,bed,bed,wrong,False,unverifiable
static,491497,living room,6,bowl,bowl,wrong,False,unverifiable
static,491497,living room,7,book,book,correct,True,correct
static,491497,living room,8,toilet,toilet,wrong,False,unverifiable
static,491497,living room,9,pillow,pillow,correct,True,correct
static,491497,living room,10,dining table,dining_table,wrong,False,unverifiable
static,491497,living room,11,refrigerator,refrigerator,wrong,False,unverifiable
static,491497,living room,12,vase,vase,wrong,False,unverifiable
static,491742,bathroom,1,chair,chair,wrong,False,unverifiable
static,491742,bathroom,2,bottle,bottle,wrong,False,unverifiable
static,491742,bathroom,3,sink,sink,correct,True,correct
static,491742,bathroom,4,sofa,sofa,wrong,False,unverifiable
static,491742,bathroom,5,bed,bed,wrong,False,unverifiable
static,491742,bathroom,6,book,book,unverifiable,False,unverifiable
static,491742,bathroom,7,bowl,bowl,wrong,False,unverifiable
static,491742,bathroom,8,pillow,pillow,unverifiable,False,unverifiable
static,491742,bathroom,9,toilet,toilet,correct,True,correct
static,491742,bathroom,10,dining table,dining_table,wrong,False,unverifiable
static,491742,bathroom,11,refrigerator,refrigerator,wrong,False,unverifiable
static,491742,bathroom,12,vase,vase,wrong,False,unverifiable
static,492183,kitchen,1,chair,chair,wrong,False,unverifiable
static,492183,kitchen,2,bottle,bottle,correct,True,unverifiable
static,492183,kitchen,3,sink,sink,wrong,False,unverifiable
static,492183,kitchen,4,sofa,sofa,wrong,False,unverifiable
static,492183,kitchen,5,bed,bed,wrong,False,unverifiable
static,492183,kitchen,6,book,book,correct,True,correct
static,492183,kitchen,7,bowl,bowl,correct,True,unverifiable
static,492183,kitchen,8,toilet,toilet,wrong,False,unverifiable
static,492183,kitchen,9,pillow,pillow,unverifiable,False,unverifiable
static,492183,kitchen,10,dining table,dining_table,wrong,False,unverifiable
static,492183,kitchen,11,refrigerator,refrigerator,correct,True,correct
static,492183,kitchen,12,vase,vase,wrong,False,unverifiable
static,492719,bathroom,1,chair,chair,wrong,False,unverifiable
static,492719,bathroom,2,bottle,bottle,wrong,False,unverifiable
static,492719,bathroom,3,sink,sink,correct,True,correct
static,492719,bathroom,4,sofa,sofa,wrong,False,unverifiable
static,492719,bathroom,5,bed,bed,wrong,False,unverifiable
static,492719,bathroom,6,book,book,unverifiable,False,unverifiable
static,492719,bathroom,7,bowl,bowl,wrong,False,unverifiable
static,492719,bathroom,8,pillow,pillow,unverifiable,False,unverifiable
static,492719,bathroom,9,toilet,toilet,correct,True,correct
static,492719,bathroom,10,dining table,dining_table,wrong,False,unverifiable
static,492719,bathroom,11,refrigerator,refrigerator,wrong,False,unverifiable
static,492719,bathroom,12,vase,vase,wrong,False,unverifiable
static,492810,kitchen,1,chair,chair,wrong,False,unverifiable
static,492810,kitchen,2,bottle,bottle,wrong,False,unverifiable
static,492810,kitchen,3,sink,sink,wrong,False,unverifiable
static,492810,kitchen,4,sofa,sofa,wrong,False,unverifiable
static,492810,kitchen,5,bed,bed,wrong,False,unverifiable
static,492810,kitchen,6,book,book,unverifiable,False,unverifiable
static,492810,kitchen,7,bowl,bowl,correct,True,correct
static,492810,kitchen,8,toilet,toilet,wrong,False,unverifiable
static,492810,kitchen,9,pillow,pillow,unverifiable,False,unverifiable
static,492810,kitchen,10,dining table,dining_table,wrong,False,unverifiable
static,492810,kitchen,11,refrigerator,refrigerator,correct,True,correct
static,492810,kitchen,12,vase,vase,correct,True,correct
static,493114,living room,1,chair,chair,correct,True,correct
static,493114,living room,2,bottle,bottle,wrong,False,unverifiable
static,493114,living room,3,sink,sink,wrong,False,unverifiable
static,493114,living room,4,sofa,sofa,wrong,False,unverifiable
static,493114,living room,5,bed,bed,wrong,False,unverifiable
static,493114,living room,6,book,book,unverifiable,False,unverifiable
static,493114,living room,7,bowl,bowl,wrong,False,unverifiable
static,493114,living room,8,toilet,toilet,wrong,False,unverifiable
static,493114,living room,9,pillow,pillow,unverifiable,False,unverifiable
static,493114,living room,10,dining table,dining_table,wrong,False,unverifiable
static,493114,living room,11,refrigerator,refrigerator,wrong,False,unverifiable
static,493114,living room,12,vase,vase,wrong,False,unverifiable
static,497626,bedroom,1,chair,chair,wrong,False,unverifiable
static,497626,bedroom,2,bottle,bottle,wrong,False,unverifiable
static,497626,bedroom,3,sink,sink,wrong,False,unverifiable
static,497626,bedroom,4,sofa,sofa,wrong,False,unverifiable
static,497626,bedroom,5,bed,bed,correct,True,correct
static,497626,bedroom,6,book,book,unverifiable,False,unverifiable
static,497626,bedroom,7,bowl,bowl,wrong,False,unverifiable
static,497626,bedroom,8,toilet,toilet,wrong,False,unverifiable
static,497626,bedroom,9,pillow,pillow,unverifiable,False,unverifiable
static,497626,bedroom,10,dining table,dining_table,wrong,False,unverifiable
static,497626,bedroom,11,refrigerator,refrigerator,wrong,False,unverifiable
static,497626,bedroom,12,vase,vase,wrong,False,unverifiable
static,503697,living room,1,chair,chair,wrong,False,unverifiable
static,503697,living room,2,bottle,bottle,wrong,False,unverifiable
static,503697,living room,3,sink,sink,wrong,False,unverifiable
static,503697,living room,4,sofa,sofa,correct,True,correct
static,503697,living room,5,bed,bed,correct,True,unverifiable
static,503697,living room,6,book,book,unverifiable,False,unverifiable
static,503697,living room,7,bowl,bowl,wrong,False,unverifiable
static,503697,living room,8,toilet,toilet,wrong,False,unverifiable
static,503697,living room,9,pillow,pillow,unverifiable,False,unverifiable
static,503697,living room,10,dining table,dining_table,wrong,True,unverifiable
static,503697,living room,11,refrigerator,refrigerator,wrong,False,unverifiable
static,503697,living room,12,vase,vase,wrong,False,unverifiable
static,504493,bathroom,1,chair,chair,wrong,False,unverifiable
static,504493,bathroom,2,bottle,bottle,wrong,False,unverifiable
static,504493,bathroom,3,sink,sink,correct,True,correct
static,504493,bathroom,4,sofa,sofa,wrong,False,unverifiable
static,504493,bathroom,5,bed,bed,wrong,False,unverifiable
static,504493,bathroom,6,book,book,unverifiable,False,unverifiable
static,504493,bathroom,7,bowl,bowl,wrong,False,unverifiable
static,504493,bathroom,8,pillow,pillow,unverifiable,False,unverifiable
static,504493,bathroom,9,toilet,toilet,correct,True,correct
static,504493,bathroom,10,dining table,dining_table,wrong,False,unverifiable
static,504493,bathroom,11,refrigerator,refrigerator,wrong,False,unverifiable
static,504493,bathroom,12,vase,vase,wrong,False,unverifiable
static,505086,bedroom,1,chair,chair,wrong,False,unverifiable
static,505086,bedroom,2,bottle,bottle,wrong,False,unverifiable
static,505086,bedroom,3,sink,sink,wrong,False,unverifiable
static,505086,bedroom,4,sofa,sofa,wrong,False,unverifiable
static,505086,bedroom,5,bed,bed,correct,True,correct
static,505086,bedroom,6,book,book,unverifiable,False,unverifiable
static,505086,bedroom,7,bowl,bowl,wrong,False,unverifiable
static,505086,bedroom,8,toilet,toilet,wrong,False,unverifiable
static,505086,bedroom,9,pillow,pillow,unverifiable,False,unverifiable
static,505086,bedroom,10,dining table,dining_table,wrong,False,unverifiable
static,505086,bedroom,11,refrigerator,refrigerator,wrong,False,unverifiable
static,505086,bedroom,12,vase,vase,wrong,False,unverifiable
static,508899,living room,1,chair,chair,correct,True,unverifiable
static,508899,living room,2,bottle,bottle,wrong,False,unverifiable
static,508899,living room,3,sink,sink,wrong,False,unverifiable
static,508899,living room,4,sofa,sofa,correct,True,correct
static,508899,living room,5,bed,bed,wrong,False,unverifiable
static,508899,living room,6,book,book,unverifiable,False,unverifiable
static,508899,living room,7,bowl,bowl,wrong,False,unverifiable
static,508899,living room,8,toilet,toilet,wrong,False,unverifiable
static,508899,living room,9,pillow,pillow,unverifiable,False,unverifiable
static,508899,living room,10,dining table,dining_table,wrong,False,unverifiable
static,508899,living room,11,refrigerator,refrigerator,wrong,False,unverifiable
static,508899,living room,12,vase,vase,wrong,False,unverifiable
static,510852,bathroom,1,chair,chair,wrong,False,unverifiable
static,510852,bathroom,2,bottle,bottle,correct,True,correct
static,510852,bathroom,3,sink,sink,wrong,False,unverifiable
static,510852,bathroom,4,sofa,sofa,wrong,False,unverifiable
static,510852,bathroom,5,bed,bed,wrong,False,unverifiable
static,510852,bathroom,6,book,book,unverifiable,False,unverifiable
static,510852,bathroom,7,bowl,bowl,wrong,False,unverifiable
static,510852,bathroom,8,toilet,toilet,wrong,False,unverifiable
static,510852,bathroom,9,pillow,pillow,unverifiable,False,unverifiable
static,510852,bathroom,10,dining table,dining_table,wrong,False,unverifiable
static,510852,bathroom,11,refrigerator,refrigerator,wrong,False,unverifiable
static,510852,bathroom,12,vase,vase,wrong,False,unverifiable
static,511430,kitchen,1,chair,chair,wrong,False,unverifiable
static,511430,kitchen,2,bottle,bottle,wrong,False,unverifiable
static,511430,kitchen,3,sink,sink,correct,True,unverifiable
static,511430,kitchen,4,sofa,sofa,wrong,False,unverifiable
static,511430,kitchen,5,bed,bed,wrong,False,unverifiable
static,511430,kitchen,6,book,book,unverifiable,False,unverifiable
static,511430,kitchen,7,bowl,bowl,correct,True,unverifiable
static,511430,kitchen,8,toilet,toilet,wrong,False,unverifiable
static,511430,kitchen,9,pillow,pillow,unverifiable,False,unverifiable
static,511430,kitchen,10,dining table,dining_table,wrong,False,unverifiable
static,511430,kitchen,11,refrigerator,refrigerator,correct,True,correct
static,511430,kitchen,12,vase,vase,correct,True,unverifiable
static,513138,living room,1,chair,chair,correct,True,unverifiable
static,513138,living room,2,bottle,bottle,wrong,False,unverifiable
static,513138,living room,3,sink,sink,wrong,False,unverifiable
static,513138,living room,4,sofa,sofa,correct,True,correct
static,513138,living room,5,bed,bed,wrong,False,unverifiable
static,513138,living room,6,book,book,unverifiable,False,unverifiable
static,513138,living room,7,bowl,bowl,wrong,False,unverifiable
static,513138,living room,8,toilet,toilet,wrong,False,unverifiable
static,513138,living room,9,pillow,pillow,unverifiable,True,unverifiable
static,513138,living room,10,dining table,dining_table,wrong,False,unverifiable
static,513138,living room,11,refrigerator,refrigerator,wrong,False,unverifiable
static,513138,living room,12,vase,vase,wrong,False,unverifiable
static,514914,bathroom,1,chair,chair,wrong,False,unverifiable
static,514914,bathroom,2,bottle,bottle,wrong,False,unverifiable
static,514914,bathroom,3,sink,sink,correct,True,correct
static,514914,bathroom,4,sofa,sofa,wrong,False,unverifiable
static,514914,bathroom,5,bed,bed,wrong,False,unverifiable
static,514914,bathroom,6,book,book,unverifiable,False,unverifiable
static,514914,bathroom,7,bowl,bowl,wrong,False,unverifiable
static,514914,bathroom,8,pillow,pillow,unverifiable,False,unverifiable
static,514914,bathroom,9,toilet,toilet,correct,True,correct
static,514914,bathroom,10,dining table,dining_table,wrong,False,unverifiable
static,514914,bathroom,11,refrigerator,refrigerator,wrong,False,unverifiable
static,514914,bathroom,12,vase,vase,wrong,False,unverifiable
static,516856,dining,1,chair,chair,wrong,False,unverifiable
static,516856,dining,2,bottle,bottle,correct,True,correct
static,516856,dining,3,sink,sink,wrong,False,unverifiable
static,516856,dining,4,sofa,sofa,wrong,False,unverifiable
static,516856,dining,5,bed,bed,wrong,False,unverifiable
static,516856,dining,6,book,book,unverifiable,False,unverifiable
static,516856,dining,7,bowl,bowl,wrong,False,unverifiable
static,516856,dining,8,toilet,toilet,wrong,False,unverifiable
static,516856,dining,9,pillow,pillow,unverifiable,False,unverifiable
static,516856,dining,10,dining table,dining_table,correct,True,correct
static,516856,dining,11,refrigerator,refrigerator,wrong,False,unverifiable
static,516856,dining,12,vase,vase,wrong,False,unverifiable
static,523978,bathroom,1,chair,chair,wrong,False,unverifiable
static,523978,bathroom,2,bottle,bottle,wrong,False,wrong
static,523978,bathroom,3,sink,sink,correct,True,correct
static,523978,bathroom,4,sofa,sofa,wrong,False,unverifiable
static,523978,bathroom,5,bed,bed,wrong,False,unverifiable
static,523978,bathroom,6,book,book,correct,True,unverifiable
static,523978,bathroom,7,bowl,bowl,correct,True,unverifiable
static,523978,bathroom,8,pillow,pillow,unverifiable,False,unverifiable
static,523978,bathroom,9,toilet,toilet,correct,True,correct
static,523978,bathroom,10,dining table,dining_table,wrong,False,unverifiable
static,523978,bathroom,11,refrigerator,refrigerator,wrong,False,unverifiable
static,523978,bathroom,12,vase,vase,correct,True,correct
static,529069,bathroom,1,chair,chair,wrong,False,unverifiable
static,529069,bathroom,2,bottle,bottle,wrong,False,unverifiable
static,529069,bathroom,3,sink,sink,correct,True,unverifiable
static,529069,bathroom,4,sofa,sofa,wrong,False,unverifiable
static,529069,bathroom,5,bed,bed,wrong,False,unverifiable
static,529069,bathroom,6,book,book,unverifiable,False,unverifiable
static,529069,bathroom,7,bowl,bowl,wrong,False,unverifiable
static,529069,bathroom,8,pillow,pillow,unverifiable,False,unverifiable
static,529069,bathroom,9,toilet,toilet,correct,True,correct
static,529069,bathroom,10,dining table,dining_table,wrong,False,unverifiable
static,529069,bathroom,11,refrigerator,refrigerator,wrong,False,unverifiable
static,529069,bathroom,12,vase,vase,wrong,False,unverifiable
static,530229,living room,1,chair,chair,correct,True,unverifiable
static,530229,living room,2,bottle,bottle,wrong,False,unverifiable
static,530229,living room,3,sink,sink,wrong,False,unverifiable
static,530229,living room,4,sofa,sofa,correct,True,correct
static,530229,living room,5,bed,bed,wrong,False,unverifiable
static,530229,living room,6,book,book,unverifiable,False,unverifiable
static,530229,living room,7,bowl,bowl,wrong,False,unverifiable
static,530229,living room,8,toilet,toilet,wrong,False,unverifiable
static,530229,living room,9,pillow,pillow,correct,True,correct
static,530229,living room,10,dining table,dining_table,wrong,False,unverifiable
static,530229,living room,11,refrigerator,refrigerator,wrong,False,unverifiable
static,530229,living room,12,vase,vase,wrong,False,unverifiable
static,530836,kitchen,1,chair,chair,wrong,False,unverifiable
static,530836,kitchen,2,bottle,bottle,correct,True,unverifiable
static,530836,kitchen,3,sink,sink,correct,True,unverifiable
static,530836,kitchen,4,sofa,sofa,wrong,False,unverifiable
static,530836,kitchen,5,bed,bed,wrong,False,unverifiable
static,530836,kitchen,6,book,book,unverifiable,False,unverifiable
static,530836,kitchen,7,bowl,bowl,correct,True,correct
static,530836,kitchen,8,toilet,toilet,wrong,False,unverifiable
static,530836,kitchen,9,pillow,pillow,unverifiable,False,unverifiable
static,530836,kitchen,10,dining table,dining_table,unverifiable,False,unverifiable
static,530836,kitchen,11,refrigerator,refrigerator,correct,True,correct
static,530836,kitchen,12,vase,vase,correct,True,unverifiable
static,530933,bathroom,1,chair,chair,wrong,False,unverifiable
static,530933,bathroom,2,bottle,bottle,wrong,False,unverifiable
static,530933,bathroom,3,sink,sink,wrong,False,unverifiable
static,530933,bathroom,4,sofa,sofa,wrong,False,unverifiable
static,530933,bathroom,5,bed,bed,wrong,False,unverifiable
static,530933,bathroom,6,book,book,unverifiable,False,unverifiable
static,530933,bathroom,7,bowl,bowl,wrong,False,unverifiable
static,530933,bathroom,8,pillow,pillow,unverifiable,False,unverifiable
static,530933,bathroom,9,toilet,toilet,correct,True,unverifiable
static,530933,bathroom,10,dining table,dining_table,wrong,False,unverifiable
static,530933,bathroom,11,refrigerator,refrigerator,wrong,False,unverifiable
static,530933,bathroom,12,vase,vase,wrong,False,unverifiable
static,531441,dining,1,chair,chair,correct,True,correct
static,531441,dining,2,bottle,bottle,wrong,False,unverifiable
static,531441,dining,3,sink,sink,wrong,False,unverifiable
static,531441,dining,4,sofa,sofa,wrong,False,unverifiable
static,531441,dining,5,bed,bed,wrong,False,unverifiable
static,531441,dining,6,book,book,unverifiable,False,unverifiable
static,531441,dining,7,bowl,bowl,wrong,False,unverifiable
static,531441,dining,8,toilet,toilet,wrong,False,unverifiable
static,531441,dining,9,pillow,pillow,unverifiable,False,unverifiable
static,531441,dining,10,dining table,dining_table,correct,True,correct
static,531441,dining,11,refrigerator,refrigerator,wrong,False,unverifiable
static,531441,dining,12,vase,vase,wrong,False,unverifiable
static,531852,living room,1,chair,chair,wrong,False,unverifiable
static,531852,living room,2,bottle,bottle,wrong,False,unverifiable
static,531852,living room,3,sink,sink,wrong,False,unverifiable
static,531852,living room,4,sofa,sofa,correct,True,correct
static,531852,living room,5,bed,bed,wrong,False,unverifiable
static,531852,living room,6,book,book,unverifiable,False,unverifiable
static,531852,living room,7,bowl,bowl,wrong,False,unverifiable
static,531852,living room,8,toilet,toilet,wrong,False,unverifiable
static,531852,living room,9,pillow,pillow,correct,True,correct
static,531852,living room,10,dining table,dining_table,wrong,False,unverifiable
static,531852,living room,11,refrigerator,refrigerator,wrong,False,unverifiable
static,531852,living room,12,vase,vase,wrong,False,unverifiable
static,533255,kitchen,1,chair,chair,correct,True,correct
static,533255,kitchen,2,bottle,bottle,wrong,False,unverifiable
static,533255,kitchen,3,sink,sink,wrong,False,unverifiable
static,533255,kitchen,4,sofa,sofa,wrong,False,unverifiable
static,533255,kitchen,5,bed,bed,wrong,False,unverifiable
static,533255,kitchen,6,bowl,bowl,wrong,False,unverifiable
static,533255,kitchen,7,book,book,correct,True,correct
static,533255,kitchen,8,toilet,toilet,wrong,False,unverifiable
static,533255,kitchen,9,pillow,pillow,unverifiable,False,unverifiable
static,533255,kitchen,10,dining table,dining_table,unverifiable,False,unverifiable
static,533255,kitchen,11,refrigerator,refrigerator,correct,True,correct
static,533255,kitchen,12,vase,vase,wrong,False,unverifiable
static,534456,living room,1,chair,chair,wrong,False,unverifiable
static,534456,living room,2,bottle,bottle,wrong,False,unverifiable
static,534456,living room,3,sink,sink,wrong,False,unverifiable
static,534456,living room,4,sofa,sofa,correct,True,correct
static,534456,living room,5,bed,bed,wrong,False,unverifiable
static,534456,living room,6,book,book,unverifiable,False,unverifiable
static,534456,living room,7,bowl,bowl,wrong,False,unverifiable
static,534456,living room,8,toilet,toilet,wrong,False,unverifiable
static,534456,living room,9,pillow,pillow,unverifiable,True,unverifiable
static,534456,living room,10,dining table,dining_table,unverifiable,False,unverifiable
static,534456,living room,11,refrigerator,refrigerator,wrong,False,unverifiable
static,534456,living room,12,vase,vase,wrong,False,unverifiable
static,536947,kitchen,1,chair,chair,correct,True,unverifiable
static,536947,kitchen,2,bottle,bottle,correct,True,correct
static,536947,kitchen,3,sink,sink,wrong,False,unverifiable
static,536947,kitchen,4,sofa,sofa,wrong,False,unverifiable
static,536947,kitchen,5,bed,bed,wrong,False,unverifiable
static,536947,kitchen,6,book,book,unverifiable,False,unverifiable
static,536947,kitchen,7,bowl,bowl,wrong,False,unverifiable
static,536947,kitchen,8,toilet,toilet,wrong,False,unverifiable
static,536947,kitchen,9,pillow,pillow,unverifiable,False,unverifiable
static,536947,kitchen,10,dining table,dining_table,wrong,False,unverifiable
static,536947,kitchen,11,refrigerator,refrigerator,correct,True,correct
static,536947,kitchen,12,vase,vase,wrong,False,unverifiable
static,537944,dining,1,chair,chair,correct,True,correct
static,537944,dining,2,bottle,bottle,wrong,False,unverifiable
static,537944,dining,3,sink,sink,wrong,False,unverifiable
static,537944,dining,4,sofa,sofa,wrong,False,unverifiable
static,537944,dining,5,bed,bed,wrong,False,unverifiable
static,537944,dining,6,book,book,unverifiable,False,unverifiable
static,537944,dining,7,bowl,bowl,correct,True,unverifiable
static,537944,dining,8,toilet,toilet,wrong,False,wrong
static,537944,dining,9,pillow,pillow,unverifiable,False,unverifiable
static,537944,dining,10,dining table,dining_table,correct,True,correct
static,537944,dining,11,refrigerator,refrigerator,wrong,False,unverifiable
static,537944,dining,12,vase,vase,wrong,False,unverifiable
static,541332,bathroom,1,chair,chair,wrong,False,unverifiable
static,541332,bathroom,2,bottle,bottle,wrong,False,unverifiable
static,541332,bathroom,3,sink,sink,correct,True,correct
static,541332,bathroom,4,sofa,sofa,wrong,False,unverifiable
static,541332,bathroom,5,bed,bed,wrong,False,unverifiable
static,541332,bathroom,6,book,book,unverifiable,False,unverifiable
static,541332,bathroom,7,bowl,bowl,wrong,False,unverifiable
static,541332,bathroom,8,pillow,pillow,unverifiable,False,unverifiable
static,541332,bathroom,9,toilet,toilet,correct,True,correct
static,541332,bathroom,10,dining table,dining_table,wrong,False,unverifiable
static,541332,bathroom,11,refrigerator,refrigerator,wrong,False,unverifiable
static,541332,bathroom,12,vase,vase,wrong,False,unverifiable
static,541634,dining,1,chair,chair,wrong,False,unverifiable
static,541634,dining,2,bottle,bottle,wrong,False,unverifiable
static,541634,dining,3,sink,sink,wrong,False,unverifiable
static,541634,dining,4,sofa,sofa,wrong,False,unverifiable
static,541634,dining,5,bed,bed,wrong,False,unverifiable
static,541634,dining,6,book,book,unverifiable,False,unverifiable
static,541634,dining,7,bowl,bowl,correct,True,unverifiable
static,541634,dining,8,toilet,toilet,wrong,False,unverifiable
static,541634,dining,9,pillow,pillow,unverifiable,False,unverifiable
static,541634,dining,10,dining table,dining_table,correct,True,correct
static,541634,dining,11,refrigerator,refrigerator,wrong,False,unverifiable
static,541634,dining,12,vase,vase,wrong,False,unverifiable
static,546219,dining,1,chair,chair,correct,True,unverifiable
static,546219,dining,2,bottle,bottle,correct,True,unverifiable
static,546219,dining,3,sink,sink,wrong,False,unverifiable
static,546219,dining,4,sofa,sofa,wrong,False,unverifiable
static,546219,dining,5,bed,bed,wrong,False,unverifiable
static,546219,dining,6,book,book,unverifiable,False,unverifiable
static,546219,dining,7,bowl,bowl,correct,True,unverifiable
static,546219,dining,8,toilet,toilet,wrong,False,unverifiable
static,546219,dining,9,pillow,pillow,unverifiable,False,unverifiable
static,546219,dining,10,dining table,dining_table,correct,True,correct
static,546219,dining,11,refrigerator,refrigerator,wrong,False,unverifiable
static,546219,dining,12,vase,vase,wrong,False,unverifiable
static,546964,living room,1,chair,chair,correct,True,unverifiable
static,546964,living room,2,bottle,bottle,wrong,False,unverifiable
static,546964,living room,3,sink,sink,wrong,False,unverifiable
static,546964,living room,4,sofa,sofa,correct,True,unverifiable
static,546964,living room,5,bed,bed,wrong,False,unverifiable
static,546964,living room,6,book,book,unverifiable,False,unverifiable
static,546964,living room,7,bowl,bowl,wrong,False,unverifiable
static,546964,living room,8,toilet,toilet,wrong,False,unverifiable
static,546964,living room,9,pillow,pillow,unverifiable,True,unverifiable
static,546964,living room,10,dining table,dining_table,unverifiable,True,unverifiable
static,546964,living room,11,refrigerator,refrigerator,wrong,False,unverifiable
static,546964,living room,12,vase,vase,correct,True,correct
static,547742,living room,1,chair,chair,wrong,False,unverifiable
static,547742,living room,2,bottle,bottle,wrong,False,unverifiable
static,547742,living room,3,sink,sink,wrong,False,unverifiable
static,547742,living room,4,sofa,sofa,correct,True,correct
static,547742,living room,5,bed,bed,wrong,False,unverifiable
static,547742,living room,6,book,book,unverifiable,False,unverifiable
static,547742,living room,7,bowl,bowl,wrong,False,unverifiable
static,547742,living room,8,toilet,toilet,wrong,False,unverifiable
static,547742,living room,9,pillow,pillow,unverifiable,False,unverifiable
static,547742,living room,10,dining table,dining_table,wrong,True,unverifiable
static,547742,living room,11,refrigerator,refrigerator,correct,True,unverifiable
static,547742,living room,12,vase,vase,wrong,False,unverifiable
static,554658,kitchen,1,chair,chair,wrong,False,unverifiable
static,554658,kitchen,2,bottle,bottle,wrong,False,unverifiable
static,554658,kitchen,3,sink,sink,wrong,False,unverifiable
static,554658,kitchen,4,sofa,sofa,wrong,False,unverifiable
static,554658,kitchen,5,bed,bed,wrong,False,unverifiable
static,554658,kitchen,6,book,book,unverifiable,False,unverifiable
static,554658,kitchen,7,bowl,bowl,wrong,False,unverifiable
static,554658,kitchen,8,toilet,toilet,wrong,False,unverifiable
static,554658,kitchen,9,pillow,pillow,unverifiable,False,unverifiable
static,554658,kitchen,10,dining table,dining_table,wrong,False,unverifiable
static,554658,kitchen,11,refrigerator,refrigerator,correct,True,correct
static,554658,kitchen,12,vase,vase,wrong,False,unverifiable
static,554809,bathroom,1,chair,chair,wrong,False,unverifiable
static,554809,bathroom,2,bottle,bottle,wrong,False,unverifiable
static,554809,bathroom,3,sink,sink,correct,True,correct
static,554809,bathroom,4,sofa,sofa,wrong,False,unverifiable
static,554809,bathroom,5,bed,bed,wrong,False,unverifiable
static,554809,bathroom,6,book,book,unverifiable,False,unverifiable
static,554809,bathroom,7,bowl,bowl,wrong,False,unverifiable
static,554809,bathroom,8,pillow,pillow,unverifiable,False,unverifiable
static,554809,bathroom,9,toilet,toilet,correct,True,correct
static,554809,bathroom,10,dining table,dining_table,wrong,False,unverifiable
static,554809,bathroom,11,refrigerator,refrigerator,wrong,False,unverifiable
static,554809,bathroom,12,vase,vase,wrong,False,unverifiable
static,556633,bathroom,1,chair,chair,wrong,False,unverifiable
static,556633,bathroom,2,bottle,bottle,wrong,False,unverifiable
static,556633,bathroom,3,sink,sink,correct,True,unverifiable
static,556633,bathroom,4,sofa,sofa,correct,True,unverifiable
static,556633,bathroom,5,bed,bed,correct,True,unverifiable
static,556633,bathroom,6,book,book,unverifiable,False,unverifiable
static,556633,bathroom,7,bowl,bowl,wrong,False,unverifiable
static,556633,bathroom,8,toilet,toilet,wrong,False,unverifiable
static,556633,bathroom,9,pillow,pillow,correct,True,correct
static,556633,bathroom,10,dining table,dining_table,wrong,False,unverifiable
static,556633,bathroom,11,refrigerator,refrigerator,wrong,False,unverifiable
static,556633,bathroom,12,vase,vase,wrong,False,unverifiable
static,557172,bathroom,1,chair,chair,wrong,False,unverifiable
static,557172,bathroom,2,bottle,bottle,correct,True,unverifiable
static,557172,bathroom,3,sink,sink,correct,True,correct
static,557172,bathroom,4,sofa,sofa,wrong,False,unverifiable
static,557172,bathroom,5,bed,bed,wrong,False,unverifiable
static,557172,bathroom,6,book,book,unverifiable,False,unverifiable
static,557172,bathroom,7,bowl,bowl,wrong,False,unverifiable
static,557172,bathroom,8,pillow,pillow,unverifiable,False,unverifiable
static,557172,bathroom,9,toilet,toilet,correct,True,unverifiable
static,557172,bathroom,10,dining table,dining_table,wrong,False,unverifiable
static,557172,bathroom,11,refrigerator,refrigerator,wrong,False,unverifiable
static,557172,bathroom,12,vase,vase,wrong,False,unverifiable
static,559550,dining,1,chair,chair,correct,True,unverifiable
static,559550,dining,2,bottle,bottle,wrong,False,unverifiable
static,559550,dining,3,sink,sink,wrong,False,unverifiable
static,559550,dining,4,sofa,sofa,wrong,False,unverifiable
static,559550,dining,5,bed,bed,wrong,False,unverifiable
static,559550,dining,6,book,book,unverifiable,False,unverifiable
static,559550,dining,7,bowl,bowl,correct,True,unverifiable
static,559550,dining,8,toilet,toilet,wrong,False,unverifiable
static,559550,dining,9,pillow,pillow,unverifiable,False,unverifiable
static,559550,dining,10,dining table,dining_table,correct,True,correct
static,559550,dining,11,refrigerator,refrigerator,wrong,False,unverifiable
static,559550,dining,12,vase,vase,wrong,False,unverifiable
static,567825,dining,1,chair,chair,wrong,False,unverifiable
static,567825,dining,2,bottle,bottle,correct,True,correct
static,567825,dining,3,sink,sink,wrong,False,unverifiable
static,567825,dining,4,sofa,sofa,wrong,False,unverifiable
static,567825,dining,5,bed,bed,wrong,False,unverifiable
static,567825,dining,6,book,book,unverifiable,False,unverifiable
static,567825,dining,7,bowl,bowl,wrong,False,unverifiable
static,567825,dining,8,toilet,toilet,wrong,False,unverifiable
static,567825,dining,9,pillow,pillow,unverifiable,False,unverifiable
static,567825,dining,10,dining table,dining_table,correct,True,correct
static,567825,dining,11,refrigerator,refrigerator,wrong,False,unverifiable
static,567825,dining,12,vase,vase,wrong,False,unverifiable
static,571764,kitchen,1,chair,chair,wrong,False,unverifiable
static,571764,kitchen,2,bottle,bottle,correct,True,unverifiable
static,571764,kitchen,3,sink,sink,correct,True,unverifiable
static,571764,kitchen,4,sofa,sofa,wrong,False,unverifiable
static,571764,kitchen,5,bed,bed,wrong,False,unverifiable
static,571764,kitchen,6,book,book,unverifiable,False,unverifiable
static,571764,kitchen,7,bowl,bowl,correct,True,unverifiable
static,571764,kitchen,8,toilet,toilet,wrong,False,unverifiable
static,571764,kitchen,9,pillow,pillow,unverifiable,False,unverifiable
static,571764,kitchen,10,dining table,dining_table,unverifiable,False,unverifiable
static,571764,kitchen,11,refrigerator,refrigerator,correct,True,correct
static,571764,kitchen,12,vase,vase,wrong,False,unverifiable
static,574940,living room,1,chair,chair,correct,True,unverifiable
static,574940,living room,2,bottle,bottle,wrong,False,unverifiable
static,574940,living room,3,sink,sink,wrong,False,unverifiable
static,574940,living room,4,sofa,sofa,correct,True,correct
static,574940,living room,5,bed,bed,wrong,False,unverifiable
static,574940,living room,6,book,book,unverifiable,False,unverifiable
static,574940,living room,7,bowl,bowl,wrong,False,unverifiable
static,574940,living room,8,toilet,toilet,wrong,False,unverifiable
static,574940,living room,9,pillow,pillow,correct,True,correct
static,574940,living room,10,dining table,dining_table,wrong,False,unverifiable
static,574940,living room,11,refrigerator,refrigerator,wrong,False,unverifiable
static,574940,living room,12,vase,vase,correct,True,correct
static,577507,kitchen,1,chair,chair,correct,True,unverifiable
static,577507,kitchen,2,bottle,bottle,wrong,False,unverifiable
static,577507,kitchen,3,sink,sink,correct,True,unverifiable
static,577507,kitchen,4,sofa,sofa,wrong,False,unverifiable
static,577507,kitchen,5,bed,bed,wrong,False,unverifiable
static,577507,kitchen,6,book,book,unverifiable,False,unverifiable
static,577507,kitchen,7,bowl,bowl,wrong,False,unverifiable
static,577507,kitchen,8,toilet,toilet,wrong,False,unverifiable
static,577507,kitchen,9,pillow,pillow,unverifiable,True,unverifiable
static,577507,kitchen,10,dining table,dining_table,wrong,False,unverifiable
static,577507,kitchen,11,refrigerator,refrigerator,wrong,False,unverifiable
static,577507,kitchen,12,vase,vase,wrong,False,unverifiable
static,578489,living room,1,chair,chair,wrong,False,unverifiable
static,578489,living room,2,bottle,bottle,correct,True,unverifiable
static,578489,living room,3,sink,sink,wrong,False,unverifiable
static,578489,living room,4,sofa,sofa,correct,True,correct
static,578489,living room,5,bed,bed,wrong,False,unverifiable
static,578489,living room,6,book,book,unverifiable,False,unverifiable
static,578489,living room,7,bowl,bowl,wrong,False,unverifiable
static,578489,living room,8,toilet,toilet,wrong,False,unverifiable
static,578489,living room,9,pillow,pillow,unverifiable,False,unverifiable
static,578489,living room,10,dining table,dining_table,wrong,False,unverifiable
static,578489,living room,11,refrigerator,refrigerator,wrong,False,unverifiable
static,578489,living room,12,vase,vase,wrong,False,wrong
static,578871,dining,1,chair,chair,correct,True,unverifiable
static,578871,dining,2,bottle,bottle,wrong,False,unverifiable
static,578871,dining,3,sink,sink,wrong,False,unverifiable
static,578871,dining,4,sofa,sofa,wrong,False,unverifiable
static,578871,dining,5,bed,bed,wrong,False,unverifiable
static,578871,dining,6,book,book,unverifiable,False,unverifiable
static,578871,dining,7,bowl,bowl,correct,True,correct
static,578871,dining,8,toilet,toilet,wrong,False,unverifiable
static,578871,dining,9,pillow,pillow,unverifiable,False,unverifiable
static,578871,dining,10,dining table,dining_table,correct,True,correct
static,578871,dining,11,refrigerator,refrigerator,wrong,False,unverifiable
static,578871,dining,12,vase,vase,wrong,False,unverifiable
static,580026,dining,1,chair,chair,correct,True,unverifiable
static,580026,dining,2,bottle,bottle,wrong,False,unverifiable
static,580026,dining,3,sink,sink,wrong,False,unverifiable
static,580026,dining,4,sofa,sofa,wrong,False,unverifiable
static,580026,dining,5,bed,bed,wrong,False,unverifiable
static,580026,dining,6,book,book,unverifiable,False,unverifiable
static,580026,dining,7,bowl,bowl,wrong,False,unverifiable
static,580026,dining,8,toilet,toilet,wrong,False,unverifiable
static,580026,dining,9,pillow,pillow,unverifiable,False,unverifiable
static,580026,dining,10,dining table,dining_table,correct,True,correct
static,580026,dining,11,refrigerator,refrigerator,wrong,False,unverifiable
static,580026,dining,12,vase,vase,correct,True,correct
