method,image_id,room,seconds,n_items,n_relevant_present,correct@3,wrong@3,precision@3,precision_lenient@3,verifiable@3,precision_lvis_only@3,verifiable_lvis_only@3,recall@3,recall_lenient@3,correct@6,wrong@6,precision@6,precision_lenient@6,verifiable@6,precision_lvis_only@6,verifiable_lvis_only@6,recall@6,recall_lenient@6,correct@12,wrong@12,precision@12,precision_lenient@12,verifiable@12,precision_lvis_only@12,verifiable_lvis_only@12,recall@12,recall_lenient@12,hit@3,hit_lenient@3
blip2_caption,5335,bathroom,0.4294,4,6,0,0,,,0.0,,0.0,0.0,0.0,0,0,,,0.0,,0.0,0.0,0.0,0,0,,,0.0,,0.0,0.0,0.0,0.0,0.0
blip2_caption,7574,kitchen,0.389,3,8,0,0,,,0.0,,0.0,0.0,0.0,0,0,,,0.0,,0.0,0.0,0.0,0,0,,,0.0,,0.0,0.0,0.0,0.0,0.0
blip2_caption,12873,bathroom,0.3499,3,3,1,0,1.0,1.0,0.3333333333333333,,0.0,0.0,0.0,1,0,1.0,1.0,0.16666666666666666,,0.0,0.0,0.0,1,0,1.0,1.0,0.08333333333333333,,0.0,0.0,0.0,1.0,1.0
blip2_caption,14635,kitchen,0.4948,3,8,1,0,1.0,1.0,0.3333333333333333,,0.0,0.0,0.0,1,0,1.0,1.0,0.16666666666666666,,0.0,0.0,0.0,1,0,1.0,1.0,0.08333333333333333,,0.0,0.0,0.0,1.0,1.0
blip2_caption,16958,living room,0.3974,2,5,1,0,1.0,1.0,0.3333333333333333,1.0,0.3333333333333333,0.0,0.0,1,0,1.0,1.0,0.16666666666666666,1.0,0.16666666666666666,0.0,0.0,1,0,1.0,1.0,0.08333333333333333,1.0,0.08333333333333333,0.0,0.0,1.0,1.0
blip2_caption,17580,kitchen,0.3991,2,5,1,0,1.0,1.0,0.3333333333333333,,0.0,0.0,0.0,1,0,1.0,1.0,0.16666666666666666,,0.0,0.0,0.0,1,0,1.0,1.0,0.08333333333333333,,0.0,0.0,0.0,1.0,1.0
blip2_caption,23258,dining,0.343,2,5,0,0,,1.0,0.0,,0.0,0.0,0.2,0,0,,1.0,0.0,,0.0,0.0,0.2,0,0,,1.0,0.0,,0.0,0.0,0.2,0.0,1.0
blip2_caption,28903,bathroom,0.488,3,6,1,0,1.0,1.0,0.3333333333333333,1.0,0.3333333333333333,0.16666666666666666,0.16666666666666666,1,0,1.0,1.0,0.16666666666666666,1.0,0.16666666666666666,0.16666666666666666,0.16666666666666666,1,0,1.0,1.0,0.08333333333333333,1.0,0.08333333333333333,0.16666666666666666,0.16666666666666666,1.0,1.0
blip2_caption,29288,living room,0.5797,4,6,1,0,1.0,1.0,0.3333333333333333,1.0,0.3333333333333333,0.16666666666666666,0.16666666666666666,1,0,1.0,1.0,0.16666666666666666,1.0,0.16666666666666666,0.16666666666666666,0.16666666666666666,1,0,1.0,1.0,0.08333333333333333,1.0,0.08333333333333333,0.16666666666666666,0.16666666666666666,1.0,1.0
blip2_caption,31296,dining,0.4249,3,7,0,0,,1.0,0.0,,0.0,0.0,0.14285714285714285,0,0,,1.0,0.0,,0.0,0.0,0.14285714285714285,0,0,,1.0,0.0,,0.0,0.0,0.14285714285714285,0.0,1.0
blip2_caption,33909,bathroom,0.3515,3,3,2,0,1.0,1.0,0.6666666666666666,1.0,0.6666666666666666,0.6666666666666666,0.6666666666666666,2,0,1.0,1.0,0.3333333333333333,1.0,0.3333333333333333,0.6666666666666666,0.6666666666666666,2,0,1.0,1.0,0.16666666666666666,1.0,0.16666666666666666,0.6666666666666666,0.6666666666666666,1.0,1.0
blip2_caption,34524,bedroom,0.2934,2,3,1,0,1.0,1.0,0.3333333333333333,1.0,0.3333333333333333,0.3333333333333333,0.3333333333333333,1,0,1.0,1.0,0.16666666666666666,1.0,0.16666666666666666,0.3333333333333333,0.3333333333333333,1,0,1.0,1.0,0.08333333333333333,1.0,0.08333333333333333,0.3333333333333333,0.3333333333333333,1.0,1.0
blip2_caption,35664,bedroom,0.4076,2,7,1,0,1.0,1.0,0.3333333333333333,1.0,0.3333333333333333,0.14285714285714285,0.14285714285714285,1,0,1.0,1.0,0.16666666666666666,1.0,0.16666666666666666,0.14285714285714285,0.14285714285714285,1,0,1.0,1.0,0.08333333333333333,1.0,0.08333333333333333,0.14285714285714285,0.14285714285714285,1.0,1.0
blip2_caption,36494,dining,0.4282,3,8,0,0,,1.0,0.0,,0.0,0.0,0.125,0,0,,1.0,0.0,,0.0,0.0,0.125,0,0,,1.0,0.0,,0.0,0.0,0.125,0.0,1.0
blip2_caption,36844,kitchen,0.5421,3,10,0,0,,,0.0,,0.0,0.0,0.0,0,0,,,0.0,,0.0,0.0,0.0,0,0,,,0.0,,0.0,0.0,0.0,0.0,0.0
blip2_caption,36936,living room,0.4921,3,10,2,0,1.0,1.0,0.6666666666666666,1.0,0.3333333333333333,0.1,0.1,2,0,1.0,1.0,0.3333333333333333,1.0,0.16666666666666666,0.1,0.1,2,0,1.0,1.0,0.16666666666666666,1.0,0.08333333333333333,0.1,0.1,1.0,1.0
blip2_caption,43944,dining,0.4024,3,4,1,0,1.0,1.0,0.3333333333333333,1.0,0.3333333333333333,0.25,0.25,1,0,1.0,1.0,0.16666666666666666,1.0,0.16666666666666666,0.25,0.25,1,0,1.0,1.0,0.08333333333333333,1.0,0.08333333333333333,0.25,0.25,1.0,1.0
blip2_caption,45404,bedroom,0.4342,2,4,1,0,1.0,1.0,0.3333333333333333,1.0,0.3333333333333333,0.25,0.25,1,0,1.0,1.0,0.16666666666666666,1.0,0.16666666666666666,0.25,0.25,1,0,1.0,1.0,0.08333333333333333,1.0,0.08333333333333333,0.25,0.25,1.0,1.0
blip2_caption,46029,bedroom,0.357,2,4,1,0,1.0,1.0,0.3333333333333333,1.0,0.3333333333333333,0.25,0.5,1,0,1.0,1.0,0.16666666666666666,1.0,0.16666666666666666,0.25,0.5,1,0,1.0,1.0,0.08333333333333333,1.0,0.08333333333333333,0.25,0.5,1.0,1.0
blip2_caption,49984,bathroom,0.3722,3,5,2,0,1.0,1.0,0.6666666666666666,1.0,0.3333333333333333,0.4,0.4,2,0,1.0,1.0,0.3333333333333333,1.0,0.16666666666666666,0.4,0.4,2,0,1.0,1.0,0.16666666666666666,1.0,0.08333333333333333,0.4,0.4,1.0,1.0
blip2_caption,53328,living room,0.3436,2,4,0,0,,,0.0,,0.0,0.0,0.0,0,0,,,0.0,,0.0,0.0,0.0,0,0,,,0.0,,0.0,0.0,0.0,0.0,0.0
blip2_caption,53457,bedroom,0.3813,2,4,2,0,1.0,1.0,0.6666666666666666,1.0,0.6666666666666666,0.5,0.5,2,0,1.0,1.0,0.3333333333333333,1.0,0.3333333333333333,0.5,0.5,2,0,1.0,1.0,0.16666666666666666,1.0,0.16666666666666666,0.5,0.5,1.0,1.0
blip2_caption,54318,bedroom,0.3293,2,7,1,0,1.0,1.0,0.3333333333333333,1.0,0.3333333333333333,0.14285714285714285,0.14285714285714285,1,0,1.0,1.0,0.16666666666666666,1.0,0.16666666666666666,0.14285714285714285,0.14285714285714285,1,0,1.0,1.0,0.08333333333333333,1.0,0.08333333333333333,0.14285714285714285,0.14285714285714285,1.0,1.0
blip2_caption,61773,kitchen,0.3679,3,7,1,0,1.0,1.0,0.3333333333333333,1.0,0.3333333333333333,0.14285714285714285,0.14285714285714285,1,0,1.0,1.0,0.16666666666666666,1.0,0.16666666666666666,0.14285714285714285,0.14285714285714285,1,0,1.0,1.0,0.08333333333333333,1.0,0.08333333333333333,0.14285714285714285,0.14285714285714285,1.0,1.0
blip2_caption,61925,bedroom,0.3778,3,7,2,0,1.0,1.0,0.6666666666666666,1.0,0.6666666666666666,0.2857142857142857,0.2857142857142857,2,0,1.0,1.0,0.3333333333333333,1.0,0.3333333333333333,0.2857142857142857,0.2857142857142857,2,0,1.0,1.0,0.16666666666666666,1.0,0.16666666666666666,0.2857142857142857,0.2857142857142857,1.0,1.0
blip2_caption,63081,living room,0.4348,3,8,1,0,1.0,1.0,0.3333333333333333,1.0,0.3333333333333333,0.125,0.125,1,0,1.0,1.0,0.16666666666666666,1.0,0.16666666666666666,0.125,0.125,1,0,1.0,1.0,0.08333333333333333,1.0,0.08333333333333333,0.125,0.125,1.0,1.0
blip2_caption,63865,dining,0.283,2,7,1,0,1.0,1.0,0.3333333333333333,,0.0,0.14285714285714285,0.2857142857142857,1,0,1.0,1.0,0.16666666666666666,,0.0,0.14285714285714285,0.2857142857142857,1,0,1.0,1.0,0.08333333333333333,,0.0,0.14285714285714285,0.2857142857142857,1.0,1.0
blip2_caption,65884,living room,0.3684,3,9,0,0,,,0.0,,0.0,0.0,0.0,0,0,,,0.0,,0.0,0.0,0.0,0,0,,,0.0,,0.0,0.0,0.0,0.0,0.0
blip2_caption,67647,kitchen,0.424,2,10,0,0,,,0.0,,0.0,0.0,0.0,0,0,,,0.0,,0.0,0.0,0.0,0,0,,,0.0,,0.0,0.0,0.0,0.0,0.0
blip2_caption,68260,kitchen,0.3663,2,4,1,0,1.0,1.0,0.3333333333333333,,0.0,0.0,0.0,1,0,1.0,1.0,0.16666666666666666,,0.0,0.0,0.0,1,0,1.0,1.0,0.08333333333333333,,0.0,0.0,0.0,1.0,1.0
blip2_caption,68286,bedroom,0.4083,2,5,2,0,1.0,1.0,0.6666666666666666,1.0,0.6666666666666666,0.4,0.4,2,0,1.0,1.0,0.3333333333333333,1.0,0.3333333333333333,0.4,0.4,2,0,1.0,1.0,0.16666666666666666,1.0,0.16666666666666666,0.4,0.4,1.0,1.0
blip2_caption,72961,bedroom,0.3379,3,7,0,0,,,0.0,,0.0,0.0,0.0,0,0,,,0.0,,0.0,0.0,0.0,0,0,,,0.0,,0.0,0.0,0.0,0.0,0.0
blip2_caption,73326,kitchen,0.3335,2,4,0,0,,,0.0,,0.0,0.0,0.0,0,0,,,0.0,,0.0,0.0,0.0,0,0,,,0.0,,0.0,0.0,0.0,0.0,0.0
blip2_caption,74357,kitchen,0.4093,3,8,1,0,1.0,1.0,0.3333333333333333,1.0,0.3333333333333333,0.125,0.125,1,0,1.0,1.0,0.16666666666666666,1.0,0.16666666666666666,0.125,0.125,1,0,1.0,1.0,0.08333333333333333,1.0,0.08333333333333333,0.125,0.125,1.0,1.0
blip2_caption,75110,bedroom,0.443,2,6,2,0,1.0,1.0,0.6666666666666666,1.0,0.6666666666666666,0.16666666666666666,0.16666666666666666,2,0,1.0,1.0,0.3333333333333333,1.0,0.3333333333333333,0.16666666666666666,0.16666666666666666,2,0,1.0,1.0,0.16666666666666666,1.0,0.16666666666666666,0.16666666666666666,0.16666666666666666,1.0,1.0
blip2_caption,75811,bathroom,0.3943,3,3,1,0,1.0,1.0,0.3333333333333333,1.0,0.3333333333333333,0.3333333333333333,0.3333333333333333,1,0,1.0,1.0,0.16666666666666666,1.0,0.16666666666666666,0.3333333333333333,0.3333333333333333,1,0,1.0,1.0,0.08333333333333333,1.0,0.08333333333333333,0.3333333333333333,0.3333333333333333,1.0,1.0
blip2_caption,77177,living room,0.404,3,3,2,0,1.0,1.0,0.6666666666666666,1.0,0.6666666666666666,0.6666666666666666,0.6666666666666666,2,0,1.0,1.0,0.3333333333333333,1.0,0.3333333333333333,0.6666666666666666,0.6666666666666666,2,0,1.0,1.0,0.16666666666666666,1.0,0.16666666666666666,0.6666666666666666,0.6666666666666666,1.0,1.0
blip2_caption,80369,kitchen,0.3648,3,8,0,0,,,0.0,,0.0,0.0,0.0,0,0,,,0.0,,0.0,0.0,0.0,0,0,,,0.0,,0.0,0.0,0.0,0.0,0.0
blip2_caption,84680,kitchen,0.4259,3,3,2,0,1.0,1.0,0.6666666666666666,1.0,0.3333333333333333,0.3333333333333333,0.3333333333333333,2,0,1.0,1.0,0.3333333333333333,1.0,0.16666666666666666,0.3333333333333333,0.3333333333333333,2,0,1.0,1.0,0.16666666666666666,1.0,0.08333333333333333,0.3333333333333333,0.3333333333333333,1.0,1.0
blip2_caption,88040,dining,0.3706,2,8,0,0,,,0.0,,0.0,0.0,0.0,0,0,,,0.0,,0.0,0.0,0.0,0,0,,,0.0,,0.0,0.0,0.0,0.0,0.0
blip2_caption,98085,dining,0.3926,2,3,1,0,1.0,1.0,0.3333333333333333,1.0,0.3333333333333333,0.3333333333333333,0.6666666666666666,1,0,1.0,1.0,0.16666666666666666,1.0,0.16666666666666666,0.3333333333333333,0.6666666666666666,1,0,1.0,1.0,0.08333333333333333,1.0,0.08333333333333333,0.3333333333333333,0.6666666666666666,1.0,1.0
blip2_caption,101630,bathroom,0.4546,3,7,1,0,1.0,1.0,0.3333333333333333,1.0,0.3333333333333333,0.14285714285714285,0.14285714285714285,1,0,1.0,1.0,0.16666666666666666,1.0,0.16666666666666666,0.14285714285714285,0.14285714285714285,1,0,1.0,1.0,0.08333333333333333,1.0,0.08333333333333333,0.14285714285714285,0.14285714285714285,1.0,1.0
blip2_caption,101816,bathroom,0.375,3,5,1,0,1.0,1.0,0.3333333333333333,,0.0,0.0,0.0,1,0,1.0,1.0,0.16666666666666666,,0.0,0.0,0.0,1,0,1.0,1.0,0.08333333333333333,,0.0,0.0,0.0,1.0,1.0
blip2_caption,102223,bedroom,0.3514,2,5,2,0,1.0,1.0,0.6666666666666666,1.0,0.3333333333333333,0.4,0.4,2,0,1.0,1.0,0.3333333333333333,1.0,0.16666666666666666,0.4,0.4,2,0,1.0,1.0,0.16666666666666666,1.0,0.08333333333333333,0.4,0.4,1.0,1.0
blip2_caption,102320,bathroom,0.3754,4,5,2,0,1.0,1.0,0.6666666666666666,1.0,0.3333333333333333,0.4,0.4,3,0,1.0,1.0,0.5,1.0,0.3333333333333333,0.6,0.6,3,0,1.0,1.0,0.25,1.0,0.16666666666666666,0.6,0.6,1.0,1.0
blip2_caption,102718,bathroom,0.3501,3,7,2,0,1.0,1.0,0.6666666666666666,1.0,0.6666666666666666,0.2857142857142857,0.2857142857142857,2,0,1.0,1.0,0.3333333333333333,1.0,0.3333333333333333,0.2857142857142857,0.2857142857142857,2,0,1.0,1.0,0.16666666666666666,1.0,0.16666666666666666,0.2857142857142857,0.2857142857142857,1.0,1.0
blip2_caption,102841,bedroom,0.4722,3,4,1,0,1.0,1.0,0.3333333333333333,,0.0,0.25,0.5,1,0,1.0,1.0,0.16666666666666666,,0.0,0.25,0.5,1,0,1.0,1.0,0.08333333333333333,,0.0,0.25,0.5,1.0,1.0
blip2_caption,103119,kitchen,0.4804,3,4,1,0,1.0,1.0,0.3333333333333333,1.0,0.3333333333333333,0.25,0.25,1,0,1.0,1.0,0.16666666666666666,1.0,0.16666666666666666,0.25,0.25,1,0,1.0,1.0,0.08333333333333333,1.0,0.08333333333333333,0.25,0.25,1.0,1.0
blip2_caption,106235,living room,0.4789,4,7,2,0,1.0,1.0,0.6666666666666666,1.0,0.3333333333333333,0.2857142857142857,0.2857142857142857,2,0,1.0,1.0,0.3333333333333333,1.0,0.16666666666666666,0.2857142857142857,0.2857142857142857,2,0,1.0,1.0,0.16666666666666666,1.0,0.08333333333333333,0.2857142857142857,0.2857142857142857,1.0,1.0
blip2_caption,110884,bathroom,0.3441,4,6,2,0,1.0,1.0,0.6666666666666666,1.0,0.6666666666666666,0.3333333333333333,0.3333333333333333,3,0,1.0,1.0,0.5,1.0,0.5,0.5,0.5,3,0,1.0,1.0,0.25,1.0,0.25,0.5,0.5,1.0,1.0
blip2_caption,111951,bathroom,0.4187,3,4,1,0,1.0,1.0,0.3333333333333333,1.0,0.3333333333333333,0.25,0.25,1,0,1.0,1.0,0.16666666666666666,1.0,0.16666666666666666,0.25,0.25,1,0,1.0,1.0,0.08333333333333333,1.0,0.08333333333333333,0.25,0.25,1.0,1.0
blip2_caption,114108,dining,0.2865,2,7,1,0,1.0,1.0,0.3333333333333333,1.0,0.3333333333333333,0.14285714285714285,0.14285714285714285,1,0,1.0,1.0,0.16666666666666666,1.0,0.16666666666666666,0.14285714285714285,0.14285714285714285,1,0,1.0,1.0,0.08333333333333333,1.0,0.08333333333333333,0.14285714285714285,0.14285714285714285,1.0,1.0
blip2_caption,116479,bedroom,0.2974,2,5,1,0,1.0,1.0,0.3333333333333333,1.0,0.3333333333333333,0.2,0.2,1,0,1.0,1.0,0.16666666666666666,1.0,0.16666666666666666,0.2,0.2,1,0,1.0,1.0,0.08333333333333333,1.0,0.08333333333333333,0.2,0.2,1.0,1.0
blip2_caption,117089,dining,0.5989,3,10,1,0,1.0,1.0,0.3333333333333333,1.0,0.3333333333333333,0.0,0.0,1,0,1.0,1.0,0.16666666666666666,1.0,0.16666666666666666,0.0,0.0,1,0,1.0,1.0,0.08333333333333333,1.0,0.08333333333333333,0.0,0.0,1.0,1.0
blip2_caption,121904,kitchen,0.3416,3,9,2,0,1.0,1.0,0.6666666666666666,1.0,0.6666666666666666,0.1111111111111111,0.1111111111111111,2,0,1.0,1.0,0.3333333333333333,1.0,0.3333333333333333,0.1111111111111111,0.1111111111111111,2,0,1.0,1.0,0.16666666666666666,1.0,0.16666666666666666,0.1111111111111111,0.1111111111111111,1.0,1.0
blip2_caption,125955,bathroom,0.3711,4,5,2,0,1.0,1.0,0.6666666666666666,1.0,0.6666666666666666,0.4,0.4,2,0,1.0,1.0,0.3333333333333333,1.0,0.3333333333333333,0.4,0.4,2,0,1.0,1.0,0.16666666666666666,1.0,0.16666666666666666,0.4,0.4,1.0,1.0
blip2_caption,127168,bedroom,0.4064,4,3,1,0,1.0,1.0,0.3333333333333333,1.0,0.3333333333333333,0.3333333333333333,0.3333333333333333,1,0,1.0,1.0,0.16666666666666666,1.0,0.16666666666666666,0.3333333333333333,0.3333333333333333,1,0,1.0,1.0,0.08333333333333333,1.0,0.08333333333333333,0.3333333333333333,0.3333333333333333,1.0,1.0
blip2_caption,127394,dining,0.3995,3,9,0,0,,1.0,0.0,,0.0,0.0,0.1111111111111111,0,0,,1.0,0.0,,0.0,0.0,0.1111111111111111,0,0,,1.0,0.0,,0.0,0.0,0.1111111111111111,0.0,1.0
blip2_caption,129322,bathroom,0.373,3,3,2,0,1.0,1.0,0.6666666666666666,1.0,0.6666666666666666,0.6666666666666666,0.6666666666666666,2,0,1.0,1.0,0.3333333333333333,1.0,0.3333333333333333,0.6666666666666666,0.6666666666666666,2,0,1.0,1.0,0.16666666666666666,1.0,0.16666666666666666,0.6666666666666666,0.6666666666666666,1.0,1.0
blip2_caption,129980,living room,0.4876,3,8,1,0,1.0,1.0,0.3333333333333333,1.0,0.3333333333333333,0.125,0.125,1,0,1.0,1.0,0.16666666666666666,1.0,0.16666666666666666,0.125,0.125,1,0,1.0,1.0,0.08333333333333333,1.0,0.08333333333333333,0.125,0.125,1.0,1.0
blip2_caption,134907,living room,0.3706,2,6,2,0,1.0,1.0,0.6666666666666666,1.0,0.3333333333333333,0.16666666666666666,0.16666666666666666,2,0,1.0,1.0,0.3333333333333333,1.0,0.16666666666666666,0.16666666666666666,0.16666666666666666,2,0,1.0,1.0,0.16666666666666666,1.0,0.08333333333333333,0.16666666666666666,0.16666666666666666,1.0,1.0
blip2_caption,140487,living room,0.3668,3,7,2,0,1.0,1.0,0.6666666666666666,1.0,0.3333333333333333,0.0,0.0,2,0,1.0,1.0,0.3333333333333333,1.0,0.16666666666666666,0.0,0.0,2,0,1.0,1.0,0.16666666666666666,1.0,0.08333333333333333,0.0,0.0,1.0,1.0
blip2_caption,140987,dining,0.5261,3,6,1,0,1.0,1.0,0.3333333333333333,,0.0,0.0,0.16666666666666666,1,0,1.0,1.0,0.16666666666666666,,0.0,0.0,0.16666666666666666,1,0,1.0,1.0,0.08333333333333333,,0.0,0.0,0.16666666666666666,1.0,1.0
blip2_caption,141180,bedroom,0.501,4,5,3,0,1.0,1.0,1.0,1.0,0.6666666666666666,0.6,0.6,4,0,1.0,1.0,0.6666666666666666,1.0,0.5,0.8,0.8,4,0,1.0,1.0,0.3333333333333333,1.0,0.25,0.8,0.8,1.0,1.0
blip2_caption,141795,bathroom,0.4169,4,6,2,0,1.0,1.0,0.6666666666666666,1.0,0.6666666666666666,0.3333333333333333,0.3333333333333333,2,0,1.0,1.0,0.3333333333333333,1.0,0.3333333333333333,0.3333333333333333,0.3333333333333333,2,0,1.0,1.0,0.16666666666666666,1.0,0.16666666666666666,0.3333333333333333,0.3333333333333333,1.0,1.0
blip2_caption,142240,kitchen,0.373,3,5,3,0,1.0,1.0,1.0,1.0,0.6666666666666666,0.0,0.0,3,0,1.0,1.0,0.5,1.0,0.3333333333333333,0.0,0.0,3,0,1.0,1.0,0.25,1.0,0.16666666666666666,0.0,0.0,1.0,1.0
blip2_caption,142291,living room,0.4257,3,4,2,0,1.0,1.0,0.6666666666666666,1.0,0.3333333333333333,0.25,0.25,2,0,1.0,1.0,0.3333333333333333,1.0,0.16666666666666666,0.25,0.25,2,0,1.0,1.0,0.16666666666666666,1.0,0.08333333333333333,0.25,0.25,1.0,1.0
blip2_caption,149184,kitchen,0.4854,3,12,1,0,1.0,1.0,0.3333333333333333,,0.0,0.08333333333333333,0.08333333333333333,1,0,1.0,1.0,0.16666666666666666,,0.0,0.08333333333333333,0.08333333333333333,1,0,1.0,1.0,0.08333333333333333,,0.0,0.08333333333333333,0.08333333333333333,1.0,1.0
blip2_caption,150417,kitchen,0.4857,3,7,2,0,1.0,1.0,0.6666666666666666,,0.0,0.14285714285714285,0.14285714285714285,2,0,1.0,1.0,0.3333333333333333,,0.0,0.14285714285714285,0.14285714285714285,2,0,1.0,1.0,0.16666666666666666,,0.0,0.14285714285714285,0.14285714285714285,1.0,1.0
blip2_caption,150874,bedroom,0.4452,3,9,1,0,1.0,1.0,0.3333333333333333,1.0,0.3333333333333333,0.1111111111111111,0.1111111111111111,1,0,1.0,1.0,0.16666666666666666,1.0,0.16666666666666666,0.1111111111111111,0.1111111111111111,1,0,1.0,1.0,0.08333333333333333,1.0,0.08333333333333333,0.1111111111111111,0.1111111111111111,1.0,1.0
blip2_caption,151414,bedroom,0.3821,3,5,2,0,1.0,1.0,0.6666666666666666,,0.0,0.4,0.4,2,0,1.0,1.0,0.3333333333333333,,0.0,0.4,0.4,2,0,1.0,1.0,0.16666666666666666,,0.0,0.4,0.4,1.0,1.0
blip2_caption,152298,bathroom,0.3687,3,6,2,0,1.0,1.0,0.6666666666666666,1.0,0.3333333333333333,0.3333333333333333,0.3333333333333333,2,0,1.0,1.0,0.3333333333333333,1.0,0.16666666666666666,0.3333333333333333,0.3333333333333333,2,0,1.0,1.0,0.16666666666666666,1.0,0.08333333333333333,0.3333333333333333,0.3333333333333333,1.0,1.0
blip2_caption,154358,living room,0.4833,4,7,1,0,1.0,1.0,0.3333333333333333,,0.0,0.0,0.0,1,1,0.5,0.5,0.3333333333333333,,0.0,0.0,0.0,1,1,0.5,0.5,0.16666666666666666,,0.0,0.0,0.0,1.0,1.0
blip2_caption,154431,living room,0.4625,2,5,1,0,1.0,1.0,0.3333333333333333,1.0,0.3333333333333333,0.2,0.2,1,0,1.0,1.0,0.16666666666666666,1.0,0.16666666666666666,0.2,0.2,1,0,1.0,1.0,0.08333333333333333,1.0,0.08333333333333333,0.2,0.2,1.0,1.0
blip2_caption,154704,dining,0.4677,3,5,1,0,1.0,1.0,0.3333333333333333,,0.0,0.0,0.2,1,0,1.0,1.0,0.16666666666666666,,0.0,0.0,0.2,1,0,1.0,1.0,0.08333333333333333,,0.0,0.0,0.2,1.0,1.0
blip2_caption,156643,dining,0.3992,3,6,2,0,1.0,1.0,0.6666666666666666,1.0,0.3333333333333333,0.16666666666666666,0.3333333333333333,2,0,1.0,1.0,0.3333333333333333,1.0,0.16666666666666666,0.16666666666666666,0.3333333333333333,2,0,1.0,1.0,0.16666666666666666,1.0,0.08333333333333333,0.16666666666666666,0.3333333333333333,1.0,1.0
blip2_caption,157045,bathroom,0.372,4,3,2,0,1.0,1.0,0.6666666666666666,1.0,0.6666666666666666,0.6666666666666666,0.6666666666666666,2,0,1.0,1.0,0.3333333333333333,1.0,0.3333333333333333,0.6666666666666666,0.6666666666666666,2,0,1.0,1.0,0.16666666666666666,1.0,0.16666666666666666,0.6666666666666666,0.6666666666666666,1.0,1.0
blip2_caption,158880,bathroom,0.4017,3,3,1,0,1.0,1.0,0.3333333333333333,1.0,0.3333333333333333,0.3333333333333333,0.3333333333333333,1,0,1.0,1.0,0.16666666666666666,1.0,0.16666666666666666,0.3333333333333333,0.3333333333333333,1,0,1.0,1.0,0.08333333333333333,1.0,0.08333333333333333,0.3333333333333333,0.3333333333333333,1.0,1.0
blip2_caption,163589,dining,0.3975,3,4,1,0,1.0,1.0,0.3333333333333333,1.0,0.3333333333333333,0.25,0.25,1,0,1.0,1.0,0.16666666666666666,1.0,0.16666666666666666,0.25,0.25,1,0,1.0,1.0,0.08333333333333333,1.0,0.08333333333333333,0.25,0.25,1.0,1.0
blip2_caption,164005,bedroom,0.3837,3,5,3,0,1.0,1.0,1.0,1.0,0.6666666666666666,0.4,0.4,3,0,1.0,1.0,0.5,1.0,0.3333333333333333,0.4,0.4,3,0,1.0,1.0,0.25,1.0,0.16666666666666666,0.4,0.4,1.0,1.0
blip2_caption,164602,bathroom,2.1763,3,4,1,0,1.0,1.0,0.3333333333333333,,0.0,0.0,0.0,1,0,1.0,1.0,0.16666666666666666,,0.0,0.0,0.0,1,0,1.0,1.0,0.08333333333333333,,0.0,0.0,0.0,1.0,1.0
blip2_caption,166313,bathroom,0.4133,4,4,2,0,1.0,1.0,0.6666666666666666,1.0,0.6666666666666666,0.5,0.5,3,0,1.0,1.0,0.5,1.0,0.5,0.75,0.75,3,0,1.0,1.0,0.25,1.0,0.25,0.75,0.75,1.0,1.0
blip2_caption,166426,dining,0.4926,3,6,1,0,1.0,1.0,0.3333333333333333,1.0,0.3333333333333333,0.16666666666666666,0.3333333333333333,1,0,1.0,1.0,0.16666666666666666,1.0,0.16666666666666666,0.16666666666666666,0.3333333333333333,1,0,1.0,1.0,0.08333333333333333,1.0,0.08333333333333333,0.16666666666666666,0.3333333333333333,1.0,1.0
blip2_caption,166533,kitchen,0.3384,3,5,2,0,1.0,1.0,0.6666666666666666,1.0,0.3333333333333333,0.2,0.2,2,0,1.0,1.0,0.3333333333333333,1.0,0.16666666666666666,0.2,0.2,2,0,1.0,1.0,0.16666666666666666,1.0,0.08333333333333333,0.2,0.2,1.0,1.0
blip2_caption,167898,bathroom,0.4491,4,7,2,0,1.0,1.0,0.6666666666666666,1.0,0.3333333333333333,0.2857142857142857,0.2857142857142857,3,0,1.0,1.0,0.5,1.0,0.3333333333333333,0.42857142857142855,0.42857142857142855,3,0,1.0,1.0,0.25,1.0,0.16666666666666666,0.42857142857142855,0.42857142857142855,1.0,1.0
blip2_caption,170191,bedroom,0.5003,3,3,2,0,1.0,1.0,0.6666666666666666,1.0,0.3333333333333333,0.3333333333333333,0.3333333333333333,2,0,1.0,1.0,0.3333333333333333,1.0,0.16666666666666666,0.3333333333333333,0.3333333333333333,2,0,1.0,1.0,0.16666666666666666,1.0,0.08333333333333333,0.3333333333333333,0.3333333333333333,1.0,1.0
blip2_caption,170529,bedroom,0.4057,3,4,1,0,1.0,1.0,0.3333333333333333,1.0,0.3333333333333333,0.25,0.25,1,0,1.0,1.0,0.16666666666666666,1.0,0.16666666666666666,0.25,0.25,1,0,1.0,1.0,0.08333333333333333,1.0,0.08333333333333333,0.25,0.25,1.0,1.0
blip2_caption,171740,living room,0.5179,3,4,2,0,1.0,1.0,0.6666666666666666,1.0,0.6666666666666666,0.5,0.5,2,0,1.0,1.0,0.3333333333333333,1.0,0.3333333333333333,0.5,0.5,2,0,1.0,1.0,0.16666666666666666,1.0,0.16666666666666666,0.5,0.5,1.0,1.0
blip2_caption,173968,bathroom,0.3767,3,5,1,0,1.0,1.0,0.3333333333333333,1.0,0.3333333333333333,0.2,0.2,1,0,1.0,1.0,0.16666666666666666,1.0,0.16666666666666666,0.2,0.2,1,0,1.0,1.0,0.08333333333333333,1.0,0.08333333333333333,0.2,0.2,1.0,1.0
blip2_caption,174964,bedroom,0.4313,4,6,1,0,1.0,1.0,0.3333333333333333,1.0,0.3333333333333333,0.16666666666666666,0.16666666666666666,1,0,1.0,1.0,0.16666666666666666,1.0,0.16666666666666666,0.16666666666666666,0.16666666666666666,1,0,1.0,1.0,0.08333333333333333,1.0,0.08333333333333333,0.16666666666666666,0.16666666666666666,1.0,1.0
blip2_caption,175364,kitchen,0.42,3,8,0,0,,,0.0,,0.0,0.0,0.0,0,0,,,0.0,,0.0,0.0,0.0,0,0,,,0.0,,0.0,0.0,0.0,0.0,0.0
blip2_caption,177824,living room,0.4218,3,7,1,0,1.0,1.0,0.3333333333333333,,0.0,0.14285714285714285,0.14285714285714285,1,0,1.0,1.0,0.16666666666666666,,0.0,0.14285714285714285,0.14285714285714285,1,0,1.0,1.0,0.08333333333333333,,0.0,0.14285714285714285,0.14285714285714285,1.0,1.0
blip2_caption,178504,bedroom,0.3501,3,3,2,0,1.0,1.0,0.6666666666666666,1.0,0.3333333333333333,0.3333333333333333,0.3333333333333333,2,0,1.0,1.0,0.3333333333333333,1.0,0.16666666666666666,0.3333333333333333,0.3333333333333333,2,0,1.0,1.0,0.16666666666666666,1.0,0.08333333333333333,0.3333333333333333,0.3333333333333333,1.0,1.0
blip2_caption,178690,living room,0.3982,3,5,1,0,1.0,1.0,0.3333333333333333,,0.0,0.2,0.2,1,0,1.0,1.0,0.16666666666666666,,0.0,0.2,0.2,1,0,1.0,1.0,0.08333333333333333,,0.0,0.2,0.2,1.0,1.0
blip2_caption,180908,bedroom,0.3836,3,6,1,1,0.5,0.5,0.6666666666666666,1.0,0.3333333333333333,0.16666666666666666,0.16666666666666666,1,1,0.5,0.5,0.3333333333333333,1.0,0.16666666666666666,0.16666666666666666,0.16666666666666666,1,1,0.5,0.5,0.16666666666666666,1.0,0.08333333333333333,0.16666666666666666,0.16666666666666666,1.0,1.0
blip2_caption,185633,bathroom,0.4326,4,5,2,0,1.0,1.0,0.6666666666666666,1.0,0.6666666666666666,0.4,0.4,2,1,0.6666666666666666,0.6666666666666666,0.5,1.0,0.3333333333333333,0.4,0.4,2,1,0.6666666666666666,0.6666666666666666,0.25,1.0,0.16666666666666666,0.4,0.4,1.0,1.0
blip2_caption,187243,bathroom,0.3725,3,5,1,0,1.0,1.0,0.3333333333333333,,0.0,0.0,0.0,1,0,1.0,1.0,0.16666666666666666,,0.0,0.0,0.0,1,0,1.0,1.0,0.08333333333333333,,0.0,0.0,0.0,1.0,1.0
blip2_caption,189045,bedroom,0.4909,4,3,0,0,,,0.0,,0.0,0.0,0.0,1,0,1.0,1.0,0.16666666666666666,1.0,0.16666666666666666,0.3333333333333333,0.3333333333333333,1,0,1.0,1.0,0.08333333333333333,1.0,0.08333333333333333,0.3333333333333333,0.3333333333333333,0.0,0.0
blip2_caption,191997,kitchen,0.3642,2,4,1,0,1.0,1.0,0.3333333333333333,1.0,0.3333333333333333,0.25,0.25,1,0,1.0,1.0,0.16666666666666666,1.0,0.16666666666666666,0.25,0.25,1,0,1.0,1.0,0.08333333333333333,1.0,0.08333333333333333,0.25,0.25,1.0,1.0
blip2_caption,193047,kitchen,0.4292,3,5,1,0,1.0,1.0,0.3333333333333333,,0.0,0.0,0.0,1,0,1.0,1.0,0.16666666666666666,,0.0,0.0,0.0,1,0,1.0,1.0,0.08333333333333333,,0.0,0.0,0.0,1.0,1.0
blip2_caption,194724,kitchen,0.2947,2,9,2,0,1.0,1.0,0.6666666666666666,1.0,0.6666666666666666,0.2222222222222222,0.2222222222222222,2,0,1.0,1.0,0.3333333333333333,1.0,0.3333333333333333,0.2222222222222222,0.2222222222222222,2,0,1.0,1.0,0.16666666666666666,1.0,0.16666666666666666,0.2222222222222222,0.2222222222222222,1.0,1.0
blip2_caption,195754,living room,0.4841,3,5,2,0,1.0,1.0,0.6666666666666666,1.0,0.6666666666666666,0.2,0.2,2,0,1.0,1.0,0.3333333333333333,1.0,0.3333333333333333,0.2,0.2,2,0,1.0,1.0,0.16666666666666666,1.0,0.16666666666666666,0.2,0.2,1.0,1.0
blip2_caption,199502,bedroom,0.5359,4,4,2,0,1.0,1.0,0.6666666666666666,1.0,0.6666666666666666,0.5,0.5,3,0,1.0,1.0,0.5,1.0,0.5,0.75,0.75,3,0,1.0,1.0,0.25,1.0,0.25,0.75,0.75,1.0,1.0
blip2_caption,200548,bathroom,0.4031,4,4,2,0,1.0,1.0,0.6666666666666666,1.0,0.3333333333333333,0.5,0.5,3,0,1.0,1.0,0.5,1.0,0.3333333333333333,0.75,0.75,3,0,1.0,1.0,0.25,1.0,0.16666666666666666,0.75,0.75,1.0,1.0
blip2_caption,200952,bedroom,0.5215,5,7,2,0,1.0,1.0,0.6666666666666666,,0.0,0.2857142857142857,0.2857142857142857,4,0,1.0,1.0,0.6666666666666666,1.0,0.3333333333333333,0.42857142857142855,0.42857142857142855,4,0,1.0,1.0,0.3333333333333333,1.0,0.16666666666666666,0.42857142857142855,0.42857142857142855,1.0,1.0
blip2_caption,204661,living room,0.435,3,4,2,0,1.0,1.0,0.6666666666666666,1.0,0.3333333333333333,0.25,0.25,2,0,1.0,1.0,0.3333333333333333,1.0,0.16666666666666666,0.25,0.25,2,0,1.0,1.0,0.16666666666666666,1.0,0.08333333333333333,0.25,0.25,1.0,1.0
blip2_caption,205514,living room,0.4548,3,6,1,0,1.0,1.0,0.3333333333333333,1.0,0.3333333333333333,0.16666666666666666,0.16666666666666666,1,0,1.0,1.0,0.16666666666666666,1.0,0.16666666666666666,0.16666666666666666,0.16666666666666666,1,0,1.0,1.0,0.08333333333333333,1.0,0.08333333333333333,0.16666666666666666,0.16666666666666666,1.0,1.0
blip2_caption,206395,living room,0.4296,3,4,1,0,1.0,1.0,0.3333333333333333,1.0,0.3333333333333333,0.25,0.25,1,0,1.0,1.0,0.16666666666666666,1.0,0.16666666666666666,0.25,0.25,1,0,1.0,1.0,0.08333333333333333,1.0,0.08333333333333333,0.25,0.25,1.0,1.0
blip2_caption,208778,bedroom,0.3878,2,4,2,0,1.0,1.0,0.6666666666666666,1.0,0.3333333333333333,0.25,0.25,2,0,1.0,1.0,0.3333333333333333,1.0,0.16666666666666666,0.25,0.25,2,0,1.0,1.0,0.16666666666666666,1.0,0.08333333333333333,0.25,0.25,1.0,1.0
blip2_caption,209802,bathroom,0.3828,4,5,2,0,1.0,1.0,0.6666666666666666,1.0,0.3333333333333333,0.4,0.4,2,0,1.0,1.0,0.3333333333333333,1.0,0.16666666666666666,0.4,0.4,2,0,1.0,1.0,0.16666666666666666,1.0,0.08333333333333333,0.4,0.4,1.0,1.0
blip2_caption,210612,bedroom,0.4058,4,4,1,0,1.0,1.0,0.3333333333333333,1.0,0.3333333333333333,0.25,0.25,2,0,1.0,1.0,0.3333333333333333,1.0,0.3333333333333333,0.5,0.5,2,0,1.0,1.0,0.16666666666666666,1.0,0.16666666666666666,0.5,0.5,1.0,1.0
blip2_caption,215746,dining,0.4287,2,5,1,0,1.0,1.0,0.3333333333333333,1.0,0.3333333333333333,0.0,0.2,1,0,1.0,1.0,0.16666666666666666,1.0,0.16666666666666666,0.0,0.2,1,0,1.0,1.0,0.08333333333333333,1.0,0.08333333333333333,0.0,0.2,1.0,1.0
blip2_caption,217546,living room,0.4627,3,11,1,0,1.0,1.0,0.3333333333333333,1.0,0.3333333333333333,0.09090909090909091,0.09090909090909091,1,0,1.0,1.0,0.16666666666666666,1.0,0.16666666666666666,0.09090909090909091,0.09090909090909091,1,0,1.0,1.0,0.08333333333333333,1.0,0.08333333333333333,0.09090909090909091,0.09090909090909091,1.0,1.0
blip2_caption,218091,bedroom,0.4429,4,10,2,0,1.0,1.0,0.6666666666666666,1.0,0.6666666666666666,0.2,0.2,3,0,1.0,1.0,0.5,1.0,0.3333333333333333,0.3,0.3,3,0,1.0,1.0,0.25,1.0,0.16666666666666666,0.3,0.3,1.0,1.0
blip2_caption,222625,living room,0.5239,4,5,1,0,1.0,1.0,0.3333333333333333,,0.0,0.0,0.0,1,0,1.0,1.0,0.16666666666666666,,0.0,0.0,0.0,1,0,1.0,1.0,0.08333333333333333,,0.0,0.0,0.0,1.0,1.0
blip2_caption,223500,kitchen,0.3873,3,9,1,0,1.0,1.0,0.3333333333333333,,0.0,0.1111111111111111,0.1111111111111111,1,0,1.0,1.0,0.16666666666666666,,0.0,0.1111111111111111,0.1111111111111111,1,0,1.0,1.0,0.08333333333333333,,0.0,0.1111111111111111,0.1111111111111111,1.0,1.0
blip2_caption,224367,bedroom,0.3653,3,5,2,0,1.0,1.0,0.6666666666666666,1.0,0.6666666666666666,0.4,0.4,2,0,1.0,1.0,0.3333333333333333,1.0,0.3333333333333333,0.4,0.4,2,0,1.0,1.0,0.16666666666666666,1.0,0.16666666666666666,0.4,0.4,1.0,1.0
blip2_caption,226329,living room,0.4378,3,4,1,0,1.0,1.0,0.3333333333333333,1.0,0.3333333333333333,0.0,0.0,1,0,1.0,1.0,0.16666666666666666,1.0,0.16666666666666666,0.0,0.0,1,0,1.0,1.0,0.08333333333333333,1.0,0.08333333333333333,0.0,0.0,1.0,1.0
blip2_caption,227985,dining,0.399,3,3,2,0,1.0,1.0,0.6666666666666666,1.0,0.6666666666666666,0.3333333333333333,0.3333333333333333,2,0,1.0,1.0,0.3333333333333333,1.0,0.3333333333333333,0.3333333333333333,0.3333333333333333,2,0,1.0,1.0,0.16666666666666666,1.0,0.16666666666666666,0.3333333333333333,0.3333333333333333,1.0,1.0
blip2_caption,232088,living room,0.4627,3,7,2,0,1.0,1.0,0.6666666666666666,1.0,0.3333333333333333,0.2857142857142857,0.2857142857142857,2,0,1.0,1.0,0.3333333333333333,1.0,0.16666666666666666,0.2857142857142857,0.2857142857142857,2,0,1.0,1.0,0.16666666666666666,1.0,0.08333333333333333,0.2857142857142857,0.2857142857142857,1.0,1.0
blip2_caption,232649,bathroom,0.399,3,5,1,0,1.0,1.0,0.3333333333333333,,0.0,0.0,0.0,1,0,1.0,1.0,0.16666666666666666,,0.0,0.0,0.0,1,0,1.0,1.0,0.08333333333333333,,0.0,0.0,0.0,1.0,1.0
blip2_caption,234779,dining,0.3406,2,3,1,0,1.0,1.0,0.3333333333333333,1.0,0.3333333333333333,0.3333333333333333,0.3333333333333333,1,0,1.0,1.0,0.16666666666666666,1.0,0.16666666666666666,0.3333333333333333,0.3333333333333333,1,0,1.0,1.0,0.08333333333333333,1.0,0.08333333333333333,0.3333333333333333,0.3333333333333333,1.0,1.0
blip2_caption,238154,bedroom,0.3369,2,7,1,0,1.0,1.0,0.3333333333333333,1.0,0.3333333333333333,0.14285714285714285,0.14285714285714285,1,0,1.0,1.0,0.16666666666666666,1.0,0.16666666666666666,0.14285714285714285,0.14285714285714285,1,0,1.0,1.0,0.08333333333333333,1.0,0.08333333333333333,0.14285714285714285,0.14285714285714285,1.0,1.0
blip2_caption,239013,living room,0.453,3,9,1,0,1.0,1.0,0.3333333333333333,1.0,0.3333333333333333,0.1111111111111111,0.2222222222222222,1,0,1.0,1.0,0.16666666666666666,1.0,0.16666666666666666,0.1111111111111111,0.2222222222222222,1,0,1.0,1.0,0.08333333333333333,1.0,0.08333333333333333,0.1111111111111111,0.2222222222222222,1.0,1.0
blip2_caption,240043,kitchen,0.4276,2,4,2,0,1.0,1.0,0.6666666666666666,1.0,0.3333333333333333,0.25,0.25,2,0,1.0,1.0,0.3333333333333333,1.0,0.16666666666666666,0.25,0.25,2,0,1.0,1.0,0.16666666666666666,1.0,0.08333333333333333,0.25,0.25,1.0,1.0
blip2_caption,240965,dining,0.4031,4,3,2,0,1.0,1.0,0.6666666666666666,1.0,0.6666666666666666,0.0,0.0,3,0,1.0,1.0,0.5,1.0,0.5,0.3333333333333333,0.3333333333333333,3,0,1.0,1.0,0.25,1.0,0.25,0.3333333333333333,0.3333333333333333,1.0,1.0
blip2_caption,242296,living room,0.3708,3,6,1,0,1.0,1.0,0.3333333333333333,1.0,0.3333333333333333,0.16666666666666666,0.16666666666666666,1,0,1.0,1.0,0.16666666666666666,1.0,0.16666666666666666,0.16666666666666666,0.16666666666666666,1,0,1.0,1.0,0.08333333333333333,1.0,0.08333333333333333,0.16666666666666666,0.16666666666666666,1.0,1.0
blip2_caption,242610,bedroom,0.4432,3,4,2,0,1.0,1.0,0.6666666666666666,1.0,0.3333333333333333,0.25,0.25,2,0,1.0,1.0,0.3333333333333333,1.0,0.16666666666666666,0.25,0.25,2,0,1.0,1.0,0.16666666666666666,1.0,0.08333333333333333,0.25,0.25,1.0,1.0
blip2_caption,245230,kitchen,0.359,3,9,1,0,1.0,1.0,0.3333333333333333,,0.0,0.1111111111111111,0.1111111111111111,1,0,1.0,1.0,0.16666666666666666,,0.0,0.1111111111111111,0.1111111111111111,1,0,1.0,1.0,0.08333333333333333,,0.0,0.1111111111111111,0.1111111111111111,1.0,1.0
blip2_caption,247839,dining,0.4238,3,11,1,0,1.0,1.0,0.3333333333333333,1.0,0.3333333333333333,0.09090909090909091,0.18181818181818182,1,0,1.0,1.0,0.16666666666666666,1.0,0.16666666666666666,0.09090909090909091,0.18181818181818182,1,0,1.0,1.0,0.08333333333333333,1.0,0.08333333333333333,0.09090909090909091,0.18181818181818182,1.0,1.0
blip2_caption,252127,bedroom,0.3276,3,4,2,0,1.0,1.0,0.6666666666666666,1.0,0.6666666666666666,0.5,0.5,2,0,1.0,1.0,0.3333333333333333,1.0,0.3333333333333333,0.5,0.5,2,0,1.0,1.0,0.16666666666666666,1.0,0.16666666666666666,0.5,0.5,1.0,1.0
blip2_caption,255654,bathroom,0.3473,3,4,1,1,0.5,0.5,0.6666666666666666,1.0,0.3333333333333333,0.25,0.25,1,1,0.5,0.5,0.3333333333333333,1.0,0.16666666666666666,0.25,0.25,1,1,0.5,0.5,0.16666666666666666,1.0,0.08333333333333333,0.25,0.25,1.0,1.0
blip2_caption,256518,dining,0.3268,2,7,0,0,,,0.0,,0.0,0.0,0.0,0,0,,,0.0,,0.0,0.0,0.0,0,0,,,0.0,,0.0,0.0,0.0,0.0,0.0
blip2_caption,257370,living room,0.3053,2,4,0,0,,,0.0,,0.0,0.0,0.0,0,0,,,0.0,,0.0,0.0,0.0,0,0,,,0.0,,0.0,0.0,0.0,0.0,0.0
blip2_caption,257660,bathroom,0.394,2,5,1,0,1.0,1.0,0.3333333333333333,1.0,0.3333333333333333,0.2,0.2,1,0,1.0,1.0,0.16666666666666666,1.0,0.16666666666666666,0.2,0.2,1,0,1.0,1.0,0.08333333333333333,1.0,0.08333333333333333,0.2,0.2,1.0,1.0
blip2_caption,257773,kitchen,0.4941,3,6,1,0,1.0,1.0,0.3333333333333333,,0.0,0.0,0.0,1,0,1.0,1.0,0.16666666666666666,,0.0,0.0,0.0,1,0,1.0,1.0,0.08333333333333333,,0.0,0.0,0.0,1.0,1.0
blip2_caption,260721,living room,0.3715,3,7,2,0,1.0,1.0,0.6666666666666666,1.0,0.6666666666666666,0.14285714285714285,0.14285714285714285,2,0,1.0,1.0,0.3333333333333333,1.0,0.3333333333333333,0.14285714285714285,0.14285714285714285,2,0,1.0,1.0,0.16666666666666666,1.0,0.16666666666666666,0.14285714285714285,0.14285714285714285,1.0,1.0
blip2_caption,264347,kitchen,0.4229,3,8,0,0,,,0.0,,0.0,0.0,0.0,0,0,,,0.0,,0.0,0.0,0.0,0,0,,,0.0,,0.0,0.0,0.0,0.0,0.0
blip2_caption,266422,living room,0.4315,4,6,2,0,1.0,1.0,0.6666666666666666,1.0,0.3333333333333333,0.3333333333333333,0.3333333333333333,2,0,1.0,1.0,0.3333333333333333,1.0,0.16666666666666666,0.3333333333333333,0.5,2,0,1.0,1.0,0.16666666666666666,1.0,0.08333333333333333,0.3333333333333333,0.5,1.0,1.0
blip2_caption,268213,kitchen,0.3677,3,6,2,0,1.0,1.0,0.6666666666666666,1.0,0.6666666666666666,0.16666666666666666,0.16666666666666666,2,0,1.0,1.0,0.3333333333333333,1.0,0.3333333333333333,0.16666666666666666,0.16666666666666666,2,0,1.0,1.0,0.16666666666666666,1.0,0.16666666666666666,0.16666666666666666,0.16666666666666666,1.0,1.0
blip2_caption,268378,dining,0.37,2,6,0,0,,1.0,0.0,,0.0,0.0,0.16666666666666666,0,0,,1.0,0.0,,0.0,0.0,0.16666666666666666,0,0,,1.0,0.0,,0.0,0.0,0.16666666666666666,0.0,1.0
blip2_caption,271167,bathroom,0.3719,2,5,2,0,1.0,1.0,0.6666666666666666,1.0,0.3333333333333333,0.2,0.2,2,0,1.0,1.0,0.3333333333333333,1.0,0.16666666666666666,0.2,0.2,2,0,1.0,1.0,0.16666666666666666,1.0,0.08333333333333333,0.2,0.2,1.0,1.0
blip2_caption,271728,living room,0.4325,3,9,2,0,1.0,1.0,0.6666666666666666,1.0,0.6666666666666666,0.2222222222222222,0.2222222222222222,2,0,1.0,1.0,0.3333333333333333,1.0,0.3333333333333333,0.2222222222222222,0.2222222222222222,2,0,1.0,1.0,0.16666666666666666,1.0,0.16666666666666666,0.2222222222222222,0.2222222222222222,1.0,1.0
blip2_caption,272203,bedroom,0.4629,4,5,1,0,1.0,1.0,0.3333333333333333,1.0,0.3333333333333333,0.2,0.4,1,0,1.0,1.0,0.16666666666666666,1.0,0.16666666666666666,0.2,0.4,1,0,1.0,1.0,0.08333333333333333,1.0,0.08333333333333333,0.2,0.4,1.0,1.0
blip2_caption,274352,dining,0.3708,2,10,0,0,,1.0,0.0,,0.0,0.0,0.1,0,0,,1.0,0.0,,0.0,0.0,0.1,0,0,,1.0,0.0,,0.0,0.0,0.1,0.0,1.0
blip2_caption,275374,bedroom,0.4157,3,5,1,1,0.5,0.5,0.6666666666666666,1.0,0.3333333333333333,0.2,0.2,1,1,0.5,0.5,0.3333333333333333,1.0,0.16666666666666666,0.2,0.2,1,1,0.5,0.5,0.16666666666666666,1.0,0.08333333333333333,0.2,0.2,1.0,1.0
blip2_caption,277507,bedroom,0.3413,2,4,1,0,1.0,1.0,0.3333333333333333,1.0,0.3333333333333333,0.25,0.25,1,0,1.0,1.0,0.16666666666666666,1.0,0.16666666666666666,0.25,0.25,1,0,1.0,1.0,0.08333333333333333,1.0,0.08333333333333333,0.25,0.25,1.0,1.0
blip2_caption,283717,kitchen,0.4762,2,4,1,0,1.0,1.0,0.3333333333333333,1.0,0.3333333333333333,0.25,0.25,1,0,1.0,1.0,0.16666666666666666,1.0,0.16666666666666666,0.25,0.25,1,0,1.0,1.0,0.08333333333333333,1.0,0.08333333333333333,0.25,0.25,1.0,1.0
blip2_caption,285400,dining,0.3375,2,3,1,0,1.0,1.0,0.3333333333333333,1.0,0.3333333333333333,0.3333333333333333,0.3333333333333333,1,0,1.0,1.0,0.16666666666666666,1.0,0.16666666666666666,0.3333333333333333,0.3333333333333333,1,0,1.0,1.0,0.08333333333333333,1.0,0.08333333333333333,0.3333333333333333,0.3333333333333333,1.0,1.0
blip2_caption,290771,living room,0.5163,3,7,0,0,,,0.0,,0.0,0.0,0.0,0,0,,,0.0,,0.0,0.0,0.0,0,0,,,0.0,,0.0,0.0,0.0,0.0,0.0
blip2_caption,293390,bathroom,0.3812,3,5,1,0,1.0,1.0,0.3333333333333333,1.0,0.3333333333333333,0.2,0.2,1,0,1.0,1.0,0.16666666666666666,1.0,0.16666666666666666,0.2,0.2,1,0,1.0,1.0,0.08333333333333333,1.0,0.08333333333333333,0.2,0.2,1.0,1.0
blip2_caption,296205,living room,0.4271,3,4,3,0,1.0,1.0,1.0,1.0,0.6666666666666666,0.5,0.5,3,0,1.0,1.0,0.5,1.0,0.3333333333333333,0.5,0.5,3,0,1.0,1.0,0.25,1.0,0.16666666666666666,0.5,0.5,1.0,1.0
blip2_caption,297353,bedroom,0.3627,3,4,3,0,1.0,1.0,1.0,1.0,0.6666666666666666,0.25,0.25,3,0,1.0,1.0,0.5,1.0,0.3333333333333333,0.25,0.25,3,0,1.0,1.0,0.25,1.0,0.16666666666666666,0.25,0.25,1.0,1.0
blip2_caption,299632,bedroom,0.4658,3,5,1,0,1.0,1.0,0.3333333333333333,1.0,0.3333333333333333,0.2,0.4,1,0,1.0,1.0,0.16666666666666666,1.0,0.16666666666666666,0.2,0.4,1,0,1.0,1.0,0.08333333333333333,1.0,0.08333333333333333,0.2,0.4,1.0,1.0
blip2_caption,300882,bedroom,0.3873,3,4,1,0,1.0,1.0,0.3333333333333333,1.0,0.3333333333333333,0.25,0.25,1,0,1.0,1.0,0.16666666666666666,1.0,0.16666666666666666,0.25,0.25,1,0,1.0,1.0,0.08333333333333333,1.0,0.08333333333333333,0.25,0.25,1.0,1.0
blip2_caption,302680,living room,0.5468,4,9,2,0,1.0,1.0,0.6666666666666666,1.0,0.6666666666666666,0.2222222222222222,0.2222222222222222,3,0,1.0,1.0,0.5,1.0,0.5,0.2222222222222222,0.2222222222222222,3,0,1.0,1.0,0.25,1.0,0.25,0.2222222222222222,0.2222222222222222,1.0,1.0
blip2_caption,303002,bathroom,0.3739,3,4,2,0,1.0,1.0,0.6666666666666666,1.0,0.3333333333333333,0.5,0.5,2,0,1.0,1.0,0.3333333333333333,1.0,0.16666666666666666,0.5,0.5,2,0,1.0,1.0,0.16666666666666666,1.0,0.08333333333333333,0.5,0.5,1.0,1.0
blip2_caption,303520,kitchen,0.3917,0,8,0,0,,,0.0,,0.0,0.0,0.0,0,0,,,0.0,,0.0,0.0,0.0,0,0,,,0.0,,0.0,0.0,0.0,0.0,0.0
blip2_caption,304827,kitchen,0.3848,3,5,1,0,1.0,1.0,0.3333333333333333,1.0,0.3333333333333333,0.2,0.2,1,0,1.0,1.0,0.16666666666666666,1.0,0.16666666666666666,0.2,0.2,1,0,1.0,1.0,0.08333333333333333,1.0,0.08333333333333333,0.2,0.2,1.0,1.0
blip2_caption,306733,bathroom,0.3717,3,6,1,0,1.0,1.0,0.3333333333333333,,0.0,0.16666666666666666,0.16666666666666666,1,0,1.0,1.0,0.16666666666666666,,0.0,0.16666666666666666,0.16666666666666666,1,0,1.0,1.0,0.08333333333333333,,0.0,0.16666666666666666,0.16666666666666666,1.0,1.0
blip2_caption,308507,kitchen,0.3661,3,6,1,0,1.0,1.0,0.3333333333333333,,0.0,0.16666666666666666,0.16666666666666666,1,0,1.0,1.0,0.16666666666666666,,0.0,0.16666666666666666,0.16666666666666666,1,0,1.0,1.0,0.08333333333333333,,0.0,0.16666666666666666,0.16666666666666666,1.0,1.0
blip2_caption,309060,kitchen,0.5802,4,9,2,0,1.0,1.0,0.6666666666666666,1.0,0.3333333333333333,0.1111111111111111,0.1111111111111111,2,0,1.0,1.0,0.3333333333333333,1.0,0.16666666666666666,0.1111111111111111,0.1111111111111111,2,0,1.0,1.0,0.16666666666666666,1.0,0.08333333333333333,0.1111111111111111,0.1111111111111111,1.0,1.0
blip2_caption,309553,bedroom,0.4123,3,4,2,0,1.0,1.0,0.6666666666666666,1.0,0.6666666666666666,0.5,0.5,2,0,1.0,1.0,0.3333333333333333,1.0,0.3333333333333333,0.5,0.5,2,0,1.0,1.0,0.16666666666666666,1.0,0.16666666666666666,0.5,0.5,1.0,1.0
blip2_caption,311868,bathroom,0.4103,4,5,2,0,1.0,1.0,0.6666666666666666,1.0,0.3333333333333333,0.4,0.4,3,0,1.0,1.0,0.5,1.0,0.3333333333333333,0.6,0.6,3,0,1.0,1.0,0.25,1.0,0.16666666666666666,0.6,0.6,1.0,1.0
blip2_caption,313130,kitchen,0.4057,3,6,2,0,1.0,1.0,0.6666666666666666,1.0,0.6666666666666666,0.3333333333333333,0.3333333333333333,2,0,1.0,1.0,0.3333333333333333,1.0,0.3333333333333333,0.3333333333333333,0.3333333333333333,2,0,1.0,1.0,0.16666666666666666,1.0,0.16666666666666666,0.3333333333333333,0.3333333333333333,1.0,1.0
blip2_caption,315256,bedroom,0.44,4,5,2,0,1.0,1.0,0.6666666666666666,1.0,0.6666666666666666,0.4,0.4,2,0,1.0,1.0,0.3333333333333333,1.0,0.3333333333333333,0.4,0.4,2,0,1.0,1.0,0.16666666666666666,1.0,0.16666666666666666,0.4,0.4,1.0,1.0
blip2_caption,315641,kitchen,0.3888,3,5,2,0,1.0,1.0,0.6666666666666666,1.0,0.3333333333333333,0.2,0.2,2,0,1.0,1.0,0.3333333333333333,1.0,0.16666666666666666,0.2,0.2,2,0,1.0,1.0,0.16666666666666666,1.0,0.08333333333333333,0.2,0.2,1.0,1.0
blip2_caption,319935,bedroom,0.4524,3,10,2,0,1.0,1.0,0.6666666666666666,1.0,0.3333333333333333,0.2,0.2,2,0,1.0,1.0,0.3333333333333333,1.0,0.16666666666666666,0.2,0.2,2,0,1.0,1.0,0.16666666666666666,1.0,0.08333333333333333,0.2,0.2,1.0,1.0
blip2_caption,325078,bathroom,0.4366,4,4,2,0,1.0,1.0,0.6666666666666666,1.0,0.6666666666666666,0.5,0.5,3,0,1.0,1.0,0.5,1.0,0.5,0.5,0.5,3,0,1.0,1.0,0.25,1.0,0.25,0.5,0.5,1.0,1.0
blip2_caption,329455,dining,0.3989,2,6,1,0,1.0,1.0,0.3333333333333333,1.0,0.3333333333333333,0.16666666666666666,0.3333333333333333,1,0,1.0,1.0,0.16666666666666666,1.0,0.16666666666666666,0.16666666666666666,0.3333333333333333,1,0,1.0,1.0,0.08333333333333333,1.0,0.08333333333333333,0.16666666666666666,0.3333333333333333,1.0,1.0
blip2_caption,341741,bedroom,0.4678,3,4,2,0,1.0,1.0,0.6666666666666666,1.0,0.6666666666666666,0.5,0.5,2,0,1.0,1.0,0.3333333333333333,1.0,0.3333333333333333,0.5,0.5,2,0,1.0,1.0,0.16666666666666666,1.0,0.16666666666666666,0.5,0.5,1.0,1.0
blip2_caption,343662,bedroom,0.4016,2,3,2,0,1.0,1.0,0.6666666666666666,1.0,0.6666666666666666,0.6666666666666666,0.6666666666666666,2,0,1.0,1.0,0.3333333333333333,1.0,0.3333333333333333,0.6666666666666666,0.6666666666666666,2,0,1.0,1.0,0.16666666666666666,1.0,0.16666666666666666,0.6666666666666666,0.6666666666666666,1.0,1.0
blip2_caption,348708,dining,0.4323,3,3,2,0,1.0,1.0,0.6666666666666666,1.0,0.6666666666666666,0.6666666666666666,1.0,2,0,1.0,1.0,0.3333333333333333,1.0,0.3333333333333333,0.6666666666666666,1.0,2,0,1.0,1.0,0.16666666666666666,1.0,0.16666666666666666,0.6666666666666666,1.0,1.0,1.0
blip2_caption,350230,kitchen,0.4286,3,9,2,0,1.0,1.0,0.6666666666666666,1.0,0.3333333333333333,0.0,0.0,2,0,1.0,1.0,0.3333333333333333,1.0,0.16666666666666666,0.0,0.0,2,0,1.0,1.0,0.16666666666666666,1.0,0.08333333333333333,0.0,0.0,1.0,1.0
blip2_caption,355430,dining,0.5217,3,10,1,0,1.0,1.0,0.3333333333333333,,0.0,0.1,0.2,1,0,1.0,1.0,0.16666666666666666,,0.0,0.1,0.2,1,0,1.0,1.0,0.08333333333333333,,0.0,0.1,0.2,1.0,1.0
blip2_caption,358465,bedroom,0.3667,2,3,2,0,1.0,1.0,0.6666666666666666,1.0,0.6666666666666666,0.6666666666666666,0.6666666666666666,2,0,1.0,1.0,0.3333333333333333,1.0,0.3333333333333333,0.6666666666666666,0.6666666666666666,2,0,1.0,1.0,0.16666666666666666,1.0,0.16666666666666666,0.6666666666666666,0.6666666666666666,1.0,1.0
blip2_caption,358525,bedroom,0.3085,2,4,2,0,1.0,1.0,0.6666666666666666,1.0,0.3333333333333333,0.25,0.25,2,0,1.0,1.0,0.3333333333333333,1.0,0.16666666666666666,0.25,0.25,2,0,1.0,1.0,0.16666666666666666,1.0,0.08333333333333333,0.25,0.25,1.0,1.0
blip2_caption,362278,bathroom,0.4047,4,4,1,0,1.0,1.0,0.3333333333333333,1.0,0.3333333333333333,0.25,0.25,2,0,1.0,1.0,0.3333333333333333,1.0,0.3333333333333333,0.5,0.5,2,0,1.0,1.0,0.16666666666666666,1.0,0.16666666666666666,0.5,0.5,1.0,1.0
blip2_caption,367386,living room,0.4531,3,11,1,0,1.0,1.0,0.3333333333333333,1.0,0.3333333333333333,0.09090909090909091,0.18181818181818182,1,0,1.0,1.0,0.16666666666666666,1.0,0.16666666666666666,0.09090909090909091,0.18181818181818182,1,0,1.0,1.0,0.08333333333333333,1.0,0.08333333333333333,0.09090909090909091,0.18181818181818182,1.0,1.0
blip2_caption,367569,living room,0.519,3,8,2,0,1.0,1.0,0.6666666666666666,1.0,0.6666666666666666,0.0,0.0,2,0,1.0,1.0,0.3333333333333333,1.0,0.3333333333333333,0.0,0.0,2,0,1.0,1.0,0.16666666666666666,1.0,0.16666666666666666,0.0,0.0,1.0,1.0
blip2_caption,368349,bathroom,0.405,4,4,2,0,1.0,1.0,0.6666666666666666,1.0,0.6666666666666666,0.5,0.5,3,0,1.0,1.0,0.5,1.0,0.5,0.5,0.5,3,0,1.0,1.0,0.25,1.0,0.25,0.5,0.5,1.0,1.0
blip2_caption,369373,living room,0.4345,3,6,0,0,,,0.0,,0.0,0.0,0.0,0,0,,,0.0,,0.0,0.0,0.0,0,0,,,0.0,,0.0,0.0,0.0,0.0,0.0
blip2_caption,370818,bathroom,0.4103,4,6,1,0,1.0,1.0,0.3333333333333333,,0.0,0.16666666666666666,0.16666666666666666,2,0,1.0,1.0,0.3333333333333333,1.0,0.16666666666666666,0.16666666666666666,0.16666666666666666,2,0,1.0,1.0,0.16666666666666666,1.0,0.08333333333333333,0.16666666666666666,0.16666666666666666,1.0,1.0
blip2_caption,374628,kitchen,0.4847,3,13,1,0,1.0,1.0,0.3333333333333333,,0.0,0.07692307692307693,0.15384615384615385,1,0,1.0,1.0,0.16666666666666666,,0.0,0.07692307692307693,0.15384615384615385,1,0,1.0,1.0,0.08333333333333333,,0.0,0.07692307692307693,0.15384615384615385,1.0,1.0
blip2_caption,375878,bathroom,0.3712,3,3,2,0,1.0,1.0,0.6666666666666666,1.0,0.6666666666666666,0.6666666666666666,0.6666666666666666,2,0,1.0,1.0,0.3333333333333333,1.0,0.3333333333333333,0.6666666666666666,0.6666666666666666,2,0,1.0,1.0,0.16666666666666666,1.0,0.16666666666666666,0.6666666666666666,0.6666666666666666,1.0,1.0
blip2_caption,381330,kitchen,0.373,3,4,2,0,1.0,1.0,0.6666666666666666,1.0,0.3333333333333333,0.25,0.25,2,0,1.0,1.0,0.3333333333333333,1.0,0.16666666666666666,0.25,0.25,2,0,1.0,1.0,0.16666666666666666,1.0,0.08333333333333333,0.25,0.25,1.0,1.0
blip2_caption,381605,living room,0.3923,3,4,3,0,1.0,1.0,1.0,1.0,1.0,0.75,0.75,3,0,1.0,1.0,0.5,1.0,0.5,0.75,0.75,3,0,1.0,1.0,0.25,1.0,0.25,0.75,0.75,1.0,1.0
blip2_caption,383549,living room,0.3668,3,7,2,0,1.0,1.0,0.6666666666666666,1.0,0.6666666666666666,0.2857142857142857,0.2857142857142857,2,0,1.0,1.0,0.3333333333333333,1.0,0.3333333333333333,0.2857142857142857,0.2857142857142857,2,0,1.0,1.0,0.16666666666666666,1.0,0.16666666666666666,0.2857142857142857,0.2857142857142857,1.0,1.0
blip2_caption,386799,bathroom,0.3724,4,3,1,0,1.0,1.0,0.3333333333333333,1.0,0.3333333333333333,0.3333333333333333,0.3333333333333333,1,0,1.0,1.0,0.16666666666666666,1.0,0.16666666666666666,0.3333333333333333,0.3333333333333333,1,0,1.0,1.0,0.08333333333333333,1.0,0.08333333333333333,0.3333333333333333,0.3333333333333333,1.0,1.0
blip2_caption,395259,bedroom,0.5119,4,5,2,0,1.0,1.0,0.6666666666666666,1.0,0.3333333333333333,0.2,0.2,2,0,1.0,1.0,0.3333333333333333,1.0,0.16666666666666666,0.2,0.4,2,0,1.0,1.0,0.16666666666666666,1.0,0.08333333333333333,0.2,0.4,1.0,1.0
blip2_caption,395701,living room,0.4297,3,7,1,0,1.0,1.0,0.3333333333333333,,0.0,0.14285714285714285,0.14285714285714285,1,0,1.0,1.0,0.16666666666666666,,0.0,0.14285714285714285,0.14285714285714285,1,0,1.0,1.0,0.08333333333333333,,0.0,0.14285714285714285,0.14285714285714285,1.0,1.0
blip2_caption,396526,dining,0.4848,4,6,1,0,1.0,1.0,0.3333333333333333,,0.0,0.16666666666666666,0.3333333333333333,1,0,1.0,1.0,0.16666666666666666,,0.0,0.16666666666666666,0.3333333333333333,1,0,1.0,1.0,0.08333333333333333,,0.0,0.16666666666666666,0.3333333333333333,1.0,1.0
blip2_caption,396691,kitchen,0.3395,2,4,1,0,1.0,1.0,0.3333333333333333,1.0,0.3333333333333333,0.25,0.25,1,0,1.0,1.0,0.16666666666666666,1.0,0.16666666666666666,0.25,0.25,1,0,1.0,1.0,0.08333333333333333,1.0,0.08333333333333333,0.25,0.25,1.0,1.0
blip2_caption,397354,kitchen,0.3988,2,8,0,0,,,0.0,,0.0,0.0,0.0,0,0,,,0.0,,0.0,0.0,0.0,0,0,,,0.0,,0.0,0.0,0.0,0.0,0.0
blip2_caption,401060,bedroom,0.3056,2,4,2,0,1.0,1.0,0.6666666666666666,1.0,0.3333333333333333,0.5,0.5,2,0,1.0,1.0,0.3333333333333333,1.0,0.16666666666666666,0.5,0.5,2,0,1.0,1.0,0.16666666666666666,1.0,0.08333333333333333,0.5,0.5,1.0,1.0
blip2_caption,403114,bathroom,0.3742,4,4,2,0,1.0,1.0,0.6666666666666666,1.0,0.6666666666666666,0.5,0.5,2,0,1.0,1.0,0.3333333333333333,1.0,0.3333333333333333,0.5,0.5,2,0,1.0,1.0,0.16666666666666666,1.0,0.16666666666666666,0.5,0.5,1.0,1.0
blip2_caption,404678,dining,0.4281,3,9,0,0,,1.0,0.0,,0.0,0.0,0.1111111111111111,0,0,,1.0,0.0,,0.0,0.0,0.1111111111111111,0,0,,1.0,0.0,,0.0,0.0,0.1111111111111111,0.0,1.0
blip2_caption,407685,living room,0.4622,3,12,2,0,1.0,1.0,0.6666666666666666,,0.0,0.16666666666666666,0.16666666666666666,2,0,1.0,1.0,0.3333333333333333,,0.0,0.16666666666666666,0.16666666666666666,2,0,1.0,1.0,0.16666666666666666,,0.0,0.16666666666666666,0.16666666666666666,1.0,1.0
blip2_caption,408192,living room,0.3759,3,10,1,0,1.0,1.0,0.3333333333333333,1.0,0.3333333333333333,0.0,0.0,1,0,1.0,1.0,0.16666666666666666,1.0,0.16666666666666666,0.0,0.0,1,0,1.0,1.0,0.08333333333333333,1.0,0.08333333333333333,0.0,0.0,1.0,1.0
blip2_caption,410144,kitchen,0.4397,2,4,2,0,1.0,1.0,0.6666666666666666,1.0,0.3333333333333333,0.25,0.25,2,0,1.0,1.0,0.3333333333333333,1.0,0.16666666666666666,0.25,0.25,2,0,1.0,1.0,0.16666666666666666,1.0,0.08333333333333333,0.25,0.25,1.0,1.0
blip2_caption,411685,bathroom,0.3777,1,3,0,0,,,0.0,,0.0,0.0,0.0,0,0,,,0.0,,0.0,0.0,0.0,0,0,,,0.0,,0.0,0.0,0.0,0.0,0.0
blip2_caption,415646,bedroom,0.5433,3,9,1,0,1.0,1.0,0.3333333333333333,1.0,0.3333333333333333,0.1111111111111111,0.1111111111111111,1,0,1.0,1.0,0.16666666666666666,1.0,0.16666666666666666,0.1111111111111111,0.1111111111111111,1,0,1.0,1.0,0.08333333333333333,1.0,0.08333333333333333,0.1111111111111111,0.1111111111111111,1.0,1.0
blip2_caption,416575,bedroom,0.4429,3,4,2,0,1.0,1.0,0.6666666666666666,1.0,0.3333333333333333,0.25,0.25,2,0,1.0,1.0,0.3333333333333333,1.0,0.16666666666666666,0.25,0.25,2,0,1.0,1.0,0.16666666666666666,1.0,0.08333333333333333,0.25,0.25,1.0,1.0
blip2_caption,422350,kitchen,0.5208,3,6,0,0,,,0.0,,0.0,0.0,0.0,0,0,,,0.0,,0.0,0.0,0.0,0,0,,,0.0,,0.0,0.0,0.0,0.0,0.0
blip2_caption,422654,kitchen,0.3676,3,5,2,0,1.0,1.0,0.6666666666666666,1.0,0.3333333333333333,0.2,0.2,2,0,1.0,1.0,0.3333333333333333,1.0,0.16666666666666666,0.2,0.2,2,0,1.0,1.0,0.16666666666666666,1.0,0.08333333333333333,0.2,0.2,1.0,1.0
blip2_caption,427040,bedroom,0.3538,3,8,3,0,1.0,1.0,1.0,1.0,0.3333333333333333,0.25,0.25,3,0,1.0,1.0,0.5,1.0,0.16666666666666666,0.25,0.25,3,0,1.0,1.0,0.25,1.0,0.08333333333333333,0.25,0.25,1.0,1.0
blip2_caption,431154,bedroom,0.4415,3,3,1,0,1.0,1.0,0.3333333333333333,1.0,0.3333333333333333,0.3333333333333333,0.3333333333333333,1,0,1.0,1.0,0.16666666666666666,1.0,0.16666666666666666,0.3333333333333333,0.3333333333333333,1,0,1.0,1.0,0.08333333333333333,1.0,0.08333333333333333,0.3333333333333333,0.3333333333333333,1.0,1.0
blip2_caption,434098,bathroom,0.5213,5,4,2,0,1.0,1.0,0.6666666666666666,1.0,0.3333333333333333,0.5,0.5,2,0,1.0,1.0,0.3333333333333333,1.0,0.16666666666666666,0.5,0.5,2,0,1.0,1.0,0.16666666666666666,1.0,0.08333333333333333,0.5,0.5,1.0,1.0
blip2_caption,437898,kitchen,0.3927,4,8,2,0,1.0,1.0,0.6666666666666666,1.0,0.6666666666666666,0.25,0.25,3,0,1.0,1.0,0.5,1.0,0.3333333333333333,0.375,0.375,3,0,1.0,1.0,0.25,1.0,0.16666666666666666,0.375,0.375,1.0,1.0
blip2_caption,438314,bedroom,0.4424,2,4,2,0,1.0,1.0,0.6666666666666666,1.0,0.6666666666666666,0.5,0.5,2,0,1.0,1.0,0.3333333333333333,1.0,0.3333333333333333,0.5,0.5,2,0,1.0,1.0,0.16666666666666666,1.0,0.16666666666666666,0.5,0.5,1.0,1.0
blip2_caption,439364,bathroom,0.2931,0,5,0,0,,,0.0,,0.0,0.0,0.0,0,0,,,0.0,,0.0,0.0,0.0,0,0,,,0.0,,0.0,0.0,0.0,0.0,0.0
blip2_caption,439689,living room,0.6032,4,7,2,0,1.0,1.0,0.6666666666666666,1.0,0.6666666666666666,0.2857142857142857,0.2857142857142857,2,0,1.0,1.0,0.3333333333333333,1.0,0.3333333333333333,0.2857142857142857,0.2857142857142857,2,0,1.0,1.0,0.16666666666666666,1.0,0.16666666666666666,0.2857142857142857,0.2857142857142857,1.0,1.0
blip2_caption,445306,kitchen,0.3768,2,5,1,0,1.0,1.0,0.3333333333333333,1.0,0.3333333333333333,0.2,0.2,1,0,1.0,1.0,0.16666666666666666,1.0,0.16666666666666666,0.2,0.2,1,0,1.0,1.0,0.08333333333333333,1.0,0.08333333333333333,0.2,0.2,1.0,1.0
blip2_caption,445658,kitchen,0.4905,4,6,2,0,1.0,1.0,0.6666666666666666,1.0,0.6666666666666666,0.3333333333333333,0.3333333333333333,3,0,1.0,1.0,0.5,1.0,0.5,0.5,0.5,3,0,1.0,1.0,0.25,1.0,0.25,0.5,0.5,1.0,1.0
blip2_caption,448795,kitchen,0.9424,3,6,0,0,,,0.0,,0.0,0.0,0.0,0,0,,,0.0,,0.0,0.0,0.0,0,0,,,0.0,,0.0,0.0,0.0,0.0,0.0
blip2_caption,453302,kitchen,0.4524,4,5,2,0,1.0,1.0,0.6666666666666666,1.0,0.6666666666666666,0.4,0.4,2,0,1.0,1.0,0.3333333333333333,1.0,0.3333333333333333,0.4,0.4,2,0,1.0,1.0,0.16666666666666666,1.0,0.16666666666666666,0.4,0.4,1.0,1.0
blip2_caption,453341,living room,0.5248,3,4,2,0,1.0,1.0,0.6666666666666666,1.0,0.6666666666666666,0.5,0.5,2,0,1.0,1.0,0.3333333333333333,1.0,0.3333333333333333,0.5,0.5,2,0,1.0,1.0,0.16666666666666666,1.0,0.16666666666666666,0.5,0.5,1.0,1.0
blip2_caption,455301,bedroom,0.3776,2,3,2,0,1.0,1.0,0.6666666666666666,1.0,0.3333333333333333,0.3333333333333333,0.3333333333333333,2,0,1.0,1.0,0.3333333333333333,1.0,0.16666666666666666,0.3333333333333333,0.3333333333333333,2,0,1.0,1.0,0.16666666666666666,1.0,0.08333333333333333,0.3333333333333333,0.3333333333333333,1.0,1.0
blip2_caption,458410,living room,0.5184,4,6,2,0,1.0,1.0,0.6666666666666666,1.0,0.3333333333333333,0.3333333333333333,0.3333333333333333,2,0,1.0,1.0,0.3333333333333333,1.0,0.16666666666666666,0.3333333333333333,0.3333333333333333,2,0,1.0,1.0,0.16666666666666666,1.0,0.08333333333333333,0.3333333333333333,0.3333333333333333,1.0,1.0
blip2_caption,460494,dining,0.3391,2,6,1,0,1.0,1.0,0.3333333333333333,1.0,0.3333333333333333,0.16666666666666666,0.3333333333333333,1,0,1.0,1.0,0.16666666666666666,1.0,0.16666666666666666,0.16666666666666666,0.3333333333333333,1,0,1.0,1.0,0.08333333333333333,1.0,0.08333333333333333,0.16666666666666666,0.3333333333333333,1.0,1.0
blip2_caption,461172,dining,0.393,3,4,0,0,,,0.0,,0.0,0.0,0.0,0,0,,,0.0,,0.0,0.0,0.0,0,0,,,0.0,,0.0,0.0,0.0,0.0,0.0
blip2_caption,466256,dining,0.4594,4,3,2,0,1.0,1.0,0.6666666666666666,1.0,0.6666666666666666,0.6666666666666666,1.0,2,0,1.0,1.0,0.3333333333333333,1.0,0.3333333333333333,0.6666666666666666,1.0,2,0,1.0,1.0,0.16666666666666666,1.0,0.16666666666666666,0.6666666666666666,1.0,1.0,1.0
blip2_caption,467315,dining,0.3885,2,4,1,0,1.0,1.0,0.3333333333333333,1.0,0.3333333333333333,0.25,0.5,1,0,1.0,1.0,0.16666666666666666,1.0,0.16666666666666666,0.25,0.5,1,0,1.0,1.0,0.08333333333333333,1.0,0.08333333333333333,0.25,0.5,1.0,1.0
blip2_caption,468422,kitchen,0.3651,2,5,1,0,1.0,1.0,0.3333333333333333,1.0,0.3333333333333333,0.2,0.2,1,0,1.0,1.0,0.16666666666666666,1.0,0.16666666666666666,0.2,0.2,1,0,1.0,1.0,0.08333333333333333,1.0,0.08333333333333333,0.2,0.2,1.0,1.0
blip2_caption,468505,dining,0.4685,3,7,1,0,1.0,1.0,0.3333333333333333,,0.0,0.0,0.0,1,0,1.0,1.0,0.16666666666666666,,0.0,0.0,0.0,1,0,1.0,1.0,0.08333333333333333,,0.0,0.0,0.0,1.0,1.0
blip2_caption,468659,living room,0.6448,3,3,3,0,1.0,1.0,1.0,1.0,1.0,0.3333333333333333,0.3333333333333333,3,0,1.0,1.0,0.5,1.0,0.5,0.3333333333333333,0.3333333333333333,3,0,1.0,1.0,0.25,1.0,0.25,0.3333333333333333,0.3333333333333333,1.0,1.0
blip2_caption,469795,bathroom,0.3424,3,7,2,0,1.0,1.0,0.6666666666666666,1.0,0.6666666666666666,0.2857142857142857,0.2857142857142857,2,0,1.0,1.0,0.3333333333333333,1.0,0.3333333333333333,0.2857142857142857,0.2857142857142857,2,0,1.0,1.0,0.16666666666666666,1.0,0.16666666666666666,0.2857142857142857,0.2857142857142857,1.0,1.0
blip2_caption,469902,bedroom,0.2985,2,3,2,0,1.0,1.0,0.6666666666666666,1.0,0.6666666666666666,0.6666666666666666,0.6666666666666666,2,0,1.0,1.0,0.3333333333333333,1.0,0.3333333333333333,0.6666666666666666,0.6666666666666666,2,0,1.0,1.0,0.16666666666666666,1.0,0.16666666666666666,0.6666666666666666,0.6666666666666666,1.0,1.0
blip2_caption,472046,kitchen,0.4284,3,10,0,0,,,0.0,,0.0,0.0,0.0,0,0,,,0.0,,0.0,0.0,0.0,0,0,,,0.0,,0.0,0.0,0.0,0.0,0.0
blip2_caption,473294,bedroom,0.3994,3,6,1,0,1.0,1.0,0.3333333333333333,1.0,0.3333333333333333,0.16666666666666666,0.16666666666666666,1,0,1.0,1.0,0.16666666666666666,1.0,0.16666666666666666,0.16666666666666666,0.16666666666666666,1,0,1.0,1.0,0.08333333333333333,1.0,0.08333333333333333,0.16666666666666666,0.16666666666666666,1.0,1.0
blip2_caption,473821,living room,0.5785,5,8,2,0,1.0,1.0,0.6666666666666666,,0.0,0.25,0.25,3,0,1.0,1.0,0.5,1.0,0.16666666666666666,0.375,0.625,3,0,1.0,1.0,0.25,1.0,0.08333333333333333,0.375,0.625,1.0,1.0
blip2_caption,479360,bedroom,0.4368,2,5,1,0,1.0,1.0,0.3333333333333333,1.0,0.3333333333333333,0.2,0.2,1,0,1.0,1.0,0.16666666666666666,1.0,0.16666666666666666,0.2,0.2,1,0,1.0,1.0,0.08333333333333333,1.0,0.08333333333333333,0.2,0.2,1.0,1.0
blip2_caption,480712,bedroom,0.238,2,6,1,0,1.0,1.0,0.3333333333333333,1.0,0.3333333333333333,0.16666666666666666,0.16666666666666666,1,0,1.0,1.0,0.16666666666666666,1.0,0.16666666666666666,0.16666666666666666,0.16666666666666666,1,0,1.0,1.0,0.08333333333333333,1.0,0.08333333333333333,0.16666666666666666,0.16666666666666666,1.0,1.0
blip2_caption,481819,living room,0.3714,3,8,1,0,1.0,1.0,0.3333333333333333,1.0,0.3333333333333333,0.0,0.0,1,0,1.0,1.0,0.16666666666666666,1.0,0.16666666666666666,0.0,0.0,1,0,1.0,1.0,0.08333333333333333,1.0,0.08333333333333333,0.0,0.0,1.0,1.0
blip2_caption,485628,bathroom,0.4587,5,3,2,0,1.0,1.0,0.6666666666666666,1.0,0.6666666666666666,0.6666666666666666,0.6666666666666666,2,0,1.0,1.0,0.3333333333333333,1.0,0.3333333333333333,0.6666666666666666,0.6666666666666666,2,0,1.0,1.0,0.16666666666666666,1.0,0.16666666666666666,0.6666666666666666,0.6666666666666666,1.0,1.0
blip2_caption,487583,bathroom,0.4051,3,3,2,0,1.0,1.0,0.6666666666666666,1.0,0.6666666666666666,0.6666666666666666,0.6666666666666666,2,0,1.0,1.0,0.3333333333333333,1.0,0.3333333333333333,0.6666666666666666,0.6666666666666666,2,0,1.0,1.0,0.16666666666666666,1.0,0.16666666666666666,0.6666666666666666,0.6666666666666666,1.0,1.0
blip2_caption,490505,kitchen,0.4433,3,4,0,0,,,0.0,,0.0,0.0,0.0,0,0,,,0.0,,0.0,0.0,0.0,0,0,,,0.0,,0.0,0.0,0.0,0.0,0.0
blip2_caption,491063,bathroom,0.4037,4,5,1,0,1.0,1.0,0.3333333333333333,1.0,0.3333333333333333,0.2,0.2,2,0,1.0,1.0,0.3333333333333333,1.0,0.16666666666666666,0.4,0.4,2,0,1.0,1.0,0.16666666666666666,1.0,0.08333333333333333,0.4,0.4,1.0,1.0
blip2_caption,491216,kitchen,0.4184,3,7,2,0,1.0,1.0,0.6666666666666666,,0.0,0.2857142857142857,0.2857142857142857,2,0,1.0,1.0,0.3333333333333333,,0.0,0.2857142857142857,0.2857142857142857,2,0,1.0,1.0,0.16666666666666666,,0.0,0.2857142857142857,0.2857142857142857,1.0,1.0
blip2_caption,491497,living room,0.5758,4,5,2,0,1.0,1.0,0.6666666666666666,1.0,0.3333333333333333,0.4,0.4,2,0,1.0,1.0,0.3333333333333333,1.0,0.16666666666666666,0.4,0.4,2,0,1.0,1.0,0.16666666666666666,1.0,0.08333333333333333,0.4,0.4,1.0,1.0
blip2_caption,491742,bathroom,0.5133,2,3,0,0,,,0.0,,0.0,0.0,0.0,0,0,,,0.0,,0.0,0.0,0.0,0,0,,,0.0,,0.0,0.0,0.0,0.0,0.0
blip2_caption,492183,kitchen,0.3955,2,5,2,0,1.0,1.0,0.6666666666666666,1.0,0.3333333333333333,0.4,0.4,2,0,1.0,1.0,0.3333333333333333,1.0,0.16666666666666666,0.4,0.4,2,0,1.0,1.0,0.16666666666666666,1.0,0.08333333333333333,0.4,0.4,1.0,1.0
blip2_caption,492719,bathroom,0.4157,4,3,2,0,1.0,1.0,0.6666666666666666,1.0,0.6666666666666666,0.6666666666666666,0.6666666666666666,3,0,1.0,1.0,0.5,1.0,0.5,1.0,1.0,3,0,1.0,1.0,0.25,1.0,0.25,1.0,1.0,1.0,1.0
blip2_caption,492810,kitchen,0.4253,2,5,0,0,,,0.0,,0.0,0.0,0.0,0,0,,,0.0,,0.0,0.0,0.0,0,0,,,0.0,,0.0,0.0,0.0,0.0,0.0
blip2_caption,493114,living room,0.4663,3,4,1,0,1.0,1.0,0.3333333333333333,1.0,0.3333333333333333,0.25,0.25,1,0,1.0,1.0,0.16666666666666666,1.0,0.16666666666666666,0.25,0.25,1,0,1.0,1.0,0.08333333333333333,1.0,0.08333333333333333,0.25,0.25,1.0,1.0
blip2_caption,497626,bedroom,0.3763,3,3,1,0,1.0,1.0,0.3333333333333333,1.0,0.3333333333333333,0.3333333333333333,0.3333333333333333,1,0,1.0,1.0,0.16666666666666666,1.0,0.16666666666666666,0.3333333333333333,0.3333333333333333,1,0,1.0,1.0,0.08333333333333333,1.0,0.08333333333333333,0.3333333333333333,0.3333333333333333,1.0,1.0
blip2_caption,503697,living room,0.612,5,7,2,0,1.0,1.0,0.6666666666666666,1.0,0.6666666666666666,0.2857142857142857,0.2857142857142857,3,0,1.0,1.0,0.5,1.0,0.5,0.42857142857142855,0.42857142857142855,3,0,1.0,1.0,0.25,1.0,0.25,0.42857142857142855,0.42857142857142855,1.0,1.0
blip2_caption,504493,bathroom,0.3971,4,4,2,0,1.0,1.0,0.6666666666666666,1.0,0.6666666666666666,0.5,0.5,3,0,1.0,1.0,0.5,1.0,0.5,0.75,0.75,3,0,1.0,1.0,0.25,1.0,0.25,0.75,0.75,1.0,1.0
blip2_caption,505086,bedroom,0.4504,3,5,1,0,1.0,1.0,0.3333333333333333,1.0,0.3333333333333333,0.2,0.2,1,0,1.0,1.0,0.16666666666666666,1.0,0.16666666666666666,0.2,0.2,1,0,1.0,1.0,0.08333333333333333,1.0,0.08333333333333333,0.2,0.2,1.0,1.0
blip2_caption,508899,living room,0.5228,4,5,1,1,0.5,0.5,0.6666666666666666,1.0,0.3333333333333333,0.2,0.2,1,1,0.5,0.5,0.3333333333333333,1.0,0.16666666666666666,0.2,0.2,1,1,0.5,0.5,0.16666666666666666,1.0,0.08333333333333333,0.2,0.2,1.0,1.0
blip2_caption,510852,bathroom,0.3681,2,3,0,0,,,0.0,,0.0,0.0,0.0,0,0,,,0.0,,0.0,0.0,0.0,0,0,,,0.0,,0.0,0.0,0.0,0.0,0.0
blip2_caption,511430,kitchen,0.4428,3,8,0,0,,,0.0,,0.0,0.0,0.0,0,0,,,0.0,,0.0,0.0,0.0,0,0,,,0.0,,0.0,0.0,0.0,0.0,0.0
blip2_caption,513138,living room,0.4129,3,6,2,0,1.0,1.0,0.6666666666666666,1.0,0.6666666666666666,0.3333333333333333,0.3333333333333333,2,0,1.0,1.0,0.3333333333333333,1.0,0.3333333333333333,0.3333333333333333,0.3333333333333333,2,0,1.0,1.0,0.16666666666666666,1.0,0.16666666666666666,0.3333333333333333,0.3333333333333333,1.0,1.0
blip2_caption,514914,bathroom,0.3716,4,5,0,0,,,0.0,,0.0,0.0,0.0,1,0,1.0,1.0,0.16666666666666666,1.0,0.16666666666666666,0.2,0.2,1,0,1.0,1.0,0.08333333333333333,1.0,0.08333333333333333,0.2,0.2,0.0,0.0
blip2_caption,516856,dining,0.269,2,8,2,0,1.0,1.0,0.6666666666666666,,0.0,0.125,0.125,2,0,1.0,1.0,0.3333333333333333,,0.0,0.125,0.125,2,0,1.0,1.0,0.16666666666666666,,0.0,0.125,0.125,1.0,1.0
blip2_caption,523978,bathroom,0.4498,4,7,1,0,1.0,1.0,0.3333333333333333,1.0,0.3333333333333333,0.14285714285714285,0.14285714285714285,2,0,1.0,1.0,0.3333333333333333,1.0,0.3333333333333333,0.2857142857142857,0.2857142857142857,2,0,1.0,1.0,0.16666666666666666,1.0,0.16666666666666666,0.2857142857142857,0.2857142857142857,1.0,1.0
blip2_caption,529069,bathroom,0.3468,3,4,2,0,1.0,1.0,0.6666666666666666,1.0,0.3333333333333333,0.5,0.5,2,0,1.0,1.0,0.3333333333333333,1.0,0.16666666666666666,0.5,0.5,2,0,1.0,1.0,0.16666666666666666,1.0,0.08333333333333333,0.5,0.5,1.0,1.0
blip2_caption,530229,living room,0.548,3,5,2,0,1.0,1.0,0.6666666666666666,1.0,0.6666666666666666,0.4,0.4,2,0,1.0,1.0,0.3333333333333333,1.0,0.3333333333333333,0.4,0.4,2,0,1.0,1.0,0.16666666666666666,1.0,0.16666666666666666,0.4,0.4,1.0,1.0
blip2_caption,530836,kitchen,0.4195,3,9,1,0,1.0,1.0,0.3333333333333333,1.0,0.3333333333333333,0.1111111111111111,0.1111111111111111,1,0,1.0,1.0,0.16666666666666666,1.0,0.16666666666666666,0.1111111111111111,0.1111111111111111,1,0,1.0,1.0,0.08333333333333333,1.0,0.08333333333333333,0.1111111111111111,0.1111111111111111,1.0,1.0
blip2_caption,530933,bathroom,0.3712,3,4,2,0,1.0,1.0,0.6666666666666666,1.0,0.3333333333333333,0.5,0.5,2,0,1.0,1.0,0.3333333333333333,1.0,0.16666666666666666,0.5,0.5,2,0,1.0,1.0,0.16666666666666666,1.0,0.08333333333333333,0.5,0.5,1.0,1.0
blip2_caption,531441,dining,0.5181,3,4,1,0,1.0,1.0,0.3333333333333333,,0.0,0.0,0.25,1,0,1.0,1.0,0.16666666666666666,,0.0,0.0,0.25,1,0,1.0,1.0,0.08333333333333333,,0.0,0.0,0.25,1.0,1.0
blip2_caption,531852,living room,0.2931,2,3,0,0,,,0.0,,0.0,0.0,0.0,0,0,,,0.0,,0.0,0.0,0.0,0,0,,,0.0,,0.0,0.0,0.0,0.0,0.0
blip2_caption,533255,kitchen,0.3624,3,3,1,0,1.0,1.0,0.3333333333333333,1.0,0.3333333333333333,0.3333333333333333,0.3333333333333333,1,0,1.0,1.0,0.16666666666666666,1.0,0.16666666666666666,0.3333333333333333,0.3333333333333333,1,0,1.0,1.0,0.08333333333333333,1.0,0.08333333333333333,0.3333333333333333,0.3333333333333333,1.0,1.0
blip2_caption,534456,living room,0.3952,2,5,2,0,1.0,1.0,0.6666666666666666,1.0,0.3333333333333333,0.2,0.2,2,0,1.0,1.0,0.3333333333333333,1.0,0.16666666666666666,0.2,0.2,2,0,1.0,1.0,0.16666666666666666,1.0,0.08333333333333333,0.2,0.2,1.0,1.0
blip2_caption,536947,kitchen,0.4834,2,4,1,0,1.0,1.0,0.3333333333333333,1.0,0.3333333333333333,0.25,0.25,1,0,1.0,1.0,0.16666666666666666,1.0,0.16666666666666666,0.25,0.25,1,0,1.0,1.0,0.08333333333333333,1.0,0.08333333333333333,0.25,0.25,1.0,1.0
blip2_caption,537944,dining,0.3375,2,7,0,0,,,0.0,,0.0,0.0,0.0,0,0,,,0.0,,0.0,0.0,0.0,0,0,,,0.0,,0.0,0.0,0.0,0.0,0.0
blip2_caption,541332,bathroom,0.3786,4,3,2,0,1.0,1.0,0.6666666666666666,1.0,0.6666666666666666,0.6666666666666666,0.6666666666666666,3,0,1.0,1.0,0.5,1.0,0.5,1.0,1.0,3,0,1.0,1.0,0.25,1.0,0.25,1.0,1.0,1.0,1.0
blip2_caption,541634,dining,0.4299,3,6,1,0,1.0,1.0,0.3333333333333333,,0.0,0.16666666666666666,0.3333333333333333,1,0,1.0,1.0,0.16666666666666666,,0.0,0.16666666666666666,0.3333333333333333,1,0,1.0,1.0,0.08333333333333333,,0.0,0.16666666666666666,0.3333333333333333,1.0,1.0
blip2_caption,546219,dining,0.4895,2,9,0,0,,1.0,0.0,,0.0,0.0,0.1111111111111111,0,0,,1.0,0.0,,0.0,0.0,0.1111111111111111,0,0,,1.0,0.0,,0.0,0.0,0.1111111111111111,0.0,1.0
blip2_caption,546964,living room,0.4803,3,6,2,0,1.0,1.0,0.6666666666666666,,0.0,0.3333333333333333,0.3333333333333333,2,0,1.0,1.0,0.3333333333333333,,0.0,0.3333333333333333,0.3333333333333333,2,0,1.0,1.0,0.16666666666666666,,0.0,0.3333333333333333,0.3333333333333333,1.0,1.0
blip2_caption,547742,living room,0.5018,4,4,2,0,1.0,1.0,0.6666666666666666,1.0,0.6666666666666666,0.5,0.5,2,0,1.0,1.0,0.3333333333333333,1.0,0.3333333333333333,0.5,0.5,2,0,1.0,1.0,0.16666666666666666,1.0,0.16666666666666666,0.5,0.5,1.0,1.0
blip2_caption,554658,kitchen,0.4077,3,3,1,0,1.0,1.0,0.3333333333333333,1.0,0.3333333333333333,0.3333333333333333,0.3333333333333333,1,0,1.0,1.0,0.16666666666666666,1.0,0.16666666666666666,0.3333333333333333,0.3333333333333333,1,0,1.0,1.0,0.08333333333333333,1.0,0.08333333333333333,0.3333333333333333,0.3333333333333333,1.0,1.0
blip2_caption,554809,bathroom,0.3544,3,3,2,0,1.0,1.0,0.6666666666666666,1.0,0.6666666666666666,0.6666666666666666,0.6666666666666666,2,0,1.0,1.0,0.3333333333333333,1.0,0.3333333333333333,0.6666666666666666,0.6666666666666666,2,0,1.0,1.0,0.16666666666666666,1.0,0.16666666666666666,0.6666666666666666,0.6666666666666666,1.0,1.0
blip2_caption,556633,bathroom,0.401,4,7,1,0,1.0,1.0,0.3333333333333333,,0.0,0.14285714285714285,0.14285714285714285,1,0,1.0,1.0,0.16666666666666666,,0.0,0.14285714285714285,0.14285714285714285,1,0,1.0,1.0,0.08333333333333333,,0.0,0.14285714285714285,0.14285714285714285,1.0,1.0
blip2_caption,557172,bathroom,0.3446,3,7,1,0,1.0,1.0,0.3333333333333333,1.0,0.3333333333333333,0.14285714285714285,0.14285714285714285,1,0,1.0,1.0,0.16666666666666666,1.0,0.16666666666666666,0.14285714285714285,0.14285714285714285,1,0,1.0,1.0,0.08333333333333333,1.0,0.08333333333333333,0.14285714285714285,0.14285714285714285,1.0,1.0
blip2_caption,559550,dining,0.3436,2,9,2,0,1.0,1.0,0.6666666666666666,,0.0,0.1111111111111111,0.1111111111111111,2,0,1.0,1.0,0.3333333333333333,,0.0,0.1111111111111111,0.1111111111111111,2,0,1.0,1.0,0.16666666666666666,,0.0,0.1111111111111111,0.1111111111111111,1.0,1.0
blip2_caption,567825,dining,0.4854,3,4,1,0,1.0,1.0,0.3333333333333333,1.0,0.3333333333333333,0.25,0.25,1,0,1.0,1.0,0.16666666666666666,1.0,0.16666666666666666,0.25,0.25,1,0,1.0,1.0,0.08333333333333333,1.0,0.08333333333333333,0.25,0.25,1.0,1.0
blip2_caption,571764,kitchen,0.484,3,9,1,0,1.0,1.0,0.3333333333333333,,0.0,0.0,0.0,1,0,1.0,1.0,0.16666666666666666,,0.0,0.0,0.0,1,0,1.0,1.0,0.08333333333333333,,0.0,0.0,0.0,1.0,1.0
blip2_caption,574940,living room,0.4062,3,8,1,0,1.0,1.0,0.3333333333333333,1.0,0.3333333333333333,0.0,0.0,1,0,1.0,1.0,0.16666666666666666,1.0,0.16666666666666666,0.0,0.0,1,0,1.0,1.0,0.08333333333333333,1.0,0.08333333333333333,0.0,0.0,1.0,1.0
blip2_caption,577507,kitchen,0.3624,3,5,1,0,1.0,1.0,0.3333333333333333,,0.0,0.2,0.2,1,0,1.0,1.0,0.16666666666666666,,0.0,0.2,0.2,1,0,1.0,1.0,0.08333333333333333,,0.0,0.2,0.2,1.0,1.0
blip2_caption,578489,living room,0.3979,3,4,1,0,1.0,1.0,0.3333333333333333,,0.0,0.0,0.0,1,0,1.0,1.0,0.16666666666666666,,0.0,0.0,0.0,1,0,1.0,1.0,0.08333333333333333,,0.0,0.0,0.0,1.0,1.0
blip2_caption,578871,dining,0.4626,3,6,2,0,1.0,1.0,0.6666666666666666,1.0,0.3333333333333333,0.16666666666666666,0.3333333333333333,2,0,1.0,1.0,0.3333333333333333,1.0,0.16666666666666666,0.16666666666666666,0.3333333333333333,2,0,1.0,1.0,0.16666666666666666,1.0,0.08333333333333333,0.16666666666666666,0.3333333333333333,1.0,1.0
blip2_caption,580026,dining,0.4968,3,5,2,0,1.0,1.0,0.6666666666666666,1.0,0.6666666666666666,0.2,0.4,2,0,1.0,1.0,0.3333333333333333,1.0,0.3333333333333333,0.2,0.4,2,0,1.0,1.0,0.16666666666666666,1.0,0.16666666666666666,0.2,0.4,1.0,1.0
blip2_orig,5335,bathroom,0.1391,3,6,0,1,0.0,0.0,0.3333333333333333,,0.0,0.0,0.0,0,1,0.0,0.0,0.16666666666666666,,0.0,0.0,0.0,0,1,0.0,0.0,0.08333333333333333,,0.0,0.0,0.0,0.0,0.0
blip2_orig,7574,kitchen,0.1459,3,8,0,1,0.0,0.0,0.3333333333333333,,0.0,0.0,0.0,0,1,0.0,0.0,0.16666666666666666,,0.0,0.0,0.0,0,1,0.0,0.0,0.08333333333333333,,0.0,0.0,0.0,0.0,0.0
blip2_orig,12873,bathroom,0.1556,3,3,1,0,1.0,1.0,0.3333333333333333,,0.0,0.0,0.0,1,0,1.0,1.0,0.16666666666666666,,0.0,0.0,0.0,1,0,1.0,1.0,0.08333333333333333,,0.0,0.0,0.0,1.0,1.0
blip2_orig,14635,kitchen,0.1489,3,8,1,0,1.0,1.0,0.3333333333333333,,0.0,0.0,0.0,1,0,1.0,1.0,0.16666666666666666,,0.0,0.0,0.0,1,0,1.0,1.0,0.08333333333333333,,0.0,0.0,0.0,1.0,1.0
blip2_orig,16958,living room,0.1044,3,5,0,1,0.0,0.0,0.3333333333333333,,0.0,0.0,0.0,0,1,0.0,0.0,0.16666666666666666,,0.0,0.0,0.0,0,1,0.0,0.0,0.08333333333333333,,0.0,0.0,0.0,0.0,0.0
blip2_orig,17580,kitchen,0.1004,3,5,1,0,1.0,1.0,0.3333333333333333,,0.0,0.0,0.0,1,0,1.0,1.0,0.16666666666666666,,0.0,0.0,0.0,1,0,1.0,1.0,0.08333333333333333,,0.0,0.0,0.0,1.0,1.0
blip2_orig,23258,dining,0.1118,3,5,1,0,1.0,1.0,0.3333333333333333,,0.0,0.0,0.0,1,0,1.0,1.0,0.16666666666666666,,0.0,0.0,0.0,1,0,1.0,1.0,0.08333333333333333,,0.0,0.0,0.0,1.0,1.0
blip2_orig,28903,bathroom,0.1475,3,6,0,1,0.0,0.0,0.3333333333333333,,0.0,0.0,0.0,0,1,0.0,0.0,0.16666666666666666,,0.0,0.0,0.0,0,1,0.0,0.0,0.08333333333333333,,0.0,0.0,0.0,0.0,0.0
blip2_orig,29288,living room,0.1018,3,6,0,1,0.0,0.0,0.3333333333333333,,0.0,0.0,0.0,0,1,0.0,0.0,0.16666666666666666,,0.0,0.0,0.0,0,1,0.0,0.0,0.08333333333333333,,0.0,0.0,0.0,0.0,0.0
blip2_orig,31296,dining,0.0993,3,7,1,0,1.0,1.0,0.3333333333333333,,0.0,0.0,0.0,1,0,1.0,1.0,0.16666666666666666,,0.0,0.0,0.0,1,0,1.0,1.0,0.08333333333333333,,0.0,0.0,0.0,1.0,1.0
blip2_orig,33909,bathroom,0.1401,3,3,0,1,0.0,0.0,0.3333333333333333,,0.0,0.0,0.0,0,1,0.0,0.0,0.16666666666666666,,0.0,0.0,0.0,0,1,0.0,0.0,0.08333333333333333,,0.0,0.0,0.0,0.0,0.0
blip2_orig,34524,bedroom,0.1363,3,3,0,1,0.0,0.0,0.3333333333333333,,0.0,0.0,0.0,0,1,0.0,0.0,0.16666666666666666,,0.0,0.0,0.0,0,1,0.0,0.0,0.08333333333333333,,0.0,0.0,0.0,0.0,0.0
blip2_orig,35664,bedroom,0.1364,3,7,0,1,0.0,0.0,0.3333333333333333,,0.0,0.0,0.0,0,1,0.0,0.0,0.16666666666666666,,0.0,0.0,0.0,0,1,0.0,0.0,0.08333333333333333,,0.0,0.0,0.0,0.0,0.0
blip2_orig,36494,dining,0.1084,3,8,1,0,1.0,1.0,0.3333333333333333,,0.0,0.0,0.0,1,0,1.0,1.0,0.16666666666666666,,0.0,0.0,0.0,1,0,1.0,1.0,0.08333333333333333,,0.0,0.0,0.0,1.0,1.0
blip2_orig,36844,kitchen,0.1462,3,10,0,1,0.0,0.0,0.3333333333333333,,0.0,0.0,0.0,0,1,0.0,0.0,0.16666666666666666,,0.0,0.0,0.0,0,1,0.0,0.0,0.08333333333333333,,0.0,0.0,0.0,0.0,0.0
blip2_orig,36936,living room,0.0992,3,10,1,0,1.0,1.0,0.3333333333333333,,0.0,0.0,0.0,1,0,1.0,1.0,0.16666666666666666,,0.0,0.0,0.0,1,0,1.0,1.0,0.08333333333333333,,0.0,0.0,0.0,1.0,1.0
blip2_orig,43944,dining,0.1069,3,4,0,1,0.0,0.0,0.3333333333333333,,0.0,0.0,0.0,0,1,0.0,0.0,0.16666666666666666,,0.0,0.0,0.0,0,1,0.0,0.0,0.08333333333333333,,0.0,0.0,0.0,0.0,0.0
blip2_orig,45404,bedroom,0.1457,3,4,0,1,0.0,0.0,0.3333333333333333,,0.0,0.0,0.0,0,1,0.0,0.0,0.16666666666666666,,0.0,0.0,0.0,0,1,0.0,0.0,0.08333333333333333,,0.0,0.0,0.0,0.0,0.0
blip2_orig,46029,bedroom,0.1449,3,4,0,1,0.0,0.0,0.3333333333333333,,0.0,0.0,0.0,0,1,0.0,0.0,0.16666666666666666,,0.0,0.0,0.0,0,1,0.0,0.0,0.08333333333333333,,0.0,0.0,0.0,0.0,0.0
blip2_orig,49984,bathroom,0.1355,3,5,0,1,0.0,0.0,0.3333333333333333,,0.0,0.0,0.0,0,1,0.0,0.0,0.16666666666666666,,0.0,0.0,0.0,0,1,0.0,0.0,0.08333333333333333,,0.0,0.0,0.0,0.0,0.0
blip2_orig,53328,living room,0.1052,3,4,1,0,1.0,1.0,0.3333333333333333,,0.0,0.0,0.0,1,0,1.0,1.0,0.16666666666666666,,0.0,0.0,0.0,1,0,1.0,1.0,0.08333333333333333,,0.0,0.0,0.0,1.0,1.0
blip2_orig,53457,bedroom,0.1458,3,4,0,1,0.0,0.0,0.3333333333333333,,0.0,0.0,0.0,0,1,0.0,0.0,0.16666666666666666,,0.0,0.0,0.0,0,1,0.0,0.0,0.08333333333333333,,0.0,0.0,0.0,0.0,0.0
blip2_orig,54318,bedroom,0.1356,3,7,0,1,0.0,0.0,0.3333333333333333,,0.0,0.0,0.0,0,1,0.0,0.0,0.16666666666666666,,0.0,0.0,0.0,0,1,0.0,0.0,0.08333333333333333,,0.0,0.0,0.0,0.0,0.0
blip2_orig,61773,kitchen,0.1125,3,7,1,0,1.0,1.0,0.3333333333333333,,0.0,0.0,0.0,1,0,1.0,1.0,0.16666666666666666,,0.0,0.0,0.0,1,0,1.0,1.0,0.08333333333333333,,0.0,0.0,0.0,1.0,1.0
blip2_orig,61925,bedroom,0.1343,3,7,0,1,0.0,0.0,0.3333333333333333,,0.0,0.0,0.0,0,1,0.0,0.0,0.16666666666666666,,0.0,0.0,0.0,0,1,0.0,0.0,0.08333333333333333,,0.0,0.0,0.0,0.0,0.0
blip2_orig,63081,living room,0.0993,3,8,0,1,0.0,0.0,0.3333333333333333,,0.0,0.0,0.0,0,1,0.0,0.0,0.16666666666666666,,0.0,0.0,0.0,0,1,0.0,0.0,0.08333333333333333,,0.0,0.0,0.0,0.0,0.0
blip2_orig,63865,dining,0.1051,3,7,1,0,1.0,1.0,0.3333333333333333,,0.0,0.0,0.0,1,0,1.0,1.0,0.16666666666666666,,0.0,0.0,0.0,1,0,1.0,1.0,0.08333333333333333,,0.0,0.0,0.0,1.0,1.0
blip2_orig,65884,living room,0.1003,3,9,0,1,0.0,0.0,0.3333333333333333,,0.0,0.0,0.0,0,1,0.0,0.0,0.16666666666666666,,0.0,0.0,0.0,0,1,0.0,0.0,0.08333333333333333,,0.0,0.0,0.0,0.0,0.0
blip2_orig,67647,kitchen,0.1548,3,10,0,1,0.0,0.0,0.3333333333333333,,0.0,0.0,0.0,0,1,0.0,0.0,0.16666666666666666,,0.0,0.0,0.0,0,1,0.0,0.0,0.08333333333333333,,0.0,0.0,0.0,0.0,0.0
blip2_orig,68260,kitchen,0.1458,3,4,1,0,1.0,1.0,0.3333333333333333,,0.0,0.0,0.0,1,0,1.0,1.0,0.16666666666666666,,0.0,0.0,0.0,1,0,1.0,1.0,0.08333333333333333,,0.0,0.0,0.0,1.0,1.0
blip2_orig,68286,bedroom,0.1372,3,5,0,1,0.0,0.0,0.3333333333333333,,0.0,0.0,0.0,0,1,0.0,0.0,0.16666666666666666,,0.0,0.0,0.0,0,1,0.0,0.0,0.08333333333333333,,0.0,0.0,0.0,0.0,0.0
blip2_orig,72961,bedroom,0.1373,3,7,1,0,1.0,1.0,0.3333333333333333,,0.0,0.0,0.0,1,0,1.0,1.0,0.16666666666666666,,0.0,0.0,0.0,1,0,1.0,1.0,0.08333333333333333,,0.0,0.0,0.0,1.0,1.0
blip2_orig,73326,kitchen,0.145,3,4,0,1,0.0,0.0,0.3333333333333333,,0.0,0.0,0.0,0,1,0.0,0.0,0.16666666666666666,,0.0,0.0,0.0,0,1,0.0,0.0,0.08333333333333333,,0.0,0.0,0.0,0.0,0.0
blip2_orig,74357,kitchen,0.1443,3,8,0,1,0.0,0.0,0.3333333333333333,,0.0,0.0,0.0,0,1,0.0,0.0,0.16666666666666666,,0.0,0.0,0.0,0,1,0.0,0.0,0.08333333333333333,,0.0,0.0,0.0,0.0,0.0
blip2_orig,75110,bedroom,0.1374,3,6,0,1,0.0,0.0,0.3333333333333333,,0.0,0.0,0.0,0,1,0.0,0.0,0.16666666666666666,,0.0,0.0,0.0,0,1,0.0,0.0,0.08333333333333333,,0.0,0.0,0.0,0.0,0.0
blip2_orig,75811,bathroom,0.1406,3,3,0,1,0.0,0.0,0.3333333333333333,,0.0,0.0,0.0,0,1,0.0,0.0,0.16666666666666666,,0.0,0.0,0.0,0,1,0.0,0.0,0.08333333333333333,,0.0,0.0,0.0,0.0,0.0
blip2_orig,77177,living room,0.1044,3,3,0,1,0.0,0.0,0.3333333333333333,,0.0,0.0,0.0,0,1,0.0,0.0,0.16666666666666666,,0.0,0.0,0.0,0,1,0.0,0.0,0.08333333333333333,,0.0,0.0,0.0,0.0,0.0
blip2_orig,80369,kitchen,0.1012,3,8,1,0,1.0,1.0,0.3333333333333333,,0.0,0.0,0.0,1,0,1.0,1.0,0.16666666666666666,,0.0,0.0,0.0,1,0,1.0,1.0,0.08333333333333333,,0.0,0.0,0.0,1.0,1.0
blip2_orig,84680,kitchen,0.1014,3,3,1,0,1.0,1.0,0.3333333333333333,,0.0,0.0,0.0,1,0,1.0,1.0,0.16666666666666666,,0.0,0.0,0.0,1,0,1.0,1.0,0.08333333333333333,,0.0,0.0,0.0,1.0,1.0
blip2_orig,88040,dining,0.1053,3,8,0,1,0.0,0.0,0.3333333333333333,,0.0,0.0,0.0,0,1,0.0,0.0,0.16666666666666666,,0.0,0.0,0.0,0,1,0.0,0.0,0.08333333333333333,,0.0,0.0,0.0,0.0,0.0
blip2_orig,98085,dining,0.1078,3,3,0,1,0.0,0.0,0.3333333333333333,,0.0,0.0,0.0,0,1,0.0,0.0,0.16666666666666666,,0.0,0.0,0.0,0,1,0.0,0.0,0.08333333333333333,,0.0,0.0,0.0,0.0,0.0
blip2_orig,101630,bathroom,0.1428,3,7,0,1,0.0,0.0,0.3333333333333333,,0.0,0.0,0.0,0,1,0.0,0.0,0.16666666666666666,,0.0,0.0,0.0,0,1,0.0,0.0,0.08333333333333333,,0.0,0.0,0.0,0.0,0.0
blip2_orig,101816,bathroom,0.1411,3,5,1,0,1.0,1.0,0.3333333333333333,,0.0,0.0,0.0,1,0,1.0,1.0,0.16666666666666666,,0.0,0.0,0.0,1,0,1.0,1.0,0.08333333333333333,,0.0,0.0,0.0,1.0,1.0
blip2_orig,102223,bedroom,0.1391,3,5,0,1,0.0,0.0,0.3333333333333333,,0.0,0.0,0.0,0,1,0.0,0.0,0.16666666666666666,,0.0,0.0,0.0,0,1,0.0,0.0,0.08333333333333333,,0.0,0.0,0.0,0.0,0.0
blip2_orig,102320,bathroom,0.136,3,5,0,1,0.0,0.0,0.3333333333333333,,0.0,0.0,0.0,0,1,0.0,0.0,0.16666666666666666,,0.0,0.0,0.0,0,1,0.0,0.0,0.08333333333333333,,0.0,0.0,0.0,0.0,0.0
blip2_orig,102718,bathroom,0.14,3,7,0,1,0.0,0.0,0.3333333333333333,,0.0,0.0,0.0,0,1,0.0,0.0,0.16666666666666666,,0.0,0.0,0.0,0,1,0.0,0.0,0.08333333333333333,,0.0,0.0,0.0,0.0,0.0
blip2_orig,102841,bedroom,0.14,3,4,0,1,0.0,0.0,0.3333333333333333,,0.0,0.0,0.0,0,1,0.0,0.0,0.16666666666666666,,0.0,0.0,0.0,0,1,0.0,0.0,0.08333333333333333,,0.0,0.0,0.0,0.0,0.0
blip2_orig,103119,kitchen,0.145,3,4,0,1,0.0,0.0,0.3333333333333333,,0.0,0.0,0.0,0,1,0.0,0.0,0.16666666666666666,,0.0,0.0,0.0,0,1,0.0,0.0,0.08333333333333333,,0.0,0.0,0.0,0.0,0.0
blip2_orig,106235,living room,0.1012,3,7,0,1,0.0,0.0,0.3333333333333333,,0.0,0.0,0.0,0,1,0.0,0.0,0.16666666666666666,,0.0,0.0,0.0,0,1,0.0,0.0,0.08333333333333333,,0.0,0.0,0.0,0.0,0.0
blip2_orig,110884,bathroom,0.1673,3,6,0,1,0.0,0.0,0.3333333333333333,,0.0,0.0,0.0,0,1,0.0,0.0,0.16666666666666666,,0.0,0.0,0.0,0,1,0.0,0.0,0.08333333333333333,,0.0,0.0,0.0,0.0,0.0
blip2_orig,111951,bathroom,0.1522,3,4,0,1,0.0,0.0,0.3333333333333333,,0.0,0.0,0.0,0,1,0.0,0.0,0.16666666666666666,,0.0,0.0,0.0,0,1,0.0,0.0,0.08333333333333333,,0.0,0.0,0.0,0.0,0.0
blip2_orig,114108,dining,0.1079,3,7,1,0,1.0,1.0,0.3333333333333333,,0.0,0.0,0.0,1,0,1.0,1.0,0.16666666666666666,,0.0,0.0,0.0,1,0,1.0,1.0,0.08333333333333333,,0.0,0.0,0.0,1.0,1.0
blip2_orig,116479,bedroom,0.1469,3,5,0,1,0.0,0.0,0.3333333333333333,,0.0,0.0,0.0,0,1,0.0,0.0,0.16666666666666666,,0.0,0.0,0.0,0,1,0.0,0.0,0.08333333333333333,,0.0,0.0,0.0,0.0,0.0
blip2_orig,117089,dining,0.1052,3,10,1,0,1.0,1.0,0.3333333333333333,,0.0,0.0,0.0,1,0,1.0,1.0,0.16666666666666666,,0.0,0.0,0.0,1,0,1.0,1.0,0.08333333333333333,,0.0,0.0,0.0,1.0,1.0
blip2_orig,121904,kitchen,0.1024,3,9,0,1,0.0,0.0,0.3333333333333333,,0.0,0.0,0.0,0,1,0.0,0.0,0.16666666666666666,,0.0,0.0,0.0,0,1,0.0,0.0,0.08333333333333333,,0.0,0.0,0.0,0.0,0.0
blip2_orig,125955,bathroom,0.1148,3,5,0,1,0.0,0.0,0.3333333333333333,,0.0,0.0,0.0,0,1,0.0,0.0,0.16666666666666666,,0.0,0.0,0.0,0,1,0.0,0.0,0.08333333333333333,,0.0,0.0,0.0,0.0,0.0
blip2_orig,127168,bedroom,0.1399,3,3,0,1,0.0,0.0,0.3333333333333333,,0.0,0.0,0.0,0,1,0.0,0.0,0.16666666666666666,,0.0,0.0,0.0,0,1,0.0,0.0,0.08333333333333333,,0.0,0.0,0.0,0.0,0.0
blip2_orig,127394,dining,0.1042,3,9,1,0,1.0,1.0,0.3333333333333333,,0.0,0.0,0.0,1,0,1.0,1.0,0.16666666666666666,,0.0,0.0,0.0,1,0,1.0,1.0,0.08333333333333333,,0.0,0.0,0.0,1.0,1.0
blip2_orig,129322,bathroom,0.1459,3,3,0,1,0.0,0.0,0.3333333333333333,,0.0,0.0,0.0,0,1,0.0,0.0,0.16666666666666666,,0.0,0.0,0.0,0,1,0.0,0.0,0.08333333333333333,,0.0,0.0,0.0,0.0,0.0
blip2_orig,129980,living room,0.1058,3,8,0,1,0.0,0.0,0.3333333333333333,,0.0,0.0,0.0,0,1,0.0,0.0,0.16666666666666666,,0.0,0.0,0.0,0,1,0.0,0.0,0.08333333333333333,,0.0,0.0,0.0,0.0,0.0
blip2_orig,134907,living room,0.1036,3,6,1,0,1.0,1.0,0.3333333333333333,,0.0,0.0,0.0,1,0,1.0,1.0,0.16666666666666666,,0.0,0.0,0.0,1,0,1.0,1.0,0.08333333333333333,,0.0,0.0,0.0,1.0,1.0
blip2_orig,140487,living room,0.1118,3,7,1,0,1.0,1.0,0.3333333333333333,,0.0,0.0,0.0,1,0,1.0,1.0,0.16666666666666666,,0.0,0.0,0.0,1,0,1.0,1.0,0.08333333333333333,,0.0,0.0,0.0,1.0,1.0
blip2_orig,140987,dining,0.1068,3,6,1,0,1.0,1.0,0.3333333333333333,,0.0,0.0,0.0,1,0,1.0,1.0,0.16666666666666666,,0.0,0.0,0.0,1,0,1.0,1.0,0.08333333333333333,,0.0,0.0,0.0,1.0,1.0
blip2_orig,141180,bedroom,0.1312,3,5,0,1,0.0,0.0,0.3333333333333333,,0.0,0.0,0.0,0,1,0.0,0.0,0.16666666666666666,,0.0,0.0,0.0,0,1,0.0,0.0,0.08333333333333333,,0.0,0.0,0.0,0.0,0.0
blip2_orig,141795,bathroom,0.1332,3,6,0,1,0.0,0.0,0.3333333333333333,,0.0,0.0,0.0,0,1,0.0,0.0,0.16666666666666666,,0.0,0.0,0.0,0,1,0.0,0.0,0.08333333333333333,,0.0,0.0,0.0,0.0,0.0
blip2_orig,142240,kitchen,0.1454,3,5,1,0,1.0,1.0,0.3333333333333333,,0.0,0.0,0.0,1,0,1.0,1.0,0.16666666666666666,,0.0,0.0,0.0,1,0,1.0,1.0,0.08333333333333333,,0.0,0.0,0.0,1.0,1.0
blip2_orig,142291,living room,0.1002,3,4,1,0,1.0,1.0,0.3333333333333333,,0.0,0.0,0.0,1,0,1.0,1.0,0.16666666666666666,,0.0,0.0,0.0,1,0,1.0,1.0,0.08333333333333333,,0.0,0.0,0.0,1.0,1.0
blip2_orig,149184,kitchen,0.1447,3,12,0,1,0.0,0.0,0.3333333333333333,,0.0,0.0,0.0,0,1,0.0,0.0,0.16666666666666666,,0.0,0.0,0.0,0,1,0.0,0.0,0.08333333333333333,,0.0,0.0,0.0,0.0,0.0
blip2_orig,150417,kitchen,0.1627,3,7,1,0,1.0,1.0,0.3333333333333333,,0.0,0.0,0.0,1,0,1.0,1.0,0.16666666666666666,,0.0,0.0,0.0,1,0,1.0,1.0,0.08333333333333333,,0.0,0.0,0.0,1.0,1.0
blip2_orig,150874,bedroom,0.1442,3,9,0,1,0.0,0.0,0.3333333333333333,,0.0,0.0,0.0,0,1,0.0,0.0,0.16666666666666666,,0.0,0.0,0.0,0,1,0.0,0.0,0.08333333333333333,,0.0,0.0,0.0,0.0,0.0
blip2_orig,151414,bedroom,0.1433,3,5,0,1,0.0,0.0,0.3333333333333333,,0.0,0.0,0.0,0,1,0.0,0.0,0.16666666666666666,,0.0,0.0,0.0,0,1,0.0,0.0,0.08333333333333333,,0.0,0.0,0.0,0.0,0.0
blip2_orig,152298,bathroom,0.1521,3,6,0,1,0.0,0.0,0.3333333333333333,,0.0,0.0,0.0,0,1,0.0,0.0,0.16666666666666666,,0.0,0.0,0.0,0,1,0.0,0.0,0.08333333333333333,,0.0,0.0,0.0,0.0,0.0
blip2_orig,154358,living room,0.1047,3,7,1,0,1.0,1.0,0.3333333333333333,,0.0,0.0,0.0,1,0,1.0,1.0,0.16666666666666666,,0.0,0.0,0.0,1,0,1.0,1.0,0.08333333333333333,,0.0,0.0,0.0,1.0,1.0
blip2_orig,154431,living room,0.1058,3,5,0,1,0.0,0.0,0.3333333333333333,,0.0,0.0,0.0,0,1,0.0,0.0,0.16666666666666666,,0.0,0.0,0.0,0,1,0.0,0.0,0.08333333333333333,,0.0,0.0,0.0,0.0,0.0
blip2_orig,154704,dining,0.1097,3,5,1,0,1.0,1.0,0.3333333333333333,,0.0,0.0,0.0,1,0,1.0,1.0,0.16666666666666666,,0.0,0.0,0.0,1,0,1.0,1.0,0.08333333333333333,,0.0,0.0,0.0,1.0,1.0
blip2_orig,156643,dining,0.1152,3,6,1,0,1.0,1.0,0.3333333333333333,,0.0,0.0,0.0,1,0,1.0,1.0,0.16666666666666666,,0.0,0.0,0.0,1,0,1.0,1.0,0.08333333333333333,,0.0,0.0,0.0,1.0,1.0
blip2_orig,157045,bathroom,0.1497,3,3,0,1,0.0,0.0,0.3333333333333333,,0.0,0.0,0.0,0,1,0.0,0.0,0.16666666666666666,,0.0,0.0,0.0,0,1,0.0,0.0,0.08333333333333333,,0.0,0.0,0.0,0.0,0.0
blip2_orig,158880,bathroom,0.149,3,3,0,1,0.0,0.0,0.3333333333333333,,0.0,0.0,0.0,0,1,0.0,0.0,0.16666666666666666,,0.0,0.0,0.0,0,1,0.0,0.0,0.08333333333333333,,0.0,0.0,0.0,0.0,0.0
blip2_orig,163589,dining,0.1074,3,4,0,1,0.0,0.0,0.3333333333333333,,0.0,0.0,0.0,0,1,0.0,0.0,0.16666666666666666,,0.0,0.0,0.0,0,1,0.0,0.0,0.08333333333333333,,0.0,0.0,0.0,0.0,0.0
blip2_orig,164005,bedroom,0.1414,3,5,1,0,1.0,1.0,0.3333333333333333,,0.0,0.0,0.0,1,0,1.0,1.0,0.16666666666666666,,0.0,0.0,0.0,1,0,1.0,1.0,0.08333333333333333,,0.0,0.0,0.0,1.0,1.0
blip2_orig,164602,bathroom,0.6031,3,4,1,0,1.0,1.0,0.3333333333333333,,0.0,0.0,0.0,1,0,1.0,1.0,0.16666666666666666,,0.0,0.0,0.0,1,0,1.0,1.0,0.08333333333333333,,0.0,0.0,0.0,1.0,1.0
blip2_orig,166313,bathroom,0.1407,3,4,0,1,0.0,0.0,0.3333333333333333,,0.0,0.0,0.0,0,1,0.0,0.0,0.16666666666666666,,0.0,0.0,0.0,0,1,0.0,0.0,0.08333333333333333,,0.0,0.0,0.0,0.0,0.0
blip2_orig,166426,dining,0.1091,3,6,0,1,0.0,0.0,0.3333333333333333,,0.0,0.0,0.0,0,1,0.0,0.0,0.16666666666666666,,0.0,0.0,0.0,0,1,0.0,0.0,0.08333333333333333,,0.0,0.0,0.0,0.0,0.0
blip2_orig,166533,kitchen,0.1448,3,5,0,1,0.0,0.0,0.3333333333333333,,0.0,0.0,0.0,0,1,0.0,0.0,0.16666666666666666,,0.0,0.0,0.0,0,1,0.0,0.0,0.08333333333333333,,0.0,0.0,0.0,0.0,0.0
blip2_orig,167898,bathroom,0.1527,3,7,0,1,0.0,0.0,0.3333333333333333,,0.0,0.0,0.0,0,1,0.0,0.0,0.16666666666666666,,0.0,0.0,0.0,0,1,0.0,0.0,0.08333333333333333,,0.0,0.0,0.0,0.0,0.0
blip2_orig,170191,bedroom,0.1674,3,3,1,0,1.0,1.0,0.3333333333333333,,0.0,0.0,0.0,1,0,1.0,1.0,0.16666666666666666,,0.0,0.0,0.0,1,0,1.0,1.0,0.08333333333333333,,0.0,0.0,0.0,1.0,1.0
blip2_orig,170529,bedroom,0.1407,3,4,0,1,0.0,0.0,0.3333333333333333,,0.0,0.0,0.0,0,1,0.0,0.0,0.16666666666666666,,0.0,0.0,0.0,0,1,0.0,0.0,0.08333333333333333,,0.0,0.0,0.0,0.0,0.0
blip2_orig,171740,living room,0.1032,3,4,0,1,0.0,0.0,0.3333333333333333,,0.0,0.0,0.0,0,1,0.0,0.0,0.16666666666666666,,0.0,0.0,0.0,0,1,0.0,0.0,0.08333333333333333,,0.0,0.0,0.0,0.0,0.0
blip2_orig,173968,bathroom,0.1432,3,5,0,1,0.0,0.0,0.3333333333333333,,0.0,0.0,0.0,0,1,0.0,0.0,0.16666666666666666,,0.0,0.0,0.0,0,1,0.0,0.0,0.08333333333333333,,0.0,0.0,0.0,0.0,0.0
blip2_orig,174964,bedroom,0.1386,3,6,0,1,0.0,0.0,0.3333333333333333,,0.0,0.0,0.0,0,1,0.0,0.0,0.16666666666666666,,0.0,0.0,0.0,0,1,0.0,0.0,0.08333333333333333,,0.0,0.0,0.0,0.0,0.0
blip2_orig,175364,kitchen,0.1444,3,8,0,1,0.0,0.0,0.3333333333333333,,0.0,0.0,0.0,0,1,0.0,0.0,0.16666666666666666,,0.0,0.0,0.0,0,1,0.0,0.0,0.08333333333333333,,0.0,0.0,0.0,0.0,0.0
blip2_orig,177824,living room,0.1083,3,7,0,1,0.0,0.0,0.3333333333333333,,0.0,0.0,0.0,0,1,0.0,0.0,0.16666666666666666,,0.0,0.0,0.0,0,1,0.0,0.0,0.08333333333333333,,0.0,0.0,0.0,0.0,0.0
blip2_orig,178504,bedroom,0.1593,3,3,1,0,1.0,1.0,0.3333333333333333,,0.0,0.0,0.0,1,0,1.0,1.0,0.16666666666666666,,0.0,0.0,0.0,1,0,1.0,1.0,0.08333333333333333,,0.0,0.0,0.0,1.0,1.0
blip2_orig,178690,living room,0.1022,3,5,0,1,0.0,0.0,0.3333333333333333,,0.0,0.0,0.0,0,1,0.0,0.0,0.16666666666666666,,0.0,0.0,0.0,0,1,0.0,0.0,0.08333333333333333,,0.0,0.0,0.0,0.0,0.0
blip2_orig,180908,bedroom,0.1389,3,6,0,1,0.0,0.0,0.3333333333333333,,0.0,0.0,0.0,0,1,0.0,0.0,0.16666666666666666,,0.0,0.0,0.0,0,1,0.0,0.0,0.08333333333333333,,0.0,0.0,0.0,0.0,0.0
blip2_orig,185633,bathroom,0.1339,3,5,0,1,0.0,0.0,0.3333333333333333,,0.0,0.0,0.0,0,1,0.0,0.0,0.16666666666666666,,0.0,0.0,0.0,0,1,0.0,0.0,0.08333333333333333,,0.0,0.0,0.0,0.0,0.0
blip2_orig,187243,bathroom,0.1634,3,5,1,0,1.0,1.0,0.3333333333333333,,0.0,0.0,0.0,1,0,1.0,1.0,0.16666666666666666,,0.0,0.0,0.0,1,0,1.0,1.0,0.08333333333333333,,0.0,0.0,0.0,1.0,1.0
blip2_orig,189045,bedroom,0.1433,3,3,0,1,0.0,0.0,0.3333333333333333,,0.0,0.0,0.0,0,1,0.0,0.0,0.16666666666666666,,0.0,0.0,0.0,0,1,0.0,0.0,0.08333333333333333,,0.0,0.0,0.0,0.0,0.0
blip2_orig,191997,kitchen,0.1004,3,4,0,1,0.0,0.0,0.3333333333333333,,0.0,0.0,0.0,0,1,0.0,0.0,0.16666666666666666,,0.0,0.0,0.0,0,1,0.0,0.0,0.08333333333333333,,0.0,0.0,0.0,0.0,0.0
blip2_orig,193047,kitchen,0.1029,3,5,1,0,1.0,1.0,0.3333333333333333,,0.0,0.0,0.0,1,0,1.0,1.0,0.16666666666666666,,0.0,0.0,0.0,1,0,1.0,1.0,0.08333333333333333,,0.0,0.0,0.0,1.0,1.0
blip2_orig,194724,kitchen,0.0994,3,9,0,1,0.0,0.0,0.3333333333333333,,0.0,0.0,0.0,0,1,0.0,0.0,0.16666666666666666,,0.0,0.0,0.0,0,1,0.0,0.0,0.08333333333333333,,0.0,0.0,0.0,0.0,0.0
blip2_orig,195754,living room,0.1058,3,5,0,1,0.0,0.0,0.3333333333333333,,0.0,0.0,0.0,0,1,0.0,0.0,0.16666666666666666,,0.0,0.0,0.0,0,1,0.0,0.0,0.08333333333333333,,0.0,0.0,0.0,0.0,0.0
blip2_orig,199502,bedroom,0.1436,3,4,0,1,0.0,0.0,0.3333333333333333,,0.0,0.0,0.0,0,1,0.0,0.0,0.16666666666666666,,0.0,0.0,0.0,0,1,0.0,0.0,0.08333333333333333,,0.0,0.0,0.0,0.0,0.0
blip2_orig,200548,bathroom,0.1349,3,4,0,1,0.0,0.0,0.3333333333333333,,0.0,0.0,0.0,0,1,0.0,0.0,0.16666666666666666,,0.0,0.0,0.0,0,1,0.0,0.0,0.08333333333333333,,0.0,0.0,0.0,0.0,0.0
blip2_orig,200952,bedroom,0.1383,3,7,0,1,0.0,0.0,0.3333333333333333,,0.0,0.0,0.0,0,1,0.0,0.0,0.16666666666666666,,0.0,0.0,0.0,0,1,0.0,0.0,0.08333333333333333,,0.0,0.0,0.0,0.0,0.0
blip2_orig,204661,living room,0.1103,3,4,1,0,1.0,1.0,0.3333333333333333,,0.0,0.0,0.0,1,0,1.0,1.0,0.16666666666666666,,0.0,0.0,0.0,1,0,1.0,1.0,0.08333333333333333,,0.0,0.0,0.0,1.0,1.0
blip2_orig,205514,living room,0.1068,3,6,0,1,0.0,0.0,0.3333333333333333,,0.0,0.0,0.0,0,1,0.0,0.0,0.16666666666666666,,0.0,0.0,0.0,0,1,0.0,0.0,0.08333333333333333,,0.0,0.0,0.0,0.0,0.0
blip2_orig,206395,living room,0.1046,3,4,0,1,0.0,0.0,0.3333333333333333,,0.0,0.0,0.0,0,1,0.0,0.0,0.16666666666666666,,0.0,0.0,0.0,0,1,0.0,0.0,0.08333333333333333,,0.0,0.0,0.0,0.0,0.0
blip2_orig,208778,bedroom,0.1361,3,4,1,0,1.0,1.0,0.3333333333333333,,0.0,0.0,0.0,1,0,1.0,1.0,0.16666666666666666,,0.0,0.0,0.0,1,0,1.0,1.0,0.08333333333333333,,0.0,0.0,0.0,1.0,1.0
blip2_orig,209802,bathroom,0.1288,3,5,0,1,0.0,0.0,0.3333333333333333,,0.0,0.0,0.0,0,1,0.0,0.0,0.16666666666666666,,0.0,0.0,0.0,0,1,0.0,0.0,0.08333333333333333,,0.0,0.0,0.0,0.0,0.0
blip2_orig,210612,bedroom,0.1375,3,4,0,1,0.0,0.0,0.3333333333333333,,0.0,0.0,0.0,0,1,0.0,0.0,0.16666666666666666,,0.0,0.0,0.0,0,1,0.0,0.0,0.08333333333333333,,0.0,0.0,0.0,0.0,0.0
blip2_orig,215746,dining,0.1082,3,5,0,1,0.0,0.0,0.3333333333333333,,0.0,0.0,0.0,0,1,0.0,0.0,0.16666666666666666,,0.0,0.0,0.0,0,1,0.0,0.0,0.08333333333333333,,0.0,0.0,0.0,0.0,0.0
blip2_orig,217546,living room,0.1056,3,11,1,0,1.0,1.0,0.3333333333333333,,0.0,0.0,0.0,1,0,1.0,1.0,0.16666666666666666,,0.0,0.0,0.0,1,0,1.0,1.0,0.08333333333333333,,0.0,0.0,0.0,1.0,1.0
blip2_orig,218091,bedroom,0.1507,3,10,0,1,0.0,0.0,0.3333333333333333,,0.0,0.0,0.0,0,1,0.0,0.0,0.16666666666666666,,0.0,0.0,0.0,0,1,0.0,0.0,0.08333333333333333,,0.0,0.0,0.0,0.0,0.0
blip2_orig,222625,living room,0.1002,3,5,1,0,1.0,1.0,0.3333333333333333,,0.0,0.0,0.0,1,0,1.0,1.0,0.16666666666666666,,0.0,0.0,0.0,1,0,1.0,1.0,0.08333333333333333,,0.0,0.0,0.0,1.0,1.0
blip2_orig,223500,kitchen,0.1427,3,9,0,1,0.0,0.0,0.3333333333333333,,0.0,0.0,0.0,0,1,0.0,0.0,0.16666666666666666,,0.0,0.0,0.0,0,1,0.0,0.0,0.08333333333333333,,0.0,0.0,0.0,0.0,0.0
blip2_orig,224367,bedroom,0.1618,3,5,0,1,0.0,0.0,0.3333333333333333,,0.0,0.0,0.0,0,1,0.0,0.0,0.16666666666666666,,0.0,0.0,0.0,0,1,0.0,0.0,0.08333333333333333,,0.0,0.0,0.0,0.0,0.0
blip2_orig,226329,living room,0.1055,3,4,0,1,0.0,0.0,0.3333333333333333,,0.0,0.0,0.0,0,1,0.0,0.0,0.16666666666666666,,0.0,0.0,0.0,0,1,0.0,0.0,0.08333333333333333,,0.0,0.0,0.0,0.0,0.0
blip2_orig,227985,dining,0.1053,3,3,0,1,0.0,0.0,0.3333333333333333,,0.0,0.0,0.0,0,1,0.0,0.0,0.16666666666666666,,0.0,0.0,0.0,0,1,0.0,0.0,0.08333333333333333,,0.0,0.0,0.0,0.0,0.0
blip2_orig,232088,living room,0.1069,3,7,0,1,0.0,0.0,0.3333333333333333,,0.0,0.0,0.0,0,1,0.0,0.0,0.16666666666666666,,0.0,0.0,0.0,0,1,0.0,0.0,0.08333333333333333,,0.0,0.0,0.0,0.0,0.0
blip2_orig,232649,bathroom,0.1342,3,5,1,0,1.0,1.0,0.3333333333333333,,0.0,0.0,0.0,1,0,1.0,1.0,0.16666666666666666,,0.0,0.0,0.0,1,0,1.0,1.0,0.08333333333333333,,0.0,0.0,0.0,1.0,1.0
blip2_orig,234779,dining,0.1077,3,3,0,1,0.0,0.0,0.3333333333333333,,0.0,0.0,0.0,0,1,0.0,0.0,0.16666666666666666,,0.0,0.0,0.0,0,1,0.0,0.0,0.08333333333333333,,0.0,0.0,0.0,0.0,0.0
blip2_orig,238154,bedroom,0.151,3,7,0,1,0.0,0.0,0.3333333333333333,,0.0,0.0,0.0,0,1,0.0,0.0,0.16666666666666666,,0.0,0.0,0.0,0,1,0.0,0.0,0.08333333333333333,,0.0,0.0,0.0,0.0,0.0
blip2_orig,239013,living room,0.1022,3,9,0,1,0.0,0.0,0.3333333333333333,,0.0,0.0,0.0,0,1,0.0,0.0,0.16666666666666666,,0.0,0.0,0.0,0,1,0.0,0.0,0.08333333333333333,,0.0,0.0,0.0,0.0,0.0
blip2_orig,240043,kitchen,0.1262,3,4,1,0,1.0,1.0,0.3333333333333333,,0.0,0.0,0.0,1,0,1.0,1.0,0.16666666666666666,,0.0,0.0,0.0,1,0,1.0,1.0,0.08333333333333333,,0.0,0.0,0.0,1.0,1.0
blip2_orig,240965,dining,0.1105,3,3,0,1,0.0,0.0,0.3333333333333333,,0.0,0.0,0.0,0,1,0.0,0.0,0.16666666666666666,,0.0,0.0,0.0,0,1,0.0,0.0,0.08333333333333333,,0.0,0.0,0.0,0.0,0.0
blip2_orig,242296,living room,0.1011,3,6,0,1,0.0,0.0,0.3333333333333333,,0.0,0.0,0.0,0,1,0.0,0.0,0.16666666666666666,,0.0,0.0,0.0,0,1,0.0,0.0,0.08333333333333333,,0.0,0.0,0.0,0.0,0.0
blip2_orig,242610,bedroom,0.1368,3,4,1,0,1.0,1.0,0.3333333333333333,,0.0,0.0,0.0,1,0,1.0,1.0,0.16666666666666666,,0.0,0.0,0.0,1,0,1.0,1.0,0.08333333333333333,,0.0,0.0,0.0,1.0,1.0
blip2_orig,245230,kitchen,0.1452,3,9,0,1,0.0,0.0,0.3333333333333333,,0.0,0.0,0.0,0,1,0.0,0.0,0.16666666666666666,,0.0,0.0,0.0,0,1,0.0,0.0,0.08333333333333333,,0.0,0.0,0.0,0.0,0.0
blip2_orig,247839,dining,0.1031,3,11,1,0,1.0,1.0,0.3333333333333333,,0.0,0.0,0.0,1,0,1.0,1.0,0.16666666666666666,,0.0,0.0,0.0,1,0,1.0,1.0,0.08333333333333333,,0.0,0.0,0.0,1.0,1.0
blip2_orig,252127,bedroom,0.1461,3,4,0,1,0.0,0.0,0.3333333333333333,,0.0,0.0,0.0,0,1,0.0,0.0,0.16666666666666666,,0.0,0.0,0.0,0,1,0.0,0.0,0.08333333333333333,,0.0,0.0,0.0,0.0,0.0
blip2_orig,255654,bathroom,0.1379,3,4,0,1,0.0,0.0,0.3333333333333333,,0.0,0.0,0.0,0,1,0.0,0.0,0.16666666666666666,,0.0,0.0,0.0,0,1,0.0,0.0,0.08333333333333333,,0.0,0.0,0.0,0.0,0.0
blip2_orig,256518,dining,0.1207,3,7,0,1,0.0,0.0,0.3333333333333333,,0.0,0.0,0.0,0,1,0.0,0.0,0.16666666666666666,,0.0,0.0,0.0,0,1,0.0,0.0,0.08333333333333333,,0.0,0.0,0.0,0.0,0.0
blip2_orig,257370,living room,0.1019,3,4,1,0,1.0,1.0,0.3333333333333333,,0.0,0.0,0.0,1,0,1.0,1.0,0.16666666666666666,,0.0,0.0,0.0,1,0,1.0,1.0,0.08333333333333333,,0.0,0.0,0.0,1.0,1.0
blip2_orig,257660,bathroom,0.1408,3,5,0,1,0.0,0.0,0.3333333333333333,,0.0,0.0,0.0,0,1,0.0,0.0,0.16666666666666666,,0.0,0.0,0.0,0,1,0.0,0.0,0.08333333333333333,,0.0,0.0,0.0,0.0,0.0
blip2_orig,257773,kitchen,0.1474,3,6,1,0,1.0,1.0,0.3333333333333333,,0.0,0.0,0.0,1,0,1.0,1.0,0.16666666666666666,,0.0,0.0,0.0,1,0,1.0,1.0,0.08333333333333333,,0.0,0.0,0.0,1.0,1.0
blip2_orig,260721,living room,0.103,3,7,0,1,0.0,0.0,0.3333333333333333,,0.0,0.0,0.0,0,1,0.0,0.0,0.16666666666666666,,0.0,0.0,0.0,0,1,0.0,0.0,0.08333333333333333,,0.0,0.0,0.0,0.0,0.0
blip2_orig,264347,kitchen,0.1014,3,8,0,1,0.0,0.0,0.3333333333333333,,0.0,0.0,0.0,0,1,0.0,0.0,0.16666666666666666,,0.0,0.0,0.0,0,1,0.0,0.0,0.08333333333333333,,0.0,0.0,0.0,0.0,0.0
blip2_orig,266422,living room,0.1014,3,6,0,1,0.0,0.0,0.3333333333333333,,0.0,0.0,0.0,0,1,0.0,0.0,0.16666666666666666,,0.0,0.0,0.0,0,1,0.0,0.0,0.08333333333333333,,0.0,0.0,0.0,0.0,0.0
blip2_orig,268213,kitchen,0.1464,3,6,0,1,0.0,0.0,0.3333333333333333,,0.0,0.0,0.0,0,1,0.0,0.0,0.16666666666666666,,0.0,0.0,0.0,0,1,0.0,0.0,0.08333333333333333,,0.0,0.0,0.0,0.0,0.0
blip2_orig,268378,dining,0.1029,3,6,1,0,1.0,1.0,0.3333333333333333,,0.0,0.0,0.0,1,0,1.0,1.0,0.16666666666666666,,0.0,0.0,0.0,1,0,1.0,1.0,0.08333333333333333,,0.0,0.0,0.0,1.0,1.0
blip2_orig,271167,bathroom,0.1324,3,5,1,0,1.0,1.0,0.3333333333333333,,0.0,0.0,0.0,1,0,1.0,1.0,0.16666666666666666,,0.0,0.0,0.0,1,0,1.0,1.0,0.08333333333333333,,0.0,0.0,0.0,1.0,1.0
blip2_orig,271728,living room,0.1027,3,9,0,1,0.0,0.0,0.3333333333333333,,0.0,0.0,0.0,0,1,0.0,0.0,0.16666666666666666,,0.0,0.0,0.0,0,1,0.0,0.0,0.08333333333333333,,0.0,0.0,0.0,0.0,0.0
blip2_orig,272203,bedroom,0.1502,3,5,0,1,0.0,0.0,0.3333333333333333,,0.0,0.0,0.0,0,1,0.0,0.0,0.16666666666666666,,0.0,0.0,0.0,0,1,0.0,0.0,0.08333333333333333,,0.0,0.0,0.0,0.0,0.0
blip2_orig,274352,dining,0.1104,3,10,1,0,1.0,1.0,0.3333333333333333,,0.0,0.0,0.0,1,0,1.0,1.0,0.16666666666666666,,0.0,0.0,0.0,1,0,1.0,1.0,0.08333333333333333,,0.0,0.0,0.0,1.0,1.0
blip2_orig,275374,bedroom,0.1663,3,5,1,0,1.0,1.0,0.3333333333333333,1.0,0.3333333333333333,0.0,0.0,1,0,1.0,1.0,0.16666666666666666,1.0,0.16666666666666666,0.0,0.0,1,0,1.0,1.0,0.08333333333333333,1.0,0.08333333333333333,0.0,0.0,1.0,1.0
blip2_orig,277507,bedroom,0.1402,3,4,0,1,0.0,0.0,0.3333333333333333,,0.0,0.0,0.0,0,1,0.0,0.0,0.16666666666666666,,0.0,0.0,0.0,0,1,0.0,0.0,0.08333333333333333,,0.0,0.0,0.0,0.0,0.0
blip2_orig,283717,kitchen,0.1483,3,4,0,1,0.0,0.0,0.3333333333333333,,0.0,0.0,0.0,0,1,0.0,0.0,0.16666666666666666,,0.0,0.0,0.0,0,1,0.0,0.0,0.08333333333333333,,0.0,0.0,0.0,0.0,0.0
blip2_orig,285400,dining,0.1023,3,3,0,1,0.0,0.0,0.3333333333333333,,0.0,0.0,0.0,0,1,0.0,0.0,0.16666666666666666,,0.0,0.0,0.0,0,1,0.0,0.0,0.08333333333333333,,0.0,0.0,0.0,0.0,0.0
blip2_orig,290771,living room,0.1032,3,7,0,1,0.0,0.0,0.3333333333333333,,0.0,0.0,0.0,0,1,0.0,0.0,0.16666666666666666,,0.0,0.0,0.0,0,1,0.0,0.0,0.08333333333333333,,0.0,0.0,0.0,0.0,0.0
blip2_orig,293390,bathroom,0.1376,3,5,0,1,0.0,0.0,0.3333333333333333,,0.0,0.0,0.0,0,1,0.0,0.0,0.16666666666666666,,0.0,0.0,0.0,0,1,0.0,0.0,0.08333333333333333,,0.0,0.0,0.0,0.0,0.0
blip2_orig,296205,living room,0.1105,3,4,1,0,1.0,1.0,0.3333333333333333,,0.0,0.0,0.0,1,0,1.0,1.0,0.16666666666666666,,0.0,0.0,0.0,1,0,1.0,1.0,0.08333333333333333,,0.0,0.0,0.0,1.0,1.0
blip2_orig,297353,bedroom,0.1596,3,4,1,0,1.0,1.0,0.3333333333333333,,0.0,0.0,0.0,1,0,1.0,1.0,0.16666666666666666,,0.0,0.0,0.0,1,0,1.0,1.0,0.08333333333333333,,0.0,0.0,0.0,1.0,1.0
blip2_orig,299632,bedroom,0.1388,3,5,0,1,0.0,0.0,0.3333333333333333,,0.0,0.0,0.0,0,1,0.0,0.0,0.16666666666666666,,0.0,0.0,0.0,0,1,0.0,0.0,0.08333333333333333,,0.0,0.0,0.0,0.0,0.0
blip2_orig,300882,bedroom,0.1432,3,4,0,1,0.0,0.0,0.3333333333333333,,0.0,0.0,0.0,0,1,0.0,0.0,0.16666666666666666,,0.0,0.0,0.0,0,1,0.0,0.0,0.08333333333333333,,0.0,0.0,0.0,0.0,0.0
blip2_orig,302680,living room,0.1012,3,9,0,1,0.0,0.0,0.3333333333333333,,0.0,0.0,0.0,0,1,0.0,0.0,0.16666666666666666,,0.0,0.0,0.0,0,1,0.0,0.0,0.08333333333333333,,0.0,0.0,0.0,0.0,0.0
blip2_orig,303002,bathroom,0.138,3,4,1,0,1.0,1.0,0.3333333333333333,,0.0,0.0,0.0,1,0,1.0,1.0,0.16666666666666666,,0.0,0.0,0.0,1,0,1.0,1.0,0.08333333333333333,,0.0,0.0,0.0,1.0,1.0
blip2_orig,303520,kitchen,0.1438,3,8,1,0,1.0,1.0,0.3333333333333333,,0.0,0.0,0.0,1,0,1.0,1.0,0.16666666666666666,,0.0,0.0,0.0,1,0,1.0,1.0,0.08333333333333333,,0.0,0.0,0.0,1.0,1.0
blip2_orig,304827,kitchen,0.1423,3,5,0,1,0.0,0.0,0.3333333333333333,,0.0,0.0,0.0,0,1,0.0,0.0,0.16666666666666666,,0.0,0.0,0.0,0,1,0.0,0.0,0.08333333333333333,,0.0,0.0,0.0,0.0,0.0
blip2_orig,306733,bathroom,0.1386,3,6,0,1,0.0,0.0,0.3333333333333333,,0.0,0.0,0.0,0,1,0.0,0.0,0.16666666666666666,,0.0,0.0,0.0,0,1,0.0,0.0,0.08333333333333333,,0.0,0.0,0.0,0.0,0.0
blip2_orig,308507,kitchen,0.149,3,6,0,1,0.0,0.0,0.3333333333333333,,0.0,0.0,0.0,0,1,0.0,0.0,0.16666666666666666,,0.0,0.0,0.0,0,1,0.0,0.0,0.08333333333333333,,0.0,0.0,0.0,0.0,0.0
blip2_orig,309060,kitchen,0.1046,3,9,0,1,0.0,0.0,0.3333333333333333,,0.0,0.0,0.0,0,1,0.0,0.0,0.16666666666666666,,0.0,0.0,0.0,0,1,0.0,0.0,0.08333333333333333,,0.0,0.0,0.0,0.0,0.0
blip2_orig,309553,bedroom,0.1451,3,4,0,1,0.0,0.0,0.3333333333333333,,0.0,0.0,0.0,0,1,0.0,0.0,0.16666666666666666,,0.0,0.0,0.0,0,1,0.0,0.0,0.08333333333333333,,0.0,0.0,0.0,0.0,0.0
blip2_orig,311868,bathroom,0.1353,3,5,0,1,0.0,0.0,0.3333333333333333,,0.0,0.0,0.0,0,1,0.0,0.0,0.16666666666666666,,0.0,0.0,0.0,0,1,0.0,0.0,0.08333333333333333,,0.0,0.0,0.0,0.0,0.0
blip2_orig,313130,kitchen,0.1002,3,6,0,1,0.0,0.0,0.3333333333333333,,0.0,0.0,0.0,0,1,0.0,0.0,0.16666666666666666,,0.0,0.0,0.0,0,1,0.0,0.0,0.08333333333333333,,0.0,0.0,0.0,0.0,0.0
blip2_orig,315256,bedroom,0.1502,3,5,0,1,0.0,0.0,0.3333333333333333,,0.0,0.0,0.0,0,1,0.0,0.0,0.16666666666666666,,0.0,0.0,0.0,0,1,0.0,0.0,0.08333333333333333,,0.0,0.0,0.0,0.0,0.0
blip2_orig,315641,kitchen,0.1481,3,5,1,0,1.0,1.0,0.3333333333333333,,0.0,0.0,0.0,1,0,1.0,1.0,0.16666666666666666,,0.0,0.0,0.0,1,0,1.0,1.0,0.08333333333333333,,0.0,0.0,0.0,1.0,1.0
blip2_orig,319935,bedroom,0.1398,3,10,0,1,0.0,0.0,0.3333333333333333,,0.0,0.0,0.0,0,1,0.0,0.0,0.16666666666666666,,0.0,0.0,0.0,0,1,0.0,0.0,0.08333333333333333,,0.0,0.0,0.0,0.0,0.0
blip2_orig,325078,bathroom,0.1475,3,4,0,1,0.0,0.0,0.3333333333333333,,0.0,0.0,0.0,0,1,0.0,0.0,0.16666666666666666,,0.0,0.0,0.0,0,1,0.0,0.0,0.08333333333333333,,0.0,0.0,0.0,0.0,0.0
blip2_orig,329455,dining,0.1067,3,6,1,0,1.0,1.0,0.3333333333333333,,0.0,0.0,0.0,1,0,1.0,1.0,0.16666666666666666,,0.0,0.0,0.0,1,0,1.0,1.0,0.08333333333333333,,0.0,0.0,0.0,1.0,1.0
blip2_orig,341741,bedroom,0.1353,3,4,0,1,0.0,0.0,0.3333333333333333,,0.0,0.0,0.0,0,1,0.0,0.0,0.16666666666666666,,0.0,0.0,0.0,0,1,0.0,0.0,0.08333333333333333,,0.0,0.0,0.0,0.0,0.0
blip2_orig,343662,bedroom,0.1306,3,3,0,1,0.0,0.0,0.3333333333333333,,0.0,0.0,0.0,0,1,0.0,0.0,0.16666666666666666,,0.0,0.0,0.0,0,1,0.0,0.0,0.08333333333333333,,0.0,0.0,0.0,0.0,0.0
blip2_orig,348708,dining,0.1077,3,3,0,1,0.0,0.0,0.3333333333333333,,0.0,0.0,0.0,0,1,0.0,0.0,0.16666666666666666,,0.0,0.0,0.0,0,1,0.0,0.0,0.08333333333333333,,0.0,0.0,0.0,0.0,0.0
blip2_orig,350230,kitchen,0.1483,3,9,0,1,0.0,0.0,0.3333333333333333,,0.0,0.0,0.0,0,1,0.0,0.0,0.16666666666666666,,0.0,0.0,0.0,0,1,0.0,0.0,0.08333333333333333,,0.0,0.0,0.0,0.0,0.0
blip2_orig,355430,dining,0.1014,3,10,0,1,0.0,0.0,0.3333333333333333,,0.0,0.0,0.0,0,1,0.0,0.0,0.16666666666666666,,0.0,0.0,0.0,0,1,0.0,0.0,0.08333333333333333,,0.0,0.0,0.0,0.0,0.0
blip2_orig,358465,bedroom,0.1361,3,3,0,1,0.0,0.0,0.3333333333333333,,0.0,0.0,0.0,0,1,0.0,0.0,0.16666666666666666,,0.0,0.0,0.0,0,1,0.0,0.0,0.08333333333333333,,0.0,0.0,0.0,0.0,0.0
blip2_orig,358525,bedroom,0.1358,3,4,1,0,1.0,1.0,0.3333333333333333,,0.0,0.0,0.0,1,0,1.0,1.0,0.16666666666666666,,0.0,0.0,0.0,1,0,1.0,1.0,0.08333333333333333,,0.0,0.0,0.0,1.0,1.0
blip2_orig,362278,bathroom,0.1352,3,4,0,1,0.0,0.0,0.3333333333333333,,0.0,0.0,0.0,0,1,0.0,0.0,0.16666666666666666,,0.0,0.0,0.0,0,1,0.0,0.0,0.08333333333333333,,0.0,0.0,0.0,0.0,0.0
blip2_orig,367386,living room,0.1022,3,11,0,1,0.0,0.0,0.3333333333333333,,0.0,0.0,0.0,0,1,0.0,0.0,0.16666666666666666,,0.0,0.0,0.0,0,1,0.0,0.0,0.08333333333333333,,0.0,0.0,0.0,0.0,0.0
blip2_orig,367569,living room,0.1026,3,8,0,1,0.0,0.0,0.3333333333333333,,0.0,0.0,0.0,0,1,0.0,0.0,0.16666666666666666,,0.0,0.0,0.0,0,1,0.0,0.0,0.08333333333333333,,0.0,0.0,0.0,0.0,0.0
blip2_orig,368349,bathroom,0.144,3,4,0,1,0.0,0.0,0.3333333333333333,,0.0,0.0,0.0,0,1,0.0,0.0,0.16666666666666666,,0.0,0.0,0.0,0,1,0.0,0.0,0.08333333333333333,,0.0,0.0,0.0,0.0,0.0
blip2_orig,369373,living room,0.1074,3,6,1,0,1.0,1.0,0.3333333333333333,,0.0,0.0,0.0,1,0,1.0,1.0,0.16666666666666666,,0.0,0.0,0.0,1,0,1.0,1.0,0.08333333333333333,,0.0,0.0,0.0,1.0,1.0
blip2_orig,370818,bathroom,0.1347,3,6,0,1,0.0,0.0,0.3333333333333333,,0.0,0.0,0.0,0,1,0.0,0.0,0.16666666666666666,,0.0,0.0,0.0,0,1,0.0,0.0,0.08333333333333333,,0.0,0.0,0.0,0.0,0.0
blip2_orig,374628,kitchen,0.1429,3,13,0,1,0.0,0.0,0.3333333333333333,,0.0,0.0,0.0,0,1,0.0,0.0,0.16666666666666666,,0.0,0.0,0.0,0,1,0.0,0.0,0.08333333333333333,,0.0,0.0,0.0,0.0,0.0
blip2_orig,375878,bathroom,0.1119,3,3,0,1,0.0,0.0,0.3333333333333333,,0.0,0.0,0.0,0,1,0.0,0.0,0.16666666666666666,,0.0,0.0,0.0,0,1,0.0,0.0,0.08333333333333333,,0.0,0.0,0.0,0.0,0.0
blip2_orig,381330,kitchen,0.1436,3,4,1,0,1.0,1.0,0.3333333333333333,,0.0,0.0,0.0,1,0,1.0,1.0,0.16666666666666666,,0.0,0.0,0.0,1,0,1.0,1.0,0.08333333333333333,,0.0,0.0,0.0,1.0,1.0
blip2_orig,381605,living room,0.1057,3,4,0,1,0.0,0.0,0.3333333333333333,,0.0,0.0,0.0,0,1,0.0,0.0,0.16666666666666666,,0.0,0.0,0.0,0,1,0.0,0.0,0.08333333333333333,,0.0,0.0,0.0,0.0,0.0
blip2_orig,383549,living room,0.1051,3,7,0,1,0.0,0.0,0.3333333333333333,,0.0,0.0,0.0,0,1,0.0,0.0,0.16666666666666666,,0.0,0.0,0.0,0,1,0.0,0.0,0.08333333333333333,,0.0,0.0,0.0,0.0,0.0
blip2_orig,386799,bathroom,0.1524,3,3,0,1,0.0,0.0,0.3333333333333333,,0.0,0.0,0.0,0,1,0.0,0.0,0.16666666666666666,,0.0,0.0,0.0,0,1,0.0,0.0,0.08333333333333333,,0.0,0.0,0.0,0.0,0.0
blip2_orig,395259,bedroom,0.1385,3,5,0,1,0.0,0.0,0.3333333333333333,,0.0,0.0,0.0,0,1,0.0,0.0,0.16666666666666666,,0.0,0.0,0.0,0,1,0.0,0.0,0.08333333333333333,,0.0,0.0,0.0,0.0,0.0
blip2_orig,395701,living room,0.102,3,7,0,1,0.0,0.0,0.3333333333333333,,0.0,0.0,0.0,0,1,0.0,0.0,0.16666666666666666,,0.0,0.0,0.0,0,1,0.0,0.0,0.08333333333333333,,0.0,0.0,0.0,0.0,0.0
blip2_orig,396526,dining,0.1041,3,6,0,1,0.0,0.0,0.3333333333333333,,0.0,0.0,0.0,0,1,0.0,0.0,0.16666666666666666,,0.0,0.0,0.0,0,1,0.0,0.0,0.08333333333333333,,0.0,0.0,0.0,0.0,0.0
blip2_orig,396691,kitchen,0.1477,3,4,1,0,1.0,1.0,0.3333333333333333,,0.0,0.0,0.0,1,0,1.0,1.0,0.16666666666666666,,0.0,0.0,0.0,1,0,1.0,1.0,0.08333333333333333,,0.0,0.0,0.0,1.0,1.0
blip2_orig,397354,kitchen,0.1057,3,8,1,0,1.0,1.0,0.3333333333333333,,0.0,0.0,0.0,1,0,1.0,1.0,0.16666666666666666,,0.0,0.0,0.0,1,0,1.0,1.0,0.08333333333333333,,0.0,0.0,0.0,1.0,1.0
blip2_orig,401060,bedroom,0.1428,3,4,0,1,0.0,0.0,0.3333333333333333,,0.0,0.0,0.0,0,1,0.0,0.0,0.16666666666666666,,0.0,0.0,0.0,0,1,0.0,0.0,0.08333333333333333,,0.0,0.0,0.0,0.0,0.0
blip2_orig,403114,bathroom,0.1396,3,4,0,1,0.0,0.0,0.3333333333333333,,0.0,0.0,0.0,0,1,0.0,0.0,0.16666666666666666,,0.0,0.0,0.0,0,1,0.0,0.0,0.08333333333333333,,0.0,0.0,0.0,0.0,0.0
blip2_orig,404678,dining,0.1028,3,9,1,0,1.0,1.0,0.3333333333333333,,0.0,0.0,0.0,1,0,1.0,1.0,0.16666666666666666,,0.0,0.0,0.0,1,0,1.0,1.0,0.08333333333333333,,0.0,0.0,0.0,1.0,1.0
blip2_orig,407685,living room,0.1032,3,12,1,0,1.0,1.0,0.3333333333333333,,0.0,0.0,0.0,1,0,1.0,1.0,0.16666666666666666,,0.0,0.0,0.0,1,0,1.0,1.0,0.08333333333333333,,0.0,0.0,0.0,1.0,1.0
blip2_orig,408192,living room,0.1054,3,10,1,0,1.0,1.0,0.3333333333333333,,0.0,0.0,0.0,1,0,1.0,1.0,0.16666666666666666,,0.0,0.0,0.0,1,0,1.0,1.0,0.08333333333333333,,0.0,0.0,0.0,1.0,1.0
blip2_orig,410144,kitchen,0.1025,3,4,1,0,1.0,1.0,0.3333333333333333,,0.0,0.0,0.0,1,0,1.0,1.0,0.16666666666666666,,0.0,0.0,0.0,1,0,1.0,1.0,0.08333333333333333,,0.0,0.0,0.0,1.0,1.0
blip2_orig,411685,bathroom,0.15,3,3,0,1,0.0,0.0,0.3333333333333333,,0.0,0.0,0.0,0,1,0.0,0.0,0.16666666666666666,,0.0,0.0,0.0,0,1,0.0,0.0,0.08333333333333333,,0.0,0.0,0.0,0.0,0.0
blip2_orig,415646,bedroom,0.1384,3,9,0,1,0.0,0.0,0.3333333333333333,,0.0,0.0,0.0,0,1,0.0,0.0,0.16666666666666666,,0.0,0.0,0.0,0,1,0.0,0.0,0.08333333333333333,,0.0,0.0,0.0,0.0,0.0
blip2_orig,416575,bedroom,0.1732,3,4,1,0,1.0,1.0,0.3333333333333333,,0.0,0.0,0.0,1,0,1.0,1.0,0.16666666666666666,,0.0,0.0,0.0,1,0,1.0,1.0,0.08333333333333333,,0.0,0.0,0.0,1.0,1.0
blip2_orig,422350,kitchen,0.1005,3,6,0,1,0.0,0.0,0.3333333333333333,,0.0,0.0,0.0,0,1,0.0,0.0,0.16666666666666666,,0.0,0.0,0.0,0,1,0.0,0.0,0.08333333333333333,,0.0,0.0,0.0,0.0,0.0
blip2_orig,422654,kitchen,0.1059,3,5,0,1,0.0,0.0,0.3333333333333333,,0.0,0.0,0.0,0,1,0.0,0.0,0.16666666666666666,,0.0,0.0,0.0,0,1,0.0,0.0,0.08333333333333333,,0.0,0.0,0.0,0.0,0.0
blip2_orig,427040,bedroom,0.1598,3,8,1,0,1.0,1.0,0.3333333333333333,,0.0,0.0,0.0,1,0,1.0,1.0,0.16666666666666666,,0.0,0.0,0.0,1,0,1.0,1.0,0.08333333333333333,,0.0,0.0,0.0,1.0,1.0
blip2_orig,431154,bedroom,0.1453,3,3,0,1,0.0,0.0,0.3333333333333333,,0.0,0.0,0.0,0,1,0.0,0.0,0.16666666666666666,,0.0,0.0,0.0,0,1,0.0,0.0,0.08333333333333333,,0.0,0.0,0.0,0.0,0.0
blip2_orig,434098,bathroom,0.1364,3,4,1,0,1.0,1.0,0.3333333333333333,,0.0,0.0,0.0,1,0,1.0,1.0,0.16666666666666666,,0.0,0.0,0.0,1,0,1.0,1.0,0.08333333333333333,,0.0,0.0,0.0,1.0,1.0
blip2_orig,437898,kitchen,0.1469,3,8,0,1,0.0,0.0,0.3333333333333333,,0.0,0.0,0.0,0,1,0.0,0.0,0.16666666666666666,,0.0,0.0,0.0,0,1,0.0,0.0,0.08333333333333333,,0.0,0.0,0.0,0.0,0.0
blip2_orig,438314,bedroom,0.1385,3,4,0,1,0.0,0.0,0.3333333333333333,,0.0,0.0,0.0,0,1,0.0,0.0,0.16666666666666666,,0.0,0.0,0.0,0,1,0.0,0.0,0.08333333333333333,,0.0,0.0,0.0,0.0,0.0
blip2_orig,439364,bathroom,0.1325,3,5,0,1,0.0,0.0,0.3333333333333333,,0.0,0.0,0.0,0,1,0.0,0.0,0.16666666666666666,,0.0,0.0,0.0,0,1,0.0,0.0,0.08333333333333333,,0.0,0.0,0.0,0.0,0.0
blip2_orig,439689,living room,0.1084,3,7,0,1,0.0,0.0,0.3333333333333333,,0.0,0.0,0.0,0,1,0.0,0.0,0.16666666666666666,,0.0,0.0,0.0,0,1,0.0,0.0,0.08333333333333333,,0.0,0.0,0.0,0.0,0.0
blip2_orig,445306,kitchen,0.1054,3,5,1,0,1.0,1.0,0.3333333333333333,,0.0,0.0,0.0,1,0,1.0,1.0,0.16666666666666666,,0.0,0.0,0.0,1,0,1.0,1.0,0.08333333333333333,,0.0,0.0,0.0,1.0,1.0
blip2_orig,445658,kitchen,0.1462,3,6,0,1,0.0,0.0,0.3333333333333333,,0.0,0.0,0.0,0,1,0.0,0.0,0.16666666666666666,,0.0,0.0,0.0,0,1,0.0,0.0,0.08333333333333333,,0.0,0.0,0.0,0.0,0.0
blip2_orig,448795,kitchen,0.1031,3,6,0,1,0.0,0.0,0.3333333333333333,,0.0,0.0,0.0,0,1,0.0,0.0,0.16666666666666666,,0.0,0.0,0.0,0,1,0.0,0.0,0.08333333333333333,,0.0,0.0,0.0,0.0,0.0
blip2_orig,453302,kitchen,0.107,3,5,0,1,0.0,0.0,0.3333333333333333,,0.0,0.0,0.0,0,1,0.0,0.0,0.16666666666666666,,0.0,0.0,0.0,0,1,0.0,0.0,0.08333333333333333,,0.0,0.0,0.0,0.0,0.0
blip2_orig,453341,living room,0.1029,3,4,0,1,0.0,0.0,0.3333333333333333,,0.0,0.0,0.0,0,1,0.0,0.0,0.16666666666666666,,0.0,0.0,0.0,0,1,0.0,0.0,0.08333333333333333,,0.0,0.0,0.0,0.0,0.0
blip2_orig,455301,bedroom,0.1393,3,3,1,0,1.0,1.0,0.3333333333333333,,0.0,0.0,0.0,1,0,1.0,1.0,0.16666666666666666,,0.0,0.0,0.0,1,0,1.0,1.0,0.08333333333333333,,0.0,0.0,0.0,1.0,1.0
blip2_orig,458410,living room,0.1054,3,6,0,1,0.0,0.0,0.3333333333333333,,0.0,0.0,0.0,0,1,0.0,0.0,0.16666666666666666,,0.0,0.0,0.0,0,1,0.0,0.0,0.08333333333333333,,0.0,0.0,0.0,0.0,0.0
blip2_orig,460494,dining,0.107,3,6,0,1,0.0,0.0,0.3333333333333333,,0.0,0.0,0.0,0,1,0.0,0.0,0.16666666666666666,,0.0,0.0,0.0,0,1,0.0,0.0,0.08333333333333333,,0.0,0.0,0.0,0.0,0.0
blip2_orig,461172,dining,0.1032,3,4,0,1,0.0,0.0,0.3333333333333333,,0.0,0.0,0.0,0,1,0.0,0.0,0.16666666666666666,,0.0,0.0,0.0,0,1,0.0,0.0,0.08333333333333333,,0.0,0.0,0.0,0.0,0.0
blip2_orig,466256,dining,0.1141,3,3,0,1,0.0,0.0,0.3333333333333333,,0.0,0.0,0.0,0,1,0.0,0.0,0.16666666666666666,,0.0,0.0,0.0,0,1,0.0,0.0,0.08333333333333333,,0.0,0.0,0.0,0.0,0.0
blip2_orig,467315,dining,0.1029,3,4,1,0,1.0,1.0,0.3333333333333333,,0.0,0.0,0.0,1,0,1.0,1.0,0.16666666666666666,,0.0,0.0,0.0,1,0,1.0,1.0,0.08333333333333333,,0.0,0.0,0.0,1.0,1.0
blip2_orig,468422,kitchen,0.1006,3,5,1,0,1.0,1.0,0.3333333333333333,,0.0,0.0,0.0,1,0,1.0,1.0,0.16666666666666666,,0.0,0.0,0.0,1,0,1.0,1.0,0.08333333333333333,,0.0,0.0,0.0,1.0,1.0
blip2_orig,468505,dining,0.1045,3,7,1,0,1.0,1.0,0.3333333333333333,,0.0,0.0,0.0,1,0,1.0,1.0,0.16666666666666666,,0.0,0.0,0.0,1,0,1.0,1.0,0.08333333333333333,,0.0,0.0,0.0,1.0,1.0
blip2_orig,468659,living room,0.1018,3,3,0,1,0.0,0.0,0.3333333333333333,,0.0,0.0,0.0,0,1,0.0,0.0,0.16666666666666666,,0.0,0.0,0.0,0,1,0.0,0.0,0.08333333333333333,,0.0,0.0,0.0,0.0,0.0
blip2_orig,469795,bathroom,0.1522,3,7,0,1,0.0,0.0,0.3333333333333333,,0.0,0.0,0.0,0,1,0.0,0.0,0.16666666666666666,,0.0,0.0,0.0,0,1,0.0,0.0,0.08333333333333333,,0.0,0.0,0.0,0.0,0.0
blip2_orig,469902,bedroom,0.1478,3,3,0,1,0.0,0.0,0.3333333333333333,,0.0,0.0,0.0,0,1,0.0,0.0,0.16666666666666666,,0.0,0.0,0.0,0,1,0.0,0.0,0.08333333333333333,,0.0,0.0,0.0,0.0,0.0
blip2_orig,472046,kitchen,0.1029,3,10,0,1,0.0,0.0,0.3333333333333333,,0.0,0.0,0.0,0,1,0.0,0.0,0.16666666666666666,,0.0,0.0,0.0,0,1,0.0,0.0,0.08333333333333333,,0.0,0.0,0.0,0.0,0.0
blip2_orig,473294,bedroom,0.1775,3,6,0,1,0.0,0.0,0.3333333333333333,,0.0,0.0,0.0,0,1,0.0,0.0,0.16666666666666666,,0.0,0.0,0.0,0,1,0.0,0.0,0.08333333333333333,,0.0,0.0,0.0,0.0,0.0
blip2_orig,473821,living room,0.1038,3,8,0,1,0.0,0.0,0.3333333333333333,,0.0,0.0,0.0,0,1,0.0,0.0,0.16666666666666666,,0.0,0.0,0.0,0,1,0.0,0.0,0.08333333333333333,,0.0,0.0,0.0,0.0,0.0
blip2_orig,479360,bedroom,0.1604,3,5,0,1,0.0,0.0,0.3333333333333333,,0.0,0.0,0.0,0,1,0.0,0.0,0.16666666666666666,,0.0,0.0,0.0,0,1,0.0,0.0,0.08333333333333333,,0.0,0.0,0.0,0.0,0.0
blip2_orig,480712,bedroom,0.1432,3,6,0,1,0.0,0.0,0.3333333333333333,,0.0,0.0,0.0,0,1,0.0,0.0,0.16666666666666666,,0.0,0.0,0.0,0,1,0.0,0.0,0.08333333333333333,,0.0,0.0,0.0,0.0,0.0
blip2_orig,481819,living room,0.1023,3,8,1,0,1.0,1.0,0.3333333333333333,,0.0,0.0,0.0,1,0,1.0,1.0,0.16666666666666666,,0.0,0.0,0.0,1,0,1.0,1.0,0.08333333333333333,,0.0,0.0,0.0,1.0,1.0
blip2_orig,485628,bathroom,0.1371,3,3,0,1,0.0,0.0,0.3333333333333333,,0.0,0.0,0.0,0,1,0.0,0.0,0.16666666666666666,,0.0,0.0,0.0,0,1,0.0,0.0,0.08333333333333333,,0.0,0.0,0.0,0.0,0.0
blip2_orig,487583,bathroom,0.1437,3,3,0,1,0.0,0.0,0.3333333333333333,,0.0,0.0,0.0,0,1,0.0,0.0,0.16666666666666666,,0.0,0.0,0.0,0,1,0.0,0.0,0.08333333333333333,,0.0,0.0,0.0,0.0,0.0
blip2_orig,490505,kitchen,0.1599,3,4,1,0,1.0,1.0,0.3333333333333333,,0.0,0.0,0.0,1,0,1.0,1.0,0.16666666666666666,,0.0,0.0,0.0,1,0,1.0,1.0,0.08333333333333333,,0.0,0.0,0.0,1.0,1.0
blip2_orig,491063,bathroom,0.1529,3,5,0,1,0.0,0.0,0.3333333333333333,,0.0,0.0,0.0,0,1,0.0,0.0,0.16666666666666666,,0.0,0.0,0.0,0,1,0.0,0.0,0.08333333333333333,,0.0,0.0,0.0,0.0,0.0
blip2_orig,491216,kitchen,0.151,3,7,0,1,0.0,0.0,0.3333333333333333,,0.0,0.0,0.0,0,1,0.0,0.0,0.16666666666666666,,0.0,0.0,0.0,0,1,0.0,0.0,0.08333333333333333,,0.0,0.0,0.0,0.0,0.0
blip2_orig,491497,living room,0.1039,3,5,0,1,0.0,0.0,0.3333333333333333,,0.0,0.0,0.0,0,1,0.0,0.0,0.16666666666666666,,0.0,0.0,0.0,0,1,0.0,0.0,0.08333333333333333,,0.0,0.0,0.0,0.0,0.0
blip2_orig,491742,bathroom,0.1349,3,3,1,0,1.0,1.0,0.3333333333333333,,0.0,0.0,0.0,1,0,1.0,1.0,0.16666666666666666,,0.0,0.0,0.0,1,0,1.0,1.0,0.08333333333333333,,0.0,0.0,0.0,1.0,1.0
blip2_orig,492183,kitchen,0.1072,3,5,0,1,0.0,0.0,0.3333333333333333,,0.0,0.0,0.0,0,1,0.0,0.0,0.16666666666666666,,0.0,0.0,0.0,0,1,0.0,0.0,0.08333333333333333,,0.0,0.0,0.0,0.0,0.0
blip2_orig,492719,bathroom,0.1386,3,3,0,1,0.0,0.0,0.3333333333333333,,0.0,0.0,0.0,0,1,0.0,0.0,0.16666666666666666,,0.0,0.0,0.0,0,1,0.0,0.0,0.08333333333333333,,0.0,0.0,0.0,0.0,0.0
blip2_orig,492810,kitchen,0.1475,3,5,0,1,0.0,0.0,0.3333333333333333,,0.0,0.0,0.0,0,1,0.0,0.0,0.16666666666666666,,0.0,0.0,0.0,0,1,0.0,0.0,0.08333333333333333,,0.0,0.0,0.0,0.0,0.0
blip2_orig,493114,living room,0.0998,3,4,1,0,1.0,1.0,0.3333333333333333,,0.0,0.0,0.0,1,0,1.0,1.0,0.16666666666666666,,0.0,0.0,0.0,1,0,1.0,1.0,0.08333333333333333,,0.0,0.0,0.0,1.0,1.0
blip2_orig,497626,bedroom,0.1397,3,3,0,1,0.0,0.0,0.3333333333333333,,0.0,0.0,0.0,0,1,0.0,0.0,0.16666666666666666,,0.0,0.0,0.0,0,1,0.0,0.0,0.08333333333333333,,0.0,0.0,0.0,0.0,0.0
blip2_orig,503697,living room,0.106,3,7,0,1,0.0,0.0,0.3333333333333333,,0.0,0.0,0.0,0,1,0.0,0.0,0.16666666666666666,,0.0,0.0,0.0,0,1,0.0,0.0,0.08333333333333333,,0.0,0.0,0.0,0.0,0.0
blip2_orig,504493,bathroom,0.1188,3,4,0,1,0.0,0.0,0.3333333333333333,,0.0,0.0,0.0,0,1,0.0,0.0,0.16666666666666666,,0.0,0.0,0.0,0,1,0.0,0.0,0.08333333333333333,,0.0,0.0,0.0,0.0,0.0
blip2_orig,505086,bedroom,0.1451,3,5,0,1,0.0,0.0,0.3333333333333333,,0.0,0.0,0.0,0,1,0.0,0.0,0.16666666666666666,,0.0,0.0,0.0,0,1,0.0,0.0,0.08333333333333333,,0.0,0.0,0.0,0.0,0.0
blip2_orig,508899,living room,0.0985,3,5,0,1,0.0,0.0,0.3333333333333333,,0.0,0.0,0.0,0,1,0.0,0.0,0.16666666666666666,,0.0,0.0,0.0,0,1,0.0,0.0,0.08333333333333333,,0.0,0.0,0.0,0.0,0.0
blip2_orig,510852,bathroom,0.1482,3,3,0,1,0.0,0.0,0.3333333333333333,,0.0,0.0,0.0,0,1,0.0,0.0,0.16666666666666666,,0.0,0.0,0.0,0,1,0.0,0.0,0.08333333333333333,,0.0,0.0,0.0,0.0,0.0
blip2_orig,511430,kitchen,0.147,3,8,0,1,0.0,0.0,0.3333333333333333,,0.0,0.0,0.0,0,1,0.0,0.0,0.16666666666666666,,0.0,0.0,0.0,0,1,0.0,0.0,0.08333333333333333,,0.0,0.0,0.0,0.0,0.0
blip2_orig,513138,living room,0.1004,3,6,0,1,0.0,0.0,0.3333333333333333,,0.0,0.0,0.0,0,1,0.0,0.0,0.16666666666666666,,0.0,0.0,0.0,0,1,0.0,0.0,0.08333333333333333,,0.0,0.0,0.0,0.0,0.0
blip2_orig,514914,bathroom,0.1004,3,5,0,1,0.0,0.0,0.3333333333333333,,0.0,0.0,0.0,0,1,0.0,0.0,0.16666666666666666,,0.0,0.0,0.0,0,1,0.0,0.0,0.08333333333333333,,0.0,0.0,0.0,0.0,0.0
blip2_orig,516856,dining,0.114,3,8,1,0,1.0,1.0,0.3333333333333333,,0.0,0.0,0.0,1,0,1.0,1.0,0.16666666666666666,,0.0,0.0,0.0,1,0,1.0,1.0,0.08333333333333333,,0.0,0.0,0.0,1.0,1.0
blip2_orig,523978,bathroom,0.1279,3,7,0,1,0.0,0.0,0.3333333333333333,,0.0,0.0,0.0,0,1,0.0,0.0,0.16666666666666666,,0.0,0.0,0.0,0,1,0.0,0.0,0.08333333333333333,,0.0,0.0,0.0,0.0,0.0
blip2_orig,529069,bathroom,0.1307,3,4,0,1,0.0,0.0,0.3333333333333333,,0.0,0.0,0.0,0,1,0.0,0.0,0.16666666666666666,,0.0,0.0,0.0,0,1,0.0,0.0,0.08333333333333333,,0.0,0.0,0.0,0.0,0.0
blip2_orig,530229,living room,0.109,3,5,0,1,0.0,0.0,0.3333333333333333,,0.0,0.0,0.0,0,1,0.0,0.0,0.16666666666666666,,0.0,0.0,0.0,0,1,0.0,0.0,0.08333333333333333,,0.0,0.0,0.0,0.0,0.0
blip2_orig,530836,kitchen,0.1473,3,9,0,1,0.0,0.0,0.3333333333333333,,0.0,0.0,0.0,0,1,0.0,0.0,0.16666666666666666,,0.0,0.0,0.0,0,1,0.0,0.0,0.08333333333333333,,0.0,0.0,0.0,0.0,0.0
blip2_orig,530933,bathroom,0.1396,3,4,0,1,0.0,0.0,0.3333333333333333,,0.0,0.0,0.0,0,1,0.0,0.0,0.16666666666666666,,0.0,0.0,0.0,0,1,0.0,0.0,0.08333333333333333,,0.0,0.0,0.0,0.0,0.0
blip2_orig,531441,dining,0.1093,3,4,1,0,1.0,1.0,0.3333333333333333,,0.0,0.0,0.0,1,0,1.0,1.0,0.16666666666666666,,0.0,0.0,0.0,1,0,1.0,1.0,0.08333333333333333,,0.0,0.0,0.0,1.0,1.0
blip2_orig,531852,living room,0.1052,3,3,1,0,1.0,1.0,0.3333333333333333,,0.0,0.0,0.0,1,0,1.0,1.0,0.16666666666666666,,0.0,0.0,0.0,1,0,1.0,1.0,0.08333333333333333,,0.0,0.0,0.0,1.0,1.0
blip2_orig,533255,kitchen,0.148,3,3,0,1,0.0,0.0,0.3333333333333333,,0.0,0.0,0.0,0,1,0.0,0.0,0.16666666666666666,,0.0,0.0,0.0,0,1,0.0,0.0,0.08333333333333333,,0.0,0.0,0.0,0.0,0.0
blip2_orig,534456,living room,0.1041,3,5,1,0,1.0,1.0,0.3333333333333333,,0.0,0.0,0.0,1,0,1.0,1.0,0.16666666666666666,,0.0,0.0,0.0,1,0,1.0,1.0,0.08333333333333333,,0.0,0.0,0.0,1.0,1.0
blip2_orig,536947,kitchen,0.1548,3,4,0,1,0.0,0.0,0.3333333333333333,,0.0,0.0,0.0,0,1,0.0,0.0,0.16666666666666666,,0.0,0.0,0.0,0,1,0.0,0.0,0.08333333333333333,,0.0,0.0,0.0,0.0,0.0
blip2_orig,537944,dining,0.1057,3,7,0,1,0.0,0.0,0.3333333333333333,,0.0,0.0,0.0,0,1,0.0,0.0,0.16666666666666666,,0.0,0.0,0.0,0,1,0.0,0.0,0.08333333333333333,,0.0,0.0,0.0,0.0,0.0
blip2_orig,541332,bathroom,0.1446,3,3,0,1,0.0,0.0,0.3333333333333333,,0.0,0.0,0.0,0,1,0.0,0.0,0.16666666666666666,,0.0,0.0,0.0,0,1,0.0,0.0,0.08333333333333333,,0.0,0.0,0.0,0.0,0.0
blip2_orig,541634,dining,0.108,3,6,0,1,0.0,0.0,0.3333333333333333,,0.0,0.0,0.0,0,1,0.0,0.0,0.16666666666666666,,0.0,0.0,0.0,0,1,0.0,0.0,0.08333333333333333,,0.0,0.0,0.0,0.0,0.0
blip2_orig,546219,dining,0.1035,3,9,1,0,1.0,1.0,0.3333333333333333,1.0,0.3333333333333333,0.0,0.0,1,0,1.0,1.0,0.16666666666666666,1.0,0.16666666666666666,0.0,0.0,1,0,1.0,1.0,0.08333333333333333,1.0,0.08333333333333333,0.0,0.0,1.0,1.0
blip2_orig,546964,living room,0.1027,3,6,1,0,1.0,1.0,0.3333333333333333,,0.0,0.0,0.0,1,0,1.0,1.0,0.16666666666666666,,0.0,0.0,0.0,1,0,1.0,1.0,0.08333333333333333,,0.0,0.0,0.0,1.0,1.0
blip2_orig,547742,living room,0.1088,3,4,0,1,0.0,0.0,0.3333333333333333,,0.0,0.0,0.0,0,1,0.0,0.0,0.16666666666666666,,0.0,0.0,0.0,0,1,0.0,0.0,0.08333333333333333,,0.0,0.0,0.0,0.0,0.0
blip2_orig,554658,kitchen,0.1464,3,3,0,1,0.0,0.0,0.3333333333333333,,0.0,0.0,0.0,0,1,0.0,0.0,0.16666666666666666,,0.0,0.0,0.0,0,1,0.0,0.0,0.08333333333333333,,0.0,0.0,0.0,0.0,0.0
blip2_orig,554809,bathroom,0.1422,3,3,1,0,1.0,1.0,0.3333333333333333,,0.0,0.0,0.0,1,0,1.0,1.0,0.16666666666666666,,0.0,0.0,0.0,1,0,1.0,1.0,0.08333333333333333,,0.0,0.0,0.0,1.0,1.0
blip2_orig,556633,bathroom,0.1312,3,7,0,1,0.0,0.0,0.3333333333333333,,0.0,0.0,0.0,0,1,0.0,0.0,0.16666666666666666,,0.0,0.0,0.0,0,1,0.0,0.0,0.08333333333333333,,0.0,0.0,0.0,0.0,0.0
blip2_orig,557172,bathroom,0.1197,3,7,0,1,0.0,0.0,0.3333333333333333,,0.0,0.0,0.0,0,1,0.0,0.0,0.16666666666666666,,0.0,0.0,0.0,0,1,0.0,0.0,0.08333333333333333,,0.0,0.0,0.0,0.0,0.0
blip2_orig,559550,dining,0.1047,3,9,1,0,1.0,1.0,0.3333333333333333,,0.0,0.0,0.0,1,0,1.0,1.0,0.16666666666666666,,0.0,0.0,0.0,1,0,1.0,1.0,0.08333333333333333,,0.0,0.0,0.0,1.0,1.0
blip2_orig,567825,dining,0.111,3,4,0,1,0.0,0.0,0.3333333333333333,,0.0,0.0,0.0,0,1,0.0,0.0,0.16666666666666666,,0.0,0.0,0.0,0,1,0.0,0.0,0.08333333333333333,,0.0,0.0,0.0,0.0,0.0
blip2_orig,571764,kitchen,0.1458,3,9,1,0,1.0,1.0,0.3333333333333333,,0.0,0.0,0.0,1,0,1.0,1.0,0.16666666666666666,,0.0,0.0,0.0,1,0,1.0,1.0,0.08333333333333333,,0.0,0.0,0.0,1.0,1.0
blip2_orig,574940,living room,0.1079,3,8,0,1,0.0,0.0,0.3333333333333333,,0.0,0.0,0.0,0,1,0.0,0.0,0.16666666666666666,,0.0,0.0,0.0,0,1,0.0,0.0,0.08333333333333333,,0.0,0.0,0.0,0.0,0.0
blip2_orig,577507,kitchen,0.144,3,5,0,1,0.0,0.0,0.3333333333333333,,0.0,0.0,0.0,0,1,0.0,0.0,0.16666666666666666,,0.0,0.0,0.0,0,1,0.0,0.0,0.08333333333333333,,0.0,0.0,0.0,0.0,0.0
blip2_orig,578489,living room,0.109,3,4,1,0,1.0,1.0,0.3333333333333333,,0.0,0.0,0.0,1,0,1.0,1.0,0.16666666666666666,,0.0,0.0,0.0,1,0,1.0,1.0,0.08333333333333333,,0.0,0.0,0.0,1.0,1.0
blip2_orig,578871,dining,0.1042,3,6,1,0,1.0,1.0,0.3333333333333333,,0.0,0.0,0.0,1,0,1.0,1.0,0.16666666666666666,,0.0,0.0,0.0,1,0,1.0,1.0,0.08333333333333333,,0.0,0.0,0.0,1.0,1.0
blip2_orig,580026,dining,0.1083,3,5,1,0,1.0,1.0,0.3333333333333333,1.0,0.3333333333333333,0.0,0.0,1,0,1.0,1.0,0.16666666666666666,1.0,0.16666666666666666,0.0,0.0,1,0,1.0,1.0,0.08333333333333333,1.0,0.08333333333333333,0.0,0.0,1.0,1.0
blip2_qa,5335,bathroom,1.3026,7,6,2,1,0.6666666666666666,0.6666666666666666,1.0,1.0,0.6666666666666666,0.16666666666666666,0.16666666666666666,2,1,0.6666666666666666,0.6666666666666666,0.5,1.0,0.3333333333333333,0.16666666666666666,0.16666666666666666,2,1,0.6666666666666666,0.6666666666666666,0.25,1.0,0.16666666666666666,0.16666666666666666,0.16666666666666666,1.0,1.0
blip2_qa,7574,kitchen,0.7344,5,8,3,0,1.0,1.0,1.0,1.0,1.0,0.25,0.25,3,0,1.0,1.0,0.5,1.0,0.5,0.25,0.25,3,0,1.0,1.0,0.25,1.0,0.25,0.25,0.25,1.0,1.0
blip2_qa,12873,bathroom,0.387,2,3,1,0,1.0,1.0,0.3333333333333333,,0.0,0.0,0.0,1,0,1.0,1.0,0.16666666666666666,,0.0,0.0,0.0,1,0,1.0,1.0,0.08333333333333333,,0.0,0.0,0.0,1.0,1.0
blip2_qa,14635,kitchen,0.5447,3,8,2,0,1.0,1.0,0.6666666666666666,,0.0,0.125,0.125,2,0,1.0,1.0,0.3333333333333333,,0.0,0.125,0.125,2,0,1.0,1.0,0.16666666666666666,,0.0,0.125,0.125,1.0,1.0
blip2_qa,16958,living room,0.7921,5,5,3,0,1.0,1.0,1.0,1.0,1.0,0.4,0.4,3,0,1.0,1.0,0.5,1.0,0.5,0.4,0.4,3,0,1.0,1.0,0.25,1.0,0.25,0.4,0.4,1.0,1.0
blip2_qa,17580,kitchen,0.6592,5,5,2,0,1.0,1.0,0.6666666666666666,1.0,0.6666666666666666,0.4,0.4,2,1,0.6666666666666666,0.6666666666666666,0.5,1.0,0.3333333333333333,0.4,0.4,2,1,0.6666666666666666,0.6666666666666666,0.25,1.0,0.16666666666666666,0.4,0.4,1.0,1.0
blip2_qa,23258,dining,0.5633,4,5,1,1,0.5,0.6666666666666666,0.6666666666666666,,0.0,0.2,0.4,2,1,0.6666666666666666,0.75,0.5,,0.0,0.2,0.4,2,1,0.6666666666666666,0.75,0.25,,0.0,0.2,0.4,1.0,1.0
blip2_qa,28903,bathroom,0.5001,2,6,1,0,1.0,1.0,0.3333333333333333,,0.0,0.16666666666666666,0.16666666666666666,1,0,1.0,1.0,0.16666666666666666,,0.0,0.16666666666666666,0.16666666666666666,1,0,1.0,1.0,0.08333333333333333,,0.0,0.16666666666666666,0.16666666666666666,1.0,1.0
blip2_qa,29288,living room,0.6067,4,6,1,0,1.0,1.0,0.3333333333333333,1.0,0.3333333333333333,0.16666666666666666,0.16666666666666666,1,0,1.0,1.0,0.16666666666666666,1.0,0.16666666666666666,0.16666666666666666,0.16666666666666666,1,0,1.0,1.0,0.08333333333333333,1.0,0.08333333333333333,0.16666666666666666,0.16666666666666666,1.0,1.0
blip2_qa,31296,dining,0.3027,2,7,0,0,,1.0,0.0,,0.0,0.0,0.14285714285714285,0,0,,1.0,0.0,,0.0,0.0,0.14285714285714285,0,0,,1.0,0.0,,0.0,0.0,0.14285714285714285,0.0,1.0
blip2_qa,33909,bathroom,0.4659,2,3,2,0,1.0,1.0,0.6666666666666666,1.0,0.6666666666666666,0.6666666666666666,0.6666666666666666,2,0,1.0,1.0,0.3333333333333333,1.0,0.3333333333333333,0.6666666666666666,0.6666666666666666,2,0,1.0,1.0,0.16666666666666666,1.0,0.16666666666666666,0.6666666666666666,0.6666666666666666,1.0,1.0
blip2_qa,34524,bedroom,0.4597,3,3,1,1,0.5,0.5,0.6666666666666666,1.0,0.3333333333333333,0.3333333333333333,0.3333333333333333,1,1,0.5,0.5,0.3333333333333333,1.0,0.16666666666666666,0.3333333333333333,0.3333333333333333,1,1,0.5,0.5,0.16666666666666666,1.0,0.08333333333333333,0.3333333333333333,0.3333333333333333,1.0,1.0
blip2_qa,35664,bedroom,0.5827,4,7,2,0,1.0,1.0,0.6666666666666666,1.0,0.3333333333333333,0.2857142857142857,0.5714285714285714,3,0,1.0,1.0,0.5,1.0,0.3333333333333333,0.2857142857142857,0.5714285714285714,3,0,1.0,1.0,0.25,1.0,0.16666666666666666,0.2857142857142857,0.5714285714285714,1.0,1.0
blip2_qa,36494,dining,0.1879,1,8,0,0,,,0.0,,0.0,0.0,0.0,0,0,,,0.0,,0.0,0.0,0.0,0,0,,,0.0,,0.0,0.0,0.0,0.0,0.0
blip2_qa,36844,kitchen,0.6606,6,10,2,0,1.0,1.0,0.6666666666666666,1.0,0.3333333333333333,0.2,0.3,4,0,1.0,1.0,0.6666666666666666,1.0,0.5,0.4,0.5,4,0,1.0,1.0,0.3333333333333333,1.0,0.25,0.4,0.5,1.0,1.0
blip2_qa,36936,living room,0.53,3,10,2,0,1.0,1.0,0.6666666666666666,1.0,0.3333333333333333,0.1,0.1,2,0,1.0,1.0,0.3333333333333333,1.0,0.16666666666666666,0.1,0.1,2,0,1.0,1.0,0.16666666666666666,1.0,0.08333333333333333,0.1,0.1,1.0,1.0
blip2_qa,43944,dining,0.3962,2,4,0,0,,,0.0,,0.0,0.0,0.0,0,0,,,0.0,,0.0,0.0,0.0,0,0,,,0.0,,0.0,0.0,0.0,0.0,0.0
blip2_qa,45404,bedroom,0.5371,3,4,2,0,1.0,1.0,0.6666666666666666,1.0,0.3333333333333333,0.25,0.25,2,0,1.0,1.0,0.3333333333333333,1.0,0.16666666666666666,0.25,0.25,2,0,1.0,1.0,0.16666666666666666,1.0,0.08333333333333333,0.25,0.25,1.0,1.0
blip2_qa,46029,bedroom,0.5634,3,4,3,0,1.0,1.0,1.0,1.0,1.0,0.25,0.25,3,0,1.0,1.0,0.5,1.0,0.5,0.25,0.25,3,0,1.0,1.0,0.25,1.0,0.25,0.25,0.25,1.0,1.0
blip2_qa,49984,bathroom,0.5007,3,5,2,0,1.0,1.0,0.6666666666666666,1.0,0.3333333333333333,0.4,0.4,2,0,1.0,1.0,0.3333333333333333,1.0,0.16666666666666666,0.4,0.4,2,0,1.0,1.0,0.16666666666666666,1.0,0.08333333333333333,0.4,0.4,1.0,1.0
blip2_qa,53328,living room,0.5474,4,4,2,0,1.0,1.0,0.6666666666666666,1.0,0.6666666666666666,0.5,0.5,2,0,1.0,1.0,0.3333333333333333,1.0,0.3333333333333333,0.5,0.5,2,0,1.0,1.0,0.16666666666666666,1.0,0.16666666666666666,0.5,0.5,1.0,1.0
blip2_qa,53457,bedroom,0.3042,2,4,2,0,1.0,1.0,0.6666666666666666,1.0,0.6666666666666666,0.5,0.5,2,0,1.0,1.0,0.3333333333333333,1.0,0.3333333333333333,0.5,0.5,2,0,1.0,1.0,0.16666666666666666,1.0,0.16666666666666666,0.5,0.5,1.0,1.0
blip2_qa,54318,bedroom,0.6402,3,7,3,0,1.0,1.0,1.0,1.0,0.6666666666666666,0.42857142857142855,0.42857142857142855,3,0,1.0,1.0,0.5,1.0,0.3333333333333333,0.42857142857142855,0.42857142857142855,3,0,1.0,1.0,0.25,1.0,0.16666666666666666,0.42857142857142855,0.42857142857142855,1.0,1.0
blip2_qa,61773,kitchen,0.2753,2,7,1,0,1.0,1.0,0.3333333333333333,1.0,0.3333333333333333,0.14285714285714285,0.14285714285714285,1,0,1.0,1.0,0.16666666666666666,1.0,0.16666666666666666,0.14285714285714285,0.14285714285714285,1,0,1.0,1.0,0.08333333333333333,1.0,0.08333333333333333,0.14285714285714285,0.14285714285714285,1.0,1.0
blip2_qa,61925,bedroom,0.4664,3,7,2,0,1.0,1.0,0.6666666666666666,1.0,0.6666666666666666,0.2857142857142857,0.2857142857142857,2,0,1.0,1.0,0.3333333333333333,1.0,0.3333333333333333,0.2857142857142857,0.2857142857142857,2,0,1.0,1.0,0.16666666666666666,1.0,0.16666666666666666,0.2857142857142857,0.2857142857142857,1.0,1.0
blip2_qa,63081,living room,0.5166,4,8,3,0,1.0,1.0,1.0,1.0,1.0,0.375,0.375,3,0,1.0,1.0,0.5,1.0,0.5,0.375,0.375,3,0,1.0,1.0,0.25,1.0,0.25,0.375,0.375,1.0,1.0
blip2_qa,63865,dining,0.4562,3,7,2,0,1.0,1.0,0.6666666666666666,1.0,0.3333333333333333,0.2857142857142857,0.42857142857142855,2,0,1.0,1.0,0.3333333333333333,1.0,0.16666666666666666,0.2857142857142857,0.42857142857142855,2,0,1.0,1.0,0.16666666666666666,1.0,0.08333333333333333,0.2857142857142857,0.42857142857142855,1.0,1.0
blip2_qa,65884,living room,0.5497,5,9,1,0,1.0,1.0,0.3333333333333333,,0.0,0.1111111111111111,0.1111111111111111,1,0,1.0,1.0,0.16666666666666666,,0.0,0.1111111111111111,0.1111111111111111,1,0,1.0,1.0,0.08333333333333333,,0.0,0.1111111111111111,0.1111111111111111,1.0,1.0
blip2_qa,67647,kitchen,0.6853,5,10,2,0,1.0,1.0,0.6666666666666666,1.0,0.6666666666666666,0.2,0.2,4,0,1.0,1.0,0.6666666666666666,1.0,0.5,0.3,0.3,4,0,1.0,1.0,0.3333333333333333,1.0,0.25,0.3,0.3,1.0,1.0
blip2_qa,68260,kitchen,0.2714,2,4,1,1,0.5,0.5,0.6666666666666666,,0.0,0.0,0.0,1,1,0.5,0.5,0.3333333333333333,,0.0,0.0,0.0,1,1,0.5,0.5,0.16666666666666666,,0.0,0.0,0.0,1.0,1.0
blip2_qa,68286,bedroom,0.4941,3,5,2,0,1.0,1.0,0.6666666666666666,1.0,0.6666666666666666,0.4,0.4,2,0,1.0,1.0,0.3333333333333333,1.0,0.3333333333333333,0.4,0.4,2,0,1.0,1.0,0.16666666666666666,1.0,0.16666666666666666,0.4,0.4,1.0,1.0
blip2_qa,72961,bedroom,0.483,4,7,1,0,1.0,1.0,0.3333333333333333,1.0,0.3333333333333333,0.14285714285714285,0.14285714285714285,1,0,1.0,1.0,0.16666666666666666,1.0,0.16666666666666666,0.14285714285714285,0.14285714285714285,1,0,1.0,1.0,0.08333333333333333,1.0,0.08333333333333333,0.14285714285714285,0.14285714285714285,1.0,1.0
blip2_qa,73326,kitchen,0.2686,1,4,1,0,1.0,1.0,0.3333333333333333,1.0,0.3333333333333333,0.25,0.25,1,0,1.0,1.0,0.16666666666666666,1.0,0.16666666666666666,0.25,0.25,1,0,1.0,1.0,0.08333333333333333,1.0,0.08333333333333333,0.25,0.25,1.0,1.0
blip2_qa,74357,kitchen,0.5083,3,8,1,0,1.0,1.0,0.3333333333333333,1.0,0.3333333333333333,0.125,0.125,1,0,1.0,1.0,0.16666666666666666,1.0,0.16666666666666666,0.125,0.125,1,0,1.0,1.0,0.08333333333333333,1.0,0.08333333333333333,0.125,0.125,1.0,1.0
blip2_qa,75110,bedroom,0.3699,2,6,2,0,1.0,1.0,0.6666666666666666,1.0,0.6666666666666666,0.16666666666666666,0.16666666666666666,2,0,1.0,1.0,0.3333333333333333,1.0,0.3333333333333333,0.16666666666666666,0.16666666666666666,2,0,1.0,1.0,0.16666666666666666,1.0,0.16666666666666666,0.16666666666666666,0.16666666666666666,1.0,1.0
blip2_qa,75811,bathroom,0.4981,3,3,2,0,1.0,1.0,0.6666666666666666,1.0,0.6666666666666666,0.3333333333333333,0.3333333333333333,2,0,1.0,1.0,0.3333333333333333,1.0,0.3333333333333333,0.3333333333333333,0.3333333333333333,2,0,1.0,1.0,0.16666666666666666,1.0,0.16666666666666666,0.3333333333333333,0.3333333333333333,1.0,1.0
blip2_qa,77177,living room,0.5765,4,3,2,0,1.0,1.0,0.6666666666666666,1.0,0.6666666666666666,0.6666666666666666,0.6666666666666666,2,1,0.6666666666666666,0.6666666666666666,0.5,1.0,0.3333333333333333,0.6666666666666666,0.6666666666666666,2,1,0.6666666666666666,0.6666666666666666,0.25,1.0,0.16666666666666666,0.6666666666666666,0.6666666666666666,1.0,1.0
blip2_qa,80369,kitchen,0.2758,2,8,1,0,1.0,1.0,0.3333333333333333,1.0,0.3333333333333333,0.125,0.125,1,0,1.0,1.0,0.16666666666666666,1.0,0.16666666666666666,0.125,0.125,1,0,1.0,1.0,0.08333333333333333,1.0,0.08333333333333333,0.125,0.125,1.0,1.0
blip2_qa,84680,kitchen,1.3001,1,3,1,0,1.0,1.0,0.3333333333333333,1.0,0.3333333333333333,0.3333333333333333,0.3333333333333333,1,0,1.0,1.0,0.16666666666666666,1.0,0.16666666666666666,0.3333333333333333,0.3333333333333333,1,0,1.0,1.0,0.08333333333333333,1.0,0.08333333333333333,0.3333333333333333,0.3333333333333333,1.0,1.0
blip2_qa,88040,dining,0.3944,2,8,0,0,,1.0,0.0,,0.0,0.0,0.125,0,0,,1.0,0.0,,0.0,0.0,0.125,0,0,,1.0,0.0,,0.0,0.0,0.125,0.0,1.0
blip2_qa,98085,dining,0.5049,3,3,2,0,1.0,1.0,0.6666666666666666,1.0,0.6666666666666666,0.6666666666666666,0.6666666666666666,2,0,1.0,1.0,0.3333333333333333,1.0,0.3333333333333333,0.6666666666666666,0.6666666666666666,2,0,1.0,1.0,0.16666666666666666,1.0,0.16666666666666666,0.6666666666666666,0.6666666666666666,1.0,1.0
blip2_qa,101630,bathroom,0.5537,4,7,2,0,1.0,1.0,0.6666666666666666,1.0,0.6666666666666666,0.2857142857142857,0.2857142857142857,3,0,1.0,1.0,0.5,1.0,0.5,0.42857142857142855,0.42857142857142855,3,0,1.0,1.0,0.25,1.0,0.25,0.42857142857142855,0.42857142857142855,1.0,1.0
blip2_qa,101816,bathroom,0.341,2,5,2,0,1.0,1.0,0.6666666666666666,1.0,0.3333333333333333,0.2,0.2,2,0,1.0,1.0,0.3333333333333333,1.0,0.16666666666666666,0.2,0.2,2,0,1.0,1.0,0.16666666666666666,1.0,0.08333333333333333,0.2,0.2,1.0,1.0
blip2_qa,102223,bedroom,0.3994,2,5,1,1,0.5,0.5,0.6666666666666666,,0.0,0.2,0.2,1,1,0.5,0.5,0.3333333333333333,,0.0,0.2,0.2,1,1,0.5,0.5,0.16666666666666666,,0.0,0.2,0.2,1.0,1.0
blip2_qa,102320,bathroom,0.5142,3,5,3,0,1.0,1.0,1.0,1.0,0.6666666666666666,0.6,0.6,3,0,1.0,1.0,0.5,1.0,0.3333333333333333,0.6,0.6,3,0,1.0,1.0,0.25,1.0,0.16666666666666666,0.6,0.6,1.0,1.0
blip2_qa,102718,bathroom,0.4998,3,7,2,0,1.0,1.0,0.6666666666666666,1.0,0.6666666666666666,0.2857142857142857,0.2857142857142857,2,0,1.0,1.0,0.3333333333333333,1.0,0.3333333333333333,0.2857142857142857,0.2857142857142857,2,0,1.0,1.0,0.16666666666666666,1.0,0.16666666666666666,0.2857142857142857,0.2857142857142857,1.0,1.0
blip2_qa,102841,bedroom,0.3941,2,4,1,0,1.0,1.0,0.3333333333333333,,0.0,0.25,0.25,1,0,1.0,1.0,0.16666666666666666,,0.0,0.25,0.25,1,0,1.0,1.0,0.08333333333333333,,0.0,0.25,0.25,1.0,1.0
blip2_qa,103119,kitchen,0.5677,4,4,2,0,1.0,1.0,0.6666666666666666,1.0,0.6666666666666666,0.5,0.5,3,0,1.0,1.0,0.5,1.0,0.5,0.75,0.75,3,0,1.0,1.0,0.25,1.0,0.25,0.75,0.75,1.0,1.0
blip2_qa,106235,living room,0.5799,3,7,2,0,1.0,1.0,0.6666666666666666,1.0,0.3333333333333333,0.2857142857142857,0.2857142857142857,2,0,1.0,1.0,0.3333333333333333,1.0,0.16666666666666666,0.2857142857142857,0.2857142857142857,2,0,1.0,1.0,0.16666666666666666,1.0,0.08333333333333333,0.2857142857142857,0.2857142857142857,1.0,1.0
blip2_qa,110884,bathroom,0.4618,3,6,3,0,1.0,1.0,1.0,1.0,1.0,0.5,0.5,3,0,1.0,1.0,0.5,1.0,0.5,0.5,0.5,3,0,1.0,1.0,0.25,1.0,0.25,0.5,0.5,1.0,1.0
blip2_qa,111951,bathroom,0.4674,3,4,2,0,1.0,1.0,0.6666666666666666,1.0,0.6666666666666666,0.5,0.5,2,0,1.0,1.0,0.3333333333333333,1.0,0.3333333333333333,0.5,0.5,2,0,1.0,1.0,0.16666666666666666,1.0,0.16666666666666666,0.5,0.5,1.0,1.0
blip2_qa,114108,dining,0.3369,2,7,1,0,1.0,1.0,0.3333333333333333,1.0,0.3333333333333333,0.14285714285714285,0.14285714285714285,1,0,1.0,1.0,0.16666666666666666,1.0,0.16666666666666666,0.14285714285714285,0.14285714285714285,1,0,1.0,1.0,0.08333333333333333,1.0,0.08333333333333333,0.14285714285714285,0.14285714285714285,1.0,1.0
blip2_qa,116479,bedroom,0.3942,2,5,1,0,1.0,1.0,0.3333333333333333,1.0,0.3333333333333333,0.2,0.2,1,0,1.0,1.0,0.16666666666666666,1.0,0.16666666666666666,0.2,0.2,1,0,1.0,1.0,0.08333333333333333,1.0,0.08333333333333333,0.2,0.2,1.0,1.0
blip2_qa,117089,dining,0.7276,4,10,1,0,1.0,1.0,0.3333333333333333,,0.0,0.1,0.2,1,0,1.0,1.0,0.16666666666666666,,0.0,0.1,0.2,1,0,1.0,1.0,0.08333333333333333,,0.0,0.1,0.2,1.0,1.0
blip2_qa,121904,kitchen,0.5069,3,9,2,0,1.0,1.0,0.6666666666666666,1.0,0.3333333333333333,0.2222222222222222,0.2222222222222222,2,0,1.0,1.0,0.3333333333333333,1.0,0.16666666666666666,0.2222222222222222,0.2222222222222222,2,0,1.0,1.0,0.16666666666666666,1.0,0.08333333333333333,0.2222222222222222,0.2222222222222222,1.0,1.0
blip2_qa,125955,bathroom,0.4549,3,5,2,0,1.0,1.0,0.6666666666666666,1.0,0.6666666666666666,0.4,0.4,2,0,1.0,1.0,0.3333333333333333,1.0,0.3333333333333333,0.4,0.4,2,0,1.0,1.0,0.16666666666666666,1.0,0.16666666666666666,0.4,0.4,1.0,1.0
blip2_qa,127168,bedroom,0.4036,3,3,1,0,1.0,1.0,0.3333333333333333,1.0,0.3333333333333333,0.3333333333333333,0.3333333333333333,1,0,1.0,1.0,0.16666666666666666,1.0,0.16666666666666666,0.3333333333333333,0.3333333333333333,1,0,1.0,1.0,0.08333333333333333,1.0,0.08333333333333333,0.3333333333333333,0.3333333333333333,1.0,1.0
blip2_qa,127394,dining,0.2212,1,9,0,0,,,0.0,,0.0,0.0,0.0,0,0,,,0.0,,0.0,0.0,0.0,0,0,,,0.0,,0.0,0.0,0.0,0.0,0.0
blip2_qa,129322,bathroom,0.4355,2,3,2,0,1.0,1.0,0.6666666666666666,1.0,0.6666666666666666,0.6666666666666666,0.6666666666666666,2,0,1.0,1.0,0.3333333333333333,1.0,0.3333333333333333,0.6666666666666666,0.6666666666666666,2,0,1.0,1.0,0.16666666666666666,1.0,0.16666666666666666,0.6666666666666666,0.6666666666666666,1.0,1.0
blip2_qa,129980,living room,0.6963,5,8,2,0,1.0,1.0,0.6666666666666666,1.0,0.3333333333333333,0.25,0.375,4,0,1.0,1.0,0.6666666666666666,1.0,0.5,0.5,0.625,4,0,1.0,1.0,0.3333333333333333,1.0,0.25,0.5,0.625,1.0,1.0
blip2_qa,134907,living room,0.5174,4,6,3,0,1.0,1.0,1.0,1.0,0.6666666666666666,0.3333333333333333,0.3333333333333333,4,0,1.0,1.0,0.6666666666666666,1.0,0.5,0.5,0.5,4,0,1.0,1.0,0.3333333333333333,1.0,0.25,0.5,0.5,1.0,1.0
blip2_qa,140487,living room,1.3044,2,7,2,0,1.0,1.0,0.6666666666666666,1.0,0.3333333333333333,0.0,0.0,2,0,1.0,1.0,0.3333333333333333,1.0,0.16666666666666666,0.0,0.0,2,0,1.0,1.0,0.16666666666666666,1.0,0.08333333333333333,0.0,0.0,1.0,1.0
blip2_qa,140987,dining,0.218,2,6,1,0,1.0,1.0,0.3333333333333333,1.0,0.3333333333333333,0.16666666666666666,0.16666666666666666,1,0,1.0,1.0,0.16666666666666666,1.0,0.16666666666666666,0.16666666666666666,0.16666666666666666,1,0,1.0,1.0,0.08333333333333333,1.0,0.08333333333333333,0.16666666666666666,0.16666666666666666,1.0,1.0
blip2_qa,141180,bedroom,0.5089,3,5,2,0,1.0,1.0,0.6666666666666666,1.0,0.3333333333333333,0.4,0.4,2,0,1.0,1.0,0.3333333333333333,1.0,0.16666666666666666,0.4,0.4,2,0,1.0,1.0,0.16666666666666666,1.0,0.08333333333333333,0.4,0.4,1.0,1.0
blip2_qa,141795,bathroom,0.4923,3,6,2,0,1.0,1.0,0.6666666666666666,1.0,0.6666666666666666,0.3333333333333333,0.3333333333333333,2,0,1.0,1.0,0.3333333333333333,1.0,0.3333333333333333,0.3333333333333333,0.3333333333333333,2,0,1.0,1.0,0.16666666666666666,1.0,0.16666666666666666,0.3333333333333333,0.3333333333333333,1.0,1.0
blip2_qa,142240,kitchen,0.5134,4,5,3,0,1.0,1.0,1.0,1.0,1.0,0.0,0.0,4,0,1.0,1.0,0.6666666666666666,1.0,0.6666666666666666,0.0,0.0,4,0,1.0,1.0,0.3333333333333333,1.0,0.3333333333333333,0.0,0.0,1.0,1.0
blip2_qa,142291,living room,0.4273,3,4,1,0,1.0,1.0,0.3333333333333333,1.0,0.3333333333333333,0.25,0.25,1,0,1.0,1.0,0.16666666666666666,1.0,0.16666666666666666,0.25,0.25,1,0,1.0,1.0,0.08333333333333333,1.0,0.08333333333333333,0.25,0.25,1.0,1.0
blip2_qa,149184,kitchen,0.5411,4,12,2,0,1.0,1.0,0.6666666666666666,1.0,0.6666666666666666,0.16666666666666666,0.16666666666666666,3,0,1.0,1.0,0.5,1.0,0.3333333333333333,0.25,0.25,3,0,1.0,1.0,0.25,1.0,0.16666666666666666,0.25,0.25,1.0,1.0
blip2_qa,150417,kitchen,0.3026,2,7,1,0,1.0,1.0,0.3333333333333333,,0.0,0.0,0.0,1,0,1.0,1.0,0.16666666666666666,,0.0,0.0,0.0,1,0,1.0,1.0,0.08333333333333333,,0.0,0.0,0.0,1.0,1.0
blip2_qa,150874,bedroom,0.5976,3,9,2,0,1.0,1.0,0.6666666666666666,1.0,0.3333333333333333,0.2222222222222222,0.3333333333333333,2,0,1.0,1.0,0.3333333333333333,1.0,0.16666666666666666,0.2222222222222222,0.3333333333333333,2,0,1.0,1.0,0.16666666666666666,1.0,0.08333333333333333,0.2222222222222222,0.3333333333333333,1.0,1.0
blip2_qa,151414,bedroom,0.4468,3,5,2,0,1.0,1.0,0.6666666666666666,,0.0,0.4,0.4,2,0,1.0,1.0,0.3333333333333333,,0.0,0.4,0.4,2,0,1.0,1.0,0.16666666666666666,,0.0,0.4,0.4,1.0,1.0
blip2_qa,152298,bathroom,0.3835,3,6,2,0,1.0,1.0,0.6666666666666666,1.0,0.6666666666666666,0.3333333333333333,0.3333333333333333,2,0,1.0,1.0,0.3333333333333333,1.0,0.3333333333333333,0.3333333333333333,0.3333333333333333,2,0,1.0,1.0,0.16666666666666666,1.0,0.16666666666666666,0.3333333333333333,0.3333333333333333,1.0,1.0
blip2_qa,154358,living room,0.8157,6,7,1,1,0.5,0.5,0.6666666666666666,1.0,0.3333333333333333,0.14285714285714285,0.14285714285714285,3,1,0.75,0.75,0.6666666666666666,1.0,0.3333333333333333,0.42857142857142855,0.42857142857142855,3,1,0.75,0.75,0.3333333333333333,1.0,0.16666666666666666,0.42857142857142855,0.42857142857142855,1.0,1.0
blip2_qa,154431,living room,0.4574,3,5,1,0,1.0,1.0,0.3333333333333333,1.0,0.3333333333333333,0.2,0.2,1,0,1.0,1.0,0.16666666666666666,1.0,0.16666666666666666,0.2,0.2,1,0,1.0,1.0,0.08333333333333333,1.0,0.08333333333333333,0.2,0.2,1.0,1.0
blip2_qa,154704,dining,0.2835,2,5,1,0,1.0,1.0,0.3333333333333333,,0.0,0.0,0.0,1,0,1.0,1.0,0.16666666666666666,,0.0,0.0,0.0,1,0,1.0,1.0,0.08333333333333333,,0.0,0.0,0.0,1.0,1.0
blip2_qa,156643,dining,0.3932,3,6,1,1,0.5,0.5,0.6666666666666666,1.0,0.3333333333333333,0.16666666666666666,0.16666666666666666,1,1,0.5,0.5,0.3333333333333333,1.0,0.16666666666666666,0.16666666666666666,0.16666666666666666,1,1,0.5,0.5,0.16666666666666666,1.0,0.08333333333333333,0.16666666666666666,0.16666666666666666,1.0,1.0
blip2_qa,157045,bathroom,0.402,3,3,2,0,1.0,1.0,0.6666666666666666,1.0,0.6666666666666666,0.6666666666666666,0.6666666666666666,2,0,1.0,1.0,0.3333333333333333,1.0,0.3333333333333333,0.6666666666666666,0.6666666666666666,2,0,1.0,1.0,0.16666666666666666,1.0,0.16666666666666666,0.6666666666666666,0.6666666666666666,1.0,1.0
blip2_qa,158880,bathroom,0.5218,2,3,1,0,1.0,1.0,0.3333333333333333,1.0,0.3333333333333333,0.3333333333333333,0.3333333333333333,1,0,1.0,1.0,0.16666666666666666,1.0,0.16666666666666666,0.3333333333333333,0.3333333333333333,1,0,1.0,1.0,0.08333333333333333,1.0,0.08333333333333333,0.3333333333333333,0.3333333333333333,1.0,1.0
blip2_qa,163589,dining,0.5149,3,4,1,0,1.0,1.0,0.3333333333333333,1.0,0.3333333333333333,0.25,0.5,1,0,1.0,1.0,0.16666666666666666,1.0,0.16666666666666666,0.25,0.5,1,0,1.0,1.0,0.08333333333333333,1.0,0.08333333333333333,0.25,0.5,1.0,1.0
blip2_qa,164005,bedroom,0.4522,3,5,3,0,1.0,1.0,1.0,1.0,0.6666666666666666,0.4,0.4,3,0,1.0,1.0,0.5,1.0,0.3333333333333333,0.4,0.4,3,0,1.0,1.0,0.25,1.0,0.16666666666666666,0.4,0.4,1.0,1.0
blip2_qa,164602,bathroom,0.8309,2,4,1,0,1.0,1.0,0.3333333333333333,,0.0,0.0,0.0,1,0,1.0,1.0,0.16666666666666666,,0.0,0.0,0.0,1,0,1.0,1.0,0.08333333333333333,,0.0,0.0,0.0,1.0,1.0
blip2_qa,166313,bathroom,0.5329,3,4,3,0,1.0,1.0,1.0,1.0,1.0,0.75,0.75,3,0,1.0,1.0,0.5,1.0,0.5,0.75,0.75,3,0,1.0,1.0,0.25,1.0,0.25,0.75,0.75,1.0,1.0
blip2_qa,166426,dining,0.6491,2,6,1,0,1.0,1.0,0.3333333333333333,1.0,0.3333333333333333,0.16666666666666666,0.16666666666666666,1,0,1.0,1.0,0.16666666666666666,1.0,0.16666666666666666,0.16666666666666666,0.16666666666666666,1,0,1.0,1.0,0.08333333333333333,1.0,0.08333333333333333,0.16666666666666666,0.16666666666666666,1.0,1.0
blip2_qa,166533,kitchen,0.449,3,5,1,1,0.5,0.5,0.6666666666666666,,0.0,0.2,0.2,1,1,0.5,0.5,0.3333333333333333,,0.0,0.2,0.2,1,1,0.5,0.5,0.16666666666666666,,0.0,0.2,0.2,1.0,1.0
blip2_qa,167898,bathroom,0.5614,3,7,3,0,1.0,1.0,1.0,1.0,0.6666666666666666,0.42857142857142855,0.42857142857142855,3,0,1.0,1.0,0.5,1.0,0.3333333333333333,0.42857142857142855,0.42857142857142855,3,0,1.0,1.0,0.25,1.0,0.16666666666666666,0.42857142857142855,0.42857142857142855,1.0,1.0
blip2_qa,170191,bedroom,0.6241,3,3,2,0,1.0,1.0,0.6666666666666666,1.0,0.3333333333333333,0.3333333333333333,0.3333333333333333,2,0,1.0,1.0,0.3333333333333333,1.0,0.16666666666666666,0.3333333333333333,0.3333333333333333,2,0,1.0,1.0,0.16666666666666666,1.0,0.08333333333333333,0.3333333333333333,0.3333333333333333,1.0,1.0
blip2_qa,170529,bedroom,0.4677,3,4,1,0,1.0,1.0,0.3333333333333333,,0.0,0.25,0.25,1,0,1.0,1.0,0.16666666666666666,,0.0,0.25,0.25,1,0,1.0,1.0,0.08333333333333333,,0.0,0.25,0.25,1.0,1.0
blip2_qa,171740,living room,0.5763,4,4,2,0,1.0,1.0,0.6666666666666666,1.0,0.6666666666666666,0.5,0.5,2,0,1.0,1.0,0.3333333333333333,1.0,0.3333333333333333,0.5,0.5,2,0,1.0,1.0,0.16666666666666666,1.0,0.16666666666666666,0.5,0.5,1.0,1.0
blip2_qa,173968,bathroom,0.4962,3,5,3,0,1.0,1.0,1.0,1.0,0.6666666666666666,0.4,0.4,3,0,1.0,1.0,0.5,1.0,0.3333333333333333,0.4,0.4,3,0,1.0,1.0,0.25,1.0,0.16666666666666666,0.4,0.4,1.0,1.0
blip2_qa,174964,bedroom,0.5529,3,6,1,0,1.0,1.0,0.3333333333333333,1.0,0.3333333333333333,0.16666666666666666,0.16666666666666666,1,0,1.0,1.0,0.16666666666666666,1.0,0.16666666666666666,0.16666666666666666,0.16666666666666666,1,0,1.0,1.0,0.08333333333333333,1.0,0.08333333333333333,0.16666666666666666,0.16666666666666666,1.0,1.0
blip2_qa,175364,kitchen,0.4836,4,8,2,1,0.6666666666666666,0.6666666666666666,1.0,1.0,0.3333333333333333,0.25,0.25,2,1,0.6666666666666666,0.6666666666666666,0.5,1.0,0.16666666666666666,0.25,0.25,2,1,0.6666666666666666,0.6666666666666666,0.25,1.0,0.08333333333333333,0.25,0.25,1.0,1.0
blip2_qa,177824,living room,0.3912,3,7,1,0,1.0,1.0,0.3333333333333333,,0.0,0.14285714285714285,0.14285714285714285,1,0,1.0,1.0,0.16666666666666666,,0.0,0.14285714285714285,0.14285714285714285,1,0,1.0,1.0,0.08333333333333333,,0.0,0.14285714285714285,0.14285714285714285,1.0,1.0
blip2_qa,178504,bedroom,0.3118,2,3,1,0,1.0,1.0,0.3333333333333333,,0.0,0.0,0.0,1,0,1.0,1.0,0.16666666666666666,,0.0,0.0,0.0,1,0,1.0,1.0,0.08333333333333333,,0.0,0.0,0.0,1.0,1.0
blip2_qa,178690,living room,0.5747,3,5,2,0,1.0,1.0,0.6666666666666666,1.0,0.3333333333333333,0.4,0.4,2,0,1.0,1.0,0.3333333333333333,1.0,0.16666666666666666,0.4,0.4,2,0,1.0,1.0,0.16666666666666666,1.0,0.08333333333333333,0.4,0.4,1.0,1.0
blip2_qa,180908,bedroom,0.5864,3,6,1,1,0.5,0.5,0.6666666666666666,1.0,0.3333333333333333,0.16666666666666666,0.16666666666666666,1,1,0.5,0.5,0.3333333333333333,1.0,0.16666666666666666,0.16666666666666666,0.16666666666666666,1,1,0.5,0.5,0.16666666666666666,1.0,0.08333333333333333,0.16666666666666666,0.16666666666666666,1.0,1.0
blip2_qa,185633,bathroom,0.5504,4,5,2,1,0.6666666666666666,0.6666666666666666,1.0,1.0,0.6666666666666666,0.4,0.4,2,1,0.6666666666666666,0.6666666666666666,0.5,1.0,0.3333333333333333,0.4,0.4,2,1,0.6666666666666666,0.6666666666666666,0.25,1.0,0.16666666666666666,0.4,0.4,1.0,1.0
blip2_qa,187243,bathroom,0.5104,2,5,1,0,1.0,1.0,0.3333333333333333,,0.0,0.0,0.0,1,0,1.0,1.0,0.16666666666666666,,0.0,0.0,0.0,1,0,1.0,1.0,0.08333333333333333,,0.0,0.0,0.0,1.0,1.0
blip2_qa,189045,bedroom,0.4828,3,3,1,0,1.0,1.0,0.3333333333333333,1.0,0.3333333333333333,0.3333333333333333,0.3333333333333333,1,0,1.0,1.0,0.16666666666666666,1.0,0.16666666666666666,0.3333333333333333,0.3333333333333333,1,0,1.0,1.0,0.08333333333333333,1.0,0.08333333333333333,0.3333333333333333,0.3333333333333333,1.0,1.0
blip2_qa,191997,kitchen,0.549,3,4,2,0,1.0,1.0,0.6666666666666666,1.0,0.6666666666666666,0.5,0.5,2,0,1.0,1.0,0.3333333333333333,1.0,0.3333333333333333,0.5,0.5,2,0,1.0,1.0,0.16666666666666666,1.0,0.16666666666666666,0.5,0.5,1.0,1.0
blip2_qa,193047,kitchen,0.4859,3,5,2,0,1.0,1.0,0.6666666666666666,1.0,0.3333333333333333,0.0,0.0,2,0,1.0,1.0,0.3333333333333333,1.0,0.16666666666666666,0.0,0.0,2,0,1.0,1.0,0.16666666666666666,1.0,0.08333333333333333,0.0,0.0,1.0,1.0
blip2_qa,194724,kitchen,0.4084,3,9,1,0,1.0,1.0,0.3333333333333333,1.0,0.3333333333333333,0.1111111111111111,0.1111111111111111,1,0,1.0,1.0,0.16666666666666666,1.0,0.16666666666666666,0.1111111111111111,0.1111111111111111,1,0,1.0,1.0,0.08333333333333333,1.0,0.08333333333333333,0.1111111111111111,0.1111111111111111,1.0,1.0
blip2_qa,195754,living room,0.3986,3,5,2,0,1.0,1.0,0.6666666666666666,1.0,0.6666666666666666,0.2,0.2,2,0,1.0,1.0,0.3333333333333333,1.0,0.3333333333333333,0.2,0.2,2,0,1.0,1.0,0.16666666666666666,1.0,0.16666666666666666,0.2,0.2,1.0,1.0
blip2_qa,199502,bedroom,0.512,3,4,3,0,1.0,1.0,1.0,1.0,1.0,0.75,0.75,3,0,1.0,1.0,0.5,1.0,0.5,0.75,0.75,3,0,1.0,1.0,0.25,1.0,0.25,0.75,0.75,1.0,1.0
blip2_qa,200548,bathroom,0.5192,3,4,3,0,1.0,1.0,1.0,1.0,0.6666666666666666,0.75,0.75,3,0,1.0,1.0,0.5,1.0,0.3333333333333333,0.75,0.75,3,0,1.0,1.0,0.25,1.0,0.16666666666666666,0.75,0.75,1.0,1.0
blip2_qa,200952,bedroom,0.7578,6,7,2,0,1.0,1.0,0.6666666666666666,,0.0,0.2857142857142857,0.2857142857142857,5,0,1.0,1.0,0.8333333333333334,1.0,0.5,0.5714285714285714,0.5714285714285714,5,0,1.0,1.0,0.4166666666666667,1.0,0.25,0.5714285714285714,0.5714285714285714,1.0,1.0
blip2_qa,204661,living room,0.4301,2,4,2,0,1.0,1.0,0.6666666666666666,1.0,0.3333333333333333,0.25,0.25,2,0,1.0,1.0,0.3333333333333333,1.0,0.16666666666666666,0.25,0.25,2,0,1.0,1.0,0.16666666666666666,1.0,0.08333333333333333,0.25,0.25,1.0,1.0
blip2_qa,205514,living room,0.3056,1,6,0,0,,,0.0,,0.0,0.0,0.0,0,0,,,0.0,,0.0,0.0,0.0,0,0,,,0.0,,0.0,0.0,0.0,0.0,0.0
blip2_qa,206395,living room,0.4884,4,4,1,1,0.5,0.5,0.6666666666666666,1.0,0.3333333333333333,0.25,0.25,2,1,0.6666666666666666,0.6666666666666666,0.5,1.0,0.3333333333333333,0.25,0.25,2,1,0.6666666666666666,0.6666666666666666,0.25,1.0,0.16666666666666666,0.25,0.25,1.0,1.0
blip2_qa,208778,bedroom,0.543,2,4,2,0,1.0,1.0,0.6666666666666666,1.0,0.3333333333333333,0.25,0.25,2,0,1.0,1.0,0.3333333333333333,1.0,0.16666666666666666,0.25,0.25,2,0,1.0,1.0,0.16666666666666666,1.0,0.08333333333333333,0.25,0.25,1.0,1.0
blip2_qa,209802,bathroom,0.5314,4,5,2,0,1.0,1.0,0.6666666666666666,1.0,0.3333333333333333,0.4,0.4,2,0,1.0,1.0,0.3333333333333333,1.0,0.16666666666666666,0.4,0.4,2,0,1.0,1.0,0.16666666666666666,1.0,0.08333333333333333,0.4,0.4,1.0,1.0
blip2_qa,210612,bedroom,0.5172,3,4,2,0,1.0,1.0,0.6666666666666666,1.0,0.6666666666666666,0.5,0.5,2,0,1.0,1.0,0.3333333333333333,1.0,0.3333333333333333,0.5,0.5,2,0,1.0,1.0,0.16666666666666666,1.0,0.16666666666666666,0.5,0.5,1.0,1.0
blip2_qa,215746,dining,0.4218,3,5,1,0,1.0,1.0,0.3333333333333333,,0.0,0.2,0.2,1,0,1.0,1.0,0.16666666666666666,,0.0,0.2,0.2,1,0,1.0,1.0,0.08333333333333333,,0.0,0.2,0.2,1.0,1.0
blip2_qa,217546,living room,0.606,5,11,1,1,0.5,0.5,0.6666666666666666,1.0,0.3333333333333333,0.09090909090909091,0.09090909090909091,1,1,0.5,0.5,0.3333333333333333,1.0,0.16666666666666666,0.09090909090909091,0.09090909090909091,1,1,0.5,0.5,0.16666666666666666,1.0,0.08333333333333333,0.09090909090909091,0.09090909090909091,1.0,1.0
blip2_qa,218091,bedroom,0.6549,5,10,3,0,1.0,1.0,1.0,1.0,0.6666666666666666,0.3,0.3,5,0,1.0,1.0,0.8333333333333334,1.0,0.6666666666666666,0.5,0.5,5,0,1.0,1.0,0.4166666666666667,1.0,0.3333333333333333,0.5,0.5,1.0,1.0
blip2_qa,222625,living room,0.5633,3,5,1,0,1.0,1.0,0.3333333333333333,,0.0,0.0,0.0,1,0,1.0,1.0,0.16666666666666666,,0.0,0.0,0.0,1,0,1.0,1.0,0.08333333333333333,,0.0,0.0,0.0,1.0,1.0
blip2_qa,223500,kitchen,0.9555,7,9,1,0,1.0,1.0,0.3333333333333333,,0.0,0.1111111111111111,0.1111111111111111,1,1,0.5,0.5,0.3333333333333333,,0.0,0.1111111111111111,0.1111111111111111,2,1,0.6666666666666666,0.6666666666666666,0.25,1.0,0.08333333333333333,0.2222222222222222,0.2222222222222222,1.0,1.0
blip2_qa,224367,bedroom,0.3672,2,5,2,0,1.0,1.0,0.6666666666666666,1.0,0.6666666666666666,0.4,0.4,2,0,1.0,1.0,0.3333333333333333,1.0,0.3333333333333333,0.4,0.4,2,0,1.0,1.0,0.16666666666666666,1.0,0.16666666666666666,0.4,0.4,1.0,1.0
blip2_qa,226329,living room,0.58,4,4,2,0,1.0,1.0,0.6666666666666666,1.0,0.6666666666666666,0.5,0.5,2,0,1.0,1.0,0.3333333333333333,1.0,0.3333333333333333,0.5,0.5,2,0,1.0,1.0,0.16666666666666666,1.0,0.16666666666666666,0.5,0.5,1.0,1.0
blip2_qa,227985,dining,0.4281,2,3,1,0,1.0,1.0,0.3333333333333333,1.0,0.3333333333333333,0.3333333333333333,0.3333333333333333,1,0,1.0,1.0,0.16666666666666666,1.0,0.16666666666666666,0.3333333333333333,0.3333333333333333,1,0,1.0,1.0,0.08333333333333333,1.0,0.08333333333333333,0.3333333333333333,0.3333333333333333,1.0,1.0
blip2_qa,232088,living room,0.7864,5,7,3,0,1.0,1.0,1.0,1.0,0.3333333333333333,0.42857142857142855,0.42857142857142855,3,0,1.0,1.0,0.5,1.0,0.16666666666666666,0.42857142857142855,0.42857142857142855,3,0,1.0,1.0,0.25,1.0,0.08333333333333333,0.42857142857142855,0.42857142857142855,1.0,1.0
blip2_qa,232649,bathroom,0.4827,3,5,3,0,1.0,1.0,1.0,1.0,0.6666666666666666,0.6,0.6,3,0,1.0,1.0,0.5,1.0,0.3333333333333333,0.6,0.6,3,0,1.0,1.0,0.25,1.0,0.16666666666666666,0.6,0.6,1.0,1.0
blip2_qa,234779,dining,0.1893,1,3,0,0,,,0.0,,0.0,0.0,0.0,0,0,,,0.0,,0.0,0.0,0.0,0,0,,,0.0,,0.0,0.0,0.0,0.0,0.0
blip2_qa,238154,bedroom,0.5041,3,7,1,0,1.0,1.0,0.3333333333333333,1.0,0.3333333333333333,0.14285714285714285,0.14285714285714285,1,0,1.0,1.0,0.16666666666666666,1.0,0.16666666666666666,0.14285714285714285,0.14285714285714285,1,0,1.0,1.0,0.08333333333333333,1.0,0.08333333333333333,0.14285714285714285,0.14285714285714285,1.0,1.0
blip2_qa,239013,living room,0.4345,3,9,2,0,1.0,1.0,0.6666666666666666,1.0,0.6666666666666666,0.2222222222222222,0.2222222222222222,2,0,1.0,1.0,0.3333333333333333,1.0,0.3333333333333333,0.2222222222222222,0.2222222222222222,2,0,1.0,1.0,0.16666666666666666,1.0,0.16666666666666666,0.2222222222222222,0.2222222222222222,1.0,1.0
blip2_qa,240043,kitchen,0.5111,3,4,2,0,1.0,1.0,0.6666666666666666,1.0,0.3333333333333333,0.25,0.25,2,0,1.0,1.0,0.3333333333333333,1.0,0.16666666666666666,0.25,0.25,2,0,1.0,1.0,0.16666666666666666,1.0,0.08333333333333333,0.25,0.25,1.0,1.0
blip2_qa,240965,dining,0.3643,2,3,2,0,1.0,1.0,0.6666666666666666,1.0,0.6666666666666666,0.0,0.0,2,0,1.0,1.0,0.3333333333333333,1.0,0.3333333333333333,0.0,0.0,2,0,1.0,1.0,0.16666666666666666,1.0,0.16666666666666666,0.0,0.0,1.0,1.0
blip2_qa,242296,living room,0.6133,5,6,2,0,1.0,1.0,0.6666666666666666,1.0,0.3333333333333333,0.3333333333333333,0.3333333333333333,3,0,1.0,1.0,0.5,1.0,0.3333333333333333,0.5,0.5,3,0,1.0,1.0,0.25,1.0,0.16666666666666666,0.5,0.5,1.0,1.0
blip2_qa,242610,bedroom,0.5253,2,4,2,0,1.0,1.0,0.6666666666666666,1.0,0.3333333333333333,0.25,0.25,2,0,1.0,1.0,0.3333333333333333,1.0,0.16666666666666666,0.25,0.25,2,0,1.0,1.0,0.16666666666666666,1.0,0.08333333333333333,0.25,0.25,1.0,1.0
blip2_qa,245230,kitchen,0.5673,5,9,2,0,1.0,1.0,0.6666666666666666,,0.0,0.2222222222222222,0.2222222222222222,3,0,1.0,1.0,0.5,1.0,0.16666666666666666,0.3333333333333333,0.3333333333333333,3,0,1.0,1.0,0.25,1.0,0.08333333333333333,0.3333333333333333,0.3333333333333333,1.0,1.0
blip2_qa,247839,dining,0.3078,3,11,1,0,1.0,1.0,0.3333333333333333,,0.0,0.09090909090909091,0.09090909090909091,1,0,1.0,1.0,0.16666666666666666,,0.0,0.09090909090909091,0.09090909090909091,1,0,1.0,1.0,0.08333333333333333,,0.0,0.09090909090909091,0.09090909090909091,1.0,1.0
blip2_qa,252127,bedroom,0.4435,2,4,2,0,1.0,1.0,0.6666666666666666,1.0,0.6666666666666666,0.5,0.5,2,0,1.0,1.0,0.3333333333333333,1.0,0.3333333333333333,0.5,0.5,2,0,1.0,1.0,0.16666666666666666,1.0,0.16666666666666666,0.5,0.5,1.0,1.0
blip2_qa,255654,bathroom,0.4947,3,4,1,1,0.5,0.5,0.6666666666666666,1.0,0.3333333333333333,0.25,0.25,1,1,0.5,0.5,0.3333333333333333,1.0,0.16666666666666666,0.25,0.25,1,1,0.5,0.5,0.16666666666666666,1.0,0.08333333333333333,0.25,0.25,1.0,1.0
blip2_qa,256518,dining,0.1891,1,7,0,0,,,0.0,,0.0,0.0,0.0,0,0,,,0.0,,0.0,0.0,0.0,0,0,,,0.0,,0.0,0.0,0.0,0.0,0.0
blip2_qa,257370,living room,0.6142,4,4,1,0,1.0,1.0,0.3333333333333333,1.0,0.3333333333333333,0.25,0.25,1,0,1.0,1.0,0.16666666666666666,1.0,0.16666666666666666,0.25,0.25,1,0,1.0,1.0,0.08333333333333333,1.0,0.08333333333333333,0.25,0.25,1.0,1.0
blip2_qa,257660,bathroom,0.5218,3,5,3,0,1.0,1.0,1.0,1.0,1.0,0.4,0.4,3,0,1.0,1.0,0.5,1.0,0.5,0.4,0.4,3,0,1.0,1.0,0.25,1.0,0.25,0.4,0.4,1.0,1.0
blip2_qa,257773,kitchen,0.3591,2,6,1,0,1.0,1.0,0.3333333333333333,,0.0,0.0,0.0,1,0,1.0,1.0,0.16666666666666666,,0.0,0.0,0.0,1,0,1.0,1.0,0.08333333333333333,,0.0,0.0,0.0,1.0,1.0
blip2_qa,260721,living room,0.5152,4,7,3,0,1.0,1.0,1.0,1.0,1.0,0.42857142857142855,0.42857142857142855,4,0,1.0,1.0,0.6666666666666666,1.0,0.6666666666666666,0.42857142857142855,0.42857142857142855,4,0,1.0,1.0,0.3333333333333333,1.0,0.3333333333333333,0.42857142857142855,0.42857142857142855,1.0,1.0
blip2_qa,264347,kitchen,0.6021,5,8,3,0,1.0,1.0,1.0,1.0,0.3333333333333333,0.375,0.375,4,0,1.0,1.0,0.6666666666666666,1.0,0.3333333333333333,0.5,0.5,4,0,1.0,1.0,0.3333333333333333,1.0,0.16666666666666666,0.5,0.5,1.0,1.0
blip2_qa,266422,living room,0.5869,4,6,2,0,1.0,1.0,0.6666666666666666,1.0,0.3333333333333333,0.3333333333333333,0.5,2,0,1.0,1.0,0.3333333333333333,1.0,0.16666666666666666,0.3333333333333333,0.5,2,0,1.0,1.0,0.16666666666666666,1.0,0.08333333333333333,0.3333333333333333,0.5,1.0,1.0
blip2_qa,268213,kitchen,0.6026,5,6,1,1,0.5,0.5,0.6666666666666666,1.0,0.3333333333333333,0.16666666666666666,0.16666666666666666,2,2,0.5,0.5,0.6666666666666666,1.0,0.3333333333333333,0.16666666666666666,0.16666666666666666,2,2,0.5,0.5,0.3333333333333333,1.0,0.16666666666666666,0.16666666666666666,0.16666666666666666,1.0,1.0
blip2_qa,268378,dining,0.9075,6,6,1,0,1.0,1.0,0.3333333333333333,,0.0,0.16666666666666666,0.3333333333333333,2,0,1.0,1.0,0.3333333333333333,,0.0,0.16666666666666666,0.3333333333333333,2,0,1.0,1.0,0.16666666666666666,,0.0,0.16666666666666666,0.3333333333333333,1.0,1.0
blip2_qa,271167,bathroom,0.3027,2,5,2,0,1.0,1.0,0.6666666666666666,1.0,0.3333333333333333,0.2,0.2,2,0,1.0,1.0,0.3333333333333333,1.0,0.16666666666666666,0.2,0.2,2,0,1.0,1.0,0.16666666666666666,1.0,0.08333333333333333,0.2,0.2,1.0,1.0
blip2_qa,271728,living room,0.6332,5,9,1,1,0.5,0.5,0.6666666666666666,1.0,0.3333333333333333,0.1111111111111111,0.1111111111111111,2,1,0.6666666666666666,0.6666666666666666,0.5,1.0,0.3333333333333333,0.2222222222222222,0.2222222222222222,2,1,0.6666666666666666,0.6666666666666666,0.25,1.0,0.16666666666666666,0.2222222222222222,0.2222222222222222,1.0,1.0
blip2_qa,272203,bedroom,0.4282,3,5,1,0,1.0,1.0,0.3333333333333333,1.0,0.3333333333333333,0.2,0.2,1,0,1.0,1.0,0.16666666666666666,1.0,0.16666666666666666,0.2,0.2,1,0,1.0,1.0,0.08333333333333333,1.0,0.08333333333333333,0.2,0.2,1.0,1.0
blip2_qa,274352,dining,0.3622,2,10,0,0,,1.0,0.0,,0.0,0.0,0.1,0,0,,1.0,0.0,,0.0,0.0,0.1,0,0,,1.0,0.0,,0.0,0.0,0.1,0.0,1.0
blip2_qa,275374,bedroom,0.9894,4,5,1,1,0.5,0.5,0.6666666666666666,1.0,0.3333333333333333,0.2,0.2,1,1,0.5,0.5,0.3333333333333333,1.0,0.16666666666666666,0.2,0.2,1,1,0.5,0.5,0.16666666666666666,1.0,0.08333333333333333,0.2,0.2,1.0,1.0
blip2_qa,277507,bedroom,0.521,3,4,1,0,1.0,1.0,0.3333333333333333,1.0,0.3333333333333333,0.25,0.25,1,0,1.0,1.0,0.16666666666666666,1.0,0.16666666666666666,0.25,0.25,1,0,1.0,1.0,0.08333333333333333,1.0,0.08333333333333333,0.25,0.25,1.0,1.0
blip2_qa,283717,kitchen,0.5669,3,4,2,0,1.0,1.0,0.6666666666666666,1.0,0.6666666666666666,0.5,0.5,2,0,1.0,1.0,0.3333333333333333,1.0,0.3333333333333333,0.5,0.5,2,0,1.0,1.0,0.16666666666666666,1.0,0.16666666666666666,0.5,0.5,1.0,1.0
blip2_qa,285400,dining,0.549,3,3,1,0,1.0,1.0,0.3333333333333333,1.0,0.3333333333333333,0.3333333333333333,0.3333333333333333,1,0,1.0,1.0,0.16666666666666666,1.0,0.16666666666666666,0.3333333333333333,0.3333333333333333,1,0,1.0,1.0,0.08333333333333333,1.0,0.08333333333333333,0.3333333333333333,0.3333333333333333,1.0,1.0
blip2_qa,290771,living room,0.5753,5,7,2,0,1.0,1.0,0.6666666666666666,,0.0,0.2857142857142857,0.2857142857142857,2,0,1.0,1.0,0.3333333333333333,,0.0,0.2857142857142857,0.2857142857142857,2,0,1.0,1.0,0.16666666666666666,,0.0,0.2857142857142857,0.2857142857142857,1.0,1.0
blip2_qa,293390,bathroom,0.3958,3,5,2,0,1.0,1.0,0.6666666666666666,1.0,0.6666666666666666,0.4,0.6,2,0,1.0,1.0,0.3333333333333333,1.0,0.3333333333333333,0.4,0.6,2,0,1.0,1.0,0.16666666666666666,1.0,0.16666666666666666,0.4,0.6,1.0,1.0
blip2_qa,296205,living room,0.2976,2,4,2,0,1.0,1.0,0.6666666666666666,1.0,0.3333333333333333,0.25,0.25,2,0,1.0,1.0,0.3333333333333333,1.0,0.16666666666666666,0.25,0.25,2,0,1.0,1.0,0.16666666666666666,1.0,0.08333333333333333,0.25,0.25,1.0,1.0
blip2_qa,297353,bedroom,0.371,3,4,3,0,1.0,1.0,1.0,1.0,0.6666666666666666,0.25,0.25,3,0,1.0,1.0,0.5,1.0,0.3333333333333333,0.25,0.25,3,0,1.0,1.0,0.25,1.0,0.16666666666666666,0.25,0.25,1.0,1.0
blip2_qa,299632,bedroom,0.6473,3,5,1,0,1.0,1.0,0.3333333333333333,1.0,0.3333333333333333,0.2,0.2,1,0,1.0,1.0,0.16666666666666666,1.0,0.16666666666666666,0.2,0.2,1,0,1.0,1.0,0.08333333333333333,1.0,0.08333333333333333,0.2,0.2,1.0,1.0
blip2_qa,300882,bedroom,0.6993,3,4,2,0,1.0,1.0,0.6666666666666666,1.0,0.6666666666666666,0.25,0.25,2,0,1.0,1.0,0.3333333333333333,1.0,0.3333333333333333,0.25,0.25,2,0,1.0,1.0,0.16666666666666666,1.0,0.16666666666666666,0.25,0.25,1.0,1.0
blip2_qa,302680,living room,1.3413,9,9,0,0,,,0.0,,0.0,0.0,0.0,3,0,1.0,1.0,0.5,1.0,0.5,0.1111111111111111,0.1111111111111111,5,0,1.0,1.0,0.4166666666666667,1.0,0.3333333333333333,0.3333333333333333,0.3333333333333333,0.0,0.0
blip2_qa,303002,bathroom,0.4056,3,4,2,0,1.0,1.0,0.6666666666666666,1.0,0.3333333333333333,0.5,0.5,2,0,1.0,1.0,0.3333333333333333,1.0,0.16666666666666666,0.5,0.5,2,0,1.0,1.0,0.16666666666666666,1.0,0.08333333333333333,0.5,0.5,1.0,1.0
blip2_qa,303520,kitchen,0.5821,3,8,3,0,1.0,1.0,1.0,1.0,1.0,0.375,0.375,3,0,1.0,1.0,0.5,1.0,0.5,0.375,0.375,3,0,1.0,1.0,0.25,1.0,0.25,0.375,0.375,1.0,1.0
blip2_qa,304827,kitchen,0.5148,4,5,2,1,0.6666666666666666,0.6666666666666666,1.0,1.0,0.3333333333333333,0.4,0.4,3,1,0.75,0.75,0.6666666666666666,1.0,0.3333333333333333,0.6,0.6,3,1,0.75,0.75,0.3333333333333333,1.0,0.16666666666666666,0.6,0.6,1.0,1.0
blip2_qa,306733,bathroom,0.4929,3,6,1,0,1.0,1.0,0.3333333333333333,,0.0,0.16666666666666666,0.16666666666666666,1,0,1.0,1.0,0.16666666666666666,,0.0,0.16666666666666666,0.16666666666666666,1,0,1.0,1.0,0.08333333333333333,,0.0,0.16666666666666666,0.16666666666666666,1.0,1.0
blip2_qa,308507,kitchen,0.5234,3,6,2,0,1.0,1.0,0.6666666666666666,1.0,0.3333333333333333,0.16666666666666666,0.16666666666666666,2,0,1.0,1.0,0.3333333333333333,1.0,0.16666666666666666,0.16666666666666666,0.16666666666666666,2,0,1.0,1.0,0.16666666666666666,1.0,0.08333333333333333,0.16666666666666666,0.16666666666666666,1.0,1.0
blip2_qa,309060,kitchen,0.6308,4,9,2,0,1.0,1.0,0.6666666666666666,1.0,0.3333333333333333,0.2222222222222222,0.2222222222222222,3,0,1.0,1.0,0.5,1.0,0.3333333333333333,0.2222222222222222,0.2222222222222222,3,0,1.0,1.0,0.25,1.0,0.16666666666666666,0.2222222222222222,0.2222222222222222,1.0,1.0
blip2_qa,309553,bedroom,0.4251,3,4,2,0,1.0,1.0,0.6666666666666666,1.0,0.6666666666666666,0.25,0.25,2,0,1.0,1.0,0.3333333333333333,1.0,0.3333333333333333,0.25,0.25,2,0,1.0,1.0,0.16666666666666666,1.0,0.16666666666666666,0.25,0.25,1.0,1.0
blip2_qa,311868,bathroom,0.4646,3,5,3,0,1.0,1.0,1.0,1.0,0.6666666666666666,0.6,0.6,3,0,1.0,1.0,0.5,1.0,0.3333333333333333,0.6,0.6,3,0,1.0,1.0,0.25,1.0,0.16666666666666666,0.6,0.6,1.0,1.0
blip2_qa,313130,kitchen,0.4484,2,6,2,0,1.0,1.0,0.6666666666666666,1.0,0.6666666666666666,0.3333333333333333,0.3333333333333333,2,0,1.0,1.0,0.3333333333333333,1.0,0.3333333333333333,0.3333333333333333,0.3333333333333333,2,0,1.0,1.0,0.16666666666666666,1.0,0.16666666666666666,0.3333333333333333,0.3333333333333333,1.0,1.0
blip2_qa,315256,bedroom,0.7536,5,5,2,0,1.0,1.0,0.6666666666666666,1.0,0.6666666666666666,0.4,0.4,3,0,1.0,1.0,0.5,1.0,0.5,0.6,0.6,3,0,1.0,1.0,0.25,1.0,0.25,0.6,0.6,1.0,1.0
blip2_qa,315641,kitchen,0.2171,1,5,1,0,1.0,1.0,0.3333333333333333,1.0,0.3333333333333333,0.2,0.2,1,0,1.0,1.0,0.16666666666666666,1.0,0.16666666666666666,0.2,0.2,1,0,1.0,1.0,0.08333333333333333,1.0,0.08333333333333333,0.2,0.2,1.0,1.0
blip2_qa,319935,bedroom,0.593,4,10,2,0,1.0,1.0,0.6666666666666666,1.0,0.3333333333333333,0.2,0.2,2,0,1.0,1.0,0.3333333333333333,1.0,0.16666666666666666,0.2,0.2,2,0,1.0,1.0,0.16666666666666666,1.0,0.08333333333333333,0.2,0.2,1.0,1.0
blip2_qa,325078,bathroom,0.4973,3,4,3,0,1.0,1.0,1.0,1.0,1.0,0.5,0.5,3,0,1.0,1.0,0.5,1.0,0.5,0.5,0.5,3,0,1.0,1.0,0.25,1.0,0.25,0.5,0.5,1.0,1.0
blip2_qa,329455,dining,0.2731,1,6,1,0,1.0,1.0,0.3333333333333333,1.0,0.3333333333333333,0.16666666666666666,0.16666666666666666,1,0,1.0,1.0,0.16666666666666666,1.0,0.16666666666666666,0.16666666666666666,0.16666666666666666,1,0,1.0,1.0,0.08333333333333333,1.0,0.08333333333333333,0.16666666666666666,0.16666666666666666,1.0,1.0
blip2_qa,341741,bedroom,0.5113,3,4,3,0,1.0,1.0,1.0,1.0,1.0,0.75,0.75,3,0,1.0,1.0,0.5,1.0,0.5,0.75,0.75,3,0,1.0,1.0,0.25,1.0,0.25,0.75,0.75,1.0,1.0
blip2_qa,343662,bedroom,0.465,3,3,2,0,1.0,1.0,0.6666666666666666,1.0,0.6666666666666666,0.6666666666666666,0.6666666666666666,2,0,1.0,1.0,0.3333333333333333,1.0,0.3333333333333333,0.6666666666666666,0.6666666666666666,2,0,1.0,1.0,0.16666666666666666,1.0,0.16666666666666666,0.6666666666666666,0.6666666666666666,1.0,1.0
blip2_qa,348708,dining,0.3365,2,3,2,0,1.0,1.0,0.6666666666666666,1.0,0.6666666666666666,0.6666666666666666,0.6666666666666666,2,0,1.0,1.0,0.3333333333333333,1.0,0.3333333333333333,0.6666666666666666,0.6666666666666666,2,0,1.0,1.0,0.16666666666666666,1.0,0.16666666666666666,0.6666666666666666,0.6666666666666666,1.0,1.0
blip2_qa,350230,kitchen,0.5966,5,9,1,1,0.5,0.5,0.6666666666666666,1.0,0.3333333333333333,0.1111111111111111,0.1111111111111111,2,1,0.6666666666666666,0.6666666666666666,0.5,1.0,0.16666666666666666,0.2222222222222222,0.2222222222222222,2,1,0.6666666666666666,0.6666666666666666,0.25,1.0,0.08333333333333333,0.2222222222222222,0.2222222222222222,1.0,1.0
blip2_qa,355430,dining,0.8232,4,10,2,0,1.0,1.0,0.6666666666666666,1.0,0.3333333333333333,0.2,0.3,2,0,1.0,1.0,0.3333333333333333,1.0,0.16666666666666666,0.2,0.3,2,0,1.0,1.0,0.16666666666666666,1.0,0.08333333333333333,0.2,0.3,1.0,1.0
blip2_qa,358465,bedroom,0.4091,2,3,1,1,0.5,0.5,0.6666666666666666,1.0,0.3333333333333333,0.3333333333333333,0.3333333333333333,1,1,0.5,0.5,0.3333333333333333,1.0,0.16666666666666666,0.3333333333333333,0.3333333333333333,1,1,0.5,0.5,0.16666666666666666,1.0,0.08333333333333333,0.3333333333333333,0.3333333333333333,1.0,1.0
blip2_qa,358525,bedroom,0.3857,2,4,2,0,1.0,1.0,0.6666666666666666,1.0,0.3333333333333333,0.25,0.25,2,0,1.0,1.0,0.3333333333333333,1.0,0.16666666666666666,0.25,0.25,2,0,1.0,1.0,0.16666666666666666,1.0,0.08333333333333333,0.25,0.25,1.0,1.0
blip2_qa,362278,bathroom,0.6463,3,4,2,0,1.0,1.0,0.6666666666666666,1.0,0.6666666666666666,0.5,0.5,2,0,1.0,1.0,0.3333333333333333,1.0,0.3333333333333333,0.5,0.5,2,0,1.0,1.0,0.16666666666666666,1.0,0.16666666666666666,0.5,0.5,1.0,1.0
blip2_qa,367386,living room,0.5814,3,11,1,0,1.0,1.0,0.3333333333333333,1.0,0.3333333333333333,0.09090909090909091,0.18181818181818182,1,0,1.0,1.0,0.16666666666666666,1.0,0.16666666666666666,0.09090909090909091,0.18181818181818182,1,0,1.0,1.0,0.08333333333333333,1.0,0.08333333333333333,0.09090909090909091,0.18181818181818182,1.0,1.0
blip2_qa,367569,living room,0.781,6,8,3,0,1.0,1.0,1.0,1.0,1.0,0.125,0.125,4,0,1.0,1.0,0.6666666666666666,1.0,0.6666666666666666,0.25,0.25,4,0,1.0,1.0,0.3333333333333333,1.0,0.3333333333333333,0.25,0.25,1.0,1.0
blip2_qa,368349,bathroom,0.3844,2,4,1,0,1.0,1.0,0.3333333333333333,1.0,0.3333333333333333,0.25,0.25,1,0,1.0,1.0,0.16666666666666666,1.0,0.16666666666666666,0.25,0.25,1,0,1.0,1.0,0.08333333333333333,1.0,0.08333333333333333,0.25,0.25,1.0,1.0
blip2_qa,369373,living room,0.5551,4,6,1,1,0.5,0.5,0.6666666666666666,1.0,0.3333333333333333,0.16666666666666666,0.16666666666666666,1,1,0.5,0.5,0.3333333333333333,1.0,0.16666666666666666,0.16666666666666666,0.16666666666666666,1,1,0.5,0.5,0.16666666666666666,1.0,0.08333333333333333,0.16666666666666666,0.16666666666666666,1.0,1.0
blip2_qa,370818,bathroom,0.6689,7,6,1,0,1.0,1.0,0.3333333333333333,1.0,0.3333333333333333,0.16666666666666666,0.16666666666666666,4,0,1.0,1.0,0.6666666666666666,1.0,0.5,0.5,0.5,4,0,1.0,1.0,0.3333333333333333,1.0,0.25,0.5,0.5,1.0,1.0
blip2_qa,374628,kitchen,0.5104,3,13,0,0,,,0.0,,0.0,0.0,0.0,0,0,,,0.0,,0.0,0.0,0.0,0,0,,,0.0,,0.0,0.0,0.0,0.0,0.0
blip2_qa,375878,bathroom,0.512,4,3,3,0,1.0,1.0,1.0,1.0,1.0,1.0,1.0,3,0,1.0,1.0,0.5,1.0,0.5,1.0,1.0,3,0,1.0,1.0,0.25,1.0,0.25,1.0,1.0,1.0,1.0
blip2_qa,381330,kitchen,0.3047,2,4,2,0,1.0,1.0,0.6666666666666666,1.0,0.3333333333333333,0.25,0.25,2,0,1.0,1.0,0.3333333333333333,1.0,0.16666666666666666,0.25,0.25,2,0,1.0,1.0,0.16666666666666666,1.0,0.08333333333333333,0.25,0.25,1.0,1.0
blip2_qa,381605,living room,0.3968,2,4,2,0,1.0,1.0,0.6666666666666666,1.0,0.6666666666666666,0.5,0.5,2,0,1.0,1.0,0.3333333333333333,1.0,0.3333333333333333,0.5,0.5,2,0,1.0,1.0,0.16666666666666666,1.0,0.16666666666666666,0.5,0.5,1.0,1.0
blip2_qa,383549,living room,0.5484,4,7,2,0,1.0,1.0,0.6666666666666666,1.0,0.6666666666666666,0.2857142857142857,0.2857142857142857,2,0,1.0,1.0,0.3333333333333333,1.0,0.3333333333333333,0.2857142857142857,0.2857142857142857,2,0,1.0,1.0,0.16666666666666666,1.0,0.16666666666666666,0.2857142857142857,0.2857142857142857,1.0,1.0
blip2_qa,386799,bathroom,0.505,3,3,2,0,1.0,1.0,0.6666666666666666,1.0,0.6666666666666666,0.6666666666666666,0.6666666666666666,2,0,1.0,1.0,0.3333333333333333,1.0,0.3333333333333333,0.6666666666666666,0.6666666666666666,2,0,1.0,1.0,0.16666666666666666,1.0,0.16666666666666666,0.6666666666666666,0.6666666666666666,1.0,1.0
blip2_qa,395259,bedroom,0.2803,1,5,0,0,,,0.0,,0.0,0.0,0.0,0,0,,,0.0,,0.0,0.0,0.0,0,0,,,0.0,,0.0,0.0,0.0,0.0,0.0
blip2_qa,395701,living room,0.492,4,7,3,0,1.0,1.0,1.0,1.0,0.3333333333333333,0.42857142857142855,0.42857142857142855,3,0,1.0,1.0,0.5,1.0,0.16666666666666666,0.42857142857142855,0.42857142857142855,3,0,1.0,1.0,0.25,1.0,0.08333333333333333,0.42857142857142855,0.42857142857142855,1.0,1.0
blip2_qa,396526,dining,0.5184,3,6,2,0,1.0,1.0,0.6666666666666666,1.0,0.3333333333333333,0.3333333333333333,0.5,2,0,1.0,1.0,0.3333333333333333,1.0,0.16666666666666666,0.3333333333333333,0.5,2,0,1.0,1.0,0.16666666666666666,1.0,0.08333333333333333,0.3333333333333333,0.5,1.0,1.0
blip2_qa,396691,kitchen,0.5049,2,4,2,0,1.0,1.0,0.6666666666666666,1.0,0.3333333333333333,0.25,0.25,2,0,1.0,1.0,0.3333333333333333,1.0,0.16666666666666666,0.25,0.25,2,0,1.0,1.0,0.16666666666666666,1.0,0.08333333333333333,0.25,0.25,1.0,1.0
blip2_qa,397354,kitchen,0.3383,3,8,1,0,1.0,1.0,0.3333333333333333,1.0,0.3333333333333333,0.125,0.125,1,0,1.0,1.0,0.16666666666666666,1.0,0.16666666666666666,0.125,0.125,1,0,1.0,1.0,0.08333333333333333,1.0,0.08333333333333333,0.125,0.125,1.0,1.0
blip2_qa,401060,bedroom,0.2782,2,4,2,0,1.0,1.0,0.6666666666666666,1.0,0.3333333333333333,0.5,0.5,2,0,1.0,1.0,0.3333333333333333,1.0,0.16666666666666666,0.5,0.5,2,0,1.0,1.0,0.16666666666666666,1.0,0.08333333333333333,0.5,0.5,1.0,1.0
blip2_qa,403114,bathroom,0.4348,3,4,3,0,1.0,1.0,1.0,1.0,1.0,0.75,0.75,3,0,1.0,1.0,0.5,1.0,0.5,0.75,0.75,3,0,1.0,1.0,0.25,1.0,0.25,0.75,0.75,1.0,1.0
blip2_qa,404678,dining,1.3203,4,9,1,0,1.0,1.0,0.3333333333333333,1.0,0.3333333333333333,0.1111111111111111,0.2222222222222222,1,0,1.0,1.0,0.16666666666666666,1.0,0.16666666666666666,0.1111111111111111,0.2222222222222222,1,0,1.0,1.0,0.08333333333333333,1.0,0.08333333333333333,0.1111111111111111,0.2222222222222222,1.0,1.0
blip2_qa,407685,living room,0.4387,3,12,2,0,1.0,1.0,0.6666666666666666,,0.0,0.16666666666666666,0.16666666666666666,2,0,1.0,1.0,0.3333333333333333,,0.0,0.16666666666666666,0.16666666666666666,2,0,1.0,1.0,0.16666666666666666,,0.0,0.16666666666666666,0.16666666666666666,1.0,1.0
blip2_qa,408192,living room,0.1863,1,10,0,0,,,0.0,,0.0,0.0,0.0,0,0,,,0.0,,0.0,0.0,0.0,0,0,,,0.0,,0.0,0.0,0.0,0.0,0.0
blip2_qa,410144,kitchen,0.3559,1,4,1,0,1.0,1.0,0.3333333333333333,1.0,0.3333333333333333,0.25,0.25,1,0,1.0,1.0,0.16666666666666666,1.0,0.16666666666666666,0.25,0.25,1,0,1.0,1.0,0.08333333333333333,1.0,0.08333333333333333,0.25,0.25,1.0,1.0
blip2_qa,411685,bathroom,0.4418,0,3,0,0,,,0.0,,0.0,0.0,0.0,0,0,,,0.0,,0.0,0.0,0.0,0,0,,,0.0,,0.0,0.0,0.0,0.0,0.0
blip2_qa,415646,bedroom,0.6802,5,9,2,0,1.0,1.0,0.6666666666666666,1.0,0.3333333333333333,0.2222222222222222,0.2222222222222222,3,0,1.0,1.0,0.5,1.0,0.3333333333333333,0.3333333333333333,0.3333333333333333,3,0,1.0,1.0,0.25,1.0,0.16666666666666666,0.3333333333333333,0.3333333333333333,1.0,1.0
blip2_qa,416575,bedroom,0.4649,3,4,3,0,1.0,1.0,1.0,1.0,0.6666666666666666,0.5,0.5,3,0,1.0,1.0,0.5,1.0,0.3333333333333333,0.5,0.5,3,0,1.0,1.0,0.25,1.0,0.16666666666666666,0.5,0.5,1.0,1.0
blip2_qa,422350,kitchen,0.5458,4,6,1,0,1.0,1.0,0.3333333333333333,1.0,0.3333333333333333,0.16666666666666666,0.16666666666666666,2,0,1.0,1.0,0.3333333333333333,1.0,0.16666666666666666,0.3333333333333333,0.3333333333333333,2,0,1.0,1.0,0.16666666666666666,1.0,0.08333333333333333,0.3333333333333333,0.3333333333333333,1.0,1.0
blip2_qa,422654,kitchen,0.6378,4,5,2,0,1.0,1.0,0.6666666666666666,1.0,0.3333333333333333,0.4,0.4,3,0,1.0,1.0,0.5,1.0,0.3333333333333333,0.6,0.6,3,0,1.0,1.0,0.25,1.0,0.16666666666666666,0.6,0.6,1.0,1.0
blip2_qa,427040,bedroom,0.4546,3,8,3,0,1.0,1.0,1.0,1.0,0.3333333333333333,0.25,0.25,3,0,1.0,1.0,0.5,1.0,0.16666666666666666,0.25,0.25,3,0,1.0,1.0,0.25,1.0,0.08333333333333333,0.25,0.25,1.0,1.0
blip2_qa,431154,bedroom,0.6292,4,3,2,0,1.0,1.0,0.6666666666666666,1.0,0.6666666666666666,0.3333333333333333,0.3333333333333333,3,0,1.0,1.0,0.5,1.0,0.5,0.6666666666666666,0.6666666666666666,3,0,1.0,1.0,0.25,1.0,0.25,0.6666666666666666,0.6666666666666666,1.0,1.0
blip2_qa,434098,bathroom,0.5166,3,4,2,0,1.0,1.0,0.6666666666666666,1.0,0.3333333333333333,0.5,0.5,2,0,1.0,1.0,0.3333333333333333,1.0,0.16666666666666666,0.5,0.5,2,0,1.0,1.0,0.16666666666666666,1.0,0.08333333333333333,0.5,0.5,1.0,1.0
blip2_qa,437898,kitchen,0.5984,5,8,2,1,0.6666666666666666,0.6666666666666666,1.0,1.0,0.6666666666666666,0.25,0.25,3,1,0.75,0.75,0.6666666666666666,1.0,0.3333333333333333,0.375,0.375,3,1,0.75,0.75,0.3333333333333333,1.0,0.16666666666666666,0.375,0.375,1.0,1.0
blip2_qa,438314,bedroom,0.4844,3,4,2,0,1.0,1.0,0.6666666666666666,1.0,0.6666666666666666,0.5,0.5,2,0,1.0,1.0,0.3333333333333333,1.0,0.3333333333333333,0.5,0.5,2,0,1.0,1.0,0.16666666666666666,1.0,0.16666666666666666,0.5,0.5,1.0,1.0
blip2_qa,439364,bathroom,0.4674,2,5,2,0,1.0,1.0,0.6666666666666666,1.0,0.6666666666666666,0.4,0.4,2,0,1.0,1.0,0.3333333333333333,1.0,0.3333333333333333,0.4,0.4,2,0,1.0,1.0,0.16666666666666666,1.0,0.16666666666666666,0.4,0.4,1.0,1.0
blip2_qa,439689,living room,0.5808,4,7,2,0,1.0,1.0,0.6666666666666666,1.0,0.6666666666666666,0.2857142857142857,0.2857142857142857,2,0,1.0,1.0,0.3333333333333333,1.0,0.3333333333333333,0.2857142857142857,0.2857142857142857,2,0,1.0,1.0,0.16666666666666666,1.0,0.16666666666666666,0.2857142857142857,0.2857142857142857,1.0,1.0
blip2_qa,445306,kitchen,0.4273,3,5,1,1,0.5,0.5,0.6666666666666666,1.0,0.3333333333333333,0.2,0.2,1,1,0.5,0.5,0.3333333333333333,1.0,0.16666666666666666,0.2,0.2,1,1,0.5,0.5,0.16666666666666666,1.0,0.08333333333333333,0.2,0.2,1.0,1.0
blip2_qa,445658,kitchen,1.2752,4,6,3,0,1.0,1.0,1.0,1.0,1.0,0.5,0.5,4,0,1.0,1.0,0.6666666666666666,1.0,0.6666666666666666,0.5,0.5,4,0,1.0,1.0,0.3333333333333333,1.0,0.3333333333333333,0.5,0.5,1.0,1.0
blip2_qa,448795,kitchen,0.5475,4,6,2,1,0.6666666666666666,0.6666666666666666,1.0,1.0,0.3333333333333333,0.3333333333333333,0.3333333333333333,2,2,0.5,0.5,0.6666666666666666,1.0,0.16666666666666666,0.3333333333333333,0.3333333333333333,2,2,0.5,0.5,0.3333333333333333,1.0,0.08333333333333333,0.3333333333333333,0.3333333333333333,1.0,1.0
blip2_qa,453302,kitchen,0.6783,4,5,2,0,1.0,1.0,0.6666666666666666,1.0,0.6666666666666666,0.4,0.4,2,0,1.0,1.0,0.3333333333333333,1.0,0.3333333333333333,0.4,0.4,2,0,1.0,1.0,0.16666666666666666,1.0,0.16666666666666666,0.4,0.4,1.0,1.0
blip2_qa,453341,living room,0.698,5,4,2,0,1.0,1.0,0.6666666666666666,1.0,0.6666666666666666,0.5,0.5,2,0,1.0,1.0,0.3333333333333333,1.0,0.3333333333333333,0.5,0.5,2,0,1.0,1.0,0.16666666666666666,1.0,0.16666666666666666,0.5,0.5,1.0,1.0
blip2_qa,455301,bedroom,0.3058,1,3,1,0,1.0,1.0,0.3333333333333333,,0.0,0.0,0.0,1,0,1.0,1.0,0.16666666666666666,,0.0,0.0,0.0,1,0,1.0,1.0,0.08333333333333333,,0.0,0.0,0.0,1.0,1.0
blip2_qa,458410,living room,0.517,3,6,1,0,1.0,1.0,0.3333333333333333,,0.0,0.16666666666666666,0.3333333333333333,1,0,1.0,1.0,0.16666666666666666,,0.0,0.16666666666666666,0.3333333333333333,1,0,1.0,1.0,0.08333333333333333,,0.0,0.16666666666666666,0.3333333333333333,1.0,1.0
blip2_qa,460494,dining,0.5413,2,6,1,0,1.0,1.0,0.3333333333333333,1.0,0.3333333333333333,0.16666666666666666,0.16666666666666666,1,0,1.0,1.0,0.16666666666666666,1.0,0.16666666666666666,0.16666666666666666,0.16666666666666666,1,0,1.0,1.0,0.08333333333333333,1.0,0.08333333333333333,0.16666666666666666,0.16666666666666666,1.0,1.0
blip2_qa,461172,dining,0.3063,2,4,1,0,1.0,1.0,0.3333333333333333,1.0,0.3333333333333333,0.25,0.25,1,0,1.0,1.0,0.16666666666666666,1.0,0.16666666666666666,0.25,0.25,1,0,1.0,1.0,0.08333333333333333,1.0,0.08333333333333333,0.25,0.25,1.0,1.0
blip2_qa,466256,dining,0.5164,3,3,2,0,1.0,1.0,0.6666666666666666,1.0,0.6666666666666666,0.6666666666666666,0.6666666666666666,2,0,1.0,1.0,0.3333333333333333,1.0,0.3333333333333333,0.6666666666666666,0.6666666666666666,2,0,1.0,1.0,0.16666666666666666,1.0,0.16666666666666666,0.6666666666666666,0.6666666666666666,1.0,1.0
blip2_qa,467315,dining,0.6013,4,4,2,0,1.0,1.0,0.6666666666666666,1.0,0.6666666666666666,0.5,0.75,2,0,1.0,1.0,0.3333333333333333,1.0,0.3333333333333333,0.5,0.75,2,0,1.0,1.0,0.16666666666666666,1.0,0.16666666666666666,0.5,0.75,1.0,1.0
blip2_qa,468422,kitchen,0.4256,3,5,2,0,1.0,1.0,0.6666666666666666,1.0,0.6666666666666666,0.4,0.4,2,0,1.0,1.0,0.3333333333333333,1.0,0.3333333333333333,0.4,0.4,2,0,1.0,1.0,0.16666666666666666,1.0,0.16666666666666666,0.4,0.4,1.0,1.0
blip2_qa,468505,dining,0.4696,3,7,2,0,1.0,1.0,0.6666666666666666,1.0,0.3333333333333333,0.14285714285714285,0.2857142857142857,2,0,1.0,1.0,0.3333333333333333,1.0,0.16666666666666666,0.14285714285714285,0.2857142857142857,2,0,1.0,1.0,0.16666666666666666,1.0,0.08333333333333333,0.14285714285714285,0.2857142857142857,1.0,1.0
blip2_qa,468659,living room,0.4277,2,3,2,0,1.0,1.0,0.6666666666666666,1.0,0.6666666666666666,0.0,0.0,2,0,1.0,1.0,0.3333333333333333,1.0,0.3333333333333333,0.0,0.0,2,0,1.0,1.0,0.16666666666666666,1.0,0.16666666666666666,0.0,0.0,1.0,1.0
blip2_qa,469795,bathroom,0.537,3,7,2,0,1.0,1.0,0.6666666666666666,1.0,0.6666666666666666,0.2857142857142857,0.2857142857142857,2,0,1.0,1.0,0.3333333333333333,1.0,0.3333333333333333,0.2857142857142857,0.2857142857142857,2,0,1.0,1.0,0.16666666666666666,1.0,0.16666666666666666,0.2857142857142857,0.2857142857142857,1.0,1.0
blip2_qa,469902,bedroom,0.3898,2,3,2,0,1.0,1.0,0.6666666666666666,1.0,0.6666666666666666,0.6666666666666666,0.6666666666666666,2,0,1.0,1.0,0.3333333333333333,1.0,0.3333333333333333,0.6666666666666666,0.6666666666666666,2,0,1.0,1.0,0.16666666666666666,1.0,0.16666666666666666,0.6666666666666666,0.6666666666666666,1.0,1.0
blip2_qa,472046,kitchen,0.6963,3,10,0,0,,,0.0,,0.0,0.0,0.0,0,0,,,0.0,,0.0,0.0,0.0,0,0,,,0.0,,0.0,0.0,0.0,0.0,0.0
blip2_qa,473294,bedroom,0.3932,3,6,2,0,1.0,1.0,0.6666666666666666,1.0,0.3333333333333333,0.3333333333333333,0.3333333333333333,2,0,1.0,1.0,0.3333333333333333,1.0,0.16666666666666666,0.3333333333333333,0.3333333333333333,2,0,1.0,1.0,0.16666666666666666,1.0,0.08333333333333333,0.3333333333333333,0.3333333333333333,1.0,1.0
blip2_qa,473821,living room,0.6403,5,8,2,0,1.0,1.0,0.6666666666666666,,0.0,0.25,0.5,3,0,1.0,1.0,0.5,1.0,0.16666666666666666,0.375,0.625,3,0,1.0,1.0,0.25,1.0,0.08333333333333333,0.375,0.625,1.0,1.0
blip2_qa,479360,bedroom,0.5507,4,5,2,0,1.0,1.0,0.6666666666666666,1.0,0.3333333333333333,0.4,0.4,3,0,1.0,1.0,0.5,1.0,0.16666666666666666,0.4,0.4,3,0,1.0,1.0,0.25,1.0,0.08333333333333333,0.4,0.4,1.0,1.0
blip2_qa,480712,bedroom,0.5785,4,6,3,0,1.0,1.0,1.0,1.0,0.6666666666666666,0.5,0.5,3,0,1.0,1.0,0.5,1.0,0.3333333333333333,0.5,0.5,3,0,1.0,1.0,0.25,1.0,0.16666666666666666,0.5,0.5,1.0,1.0
blip2_qa,481819,living room,0.5816,3,8,2,0,1.0,1.0,0.6666666666666666,1.0,0.3333333333333333,0.0,0.0,2,0,1.0,1.0,0.3333333333333333,1.0,0.16666666666666666,0.0,0.0,2,0,1.0,1.0,0.16666666666666666,1.0,0.08333333333333333,0.0,0.0,1.0,1.0
blip2_qa,485628,bathroom,0.4346,4,3,3,0,1.0,1.0,1.0,1.0,1.0,1.0,1.0,3,0,1.0,1.0,0.5,1.0,0.5,1.0,1.0,3,0,1.0,1.0,0.25,1.0,0.25,1.0,1.0,1.0,1.0
blip2_qa,487583,bathroom,0.3472,2,3,1,0,1.0,1.0,0.3333333333333333,1.0,0.3333333333333333,0.3333333333333333,0.6666666666666666,1,0,1.0,1.0,0.16666666666666666,1.0,0.16666666666666666,0.3333333333333333,0.6666666666666666,1,0,1.0,1.0,0.08333333333333333,1.0,0.08333333333333333,0.3333333333333333,0.6666666666666666,1.0,1.0
blip2_qa,490505,kitchen,0.3308,2,4,0,0,,,0.0,,0.0,0.0,0.0,0,0,,,0.0,,0.0,0.0,0.0,0,0,,,0.0,,0.0,0.0,0.0,0.0,0.0
blip2_qa,491063,bathroom,0.5108,3,5,2,0,1.0,1.0,0.6666666666666666,1.0,0.3333333333333333,0.4,0.4,2,0,1.0,1.0,0.3333333333333333,1.0,0.16666666666666666,0.4,0.4,2,0,1.0,1.0,0.16666666666666666,1.0,0.08333333333333333,0.4,0.4,1.0,1.0
blip2_qa,491216,kitchen,0.4852,4,7,2,0,1.0,1.0,0.6666666666666666,,0.0,0.2857142857142857,0.2857142857142857,3,0,1.0,1.0,0.5,1.0,0.16666666666666666,0.42857142857142855,0.42857142857142855,3,0,1.0,1.0,0.25,1.0,0.08333333333333333,0.42857142857142855,0.42857142857142855,1.0,1.0
blip2_qa,491497,living room,0.5168,3,5,2,0,1.0,1.0,0.6666666666666666,1.0,0.3333333333333333,0.4,0.4,2,0,1.0,1.0,0.3333333333333333,1.0,0.16666666666666666,0.4,0.4,2,0,1.0,1.0,0.16666666666666666,1.0,0.08333333333333333,0.4,0.4,1.0,1.0
blip2_qa,491742,bathroom,0.4843,3,3,3,0,1.0,1.0,1.0,1.0,1.0,1.0,1.0,3,0,1.0,1.0,0.5,1.0,0.5,1.0,1.0,3,0,1.0,1.0,0.25,1.0,0.25,1.0,1.0,1.0,1.0
blip2_qa,492183,kitchen,0.5631,2,5,2,0,1.0,1.0,0.6666666666666666,1.0,0.3333333333333333,0.4,0.4,2,0,1.0,1.0,0.3333333333333333,1.0,0.16666666666666666,0.4,0.4,2,0,1.0,1.0,0.16666666666666666,1.0,0.08333333333333333,0.4,0.4,1.0,1.0
blip2_qa,492719,bathroom,0.5304,3,3,3,0,1.0,1.0,1.0,1.0,1.0,1.0,1.0,3,0,1.0,1.0,0.5,1.0,0.5,1.0,1.0,3,0,1.0,1.0,0.25,1.0,0.25,1.0,1.0,1.0,1.0
blip2_qa,492810,kitchen,0.3469,2,5,2,0,1.0,1.0,0.6666666666666666,1.0,0.3333333333333333,0.4,0.4,2,0,1.0,1.0,0.3333333333333333,1.0,0.16666666666666666,0.4,0.4,2,0,1.0,1.0,0.16666666666666666,1.0,0.08333333333333333,0.4,0.4,1.0,1.0
blip2_qa,493114,living room,0.3966,3,4,1,0,1.0,1.0,0.3333333333333333,1.0,0.3333333333333333,0.25,0.25,1,0,1.0,1.0,0.16666666666666666,1.0,0.16666666666666666,0.25,0.25,1,0,1.0,1.0,0.08333333333333333,1.0,0.08333333333333333,0.25,0.25,1.0,1.0
blip2_qa,497626,bedroom,0.445,3,3,1,0,1.0,1.0,0.3333333333333333,1.0,0.3333333333333333,0.3333333333333333,0.3333333333333333,1,0,1.0,1.0,0.16666666666666666,1.0,0.16666666666666666,0.3333333333333333,0.3333333333333333,1,0,1.0,1.0,0.08333333333333333,1.0,0.08333333333333333,0.3333333333333333,0.3333333333333333,1.0,1.0
blip2_qa,503697,living room,0.5092,3,7,3,0,1.0,1.0,1.0,1.0,1.0,0.42857142857142855,0.42857142857142855,3,0,1.0,1.0,0.5,1.0,0.5,0.42857142857142855,0.42857142857142855,3,0,1.0,1.0,0.25,1.0,0.25,0.42857142857142855,0.42857142857142855,1.0,1.0
blip2_qa,504493,bathroom,0.5117,3,4,3,0,1.0,1.0,1.0,1.0,1.0,0.75,0.75,3,0,1.0,1.0,0.5,1.0,0.5,0.75,0.75,3,0,1.0,1.0,0.25,1.0,0.25,0.75,0.75,1.0,1.0
blip2_qa,505086,bedroom,0.484,3,5,2,0,1.0,1.0,0.6666666666666666,1.0,0.6666666666666666,0.4,0.4,2,0,1.0,1.0,0.3333333333333333,1.0,0.3333333333333333,0.4,0.4,2,0,1.0,1.0,0.16666666666666666,1.0,0.16666666666666666,0.4,0.4,1.0,1.0
blip2_qa,508899,living room,0.4839,3,5,2,1,0.6666666666666666,0.6666666666666666,1.0,1.0,0.6666666666666666,0.4,0.4,2,1,0.6666666666666666,0.6666666666666666,0.5,1.0,0.3333333333333333,0.4,0.4,2,1,0.6666666666666666,0.6666666666666666,0.25,1.0,0.16666666666666666,0.4,0.4,1.0,1.0
blip2_qa,510852,bathroom,0.6701,4,3,0,2,0.0,0.0,0.6666666666666666,,0.0,0.0,0.0,0,2,0.0,0.0,0.3333333333333333,,0.0,0.0,0.0,0,2,0.0,0.0,0.16666666666666666,,0.0,0.0,0.0,0.0,0.0
blip2_qa,511430,kitchen,0.692,4,8,3,0,1.0,1.0,1.0,1.0,0.6666666666666666,0.375,0.375,3,0,1.0,1.0,0.5,1.0,0.3333333333333333,0.375,0.375,3,0,1.0,1.0,0.25,1.0,0.16666666666666666,0.375,0.375,1.0,1.0
blip2_qa,513138,living room,0.4086,2,6,1,0,1.0,1.0,0.3333333333333333,1.0,0.3333333333333333,0.16666666666666666,0.16666666666666666,1,0,1.0,1.0,0.16666666666666666,1.0,0.16666666666666666,0.16666666666666666,0.16666666666666666,1,0,1.0,1.0,0.08333333333333333,1.0,0.08333333333333333,0.16666666666666666,0.16666666666666666,1.0,1.0
blip2_qa,514914,bathroom,0.5039,4,5,2,0,1.0,1.0,0.6666666666666666,1.0,0.6666666666666666,0.4,0.4,3,0,1.0,1.0,0.5,1.0,0.5,0.6,0.6,3,0,1.0,1.0,0.25,1.0,0.25,0.6,0.6,1.0,1.0
blip2_qa,516856,dining,0.2767,2,8,2,0,1.0,1.0,0.6666666666666666,,0.0,0.125,0.125,2,0,1.0,1.0,0.3333333333333333,,0.0,0.125,0.125,2,0,1.0,1.0,0.16666666666666666,,0.0,0.125,0.125,1.0,1.0
blip2_qa,523978,bathroom,0.9767,7,7,3,0,1.0,1.0,1.0,1.0,1.0,0.42857142857142855,0.42857142857142855,3,0,1.0,1.0,0.5,1.0,0.5,0.42857142857142855,0.42857142857142855,3,0,1.0,1.0,0.25,1.0,0.25,0.42857142857142855,0.42857142857142855,1.0,1.0
blip2_qa,529069,bathroom,0.4911,3,4,2,0,1.0,1.0,0.6666666666666666,1.0,0.3333333333333333,0.5,0.5,2,0,1.0,1.0,0.3333333333333333,1.0,0.16666666666666666,0.5,0.5,2,0,1.0,1.0,0.16666666666666666,1.0,0.08333333333333333,0.5,0.5,1.0,1.0
blip2_qa,530229,living room,0.7058,5,5,2,0,1.0,1.0,0.6666666666666666,1.0,0.3333333333333333,0.4,0.4,3,0,1.0,1.0,0.5,1.0,0.3333333333333333,0.6,0.6,3,0,1.0,1.0,0.25,1.0,0.16666666666666666,0.6,0.6,1.0,1.0
blip2_qa,530836,kitchen,0.7261,6,9,2,0,1.0,1.0,0.6666666666666666,1.0,0.3333333333333333,0.2222222222222222,0.2222222222222222,2,1,0.6666666666666666,0.6666666666666666,0.5,1.0,0.16666666666666666,0.2222222222222222,0.2222222222222222,2,1,0.6666666666666666,0.6666666666666666,0.25,1.0,0.08333333333333333,0.2222222222222222,0.2222222222222222,1.0,1.0
blip2_qa,530933,bathroom,0.489,3,4,2,0,1.0,1.0,0.6666666666666666,1.0,0.3333333333333333,0.5,0.5,2,0,1.0,1.0,0.3333333333333333,1.0,0.16666666666666666,0.5,0.5,2,0,1.0,1.0,0.16666666666666666,1.0,0.08333333333333333,0.5,0.5,1.0,1.0
blip2_qa,531441,dining,0.2753,1,4,1,0,1.0,1.0,0.3333333333333333,,0.0,0.0,0.0,1,0,1.0,1.0,0.16666666666666666,,0.0,0.0,0.0,1,0,1.0,1.0,0.08333333333333333,,0.0,0.0,0.0,1.0,1.0
blip2_qa,531852,living room,0.576,4,3,1,0,1.0,1.0,0.3333333333333333,1.0,0.3333333333333333,0.3333333333333333,0.3333333333333333,1,0,1.0,1.0,0.16666666666666666,1.0,0.16666666666666666,0.3333333333333333,0.3333333333333333,1,0,1.0,1.0,0.08333333333333333,1.0,0.08333333333333333,0.3333333333333333,0.3333333333333333,1.0,1.0
blip2_qa,533255,kitchen,0.3923,2,3,1,0,1.0,1.0,0.3333333333333333,1.0,0.3333333333333333,0.3333333333333333,0.3333333333333333,1,0,1.0,1.0,0.16666666666666666,1.0,0.16666666666666666,0.3333333333333333,0.3333333333333333,1,0,1.0,1.0,0.08333333333333333,1.0,0.08333333333333333,0.3333333333333333,0.3333333333333333,1.0,1.0
blip2_qa,534456,living room,0.4894,2,5,2,0,1.0,1.0,0.6666666666666666,1.0,0.3333333333333333,0.2,0.2,2,0,1.0,1.0,0.3333333333333333,1.0,0.16666666666666666,0.2,0.2,2,0,1.0,1.0,0.16666666666666666,1.0,0.08333333333333333,0.2,0.2,1.0,1.0
blip2_qa,536947,kitchen,0.3942,1,4,1,0,1.0,1.0,0.3333333333333333,1.0,0.3333333333333333,0.25,0.25,1,0,1.0,1.0,0.16666666666666666,1.0,0.16666666666666666,0.25,0.25,1,0,1.0,1.0,0.08333333333333333,1.0,0.08333333333333333,0.25,0.25,1.0,1.0
blip2_qa,537944,dining,0.3379,2,7,0,0,,1.0,0.0,,0.0,0.0,0.14285714285714285,0,0,,1.0,0.0,,0.0,0.0,0.14285714285714285,0,0,,1.0,0.0,,0.0,0.0,0.14285714285714285,0.0,1.0
blip2_qa,541332,bathroom,0.5378,3,3,3,0,1.0,1.0,1.0,1.0,1.0,1.0,1.0,3,0,1.0,1.0,0.5,1.0,0.5,1.0,1.0,3,0,1.0,1.0,0.25,1.0,0.25,1.0,1.0,1.0,1.0
blip2_qa,541634,dining,0.3982,2,6,1,0,1.0,1.0,0.3333333333333333,,0.0,0.16666666666666666,0.16666666666666666,1,0,1.0,1.0,0.16666666666666666,,0.0,0.16666666666666666,0.16666666666666666,1,0,1.0,1.0,0.08333333333333333,,0.0,0.16666666666666666,0.16666666666666666,1.0,1.0
blip2_qa,546219,dining,0.3996,2,9,0,0,,1.0,0.0,,0.0,0.0,0.1111111111111111,0,0,,1.0,0.0,,0.0,0.0,0.1111111111111111,0,0,,1.0,0.0,,0.0,0.0,0.1111111111111111,0.0,1.0
blip2_qa,546964,living room,0.4581,4,6,0,0,,,0.0,,0.0,0.0,0.0,0,0,,,0.0,,0.0,0.0,0.0,0,0,,,0.0,,0.0,0.0,0.0,0.0,0.0
blip2_qa,547742,living room,0.4611,3,4,2,0,1.0,1.0,0.6666666666666666,1.0,0.6666666666666666,0.5,0.5,2,0,1.0,1.0,0.3333333333333333,1.0,0.3333333333333333,0.5,0.5,2,0,1.0,1.0,0.16666666666666666,1.0,0.16666666666666666,0.5,0.5,1.0,1.0
blip2_qa,554658,kitchen,0.5735,4,3,2,0,1.0,1.0,0.6666666666666666,1.0,0.6666666666666666,0.6666666666666666,0.6666666666666666,2,1,0.6666666666666666,0.6666666666666666,0.5,1.0,0.3333333333333333,0.6666666666666666,0.6666666666666666,2,1,0.6666666666666666,0.6666666666666666,0.25,1.0,0.16666666666666666,0.6666666666666666,0.6666666666666666,1.0,1.0
blip2_qa,554809,bathroom,0.4074,3,3,3,0,1.0,1.0,1.0,1.0,1.0,1.0,1.0,3,0,1.0,1.0,0.5,1.0,0.5,1.0,1.0,3,0,1.0,1.0,0.25,1.0,0.25,1.0,1.0,1.0,1.0
blip2_qa,556633,bathroom,0.4999,3,7,2,0,1.0,1.0,0.6666666666666666,1.0,0.3333333333333333,0.2857142857142857,0.2857142857142857,2,0,1.0,1.0,0.3333333333333333,1.0,0.16666666666666666,0.2857142857142857,0.2857142857142857,2,0,1.0,1.0,0.16666666666666666,1.0,0.08333333333333333,0.2857142857142857,0.2857142857142857,1.0,1.0
blip2_qa,557172,bathroom,0.5159,3,7,2,0,1.0,1.0,0.6666666666666666,1.0,0.6666666666666666,0.2857142857142857,0.2857142857142857,2,0,1.0,1.0,0.3333333333333333,1.0,0.3333333333333333,0.2857142857142857,0.2857142857142857,2,0,1.0,1.0,0.16666666666666666,1.0,0.16666666666666666,0.2857142857142857,0.2857142857142857,1.0,1.0
blip2_qa,559550,dining,0.2767,2,9,1,0,1.0,1.0,0.3333333333333333,,0.0,0.0,0.1111111111111111,1,0,1.0,1.0,0.16666666666666666,,0.0,0.0,0.1111111111111111,1,0,1.0,1.0,0.08333333333333333,,0.0,0.0,0.1111111111111111,1.0,1.0
blip2_qa,567825,dining,0.548,3,4,1,0,1.0,1.0,0.3333333333333333,1.0,0.3333333333333333,0.25,0.25,1,0,1.0,1.0,0.16666666666666666,1.0,0.16666666666666666,0.25,0.25,1,0,1.0,1.0,0.08333333333333333,1.0,0.08333333333333333,0.25,0.25,1.0,1.0
blip2_qa,571764,kitchen,0.536,2,9,1,0,1.0,1.0,0.3333333333333333,,0.0,0.0,0.0,1,0,1.0,1.0,0.16666666666666666,,0.0,0.0,0.0,1,0,1.0,1.0,0.08333333333333333,,0.0,0.0,0.0,1.0,1.0
blip2_qa,574940,living room,0.6998,6,8,2,0,1.0,1.0,0.6666666666666666,1.0,0.3333333333333333,0.25,0.25,3,0,1.0,1.0,0.5,1.0,0.3333333333333333,0.375,0.375,3,0,1.0,1.0,0.25,1.0,0.16666666666666666,0.375,0.375,1.0,1.0
blip2_qa,577507,kitchen,0.6366,5,5,1,1,0.5,0.5,0.6666666666666666,,0.0,0.2,0.2,2,1,0.6666666666666666,0.6666666666666666,0.5,,0.0,0.4,0.4,2,1,0.6666666666666666,0.6666666666666666,0.25,,0.0,0.4,0.4,1.0,1.0
blip2_qa,578489,living room,0.5926,4,4,1,1,0.5,0.5,0.6666666666666666,1.0,0.3333333333333333,0.25,0.25,1,1,0.5,0.5,0.3333333333333333,1.0,0.16666666666666666,0.25,0.25,1,1,0.5,0.5,0.16666666666666666,1.0,0.08333333333333333,0.25,0.25,1.0,1.0
blip2_qa,578871,dining,0.2186,1,6,0,0,,,0.0,,0.0,0.0,0.0,0,0,,,0.0,,0.0,0.0,0.0,0,0,,,0.0,,0.0,0.0,0.0,0.0,0.0
blip2_qa,580026,dining,0.5207,3,5,1,0,1.0,1.0,0.3333333333333333,1.0,0.3333333333333333,0.0,0.2,1,0,1.0,1.0,0.16666666666666666,1.0,0.16666666666666666,0.0,0.2,1,0,1.0,1.0,0.08333333333333333,1.0,0.08333333333333333,0.0,0.2,1.0,1.0
clip,5335,bathroom,0.0649,12,6,1,1,0.5,0.5,0.6666666666666666,1.0,0.3333333333333333,0.16666666666666666,0.16666666666666666,1,3,0.25,0.25,0.6666666666666666,1.0,0.16666666666666666,0.16666666666666666,0.16666666666666666,1,3,0.25,0.25,0.3333333333333333,1.0,0.08333333333333333,0.16666666666666666,0.16666666666666666,1.0,1.0
clip,7574,kitchen,0.0698,12,8,2,1,0.6666666666666666,0.6666666666666666,1.0,1.0,0.6666666666666666,0.25,0.25,3,1,0.75,0.75,0.6666666666666666,1.0,0.3333333333333333,0.375,0.375,3,1,0.75,0.75,0.3333333333333333,1.0,0.16666666666666666,0.375,0.375,1.0,1.0
clip,12873,bathroom,0.0641,12,3,3,0,1.0,1.0,1.0,1.0,1.0,1.0,1.0,3,0,1.0,1.0,0.5,1.0,0.5,1.0,1.0,3,1,0.75,0.75,0.3333333333333333,1.0,0.25,1.0,1.0,1.0,1.0
clip,14635,kitchen,0.0697,12,8,0,1,0.0,0.0,0.3333333333333333,,0.0,0.0,0.0,0,1,0.0,0.0,0.16666666666666666,,0.0,0.0,0.0,0,2,0.0,0.0,0.16666666666666666,,0.0,0.0,0.0,0.0,0.0
clip,16958,living room,0.0707,12,5,1,0,1.0,1.0,0.3333333333333333,1.0,0.3333333333333333,0.2,0.2,2,2,0.5,0.75,0.6666666666666666,1.0,0.3333333333333333,0.4,0.4,4,3,0.5714285714285714,0.75,0.5833333333333334,1.0,0.3333333333333333,0.8,0.8,1.0,1.0
clip,17580,kitchen,0.0691,12,5,1,0,1.0,1.0,0.3333333333333333,1.0,0.3333333333333333,0.2,0.2,1,1,0.5,0.5,0.3333333333333333,1.0,0.16666666666666666,0.2,0.2,2,2,0.5,0.5,0.3333333333333333,1.0,0.16666666666666666,0.4,0.4,1.0,1.0
clip,23258,dining,0.0709,12,5,2,0,1.0,1.0,0.6666666666666666,1.0,0.6666666666666666,0.4,0.4,3,0,1.0,1.0,0.5,1.0,0.3333333333333333,0.6,0.6,3,0,1.0,1.0,0.25,1.0,0.16666666666666666,0.6,0.6,1.0,1.0
clip,28903,bathroom,0.0677,12,6,3,0,1.0,1.0,1.0,1.0,0.6666666666666666,0.5,0.5,4,0,1.0,1.0,0.6666666666666666,1.0,0.3333333333333333,0.6666666666666666,0.6666666666666666,5,3,0.625,0.625,0.6666666666666666,0.75,0.3333333333333333,0.8333333333333334,0.8333333333333334,1.0,1.0
clip,29288,living room,0.0711,12,6,1,0,1.0,1.0,0.3333333333333333,1.0,0.3333333333333333,0.16666666666666666,0.16666666666666666,2,1,0.6666666666666666,0.6666666666666666,0.5,1.0,0.3333333333333333,0.3333333333333333,0.5,3,2,0.6,0.6,0.4166666666666667,1.0,0.25,0.5,0.5,1.0,1.0
clip,31296,dining,0.0703,12,7,1,0,1.0,1.0,0.3333333333333333,1.0,0.3333333333333333,0.14285714285714285,0.14285714285714285,1,0,1.0,1.0,0.16666666666666666,1.0,0.16666666666666666,0.14285714285714285,0.14285714285714285,1,0,1.0,1.0,0.08333333333333333,1.0,0.08333333333333333,0.14285714285714285,0.14285714285714285,1.0,1.0
clip,33909,bathroom,0.0668,12,3,2,1,0.6666666666666666,0.6666666666666666,1.0,1.0,0.6666666666666666,0.6666666666666666,0.6666666666666666,2,1,0.6666666666666666,0.6666666666666666,0.5,1.0,0.3333333333333333,0.6666666666666666,0.6666666666666666,2,4,0.3333333333333333,0.3333333333333333,0.5,0.6666666666666666,0.25,0.6666666666666666,0.6666666666666666,1.0,1.0
clip,34524,bedroom,0.0688,12,3,1,0,1.0,1.0,0.3333333333333333,1.0,0.3333333333333333,0.3333333333333333,0.6666666666666666,1,1,0.5,0.6666666666666666,0.3333333333333333,1.0,0.16666666666666666,0.3333333333333333,0.6666666666666666,2,1,0.6666666666666666,0.75,0.25,1.0,0.16666666666666666,0.6666666666666666,0.6666666666666666,1.0,1.0
clip,35664,bedroom,0.069,12,7,1,0,1.0,1.0,0.3333333333333333,1.0,0.3333333333333333,0.14285714285714285,0.14285714285714285,1,0,1.0,1.0,0.16666666666666666,1.0,0.16666666666666666,0.14285714285714285,0.14285714285714285,2,1,0.6666666666666666,0.6666666666666666,0.25,1.0,0.16666666666666666,0.2857142857142857,0.2857142857142857,1.0,1.0
clip,36494,dining,0.0703,12,8,2,0,1.0,1.0,0.6666666666666666,1.0,0.6666666666666666,0.25,0.25,2,1,0.6666666666666666,0.8,0.5,1.0,0.3333333333333333,0.25,0.25,2,2,0.5,0.7142857142857143,0.3333333333333333,1.0,0.16666666666666666,0.25,0.25,1.0,1.0
clip,36844,kitchen,0.0706,12,10,1,0,1.0,1.0,0.3333333333333333,1.0,0.3333333333333333,0.1,0.1,2,1,0.6666666666666666,1.0,0.5,1.0,0.3333333333333333,0.2,0.2,4,2,0.6666666666666666,0.8333333333333334,0.5,1.0,0.3333333333333333,0.4,0.4,1.0,1.0
clip,36936,living room,0.07,12,10,2,0,1.0,1.0,0.6666666666666666,1.0,0.6666666666666666,0.2,0.2,4,0,1.0,1.0,0.6666666666666666,1.0,0.6666666666666666,0.4,0.4,4,3,0.5714285714285714,0.75,0.5833333333333334,1.0,0.3333333333333333,0.4,0.4,1.0,1.0
clip,43944,dining,0.0713,12,4,2,0,1.0,1.0,0.6666666666666666,1.0,0.6666666666666666,0.5,0.5,3,0,1.0,1.0,0.5,1.0,0.5,0.75,0.75,3,1,0.75,0.8,0.3333333333333333,1.0,0.25,0.75,0.75,1.0,1.0
clip,45404,bedroom,0.0685,12,4,2,0,1.0,1.0,0.6666666666666666,1.0,0.6666666666666666,0.5,0.75,2,0,1.0,1.0,0.3333333333333333,1.0,0.3333333333333333,0.5,0.75,3,0,1.0,1.0,0.25,1.0,0.25,0.75,1.0,1.0,1.0
clip,46029,bedroom,0.0675,12,4,1,0,1.0,1.0,0.3333333333333333,1.0,0.3333333333333333,0.25,0.5,3,0,1.0,1.0,0.5,1.0,0.5,0.75,0.75,3,0,1.0,1.0,0.25,1.0,0.25,0.75,0.75,1.0,1.0
clip,49984,bathroom,0.0692,12,5,2,0,1.0,1.0,0.6666666666666666,1.0,0.3333333333333333,0.4,0.4,2,0,1.0,1.0,0.3333333333333333,1.0,0.16666666666666666,0.4,0.4,2,0,1.0,1.0,0.16666666666666666,1.0,0.08333333333333333,0.4,0.6,1.0,1.0
clip,53328,living room,0.0705,12,4,1,1,0.5,0.5,0.6666666666666666,,0.0,0.25,0.25,1,1,0.5,0.5,0.3333333333333333,,0.0,0.25,0.25,2,1,0.6666666666666666,0.6666666666666666,0.25,1.0,0.08333333333333333,0.5,0.5,1.0,1.0
clip,53457,bedroom,0.0707,12,4,2,0,1.0,1.0,0.6666666666666666,1.0,0.6666666666666666,0.5,0.5,2,1,0.6666666666666666,0.6666666666666666,0.5,1.0,0.3333333333333333,0.5,0.5,2,3,0.4,0.4,0.4166666666666667,1.0,0.16666666666666666,0.5,0.5,1.0,1.0
clip,54318,bedroom,0.0671,12,7,1,0,1.0,1.0,0.3333333333333333,1.0,0.3333333333333333,0.14285714285714285,0.14285714285714285,1,0,1.0,1.0,0.16666666666666666,1.0,0.16666666666666666,0.14285714285714285,0.42857142857142855,2,0,1.0,1.0,0.16666666666666666,1.0,0.16666666666666666,0.2857142857142857,0.5714285714285714,1.0,1.0
clip,61773,kitchen,0.0727,12,7,2,0,1.0,1.0,0.6666666666666666,1.0,0.6666666666666666,0.2857142857142857,0.2857142857142857,2,2,0.5,0.5,0.6666666666666666,1.0,0.3333333333333333,0.2857142857142857,0.2857142857142857,3,4,0.42857142857142855,0.42857142857142855,0.5833333333333334,1.0,0.25,0.42857142857142855,0.42857142857142855,1.0,1.0
clip,61925,bedroom,0.0678,12,7,1,0,1.0,1.0,0.3333333333333333,1.0,0.3333333333333333,0.14285714285714285,0.2857142857142857,2,0,1.0,1.0,0.3333333333333333,1.0,0.3333333333333333,0.2857142857142857,0.2857142857142857,3,2,0.6,0.75,0.4166666666666667,1.0,0.25,0.42857142857142855,0.42857142857142855,1.0,1.0
clip,63081,living room,0.0688,12,8,1,0,1.0,1.0,0.3333333333333333,1.0,0.3333333333333333,0.125,0.125,2,0,1.0,1.0,0.3333333333333333,1.0,0.3333333333333333,0.25,0.25,4,1,0.8,1.0,0.4166666666666667,1.0,0.3333333333333333,0.5,0.5,1.0,1.0
clip,63865,dining,0.0699,12,7,2,0,1.0,1.0,0.6666666666666666,1.0,0.3333333333333333,0.2857142857142857,0.2857142857142857,2,1,0.6666666666666666,0.75,0.5,1.0,0.16666666666666666,0.2857142857142857,0.2857142857142857,2,4,0.3333333333333333,0.42857142857142855,0.5,1.0,0.08333333333333333,0.2857142857142857,0.2857142857142857,1.0,1.0
clip,65884,living room,0.0754,12,9,2,0,1.0,1.0,0.6666666666666666,1.0,0.3333333333333333,0.2222222222222222,0.2222222222222222,3,0,1.0,1.0,0.5,1.0,0.3333333333333333,0.3333333333333333,0.4444444444444444,5,1,0.8333333333333334,0.8333333333333334,0.5,1.0,0.25,0.5555555555555556,0.6666666666666666,1.0,1.0
clip,67647,kitchen,0.0681,12,10,1,0,1.0,1.0,0.3333333333333333,,0.0,0.1,0.1,2,0,1.0,1.0,0.3333333333333333,1.0,0.16666666666666666,0.2,0.2,3,1,0.75,0.75,0.3333333333333333,1.0,0.08333333333333333,0.3,0.3,1.0,1.0
clip,68260,kitchen,0.0681,12,4,2,1,0.6666666666666666,0.6666666666666666,1.0,1.0,0.6666666666666666,0.5,0.5,3,1,0.75,0.75,0.6666666666666666,1.0,0.5,0.75,0.75,3,3,0.5,0.5,0.5,1.0,0.25,0.75,0.75,1.0,1.0
clip,68286,bedroom,0.0668,12,5,2,0,1.0,1.0,0.6666666666666666,1.0,0.6666666666666666,0.4,0.6,3,0,1.0,1.0,0.5,1.0,0.5,0.6,0.6,3,1,0.75,0.8571428571428571,0.3333333333333333,1.0,0.25,0.6,0.6,1.0,1.0
clip,72961,bedroom,0.07,12,7,2,1,0.6666666666666666,0.6666666666666666,1.0,1.0,0.6666666666666666,0.2857142857142857,0.2857142857142857,2,2,0.5,0.5,0.6666666666666666,1.0,0.3333333333333333,0.2857142857142857,0.2857142857142857,4,3,0.5714285714285714,0.625,0.5833333333333334,1.0,0.3333333333333333,0.5714285714285714,0.5714285714285714,1.0,1.0
clip,73326,kitchen,0.0691,12,4,1,1,0.5,0.5,0.6666666666666666,1.0,0.3333333333333333,0.25,0.25,1,3,0.25,0.25,0.6666666666666666,1.0,0.16666666666666666,0.25,0.25,2,3,0.4,0.4,0.4166666666666667,1.0,0.16666666666666666,0.5,0.5,1.0,1.0
clip,74357,kitchen,0.0713,12,8,1,0,1.0,1.0,0.3333333333333333,1.0,0.3333333333333333,0.125,0.125,1,1,0.5,0.5,0.3333333333333333,1.0,0.16666666666666666,0.125,0.125,1,2,0.3333333333333333,0.6,0.25,1.0,0.08333333333333333,0.125,0.25,1.0,1.0
clip,75110,bedroom,0.0695,12,6,2,0,1.0,1.0,0.6666666666666666,1.0,0.6666666666666666,0.3333333333333333,0.5,2,0,1.0,1.0,0.3333333333333333,1.0,0.3333333333333333,0.3333333333333333,0.6666666666666666,4,0,1.0,1.0,0.3333333333333333,1.0,0.3333333333333333,0.6666666666666666,0.6666666666666666,1.0,1.0
clip,75811,bathroom,0.0633,12,3,1,0,1.0,1.0,0.3333333333333333,1.0,0.3333333333333333,0.3333333333333333,0.3333333333333333,2,1,0.6666666666666666,0.6666666666666666,0.5,1.0,0.3333333333333333,0.6666666666666666,0.6666666666666666,3,2,0.6,0.6,0.4166666666666667,1.0,0.25,1.0,1.0,1.0,1.0
clip,77177,living room,0.0708,12,3,1,0,1.0,1.0,0.3333333333333333,1.0,0.3333333333333333,0.3333333333333333,0.3333333333333333,2,1,0.6666666666666666,0.6666666666666666,0.5,1.0,0.3333333333333333,0.6666666666666666,0.6666666666666666,3,1,0.75,0.75,0.3333333333333333,1.0,0.25,1.0,1.0,1.0,1.0
clip,80369,kitchen,0.0706,12,8,2,0,1.0,1.0,0.6666666666666666,1.0,0.6666666666666666,0.25,0.25,2,0,1.0,1.0,0.3333333333333333,1.0,0.3333333333333333,0.25,0.25,3,1,0.75,0.75,0.3333333333333333,1.0,0.25,0.375,0.375,1.0,1.0
clip,84680,kitchen,0.0697,12,3,1,0,1.0,1.0,0.3333333333333333,1.0,0.3333333333333333,0.3333333333333333,0.3333333333333333,2,0,1.0,1.0,0.3333333333333333,1.0,0.3333333333333333,0.6666666666666666,0.6666666666666666,2,1,0.6666666666666666,0.8,0.25,1.0,0.16666666666666666,0.6666666666666666,0.6666666666666666,1.0,1.0
clip,88040,dining,0.0709,12,8,1,0,1.0,1.0,0.3333333333333333,1.0,0.3333333333333333,0.125,0.125,3,1,0.75,0.8,0.6666666666666666,1.0,0.3333333333333333,0.375,0.375,4,4,0.5,0.6,0.6666666666666666,1.0,0.25,0.5,0.5,1.0,1.0
clip,98085,dining,0.0703,12,3,1,2,0.3333333333333333,0.3333333333333333,1.0,0.5,0.6666666666666666,0.3333333333333333,0.3333333333333333,2,4,0.3333333333333333,0.3333333333333333,1.0,0.6666666666666666,0.5,0.6666666666666666,0.6666666666666666,2,4,0.3333333333333333,0.42857142857142855,0.5,0.6666666666666666,0.25,0.6666666666666666,0.6666666666666666,1.0,1.0
clip,101630,bathroom,0.0687,12,7,2,0,1.0,1.0,0.6666666666666666,1.0,0.6666666666666666,0.2857142857142857,0.2857142857142857,3,1,0.75,0.75,0.6666666666666666,1.0,0.5,0.42857142857142855,0.42857142857142855,4,4,0.5,0.5555555555555556,0.6666666666666666,0.8,0.4166666666666667,0.5714285714285714,0.5714285714285714,1.0,1.0
clip,101816,bathroom,0.0688,12,5,3,0,1.0,1.0,1.0,1.0,1.0,0.6,0.6,3,1,0.75,0.75,0.6666666666666666,1.0,0.5,0.6,0.6,3,1,0.75,0.8,0.3333333333333333,1.0,0.25,0.6,0.6,1.0,1.0
clip,102223,bedroom,0.0702,12,5,2,0,1.0,1.0,0.6666666666666666,1.0,0.3333333333333333,0.4,0.6,4,0,1.0,1.0,0.6666666666666666,1.0,0.5,0.8,0.8,5,1,0.8333333333333334,0.8888888888888888,0.5,1.0,0.25,1.0,1.0,1.0,1.0
clip,102320,bathroom,0.0679,12,5,3,0,1.0,1.0,1.0,1.0,0.6666666666666666,0.6,0.6,4,0,1.0,1.0,0.6666666666666666,1.0,0.5,0.8,0.8,5,1,0.8333333333333334,0.8333333333333334,0.5,1.0,0.3333333333333333,1.0,1.0,1.0,1.0
clip,102718,bathroom,0.0667,12,7,2,1,0.6666666666666666,0.6666666666666666,1.0,1.0,0.6666666666666666,0.2857142857142857,0.2857142857142857,3,1,0.75,0.75,0.6666666666666666,1.0,0.5,0.42857142857142855,0.42857142857142855,3,2,0.6,0.6,0.4166666666666667,1.0,0.25,0.42857142857142855,0.42857142857142855,1.0,1.0
clip,102841,bedroom,0.0688,12,4,2,0,1.0,1.0,0.6666666666666666,1.0,0.3333333333333333,0.5,0.5,3,0,1.0,1.0,0.5,1.0,0.3333333333333333,0.75,0.75,3,0,1.0,1.0,0.25,1.0,0.16666666666666666,0.75,0.75,1.0,1.0
clip,103119,kitchen,0.0697,12,4,2,0,1.0,1.0,0.6666666666666666,1.0,0.6666666666666666,0.5,0.5,2,1,0.6666666666666666,0.6666666666666666,0.5,1.0,0.3333333333333333,0.5,0.5,2,3,0.4,0.4,0.4166666666666667,1.0,0.16666666666666666,0.5,0.5,1.0,1.0
clip,106235,living room,0.0721,12,7,2,0,1.0,1.0,0.6666666666666666,1.0,0.3333333333333333,0.2857142857142857,0.2857142857142857,3,0,1.0,1.0,0.5,1.0,0.3333333333333333,0.42857142857142855,0.5714285714285714,4,1,0.8,0.875,0.4166666666666667,1.0,0.25,0.5714285714285714,0.5714285714285714,1.0,1.0
clip,110884,bathroom,0.0666,12,6,2,0,1.0,1.0,0.6666666666666666,1.0,0.6666666666666666,0.3333333333333333,0.3333333333333333,3,0,1.0,1.0,0.5,1.0,0.5,0.5,0.5,3,1,0.75,0.75,0.3333333333333333,1.0,0.25,0.5,0.5,1.0,1.0
clip,111951,bathroom,0.068,12,4,2,0,1.0,1.0,0.6666666666666666,1.0,0.6666666666666666,0.5,0.5,2,0,1.0,1.0,0.3333333333333333,1.0,0.3333333333333333,0.5,0.5,2,1,0.6666666666666666,0.6666666666666666,0.25,1.0,0.16666666666666666,0.5,0.5,1.0,1.0
clip,114108,dining,0.0699,12,7,2,0,1.0,1.0,0.6666666666666666,1.0,0.6666666666666666,0.2857142857142857,0.2857142857142857,2,1,0.6666666666666666,0.6666666666666666,0.5,1.0,0.3333333333333333,0.2857142857142857,0.2857142857142857,2,3,0.4,0.5,0.4166666666666667,1.0,0.16666666666666666,0.2857142857142857,0.2857142857142857,1.0,1.0
clip,116479,bedroom,0.0661,12,5,1,0,1.0,1.0,0.3333333333333333,1.0,0.3333333333333333,0.2,0.2,1,0,1.0,1.0,0.16666666666666666,1.0,0.16666666666666666,0.2,0.2,1,0,1.0,1.0,0.08333333333333333,1.0,0.08333333333333333,0.2,0.2,1.0,1.0
clip,117089,dining,0.0696,12,10,2,0,1.0,1.0,0.6666666666666666,1.0,0.6666666666666666,0.2,0.2,3,0,1.0,1.0,0.5,1.0,0.5,0.3,0.3,4,1,0.8,0.8333333333333334,0.4166666666666667,1.0,0.3333333333333333,0.4,0.4,1.0,1.0
clip,121904,kitchen,0.0724,12,9,2,0,1.0,1.0,0.6666666666666666,1.0,0.6666666666666666,0.2222222222222222,0.2222222222222222,2,0,1.0,1.0,0.3333333333333333,1.0,0.3333333333333333,0.2222222222222222,0.2222222222222222,3,1,0.75,0.75,0.3333333333333333,1.0,0.16666666666666666,0.3333333333333333,0.3333333333333333,1.0,1.0
clip,125955,bathroom,0.068,12,5,2,0,1.0,1.0,0.6666666666666666,1.0,0.6666666666666666,0.4,0.4,2,0,1.0,1.0,0.3333333333333333,1.0,0.3333333333333333,0.4,0.4,2,3,0.4,0.4,0.4166666666666667,1.0,0.16666666666666666,0.4,0.4,1.0,1.0
clip,127168,bedroom,0.0714,12,3,2,0,1.0,1.0,0.6666666666666666,1.0,0.6666666666666666,0.6666666666666666,0.6666666666666666,3,0,1.0,1.0,0.5,1.0,0.5,1.0,1.0,3,1,0.75,0.8,0.3333333333333333,1.0,0.25,1.0,1.0,1.0,1.0
clip,127394,dining,0.0598,12,9,2,0,1.0,1.0,0.6666666666666666,1.0,0.6666666666666666,0.2222222222222222,0.2222222222222222,2,0,1.0,1.0,0.3333333333333333,1.0,0.3333333333333333,0.2222222222222222,0.2222222222222222,3,2,0.6,0.7142857142857143,0.4166666666666667,1.0,0.16666666666666666,0.3333333333333333,0.3333333333333333,1.0,1.0
clip,129322,bathroom,0.0682,12,3,3,0,1.0,1.0,1.0,1.0,1.0,1.0,1.0,3,2,0.6,0.6,0.8333333333333334,1.0,0.5,1.0,1.0,3,3,0.5,0.5,0.5,1.0,0.25,1.0,1.0,1.0,1.0
clip,129980,living room,0.069,12,8,2,0,1.0,1.0,0.6666666666666666,1.0,0.6666666666666666,0.25,0.25,2,1,0.6666666666666666,0.75,0.5,1.0,0.3333333333333333,0.25,0.25,3,1,0.75,0.8571428571428571,0.3333333333333333,1.0,0.25,0.375,0.5,1.0,1.0
clip,134907,living room,0.0719,12,6,1,0,1.0,1.0,0.3333333333333333,1.0,0.3333333333333333,0.16666666666666666,0.16666666666666666,3,0,1.0,1.0,0.5,1.0,0.5,0.5,0.6666666666666666,4,0,1.0,1.0,0.3333333333333333,1.0,0.3333333333333333,0.6666666666666666,0.6666666666666666,1.0,1.0
clip,140487,living room,0.0714,12,7,1,0,1.0,1.0,0.3333333333333333,1.0,0.3333333333333333,0.14285714285714285,0.14285714285714285,2,0,1.0,1.0,0.3333333333333333,1.0,0.3333333333333333,0.2857142857142857,0.2857142857142857,2,2,0.5,0.5,0.3333333333333333,1.0,0.16666666666666666,0.2857142857142857,0.2857142857142857,1.0,1.0
clip,140987,dining,0.0695,12,6,2,0,1.0,1.0,0.6666666666666666,1.0,0.6666666666666666,0.3333333333333333,0.3333333333333333,2,0,1.0,1.0,0.3333333333333333,1.0,0.3333333333333333,0.3333333333333333,0.3333333333333333,2,3,0.4,0.5,0.4166666666666667,1.0,0.16666666666666666,0.3333333333333333,0.3333333333333333,1.0,1.0
clip,141180,bedroom,0.0707,12,5,1,0,1.0,1.0,0.3333333333333333,,0.0,0.2,0.2,2,1,0.6666666666666666,0.6666666666666666,0.5,1.0,0.16666666666666666,0.4,0.4,3,1,0.75,0.8,0.3333333333333333,1.0,0.16666666666666666,0.6,0.8,1.0,1.0
clip,141795,bathroom,0.0675,12,6,1,0,1.0,1.0,0.3333333333333333,1.0,0.3333333333333333,0.16666666666666666,0.16666666666666666,3,0,1.0,1.0,0.5,1.0,0.5,0.5,0.5,5,1,0.8333333333333334,0.8333333333333334,0.5,1.0,0.4166666666666667,0.8333333333333334,0.8333333333333334,1.0,1.0
clip,142240,kitchen,0.0707,12,5,1,1,0.5,0.5,0.6666666666666666,1.0,0.3333333333333333,0.2,0.2,1,2,0.3333333333333333,0.3333333333333333,0.5,1.0,0.16666666666666666,0.2,0.2,1,5,0.16666666666666666,0.16666666666666666,0.5,0.5,0.16666666666666666,0.2,0.2,1.0,1.0
clip,142291,living room,0.0678,12,4,1,1,0.5,0.5,0.6666666666666666,,0.0,0.25,0.25,2,2,0.5,0.5,0.6666666666666666,1.0,0.16666666666666666,0.5,0.5,2,3,0.4,0.5,0.4166666666666667,1.0,0.08333333333333333,0.5,0.75,1.0,1.0
clip,149184,kitchen,0.0697,12,12,2,0,1.0,1.0,0.6666666666666666,1.0,0.6666666666666666,0.16666666666666666,0.16666666666666666,3,1,0.75,0.75,0.6666666666666666,1.0,0.5,0.25,0.25,4,1,0.8,0.8,0.4166666666666667,1.0,0.25,0.3333333333333333,0.3333333333333333,1.0,1.0
clip,150417,kitchen,0.0678,12,7,1,0,1.0,1.0,0.3333333333333333,,0.0,0.14285714285714285,0.14285714285714285,1,0,1.0,1.0,0.16666666666666666,,0.0,0.14285714285714285,0.14285714285714285,1,2,0.3333333333333333,0.3333333333333333,0.25,,0.0,0.14285714285714285,0.14285714285714285,1.0,1.0
clip,150874,bedroom,0.0718,12,9,1,0,1.0,1.0,0.3333333333333333,1.0,0.3333333333333333,0.1111111111111111,0.2222222222222222,2,0,1.0,1.0,0.3333333333333333,1.0,0.16666666666666666,0.2222222222222222,0.3333333333333333,4,0,1.0,1.0,0.3333333333333333,1.0,0.25,0.4444444444444444,0.5555555555555556,1.0,1.0
clip,151414,bedroom,0.0692,12,5,2,0,1.0,1.0,0.6666666666666666,1.0,0.3333333333333333,0.4,0.6,4,0,1.0,1.0,0.6666666666666666,1.0,0.3333333333333333,0.8,0.8,5,1,0.8333333333333334,0.8333333333333334,0.5,1.0,0.25,1.0,1.0,1.0,1.0
clip,152298,bathroom,0.0942,12,6,2,0,1.0,1.0,0.6666666666666666,1.0,0.3333333333333333,0.3333333333333333,0.3333333333333333,4,0,1.0,1.0,0.6666666666666666,1.0,0.5,0.6666666666666666,0.6666666666666666,4,1,0.8,0.8571428571428571,0.4166666666666667,1.0,0.25,0.6666666666666666,0.6666666666666666,1.0,1.0
clip,154358,living room,0.0697,12,7,1,0,1.0,1.0,0.3333333333333333,1.0,0.3333333333333333,0.14285714285714285,0.14285714285714285,1,2,0.3333333333333333,0.5,0.5,1.0,0.16666666666666666,0.14285714285714285,0.2857142857142857,4,3,0.5714285714285714,0.625,0.5833333333333334,1.0,0.25,0.5714285714285714,0.5714285714285714,1.0,1.0
clip,154431,living room,0.0728,12,5,1,0,1.0,1.0,0.3333333333333333,1.0,0.3333333333333333,0.2,0.2,2,1,0.6666666666666666,0.6666666666666666,0.5,1.0,0.16666666666666666,0.4,0.4,2,5,0.2857142857142857,0.2857142857142857,0.5833333333333334,1.0,0.08333333333333333,0.4,0.4,1.0,1.0
clip,154704,dining,0.0714,12,5,2,0,1.0,1.0,0.6666666666666666,1.0,0.6666666666666666,0.4,0.4,2,1,0.6666666666666666,0.6666666666666666,0.5,1.0,0.3333333333333333,0.4,0.4,2,1,0.6666666666666666,0.75,0.25,1.0,0.16666666666666666,0.4,0.4,1.0,1.0
clip,156643,dining,0.0712,12,6,2,1,0.6666666666666666,0.6666666666666666,1.0,1.0,0.6666666666666666,0.3333333333333333,0.3333333333333333,2,1,0.6666666666666666,0.6666666666666666,0.5,1.0,0.3333333333333333,0.3333333333333333,0.3333333333333333,2,2,0.5,0.6,0.3333333333333333,1.0,0.16666666666666666,0.3333333333333333,0.3333333333333333,1.0,1.0
clip,157045,bathroom,0.0669,12,3,3,0,1.0,1.0,1.0,1.0,1.0,1.0,1.0,3,0,1.0,1.0,0.5,1.0,0.5,1.0,1.0,3,0,1.0,1.0,0.25,1.0,0.25,1.0,1.0,1.0,1.0
clip,158880,bathroom,0.0675,12,3,2,0,1.0,1.0,0.6666666666666666,1.0,0.6666666666666666,0.6666666666666666,0.6666666666666666,3,0,1.0,1.0,0.5,1.0,0.5,1.0,1.0,3,1,0.75,0.8,0.3333333333333333,1.0,0.25,1.0,1.0,1.0,1.0
clip,163589,dining,0.0703,12,4,2,0,1.0,1.0,0.6666666666666666,1.0,0.6666666666666666,0.5,0.5,4,0,1.0,1.0,0.6666666666666666,1.0,0.5,1.0,1.0,4,1,0.8,0.8571428571428571,0.4166666666666667,1.0,0.25,1.0,1.0,1.0,1.0
clip,164005,bedroom,0.0686,12,5,1,0,1.0,1.0,0.3333333333333333,1.0,0.3333333333333333,0.2,0.2,1,1,0.5,0.5,0.3333333333333333,1.0,0.16666666666666666,0.2,0.2,1,2,0.3333333333333333,0.5,0.25,1.0,0.08333333333333333,0.2,0.4,1.0,1.0
clip,164602,bathroom,0.4567,12,4,2,0,1.0,1.0,0.6666666666666666,1.0,0.3333333333333333,0.5,0.5,2,0,1.0,1.0,0.3333333333333333,1.0,0.16666666666666666,0.5,0.5,4,1,0.8,0.8,0.4166666666666667,1.0,0.25,1.0,1.0,1.0,1.0
clip,166313,bathroom,0.0683,12,4,2,0,1.0,1.0,0.6666666666666666,1.0,0.6666666666666666,0.5,0.5,3,0,1.0,1.0,0.5,1.0,0.5,0.75,0.75,4,1,0.8,0.8571428571428571,0.4166666666666667,1.0,0.3333333333333333,1.0,1.0,1.0,1.0
clip,166426,dining,0.0681,12,6,1,0,1.0,1.0,0.3333333333333333,1.0,0.3333333333333333,0.16666666666666666,0.16666666666666666,2,1,0.6666666666666666,0.75,0.5,1.0,0.16666666666666666,0.3333333333333333,0.3333333333333333,3,2,0.6,0.8571428571428571,0.4166666666666667,1.0,0.16666666666666666,0.5,0.6666666666666666,1.0,1.0
clip,166533,kitchen,0.0712,12,5,1,1,0.5,0.5,0.6666666666666666,,0.0,0.2,0.2,1,3,0.25,0.25,0.6666666666666666,,0.0,0.2,0.2,3,4,0.42857142857142855,0.42857142857142855,0.5833333333333334,1.0,0.16666666666666666,0.6,0.6,1.0,1.0
clip,167898,bathroom,0.0701,12,7,3,0,1.0,1.0,1.0,1.0,0.6666666666666666,0.42857142857142855,0.42857142857142855,3,0,1.0,1.0,0.5,1.0,0.3333333333333333,0.42857142857142855,0.42857142857142855,3,1,0.75,0.75,0.3333333333333333,1.0,0.16666666666666666,0.42857142857142855,0.42857142857142855,1.0,1.0
clip,170191,bedroom,0.0687,12,3,2,0,1.0,1.0,0.6666666666666666,1.0,0.6666666666666666,0.6666666666666666,0.6666666666666666,2,0,1.0,1.0,0.3333333333333333,1.0,0.3333333333333333,0.6666666666666666,0.6666666666666666,3,1,0.75,0.8571428571428571,0.3333333333333333,1.0,0.25,1.0,1.0,1.0,1.0
clip,170529,bedroom,0.0672,12,4,1,0,1.0,1.0,0.3333333333333333,1.0,0.3333333333333333,0.25,0.5,2,0,1.0,1.0,0.3333333333333333,1.0,0.16666666666666666,0.5,0.75,4,0,1.0,1.0,0.3333333333333333,1.0,0.25,1.0,1.0,1.0,1.0
clip,171740,living room,0.0689,12,4,1,1,0.5,0.5,0.6666666666666666,1.0,0.3333333333333333,0.25,0.25,1,1,0.5,0.5,0.3333333333333333,1.0,0.16666666666666666,0.25,0.25,1,2,0.3333333333333333,0.3333333333333333,0.25,1.0,0.08333333333333333,0.25,0.25,1.0,1.0
clip,173968,bathroom,0.0679,12,5,2,0,1.0,1.0,0.6666666666666666,1.0,0.6666666666666666,0.4,0.4,2,0,1.0,1.0,0.3333333333333333,1.0,0.3333333333333333,0.4,0.4,3,0,1.0,1.0,0.25,1.0,0.16666666666666666,0.6,0.6,1.0,1.0
clip,174964,bedroom,0.0701,12,6,2,0,1.0,1.0,0.6666666666666666,1.0,0.6666666666666666,0.3333333333333333,0.3333333333333333,3,0,1.0,1.0,0.5,1.0,0.5,0.5,0.5,5,0,1.0,1.0,0.4166666666666667,1.0,0.4166666666666667,0.8333333333333334,0.8333333333333334,1.0,1.0
clip,175364,kitchen,0.0682,12,8,1,1,0.5,0.5,0.6666666666666666,1.0,0.3333333333333333,0.125,0.125,1,2,0.3333333333333333,0.3333333333333333,0.5,1.0,0.16666666666666666,0.125,0.125,3,3,0.5,0.5,0.5,1.0,0.08333333333333333,0.375,0.375,1.0,1.0
clip,177824,living room,0.0717,12,7,1,0,1.0,1.0,0.3333333333333333,,0.0,0.14285714285714285,0.14285714285714285,1,0,1.0,1.0,0.16666666666666666,,0.0,0.14285714285714285,0.14285714285714285,2,0,1.0,1.0,0.16666666666666666,1.0,0.08333333333333333,0.2857142857142857,0.2857142857142857,1.0,1.0
clip,178504,bedroom,0.0689,12,3,1,0,1.0,1.0,0.3333333333333333,1.0,0.3333333333333333,0.3333333333333333,0.6666666666666666,3,1,0.75,0.8333333333333334,0.6666666666666666,1.0,0.5,1.0,1.0,3,3,0.5,0.625,0.5,1.0,0.25,1.0,1.0,1.0,1.0
clip,178690,living room,0.0706,12,5,1,0,1.0,1.0,0.3333333333333333,,0.0,0.2,0.2,3,0,1.0,1.0,0.5,1.0,0.16666666666666666,0.6,0.6,3,1,0.75,0.75,0.3333333333333333,1.0,0.08333333333333333,0.6,0.6,1.0,1.0
clip,180908,bedroom,0.0687,12,6,1,0,1.0,1.0,0.3333333333333333,1.0,0.3333333333333333,0.16666666666666666,0.3333333333333333,3,1,0.75,0.8,0.6666666666666666,1.0,0.5,0.5,0.5,4,2,0.6666666666666666,0.75,0.5,1.0,0.3333333333333333,0.6666666666666666,0.6666666666666666,1.0,1.0
clip,185633,bathroom,0.069,12,5,2,1,0.6666666666666666,0.6666666666666666,1.0,1.0,0.6666666666666666,0.4,0.4,2,1,0.6666666666666666,0.6666666666666666,0.5,1.0,0.3333333333333333,0.4,0.4,4,1,0.8,0.8,0.4166666666666667,1.0,0.3333333333333333,0.8,0.8,1.0,1.0
clip,187243,bathroom,0.0672,12,5,0,0,,,0.0,,0.0,0.0,0.0,2,0,1.0,1.0,0.3333333333333333,1.0,0.3333333333333333,0.4,0.4,4,0,1.0,1.0,0.3333333333333333,1.0,0.25,0.8,0.8,0.0,0.0
clip,189045,bedroom,0.0659,12,3,1,0,1.0,1.0,0.3333333333333333,1.0,0.3333333333333333,0.3333333333333333,0.6666666666666666,1,0,1.0,1.0,0.16666666666666666,1.0,0.16666666666666666,0.3333333333333333,0.6666666666666666,1,1,0.5,0.8,0.16666666666666666,1.0,0.08333333333333333,0.3333333333333333,1.0,1.0,1.0
clip,191997,kitchen,0.0705,12,4,1,0,1.0,1.0,0.3333333333333333,1.0,0.3333333333333333,0.25,0.25,1,1,0.5,0.5,0.3333333333333333,1.0,0.16666666666666666,0.25,0.25,1,2,0.3333333333333333,0.3333333333333333,0.25,1.0,0.08333333333333333,0.25,0.25,1.0,1.0
clip,193047,kitchen,0.0693,12,5,0,1,0.0,0.0,0.3333333333333333,,0.0,0.0,0.0,0,2,0.0,0.0,0.3333333333333333,,0.0,0.0,0.0,3,2,0.6,0.6,0.4166666666666667,1.0,0.16666666666666666,0.6,0.6,0.0,0.0
clip,194724,kitchen,0.0671,12,9,2,0,1.0,1.0,0.6666666666666666,1.0,0.6666666666666666,0.2222222222222222,0.2222222222222222,3,0,1.0,1.0,0.5,1.0,0.5,0.3333333333333333,0.3333333333333333,4,3,0.5714285714285714,0.5714285714285714,0.5833333333333334,1.0,0.3333333333333333,0.4444444444444444,0.4444444444444444,1.0,1.0
clip,195754,living room,0.0713,12,5,1,0,1.0,1.0,0.3333333333333333,1.0,0.3333333333333333,0.2,0.2,3,0,1.0,1.0,0.5,1.0,0.5,0.6,0.6,4,0,1.0,1.0,0.3333333333333333,1.0,0.25,0.8,0.8,1.0,1.0
clip,199502,bedroom,0.0694,12,4,1,0,1.0,1.0,0.3333333333333333,1.0,0.3333333333333333,0.25,0.5,1,0,1.0,1.0,0.16666666666666666,1.0,0.16666666666666666,0.25,0.5,2,0,1.0,1.0,0.16666666666666666,1.0,0.16666666666666666,0.5,0.75,1.0,1.0
clip,200548,bathroom,0.0683,12,4,3,0,1.0,1.0,1.0,1.0,0.6666666666666666,0.75,0.75,4,1,0.8,0.8,0.8333333333333334,1.0,0.5,1.0,1.0,4,1,0.8,0.8,0.4166666666666667,1.0,0.25,1.0,1.0,1.0,1.0
clip,200952,bedroom,0.0668,12,7,2,0,1.0,1.0,0.6666666666666666,1.0,0.6666666666666666,0.2857142857142857,0.2857142857142857,2,2,0.5,0.5,0.6666666666666666,1.0,0.3333333333333333,0.2857142857142857,0.2857142857142857,2,2,0.5,0.5,0.3333333333333333,1.0,0.16666666666666666,0.2857142857142857,0.2857142857142857,1.0,1.0
clip,204661,living room,0.0718,12,4,1,0,1.0,1.0,0.3333333333333333,1.0,0.3333333333333333,0.25,0.25,2,1,0.6666666666666666,0.75,0.5,1.0,0.16666666666666666,0.5,0.5,2,1,0.6666666666666666,0.75,0.25,1.0,0.08333333333333333,0.5,0.5,1.0,1.0
clip,205514,living room,0.0693,12,6,1,0,1.0,1.0,0.3333333333333333,1.0,0.3333333333333333,0.16666666666666666,0.16666666666666666,2,0,1.0,1.0,0.3333333333333333,1.0,0.3333333333333333,0.3333333333333333,0.3333333333333333,3,1,0.75,0.75,0.3333333333333333,1.0,0.16666666666666666,0.5,0.5,1.0,1.0
clip,206395,living room,0.0718,12,4,1,0,1.0,1.0,0.3333333333333333,1.0,0.3333333333333333,0.25,0.25,2,1,0.6666666666666666,0.6666666666666666,0.5,1.0,0.16666666666666666,0.5,0.5,2,2,0.5,0.5,0.3333333333333333,1.0,0.08333333333333333,0.5,0.5,1.0,1.0
clip,208778,bedroom,0.0691,12,4,1,1,0.5,0.5,0.6666666666666666,1.0,0.3333333333333333,0.25,0.25,1,2,0.3333333333333333,0.3333333333333333,0.5,1.0,0.16666666666666666,0.25,0.25,1,2,0.3333333333333333,0.3333333333333333,0.25,1.0,0.08333333333333333,0.25,0.25,1.0,1.0
clip,209802,bathroom,0.0679,12,5,2,0,1.0,1.0,0.6666666666666666,1.0,0.3333333333333333,0.4,0.4,4,1,0.8,0.8,0.8333333333333334,1.0,0.5,0.8,0.8,4,2,0.6666666666666666,0.6666666666666666,0.5,1.0,0.25,0.8,0.8,1.0,1.0
clip,210612,bedroom,0.0675,12,4,1,0,1.0,1.0,0.3333333333333333,1.0,0.3333333333333333,0.25,0.5,2,0,1.0,1.0,0.3333333333333333,1.0,0.3333333333333333,0.5,0.5,2,1,0.6666666666666666,0.8,0.25,1.0,0.16666666666666666,0.5,0.5,1.0,1.0
clip,215746,dining,0.0767,12,5,1,0,1.0,1.0,0.3333333333333333,,0.0,0.2,0.2,2,0,1.0,1.0,0.3333333333333333,1.0,0.16666666666666666,0.4,0.4,3,2,0.6,0.6666666666666666,0.4166666666666667,1.0,0.16666666666666666,0.6,0.6,1.0,1.0
clip,217546,living room,0.0719,12,11,2,0,1.0,1.0,0.6666666666666666,1.0,0.6666666666666666,0.18181818181818182,0.18181818181818182,4,1,0.8,0.8,0.8333333333333334,1.0,0.6666666666666666,0.36363636363636365,0.36363636363636365,4,3,0.5714285714285714,0.6666666666666666,0.5833333333333334,1.0,0.3333333333333333,0.36363636363636365,0.36363636363636365,1.0,1.0
clip,218091,bedroom,0.072,12,10,1,0,1.0,1.0,0.3333333333333333,1.0,0.3333333333333333,0.1,0.2,3,0,1.0,1.0,0.5,1.0,0.3333333333333333,0.3,0.4,5,0,1.0,1.0,0.4166666666666667,1.0,0.3333333333333333,0.5,0.6,1.0,1.0
clip,222625,living room,0.0664,12,5,0,1,0.0,0.0,0.3333333333333333,,0.0,0.0,0.0,0,3,0.0,0.0,0.5,0.0,0.16666666666666666,0.0,0.0,0,4,0.0,0.0,0.3333333333333333,0.0,0.08333333333333333,0.0,0.0,0.0,0.0
clip,223500,kitchen,0.0678,12,9,1,1,0.5,0.5,0.6666666666666666,,0.0,0.1111111111111111,0.1111111111111111,2,1,0.6666666666666666,0.6666666666666666,0.5,,0.0,0.2222222222222222,0.2222222222222222,3,2,0.6,0.6,0.4166666666666667,1.0,0.08333333333333333,0.3333333333333333,0.3333333333333333,1.0,1.0
clip,224367,bedroom,0.0677,12,5,2,0,1.0,1.0,0.6666666666666666,1.0,0.3333333333333333,0.4,0.6,3,0,1.0,1.0,0.5,1.0,0.3333333333333333,0.6,0.8,4,0,1.0,1.0,0.3333333333333333,1.0,0.25,0.8,0.8,1.0,1.0
clip,226329,living room,0.0723,12,4,1,0,1.0,1.0,0.3333333333333333,1.0,0.3333333333333333,0.25,0.25,1,0,1.0,1.0,0.16666666666666666,1.0,0.16666666666666666,0.25,0.25,3,1,0.75,0.75,0.3333333333333333,1.0,0.25,0.75,0.75,1.0,1.0
clip,227985,dining,0.0633,12,3,1,0,1.0,1.0,0.3333333333333333,1.0,0.3333333333333333,0.3333333333333333,0.3333333333333333,2,1,0.6666666666666666,0.6666666666666666,0.5,1.0,0.3333333333333333,0.6666666666666666,0.6666666666666666,2,3,0.4,0.5,0.4166666666666667,1.0,0.16666666666666666,0.6666666666666666,0.6666666666666666,1.0,1.0
clip,232088,living room,0.0716,12,7,2,0,1.0,1.0,0.6666666666666666,1.0,0.3333333333333333,0.2857142857142857,0.2857142857142857,3,1,0.75,0.75,0.6666666666666666,1.0,0.3333333333333333,0.42857142857142855,0.42857142857142855,4,2,0.6666666666666666,0.6666666666666666,0.5,1.0,0.16666666666666666,0.5714285714285714,0.5714285714285714,1.0,1.0
clip,232649,bathroom,0.068,12,5,3,0,1.0,1.0,1.0,1.0,0.6666666666666666,0.6,0.6,4,1,0.8,0.8,0.8333333333333334,0.75,0.6666666666666666,0.8,0.8,5,3,0.625,0.625,0.6666666666666666,0.8,0.4166666666666667,1.0,1.0,1.0,1.0
clip,234779,dining,0.0717,12,3,2,1,0.6666666666666666,0.6666666666666666,1.0,1.0,0.6666666666666666,0.6666666666666666,0.6666666666666666,3,1,0.75,0.75,0.6666666666666666,1.0,0.5,1.0,1.0,3,2,0.6,0.6,0.4166666666666667,1.0,0.25,1.0,1.0,1.0,1.0
clip,238154,bedroom,0.0697,12,7,1,0,1.0,1.0,0.3333333333333333,1.0,0.3333333333333333,0.14285714285714285,0.5714285714285714,4,0,1.0,1.0,0.6666666666666666,1.0,0.6666666666666666,0.5714285714285714,0.7142857142857143,5,0,1.0,1.0,0.4166666666666667,1.0,0.4166666666666667,0.7142857142857143,0.8571428571428571,1.0,1.0
clip,239013,living room,0.0716,12,9,2,0,1.0,1.0,0.6666666666666666,1.0,0.6666666666666666,0.2222222222222222,0.2222222222222222,3,0,1.0,1.0,0.5,1.0,0.5,0.3333333333333333,0.4444444444444444,4,1,0.8,0.8571428571428571,0.4166666666666667,1.0,0.3333333333333333,0.4444444444444444,0.4444444444444444,1.0,1.0
clip,240043,kitchen,0.0697,12,4,1,0,1.0,1.0,0.3333333333333333,1.0,0.3333333333333333,0.25,0.25,2,1,0.6666666666666666,0.6666666666666666,0.5,1.0,0.3333333333333333,0.5,0.5,3,2,0.6,0.6,0.4166666666666667,1.0,0.25,0.75,0.75,1.0,1.0
clip,240965,dining,0.0698,12,3,2,0,1.0,1.0,0.6666666666666666,1.0,0.6666666666666666,0.6666666666666666,0.6666666666666666,3,2,0.6,0.6,0.8333333333333334,1.0,0.5,1.0,1.0,3,4,0.42857142857142855,0.5,0.5833333333333334,1.0,0.25,1.0,1.0,1.0,1.0
clip,242296,living room,0.0699,12,6,1,0,1.0,1.0,0.3333333333333333,1.0,0.3333333333333333,0.16666666666666666,0.16666666666666666,1,1,0.5,0.5,0.3333333333333333,1.0,0.16666666666666666,0.16666666666666666,0.16666666666666666,2,1,0.6666666666666666,0.6666666666666666,0.25,1.0,0.08333333333333333,0.3333333333333333,0.3333333333333333,1.0,1.0
clip,242610,bedroom,0.0665,12,4,1,0,1.0,1.0,0.3333333333333333,1.0,0.3333333333333333,0.25,0.5,2,0,1.0,1.0,0.3333333333333333,1.0,0.3333333333333333,0.5,0.5,2,1,0.6666666666666666,0.75,0.25,1.0,0.16666666666666666,0.5,0.5,1.0,1.0
clip,245230,kitchen,0.07,12,9,1,0,1.0,1.0,0.3333333333333333,1.0,0.3333333333333333,0.1111111111111111,0.1111111111111111,2,1,0.6666666666666666,0.6666666666666666,0.5,1.0,0.16666666666666666,0.2222222222222222,0.2222222222222222,2,2,0.5,0.5,0.3333333333333333,1.0,0.08333333333333333,0.2222222222222222,0.2222222222222222,1.0,1.0
clip,247839,dining,0.0707,12,11,2,0,1.0,1.0,0.6666666666666666,1.0,0.6666666666666666,0.18181818181818182,0.18181818181818182,3,0,1.0,1.0,0.5,1.0,0.3333333333333333,0.2727272727272727,0.2727272727272727,5,0,1.0,1.0,0.4166666666666667,1.0,0.3333333333333333,0.45454545454545453,0.45454545454545453,1.0,1.0
clip,252127,bedroom,0.069,12,4,2,0,1.0,1.0,0.6666666666666666,1.0,0.6666666666666666,0.5,0.5,2,0,1.0,1.0,0.3333333333333333,1.0,0.3333333333333333,0.5,0.5,2,1,0.6666666666666666,0.6666666666666666,0.25,1.0,0.16666666666666666,0.5,0.5,1.0,1.0
clip,255654,bathroom,0.0677,12,4,2,0,1.0,1.0,0.6666666666666666,1.0,0.6666666666666666,0.5,0.5,2,1,0.6666666666666666,0.6666666666666666,0.5,1.0,0.3333333333333333,0.5,0.5,2,1,0.6666666666666666,0.6666666666666666,0.25,1.0,0.16666666666666666,0.5,0.5,1.0,1.0
clip,256518,dining,0.0706,12,7,0,1,0.0,0.5,0.3333333333333333,,0.0,0.0,0.14285714285714285,2,1,0.6666666666666666,0.75,0.5,1.0,0.3333333333333333,0.2857142857142857,0.2857142857142857,4,2,0.6666666666666666,0.7142857142857143,0.5,1.0,0.25,0.5714285714285714,0.5714285714285714,0.0,1.0
clip,257370,living room,0.0709,12,4,2,0,1.0,1.0,0.6666666666666666,1.0,0.3333333333333333,0.5,0.5,2,1,0.6666666666666666,0.6666666666666666,0.5,1.0,0.16666666666666666,0.5,0.5,2,3,0.4,0.4,0.4166666666666667,1.0,0.08333333333333333,0.5,0.5,1.0,1.0
clip,257660,bathroom,0.0667,12,5,3,0,1.0,1.0,1.0,1.0,1.0,0.6,0.6,3,0,1.0,1.0,0.5,1.0,0.5,0.6,0.6,4,1,0.8,0.8,0.4166666666666667,1.0,0.25,0.8,0.8,1.0,1.0
clip,257773,kitchen,0.0707,12,6,2,0,1.0,1.0,0.6666666666666666,1.0,0.3333333333333333,0.3333333333333333,0.3333333333333333,2,1,0.6666666666666666,0.6666666666666666,0.5,1.0,0.16666666666666666,0.3333333333333333,0.3333333333333333,2,2,0.5,0.5,0.3333333333333333,1.0,0.08333333333333333,0.3333333333333333,0.3333333333333333,1.0,1.0
clip,260721,living room,0.0733,12,7,1,0,1.0,1.0,0.3333333333333333,1.0,0.3333333333333333,0.14285714285714285,0.14285714285714285,3,0,1.0,1.0,0.5,1.0,0.3333333333333333,0.42857142857142855,0.42857142857142855,4,1,0.8,0.8,0.4166666666666667,1.0,0.25,0.5714285714285714,0.5714285714285714,1.0,1.0
clip,264347,kitchen,0.0692,12,8,3,0,1.0,1.0,1.0,1.0,0.6666666666666666,0.375,0.375,4,1,0.8,0.8,0.8333333333333334,1.0,0.5,0.5,0.5,4,3,0.5714285714285714,0.625,0.5833333333333334,1.0,0.25,0.5,0.5,1.0,1.0
clip,266422,living room,0.0708,12,6,2,0,1.0,1.0,0.6666666666666666,1.0,0.3333333333333333,0.3333333333333333,0.3333333333333333,2,2,0.5,0.75,0.6666666666666666,1.0,0.16666666666666666,0.3333333333333333,0.5,4,3,0.5714285714285714,0.75,0.5833333333333334,1.0,0.25,0.6666666666666666,0.8333333333333334,1.0,1.0
clip,268213,kitchen,0.0717,12,6,1,1,0.5,0.5,0.6666666666666666,1.0,0.3333333333333333,0.16666666666666666,0.16666666666666666,1,1,0.5,0.5,0.3333333333333333,1.0,0.16666666666666666,0.16666666666666666,0.16666666666666666,3,3,0.5,0.5,0.5,0.75,0.3333333333333333,0.5,0.5,1.0,1.0
clip,268378,dining,0.0693,12,6,1,0,1.0,1.0,0.3333333333333333,1.0,0.3333333333333333,0.16666666666666666,0.16666666666666666,2,1,0.6666666666666666,0.75,0.5,1.0,0.3333333333333333,0.3333333333333333,0.3333333333333333,2,2,0.5,0.6666666666666666,0.3333333333333333,1.0,0.16666666666666666,0.3333333333333333,0.3333333333333333,1.0,1.0
clip,271167,bathroom,0.0687,12,5,2,0,1.0,1.0,0.6666666666666666,1.0,0.6666666666666666,0.4,0.4,3,1,0.75,0.75,0.6666666666666666,1.0,0.5,0.6,0.6,4,2,0.6666666666666666,0.6666666666666666,0.5,1.0,0.3333333333333333,0.8,0.8,1.0,1.0
clip,271728,living room,0.0696,12,9,2,0,1.0,1.0,0.6666666666666666,1.0,0.6666666666666666,0.2222222222222222,0.2222222222222222,2,1,0.6666666666666666,0.6666666666666666,0.5,1.0,0.3333333333333333,0.2222222222222222,0.2222222222222222,4,2,0.6666666666666666,0.7142857142857143,0.5,1.0,0.25,0.4444444444444444,0.5555555555555556,1.0,1.0
clip,272203,bedroom,0.0682,12,5,2,0,1.0,1.0,0.6666666666666666,1.0,0.6666666666666666,0.4,0.4,2,0,1.0,1.0,0.3333333333333333,1.0,0.3333333333333333,0.4,0.4,3,1,0.75,0.8333333333333334,0.3333333333333333,1.0,0.25,0.6,0.6,1.0,1.0
clip,274352,dining,0.0693,12,10,2,0,1.0,1.0,0.6666666666666666,1.0,0.6666666666666666,0.2,0.2,2,0,1.0,1.0,0.3333333333333333,1.0,0.3333333333333333,0.2,0.2,4,0,1.0,1.0,0.3333333333333333,1.0,0.3333333333333333,0.4,0.5,1.0,1.0
clip,275374,bedroom,0.0705,12,5,1,1,0.5,0.5,0.6666666666666666,1.0,0.3333333333333333,0.2,0.2,1,1,0.5,0.5,0.3333333333333333,1.0,0.16666666666666666,0.2,0.2,2,2,0.5,0.5,0.3333333333333333,1.0,0.16666666666666666,0.4,0.4,1.0,1.0
clip,277507,bedroom,0.0695,12,4,1,0,1.0,1.0,0.3333333333333333,1.0,0.3333333333333333,0.25,0.25,1,1,0.5,0.5,0.3333333333333333,0.5,0.3333333333333333,0.25,0.25,1,1,0.5,0.5,0.16666666666666666,0.5,0.16666666666666666,0.25,0.25,1.0,1.0
clip,283717,kitchen,0.0636,12,4,1,0,1.0,1.0,0.3333333333333333,1.0,0.3333333333333333,0.25,0.25,1,2,0.3333333333333333,0.3333333333333333,0.5,1.0,0.16666666666666666,0.25,0.25,2,3,0.4,0.4,0.4166666666666667,1.0,0.16666666666666666,0.5,0.5,1.0,1.0
clip,285400,dining,0.0724,12,3,2,0,1.0,1.0,0.6666666666666666,1.0,0.6666666666666666,0.6666666666666666,1.0,2,1,0.6666666666666666,0.75,0.5,1.0,0.3333333333333333,0.6666666666666666,1.0,3,3,0.5,0.5714285714285714,0.5,1.0,0.25,1.0,1.0,1.0,1.0
clip,290771,living room,0.068,12,7,1,0,1.0,1.0,0.3333333333333333,,0.0,0.14285714285714285,0.14285714285714285,2,0,1.0,1.0,0.3333333333333333,1.0,0.16666666666666666,0.2857142857142857,0.2857142857142857,3,0,1.0,1.0,0.25,1.0,0.16666666666666666,0.42857142857142855,0.5714285714285714,1.0,1.0
clip,293390,bathroom,0.0657,12,5,1,1,0.5,0.5,0.6666666666666666,1.0,0.3333333333333333,0.2,0.2,1,1,0.5,0.5,0.3333333333333333,1.0,0.16666666666666666,0.2,0.2,2,3,0.4,0.4,0.4166666666666667,1.0,0.16666666666666666,0.4,0.4,1.0,1.0
clip,296205,living room,0.0709,12,4,1,0,1.0,1.0,0.3333333333333333,1.0,0.3333333333333333,0.25,0.5,1,0,1.0,1.0,0.16666666666666666,1.0,0.16666666666666666,0.25,0.5,3,2,0.6,0.7142857142857143,0.4166666666666667,1.0,0.25,0.75,0.75,1.0,1.0
clip,297353,bedroom,0.0713,12,4,1,0,1.0,1.0,0.3333333333333333,1.0,0.3333333333333333,0.25,0.25,2,0,1.0,1.0,0.3333333333333333,1.0,0.3333333333333333,0.5,0.5,2,0,1.0,1.0,0.16666666666666666,1.0,0.16666666666666666,0.5,0.5,1.0,1.0
clip,299632,bedroom,0.0682,12,5,2,0,1.0,1.0,0.6666666666666666,1.0,0.6666666666666666,0.4,0.4,2,0,1.0,1.0,0.3333333333333333,1.0,0.3333333333333333,0.4,0.4,4,1,0.8,0.8333333333333334,0.4166666666666667,1.0,0.25,0.8,0.8,1.0,1.0
clip,300882,bedroom,0.0676,12,4,1,0,1.0,1.0,0.3333333333333333,1.0,0.3333333333333333,0.25,0.25,1,1,0.5,0.5,0.3333333333333333,1.0,0.16666666666666666,0.25,0.25,2,2,0.5,0.5,0.3333333333333333,1.0,0.16666666666666666,0.5,0.5,1.0,1.0
clip,302680,living room,0.068,12,9,2,0,1.0,1.0,0.6666666666666666,1.0,0.6666666666666666,0.2222222222222222,0.2222222222222222,3,0,1.0,1.0,0.5,1.0,0.5,0.3333333333333333,0.4444444444444444,5,1,0.8333333333333334,0.8888888888888888,0.5,1.0,0.3333333333333333,0.5555555555555556,0.7777777777777778,1.0,1.0
clip,303002,bathroom,0.0667,12,4,2,0,1.0,1.0,0.6666666666666666,1.0,0.6666666666666666,0.5,0.5,3,0,1.0,1.0,0.5,1.0,0.3333333333333333,0.75,0.75,3,2,0.6,0.6,0.4166666666666667,1.0,0.16666666666666666,0.75,0.75,1.0,1.0
clip,303520,kitchen,0.0694,12,8,2,0,1.0,1.0,0.6666666666666666,1.0,0.6666666666666666,0.25,0.25,3,1,0.75,0.75,0.6666666666666666,1.0,0.5,0.375,0.375,4,3,0.5714285714285714,0.6666666666666666,0.5833333333333334,1.0,0.3333333333333333,0.5,0.5,1.0,1.0
clip,304827,kitchen,0.069,12,5,1,1,0.5,0.5,0.6666666666666666,1.0,0.3333333333333333,0.2,0.2,2,1,0.6666666666666666,0.6666666666666666,0.5,1.0,0.3333333333333333,0.4,0.4,3,1,0.75,0.75,0.3333333333333333,1.0,0.16666666666666666,0.6,0.6,1.0,1.0
clip,306733,bathroom,0.0686,12,6,3,0,1.0,1.0,1.0,1.0,0.3333333333333333,0.5,0.5,3,0,1.0,1.0,0.5,1.0,0.16666666666666666,0.5,0.5,3,0,1.0,1.0,0.25,1.0,0.08333333333333333,0.5,0.5,1.0,1.0
clip,308507,kitchen,0.0684,12,6,0,1,0.0,0.0,0.3333333333333333,,0.0,0.0,0.0,1,1,0.5,0.5,0.3333333333333333,1.0,0.16666666666666666,0.16666666666666666,0.16666666666666666,1,1,0.5,0.5,0.16666666666666666,1.0,0.08333333333333333,0.16666666666666666,0.16666666666666666,0.0,0.0
clip,309060,kitchen,0.0711,12,9,2,0,1.0,1.0,0.6666666666666666,1.0,0.6666666666666666,0.2222222222222222,0.2222222222222222,4,0,1.0,1.0,0.6666666666666666,1.0,0.3333333333333333,0.4444444444444444,0.4444444444444444,5,2,0.7142857142857143,0.7142857142857143,0.5833333333333334,1.0,0.16666666666666666,0.5555555555555556,0.5555555555555556,1.0,1.0
clip,309553,bedroom,0.0694,12,4,1,0,1.0,1.0,0.3333333333333333,1.0,0.3333333333333333,0.25,0.5,2,0,1.0,1.0,0.3333333333333333,1.0,0.3333333333333333,0.5,0.5,2,3,0.4,0.5714285714285714,0.4166666666666667,1.0,0.16666666666666666,0.5,0.5,1.0,1.0
clip,311868,bathroom,0.0681,12,5,3,0,1.0,1.0,1.0,1.0,0.6666666666666666,0.6,0.6,5,0,1.0,1.0,0.8333333333333334,1.0,0.6666666666666666,1.0,1.0,5,3,0.625,0.625,0.6666666666666666,1.0,0.3333333333333333,1.0,1.0,1.0,1.0
clip,313130,kitchen,0.0673,12,6,2,0,1.0,1.0,0.6666666666666666,1.0,0.6666666666666666,0.3333333333333333,0.3333333333333333,2,0,1.0,1.0,0.3333333333333333,1.0,0.3333333333333333,0.3333333333333333,0.3333333333333333,3,2,0.6,0.6,0.4166666666666667,1.0,0.25,0.5,0.5,1.0,1.0
clip,315256,bedroom,0.0694,12,5,1,0,1.0,1.0,0.3333333333333333,1.0,0.3333333333333333,0.2,0.2,2,0,1.0,1.0,0.3333333333333333,1.0,0.3333333333333333,0.4,0.4,3,1,0.75,0.8,0.3333333333333333,1.0,0.25,0.6,0.6,1.0,1.0
clip,315641,kitchen,0.0683,12,5,1,1,0.5,0.5,0.6666666666666666,1.0,0.3333333333333333,0.2,0.2,1,2,0.3333333333333333,0.3333333333333333,0.5,1.0,0.16666666666666666,0.2,0.2,2,2,0.5,0.5,0.3333333333333333,1.0,0.16666666666666666,0.4,0.4,1.0,1.0
clip,319935,bedroom,0.0667,12,10,2,0,1.0,1.0,0.6666666666666666,1.0,0.6666666666666666,0.2,0.2,2,0,1.0,1.0,0.3333333333333333,1.0,0.3333333333333333,0.2,0.2,6,0,1.0,1.0,0.5,1.0,0.3333333333333333,0.6,0.6,1.0,1.0
clip,325078,bathroom,0.0671,12,4,2,0,1.0,1.0,0.6666666666666666,1.0,0.6666666666666666,0.5,0.5,2,0,1.0,1.0,0.3333333333333333,1.0,0.3333333333333333,0.5,0.5,3,1,0.75,0.75,0.3333333333333333,1.0,0.25,0.75,0.75,1.0,1.0
clip,329455,dining,0.07,12,6,2,0,1.0,1.0,0.6666666666666666,1.0,0.6666666666666666,0.3333333333333333,0.3333333333333333,3,1,0.75,0.8333333333333334,0.6666666666666666,1.0,0.5,0.5,0.5,4,1,0.8,0.8571428571428571,0.4166666666666667,1.0,0.3333333333333333,0.6666666666666666,0.6666666666666666,1.0,1.0
clip,341741,bedroom,0.0681,12,4,1,0,1.0,1.0,0.3333333333333333,1.0,0.3333333333333333,0.25,0.25,1,0,1.0,1.0,0.16666666666666666,1.0,0.16666666666666666,0.25,0.25,3,1,0.75,0.75,0.3333333333333333,1.0,0.25,0.75,0.75,1.0,1.0
clip,343662,bedroom,0.0697,12,3,2,0,1.0,1.0,0.6666666666666666,1.0,0.6666666666666666,0.6666666666666666,1.0,3,0,1.0,1.0,0.5,1.0,0.5,1.0,1.0,3,0,1.0,1.0,0.25,1.0,0.25,1.0,1.0,1.0,1.0
clip,348708,dining,0.069,12,3,3,0,1.0,1.0,1.0,1.0,1.0,1.0,1.0,3,1,0.75,0.8,0.6666666666666666,1.0,0.5,1.0,1.0,3,3,0.5,0.6666666666666666,0.5,1.0,0.25,1.0,1.0,1.0,1.0
clip,350230,kitchen,0.0695,12,9,1,1,0.5,0.5,0.6666666666666666,1.0,0.3333333333333333,0.1111111111111111,0.1111111111111111,2,3,0.4,0.4,0.8333333333333334,1.0,0.3333333333333333,0.2222222222222222,0.2222222222222222,3,3,0.5,0.5,0.5,1.0,0.16666666666666666,0.3333333333333333,0.3333333333333333,1.0,1.0
clip,355430,dining,0.07,12,10,1,0,1.0,1.0,0.3333333333333333,1.0,0.3333333333333333,0.1,0.1,3,0,1.0,1.0,0.5,1.0,0.3333333333333333,0.3,0.3,3,1,0.75,0.8,0.3333333333333333,1.0,0.16666666666666666,0.3,0.3,1.0,1.0
clip,358465,bedroom,0.0682,12,3,2,0,1.0,1.0,0.6666666666666666,1.0,0.6666666666666666,0.6666666666666666,1.0,3,0,1.0,1.0,0.5,1.0,0.5,1.0,1.0,3,1,0.75,0.8333333333333334,0.3333333333333333,1.0,0.25,1.0,1.0,1.0,1.0
clip,358525,bedroom,0.0685,12,4,2,1,0.6666666666666666,0.6666666666666666,1.0,0.6666666666666666,1.0,0.5,0.5,2,2,0.5,0.5,0.6666666666666666,0.6666666666666666,0.5,0.5,0.5,3,2,0.6,0.6,0.4166666666666667,0.75,0.3333333333333333,0.75,0.75,1.0,1.0
clip,362278,bathroom,0.0666,12,4,1,0,1.0,1.0,0.3333333333333333,1.0,0.3333333333333333,0.25,0.25,3,0,1.0,1.0,0.5,1.0,0.5,0.75,0.75,3,1,0.75,0.75,0.3333333333333333,1.0,0.25,0.75,0.75,1.0,1.0
clip,367386,living room,0.0672,12,11,1,0,1.0,1.0,0.3333333333333333,1.0,0.3333333333333333,0.09090909090909091,0.18181818181818182,1,1,0.5,0.8,0.3333333333333333,1.0,0.16666666666666666,0.09090909090909091,0.2727272727272727,5,2,0.7142857142857143,0.8,0.5833333333333334,1.0,0.4166666666666667,0.45454545454545453,0.45454545454545453,1.0,1.0
clip,367569,living room,0.0707,12,8,1,1,0.5,0.5,0.6666666666666666,1.0,0.3333333333333333,0.125,0.125,2,1,0.6666666666666666,0.75,0.5,1.0,0.3333333333333333,0.25,0.25,2,3,0.4,0.5,0.4166666666666667,1.0,0.16666666666666666,0.25,0.25,1.0,1.0
clip,368349,bathroom,0.0684,12,4,1,0,1.0,1.0,0.3333333333333333,1.0,0.3333333333333333,0.25,0.25,2,0,1.0,1.0,0.3333333333333333,1.0,0.3333333333333333,0.5,0.5,3,0,1.0,1.0,0.25,1.0,0.25,0.75,0.75,1.0,1.0
clip,369373,living room,0.071,12,6,1,1,0.5,0.5,0.6666666666666666,,0.0,0.16666666666666666,0.16666666666666666,1,1,0.5,0.5,0.3333333333333333,,0.0,0.16666666666666666,0.16666666666666666,2,2,0.5,0.5,0.3333333333333333,1.0,0.08333333333333333,0.3333333333333333,0.3333333333333333,1.0,1.0
clip,370818,bathroom,0.0691,12,6,1,0,1.0,1.0,0.3333333333333333,,0.0,0.16666666666666666,0.16666666666666666,2,0,1.0,1.0,0.3333333333333333,1.0,0.16666666666666666,0.3333333333333333,0.3333333333333333,3,1,0.75,0.75,0.3333333333333333,1.0,0.16666666666666666,0.5,0.5,1.0,1.0
clip,374628,kitchen,0.0728,12,13,2,0,1.0,1.0,0.6666666666666666,1.0,0.6666666666666666,0.15384615384615385,0.15384615384615385,2,0,1.0,1.0,0.3333333333333333,1.0,0.3333333333333333,0.15384615384615385,0.15384615384615385,4,1,0.8,0.8571428571428571,0.4166666666666667,1.0,0.25,0.3076923076923077,0.3076923076923077,1.0,1.0
clip,375878,bathroom,0.068,12,3,3,0,1.0,1.0,1.0,1.0,1.0,1.0,1.0,3,1,0.75,0.75,0.6666666666666666,1.0,0.5,1.0,1.0,3,2,0.6,0.6,0.4166666666666667,1.0,0.25,1.0,1.0,1.0,1.0
clip,381330,kitchen,0.0705,12,4,1,1,0.5,0.5,0.6666666666666666,1.0,0.3333333333333333,0.25,0.25,1,2,0.3333333333333333,0.3333333333333333,0.5,1.0,0.16666666666666666,0.25,0.25,2,3,0.4,0.4,0.4166666666666667,1.0,0.16666666666666666,0.5,0.5,1.0,1.0
clip,381605,living room,0.0702,12,4,2,0,1.0,1.0,0.6666666666666666,1.0,0.6666666666666666,0.5,0.5,4,0,1.0,1.0,0.6666666666666666,1.0,0.6666666666666666,1.0,1.0,4,1,0.8,0.8571428571428571,0.4166666666666667,1.0,0.3333333333333333,1.0,1.0,1.0,1.0
clip,383549,living room,0.07,12,7,1,0,1.0,1.0,0.3333333333333333,1.0,0.3333333333333333,0.14285714285714285,0.14285714285714285,2,0,1.0,1.0,0.3333333333333333,1.0,0.3333333333333333,0.2857142857142857,0.2857142857142857,5,1,0.8333333333333334,0.8333333333333334,0.5,1.0,0.3333333333333333,0.7142857142857143,0.8571428571428571,1.0,1.0
clip,386799,bathroom,0.0961,12,3,2,1,0.6666666666666666,0.6666666666666666,1.0,1.0,0.6666666666666666,0.6666666666666666,0.6666666666666666,3,1,0.75,0.75,0.6666666666666666,1.0,0.5,1.0,1.0,3,1,0.75,0.8333333333333334,0.3333333333333333,1.0,0.25,1.0,1.0,1.0,1.0
clip,395259,bedroom,0.0681,12,5,1,0,1.0,1.0,0.3333333333333333,1.0,0.3333333333333333,0.2,0.4,2,0,1.0,1.0,0.3333333333333333,1.0,0.3333333333333333,0.4,0.6,2,2,0.5,0.6666666666666666,0.3333333333333333,0.6666666666666666,0.25,0.4,0.6,1.0,1.0
clip,395701,living room,0.0682,12,7,2,0,1.0,1.0,0.6666666666666666,1.0,0.6666666666666666,0.2857142857142857,0.2857142857142857,4,1,0.8,0.8,0.8333333333333334,1.0,0.3333333333333333,0.5714285714285714,0.5714285714285714,4,1,0.8,0.8,0.4166666666666667,1.0,0.16666666666666666,0.5714285714285714,0.5714285714285714,1.0,1.0
clip,396526,dining,0.0723,12,6,1,0,1.0,1.0,0.3333333333333333,1.0,0.3333333333333333,0.16666666666666666,0.16666666666666666,2,1,0.6666666666666666,0.6666666666666666,0.5,1.0,0.3333333333333333,0.3333333333333333,0.3333333333333333,3,2,0.6,0.6,0.4166666666666667,1.0,0.16666666666666666,0.5,0.5,1.0,1.0
clip,396691,kitchen,0.0694,12,4,1,1,0.5,0.5,0.6666666666666666,1.0,0.3333333333333333,0.25,0.25,2,2,0.5,0.5,0.6666666666666666,1.0,0.3333333333333333,0.5,0.5,2,3,0.4,0.4,0.4166666666666667,1.0,0.16666666666666666,0.5,0.5,1.0,1.0
clip,397354,kitchen,0.0718,12,8,2,0,1.0,1.0,0.6666666666666666,1.0,0.6666666666666666,0.25,0.25,2,1,0.6666666666666666,0.6666666666666666,0.5,1.0,0.3333333333333333,0.25,0.25,2,1,0.6666666666666666,0.6666666666666666,0.25,1.0,0.16666666666666666,0.25,0.25,1.0,1.0
clip,401060,bedroom,0.0692,12,4,2,0,1.0,1.0,0.6666666666666666,1.0,0.3333333333333333,0.5,0.75,3,1,0.75,0.8,0.6666666666666666,1.0,0.3333333333333333,0.75,0.75,3,1,0.75,0.8333333333333334,0.3333333333333333,1.0,0.16666666666666666,0.75,0.75,1.0,1.0
clip,403114,bathroom,0.07,12,4,3,0,1.0,1.0,1.0,1.0,1.0,0.75,0.75,3,1,0.75,0.75,0.6666666666666666,1.0,0.5,0.75,0.75,4,4,0.5,0.5,0.6666666666666666,0.8,0.4166666666666667,1.0,1.0,1.0,1.0
clip,404678,dining,0.0734,12,9,2,0,1.0,1.0,0.6666666666666666,1.0,0.6666666666666666,0.2222222222222222,0.2222222222222222,3,0,1.0,1.0,0.5,1.0,0.5,0.3333333333333333,0.3333333333333333,6,0,1.0,1.0,0.5,1.0,0.4166666666666667,0.6666666666666666,0.6666666666666666,1.0,1.0
clip,407685,living room,0.0653,12,12,2,0,1.0,1.0,0.6666666666666666,1.0,0.3333333333333333,0.16666666666666666,0.16666666666666666,2,2,0.5,0.75,0.6666666666666666,1.0,0.16666666666666666,0.16666666666666666,0.16666666666666666,3,2,0.6,0.8333333333333334,0.4166666666666667,1.0,0.08333333333333333,0.25,0.25,1.0,1.0
clip,408192,living room,0.0708,12,10,1,1,0.5,0.5,0.6666666666666666,1.0,0.3333333333333333,0.1,0.1,3,1,0.75,0.75,0.6666666666666666,1.0,0.5,0.3,0.3,4,1,0.8,0.8,0.4166666666666667,1.0,0.3333333333333333,0.4,0.4,1.0,1.0
clip,410144,kitchen,0.0674,12,4,2,1,0.6666666666666666,0.6666666666666666,1.0,1.0,0.6666666666666666,0.5,0.5,2,2,0.5,0.5,0.6666666666666666,1.0,0.3333333333333333,0.5,0.5,2,5,0.2857142857142857,0.2857142857142857,0.5833333333333334,1.0,0.16666666666666666,0.5,0.5,1.0,1.0
clip,411685,bathroom,0.0704,12,3,3,0,1.0,1.0,1.0,1.0,1.0,1.0,1.0,3,2,0.6,0.6,0.8333333333333334,1.0,0.5,1.0,1.0,3,5,0.375,0.375,0.6666666666666666,1.0,0.25,1.0,1.0,1.0,1.0
clip,415646,bedroom,0.0706,12,9,1,0,1.0,1.0,0.3333333333333333,1.0,0.3333333333333333,0.1111111111111111,0.2222222222222222,1,0,1.0,1.0,0.16666666666666666,1.0,0.16666666666666666,0.1111111111111111,0.2222222222222222,2,0,1.0,1.0,0.16666666666666666,1.0,0.16666666666666666,0.2222222222222222,0.2222222222222222,1.0,1.0
clip,416575,bedroom,0.0689,12,4,2,0,1.0,1.0,0.6666666666666666,1.0,0.6666666666666666,0.5,0.5,3,0,1.0,1.0,0.5,1.0,0.5,0.75,0.75,3,0,1.0,1.0,0.25,1.0,0.25,0.75,0.75,1.0,1.0
clip,422350,kitchen,0.0679,12,6,1,1,0.5,0.5,0.6666666666666666,1.0,0.3333333333333333,0.16666666666666666,0.16666666666666666,2,2,0.5,0.5,0.6666666666666666,1.0,0.16666666666666666,0.3333333333333333,0.3333333333333333,2,4,0.3333333333333333,0.3333333333333333,0.5,1.0,0.08333333333333333,0.3333333333333333,0.3333333333333333,1.0,1.0
clip,422654,kitchen,0.071,12,5,1,1,0.5,0.6666666666666666,0.6666666666666666,1.0,0.3333333333333333,0.2,0.2,2,1,0.6666666666666666,0.8333333333333334,0.5,1.0,0.3333333333333333,0.4,0.4,3,2,0.6,0.75,0.4166666666666667,1.0,0.16666666666666666,0.6,0.6,1.0,1.0
clip,427040,bedroom,0.069,12,8,2,0,1.0,1.0,0.6666666666666666,1.0,0.6666666666666666,0.25,0.25,3,0,1.0,1.0,0.5,1.0,0.5,0.375,0.5,4,1,0.8,0.8333333333333334,0.4166666666666667,1.0,0.25,0.5,0.625,1.0,1.0
clip,431154,bedroom,0.0671,12,3,2,0,1.0,1.0,0.6666666666666666,1.0,0.6666666666666666,0.6666666666666666,0.6666666666666666,3,0,1.0,1.0,0.5,1.0,0.5,1.0,1.0,3,1,0.75,0.8571428571428571,0.3333333333333333,1.0,0.25,1.0,1.0,1.0,1.0
clip,434098,bathroom,0.065,12,4,2,0,1.0,1.0,0.6666666666666666,1.0,0.3333333333333333,0.5,0.5,2,0,1.0,1.0,0.3333333333333333,1.0,0.16666666666666666,0.5,0.5,3,1,0.75,0.75,0.3333333333333333,1.0,0.16666666666666666,0.75,0.75,1.0,1.0
clip,437898,kitchen,0.0699,12,8,2,1,0.6666666666666666,0.6666666666666666,1.0,1.0,0.6666666666666666,0.25,0.25,4,2,0.6666666666666666,0.6666666666666666,1.0,1.0,0.5,0.5,0.5,4,3,0.5714285714285714,0.5714285714285714,0.5833333333333334,1.0,0.25,0.5,0.5,1.0,1.0
clip,438314,bedroom,0.0679,12,4,1,0,1.0,1.0,0.3333333333333333,1.0,0.3333333333333333,0.25,0.25,2,0,1.0,1.0,0.3333333333333333,1.0,0.3333333333333333,0.5,0.5,2,2,0.5,0.6,0.3333333333333333,1.0,0.16666666666666666,0.5,0.5,1.0,1.0
clip,439364,bathroom,0.0676,12,5,2,0,1.0,1.0,0.6666666666666666,1.0,0.6666666666666666,0.4,0.4,3,1,0.75,0.75,0.6666666666666666,1.0,0.5,0.6,0.6,4,4,0.5,0.5,0.6666666666666666,1.0,0.25,0.8,0.8,1.0,1.0
clip,439689,living room,0.0696,12,7,2,0,1.0,1.0,0.6666666666666666,1.0,0.6666666666666666,0.2857142857142857,0.42857142857142855,3,0,1.0,1.0,0.5,1.0,0.5,0.42857142857142855,0.5714285714285714,4,1,0.8,1.0,0.4166666666666667,1.0,0.3333333333333333,0.5714285714285714,0.5714285714285714,1.0,1.0
clip,445306,kitchen,0.0709,12,5,1,1,0.5,0.5,0.6666666666666666,1.0,0.3333333333333333,0.2,0.2,1,1,0.5,0.5,0.3333333333333333,1.0,0.16666666666666666,0.2,0.2,1,3,0.25,0.25,0.3333333333333333,1.0,0.08333333333333333,0.2,0.2,1.0,1.0
clip,445658,kitchen,0.0686,12,6,3,0,1.0,1.0,1.0,1.0,1.0,0.5,0.5,3,1,0.75,0.75,0.6666666666666666,1.0,0.5,0.5,0.5,4,1,0.8,0.8,0.4166666666666667,1.0,0.25,0.6666666666666666,0.6666666666666666,1.0,1.0
clip,448795,kitchen,0.0705,12,6,2,0,1.0,1.0,0.6666666666666666,1.0,0.6666666666666666,0.3333333333333333,0.3333333333333333,3,2,0.6,0.6666666666666666,0.8333333333333334,1.0,0.3333333333333333,0.5,0.5,3,3,0.5,0.625,0.5,1.0,0.16666666666666666,0.5,0.5,1.0,1.0
clip,453302,kitchen,0.0713,12,5,1,0,1.0,1.0,0.3333333333333333,1.0,0.3333333333333333,0.2,0.2,2,1,0.6666666666666666,0.6666666666666666,0.5,1.0,0.3333333333333333,0.4,0.4,2,2,0.5,0.5,0.3333333333333333,1.0,0.16666666666666666,0.4,0.4,1.0,1.0
clip,453341,living room,0.0684,12,4,1,0,1.0,1.0,0.3333333333333333,1.0,0.3333333333333333,0.25,0.25,1,0,1.0,1.0,0.16666666666666666,1.0,0.16666666666666666,0.25,0.25,2,2,0.5,0.5,0.3333333333333333,1.0,0.16666666666666666,0.5,0.5,1.0,1.0
clip,455301,bedroom,0.069,12,3,2,0,1.0,1.0,0.6666666666666666,1.0,0.6666666666666666,0.6666666666666666,0.6666666666666666,3,0,1.0,1.0,0.5,1.0,0.5,1.0,1.0,3,0,1.0,1.0,0.25,1.0,0.25,1.0,1.0,1.0,1.0
clip,458410,living room,0.068,12,6,3,0,1.0,1.0,1.0,1.0,0.6666666666666666,0.5,0.5,3,0,1.0,1.0,0.5,1.0,0.3333333333333333,0.5,0.5,3,3,0.5,0.625,0.5,1.0,0.16666666666666666,0.5,0.5,1.0,1.0
clip,460494,dining,0.0704,12,6,2,1,0.6666666666666666,0.6666666666666666,1.0,1.0,0.6666666666666666,0.3333333333333333,0.3333333333333333,2,1,0.6666666666666666,0.75,0.5,1.0,0.3333333333333333,0.3333333333333333,0.3333333333333333,4,2,0.6666666666666666,0.7142857142857143,0.5,1.0,0.25,0.6666666666666666,0.6666666666666666,1.0,1.0
clip,461172,dining,0.0753,12,4,2,0,1.0,1.0,0.6666666666666666,1.0,0.6666666666666666,0.5,0.5,2,0,1.0,1.0,0.3333333333333333,1.0,0.3333333333333333,0.5,0.5,2,2,0.5,0.7142857142857143,0.3333333333333333,1.0,0.16666666666666666,0.5,0.5,1.0,1.0
clip,466256,dining,0.0712,12,3,3,0,1.0,1.0,1.0,1.0,1.0,1.0,1.0,3,1,0.75,0.8,0.6666666666666666,1.0,0.5,1.0,1.0,3,3,0.5,0.5714285714285714,0.5,1.0,0.25,1.0,1.0,1.0,1.0
clip,467315,dining,0.0724,12,4,2,0,1.0,1.0,0.6666666666666666,1.0,0.6666666666666666,0.5,0.5,3,0,1.0,1.0,0.5,1.0,0.5,0.75,0.75,4,1,0.8,0.8571428571428571,0.4166666666666667,1.0,0.3333333333333333,1.0,1.0,1.0,1.0
clip,468422,kitchen,0.0704,12,5,1,0,1.0,1.0,0.3333333333333333,1.0,0.3333333333333333,0.2,0.2,2,0,1.0,1.0,0.3333333333333333,1.0,0.3333333333333333,0.4,0.4,3,2,0.6,0.8571428571428571,0.4166666666666667,1.0,0.25,0.6,0.8,1.0,1.0
clip,468505,dining,0.0706,12,7,2,1,0.6666666666666666,0.6666666666666666,1.0,1.0,0.6666666666666666,0.2857142857142857,0.2857142857142857,3,1,0.75,0.8,0.6666666666666666,1.0,0.3333333333333333,0.42857142857142855,0.42857142857142855,5,3,0.625,0.6666666666666666,0.6666666666666666,1.0,0.3333333333333333,0.7142857142857143,0.7142857142857143,1.0,1.0
clip,468659,living room,0.0689,12,3,2,0,1.0,1.0,0.6666666666666666,1.0,0.6666666666666666,0.6666666666666666,0.6666666666666666,2,0,1.0,1.0,0.3333333333333333,1.0,0.3333333333333333,0.6666666666666666,0.6666666666666666,3,2,0.6,0.7142857142857143,0.4166666666666667,1.0,0.25,1.0,1.0,1.0,1.0
clip,469795,bathroom,0.0666,12,7,2,1,0.6666666666666666,0.6666666666666666,1.0,1.0,0.6666666666666666,0.2857142857142857,0.2857142857142857,4,1,0.8,0.8,0.8333333333333334,1.0,0.6666666666666666,0.5714285714285714,0.5714285714285714,5,3,0.625,0.6666666666666666,0.6666666666666666,1.0,0.4166666666666667,0.7142857142857143,0.7142857142857143,1.0,1.0
clip,469902,bedroom,0.0683,12,3,2,0,1.0,1.0,0.6666666666666666,1.0,0.6666666666666666,0.6666666666666666,0.6666666666666666,3,0,1.0,1.0,0.5,1.0,0.5,1.0,1.0,3,1,0.75,0.8,0.3333333333333333,1.0,0.25,1.0,1.0,1.0,1.0
clip,472046,kitchen,0.0723,12,10,1,1,0.5,0.5,0.6666666666666666,1.0,0.3333333333333333,0.1,0.1,1,2,0.3333333333333333,0.3333333333333333,0.5,1.0,0.16666666666666666,0.1,0.1,2,3,0.4,0.4,0.4166666666666667,1.0,0.16666666666666666,0.2,0.2,1.0,1.0
clip,473294,bedroom,0.0696,12,6,2,0,1.0,1.0,0.6666666666666666,1.0,0.6666666666666666,0.3333333333333333,0.3333333333333333,3,0,1.0,1.0,0.5,1.0,0.3333333333333333,0.5,0.5,3,3,0.5,0.5714285714285714,0.5,1.0,0.16666666666666666,0.5,0.5,1.0,1.0
clip,473821,living room,0.0706,12,8,2,0,1.0,1.0,0.6666666666666666,1.0,0.3333333333333333,0.25,0.25,2,1,0.6666666666666666,0.6666666666666666,0.5,1.0,0.16666666666666666,0.25,0.25,4,2,0.6666666666666666,0.7142857142857143,0.5,1.0,0.25,0.5,0.625,1.0,1.0
clip,479360,bedroom,0.067,12,5,1,0,1.0,1.0,0.3333333333333333,1.0,0.3333333333333333,0.2,0.4,2,0,1.0,1.0,0.3333333333333333,1.0,0.3333333333333333,0.4,0.6,3,0,1.0,1.0,0.25,1.0,0.25,0.6,0.6,1.0,1.0
clip,480712,bedroom,0.0696,12,6,2,0,1.0,1.0,0.6666666666666666,1.0,0.6666666666666666,0.3333333333333333,0.3333333333333333,3,0,1.0,1.0,0.5,1.0,0.3333333333333333,0.5,0.5,3,0,1.0,1.0,0.25,1.0,0.16666666666666666,0.5,0.5,1.0,1.0
clip,481819,living room,0.0677,12,8,1,0,1.0,1.0,0.3333333333333333,,0.0,0.125,0.125,2,1,0.6666666666666666,0.6666666666666666,0.5,1.0,0.16666666666666666,0.25,0.25,3,2,0.6,0.6,0.4166666666666667,1.0,0.16666666666666666,0.375,0.375,1.0,1.0
clip,485628,bathroom,0.0694,12,3,3,0,1.0,1.0,1.0,1.0,1.0,1.0,1.0,3,2,0.6,0.6,0.8333333333333334,1.0,0.5,1.0,1.0,3,3,0.5,0.5,0.5,1.0,0.25,1.0,1.0,1.0,1.0
clip,487583,bathroom,0.0689,12,3,2,0,1.0,1.0,0.6666666666666666,1.0,0.6666666666666666,0.6666666666666666,0.6666666666666666,2,2,0.5,0.5,0.6666666666666666,1.0,0.3333333333333333,0.6666666666666666,0.6666666666666666,3,3,0.5,0.5714285714285714,0.5,1.0,0.25,1.0,1.0,1.0,1.0
clip,490505,kitchen,0.067,12,4,2,0,1.0,1.0,0.6666666666666666,1.0,0.6666666666666666,0.5,0.5,2,0,1.0,1.0,0.3333333333333333,1.0,0.3333333333333333,0.5,0.5,2,3,0.4,0.4,0.4166666666666667,0.5,0.3333333333333333,0.5,0.5,1.0,1.0
clip,491063,bathroom,0.0719,12,5,3,0,1.0,1.0,1.0,1.0,1.0,0.6,0.6,4,1,0.8,0.8,0.8333333333333334,1.0,0.5,0.8,0.8,4,3,0.5714285714285714,0.5714285714285714,0.5833333333333334,1.0,0.25,0.8,0.8,1.0,1.0
clip,491216,kitchen,0.0691,12,7,2,0,1.0,1.0,0.6666666666666666,1.0,0.3333333333333333,0.2857142857142857,0.2857142857142857,2,2,0.5,0.5,0.6666666666666666,1.0,0.16666666666666666,0.2857142857142857,0.2857142857142857,3,2,0.6,0.6,0.4166666666666667,1.0,0.08333333333333333,0.42857142857142855,0.42857142857142855,1.0,1.0
clip,491497,living room,0.0727,12,5,1,0,1.0,1.0,0.3333333333333333,1.0,0.3333333333333333,0.2,0.2,2,1,0.6666666666666666,0.6666666666666666,0.5,1.0,0.3333333333333333,0.4,0.4,3,2,0.6,0.6666666666666666,0.4166666666666667,1.0,0.16666666666666666,0.6,0.6,1.0,1.0
clip,491742,bathroom,0.0677,12,3,3,0,1.0,1.0,1.0,1.0,1.0,1.0,1.0,3,0,1.0,1.0,0.5,1.0,0.5,1.0,1.0,3,2,0.6,0.6,0.4166666666666667,1.0,0.25,1.0,1.0,1.0,1.0
clip,492183,kitchen,0.0703,12,5,1,2,0.3333333333333333,0.3333333333333333,1.0,1.0,0.3333333333333333,0.2,0.2,1,2,0.3333333333333333,0.3333333333333333,0.5,1.0,0.16666666666666666,0.2,0.2,2,3,0.4,0.4,0.4166666666666667,1.0,0.08333333333333333,0.4,0.4,1.0,1.0
clip,492719,bathroom,0.0665,12,3,3,0,1.0,1.0,1.0,1.0,1.0,1.0,1.0,3,0,1.0,1.0,0.5,1.0,0.5,1.0,1.0,3,2,0.6,0.6,0.4166666666666667,1.0,0.25,1.0,1.0,1.0,1.0
clip,492810,kitchen,0.0701,12,5,1,1,0.5,0.5,0.6666666666666666,,0.0,0.2,0.2,2,1,0.6666666666666666,0.6666666666666666,0.5,1.0,0.16666666666666666,0.4,0.4,3,4,0.42857142857142855,0.42857142857142855,0.5833333333333334,1.0,0.16666666666666666,0.6,0.6,1.0,1.0
clip,493114,living room,0.0706,12,4,1,1,0.5,0.5,0.6666666666666666,1.0,0.3333333333333333,0.25,0.25,2,2,0.5,0.5,0.6666666666666666,1.0,0.3333333333333333,0.5,0.5,3,4,0.42857142857142855,0.42857142857142855,0.5833333333333334,1.0,0.25,0.75,0.75,1.0,1.0
clip,497626,bedroom,0.0666,12,3,1,0,1.0,1.0,0.3333333333333333,1.0,0.3333333333333333,0.3333333333333333,0.3333333333333333,1,0,1.0,1.0,0.16666666666666666,1.0,0.16666666666666666,0.3333333333333333,0.3333333333333333,1,1,0.5,0.5,0.16666666666666666,1.0,0.08333333333333333,0.3333333333333333,0.3333333333333333,1.0,1.0
clip,503697,living room,0.0717,12,7,2,0,1.0,1.0,0.6666666666666666,1.0,0.6666666666666666,0.2857142857142857,0.2857142857142857,3,0,1.0,1.0,0.5,1.0,0.5,0.42857142857142855,0.42857142857142855,6,1,0.8571428571428571,0.8888888888888888,0.5833333333333334,1.0,0.4166666666666667,0.8571428571428571,0.8571428571428571,1.0,1.0
clip,504493,bathroom,0.0668,12,4,3,0,1.0,1.0,1.0,1.0,1.0,0.75,0.75,3,0,1.0,1.0,0.5,1.0,0.5,0.75,0.75,3,2,0.6,0.6,0.4166666666666667,1.0,0.25,0.75,0.75,1.0,1.0
clip,505086,bedroom,0.0694,12,5,1,0,1.0,1.0,0.3333333333333333,1.0,0.3333333333333333,0.2,0.2,1,0,1.0,1.0,0.16666666666666666,1.0,0.16666666666666666,0.2,0.2,2,1,0.6666666666666666,0.75,0.25,1.0,0.16666666666666666,0.4,0.8,1.0,1.0
clip,508899,living room,0.0657,12,5,2,0,1.0,1.0,0.6666666666666666,1.0,0.6666666666666666,0.4,0.4,3,0,1.0,1.0,0.5,1.0,0.3333333333333333,0.6,0.6,3,1,0.75,0.75,0.3333333333333333,1.0,0.16666666666666666,0.6,0.6,1.0,1.0
clip,510852,bathroom,0.0679,12,3,2,0,1.0,1.0,0.6666666666666666,1.0,0.6666666666666666,0.6666666666666666,0.6666666666666666,2,1,0.6666666666666666,0.75,0.5,1.0,0.3333333333333333,0.6666666666666666,0.6666666666666666,2,3,0.4,0.5714285714285714,0.4166666666666667,0.6666666666666666,0.25,0.6666666666666666,0.6666666666666666,1.0,1.0
clip,511430,kitchen,0.0701,12,8,3,0,1.0,1.0,1.0,1.0,1.0,0.375,0.375,3,1,0.75,0.75,0.6666666666666666,1.0,0.5,0.375,0.375,4,1,0.8,0.8,0.4166666666666667,1.0,0.25,0.5,0.5,1.0,1.0
clip,513138,living room,0.0673,12,6,2,0,1.0,1.0,0.6666666666666666,1.0,0.6666666666666666,0.3333333333333333,0.3333333333333333,3,1,0.75,1.0,0.6666666666666666,0.75,0.6666666666666666,0.5,0.6666666666666666,5,2,0.7142857142857143,0.8888888888888888,0.5833333333333334,0.8333333333333334,0.5,0.8333333333333334,0.8333333333333334,1.0,1.0
clip,514914,bathroom,0.0668,12,5,2,0,1.0,1.0,0.6666666666666666,1.0,0.6666666666666666,0.4,0.4,5,0,1.0,1.0,0.8333333333333334,1.0,0.8333333333333334,1.0,1.0,5,1,0.8333333333333334,0.875,0.5,1.0,0.4166666666666667,1.0,1.0,1.0,1.0
clip,516856,dining,0.0715,12,8,3,0,1.0,1.0,1.0,1.0,0.6666666666666666,0.375,0.375,4,0,1.0,1.0,0.6666666666666666,1.0,0.5,0.5,0.5,6,2,0.75,0.7777777777777778,0.6666666666666666,1.0,0.4166666666666667,0.75,0.75,1.0,1.0
clip,523978,bathroom,0.0669,12,7,3,0,1.0,1.0,1.0,1.0,1.0,0.42857142857142855,0.42857142857142855,4,0,1.0,1.0,0.6666666666666666,1.0,0.6666666666666666,0.5714285714285714,0.5714285714285714,4,0,1.0,1.0,0.3333333333333333,1.0,0.3333333333333333,0.5714285714285714,0.5714285714285714,1.0,1.0
clip,529069,bathroom,0.0687,12,4,2,0,1.0,1.0,0.6666666666666666,1.0,0.6666666666666666,0.5,0.5,3,0,1.0,1.0,0.5,1.0,0.3333333333333333,0.75,0.75,3,2,0.6,0.6,0.4166666666666667,1.0,0.16666666666666666,0.75,0.75,1.0,1.0
clip,530229,living room,0.0702,12,5,1,0,1.0,1.0,0.3333333333333333,1.0,0.3333333333333333,0.2,0.2,3,0,1.0,1.0,0.5,1.0,0.5,0.6,0.8,4,2,0.6666666666666666,0.6666666666666666,0.5,1.0,0.25,0.8,1.0,1.0,1.0
clip,530836,kitchen,0.0685,12,9,1,1,0.5,0.5,0.6666666666666666,1.0,0.3333333333333333,0.1111111111111111,0.1111111111111111,1,2,0.3333333333333333,0.3333333333333333,0.5,1.0,0.16666666666666666,0.1111111111111111,0.1111111111111111,3,2,0.6,0.6,0.4166666666666667,1.0,0.25,0.3333333333333333,0.3333333333333333,1.0,1.0
clip,530933,bathroom,0.0642,12,4,3,0,1.0,1.0,1.0,1.0,0.6666666666666666,0.75,0.75,4,1,0.8,0.8,0.8333333333333334,1.0,0.5,1.0,1.0,4,2,0.6666666666666666,0.6666666666666666,0.5,1.0,0.25,1.0,1.0,1.0,1.0
clip,531441,dining,0.0688,12,4,1,0,1.0,1.0,0.3333333333333333,,0.0,0.25,0.25,2,0,1.0,1.0,0.3333333333333333,1.0,0.16666666666666666,0.5,0.5,2,3,0.4,0.5,0.4166666666666667,1.0,0.08333333333333333,0.5,0.5,1.0,1.0
clip,531852,living room,0.0704,12,3,1,1,0.5,0.5,0.6666666666666666,1.0,0.3333333333333333,0.3333333333333333,0.3333333333333333,1,2,0.3333333333333333,0.3333333333333333,0.5,1.0,0.16666666666666666,0.3333333333333333,0.3333333333333333,2,5,0.2857142857142857,0.2857142857142857,0.5833333333333334,1.0,0.16666666666666666,0.6666666666666666,0.6666666666666666,1.0,1.0
clip,533255,kitchen,0.0686,12,3,1,1,0.5,0.5,0.6666666666666666,1.0,0.3333333333333333,0.3333333333333333,0.3333333333333333,1,1,0.5,0.5,0.3333333333333333,1.0,0.16666666666666666,0.3333333333333333,0.3333333333333333,1,2,0.3333333333333333,0.3333333333333333,0.25,1.0,0.08333333333333333,0.3333333333333333,0.3333333333333333,1.0,1.0
clip,534456,living room,0.0704,12,5,1,1,0.5,0.5,0.6666666666666666,1.0,0.3333333333333333,0.2,0.2,3,1,0.75,0.75,0.6666666666666666,1.0,0.5,0.6,0.6,3,5,0.375,0.375,0.6666666666666666,1.0,0.25,0.6,0.6,1.0,1.0
clip,536947,kitchen,0.0686,12,4,1,1,0.5,0.5,0.6666666666666666,1.0,0.3333333333333333,0.25,0.25,2,1,0.6666666666666666,0.6666666666666666,0.5,1.0,0.3333333333333333,0.5,0.5,3,3,0.5,0.5,0.5,1.0,0.25,0.75,0.75,1.0,1.0
clip,537944,dining,0.0673,12,7,1,0,1.0,1.0,0.3333333333333333,1.0,0.3333333333333333,0.14285714285714285,0.14285714285714285,1,1,0.5,0.75,0.3333333333333333,1.0,0.16666666666666666,0.14285714285714285,0.14285714285714285,3,1,0.75,0.8333333333333334,0.3333333333333333,1.0,0.08333333333333333,0.42857142857142855,0.42857142857142855,1.0,1.0
clip,541332,bathroom,0.0723,12,3,3,0,1.0,1.0,1.0,1.0,1.0,1.0,1.0,3,0,1.0,1.0,0.5,1.0,0.5,1.0,1.0,3,3,0.5,0.5,0.5,1.0,0.25,1.0,1.0,1.0,1.0
clip,541634,dining,0.0696,12,6,2,0,1.0,1.0,0.6666666666666666,1.0,0.3333333333333333,0.3333333333333333,0.3333333333333333,5,0,1.0,1.0,0.8333333333333334,1.0,0.6666666666666666,0.8333333333333334,0.8333333333333334,5,2,0.7142857142857143,0.75,0.5833333333333334,1.0,0.3333333333333333,0.8333333333333334,0.8333333333333334,1.0,1.0
clip,546219,dining,0.0704,12,9,1,0,1.0,1.0,0.3333333333333333,1.0,0.3333333333333333,0.1111111111111111,0.1111111111111111,1,0,1.0,1.0,0.16666666666666666,1.0,0.16666666666666666,0.1111111111111111,0.1111111111111111,3,0,1.0,1.0,0.25,1.0,0.16666666666666666,0.3333333333333333,0.3333333333333333,1.0,1.0
clip,546964,living room,0.0687,12,6,2,0,1.0,1.0,0.6666666666666666,1.0,0.3333333333333333,0.3333333333333333,0.3333333333333333,3,0,1.0,1.0,0.5,1.0,0.3333333333333333,0.5,0.5,5,1,0.8333333333333334,0.8571428571428571,0.5,1.0,0.25,0.8333333333333334,0.8333333333333334,1.0,1.0
clip,547742,living room,0.0705,12,4,2,0,1.0,1.0,0.6666666666666666,1.0,0.6666666666666666,0.5,0.5,2,1,0.6666666666666666,1.0,0.5,1.0,0.3333333333333333,0.5,0.75,2,3,0.4,0.6,0.4166666666666667,1.0,0.16666666666666666,0.5,0.75,1.0,1.0
clip,554658,kitchen,0.069,12,3,2,0,1.0,1.0,0.6666666666666666,1.0,0.6666666666666666,0.6666666666666666,0.6666666666666666,3,1,0.75,0.75,0.6666666666666666,1.0,0.5,1.0,1.0,3,3,0.5,0.5,0.5,1.0,0.25,1.0,1.0,1.0,1.0
clip,554809,bathroom,0.0682,12,3,3,0,1.0,1.0,1.0,1.0,1.0,1.0,1.0,3,0,1.0,1.0,0.5,1.0,0.5,1.0,1.0,3,3,0.5,0.5,0.5,1.0,0.25,1.0,1.0,1.0,1.0
clip,556633,bathroom,0.0684,12,7,1,1,0.5,0.5,0.6666666666666666,1.0,0.3333333333333333,0.14285714285714285,0.14285714285714285,2,1,0.6666666666666666,0.6666666666666666,0.5,1.0,0.16666666666666666,0.2857142857142857,0.2857142857142857,3,1,0.75,0.75,0.3333333333333333,1.0,0.08333333333333333,0.42857142857142855,0.42857142857142855,1.0,1.0
clip,557172,bathroom,0.0683,12,7,2,0,1.0,1.0,0.6666666666666666,1.0,0.6666666666666666,0.2857142857142857,0.2857142857142857,4,0,1.0,1.0,0.6666666666666666,1.0,0.5,0.5714285714285714,0.5714285714285714,5,1,0.8333333333333334,0.8333333333333334,0.5,1.0,0.3333333333333333,0.7142857142857143,0.7142857142857143,1.0,1.0
clip,559550,dining,0.0709,12,9,1,1,0.5,0.6666666666666666,0.6666666666666666,1.0,0.3333333333333333,0.1111111111111111,0.1111111111111111,2,3,0.4,0.5,0.8333333333333334,1.0,0.16666666666666666,0.2222222222222222,0.2222222222222222,3,3,0.5,0.5714285714285714,0.5,1.0,0.16666666666666666,0.3333333333333333,0.3333333333333333,1.0,1.0
clip,567825,dining,0.0707,12,4,2,0,1.0,1.0,0.6666666666666666,1.0,0.6666666666666666,0.5,0.5,4,0,1.0,1.0,0.6666666666666666,1.0,0.6666666666666666,1.0,1.0,4,3,0.5714285714285714,0.5714285714285714,0.5833333333333334,1.0,0.3333333333333333,1.0,1.0,1.0,1.0
clip,571764,kitchen,0.0689,12,9,0,0,,,0.0,,0.0,0.0,0.0,0,1,0.0,0.0,0.16666666666666666,,0.0,0.0,0.0,1,3,0.25,0.25,0.3333333333333333,1.0,0.08333333333333333,0.1111111111111111,0.1111111111111111,0.0,0.0
clip,574940,living room,0.0713,12,8,0,0,,,0.0,,0.0,0.0,0.0,2,1,0.6666666666666666,0.6666666666666666,0.5,1.0,0.3333333333333333,0.25,0.375,5,2,0.7142857142857143,0.7142857142857143,0.5833333333333334,1.0,0.4166666666666667,0.625,0.625,0.0,0.0
clip,577507,kitchen,0.0679,12,5,0,0,,,0.0,,0.0,0.0,0.0,1,1,0.5,0.5,0.3333333333333333,1.0,0.16666666666666666,0.2,0.2,2,3,0.4,0.4,0.4166666666666667,1.0,0.08333333333333333,0.4,0.4,0.0,0.0
clip,578489,living room,0.0705,12,4,1,1,0.5,0.5,0.6666666666666666,1.0,0.3333333333333333,0.25,0.25,2,1,0.6666666666666666,0.6666666666666666,0.5,1.0,0.3333333333333333,0.5,0.5,2,2,0.5,0.5,0.3333333333333333,1.0,0.16666666666666666,0.5,0.5,1.0,1.0
clip,578871,dining,0.0713,12,6,2,0,1.0,1.0,0.6666666666666666,1.0,0.6666666666666666,0.3333333333333333,0.3333333333333333,3,0,1.0,1.0,0.5,1.0,0.5,0.5,0.5,4,3,0.5714285714285714,0.625,0.5833333333333334,1.0,0.3333333333333333,0.6666666666666666,0.6666666666666666,1.0,1.0
clip,580026,dining,0.0753,12,5,2,0,1.0,1.0,0.6666666666666666,1.0,0.6666666666666666,0.4,0.4,3,1,0.75,0.8333333333333334,0.6666666666666666,1.0,0.5,0.6,0.6,5,2,0.7142857142857143,0.7777777777777778,0.5833333333333334,1.0,0.3333333333333333,1.0,1.0,1.0,1.0
qwen_vl,5335,bathroom,2.7458,8,6,0,0,,,0.0,,0.0,0.0,0.0,1,0,1.0,1.0,0.16666666666666666,1.0,0.16666666666666666,0.16666666666666666,0.16666666666666666,2,0,1.0,1.0,0.16666666666666666,1.0,0.16666666666666666,0.16666666666666666,0.16666666666666666,0.0,0.0
qwen_vl,7574,kitchen,2.5887,9,8,2,0,1.0,1.0,0.6666666666666666,1.0,0.3333333333333333,0.125,0.125,3,0,1.0,1.0,0.5,1.0,0.16666666666666666,0.125,0.125,5,0,1.0,1.0,0.4166666666666667,1.0,0.25,0.375,0.375,1.0,1.0
qwen_vl,12873,bathroom,1.4621,3,3,3,0,1.0,1.0,1.0,1.0,1.0,1.0,1.0,3,0,1.0,1.0,0.5,1.0,0.5,1.0,1.0,3,0,1.0,1.0,0.25,1.0,0.25,1.0,1.0,1.0,1.0
qwen_vl,14635,kitchen,2.8954,11,8,3,0,1.0,1.0,1.0,1.0,0.3333333333333333,0.375,0.375,4,0,1.0,1.0,0.6666666666666666,1.0,0.16666666666666666,0.5,0.5,7,1,0.875,0.875,0.6666666666666666,1.0,0.3333333333333333,0.5,0.5,1.0,1.0
qwen_vl,16958,living room,1.6743,5,5,2,0,1.0,1.0,0.6666666666666666,1.0,0.6666666666666666,0.2,0.4,4,0,1.0,1.0,0.6666666666666666,1.0,0.6666666666666666,0.6,0.8,4,0,1.0,1.0,0.3333333333333333,1.0,0.3333333333333333,0.6,0.8,1.0,1.0
qwen_vl,17580,kitchen,1.8537,5,5,3,0,1.0,1.0,1.0,1.0,1.0,0.4,0.4,4,0,1.0,1.0,0.6666666666666666,1.0,0.6666666666666666,0.6,0.6,4,0,1.0,1.0,0.3333333333333333,1.0,0.3333333333333333,0.6,0.6,1.0,1.0
qwen_vl,23258,dining,1.6823,5,5,3,0,1.0,1.0,1.0,1.0,1.0,0.2,0.4,4,0,1.0,1.0,0.6666666666666666,1.0,0.6666666666666666,0.4,0.8,4,0,1.0,1.0,0.3333333333333333,1.0,0.3333333333333333,0.4,0.8,1.0,1.0
qwen_vl,28903,bathroom,1.814,4,6,3,0,1.0,1.0,1.0,1.0,0.6666666666666666,0.5,0.5,3,0,1.0,1.0,0.5,1.0,0.3333333333333333,0.5,0.5,3,0,1.0,1.0,0.25,1.0,0.16666666666666666,0.5,0.5,1.0,1.0
qwen_vl,29288,living room,2.586,8,6,2,0,1.0,1.0,0.6666666666666666,1.0,0.3333333333333333,0.16666666666666666,0.16666666666666666,5,0,1.0,1.0,0.8333333333333334,1.0,0.6666666666666666,0.6666666666666666,0.8333333333333334,5,0,1.0,1.0,0.4166666666666667,1.0,0.3333333333333333,0.6666666666666666,0.8333333333333334,1.0,1.0
qwen_vl,31296,dining,2.9475,10,7,1,0,1.0,1.0,0.3333333333333333,,0.0,0.14285714285714285,0.42857142857142855,2,0,1.0,1.0,0.3333333333333333,,0.0,0.2857142857142857,0.5714285714285714,2,0,1.0,1.0,0.16666666666666666,,0.0,0.2857142857142857,0.5714285714285714,1.0,1.0
qwen_vl,33909,bathroom,1.8264,5,3,2,0,1.0,1.0,0.6666666666666666,1.0,0.6666666666666666,0.6666666666666666,0.6666666666666666,4,0,1.0,1.0,0.6666666666666666,1.0,0.6666666666666666,0.6666666666666666,0.6666666666666666,4,0,1.0,1.0,0.3333333333333333,1.0,0.3333333333333333,0.6666666666666666,0.6666666666666666,1.0,1.0
qwen_vl,34524,bedroom,1.902,3,3,2,0,1.0,1.0,0.6666666666666666,1.0,0.6666666666666666,0.6666666666666666,0.6666666666666666,2,0,1.0,1.0,0.3333333333333333,1.0,0.3333333333333333,0.6666666666666666,0.6666666666666666,2,0,1.0,1.0,0.16666666666666666,1.0,0.16666666666666666,0.6666666666666666,0.6666666666666666,1.0,1.0
qwen_vl,35664,bedroom,1.6169,6,7,3,0,1.0,1.0,1.0,1.0,0.6666666666666666,0.2857142857142857,0.2857142857142857,3,0,1.0,1.0,0.5,1.0,0.3333333333333333,0.2857142857142857,0.5714285714285714,3,0,1.0,1.0,0.25,1.0,0.16666666666666666,0.2857142857142857,0.5714285714285714,1.0,1.0
qwen_vl,36494,dining,2.0208,7,8,2,0,1.0,1.0,0.6666666666666666,1.0,0.3333333333333333,0.25,0.375,3,1,0.75,0.8,0.6666666666666666,1.0,0.16666666666666666,0.375,0.5,3,1,0.75,0.8,0.3333333333333333,1.0,0.08333333333333333,0.375,0.5,1.0,1.0
qwen_vl,36844,kitchen,3.0334,10,10,3,0,1.0,1.0,1.0,1.0,1.0,0.3,0.3,5,0,1.0,1.0,0.8333333333333334,1.0,0.6666666666666666,0.4,0.4,7,0,1.0,1.0,0.5833333333333334,1.0,0.5,0.6,0.6,1.0,1.0
qwen_vl,36936,living room,1.1234,5,10,3,0,1.0,1.0,1.0,1.0,1.0,0.2,0.2,4,0,1.0,1.0,0.6666666666666666,1.0,0.6666666666666666,0.3,0.3,4,0,1.0,1.0,0.3333333333333333,1.0,0.3333333333333333,0.3,0.3,1.0,1.0
qwen_vl,43944,dining,1.3138,3,4,2,0,1.0,1.0,0.6666666666666666,1.0,0.6666666666666666,0.5,0.5,2,0,1.0,1.0,0.3333333333333333,1.0,0.3333333333333333,0.5,0.5,2,0,1.0,1.0,0.16666666666666666,1.0,0.16666666666666666,0.5,0.5,1.0,1.0
qwen_vl,45404,bedroom,2.0,6,4,2,0,1.0,1.0,0.6666666666666666,1.0,0.3333333333333333,0.25,0.25,4,0,1.0,1.0,0.6666666666666666,1.0,0.5,0.75,1.0,4,0,1.0,1.0,0.3333333333333333,1.0,0.25,0.75,1.0,1.0,1.0
qwen_vl,46029,bedroom,1.2892,3,4,2,0,1.0,1.0,0.6666666666666666,1.0,0.6666666666666666,0.5,0.5,2,0,1.0,1.0,0.3333333333333333,1.0,0.3333333333333333,0.5,0.5,2,0,1.0,1.0,0.16666666666666666,1.0,0.16666666666666666,0.5,0.5,1.0,1.0
qwen_vl,49984,bathroom,1.8408,5,5,1,0,1.0,1.0,0.3333333333333333,1.0,0.3333333333333333,0.0,0.0,2,0,1.0,1.0,0.3333333333333333,1.0,0.3333333333333333,0.2,0.2,2,0,1.0,1.0,0.16666666666666666,1.0,0.16666666666666666,0.2,0.2,1.0,1.0
qwen_vl,53328,living room,1.8835,5,4,2,0,1.0,1.0,0.6666666666666666,1.0,0.3333333333333333,0.5,0.75,3,1,0.75,0.8,0.6666666666666666,1.0,0.3333333333333333,0.5,0.75,3,1,0.75,0.8,0.3333333333333333,1.0,0.16666666666666666,0.5,0.75,1.0,1.0
qwen_vl,53457,bedroom,0.6863,2,4,2,0,1.0,1.0,0.6666666666666666,1.0,0.6666666666666666,0.5,0.5,2,0,1.0,1.0,0.3333333333333333,1.0,0.3333333333333333,0.5,0.5,2,0,1.0,1.0,0.16666666666666666,1.0,0.16666666666666666,0.5,0.5,1.0,1.0
qwen_vl,54318,bedroom,1.7241,6,7,1,0,1.0,1.0,0.3333333333333333,1.0,0.3333333333333333,0.14285714285714285,0.2857142857142857,4,0,1.0,1.0,0.6666666666666666,1.0,0.5,0.42857142857142855,0.5714285714285714,4,0,1.0,1.0,0.3333333333333333,1.0,0.25,0.42857142857142855,0.5714285714285714,1.0,1.0
qwen_vl,61773,kitchen,2.1637,7,7,3,0,1.0,1.0,1.0,1.0,1.0,0.2857142857142857,0.2857142857142857,4,0,1.0,1.0,0.6666666666666666,1.0,0.6666666666666666,0.2857142857142857,0.2857142857142857,4,0,1.0,1.0,0.3333333333333333,1.0,0.3333333333333333,0.2857142857142857,0.2857142857142857,1.0,1.0
qwen_vl,61925,bedroom,2.7642,11,7,2,0,1.0,1.0,0.6666666666666666,1.0,0.6666666666666666,0.2857142857142857,0.2857142857142857,4,0,1.0,1.0,0.6666666666666666,1.0,0.5,0.5714285714285714,0.5714285714285714,6,0,1.0,1.0,0.5,1.0,0.4166666666666667,0.8571428571428571,1.0,1.0,1.0
qwen_vl,63081,living room,1.8479,5,8,2,0,1.0,1.0,0.6666666666666666,1.0,0.3333333333333333,0.25,0.25,3,0,1.0,1.0,0.5,1.0,0.3333333333333333,0.375,0.375,3,0,1.0,1.0,0.25,1.0,0.16666666666666666,0.375,0.375,1.0,1.0
qwen_vl,63865,dining,1.3259,3,7,1,0,1.0,1.0,0.3333333333333333,,0.0,0.14285714285714285,0.14285714285714285,1,0,1.0,1.0,0.16666666666666666,,0.0,0.14285714285714285,0.14285714285714285,1,0,1.0,1.0,0.08333333333333333,,0.0,0.14285714285714285,0.14285714285714285,1.0,1.0
qwen_vl,65884,living room,1.5383,5,9,2,0,1.0,1.0,0.6666666666666666,1.0,0.3333333333333333,0.2222222222222222,0.2222222222222222,3,0,1.0,1.0,0.5,1.0,0.3333333333333333,0.3333333333333333,0.3333333333333333,3,0,1.0,1.0,0.25,1.0,0.16666666666666666,0.3333333333333333,0.3333333333333333,1.0,1.0
qwen_vl,67647,kitchen,3.4297,6,10,3,0,1.0,1.0,1.0,1.0,0.6666666666666666,0.3,0.3,4,0,1.0,1.0,0.6666666666666666,1.0,0.5,0.3,0.4,4,0,1.0,1.0,0.3333333333333333,1.0,0.25,0.3,0.4,1.0,1.0
qwen_vl,68260,kitchen,1.7977,5,4,2,1,0.6666666666666666,0.6666666666666666,1.0,1.0,0.3333333333333333,0.25,0.25,3,1,0.75,0.75,0.6666666666666666,1.0,0.16666666666666666,0.5,0.5,3,1,0.75,0.75,0.3333333333333333,1.0,0.08333333333333333,0.5,0.5,1.0,1.0
qwen_vl,68286,bedroom,1.5197,5,5,1,0,1.0,1.0,0.3333333333333333,1.0,0.3333333333333333,0.2,0.4,2,0,1.0,1.0,0.3333333333333333,1.0,0.3333333333333333,0.4,0.6,2,0,1.0,1.0,0.16666666666666666,1.0,0.16666666666666666,0.4,0.6,1.0,1.0
qwen_vl,72961,bedroom,1.8723,6,7,1,0,1.0,1.0,0.3333333333333333,1.0,0.3333333333333333,0.14285714285714285,0.14285714285714285,3,0,1.0,1.0,0.5,1.0,0.5,0.42857142857142855,0.42857142857142855,3,0,1.0,1.0,0.25,1.0,0.25,0.42857142857142855,0.42857142857142855,1.0,1.0
qwen_vl,73326,kitchen,3.5928,12,4,2,0,1.0,1.0,0.6666666666666666,1.0,0.6666666666666666,0.25,0.25,2,0,1.0,1.0,0.3333333333333333,1.0,0.3333333333333333,0.25,0.25,3,0,1.0,1.0,0.25,1.0,0.25,0.25,0.25,1.0,1.0
qwen_vl,74357,kitchen,2.6994,10,8,1,0,1.0,1.0,0.3333333333333333,1.0,0.3333333333333333,0.125,0.125,2,0,1.0,1.0,0.3333333333333333,1.0,0.3333333333333333,0.125,0.125,5,1,0.8333333333333334,0.8333333333333334,0.5,1.0,0.25,0.375,0.375,1.0,1.0
qwen_vl,75110,bedroom,2.5636,8,6,3,0,1.0,1.0,1.0,1.0,1.0,0.3333333333333333,0.3333333333333333,4,0,1.0,1.0,0.6666666666666666,1.0,0.6666666666666666,0.5,0.5,5,0,1.0,1.0,0.4166666666666667,1.0,0.3333333333333333,0.6666666666666666,0.8333333333333334,1.0,1.0
qwen_vl,75811,bathroom,3.4279,11,3,2,0,1.0,1.0,0.6666666666666666,1.0,0.6666666666666666,0.3333333333333333,0.3333333333333333,3,0,1.0,1.0,0.5,1.0,0.5,0.6666666666666666,0.6666666666666666,4,0,1.0,1.0,0.3333333333333333,1.0,0.3333333333333333,0.6666666666666666,0.6666666666666666,1.0,1.0
qwen_vl,77177,living room,2.3631,8,3,2,0,1.0,1.0,0.6666666666666666,1.0,0.6666666666666666,0.6666666666666666,0.6666666666666666,2,0,1.0,1.0,0.3333333333333333,1.0,0.3333333333333333,0.6666666666666666,0.6666666666666666,2,0,1.0,1.0,0.16666666666666666,1.0,0.16666666666666666,0.6666666666666666,1.0,1.0,1.0
qwen_vl,80369,kitchen,2.3038,7,8,3,0,1.0,1.0,1.0,1.0,0.6666666666666666,0.25,0.25,5,0,1.0,1.0,0.8333333333333334,1.0,0.5,0.5,0.5,6,0,1.0,1.0,0.5,1.0,0.3333333333333333,0.625,0.625,1.0,1.0
qwen_vl,84680,kitchen,3.4285,11,3,1,0,1.0,1.0,0.3333333333333333,1.0,0.3333333333333333,0.3333333333333333,0.3333333333333333,1,0,1.0,1.0,0.16666666666666666,1.0,0.16666666666666666,0.3333333333333333,0.3333333333333333,1,2,0.3333333333333333,0.3333333333333333,0.25,1.0,0.08333333333333333,0.3333333333333333,0.3333333333333333,1.0,1.0
qwen_vl,88040,dining,3.0133,12,8,3,0,1.0,1.0,1.0,1.0,1.0,0.375,0.375,4,0,1.0,1.0,0.6666666666666666,1.0,0.6666666666666666,0.5,0.5,10,0,1.0,1.0,0.8333333333333334,1.0,0.6666666666666666,0.75,0.75,1.0,1.0
qwen_vl,98085,dining,1.8232,5,3,2,0,1.0,1.0,0.6666666666666666,1.0,0.6666666666666666,0.6666666666666666,0.6666666666666666,2,0,1.0,1.0,0.3333333333333333,1.0,0.3333333333333333,0.6666666666666666,0.6666666666666666,2,0,1.0,1.0,0.16666666666666666,1.0,0.16666666666666666,0.6666666666666666,0.6666666666666666,1.0,1.0
qwen_vl,101630,bathroom,2.5843,7,7,2,0,1.0,1.0,0.6666666666666666,1.0,0.6666666666666666,0.2857142857142857,0.2857142857142857,3,0,1.0,1.0,0.5,1.0,0.5,0.42857142857142855,0.42857142857142855,3,0,1.0,1.0,0.25,1.0,0.25,0.42857142857142855,0.42857142857142855,1.0,1.0
qwen_vl,101816,bathroom,3.3177,11,5,1,0,1.0,1.0,0.3333333333333333,1.0,0.3333333333333333,0.0,0.0,4,0,1.0,1.0,0.6666666666666666,1.0,0.6666666666666666,0.6,0.6,4,0,1.0,1.0,0.3333333333333333,1.0,0.3333333333333333,0.6,0.6,1.0,1.0
qwen_vl,102223,bedroom,1.1029,3,5,3,0,1.0,1.0,1.0,1.0,0.6666666666666666,0.6,0.6,3,0,1.0,1.0,0.5,1.0,0.3333333333333333,0.6,0.6,3,0,1.0,1.0,0.25,1.0,0.16666666666666666,0.6,0.6,1.0,1.0
qwen_vl,102320,bathroom,2.1938,6,5,3,0,1.0,1.0,1.0,1.0,0.6666666666666666,0.6,0.6,5,0,1.0,1.0,0.8333333333333334,1.0,0.6666666666666666,1.0,1.0,5,0,1.0,1.0,0.4166666666666667,1.0,0.3333333333333333,1.0,1.0,1.0,1.0
qwen_vl,102718,bathroom,3.2463,12,7,2,0,1.0,1.0,0.6666666666666666,1.0,0.6666666666666666,0.14285714285714285,0.14285714285714285,4,0,1.0,1.0,0.6666666666666666,1.0,0.5,0.42857142857142855,0.5714285714285714,5,0,1.0,1.0,0.4166666666666667,1.0,0.3333333333333333,0.5714285714285714,0.7142857142857143,1.0,1.0
qwen_vl,102841,bedroom,1.3648,3,4,2,0,1.0,1.0,0.6666666666666666,1.0,0.3333333333333333,0.5,0.5,2,0,1.0,1.0,0.3333333333333333,1.0,0.16666666666666666,0.5,0.5,2,0,1.0,1.0,0.16666666666666666,1.0,0.08333333333333333,0.5,0.5,1.0,1.0
qwen_vl,103119,kitchen,3.4838,10,4,2,0,1.0,1.0,0.6666666666666666,1.0,0.6666666666666666,0.5,0.5,4,0,1.0,1.0,0.6666666666666666,1.0,0.5,1.0,1.0,5,0,1.0,1.0,0.4166666666666667,1.0,0.25,1.0,1.0,1.0,1.0
qwen_vl,106235,living room,2.2556,7,7,3,0,1.0,1.0,1.0,1.0,0.6666666666666666,0.42857142857142855,0.42857142857142855,4,0,1.0,1.0,0.6666666666666666,1.0,0.5,0.5714285714285714,0.5714285714285714,4,0,1.0,1.0,0.3333333333333333,1.0,0.25,0.5714285714285714,0.5714285714285714,1.0,1.0
qwen_vl,110884,bathroom,1.9718,4,6,0,0,,,0.0,,0.0,0.0,0.0,1,0,1.0,1.0,0.16666666666666666,1.0,0.16666666666666666,0.16666666666666666,0.16666666666666666,1,0,1.0,1.0,0.08333333333333333,1.0,0.08333333333333333,0.16666666666666666,0.16666666666666666,0.0,0.0
qwen_vl,111951,bathroom,3.0795,10,4,0,0,,,0.0,,0.0,0.0,0.0,2,0,1.0,1.0,0.3333333333333333,1.0,0.3333333333333333,0.25,0.25,3,0,1.0,1.0,0.25,1.0,0.25,0.5,0.5,0.0,0.0
qwen_vl,114108,dining,1.4583,5,7,2,0,1.0,1.0,0.6666666666666666,1.0,0.6666666666666666,0.2857142857142857,0.2857142857142857,3,0,1.0,1.0,0.5,1.0,0.3333333333333333,0.42857142857142855,0.42857142857142855,3,0,1.0,1.0,0.25,1.0,0.16666666666666666,0.42857142857142855,0.42857142857142855,1.0,1.0
qwen_vl,116479,bedroom,0.9519,5,5,1,0,1.0,1.0,0.3333333333333333,1.0,0.3333333333333333,0.2,0.2,1,0,1.0,1.0,0.16666666666666666,1.0,0.16666666666666666,0.2,0.2,1,0,1.0,1.0,0.08333333333333333,1.0,0.08333333333333333,0.2,0.2,1.0,1.0
qwen_vl,117089,dining,1.9099,6,10,2,0,1.0,1.0,0.6666666666666666,1.0,0.3333333333333333,0.2,0.2,2,0,1.0,1.0,0.3333333333333333,1.0,0.16666666666666666,0.2,0.2,2,0,1.0,1.0,0.16666666666666666,1.0,0.08333333333333333,0.2,0.2,1.0,1.0
qwen_vl,121904,kitchen,1.8421,5,9,3,0,1.0,1.0,1.0,1.0,1.0,0.2222222222222222,0.2222222222222222,5,0,1.0,1.0,0.8333333333333334,1.0,0.6666666666666666,0.3333333333333333,0.3333333333333333,5,0,1.0,1.0,0.4166666666666667,1.0,0.3333333333333333,0.3333333333333333,0.3333333333333333,1.0,1.0
qwen_vl,125955,bathroom,1.5883,4,5,1,0,1.0,1.0,0.3333333333333333,1.0,0.3333333333333333,0.2,0.2,2,0,1.0,1.0,0.3333333333333333,1.0,0.3333333333333333,0.4,0.4,2,0,1.0,1.0,0.16666666666666666,1.0,0.16666666666666666,0.4,0.4,1.0,1.0
qwen_vl,127168,bedroom,2.1683,8,3,2,0,1.0,1.0,0.6666666666666666,1.0,0.6666666666666666,0.6666666666666666,0.6666666666666666,2,0,1.0,1.0,0.3333333333333333,1.0,0.3333333333333333,0.6666666666666666,0.6666666666666666,2,0,1.0,1.0,0.16666666666666666,1.0,0.16666666666666666,0.6666666666666666,0.6666666666666666,1.0,1.0
qwen_vl,127394,dining,2.9364,12,9,1,0,1.0,1.0,0.3333333333333333,1.0,0.3333333333333333,0.1111111111111111,0.1111111111111111,3,0,1.0,1.0,0.5,1.0,0.5,0.3333333333333333,0.3333333333333333,5,0,1.0,1.0,0.4166666666666667,1.0,0.3333333333333333,0.4444444444444444,0.4444444444444444,1.0,1.0
qwen_vl,129322,bathroom,4.2903,11,3,2,0,1.0,1.0,0.6666666666666666,1.0,0.6666666666666666,0.6666666666666666,0.6666666666666666,2,1,0.6666666666666666,0.6666666666666666,0.5,1.0,0.3333333333333333,0.6666666666666666,0.6666666666666666,3,1,0.75,0.75,0.3333333333333333,1.0,0.25,0.6666666666666666,0.6666666666666666,1.0,1.0
qwen_vl,129980,living room,2.4095,8,8,3,0,1.0,1.0,1.0,1.0,1.0,0.375,0.375,5,0,1.0,1.0,0.8333333333333334,1.0,0.8333333333333334,0.625,0.625,7,0,1.0,1.0,0.5833333333333334,1.0,0.5,0.875,0.875,1.0,1.0
qwen_vl,134907,living room,0.8578,3,6,3,0,1.0,1.0,1.0,1.0,0.6666666666666666,0.5,0.5,3,0,1.0,1.0,0.5,1.0,0.3333333333333333,0.5,0.5,3,0,1.0,1.0,0.25,1.0,0.16666666666666666,0.5,0.5,1.0,1.0
qwen_vl,140487,living room,1.7933,6,7,1,2,0.3333333333333333,0.3333333333333333,1.0,0.5,0.6666666666666666,0.14285714285714285,0.14285714285714285,2,2,0.5,0.5,0.6666666666666666,0.5,0.3333333333333333,0.2857142857142857,0.2857142857142857,2,2,0.5,0.5,0.3333333333333333,0.5,0.16666666666666666,0.2857142857142857,0.2857142857142857,1.0,1.0
qwen_vl,140987,dining,1.442,4,6,3,0,1.0,1.0,1.0,1.0,1.0,0.5,0.5,3,0,1.0,1.0,0.5,1.0,0.5,0.5,0.5,3,0,1.0,1.0,0.25,1.0,0.25,0.5,0.5,1.0,1.0
qwen_vl,141180,bedroom,1.379,4,5,3,0,1.0,1.0,1.0,1.0,0.6666666666666666,0.4,0.4,4,0,1.0,1.0,0.6666666666666666,1.0,0.5,0.6,0.6,4,0,1.0,1.0,0.3333333333333333,1.0,0.25,0.6,0.6,1.0,1.0
qwen_vl,141795,bathroom,2.4944,8,6,2,0,1.0,1.0,0.6666666666666666,1.0,0.6666666666666666,0.3333333333333333,0.3333333333333333,4,0,1.0,1.0,0.6666666666666666,1.0,0.6666666666666666,0.6666666666666666,0.6666666666666666,5,0,1.0,1.0,0.4166666666666667,1.0,0.4166666666666667,0.8333333333333334,0.8333333333333334,1.0,1.0
qwen_vl,142240,kitchen,2.9315,10,5,2,0,1.0,1.0,0.6666666666666666,1.0,0.6666666666666666,0.2,0.2,4,0,1.0,1.0,0.6666666666666666,1.0,0.6666666666666666,0.4,0.4,5,0,1.0,1.0,0.4166666666666667,1.0,0.3333333333333333,0.6,0.6,1.0,1.0
qwen_vl,142291,living room,1.5369,9,4,3,0,1.0,1.0,1.0,1.0,0.6666666666666666,0.5,0.5,5,1,0.8333333333333334,0.8333333333333334,1.0,1.0,0.6666666666666666,1.0,1.0,6,1,0.8571428571428571,0.8571428571428571,0.5833333333333334,1.0,0.3333333333333333,1.0,1.0,1.0,1.0
qwen_vl,149184,kitchen,2.0009,6,12,3,0,1.0,1.0,1.0,1.0,1.0,0.16666666666666666,0.16666666666666666,6,0,1.0,1.0,1.0,1.0,0.6666666666666666,0.3333333333333333,0.3333333333333333,6,0,1.0,1.0,0.5,1.0,0.3333333333333333,0.3333333333333333,0.3333333333333333,1.0,1.0
qwen_vl,150417,kitchen,2.1944,7,7,1,0,1.0,1.0,0.3333333333333333,1.0,0.3333333333333333,0.14285714285714285,0.14285714285714285,2,1,0.6666666666666666,0.6666666666666666,0.5,1.0,0.3333333333333333,0.2857142857142857,0.42857142857142855,3,1,0.75,0.75,0.3333333333333333,1.0,0.16666666666666666,0.42857142857142855,0.5714285714285714,1.0,1.0
qwen_vl,150874,bedroom,2.0339,8,9,2,0,1.0,1.0,0.6666666666666666,1.0,0.6666666666666666,0.2222222222222222,0.3333333333333333,4,0,1.0,1.0,0.6666666666666666,1.0,0.5,0.4444444444444444,0.5555555555555556,5,0,1.0,1.0,0.4166666666666667,1.0,0.3333333333333333,0.5555555555555556,0.6666666666666666,1.0,1.0
qwen_vl,151414,bedroom,1.3636,4,5,3,0,1.0,1.0,1.0,1.0,0.3333333333333333,0.6,0.8,3,0,1.0,1.0,0.5,1.0,0.16666666666666666,0.6,0.8,3,0,1.0,1.0,0.25,1.0,0.08333333333333333,0.6,0.8,1.0,1.0
qwen_vl,152298,bathroom,1.7332,5,6,1,0,1.0,1.0,0.3333333333333333,1.0,0.3333333333333333,0.16666666666666666,0.16666666666666666,3,0,1.0,1.0,0.5,1.0,0.5,0.5,0.5,3,0,1.0,1.0,0.25,1.0,0.25,0.5,0.5,1.0,1.0
qwen_vl,154358,living room,2.8158,10,7,1,1,0.5,0.5,0.6666666666666666,1.0,0.3333333333333333,0.14285714285714285,0.14285714285714285,3,1,0.75,0.75,0.6666666666666666,1.0,0.3333333333333333,0.2857142857142857,0.2857142857142857,5,1,0.8333333333333334,0.8333333333333334,0.5,1.0,0.3333333333333333,0.5714285714285714,0.5714285714285714,1.0,1.0
qwen_vl,154431,living room,1.2321,3,5,2,0,1.0,1.0,0.6666666666666666,1.0,0.6666666666666666,0.4,0.4,2,0,1.0,1.0,0.3333333333333333,1.0,0.3333333333333333,0.4,0.4,2,0,1.0,1.0,0.16666666666666666,1.0,0.16666666666666666,0.4,0.4,1.0,1.0
qwen_vl,154704,dining,1.9904,6,5,3,0,1.0,1.0,1.0,1.0,1.0,0.6,0.6,4,0,1.0,1.0,0.6666666666666666,1.0,0.5,0.8,0.8,4,0,1.0,1.0,0.3333333333333333,1.0,0.25,0.8,0.8,1.0,1.0
qwen_vl,156643,dining,1.3834,4,6,1,0,1.0,1.0,0.3333333333333333,1.0,0.3333333333333333,0.16666666666666666,0.16666666666666666,2,0,1.0,1.0,0.3333333333333333,1.0,0.3333333333333333,0.16666666666666666,0.16666666666666666,2,0,1.0,1.0,0.16666666666666666,1.0,0.16666666666666666,0.16666666666666666,0.16666666666666666,1.0,1.0
qwen_vl,157045,bathroom,1.7661,5,3,3,0,1.0,1.0,1.0,1.0,1.0,1.0,1.0,4,0,1.0,1.0,0.6666666666666666,1.0,0.6666666666666666,1.0,1.0,4,0,1.0,1.0,0.3333333333333333,1.0,0.3333333333333333,1.0,1.0,1.0,1.0
qwen_vl,158880,bathroom,1.3566,3,3,2,0,1.0,1.0,0.6666666666666666,1.0,0.6666666666666666,0.6666666666666666,1.0,2,0,1.0,1.0,0.3333333333333333,1.0,0.3333333333333333,0.6666666666666666,1.0,2,0,1.0,1.0,0.16666666666666666,1.0,0.16666666666666666,0.6666666666666666,1.0,1.0,1.0
qwen_vl,163589,dining,2.245,7,4,3,0,1.0,1.0,1.0,1.0,0.6666666666666666,0.75,0.75,4,0,1.0,1.0,0.6666666666666666,1.0,0.5,0.75,0.75,4,0,1.0,1.0,0.3333333333333333,1.0,0.25,0.75,0.75,1.0,1.0
qwen_vl,164005,bedroom,1.2106,3,5,3,0,1.0,1.0,1.0,1.0,0.6666666666666666,0.4,0.4,3,0,1.0,1.0,0.5,1.0,0.3333333333333333,0.4,0.4,3,0,1.0,1.0,0.25,1.0,0.16666666666666666,0.4,0.4,1.0,1.0
qwen_vl,164602,bathroom,1.354,3,4,2,0,1.0,1.0,0.6666666666666666,1.0,0.6666666666666666,0.25,0.25,2,0,1.0,1.0,0.3333333333333333,1.0,0.3333333333333333,0.25,0.25,2,0,1.0,1.0,0.16666666666666666,1.0,0.16666666666666666,0.25,0.25,1.0,1.0
qwen_vl,166313,bathroom,1.7942,5,4,3,0,1.0,1.0,1.0,1.0,1.0,0.75,0.75,4,0,1.0,1.0,0.6666666666666666,1.0,0.6666666666666666,1.0,1.0,4,0,1.0,1.0,0.3333333333333333,1.0,0.3333333333333333,1.0,1.0,1.0,1.0
qwen_vl,166426,dining,1.6704,5,6,2,0,1.0,1.0,0.6666666666666666,1.0,0.3333333333333333,0.3333333333333333,0.3333333333333333,4,0,1.0,1.0,0.6666666666666666,1.0,0.5,0.6666666666666666,0.6666666666666666,4,0,1.0,1.0,0.3333333333333333,1.0,0.25,0.6666666666666666,0.6666666666666666,1.0,1.0
qwen_vl,166533,kitchen,2.3365,9,5,3,0,1.0,1.0,1.0,1.0,0.6666666666666666,0.2,0.2,5,0,1.0,1.0,0.8333333333333334,1.0,0.5,0.6,0.6,7,0,1.0,1.0,0.5833333333333334,1.0,0.4166666666666667,0.6,0.6,1.0,1.0
qwen_vl,167898,bathroom,2.526,8,7,2,0,1.0,1.0,0.6666666666666666,1.0,0.6666666666666666,0.14285714285714285,0.14285714285714285,5,0,1.0,1.0,0.8333333333333334,1.0,0.6666666666666666,0.42857142857142855,0.42857142857142855,7,0,1.0,1.0,0.5833333333333334,1.0,0.5,0.7142857142857143,0.7142857142857143,1.0,1.0
qwen_vl,170191,bedroom,1.592,5,3,2,0,1.0,1.0,0.6666666666666666,1.0,0.6666666666666666,0.3333333333333333,0.3333333333333333,2,0,1.0,1.0,0.3333333333333333,1.0,0.3333333333333333,0.3333333333333333,0.3333333333333333,2,0,1.0,1.0,0.16666666666666666,1.0,0.16666666666666666,0.3333333333333333,0.3333333333333333,1.0,1.0
qwen_vl,170529,bedroom,1.3873,4,4,0,0,,,0.0,,0.0,0.0,0.0,1,0,1.0,1.0,0.16666666666666666,,0.0,0.25,0.25,1,0,1.0,1.0,0.08333333333333333,,0.0,0.25,0.25,0.0,0.0
qwen_vl,171740,living room,3.2285,8,4,3,0,1.0,1.0,1.0,1.0,0.6666666666666666,0.75,0.75,4,1,0.8,0.8,0.8333333333333334,1.0,0.5,0.75,0.75,4,1,0.8,0.8,0.4166666666666667,1.0,0.25,0.75,0.75,1.0,1.0
qwen_vl,173968,bathroom,2.6849,8,5,1,0,1.0,1.0,0.3333333333333333,,0.0,0.2,0.2,3,0,1.0,1.0,0.5,1.0,0.16666666666666666,0.6,0.6,5,0,1.0,1.0,0.4166666666666667,1.0,0.25,0.8,0.8,1.0,1.0
qwen_vl,174964,bedroom,1.7434,5,6,1,0,1.0,1.0,0.3333333333333333,1.0,0.3333333333333333,0.16666666666666666,0.3333333333333333,2,0,1.0,1.0,0.3333333333333333,1.0,0.3333333333333333,0.3333333333333333,0.5,2,0,1.0,1.0,0.16666666666666666,1.0,0.16666666666666666,0.3333333333333333,0.5,1.0,1.0
qwen_vl,175364,kitchen,2.9472,10,8,2,1,0.6666666666666666,0.6666666666666666,1.0,1.0,0.3333333333333333,0.0,0.0,4,1,0.8,0.8,0.8333333333333334,1.0,0.5,0.0,0.0,5,2,0.7142857142857143,0.7142857142857143,0.5833333333333334,1.0,0.3333333333333333,0.125,0.125,1.0,1.0
qwen_vl,177824,living room,1.6359,5,7,3,0,1.0,1.0,1.0,1.0,0.3333333333333333,0.42857142857142855,0.42857142857142855,3,0,1.0,1.0,0.5,1.0,0.16666666666666666,0.42857142857142855,0.42857142857142855,3,0,1.0,1.0,0.25,1.0,0.08333333333333333,0.42857142857142855,0.42857142857142855,1.0,1.0
qwen_vl,178504,bedroom,1.0756,3,3,2,0,1.0,1.0,0.6666666666666666,1.0,0.3333333333333333,0.3333333333333333,0.3333333333333333,2,0,1.0,1.0,0.3333333333333333,1.0,0.16666666666666666,0.3333333333333333,0.3333333333333333,2,0,1.0,1.0,0.16666666666666666,1.0,0.08333333333333333,0.3333333333333333,0.3333333333333333,1.0,1.0
qwen_vl,178690,living room,2.238,6,5,2,0,1.0,1.0,0.6666666666666666,1.0,0.3333333333333333,0.4,0.4,3,0,1.0,1.0,0.5,1.0,0.3333333333333333,0.4,0.4,3,0,1.0,1.0,0.25,1.0,0.16666666666666666,0.4,0.4,1.0,1.0
qwen_vl,180908,bedroom,2.3237,7,6,2,0,1.0,1.0,0.6666666666666666,1.0,0.6666666666666666,0.3333333333333333,0.5,2,0,1.0,1.0,0.3333333333333333,1.0,0.3333333333333333,0.3333333333333333,0.6666666666666666,2,1,0.6666666666666666,0.8,0.25,1.0,0.16666666666666666,0.3333333333333333,0.6666666666666666,1.0,1.0
qwen_vl,185633,bathroom,2.4219,9,5,2,0,1.0,1.0,0.6666666666666666,1.0,0.6666666666666666,0.4,0.4,3,0,1.0,1.0,0.5,1.0,0.5,0.4,0.4,5,0,1.0,1.0,0.4166666666666667,1.0,0.4166666666666667,0.8,0.8,1.0,1.0
qwen_vl,187243,bathroom,1.9467,5,5,2,0,1.0,1.0,0.6666666666666666,1.0,0.6666666666666666,0.4,0.4,4,0,1.0,1.0,0.6666666666666666,1.0,0.5,0.8,0.8,4,0,1.0,1.0,0.3333333333333333,1.0,0.25,0.8,0.8,1.0,1.0
qwen_vl,189045,bedroom,1.8643,5,3,2,0,1.0,1.0,0.6666666666666666,1.0,0.6666666666666666,0.6666666666666666,0.6666666666666666,3,0,1.0,1.0,0.5,1.0,0.5,0.6666666666666666,0.6666666666666666,3,0,1.0,1.0,0.25,1.0,0.25,0.6666666666666666,0.6666666666666666,1.0,1.0
qwen_vl,191997,kitchen,3.1617,11,4,2,0,1.0,1.0,0.6666666666666666,1.0,0.6666666666666666,0.5,0.5,2,0,1.0,1.0,0.3333333333333333,1.0,0.3333333333333333,0.5,0.5,2,0,1.0,1.0,0.16666666666666666,1.0,0.16666666666666666,0.5,0.5,1.0,1.0
qwen_vl,193047,kitchen,1.2855,3,5,1,0,1.0,1.0,0.3333333333333333,1.0,0.3333333333333333,0.0,0.0,1,0,1.0,1.0,0.16666666666666666,1.0,0.16666666666666666,0.0,0.0,1,0,1.0,1.0,0.08333333333333333,1.0,0.08333333333333333,0.0,0.0,1.0,1.0
qwen_vl,194724,kitchen,1.3519,4,9,1,0,1.0,1.0,0.3333333333333333,1.0,0.3333333333333333,0.1111111111111111,0.1111111111111111,2,0,1.0,1.0,0.3333333333333333,1.0,0.16666666666666666,0.2222222222222222,0.2222222222222222,2,0,1.0,1.0,0.16666666666666666,1.0,0.08333333333333333,0.2222222222222222,0.2222222222222222,1.0,1.0
qwen_vl,195754,living room,2.1839,7,5,3,0,1.0,1.0,1.0,1.0,1.0,0.6,0.6,5,0,1.0,1.0,0.8333333333333334,1.0,0.6666666666666666,1.0,1.0,6,0,1.0,1.0,0.5,1.0,0.4166666666666667,1.0,1.0,1.0,1.0
qwen_vl,199502,bedroom,2.2163,9,4,3,0,1.0,1.0,1.0,1.0,1.0,0.75,0.75,4,0,1.0,1.0,0.6666666666666666,1.0,0.6666666666666666,1.0,1.0,4,1,0.8,0.8,0.4166666666666667,1.0,0.3333333333333333,1.0,1.0,1.0,1.0
qwen_vl,200548,bathroom,2.8948,10,4,3,0,1.0,1.0,1.0,1.0,0.6666666666666666,0.75,0.75,4,0,1.0,1.0,0.6666666666666666,1.0,0.5,1.0,1.0,7,0,1.0,1.0,0.5833333333333334,1.0,0.5,1.0,1.0,1.0,1.0
qwen_vl,200952,bedroom,1.742,7,7,2,0,1.0,1.0,0.6666666666666666,1.0,0.3333333333333333,0.2857142857142857,0.2857142857142857,5,0,1.0,1.0,0.8333333333333334,1.0,0.6666666666666666,0.5714285714285714,0.5714285714285714,5,0,1.0,1.0,0.4166666666666667,1.0,0.3333333333333333,0.5714285714285714,0.5714285714285714,1.0,1.0
qwen_vl,204661,living room,3.4324,12,4,2,0,1.0,1.0,0.6666666666666666,1.0,0.6666666666666666,0.25,0.25,2,0,1.0,1.0,0.3333333333333333,1.0,0.3333333333333333,0.25,0.25,2,0,1.0,1.0,0.16666666666666666,1.0,0.16666666666666666,0.25,0.25,1.0,1.0
qwen_vl,205514,living room,2.8244,9,6,2,0,1.0,1.0,0.6666666666666666,1.0,0.3333333333333333,0.3333333333333333,0.3333333333333333,4,0,1.0,1.0,0.6666666666666666,1.0,0.3333333333333333,0.6666666666666666,0.6666666666666666,5,0,1.0,1.0,0.4166666666666667,1.0,0.25,0.8333333333333334,0.8333333333333334,1.0,1.0
qwen_vl,206395,living room,0.928,5,4,3,0,1.0,1.0,1.0,1.0,0.6666666666666666,0.5,0.5,4,1,0.8,0.8,0.8333333333333334,1.0,0.5,0.75,0.75,4,1,0.8,0.8,0.4166666666666667,1.0,0.25,0.75,0.75,1.0,1.0
qwen_vl,208778,bedroom,6.8734,12,4,2,0,1.0,1.0,0.6666666666666666,1.0,0.6666666666666666,0.5,0.5,2,1,0.6666666666666666,0.75,0.5,1.0,0.3333333333333333,0.5,0.75,2,1,0.6666666666666666,0.75,0.25,1.0,0.16666666666666666,0.5,0.75,1.0,1.0
qwen_vl,209802,bathroom,2.858,10,5,1,0,1.0,1.0,0.3333333333333333,1.0,0.3333333333333333,0.2,0.2,3,0,1.0,1.0,0.5,1.0,0.3333333333333333,0.6,0.6,5,0,1.0,1.0,0.4166666666666667,1.0,0.3333333333333333,0.8,0.8,1.0,1.0
qwen_vl,210612,bedroom,1.3892,5,4,2,0,1.0,1.0,0.6666666666666666,1.0,0.6666666666666666,0.5,0.5,4,0,1.0,1.0,0.6666666666666666,1.0,0.6666666666666666,1.0,1.0,4,0,1.0,1.0,0.3333333333333333,1.0,0.3333333333333333,1.0,1.0,1.0,1.0
qwen_vl,215746,dining,2.2798,6,5,0,0,,,0.0,,0.0,0.0,0.0,1,0,1.0,1.0,0.16666666666666666,1.0,0.16666666666666666,0.0,0.0,1,0,1.0,1.0,0.08333333333333333,1.0,0.08333333333333333,0.0,0.0,0.0,0.0
qwen_vl,217546,living room,8.9904,2,11,2,0,1.0,1.0,0.6666666666666666,1.0,0.6666666666666666,0.09090909090909091,0.18181818181818182,2,0,1.0,1.0,0.3333333333333333,1.0,0.3333333333333333,0.09090909090909091,0.18181818181818182,2,0,1.0,1.0,0.16666666666666666,1.0,0.16666666666666666,0.09090909090909091,0.18181818181818182,1.0,1.0
qwen_vl,218091,bedroom,1.6424,9,10,2,0,1.0,1.0,0.6666666666666666,1.0,0.6666666666666666,0.2,0.3,4,0,1.0,1.0,0.6666666666666666,1.0,0.6666666666666666,0.4,0.6,7,0,1.0,1.0,0.5833333333333334,1.0,0.4166666666666667,0.7,0.9,1.0,1.0
qwen_vl,222625,living room,1.2989,3,5,1,1,0.5,0.5,0.6666666666666666,,0.0,0.0,0.0,1,1,0.5,0.5,0.3333333333333333,,0.0,0.0,0.0,1,1,0.5,0.5,0.16666666666666666,,0.0,0.0,0.0,1.0,1.0
qwen_vl,223500,kitchen,3.303,6,9,2,0,1.0,1.0,0.6666666666666666,1.0,0.6666666666666666,0.2222222222222222,0.2222222222222222,2,0,1.0,1.0,0.3333333333333333,1.0,0.3333333333333333,0.2222222222222222,0.2222222222222222,2,0,1.0,1.0,0.16666666666666666,1.0,0.16666666666666666,0.2222222222222222,0.2222222222222222,1.0,1.0
qwen_vl,224367,bedroom,0.7621,3,5,2,0,1.0,1.0,0.6666666666666666,1.0,0.6666666666666666,0.4,0.6,2,0,1.0,1.0,0.3333333333333333,1.0,0.3333333333333333,0.4,0.6,2,0,1.0,1.0,0.16666666666666666,1.0,0.16666666666666666,0.4,0.6,1.0,1.0
qwen_vl,226329,living room,2.3681,7,4,2,0,1.0,1.0,0.6666666666666666,1.0,0.6666666666666666,0.5,0.5,3,0,1.0,1.0,0.5,1.0,0.5,0.5,0.5,3,0,1.0,1.0,0.25,1.0,0.25,0.5,0.5,1.0,1.0
qwen_vl,227985,dining,1.6507,5,3,3,0,1.0,1.0,1.0,1.0,1.0,0.3333333333333333,0.3333333333333333,4,0,1.0,1.0,0.6666666666666666,1.0,0.6666666666666666,0.6666666666666666,0.6666666666666666,4,0,1.0,1.0,0.3333333333333333,1.0,0.3333333333333333,0.6666666666666666,0.6666666666666666,1.0,1.0
qwen_vl,232088,living room,2.6585,8,7,3,0,1.0,1.0,1.0,1.0,0.3333333333333333,0.42857142857142855,0.42857142857142855,6,0,1.0,1.0,1.0,1.0,0.5,0.7142857142857143,0.7142857142857143,7,0,1.0,1.0,0.5833333333333334,1.0,0.3333333333333333,0.8571428571428571,0.8571428571428571,1.0,1.0
qwen_vl,232649,bathroom,1.6576,6,5,3,0,1.0,1.0,1.0,1.0,0.6666666666666666,0.4,0.4,6,0,1.0,1.0,1.0,1.0,0.8333333333333334,0.8,0.8,6,0,1.0,1.0,0.5,1.0,0.4166666666666667,0.8,0.8,1.0,1.0
qwen_vl,234779,dining,1.3232,3,3,2,0,1.0,1.0,0.6666666666666666,1.0,0.6666666666666666,0.6666666666666666,1.0,2,0,1.0,1.0,0.3333333333333333,1.0,0.3333333333333333,0.6666666666666666,1.0,2,0,1.0,1.0,0.16666666666666666,1.0,0.16666666666666666,0.6666666666666666,1.0,1.0,1.0
qwen_vl,238154,bedroom,2.0266,7,7,2,0,1.0,1.0,0.6666666666666666,1.0,0.6666666666666666,0.2857142857142857,0.42857142857142855,3,0,1.0,1.0,0.5,1.0,0.5,0.42857142857142855,0.5714285714285714,4,0,1.0,1.0,0.3333333333333333,1.0,0.3333333333333333,0.5714285714285714,0.7142857142857143,1.0,1.0
qwen_vl,239013,living room,2.8671,10,9,3,0,1.0,1.0,1.0,1.0,0.6666666666666666,0.3333333333333333,0.3333333333333333,5,0,1.0,1.0,0.8333333333333334,1.0,0.5,0.5555555555555556,0.6666666666666666,6,0,1.0,1.0,0.5,1.0,0.3333333333333333,0.6666666666666666,0.7777777777777778,1.0,1.0
qwen_vl,240043,kitchen,1.5189,4,4,2,0,1.0,1.0,0.6666666666666666,1.0,0.6666666666666666,0.5,0.5,3,0,1.0,1.0,0.5,1.0,0.5,0.75,0.75,3,0,1.0,1.0,0.25,1.0,0.25,0.75,0.75,1.0,1.0
qwen_vl,240965,dining,1.3863,3,3,2,0,1.0,1.0,0.6666666666666666,1.0,0.6666666666666666,0.6666666666666666,0.6666666666666666,2,0,1.0,1.0,0.3333333333333333,1.0,0.3333333333333333,0.6666666666666666,0.6666666666666666,2,0,1.0,1.0,0.16666666666666666,1.0,0.16666666666666666,0.6666666666666666,0.6666666666666666,1.0,1.0
qwen_vl,242296,living room,1.4465,10,6,3,0,1.0,1.0,1.0,1.0,1.0,0.5,0.5,5,0,1.0,1.0,0.8333333333333334,1.0,0.6666666666666666,0.8333333333333334,0.8333333333333334,6,0,1.0,1.0,0.5,1.0,0.4166666666666667,1.0,1.0,1.0,1.0
qwen_vl,242610,bedroom,2.9538,10,4,1,0,1.0,1.0,0.3333333333333333,1.0,0.3333333333333333,0.25,0.25,2,0,1.0,1.0,0.3333333333333333,1.0,0.3333333333333333,0.25,0.25,3,0,1.0,1.0,0.25,1.0,0.25,0.5,0.75,1.0,1.0
qwen_vl,245230,kitchen,2.3607,8,9,2,1,0.6666666666666666,0.6666666666666666,1.0,1.0,0.3333333333333333,0.1111111111111111,0.1111111111111111,4,1,0.8,0.8,0.8333333333333334,1.0,0.16666666666666666,0.3333333333333333,0.3333333333333333,4,1,0.8,0.8,0.4166666666666667,1.0,0.08333333333333333,0.3333333333333333,0.3333333333333333,1.0,1.0
qwen_vl,247839,dining,3.1926,11,11,2,0,1.0,1.0,0.6666666666666666,1.0,0.3333333333333333,0.18181818181818182,0.18181818181818182,3,0,1.0,1.0,0.5,1.0,0.3333333333333333,0.2727272727272727,0.2727272727272727,4,0,1.0,1.0,0.3333333333333333,1.0,0.16666666666666666,0.36363636363636365,0.36363636363636365,1.0,1.0
qwen_vl,252127,bedroom,1.356,5,4,2,0,1.0,1.0,0.6666666666666666,1.0,0.6666666666666666,0.5,0.5,2,0,1.0,1.0,0.3333333333333333,1.0,0.3333333333333333,0.5,0.5,2,0,1.0,1.0,0.16666666666666666,1.0,0.16666666666666666,0.5,0.5,1.0,1.0
qwen_vl,255654,bathroom,1.748,4,4,2,0,1.0,1.0,0.6666666666666666,1.0,0.6666666666666666,0.5,0.5,3,0,1.0,1.0,0.5,1.0,0.5,0.75,0.75,3,0,1.0,1.0,0.25,1.0,0.25,0.75,0.75,1.0,1.0
qwen_vl,256518,dining,1.7594,5,7,1,0,1.0,1.0,0.3333333333333333,1.0,0.3333333333333333,0.0,0.0,2,0,1.0,1.0,0.3333333333333333,1.0,0.3333333333333333,0.0,0.0,2,0,1.0,1.0,0.16666666666666666,1.0,0.16666666666666666,0.0,0.0,1.0,1.0
qwen_vl,257370,living room,2.8589,10,4,3,0,1.0,1.0,1.0,1.0,0.6666666666666666,0.5,0.5,3,0,1.0,1.0,0.5,1.0,0.3333333333333333,0.5,0.5,4,0,1.0,1.0,0.3333333333333333,1.0,0.25,0.75,0.75,1.0,1.0
qwen_vl,257660,bathroom,2.1163,5,5,3,0,1.0,1.0,1.0,1.0,1.0,0.2,0.2,4,1,0.8,0.8,0.8333333333333334,1.0,0.6666666666666666,0.2,0.2,4,1,0.8,0.8,0.4166666666666667,1.0,0.3333333333333333,0.2,0.2,1.0,1.0
qwen_vl,257773,kitchen,2.5268,8,6,1,0,1.0,1.0,0.3333333333333333,1.0,0.3333333333333333,0.16666666666666666,0.16666666666666666,4,0,1.0,1.0,0.6666666666666666,1.0,0.5,0.5,0.5,5,0,1.0,1.0,0.4166666666666667,1.0,0.3333333333333333,0.5,0.5,1.0,1.0
qwen_vl,260721,living room,3.0127,10,7,3,0,1.0,1.0,1.0,1.0,0.6666666666666666,0.2857142857142857,0.2857142857142857,4,1,0.8,0.8333333333333334,0.8333333333333334,1.0,0.5,0.42857142857142855,0.5714285714285714,5,1,0.8333333333333334,0.8571428571428571,0.5,1.0,0.25,0.5714285714285714,0.7142857142857143,1.0,1.0
qwen_vl,264347,kitchen,2.9712,6,8,3,0,1.0,1.0,1.0,1.0,0.6666666666666666,0.25,0.25,5,0,1.0,1.0,0.8333333333333334,1.0,0.5,0.375,0.375,5,0,1.0,1.0,0.4166666666666667,1.0,0.25,0.375,0.375,1.0,1.0
qwen_vl,266422,living room,2.2408,7,6,3,0,1.0,1.0,1.0,1.0,0.6666666666666666,0.5,0.5,4,0,1.0,1.0,0.6666666666666666,1.0,0.5,0.6666666666666666,0.6666666666666666,4,0,1.0,1.0,0.3333333333333333,1.0,0.25,0.6666666666666666,0.6666666666666666,1.0,1.0
qwen_vl,268213,kitchen,4.1478,11,6,0,0,,,0.0,,0.0,0.0,0.0,1,0,1.0,1.0,0.16666666666666666,1.0,0.16666666666666666,0.16666666666666666,0.16666666666666666,1,0,1.0,1.0,0.08333333333333333,1.0,0.08333333333333333,0.16666666666666666,0.16666666666666666,0.0,0.0
qwen_vl,268378,dining,1.4445,5,6,2,1,0.6666666666666666,0.6666666666666666,1.0,1.0,0.6666666666666666,0.16666666666666666,0.16666666666666666,3,1,0.75,0.75,0.6666666666666666,1.0,0.5,0.3333333333333333,0.3333333333333333,3,1,0.75,0.75,0.3333333333333333,1.0,0.25,0.3333333333333333,0.3333333333333333,1.0,1.0
qwen_vl,271167,bathroom,1.3932,3,5,1,0,1.0,1.0,0.3333333333333333,1.0,0.3333333333333333,0.2,0.2,1,0,1.0,1.0,0.16666666666666666,1.0,0.16666666666666666,0.2,0.2,1,0,1.0,1.0,0.08333333333333333,1.0,0.08333333333333333,0.2,0.2,1.0,1.0
qwen_vl,271728,living room,2.2018,8,9,3,0,1.0,1.0,1.0,1.0,0.6666666666666666,0.3333333333333333,0.3333333333333333,5,0,1.0,1.0,0.8333333333333334,1.0,0.6666666666666666,0.4444444444444444,0.4444444444444444,6,0,1.0,1.0,0.5,1.0,0.4166666666666667,0.5555555555555556,0.5555555555555556,1.0,1.0
qwen_vl,272203,bedroom,1.8771,6,5,1,0,1.0,1.0,0.3333333333333333,1.0,0.3333333333333333,0.2,0.4,2,0,1.0,1.0,0.3333333333333333,1.0,0.3333333333333333,0.4,0.6,2,0,1.0,1.0,0.16666666666666666,1.0,0.16666666666666666,0.4,0.6,1.0,1.0
qwen_vl,274352,dining,3.1727,11,10,3,0,1.0,1.0,1.0,1.0,0.6666666666666666,0.3,0.3,5,0,1.0,1.0,0.8333333333333334,1.0,0.6666666666666666,0.5,0.6,6,0,1.0,1.0,0.5,1.0,0.3333333333333333,0.6,0.8,1.0,1.0
qwen_vl,275374,bedroom,1.1815,8,5,1,1,0.5,0.5,0.6666666666666666,1.0,0.3333333333333333,0.2,0.2,2,1,0.6666666666666666,0.6666666666666666,0.5,1.0,0.3333333333333333,0.4,0.4,2,1,0.6666666666666666,0.6666666666666666,0.25,1.0,0.16666666666666666,0.4,0.4,1.0,1.0
qwen_vl,277507,bedroom,2.1933,7,4,0,0,,,0.0,,0.0,0.0,0.0,1,0,1.0,1.0,0.16666666666666666,,0.0,0.25,0.25,1,0,1.0,1.0,0.08333333333333333,,0.0,0.25,0.25,0.0,0.0
qwen_vl,283717,kitchen,1.3797,3,4,2,1,0.6666666666666666,0.6666666666666666,1.0,1.0,0.6666666666666666,0.5,0.5,2,1,0.6666666666666666,0.6666666666666666,0.5,1.0,0.3333333333333333,0.5,0.5,2,1,0.6666666666666666,0.6666666666666666,0.25,1.0,0.16666666666666666,0.5,0.5,1.0,1.0
qwen_vl,285400,dining,1.1214,3,3,1,0,1.0,1.0,0.3333333333333333,1.0,0.3333333333333333,0.3333333333333333,0.6666666666666666,1,0,1.0,1.0,0.16666666666666666,1.0,0.16666666666666666,0.3333333333333333,0.6666666666666666,1,0,1.0,1.0,0.08333333333333333,1.0,0.08333333333333333,0.3333333333333333,0.6666666666666666,1.0,1.0
qwen_vl,290771,living room,3.2648,11,7,1,0,1.0,1.0,0.3333333333333333,,0.0,0.14285714285714285,0.14285714285714285,3,0,1.0,1.0,0.5,1.0,0.16666666666666666,0.42857142857142855,0.42857142857142855,4,0,1.0,1.0,0.3333333333333333,1.0,0.16666666666666666,0.5714285714285714,0.5714285714285714,1.0,1.0
qwen_vl,293390,bathroom,1.9911,5,5,2,0,1.0,1.0,0.6666666666666666,1.0,0.6666666666666666,0.2,0.2,3,0,1.0,1.0,0.5,1.0,0.5,0.4,0.4,3,0,1.0,1.0,0.25,1.0,0.25,0.4,0.4,1.0,1.0
qwen_vl,296205,living room,1.8698,6,4,1,0,1.0,1.0,0.3333333333333333,1.0,0.3333333333333333,0.25,0.5,3,0,1.0,1.0,0.5,1.0,0.5,0.75,1.0,3,0,1.0,1.0,0.25,1.0,0.25,0.75,1.0,1.0,1.0
qwen_vl,297353,bedroom,1.9915,5,4,2,0,1.0,1.0,0.6666666666666666,1.0,0.6666666666666666,0.25,0.25,3,0,1.0,1.0,0.5,1.0,0.5,0.5,0.5,3,0,1.0,1.0,0.25,1.0,0.25,0.5,0.5,1.0,1.0
qwen_vl,299632,bedroom,1.0739,3,5,1,0,1.0,1.0,0.3333333333333333,,0.0,0.2,0.2,1,0,1.0,1.0,0.16666666666666666,,0.0,0.2,0.2,1,0,1.0,1.0,0.08333333333333333,,0.0,0.2,0.2,1.0,1.0
qwen_vl,300882,bedroom,1.7888,6,4,2,0,1.0,1.0,0.6666666666666666,1.0,0.6666666666666666,0.5,0.5,3,0,1.0,1.0,0.5,1.0,0.5,0.5,0.5,3,0,1.0,1.0,0.25,1.0,0.25,0.5,0.5,1.0,1.0
qwen_vl,302680,living room,2.0244,10,9,2,0,1.0,1.0,0.6666666666666666,1.0,0.6666666666666666,0.2222222222222222,0.3333333333333333,5,0,1.0,1.0,0.8333333333333334,1.0,0.6666666666666666,0.4444444444444444,0.5555555555555556,7,0,1.0,1.0,0.5833333333333334,1.0,0.4166666666666667,0.5555555555555556,0.6666666666666666,1.0,1.0
qwen_vl,303002,bathroom,2.2524,7,4,3,0,1.0,1.0,1.0,1.0,0.6666666666666666,0.75,0.75,4,1,0.8,0.8,0.8333333333333334,1.0,0.5,1.0,1.0,4,1,0.8,0.8,0.4166666666666667,1.0,0.25,1.0,1.0,1.0,1.0
qwen_vl,303520,kitchen,1.6856,5,8,2,0,1.0,1.0,0.6666666666666666,1.0,0.6666666666666666,0.25,0.25,3,0,1.0,1.0,0.5,1.0,0.5,0.375,0.375,3,0,1.0,1.0,0.25,1.0,0.25,0.375,0.375,1.0,1.0
qwen_vl,304827,kitchen,1.7418,5,5,1,0,1.0,1.0,0.3333333333333333,1.0,0.3333333333333333,0.2,0.2,3,0,1.0,1.0,0.5,1.0,0.5,0.4,0.4,3,0,1.0,1.0,0.25,1.0,0.25,0.4,0.4,1.0,1.0
qwen_vl,306733,bathroom,5.1694,12,6,2,0,1.0,1.0,0.6666666666666666,1.0,0.6666666666666666,0.16666666666666666,0.16666666666666666,5,0,1.0,1.0,0.8333333333333334,1.0,0.6666666666666666,0.5,0.5,7,0,1.0,1.0,0.5833333333333334,1.0,0.4166666666666667,0.6666666666666666,0.6666666666666666,1.0,1.0
qwen_vl,308507,kitchen,3.1078,11,6,2,0,1.0,1.0,0.6666666666666666,1.0,0.3333333333333333,0.16666666666666666,0.16666666666666666,3,2,0.6,0.6,0.8333333333333334,1.0,0.3333333333333333,0.3333333333333333,0.3333333333333333,4,3,0.5714285714285714,0.5714285714285714,0.5833333333333334,1.0,0.25,0.3333333333333333,0.3333333333333333,1.0,1.0
qwen_vl,309060,kitchen,2.111,7,9,3,0,1.0,1.0,1.0,1.0,0.3333333333333333,0.2222222222222222,0.2222222222222222,4,0,1.0,1.0,0.6666666666666666,1.0,0.3333333333333333,0.2222222222222222,0.2222222222222222,5,0,1.0,1.0,0.4166666666666667,1.0,0.16666666666666666,0.3333333333333333,0.3333333333333333,1.0,1.0
qwen_vl,309553,bedroom,0.9689,6,4,3,0,1.0,1.0,1.0,1.0,1.0,0.5,0.5,4,0,1.0,1.0,0.6666666666666666,1.0,0.6666666666666666,0.75,1.0,4,0,1.0,1.0,0.3333333333333333,1.0,0.3333333333333333,0.75,1.0,1.0,1.0
qwen_vl,311868,bathroom,1.3275,4,5,3,0,1.0,1.0,1.0,1.0,0.6666666666666666,0.6,0.6,4,0,1.0,1.0,0.6666666666666666,1.0,0.5,0.8,0.8,4,0,1.0,1.0,0.3333333333333333,1.0,0.25,0.8,0.8,1.0,1.0
qwen_vl,313130,kitchen,1.3958,3,6,3,0,1.0,1.0,1.0,1.0,1.0,0.3333333333333333,0.3333333333333333,3,0,1.0,1.0,0.5,1.0,0.5,0.3333333333333333,0.3333333333333333,3,0,1.0,1.0,0.25,1.0,0.25,0.3333333333333333,0.3333333333333333,1.0,1.0
qwen_vl,315256,bedroom,0.9464,5,5,2,0,1.0,1.0,0.6666666666666666,1.0,0.6666666666666666,0.4,0.4,3,0,1.0,1.0,0.5,1.0,0.5,0.6,0.6,3,0,1.0,1.0,0.25,1.0,0.25,0.6,0.6,1.0,1.0
qwen_vl,315641,kitchen,1.7448,5,5,3,0,1.0,1.0,1.0,1.0,1.0,0.6,0.6,4,0,1.0,1.0,0.6666666666666666,1.0,0.6666666666666666,0.8,0.8,4,0,1.0,1.0,0.3333333333333333,1.0,0.3333333333333333,0.8,0.8,1.0,1.0
qwen_vl,319935,bedroom,2.2737,8,10,3,0,1.0,1.0,1.0,1.0,0.3333333333333333,0.3,0.3,5,0,1.0,1.0,0.8333333333333334,1.0,0.5,0.5,0.5,7,0,1.0,1.0,0.5833333333333334,1.0,0.4166666666666667,0.7,0.7,1.0,1.0
qwen_vl,325078,bathroom,3.1178,11,4,0,0,,,0.0,,0.0,0.0,0.0,1,0,1.0,1.0,0.16666666666666666,1.0,0.16666666666666666,0.0,0.0,4,0,1.0,1.0,0.3333333333333333,1.0,0.3333333333333333,0.5,0.5,0.0,0.0
qwen_vl,329455,dining,1.5901,5,6,3,0,1.0,1.0,1.0,1.0,0.6666666666666666,0.5,0.5,3,0,1.0,1.0,0.5,1.0,0.3333333333333333,0.5,0.6666666666666666,3,0,1.0,1.0,0.25,1.0,0.16666666666666666,0.5,0.6666666666666666,1.0,1.0
qwen_vl,341741,bedroom,1.8988,7,4,3,0,1.0,1.0,1.0,1.0,1.0,0.5,0.5,5,0,1.0,1.0,0.8333333333333334,1.0,0.8333333333333334,0.75,0.75,6,0,1.0,1.0,0.5,1.0,0.5,1.0,1.0,1.0,1.0
qwen_vl,343662,bedroom,3.1561,11,3,2,1,0.6666666666666666,0.6666666666666666,1.0,1.0,0.6666666666666666,0.6666666666666666,0.6666666666666666,3,1,0.75,0.75,0.6666666666666666,1.0,0.5,1.0,1.0,3,1,0.75,0.75,0.3333333333333333,1.0,0.25,1.0,1.0,1.0,1.0
qwen_vl,348708,dining,0.8581,2,3,2,0,1.0,1.0,0.6666666666666666,1.0,0.6666666666666666,0.6666666666666666,0.6666666666666666,2,0,1.0,1.0,0.3333333333333333,1.0,0.3333333333333333,0.6666666666666666,0.6666666666666666,2,0,1.0,1.0,0.16666666666666666,1.0,0.16666666666666666,0.6666666666666666,0.6666666666666666,1.0,1.0
qwen_vl,350230,kitchen,3.1832,6,9,2,0,1.0,1.0,0.6666666666666666,1.0,0.6666666666666666,0.1111111111111111,0.1111111111111111,4,1,0.8,0.8,0.8333333333333334,1.0,0.3333333333333333,0.2222222222222222,0.2222222222222222,4,1,0.8,0.8,0.4166666666666667,1.0,0.16666666666666666,0.2222222222222222,0.2222222222222222,1.0,1.0
qwen_vl,355430,dining,1.6942,5,10,2,0,1.0,1.0,0.6666666666666666,1.0,0.6666666666666666,0.0,0.0,4,0,1.0,1.0,0.6666666666666666,1.0,0.5,0.2,0.2,4,0,1.0,1.0,0.3333333333333333,1.0,0.25,0.2,0.2,1.0,1.0
qwen_vl,358465,bedroom,1.1421,3,3,2,0,1.0,1.0,0.6666666666666666,1.0,0.6666666666666666,0.6666666666666666,0.6666666666666666,2,0,1.0,1.0,0.3333333333333333,1.0,0.3333333333333333,0.6666666666666666,0.6666666666666666,2,0,1.0,1.0,0.16666666666666666,1.0,0.16666666666666666,0.6666666666666666,0.6666666666666666,1.0,1.0
qwen_vl,358525,bedroom,1.4584,4,4,3,0,1.0,1.0,1.0,1.0,1.0,0.5,0.5,3,0,1.0,1.0,0.5,1.0,0.5,0.5,0.5,3,0,1.0,1.0,0.25,1.0,0.25,0.5,0.5,1.0,1.0
qwen_vl,362278,bathroom,2.4194,7,4,2,0,1.0,1.0,0.6666666666666666,1.0,0.6666666666666666,0.5,0.5,3,0,1.0,1.0,0.5,1.0,0.5,0.5,0.5,3,0,1.0,1.0,0.25,1.0,0.25,0.5,0.5,1.0,1.0
qwen_vl,367386,living room,1.3308,8,11,2,0,1.0,1.0,0.6666666666666666,1.0,0.6666666666666666,0.18181818181818182,0.2727272727272727,3,0,1.0,1.0,0.5,1.0,0.5,0.2727272727272727,0.45454545454545453,4,0,1.0,1.0,0.3333333333333333,1.0,0.3333333333333333,0.36363636363636365,0.5454545454545454,1.0,1.0
qwen_vl,367569,living room,1.8046,5,8,2,0,1.0,1.0,0.6666666666666666,1.0,0.3333333333333333,0.25,0.25,4,0,1.0,1.0,0.6666666666666666,1.0,0.5,0.25,0.25,4,0,1.0,1.0,0.3333333333333333,1.0,0.25,0.25,0.25,1.0,1.0
qwen_vl,368349,bathroom,1.8262,5,4,1,0,1.0,1.0,0.3333333333333333,1.0,0.3333333333333333,0.25,0.25,1,0,1.0,1.0,0.16666666666666666,1.0,0.16666666666666666,0.25,0.25,1,0,1.0,1.0,0.08333333333333333,1.0,0.08333333333333333,0.25,0.25,1.0,1.0
qwen_vl,369373,living room,1.3039,4,6,2,0,1.0,1.0,0.6666666666666666,1.0,0.3333333333333333,0.3333333333333333,0.3333333333333333,3,0,1.0,1.0,0.5,1.0,0.3333333333333333,0.5,0.5,3,0,1.0,1.0,0.25,1.0,0.16666666666666666,0.5,0.5,1.0,1.0
qwen_vl,370818,bathroom,1.8924,6,6,2,0,1.0,1.0,0.6666666666666666,1.0,0.6666666666666666,0.0,0.0,5,0,1.0,1.0,0.8333333333333334,1.0,0.6666666666666666,0.5,0.5,5,0,1.0,1.0,0.4166666666666667,1.0,0.3333333333333333,0.5,0.5,1.0,1.0
qwen_vl,374628,kitchen,3.0204,10,13,2,0,1.0,1.0,0.6666666666666666,1.0,0.6666666666666666,0.15384615384615385,0.15384615384615385,4,0,1.0,1.0,0.6666666666666666,1.0,0.5,0.3076923076923077,0.38461538461538464,5,0,1.0,1.0,0.4166666666666667,1.0,0.3333333333333333,0.38461538461538464,0.46153846153846156,1.0,1.0
qwen_vl,375878,bathroom,1.8802,5,3,2,0,1.0,1.0,0.6666666666666666,1.0,0.6666666666666666,0.6666666666666666,0.6666666666666666,3,0,1.0,1.0,0.5,1.0,0.5,1.0,1.0,3,0,1.0,1.0,0.25,1.0,0.25,1.0,1.0,1.0,1.0
qwen_vl,381330,kitchen,1.0969,3,4,2,0,1.0,1.0,0.6666666666666666,1.0,0.6666666666666666,0.5,0.5,2,0,1.0,1.0,0.3333333333333333,1.0,0.3333333333333333,0.5,0.5,2,0,1.0,1.0,0.16666666666666666,1.0,0.16666666666666666,0.5,0.5,1.0,1.0
qwen_vl,381605,living room,1.1455,4,4,3,0,1.0,1.0,1.0,1.0,1.0,0.75,0.75,4,0,1.0,1.0,0.6666666666666666,1.0,0.6666666666666666,1.0,1.0,4,0,1.0,1.0,0.3333333333333333,1.0,0.3333333333333333,1.0,1.0,1.0,1.0
qwen_vl,383549,living room,1.1084,6,7,3,0,1.0,1.0,1.0,1.0,1.0,0.2857142857142857,0.2857142857142857,5,0,1.0,1.0,0.8333333333333334,1.0,0.6666666666666666,0.5714285714285714,0.7142857142857143,5,0,1.0,1.0,0.4166666666666667,1.0,0.3333333333333333,0.5714285714285714,0.7142857142857143,1.0,1.0
qwen_vl,386799,bathroom,1.4033,4,3,2,0,1.0,1.0,0.6666666666666666,1.0,0.6666666666666666,0.6666666666666666,0.6666666666666666,3,0,1.0,1.0,0.5,1.0,0.5,1.0,1.0,3,0,1.0,1.0,0.25,1.0,0.25,1.0,1.0,1.0,1.0
qwen_vl,395259,bedroom,1.4721,4,5,3,0,1.0,1.0,1.0,1.0,0.6666666666666666,0.2,0.2,3,0,1.0,1.0,0.5,1.0,0.3333333333333333,0.2,0.2,3,0,1.0,1.0,0.25,1.0,0.16666666666666666,0.2,0.2,1.0,1.0
qwen_vl,395701,living room,3.0418,10,7,2,0,1.0,1.0,0.6666666666666666,1.0,0.3333333333333333,0.2857142857142857,0.2857142857142857,3,0,1.0,1.0,0.5,1.0,0.16666666666666666,0.42857142857142855,0.42857142857142855,4,0,1.0,1.0,0.3333333333333333,1.0,0.16666666666666666,0.5714285714285714,0.5714285714285714,1.0,1.0
qwen_vl,396526,dining,4.0257,7,6,2,0,1.0,1.0,0.6666666666666666,1.0,0.3333333333333333,0.3333333333333333,0.5,3,0,1.0,1.0,0.5,1.0,0.3333333333333333,0.5,0.6666666666666666,3,0,1.0,1.0,0.25,1.0,0.16666666666666666,0.5,0.6666666666666666,1.0,1.0
qwen_vl,396691,kitchen,1.9468,6,4,3,0,1.0,1.0,1.0,1.0,0.6666666666666666,0.5,0.5,3,0,1.0,1.0,0.5,1.0,0.3333333333333333,0.5,0.5,3,0,1.0,1.0,0.25,1.0,0.16666666666666666,0.5,0.5,1.0,1.0
qwen_vl,397354,kitchen,8.9764,4,8,3,0,1.0,1.0,1.0,1.0,1.0,0.25,0.25,4,0,1.0,1.0,0.6666666666666666,1.0,0.6666666666666666,0.375,0.375,4,0,1.0,1.0,0.3333333333333333,1.0,0.3333333333333333,0.375,0.375,1.0,1.0
qwen_vl,401060,bedroom,1.1472,3,4,3,0,1.0,1.0,1.0,1.0,0.6666666666666666,0.75,0.75,3,0,1.0,1.0,0.5,1.0,0.3333333333333333,0.75,0.75,3,0,1.0,1.0,0.25,1.0,0.16666666666666666,0.75,0.75,1.0,1.0
qwen_vl,403114,bathroom,1.8567,5,4,1,0,1.0,1.0,0.3333333333333333,1.0,0.3333333333333333,0.0,0.0,2,0,1.0,1.0,0.3333333333333333,1.0,0.3333333333333333,0.25,0.25,2,0,1.0,1.0,0.16666666666666666,1.0,0.16666666666666666,0.25,0.25,1.0,1.0
qwen_vl,404678,dining,2.8679,12,9,1,1,0.5,0.5,0.6666666666666666,0.5,0.6666666666666666,0.1111111111111111,0.1111111111111111,3,1,0.75,0.75,0.6666666666666666,0.75,0.6666666666666666,0.3333333333333333,0.3333333333333333,4,3,0.5714285714285714,0.6666666666666666,0.5833333333333334,0.75,0.3333333333333333,0.4444444444444444,0.6666666666666666,1.0,1.0
qwen_vl,407685,living room,1.5598,4,12,2,0,1.0,1.0,0.6666666666666666,1.0,0.3333333333333333,0.16666666666666666,0.25,3,0,1.0,1.0,0.5,1.0,0.16666666666666666,0.25,0.3333333333333333,3,0,1.0,1.0,0.25,1.0,0.08333333333333333,0.25,0.3333333333333333,1.0,1.0
qwen_vl,408192,living room,2.636,10,10,2,0,1.0,1.0,0.6666666666666666,1.0,0.3333333333333333,0.2,0.2,4,0,1.0,1.0,0.6666666666666666,1.0,0.3333333333333333,0.4,0.5,5,0,1.0,1.0,0.4166666666666667,1.0,0.25,0.4,0.5,1.0,1.0
qwen_vl,410144,kitchen,1.4736,5,4,3,0,1.0,1.0,1.0,1.0,1.0,0.5,0.5,4,0,1.0,1.0,0.6666666666666666,1.0,0.6666666666666666,0.5,0.5,4,0,1.0,1.0,0.3333333333333333,1.0,0.3333333333333333,0.5,0.5,1.0,1.0
qwen_vl,411685,bathroom,1.4205,4,3,3,0,1.0,1.0,1.0,1.0,1.0,1.0,1.0,3,0,1.0,1.0,0.5,1.0,0.5,1.0,1.0,3,0,1.0,1.0,0.25,1.0,0.25,1.0,1.0,1.0,1.0
qwen_vl,415646,bedroom,2.7439,10,9,2,0,1.0,1.0,0.6666666666666666,1.0,0.3333333333333333,0.2222222222222222,0.2222222222222222,4,0,1.0,1.0,0.6666666666666666,1.0,0.3333333333333333,0.3333333333333333,0.3333333333333333,6,0,1.0,1.0,0.5,1.0,0.25,0.4444444444444444,0.4444444444444444,1.0,1.0
qwen_vl,416575,bedroom,2.705,11,4,1,1,0.5,0.5,0.6666666666666666,1.0,0.3333333333333333,0.25,0.25,2,1,0.6666666666666666,0.6666666666666666,0.5,1.0,0.3333333333333333,0.5,0.5,3,2,0.6,0.6,0.4166666666666667,1.0,0.25,0.75,0.75,1.0,1.0
qwen_vl,422350,kitchen,2.6715,10,6,1,0,1.0,1.0,0.3333333333333333,1.0,0.3333333333333333,0.16666666666666666,0.16666666666666666,2,2,0.5,0.5,0.6666666666666666,1.0,0.16666666666666666,0.3333333333333333,0.3333333333333333,3,2,0.6,0.6,0.4166666666666667,1.0,0.08333333333333333,0.5,0.5,1.0,1.0
qwen_vl,422654,kitchen,1.1384,3,5,2,0,1.0,1.0,0.6666666666666666,1.0,0.6666666666666666,0.4,0.6,2,0,1.0,1.0,0.3333333333333333,1.0,0.3333333333333333,0.4,0.6,2,0,1.0,1.0,0.16666666666666666,1.0,0.16666666666666666,0.4,0.6,1.0,1.0
qwen_vl,427040,bedroom,1.5675,11,8,3,0,1.0,1.0,1.0,1.0,0.6666666666666666,0.375,0.375,4,0,1.0,1.0,0.6666666666666666,1.0,0.5,0.5,0.5,4,1,0.8,0.8,0.4166666666666667,1.0,0.25,0.5,0.5,1.0,1.0
qwen_vl,431154,bedroom,2.7565,1,3,1,0,1.0,1.0,0.3333333333333333,1.0,0.3333333333333333,0.0,0.0,1,0,1.0,1.0,0.16666666666666666,1.0,0.16666666666666666,0.0,0.0,1,0,1.0,1.0,0.08333333333333333,1.0,0.08333333333333333,0.0,0.0,1.0,1.0
qwen_vl,434098,bathroom,2.0448,6,4,1,0,1.0,1.0,0.3333333333333333,1.0,0.3333333333333333,0.25,0.25,3,0,1.0,1.0,0.5,1.0,0.3333333333333333,0.75,0.75,3,0,1.0,1.0,0.25,1.0,0.16666666666666666,0.75,0.75,1.0,1.0
qwen_vl,437898,kitchen,3.2812,11,8,3,0,1.0,1.0,1.0,1.0,1.0,0.375,0.375,5,1,0.8333333333333334,0.8333333333333334,1.0,1.0,0.5,0.5,0.5,6,2,0.75,0.75,0.6666666666666666,1.0,0.3333333333333333,0.5,0.5,1.0,1.0
qwen_vl,438314,bedroom,1.772,5,4,2,0,1.0,1.0,0.6666666666666666,1.0,0.6666666666666666,0.5,0.5,3,0,1.0,1.0,0.5,1.0,0.5,0.75,0.75,3,0,1.0,1.0,0.25,1.0,0.25,0.75,0.75,1.0,1.0
qwen_vl,439364,bathroom,1.2351,3,5,3,0,1.0,1.0,1.0,1.0,1.0,0.6,0.6,3,0,1.0,1.0,0.5,1.0,0.5,0.6,0.6,3,0,1.0,1.0,0.25,1.0,0.25,0.6,0.6,1.0,1.0
qwen_vl,439689,living room,1.2423,5,7,2,0,1.0,1.0,0.6666666666666666,1.0,0.6666666666666666,0.2857142857142857,0.2857142857142857,3,0,1.0,1.0,0.5,1.0,0.3333333333333333,0.42857142857142855,0.42857142857142855,3,0,1.0,1.0,0.25,1.0,0.16666666666666666,0.42857142857142855,0.42857142857142855,1.0,1.0
qwen_vl,445306,kitchen,3.8268,11,5,1,1,0.5,0.5,0.6666666666666666,1.0,0.3333333333333333,0.2,0.2,1,1,0.5,0.5,0.3333333333333333,1.0,0.16666666666666666,0.2,0.2,1,1,0.5,0.5,0.16666666666666666,1.0,0.08333333333333333,0.2,0.2,1.0,1.0
qwen_vl,445658,kitchen,2.9186,11,6,3,0,1.0,1.0,1.0,1.0,0.6666666666666666,0.3333333333333333,0.3333333333333333,5,0,1.0,1.0,0.8333333333333334,1.0,0.6666666666666666,0.5,0.5,7,0,1.0,1.0,0.5833333333333334,1.0,0.4166666666666667,0.8333333333333334,0.8333333333333334,1.0,1.0
qwen_vl,448795,kitchen,4.3619,12,6,2,0,1.0,1.0,0.6666666666666666,1.0,0.3333333333333333,0.16666666666666666,0.16666666666666666,4,1,0.8,0.8,0.8333333333333334,1.0,0.3333333333333333,0.5,0.5,5,1,0.8333333333333334,0.8333333333333334,0.5,1.0,0.25,0.5,0.5,1.0,1.0
qwen_vl,453302,kitchen,1.8692,6,5,3,0,1.0,1.0,1.0,1.0,1.0,0.4,0.4,3,0,1.0,1.0,0.5,1.0,0.5,0.4,0.4,3,0,1.0,1.0,0.25,1.0,0.25,0.4,0.4,1.0,1.0
qwen_vl,453341,living room,2.5171,8,4,1,0,1.0,1.0,0.3333333333333333,1.0,0.3333333333333333,0.25,0.25,2,0,1.0,1.0,0.3333333333333333,1.0,0.3333333333333333,0.5,0.5,2,0,1.0,1.0,0.16666666666666666,1.0,0.16666666666666666,0.5,0.5,1.0,1.0
qwen_vl,455301,bedroom,1.1529,3,3,2,0,1.0,1.0,0.6666666666666666,1.0,0.3333333333333333,0.3333333333333333,0.3333333333333333,2,0,1.0,1.0,0.3333333333333333,1.0,0.16666666666666666,0.3333333333333333,0.3333333333333333,2,0,1.0,1.0,0.16666666666666666,1.0,0.08333333333333333,0.3333333333333333,0.3333333333333333,1.0,1.0
qwen_vl,458410,living room,1.7376,11,6,2,0,1.0,1.0,0.6666666666666666,1.0,0.3333333333333333,0.3333333333333333,0.3333333333333333,3,0,1.0,1.0,0.5,1.0,0.3333333333333333,0.5,0.5,3,0,1.0,1.0,0.25,1.0,0.16666666666666666,0.5,0.5,1.0,1.0
qwen_vl,460494,dining,1.732,7,6,3,0,1.0,1.0,1.0,1.0,0.3333333333333333,0.5,0.5,5,0,1.0,1.0,0.8333333333333334,1.0,0.5,0.5,0.5,6,0,1.0,1.0,0.5,1.0,0.3333333333333333,0.6666666666666666,0.6666666666666666,1.0,1.0
qwen_vl,461172,dining,1.958,5,4,3,0,1.0,1.0,1.0,1.0,1.0,0.25,0.25,4,0,1.0,1.0,0.6666666666666666,1.0,0.6666666666666666,0.5,0.5,4,0,1.0,1.0,0.3333333333333333,1.0,0.3333333333333333,0.5,0.5,1.0,1.0
qwen_vl,466256,dining,1.5451,5,3,2,0,1.0,1.0,0.6666666666666666,1.0,0.6666666666666666,0.6666666666666666,0.6666666666666666,2,0,1.0,1.0,0.3333333333333333,1.0,0.3333333333333333,0.6666666666666666,0.6666666666666666,2,0,1.0,1.0,0.16666666666666666,1.0,0.16666666666666666,0.6666666666666666,0.6666666666666666,1.0,1.0
qwen_vl,467315,dining,1.3696,4,4,1,0,1.0,1.0,0.3333333333333333,1.0,0.3333333333333333,0.25,0.5,2,0,1.0,1.0,0.3333333333333333,1.0,0.3333333333333333,0.5,0.75,2,0,1.0,1.0,0.16666666666666666,1.0,0.16666666666666666,0.5,0.75,1.0,1.0
qwen_vl,468422,kitchen,1.7147,6,5,1,0,1.0,1.0,0.3333333333333333,1.0,0.3333333333333333,0.2,0.4,2,0,1.0,1.0,0.3333333333333333,1.0,0.3333333333333333,0.4,0.6,2,0,1.0,1.0,0.16666666666666666,1.0,0.16666666666666666,0.4,0.6,1.0,1.0
qwen_vl,468505,dining,3.3033,11,7,0,1,0.0,0.0,0.3333333333333333,,0.0,0.0,0.0,1,2,0.3333333333333333,0.3333333333333333,0.5,1.0,0.16666666666666666,0.14285714285714285,0.2857142857142857,2,2,0.5,0.5,0.3333333333333333,1.0,0.16666666666666666,0.2857142857142857,0.42857142857142855,0.0,0.0
qwen_vl,468659,living room,1.4985,3,3,2,0,1.0,1.0,0.6666666666666666,1.0,0.6666666666666666,0.0,0.0,2,0,1.0,1.0,0.3333333333333333,1.0,0.3333333333333333,0.0,0.0,2,0,1.0,1.0,0.16666666666666666,1.0,0.16666666666666666,0.0,0.0,1.0,1.0
qwen_vl,469795,bathroom,9.0878,12,7,2,0,1.0,1.0,0.6666666666666666,1.0,0.6666666666666666,0.14285714285714285,0.14285714285714285,3,0,1.0,1.0,0.5,1.0,0.5,0.2857142857142857,0.2857142857142857,5,0,1.0,1.0,0.4166666666666667,1.0,0.4166666666666667,0.5714285714285714,0.5714285714285714,1.0,1.0
qwen_vl,469902,bedroom,1.1213,3,3,3,0,1.0,1.0,1.0,1.0,1.0,1.0,1.0,3,0,1.0,1.0,0.5,1.0,0.5,1.0,1.0,3,0,1.0,1.0,0.25,1.0,0.25,1.0,1.0,1.0,1.0
qwen_vl,472046,kitchen,3.2283,12,10,2,1,0.6666666666666666,0.6666666666666666,1.0,1.0,0.6666666666666666,0.1,0.1,3,1,0.75,0.75,0.6666666666666666,1.0,0.3333333333333333,0.2,0.2,5,1,0.8333333333333334,0.8333333333333334,0.5,1.0,0.25,0.4,0.4,1.0,1.0
qwen_vl,473294,bedroom,1.5424,5,6,2,0,1.0,1.0,0.6666666666666666,1.0,0.3333333333333333,0.3333333333333333,0.5,3,0,1.0,1.0,0.5,1.0,0.3333333333333333,0.5,0.6666666666666666,3,0,1.0,1.0,0.25,1.0,0.16666666666666666,0.5,0.6666666666666666,1.0,1.0
qwen_vl,473821,living room,2.1822,8,8,2,0,1.0,1.0,0.6666666666666666,,0.0,0.25,0.25,4,0,1.0,1.0,0.6666666666666666,1.0,0.3333333333333333,0.5,0.5,5,0,1.0,1.0,0.4166666666666667,1.0,0.16666666666666666,0.625,0.875,1.0,1.0
qwen_vl,479360,bedroom,2.2164,7,5,2,0,1.0,1.0,0.6666666666666666,1.0,0.6666666666666666,0.4,0.4,4,0,1.0,1.0,0.6666666666666666,1.0,0.5,0.8,0.8,4,0,1.0,1.0,0.3333333333333333,1.0,0.25,0.8,0.8,1.0,1.0
qwen_vl,480712,bedroom,1.5748,5,6,2,0,1.0,1.0,0.6666666666666666,1.0,0.3333333333333333,0.3333333333333333,0.5,2,0,1.0,1.0,0.3333333333333333,1.0,0.16666666666666666,0.3333333333333333,0.5,2,0,1.0,1.0,0.16666666666666666,1.0,0.08333333333333333,0.3333333333333333,0.5,1.0,1.0
qwen_vl,481819,living room,2.6158,10,8,1,0,1.0,1.0,0.3333333333333333,,0.0,0.125,0.125,3,0,1.0,1.0,0.5,1.0,0.3333333333333333,0.375,0.375,3,1,0.75,0.75,0.3333333333333333,1.0,0.16666666666666666,0.375,0.375,1.0,1.0
qwen_vl,485628,bathroom,1.1897,3,3,3,0,1.0,1.0,1.0,1.0,1.0,1.0,1.0,3,0,1.0,1.0,0.5,1.0,0.5,1.0,1.0,3,0,1.0,1.0,0.25,1.0,0.25,1.0,1.0,1.0,1.0
qwen_vl,487583,bathroom,1.2055,3,3,2,0,1.0,1.0,0.6666666666666666,1.0,0.6666666666666666,0.6666666666666666,1.0,2,0,1.0,1.0,0.3333333333333333,1.0,0.3333333333333333,0.6666666666666666,1.0,2,0,1.0,1.0,0.16666666666666666,1.0,0.16666666666666666,0.6666666666666666,1.0,1.0,1.0
qwen_vl,490505,kitchen,1.1662,3,4,2,0,1.0,1.0,0.6666666666666666,1.0,0.6666666666666666,0.5,0.5,2,0,1.0,1.0,0.3333333333333333,1.0,0.3333333333333333,0.5,0.5,2,0,1.0,1.0,0.16666666666666666,1.0,0.16666666666666666,0.5,0.5,1.0,1.0
qwen_vl,491063,bathroom,1.8136,5,5,0,0,,,0.0,,0.0,0.0,0.0,2,0,1.0,1.0,0.3333333333333333,1.0,0.3333333333333333,0.4,0.4,2,0,1.0,1.0,0.16666666666666666,1.0,0.16666666666666666,0.4,0.4,0.0,0.0
qwen_vl,491216,kitchen,2.3621,8,7,1,1,0.5,0.5,0.6666666666666666,1.0,0.3333333333333333,0.14285714285714285,0.14285714285714285,4,1,0.8,0.8,0.8333333333333334,1.0,0.5,0.42857142857142855,0.42857142857142855,5,1,0.8333333333333334,0.8333333333333334,0.5,1.0,0.25,0.42857142857142855,0.42857142857142855,1.0,1.0
qwen_vl,491497,living room,1.6167,5,5,2,0,1.0,1.0,0.6666666666666666,1.0,0.3333333333333333,0.4,0.4,3,0,1.0,1.0,0.5,1.0,0.3333333333333333,0.6,0.6,3,0,1.0,1.0,0.25,1.0,0.16666666666666666,0.6,0.6,1.0,1.0
qwen_vl,491742,bathroom,1.8538,5,3,2,0,1.0,1.0,0.6666666666666666,1.0,0.6666666666666666,0.6666666666666666,0.6666666666666666,4,0,1.0,1.0,0.6666666666666666,1.0,0.6666666666666666,1.0,1.0,4,0,1.0,1.0,0.3333333333333333,1.0,0.3333333333333333,1.0,1.0,1.0,1.0
qwen_vl,492183,kitchen,1.2776,4,5,1,0,1.0,1.0,0.3333333333333333,,0.0,0.2,0.4,2,0,1.0,1.0,0.3333333333333333,1.0,0.16666666666666666,0.4,0.6,2,0,1.0,1.0,0.16666666666666666,1.0,0.08333333333333333,0.4,0.6,1.0,1.0
qwen_vl,492719,bathroom,1.5275,4,3,0,0,,,0.0,,0.0,0.0,0.0,0,0,,,0.0,,0.0,0.0,0.0,0,0,,,0.0,,0.0,0.0,0.0,0.0,0.0
qwen_vl,492810,kitchen,1.4368,4,5,3,0,1.0,1.0,1.0,1.0,0.6666666666666666,0.6,0.6,4,0,1.0,1.0,0.6666666666666666,1.0,0.5,0.8,0.8,4,0,1.0,1.0,0.3333333333333333,1.0,0.25,0.8,0.8,1.0,1.0
qwen_vl,493114,living room,2.4472,10,4,2,0,1.0,1.0,0.6666666666666666,1.0,0.6666666666666666,0.25,0.25,2,0,1.0,1.0,0.3333333333333333,1.0,0.3333333333333333,0.25,0.25,5,0,1.0,1.0,0.4166666666666667,1.0,0.4166666666666667,0.75,0.75,1.0,1.0
qwen_vl,497626,bedroom,1.8368,6,3,0,0,,1.0,0.0,,0.0,0.0,0.3333333333333333,1,0,1.0,1.0,0.16666666666666666,1.0,0.16666666666666666,0.3333333333333333,0.6666666666666666,1,0,1.0,1.0,0.08333333333333333,1.0,0.08333333333333333,0.3333333333333333,0.6666666666666666,0.0,1.0
qwen_vl,503697,living room,1.3309,6,7,3,0,1.0,1.0,1.0,1.0,1.0,0.42857142857142855,0.42857142857142855,4,0,1.0,1.0,0.6666666666666666,1.0,0.6666666666666666,0.5714285714285714,0.7142857142857143,4,0,1.0,1.0,0.3333333333333333,1.0,0.3333333333333333,0.5714285714285714,0.7142857142857143,1.0,1.0
qwen_vl,504493,bathroom,2.2789,6,4,2,0,1.0,1.0,0.6666666666666666,1.0,0.6666666666666666,0.5,0.5,4,0,1.0,1.0,0.6666666666666666,1.0,0.6666666666666666,0.75,0.75,4,0,1.0,1.0,0.3333333333333333,1.0,0.3333333333333333,0.75,0.75,1.0,1.0
qwen_vl,505086,bedroom,1.7486,5,5,1,0,1.0,1.0,0.3333333333333333,1.0,0.3333333333333333,0.2,0.2,3,0,1.0,1.0,0.5,1.0,0.5,0.6,0.8,3,0,1.0,1.0,0.25,1.0,0.25,0.6,0.8,1.0,1.0
qwen_vl,508899,living room,2.1882,6,5,3,0,1.0,1.0,1.0,1.0,0.6666666666666666,0.4,0.4,3,0,1.0,1.0,0.5,1.0,0.3333333333333333,0.4,0.4,3,0,1.0,1.0,0.25,1.0,0.16666666666666666,0.4,0.4,1.0,1.0
qwen_vl,510852,bathroom,3.7003,12,3,1,0,1.0,1.0,0.3333333333333333,1.0,0.3333333333333333,0.3333333333333333,0.3333333333333333,2,0,1.0,1.0,0.3333333333333333,1.0,0.3333333333333333,0.6666666666666666,0.6666666666666666,4,0,1.0,1.0,0.3333333333333333,1.0,0.3333333333333333,1.0,1.0,1.0,1.0
qwen_vl,511430,kitchen,2.2072,8,8,2,0,1.0,1.0,0.6666666666666666,1.0,0.6666666666666666,0.125,0.125,4,1,0.8,0.8,0.8333333333333334,1.0,0.5,0.25,0.25,6,1,0.8571428571428571,0.8571428571428571,0.5833333333333334,1.0,0.3333333333333333,0.375,0.375,1.0,1.0
qwen_vl,513138,living room,1.1243,3,6,3,0,1.0,1.0,1.0,1.0,1.0,0.5,0.5,3,0,1.0,1.0,0.5,1.0,0.5,0.5,0.5,3,0,1.0,1.0,0.25,1.0,0.25,0.5,0.5,1.0,1.0
qwen_vl,514914,bathroom,2.7333,9,5,3,0,1.0,1.0,1.0,1.0,1.0,0.6,0.6,4,0,1.0,1.0,0.6666666666666666,1.0,0.6666666666666666,0.6,0.6,6,0,1.0,1.0,0.5,1.0,0.5,1.0,1.0,1.0,1.0
qwen_vl,516856,dining,1.8322,5,8,3,0,1.0,1.0,1.0,1.0,0.6666666666666666,0.375,0.375,5,0,1.0,1.0,0.8333333333333334,1.0,0.6666666666666666,0.5,0.5,5,0,1.0,1.0,0.4166666666666667,1.0,0.3333333333333333,0.5,0.5,1.0,1.0
qwen_vl,523978,bathroom,2.2601,8,7,3,0,1.0,1.0,1.0,1.0,1.0,0.42857142857142855,0.42857142857142855,4,0,1.0,1.0,0.6666666666666666,1.0,0.6666666666666666,0.5714285714285714,0.5714285714285714,5,0,1.0,1.0,0.4166666666666667,1.0,0.4166666666666667,0.7142857142857143,0.7142857142857143,1.0,1.0
qwen_vl,529069,bathroom,1.9495,6,4,3,0,1.0,1.0,1.0,1.0,0.6666666666666666,0.75,0.75,3,0,1.0,1.0,0.5,1.0,0.3333333333333333,0.75,0.75,3,0,1.0,1.0,0.25,1.0,0.16666666666666666,0.75,0.75,1.0,1.0
qwen_vl,530229,living room,2.8995,9,5,2,0,1.0,1.0,0.6666666666666666,1.0,0.3333333333333333,0.4,0.4,3,0,1.0,1.0,0.5,1.0,0.3333333333333333,0.6,0.6,4,0,1.0,1.0,0.3333333333333333,1.0,0.25,0.8,1.0,1.0,1.0
qwen_vl,530836,kitchen,3.0589,9,9,2,0,1.0,1.0,0.6666666666666666,1.0,0.6666666666666666,0.1111111111111111,0.1111111111111111,5,0,1.0,1.0,0.8333333333333334,1.0,0.5,0.2222222222222222,0.2222222222222222,6,0,1.0,1.0,0.5,1.0,0.3333333333333333,0.3333333333333333,0.3333333333333333,1.0,1.0
qwen_vl,530933,bathroom,8.4528,12,4,2,0,1.0,1.0,0.6666666666666666,1.0,0.6666666666666666,0.5,0.5,3,0,1.0,1.0,0.5,1.0,0.5,0.75,0.75,3,1,0.75,0.75,0.3333333333333333,1.0,0.25,0.75,0.75,1.0,1.0
qwen_vl,531441,dining,1.3039,4,4,2,0,1.0,1.0,0.6666666666666666,1.0,0.3333333333333333,0.5,0.5,2,0,1.0,1.0,0.3333333333333333,1.0,0.16666666666666666,0.5,0.5,2,0,1.0,1.0,0.16666666666666666,1.0,0.08333333333333333,0.5,0.5,1.0,1.0
qwen_vl,531852,living room,3.3471,11,3,1,0,1.0,1.0,0.3333333333333333,1.0,0.3333333333333333,0.3333333333333333,0.3333333333333333,2,0,1.0,1.0,0.3333333333333333,1.0,0.3333333333333333,0.6666666666666666,0.6666666666666666,2,0,1.0,1.0,0.16666666666666666,1.0,0.16666666666666666,0.6666666666666666,0.6666666666666666,1.0,1.0
qwen_vl,533255,kitchen,3.3116,11,3,2,0,1.0,1.0,0.6666666666666666,1.0,0.6666666666666666,0.6666666666666666,0.6666666666666666,3,0,1.0,1.0,0.5,1.0,0.5,0.6666666666666666,0.6666666666666666,5,0,1.0,1.0,0.4166666666666667,1.0,0.4166666666666667,0.6666666666666666,0.6666666666666666,1.0,1.0
qwen_vl,534456,living room,2.1012,7,5,2,1,0.6666666666666666,0.6666666666666666,1.0,1.0,0.6666666666666666,0.4,0.4,2,1,0.6666666666666666,0.75,0.5,1.0,0.3333333333333333,0.4,0.6,2,1,0.6666666666666666,0.75,0.25,1.0,0.16666666666666666,0.4,0.6,1.0,1.0
qwen_vl,536947,kitchen,1.6457,3,4,1,0,1.0,1.0,0.3333333333333333,1.0,0.3333333333333333,0.25,0.25,1,0,1.0,1.0,0.16666666666666666,1.0,0.16666666666666666,0.25,0.25,1,0,1.0,1.0,0.08333333333333333,1.0,0.08333333333333333,0.25,0.25,1.0,1.0
qwen_vl,537944,dining,2.5704,9,7,3,0,1.0,1.0,1.0,1.0,0.3333333333333333,0.42857142857142855,0.42857142857142855,4,0,1.0,1.0,0.6666666666666666,1.0,0.3333333333333333,0.42857142857142855,0.42857142857142855,5,1,0.8333333333333334,0.8333333333333334,0.5,1.0,0.25,0.42857142857142855,0.42857142857142855,1.0,1.0
qwen_vl,541332,bathroom,1.8398,5,3,3,0,1.0,1.0,1.0,1.0,1.0,1.0,1.0,4,0,1.0,1.0,0.6666666666666666,1.0,0.6666666666666666,1.0,1.0,4,0,1.0,1.0,0.3333333333333333,1.0,0.3333333333333333,1.0,1.0,1.0,1.0
qwen_vl,541634,dining,2.5249,7,6,3,0,1.0,1.0,1.0,1.0,0.3333333333333333,0.3333333333333333,0.3333333333333333,5,0,1.0,1.0,0.8333333333333334,1.0,0.5,0.6666666666666666,0.6666666666666666,5,0,1.0,1.0,0.4166666666666667,1.0,0.25,0.6666666666666666,0.6666666666666666,1.0,1.0
qwen_vl,546219,dining,2.943,11,9,2,0,1.0,1.0,0.6666666666666666,1.0,0.3333333333333333,0.2222222222222222,0.2222222222222222,3,0,1.0,1.0,0.5,1.0,0.16666666666666666,0.3333333333333333,0.5555555555555556,4,0,1.0,1.0,0.3333333333333333,1.0,0.08333333333333333,0.4444444444444444,0.7777777777777778,1.0,1.0
qwen_vl,546964,living room,2.9649,11,6,1,0,1.0,1.0,0.3333333333333333,1.0,0.3333333333333333,0.16666666666666666,0.3333333333333333,3,0,1.0,1.0,0.5,1.0,0.16666666666666666,0.5,0.6666666666666666,4,0,1.0,1.0,0.3333333333333333,1.0,0.16666666666666666,0.6666666666666666,0.6666666666666666,1.0,1.0
qwen_vl,547742,living room,1.3372,4,4,1,0,1.0,1.0,0.3333333333333333,1.0,0.3333333333333333,0.25,0.5,2,0,1.0,1.0,0.3333333333333333,1.0,0.3333333333333333,0.5,0.75,2,0,1.0,1.0,0.16666666666666666,1.0,0.16666666666666666,0.5,0.75,1.0,1.0
qwen_vl,554658,kitchen,2.1009,7,3,2,1,0.6666666666666666,0.6666666666666666,1.0,1.0,0.6666666666666666,0.6666666666666666,0.6666666666666666,4,2,0.6666666666666666,0.6666666666666666,1.0,1.0,0.5,1.0,1.0,5,2,0.7142857142857143,0.7142857142857143,0.5833333333333334,1.0,0.3333333333333333,1.0,1.0,1.0,1.0
qwen_vl,554809,bathroom,1.1865,3,3,2,0,1.0,1.0,0.6666666666666666,1.0,0.6666666666666666,0.6666666666666666,0.6666666666666666,2,0,1.0,1.0,0.3333333333333333,1.0,0.3333333333333333,0.6666666666666666,0.6666666666666666,2,0,1.0,1.0,0.16666666666666666,1.0,0.16666666666666666,0.6666666666666666,0.6666666666666666,1.0,1.0
qwen_vl,556633,bathroom,2.1406,8,7,2,0,1.0,1.0,0.6666666666666666,1.0,0.3333333333333333,0.2857142857142857,0.2857142857142857,5,0,1.0,1.0,0.8333333333333334,1.0,0.3333333333333333,0.7142857142857143,0.7142857142857143,6,0,1.0,1.0,0.5,1.0,0.25,0.8571428571428571,0.8571428571428571,1.0,1.0
qwen_vl,557172,bathroom,1.5675,5,7,1,0,1.0,1.0,0.3333333333333333,1.0,0.3333333333333333,0.14285714285714285,0.14285714285714285,2,0,1.0,1.0,0.3333333333333333,1.0,0.3333333333333333,0.2857142857142857,0.2857142857142857,2,0,1.0,1.0,0.16666666666666666,1.0,0.16666666666666666,0.2857142857142857,0.2857142857142857,1.0,1.0
qwen_vl,559550,dining,2.4424,8,9,3,0,1.0,1.0,1.0,1.0,0.6666666666666666,0.3333333333333333,0.3333333333333333,4,0,1.0,1.0,0.6666666666666666,1.0,0.3333333333333333,0.4444444444444444,0.5555555555555556,6,0,1.0,1.0,0.5,1.0,0.3333333333333333,0.5555555555555556,0.6666666666666666,1.0,1.0
qwen_vl,567825,dining,3.404,11,4,3,0,1.0,1.0,1.0,1.0,1.0,0.75,0.75,3,0,1.0,1.0,0.5,1.0,0.5,0.75,1.0,3,0,1.0,1.0,0.25,1.0,0.25,0.75,1.0,1.0,1.0
qwen_vl,571764,kitchen,1.9684,5,9,2,0,1.0,1.0,0.6666666666666666,1.0,0.6666666666666666,0.1111111111111111,0.1111111111111111,3,0,1.0,1.0,0.5,1.0,0.5,0.1111111111111111,0.1111111111111111,3,0,1.0,1.0,0.25,1.0,0.25,0.1111111111111111,0.1111111111111111,1.0,1.0
qwen_vl,574940,living room,2.7291,10,8,3,0,1.0,1.0,1.0,1.0,1.0,0.25,0.25,6,0,1.0,1.0,1.0,1.0,0.8333333333333334,0.625,0.625,8,0,1.0,1.0,0.6666666666666666,1.0,0.5833333333333334,0.75,0.75,1.0,1.0
qwen_vl,577507,kitchen,3.1396,11,5,2,0,1.0,1.0,0.6666666666666666,1.0,0.3333333333333333,0.4,0.4,3,0,1.0,1.0,0.5,1.0,0.16666666666666666,0.6,0.6,4,0,1.0,1.0,0.3333333333333333,1.0,0.16666666666666666,0.6,0.6,1.0,1.0
qwen_vl,578489,living room,1.5747,5,4,2,0,1.0,1.0,0.6666666666666666,1.0,0.6666666666666666,0.5,0.5,4,0,1.0,1.0,0.6666666666666666,1.0,0.3333333333333333,0.75,1.0,4,0,1.0,1.0,0.3333333333333333,1.0,0.16666666666666666,0.75,1.0,1.0,1.0
qwen_vl,578871,dining,1.9243,7,6,2,0,1.0,1.0,0.6666666666666666,1.0,0.6666666666666666,0.3333333333333333,0.3333333333333333,3,0,1.0,1.0,0.5,1.0,0.3333333333333333,0.5,0.6666666666666666,4,0,1.0,1.0,0.3333333333333333,1.0,0.16666666666666666,0.5,0.6666666666666666,1.0,1.0
qwen_vl,580026,dining,1.5777,5,5,1,0,1.0,1.0,0.3333333333333333,1.0,0.3333333333333333,0.2,0.4,3,0,1.0,1.0,0.5,1.0,0.3333333333333333,0.6,0.8,3,0,1.0,1.0,0.25,1.0,0.16666666666666666,0.6,0.8,1.0,1.0
static,5335,bathroom,0.0,12,6,2,1,0.6666666666666666,0.6666666666666666,1.0,1.0,0.3333333333333333,0.3333333333333333,0.3333333333333333,2,3,0.4,0.4,0.8333333333333334,1.0,0.16666666666666666,0.3333333333333333,0.3333333333333333,3,7,0.3,0.3,0.8333333333333334,1.0,0.08333333333333333,0.5,0.5,1.0,1.0
static,7574,kitchen,0.0,12,8,2,1,0.6666666666666666,0.6666666666666666,1.0,,0.0,0.25,0.25,2,3,0.4,0.4,0.8333333333333334,,0.0,0.25,0.25,5,5,0.5,0.5,0.8333333333333334,1.0,0.16666666666666666,0.625,0.625,1.0,1.0
static,12873,bathroom,0.0,12,3,1,2,0.3333333333333333,0.3333333333333333,1.0,1.0,0.3333333333333333,0.3333333333333333,0.3333333333333333,1,4,0.2,0.2,0.8333333333333334,1.0,0.16666666666666666,0.3333333333333333,0.3333333333333333,1,9,0.1,0.1,0.8333333333333334,1.0,0.08333333333333333,0.3333333333333333,0.3333333333333333,1.0,1.0
static,14635,kitchen,0.0,12,8,1,2,0.3333333333333333,0.3333333333333333,1.0,,0.0,0.125,0.125,1,4,0.2,0.2,0.8333333333333334,,0.0,0.125,0.125,2,7,0.2222222222222222,0.2222222222222222,0.75,,0.0,0.25,0.25,1.0,1.0
static,16958,living room,0.0,12,5,1,2,0.3333333333333333,0.3333333333333333,1.0,1.0,0.3333333333333333,0.2,0.2,1,5,0.16666666666666666,0.16666666666666666,1.0,1.0,0.16666666666666666,0.2,0.2,3,8,0.2727272727272727,0.36363636363636365,0.9166666666666666,1.0,0.25,0.6,0.8,1.0,1.0
static,17580,kitchen,0.0,12,5,1,2,0.3333333333333333,0.3333333333333333,1.0,1.0,0.3333333333333333,0.2,0.2,1,4,0.2,0.2,0.8333333333333334,1.0,0.16666666666666666,0.2,0.2,3,7,0.3,0.3,0.8333333333333334,1.0,0.16666666666666666,0.6,0.6,1.0,1.0
static,23258,dining,0.0,12,5,1,2,0.3333333333333333,0.3333333333333333,1.0,,0.0,0.2,0.2,1,5,0.16666666666666666,0.16666666666666666,1.0,,0.0,0.2,0.2,3,8,0.2727272727272727,0.2727272727272727,0.9166666666666666,1.0,0.08333333333333333,0.6,0.6,1.0,1.0
static,28903,bathroom,0.0,12,6,1,2,0.3333333333333333,0.3333333333333333,1.0,,0.0,0.16666666666666666,0.16666666666666666,1,4,0.2,0.2,0.8333333333333334,,0.0,0.16666666666666666,0.16666666666666666,2,8,0.2,0.2,0.8333333333333334,1.0,0.08333333333333333,0.3333333333333333,0.3333333333333333,1.0,1.0
static,29288,living room,0.0,12,6,0,3,0.0,0.0,1.0,,0.0,0.0,0.0,1,4,0.2,0.2,0.8333333333333334,1.0,0.16666666666666666,0.16666666666666666,0.16666666666666666,3,8,0.2727272727272727,0.2727272727272727,0.9166666666666666,1.0,0.16666666666666666,0.5,0.6666666666666666,0.0,0.0
static,31296,dining,0.0,12,7,2,1,0.6666666666666666,0.6666666666666666,1.0,,0.0,0.2857142857142857,0.2857142857142857,2,3,0.4,0.4,0.8333333333333334,,0.0,0.2857142857142857,0.2857142857142857,3,7,0.3,0.3,0.8333333333333334,1.0,0.08333333333333333,0.42857142857142855,0.42857142857142855,1.0,1.0
static,33909,bathroom,0.0,12,3,0,3,0.0,0.0,1.0,,0.0,0.0,0.0,0,5,0.0,0.0,0.8333333333333334,,0.0,0.0,0.0,1,9,0.1,0.1,0.8333333333333334,1.0,0.08333333333333333,0.3333333333333333,0.3333333333333333,0.0,0.0
static,34524,bedroom,0.0,12,3,0,3,0.0,0.0,1.0,,0.0,0.0,0.0,1,4,0.2,0.2,0.8333333333333334,1.0,0.16666666666666666,0.3333333333333333,0.3333333333333333,1,9,0.1,0.1,0.8333333333333334,1.0,0.08333333333333333,0.3333333333333333,0.3333333333333333,0.0,0.0
static,35664,bedroom,0.0,12,7,1,2,0.3333333333333333,0.3333333333333333,1.0,,0.0,0.14285714285714285,0.14285714285714285,2,3,0.4,0.4,0.8333333333333334,1.0,0.16666666666666666,0.2857142857142857,0.2857142857142857,3,7,0.3,0.4,0.8333333333333334,1.0,0.08333333333333333,0.42857142857142855,0.7142857142857143,1.0,1.0
static,36494,dining,0.0,12,8,2,1,0.6666666666666666,0.6666666666666666,1.0,,0.0,0.25,0.25,2,3,0.4,0.4,0.8333333333333334,,0.0,0.25,0.25,6,4,0.6,0.6,0.8333333333333334,1.0,0.08333333333333333,0.75,0.75,1.0,1.0
static,36844,kitchen,0.0,12,10,1,2,0.3333333333333333,0.3333333333333333,1.0,,0.0,0.1,0.1,2,3,0.4,0.4,0.8333333333333334,1.0,0.16666666666666666,0.2,0.2,4,7,0.36363636363636365,0.45454545454545453,0.9166666666666666,1.0,0.25,0.4,0.5,1.0,1.0
static,36936,living room,0.0,12,10,0,3,0.0,0.0,1.0,,0.0,0.0,0.0,2,4,0.3333333333333333,0.3333333333333333,1.0,1.0,0.16666666666666666,0.2,0.2,3,8,0.2727272727272727,0.4166666666666667,0.9166666666666666,1.0,0.08333333333333333,0.3,0.5,0.0,0.0
static,43944,dining,0.0,12,4,1,2,0.3333333333333333,0.3333333333333333,1.0,,0.0,0.25,0.25,1,4,0.2,0.2,0.8333333333333334,,0.0,0.25,0.25,2,8,0.2,0.2,0.8333333333333334,1.0,0.08333333333333333,0.5,0.5,1.0,1.0
static,45404,bedroom,0.0,12,4,0,3,0.0,0.0,1.0,,0.0,0.0,0.0,1,4,0.2,0.2,0.8333333333333334,1.0,0.16666666666666666,0.25,0.25,2,9,0.18181818181818182,0.18181818181818182,0.9166666666666666,1.0,0.16666666666666666,0.5,0.5,0.0,0.0
static,46029,bedroom,0.0,12,4,0,3,0.0,0.0,1.0,,0.0,0.0,0.0,1,5,0.16666666666666666,0.16666666666666666,1.0,1.0,0.16666666666666666,0.25,0.25,2,9,0.18181818181818182,0.18181818181818182,0.9166666666666666,1.0,0.16666666666666666,0.5,0.5,0.0,0.0
static,49984,bathroom,0.0,12,5,2,1,0.6666666666666666,0.6666666666666666,1.0,,0.0,0.4,0.4,2,3,0.4,0.4,0.8333333333333334,,0.0,0.4,0.4,3,7,0.3,0.3,0.8333333333333334,1.0,0.08333333333333333,0.6,0.6,1.0,1.0
static,53328,living room,0.0,12,4,2,1,0.6666666666666666,0.6666666666666666,1.0,1.0,0.6666666666666666,0.5,0.5,3,2,0.6,0.6,0.8333333333333334,1.0,0.5,0.75,0.75,3,6,0.3333333333333333,0.3333333333333333,0.75,1.0,0.25,0.75,0.75,1.0,1.0
static,53457,bedroom,0.0,12,4,0,3,0.0,0.0,1.0,,0.0,0.0,0.0,1,4,0.2,0.2,0.8333333333333334,1.0,0.16666666666666666,0.25,0.25,1,9,0.1,0.1,0.8333333333333334,1.0,0.08333333333333333,0.25,0.25,0.0,0.0
static,54318,bedroom,0.0,12,7,1,2,0.3333333333333333,0.3333333333333333,1.0,,0.0,0.14285714285714285,0.14285714285714285,2,3,0.4,0.4,0.8333333333333334,1.0,0.16666666666666666,0.2857142857142857,0.2857142857142857,2,8,0.2,0.2727272727272727,0.8333333333333334,1.0,0.08333333333333333,0.2857142857142857,0.42857142857142855,1.0,1.0
static,61773,kitchen,0.0,12,7,1,2,0.3333333333333333,0.3333333333333333,1.0,1.0,0.3333333333333333,0.14285714285714285,0.14285714285714285,1,4,0.2,0.2,0.8333333333333334,1.0,0.16666666666666666,0.14285714285714285,0.14285714285714285,2,8,0.2,0.2,0.8333333333333334,1.0,0.08333333333333333,0.2857142857142857,0.2857142857142857,1.0,1.0
static,61925,bedroom,0.0,12,7,1,2,0.3333333333333333,0.3333333333333333,1.0,,0.0,0.14285714285714285,0.14285714285714285,2,4,0.3333333333333333,0.3333333333333333,1.0,1.0,0.16666666666666666,0.2857142857142857,0.2857142857142857,4,8,0.3333333333333333,0.3333333333333333,1.0,1.0,0.25,0.5714285714285714,0.5714285714285714,1.0,1.0
static,63081,living room,0.0,12,8,0,3,0.0,0.0,1.0,,0.0,0.0,0.0,1,5,0.16666666666666666,0.16666666666666666,1.0,1.0,0.16666666666666666,0.125,0.125,3,8,0.2727272727272727,0.36363636363636365,0.9166666666666666,1.0,0.08333333333333333,0.375,0.5,0.0,0.0
static,63865,dining,0.0,12,7,1,2,0.3333333333333333,0.3333333333333333,1.0,,0.0,0.14285714285714285,0.14285714285714285,1,4,0.2,0.2,0.8333333333333334,,0.0,0.14285714285714285,0.14285714285714285,2,8,0.2,0.2,0.8333333333333334,0.5,0.16666666666666666,0.2857142857142857,0.2857142857142857,1.0,1.0
static,65884,living room,0.0,12,9,1,2,0.3333333333333333,0.3333333333333333,1.0,,0.0,0.1111111111111111,0.1111111111111111,2,3,0.4,0.4,0.8333333333333334,,0.0,0.2222222222222222,0.2222222222222222,4,6,0.4,0.4,0.8333333333333334,1.0,0.08333333333333333,0.4444444444444444,0.5555555555555556,1.0,1.0
static,67647,kitchen,0.0,12,10,3,0,1.0,1.0,1.0,1.0,0.3333333333333333,0.3,0.3,5,1,0.8333333333333334,0.8333333333333334,1.0,1.0,0.16666666666666666,0.5,0.5,8,3,0.7272727272727273,0.7272727272727273,0.9166666666666666,1.0,0.25,0.8,0.8,1.0,1.0
static,68260,kitchen,0.0,12,4,1,2,0.3333333333333333,0.3333333333333333,1.0,,0.0,0.25,0.25,1,4,0.2,0.2,0.8333333333333334,,0.0,0.25,0.25,1,9,0.1,0.1,0.8333333333333334,,0.0,0.25,0.25,1.0,1.0
static,68286,bedroom,0.0,12,5,0,3,0.0,0.0,1.0,,0.0,0.0,0.0,1,4,0.2,0.2,0.8333333333333334,1.0,0.16666666666666666,0.2,0.2,2,9,0.18181818181818182,0.18181818181818182,0.9166666666666666,1.0,0.16666666666666666,0.4,0.4,0.0,0.0
static,72961,bedroom,0.0,12,7,0,3,0.0,0.0,1.0,,0.0,0.0,0.0,1,5,0.16666666666666666,0.16666666666666666,1.0,1.0,0.16666666666666666,0.14285714285714285,0.14285714285714285,3,9,0.25,0.25,1.0,1.0,0.16666666666666666,0.42857142857142855,0.42857142857142855,0.0,0.0
static,73326,kitchen,0.0,12,4,1,2,0.3333333333333333,0.3333333333333333,1.0,1.0,0.3333333333333333,0.25,0.25,1,4,0.2,0.2,0.8333333333333334,1.0,0.16666666666666666,0.25,0.25,3,7,0.3,0.3,0.8333333333333334,1.0,0.16666666666666666,0.75,0.75,1.0,1.0
static,74357,kitchen,0.0,12,8,3,0,1.0,1.0,1.0,,0.0,0.375,0.375,4,2,0.6666666666666666,0.6666666666666666,1.0,1.0,0.16666666666666666,0.5,0.5,6,5,0.5454545454545454,0.5454545454545454,0.9166666666666666,1.0,0.08333333333333333,0.75,0.75,1.0,1.0
static,75110,bedroom,0.0,12,6,0,3,0.0,0.0,1.0,,0.0,0.0,0.0,1,5,0.16666666666666666,0.16666666666666666,1.0,1.0,0.16666666666666666,0.16666666666666666,0.16666666666666666,3,9,0.25,0.25,1.0,1.0,0.16666666666666666,0.5,0.5,0.0,0.0
static,75811,bathroom,0.0,12,3,0,3,0.0,0.0,1.0,,0.0,0.0,0.0,0,5,0.0,0.0,0.8333333333333334,,0.0,0.0,0.0,1,9,0.1,0.1,0.8333333333333334,1.0,0.08333333333333333,0.3333333333333333,0.3333333333333333,0.0,0.0
static,77177,living room,0.0,12,3,0,3,0.0,0.0,1.0,,0.0,0.0,0.0,1,4,0.2,0.2,0.8333333333333334,1.0,0.16666666666666666,0.3333333333333333,0.3333333333333333,1,9,0.1,0.18181818181818182,0.8333333333333334,1.0,0.08333333333333333,0.3333333333333333,0.6666666666666666,0.0,0.0
static,80369,kitchen,0.0,12,8,1,2,0.3333333333333333,0.3333333333333333,1.0,,0.0,0.125,0.125,1,4,0.2,0.2,0.8333333333333334,,0.0,0.125,0.125,3,6,0.3333333333333333,0.3333333333333333,0.75,1.0,0.16666666666666666,0.375,0.375,1.0,1.0
static,84680,kitchen,0.0,12,3,0,3,0.0,0.0,1.0,,0.0,0.0,0.0,0,5,0.0,0.0,0.8333333333333334,,0.0,0.0,0.0,1,9,0.1,0.2,0.8333333333333334,1.0,0.08333333333333333,0.3333333333333333,0.6666666666666666,0.0,0.0
static,88040,dining,0.0,12,8,1,2,0.3333333333333333,0.3333333333333333,1.0,,0.0,0.125,0.125,1,4,0.2,0.2,0.8333333333333334,,0.0,0.125,0.125,3,7,0.3,0.3,0.8333333333333334,1.0,0.08333333333333333,0.375,0.375,1.0,1.0
static,98085,dining,0.0,12,3,0,3,0.0,0.0,1.0,,0.0,0.0,0.0,0,5,0.0,0.0,0.8333333333333334,,0.0,0.0,0.0,1,9,0.1,0.1,0.8333333333333334,1.0,0.08333333333333333,0.3333333333333333,0.3333333333333333,0.0,0.0
static,101630,bathroom,0.0,12,7,2,1,0.6666666666666666,0.6666666666666666,1.0,1.0,0.6666666666666666,0.2857142857142857,0.2857142857142857,2,3,0.4,0.4,0.8333333333333334,1.0,0.3333333333333333,0.2857142857142857,0.2857142857142857,3,7,0.3,0.3,0.8333333333333334,1.0,0.16666666666666666,0.42857142857142855,0.42857142857142855,1.0,1.0
static,101816,bathroom,0.0,12,5,2,1,0.6666666666666666,0.6666666666666666,1.0,1.0,0.3333333333333333,0.4,0.4,2,3,0.4,0.4,0.8333333333333334,1.0,0.16666666666666666,0.4,0.4,3,7,0.3,0.3,0.8333333333333334,1.0,0.16666666666666666,0.6,0.6,1.0,1.0
static,102223,bedroom,0.0,12,5,0,3,0.0,0.0,1.0,,0.0,0.0,0.0,2,3,0.4,0.4,0.8333333333333334,1.0,0.16666666666666666,0.4,0.4,3,8,0.2727272727272727,0.2727272727272727,0.9166666666666666,1.0,0.16666666666666666,0.6,0.6,0.0,0.0
static,102320,bathroom,0.0,12,5,1,2,0.3333333333333333,0.3333333333333333,1.0,,0.0,0.2,0.2,1,4,0.2,0.2,0.8333333333333334,,0.0,0.2,0.2,2,8,0.2,0.2,0.8333333333333334,1.0,0.08333333333333333,0.4,0.4,1.0,1.0
static,102718,bathroom,0.0,12,7,2,1,0.6666666666666666,0.6666666666666666,1.0,1.0,0.3333333333333333,0.2857142857142857,0.42857142857142855,2,3,0.4,0.4,0.8333333333333334,1.0,0.16666666666666666,0.2857142857142857,0.42857142857142855,2,8,0.2,0.2,0.8333333333333334,1.0,0.08333333333333333,0.2857142857142857,0.42857142857142855,1.0,1.0
static,102841,bedroom,0.0,12,4,0,3,0.0,0.0,1.0,,0.0,0.0,0.0,1,5,0.16666666666666666,0.16666666666666666,1.0,1.0,0.16666666666666666,0.25,0.25,2,9,0.18181818181818182,0.18181818181818182,0.9166666666666666,1.0,0.16666666666666666,0.5,0.5,0.0,0.0
static,103119,kitchen,0.0,12,4,1,2,0.3333333333333333,0.3333333333333333,1.0,1.0,0.3333333333333333,0.25,0.25,1,4,0.2,0.2,0.8333333333333334,1.0,0.16666666666666666,0.25,0.25,1,9,0.1,0.1,0.8333333333333334,1.0,0.08333333333333333,0.25,0.25,1.0,1.0
static,106235,living room,0.0,12,7,1,2,0.3333333333333333,0.3333333333333333,1.0,,0.0,0.14285714285714285,0.14285714285714285,2,3,0.4,0.4,0.8333333333333334,,0.0,0.2857142857142857,0.2857142857142857,3,7,0.3,0.36363636363636365,0.8333333333333334,1.0,0.08333333333333333,0.42857142857142855,0.5714285714285714,1.0,1.0
static,110884,bathroom,0.0,12,6,1,2,0.3333333333333333,0.3333333333333333,1.0,1.0,0.3333333333333333,0.16666666666666666,0.16666666666666666,1,4,0.2,0.2,0.8333333333333334,1.0,0.16666666666666666,0.16666666666666666,0.16666666666666666,3,7,0.3,0.3,0.8333333333333334,1.0,0.16666666666666666,0.5,0.5,1.0,1.0
static,111951,bathroom,0.0,12,4,1,2,0.3333333333333333,0.3333333333333333,1.0,1.0,0.3333333333333333,0.25,0.25,1,4,0.2,0.2,0.8333333333333334,1.0,0.16666666666666666,0.25,0.25,3,7,0.3,0.3,0.8333333333333334,1.0,0.16666666666666666,0.75,0.75,1.0,1.0
static,114108,dining,0.0,12,7,1,2,0.3333333333333333,0.3333333333333333,1.0,,0.0,0.14285714285714285,0.14285714285714285,1,4,0.2,0.2,0.8333333333333334,,0.0,0.14285714285714285,0.14285714285714285,2,8,0.2,0.2,0.8333333333333334,1.0,0.08333333333333333,0.2857142857142857,0.2857142857142857,1.0,1.0
static,116479,bedroom,0.0,12,5,1,2,0.3333333333333333,0.3333333333333333,1.0,,0.0,0.2,0.2,3,2,0.6,0.6,0.8333333333333334,1.0,0.16666666666666666,0.6,0.6,3,7,0.3,0.3,0.8333333333333334,1.0,0.08333333333333333,0.6,0.6,1.0,1.0
static,117089,dining,0.0,12,10,1,2,0.3333333333333333,0.3333333333333333,1.0,,0.0,0.1,0.1,1,4,0.2,0.2,0.8333333333333334,,0.0,0.1,0.1,3,7,0.3,0.3,0.8333333333333334,1.0,0.08333333333333333,0.3,0.3,1.0,1.0
static,121904,kitchen,0.0,12,9,3,0,1.0,1.0,1.0,1.0,0.3333333333333333,0.3333333333333333,0.3333333333333333,4,2,0.6666666666666666,0.6666666666666666,1.0,1.0,0.16666666666666666,0.4444444444444444,0.4444444444444444,6,4,0.6,0.6,0.8333333333333334,1.0,0.16666666666666666,0.6666666666666666,0.6666666666666666,1.0,1.0
static,125955,bathroom,0.0,12,5,2,1,0.6666666666666666,0.6666666666666666,1.0,1.0,0.3333333333333333,0.4,0.4,2,4,0.3333333333333333,0.3333333333333333,1.0,1.0,0.16666666666666666,0.4,0.4,4,7,0.36363636363636365,0.36363636363636365,0.9166666666666666,1.0,0.25,0.8,0.8,1.0,1.0
static,127168,bedroom,0.0,12,3,0,3,0.0,0.0,1.0,,0.0,0.0,0.0,1,4,0.2,0.2,0.8333333333333334,1.0,0.16666666666666666,0.3333333333333333,0.3333333333333333,2,9,0.18181818181818182,0.18181818181818182,0.9166666666666666,1.0,0.16666666666666666,0.6666666666666666,0.6666666666666666,0.0,0.0
static,127394,dining,0.0,12,9,2,1,0.6666666666666666,0.6666666666666666,1.0,,0.0,0.2222222222222222,0.2222222222222222,2,3,0.4,0.4,0.8333333333333334,,0.0,0.2222222222222222,0.2222222222222222,4,6,0.4,0.4,0.8333333333333334,1.0,0.08333333333333333,0.4444444444444444,0.4444444444444444,1.0,1.0
static,129322,bathroom,0.0,12,3,0,3,0.0,0.0,1.0,,0.0,0.0,0.0,0,5,0.0,0.0,0.8333333333333334,,0.0,0.0,0.0,1,9,0.1,0.1,0.8333333333333334,1.0,0.08333333333333333,0.3333333333333333,0.3333333333333333,0.0,0.0
static,129980,living room,0.0,12,8,1,2,0.3333333333333333,0.3333333333333333,1.0,,0.0,0.125,0.125,2,3,0.4,0.4,0.8333333333333334,1.0,0.16666666666666666,0.25,0.25,5,5,0.5,0.5454545454545454,0.8333333333333334,0.75,0.3333333333333333,0.625,0.75,1.0,1.0
static,134907,living room,0.0,12,6,0,3,0.0,0.0,1.0,,0.0,0.0,0.0,1,5,0.16666666666666666,0.16666666666666666,1.0,1.0,0.16666666666666666,0.16666666666666666,0.16666666666666666,3,9,0.25,0.25,1.0,1.0,0.25,0.5,0.6666666666666666,0.0,0.0
static,140487,living room,0.0,12,7,1,2,0.3333333333333333,0.3333333333333333,1.0,0.0,0.3333333333333333,0.14285714285714285,0.14285714285714285,3,3,0.5,0.5,1.0,0.5,0.3333333333333333,0.42857142857142855,0.42857142857142855,4,7,0.36363636363636365,0.36363636363636365,0.9166666666666666,0.5,0.16666666666666666,0.5714285714285714,0.5714285714285714,1.0,1.0
static,140987,dining,0.0,12,6,1,2,0.3333333333333333,0.3333333333333333,1.0,,0.0,0.16666666666666666,0.16666666666666666,1,4,0.2,0.2,0.8333333333333334,,0.0,0.16666666666666666,0.16666666666666666,2,8,0.2,0.2,0.8333333333333334,1.0,0.08333333333333333,0.3333333333333333,0.3333333333333333,1.0,1.0
static,141180,bedroom,0.0,12,5,0,3,0.0,0.0,1.0,,0.0,0.0,0.0,1,4,0.2,0.2,0.8333333333333334,1.0,0.16666666666666666,0.2,0.2,1,9,0.1,0.1,0.8333333333333334,1.0,0.08333333333333333,0.2,0.2,0.0,0.0
static,141795,bathroom,0.0,12,6,1,2,0.3333333333333333,0.3333333333333333,1.0,1.0,0.3333333333333333,0.16666666666666666,0.16666666666666666,1,4,0.2,0.2,0.8333333333333334,1.0,0.16666666666666666,0.16666666666666666,0.16666666666666666,2,8,0.2,0.2,0.8333333333333334,1.0,0.16666666666666666,0.3333333333333333,0.3333333333333333,1.0,1.0
static,142240,kitchen,0.0,12,5,2,1,0.6666666666666666,0.6666666666666666,1.0,,0.0,0.4,0.4,2,3,0.4,0.4,0.8333333333333334,,0.0,0.4,0.4,2,8,0.2,0.2,0.8333333333333334,,0.0,0.4,0.4,1.0,1.0
static,142291,living room,0.0,12,4,0,3,0.0,0.0,1.0,,0.0,0.0,0.0,1,4,0.2,0.2,0.8333333333333334,1.0,0.16666666666666666,0.25,0.25,2,9,0.18181818181818182,0.18181818181818182,0.9166666666666666,1.0,0.16666666666666666,0.5,0.5,0.0,0.0
static,149184,kitchen,0.0,12,12,3,0,1.0,1.0,1.0,,0.0,0.25,0.25,3,2,0.6,0.6,0.8333333333333334,,0.0,0.25,0.25,5,4,0.5555555555555556,0.5555555555555556,0.75,1.0,0.08333333333333333,0.4166666666666667,0.4166666666666667,1.0,1.0
static,150417,kitchen,0.0,12,7,1,2,0.3333333333333333,0.3333333333333333,1.0,,0.0,0.14285714285714285,0.14285714285714285,1,4,0.2,0.2,0.8333333333333334,,0.0,0.14285714285714285,0.14285714285714285,3,6,0.3333333333333333,0.3333333333333333,0.75,1.0,0.08333333333333333,0.42857142857142855,0.42857142857142855,1.0,1.0
static,150874,bedroom,0.0,12,9,1,2,0.3333333333333333,0.3333333333333333,1.0,,0.0,0.1111111111111111,0.1111111111111111,2,4,0.3333333333333333,0.3333333333333333,1.0,1.0,0.16666666666666666,0.2222222222222222,0.2222222222222222,3,7,0.3,0.36363636363636365,0.8333333333333334,1.0,0.08333333333333333,0.3333333333333333,0.4444444444444444,1.0,1.0
static,151414,bedroom,0.0,12,5,0,3,0.0,0.0,1.0,0.0,0.3333333333333333,0.0,0.0,2,3,0.4,0.4,0.8333333333333334,0.5,0.3333333333333333,0.4,0.4,3,8,0.2727272727272727,0.2727272727272727,0.9166666666666666,0.6666666666666666,0.25,0.6,0.8,0.0,0.0
static,152298,bathroom,0.0,12,6,2,1,0.6666666666666666,0.6666666666666666,1.0,1.0,0.3333333333333333,0.3333333333333333,0.3333333333333333,2,3,0.4,0.4,0.8333333333333334,1.0,0.16666666666666666,0.3333333333333333,0.3333333333333333,3,7,0.3,0.3,0.8333333333333334,1.0,0.08333333333333333,0.5,0.5,1.0,1.0
static,154358,living room,0.0,12,7,1,2,0.3333333333333333,0.3333333333333333,1.0,,0.0,0.14285714285714285,0.14285714285714285,1,5,0.16666666666666666,0.16666666666666666,1.0,,0.0,0.14285714285714285,0.14285714285714285,3,7,0.3,0.36363636363636365,0.8333333333333334,1.0,0.08333333333333333,0.42857142857142855,0.5714285714285714,1.0,1.0
static,154431,living room,0.0,12,5,0,3,0.0,0.0,1.0,,0.0,0.0,0.0,1,5,0.16666666666666666,0.16666666666666666,1.0,,0.0,0.2,0.2,3,8,0.2727272727272727,0.2727272727272727,0.9166666666666666,1.0,0.08333333333333333,0.6,0.6,0.0,0.0
static,154704,dining,0.0,12,5,1,2,0.3333333333333333,0.3333333333333333,1.0,,0.0,0.2,0.2,1,4,0.2,0.2,0.8333333333333334,,0.0,0.2,0.2,2,8,0.2,0.2,0.8333333333333334,1.0,0.08333333333333333,0.4,0.4,1.0,1.0
static,156643,dining,0.0,12,6,2,1,0.6666666666666666,0.6666666666666666,1.0,,0.0,0.3333333333333333,0.3333333333333333,2,3,0.4,0.4,0.8333333333333334,,0.0,0.3333333333333333,0.3333333333333333,3,7,0.3,0.3,0.8333333333333334,1.0,0.08333333333333333,0.5,0.5,1.0,1.0
static,157045,bathroom,0.0,12,3,1,2,0.3333333333333333,0.3333333333333333,1.0,1.0,0.3333333333333333,0.3333333333333333,0.3333333333333333,1,4,0.2,0.2,0.8333333333333334,1.0,0.16666666666666666,0.3333333333333333,0.3333333333333333,2,8,0.2,0.2,0.8333333333333334,1.0,0.16666666666666666,0.6666666666666666,0.6666666666666666,1.0,1.0
static,158880,bathroom,0.0,12,3,0,3,0.0,0.0,1.0,,0.0,0.0,0.0,0,5,0.0,0.0,0.8333333333333334,,0.0,0.0,0.0,1,9,0.1,0.1,0.8333333333333334,1.0,0.08333333333333333,0.3333333333333333,0.3333333333333333,0.0,0.0
static,163589,dining,0.0,12,4,0,3,0.0,0.0,1.0,,0.0,0.0,0.0,0,5,0.0,0.0,0.8333333333333334,,0.0,0.0,0.0,1,9,0.1,0.1,0.8333333333333334,1.0,0.08333333333333333,0.25,0.25,0.0,0.0
static,164005,bedroom,0.0,12,5,1,2,0.3333333333333333,0.3333333333333333,1.0,,0.0,0.2,0.2,2,3,0.4,0.4,0.8333333333333334,1.0,0.16666666666666666,0.4,0.4,2,8,0.2,0.2,0.8333333333333334,1.0,0.08333333333333333,0.4,0.4,1.0,1.0
static,164602,bathroom,0.0,12,4,1,2,0.3333333333333333,0.3333333333333333,1.0,,0.0,0.25,0.25,1,4,0.2,0.2,0.8333333333333334,,0.0,0.25,0.25,1,9,0.1,0.1,0.8333333333333334,,0.0,0.25,0.25,1.0,1.0
static,166313,bathroom,0.0,12,4,1,2,0.3333333333333333,0.3333333333333333,1.0,1.0,0.3333333333333333,0.25,0.25,1,4,0.2,0.2,0.8333333333333334,1.0,0.16666666666666666,0.25,0.25,2,8,0.2,0.2,0.8333333333333334,1.0,0.16666666666666666,0.5,0.5,1.0,1.0
static,166426,dining,0.0,12,6,2,1,0.6666666666666666,0.6666666666666666,1.0,1.0,0.3333333333333333,0.3333333333333333,0.3333333333333333,2,3,0.4,0.4,0.8333333333333334,1.0,0.16666666666666666,0.3333333333333333,0.3333333333333333,3,7,0.3,0.3,0.8333333333333334,1.0,0.16666666666666666,0.5,0.5,1.0,1.0
static,166533,kitchen,0.0,12,5,2,1,0.6666666666666666,0.6666666666666666,1.0,,0.0,0.4,0.4,2,3,0.4,0.4,0.8333333333333334,,0.0,0.4,0.4,3,7,0.3,0.3,0.8333333333333334,1.0,0.08333333333333333,0.6,0.6,1.0,1.0
static,167898,bathroom,0.0,12,7,2,1,0.6666666666666666,0.6666666666666666,1.0,,0.0,0.2857142857142857,0.2857142857142857,2,3,0.4,0.4,0.8333333333333334,,0.0,0.2857142857142857,0.2857142857142857,3,7,0.3,0.3,0.8333333333333334,1.0,0.08333333333333333,0.42857142857142855,0.42857142857142855,1.0,1.0
static,170191,bedroom,0.0,12,3,0,3,0.0,0.0,1.0,,0.0,0.0,0.0,1,4,0.2,0.2,0.8333333333333334,1.0,0.16666666666666666,0.3333333333333333,0.3333333333333333,2,9,0.18181818181818182,0.18181818181818182,0.9166666666666666,1.0,0.16666666666666666,0.6666666666666666,0.6666666666666666,0.0,0.0
static,170529,bedroom,0.0,12,4,1,2,0.3333333333333333,0.3333333333333333,1.0,,0.0,0.25,0.25,2,3,0.4,0.4,0.8333333333333334,1.0,0.16666666666666666,0.5,0.5,2,9,0.18181818181818182,0.18181818181818182,0.9166666666666666,0.5,0.16666666666666666,0.5,0.5,1.0,1.0
static,171740,living room,0.0,12,4,0,3,0.0,0.0,1.0,,0.0,0.0,0.0,1,4,0.2,0.2,0.8333333333333334,1.0,0.16666666666666666,0.25,0.25,1,9,0.1,0.1,0.8333333333333334,1.0,0.08333333333333333,0.25,0.25,0.0,0.0
static,173968,bathroom,0.0,12,5,1,2,0.3333333333333333,0.3333333333333333,1.0,,0.0,0.2,0.2,1,4,0.2,0.2,0.8333333333333334,,0.0,0.2,0.2,3,7,0.3,0.3,0.8333333333333334,1.0,0.16666666666666666,0.6,0.6,1.0,1.0
static,174964,bedroom,0.0,12,6,0,3,0.0,0.0,1.0,,0.0,0.0,0.0,1,5,0.16666666666666666,0.16666666666666666,1.0,1.0,0.16666666666666666,0.16666666666666666,0.16666666666666666,3,9,0.25,0.25,1.0,1.0,0.16666666666666666,0.5,0.5,0.0,0.0
static,175364,kitchen,0.0,12,8,2,1,0.6666666666666666,0.6666666666666666,1.0,,0.0,0.25,0.25,2,3,0.4,0.4,0.8333333333333334,,0.0,0.25,0.25,3,6,0.3333333333333333,0.3333333333333333,0.75,1.0,0.08333333333333333,0.375,0.375,1.0,1.0
static,177824,living room,0.0,12,7,1,2,0.3333333333333333,0.3333333333333333,1.0,,0.0,0.14285714285714285,0.14285714285714285,3,2,0.6,0.6,0.8333333333333334,1.0,0.16666666666666666,0.42857142857142855,0.42857142857142855,5,5,0.5,0.5,0.8333333333333334,1.0,0.25,0.7142857142857143,0.7142857142857143,1.0,1.0
static,178504,bedroom,0.0,12,3,0,3,0.0,0.0,1.0,,0.0,0.0,0.0,1,4,0.2,0.2,0.8333333333333334,1.0,0.16666666666666666,0.3333333333333333,0.3333333333333333,1,9,0.1,0.1,0.8333333333333334,1.0,0.08333333333333333,0.3333333333333333,0.3333333333333333,0.0,0.0
static,178690,living room,0.0,12,5,1,2,0.3333333333333333,0.3333333333333333,1.0,,0.0,0.2,0.2,2,4,0.3333333333333333,0.3333333333333333,1.0,,0.0,0.4,0.4,3,8,0.2727272727272727,0.2727272727272727,0.9166666666666666,1.0,0.08333333333333333,0.6,0.6,1.0,1.0
static,180908,bedroom,0.0,12,6,0,3,0.0,0.0,1.0,,0.0,0.0,0.0,1,4,0.2,0.2,0.8333333333333334,1.0,0.16666666666666666,0.16666666666666666,0.16666666666666666,2,9,0.18181818181818182,0.18181818181818182,0.9166666666666666,1.0,0.16666666666666666,0.3333333333333333,0.3333333333333333,0.0,0.0
static,185633,bathroom,0.0,12,5,2,1,0.6666666666666666,0.6666666666666666,1.0,1.0,0.3333333333333333,0.4,0.4,2,3,0.4,0.4,0.8333333333333334,1.0,0.16666666666666666,0.4,0.4,2,8,0.2,0.2,0.8333333333333334,1.0,0.08333333333333333,0.4,0.4,1.0,1.0
static,187243,bathroom,0.0,12,5,1,2,0.3333333333333333,0.3333333333333333,1.0,,0.0,0.2,0.2,1,4,0.2,0.2,0.8333333333333334,,0.0,0.2,0.2,2,8,0.2,0.2,0.8333333333333334,1.0,0.08333333333333333,0.4,0.4,1.0,1.0
static,189045,bedroom,0.0,12,3,0,3,0.0,0.0,1.0,,0.0,0.0,0.0,1,4,0.2,0.2,0.8333333333333334,1.0,0.16666666666666666,0.3333333333333333,0.3333333333333333,1,9,0.1,0.1,0.8333333333333334,1.0,0.08333333333333333,0.3333333333333333,0.3333333333333333,0.0,0.0
static,191997,kitchen,0.0,12,4,1,2,0.3333333333333333,0.3333333333333333,1.0,1.0,0.3333333333333333,0.25,0.25,1,5,0.16666666666666666,0.16666666666666666,1.0,1.0,0.16666666666666666,0.25,0.25,3,7,0.3,0.3,0.8333333333333334,1.0,0.25,0.75,0.75,1.0,1.0
static,193047,kitchen,0.0,12,5,0,3,0.0,0.0,1.0,,0.0,0.0,0.0,0,5,0.0,0.0,0.8333333333333334,,0.0,0.0,0.0,1,9,0.1,0.1,0.8333333333333334,,0.0,0.2,0.2,0.0,0.0
static,194724,kitchen,0.0,12,9,2,1,0.6666666666666666,0.6666666666666666,1.0,1.0,0.3333333333333333,0.2222222222222222,0.2222222222222222,2,4,0.3333333333333333,0.3333333333333333,1.0,1.0,0.16666666666666666,0.2222222222222222,0.2222222222222222,4,6,0.4,0.4,0.8333333333333334,1.0,0.16666666666666666,0.4444444444444444,0.4444444444444444,1.0,1.0
static,195754,living room,0.0,12,5,1,2,0.3333333333333333,0.3333333333333333,1.0,,0.0,0.2,0.2,2,3,0.4,0.4,0.8333333333333334,1.0,0.16666666666666666,0.4,0.4,2,7,0.2222222222222222,0.3,0.75,0.5,0.16666666666666666,0.4,0.6,1.0,1.0
static,199502,bedroom,0.0,12,4,1,2,0.3333333333333333,0.3333333333333333,1.0,1.0,0.3333333333333333,0.25,0.25,2,3,0.4,0.4,0.8333333333333334,1.0,0.3333333333333333,0.5,0.5,2,7,0.2222222222222222,0.2222222222222222,0.75,1.0,0.16666666666666666,0.5,0.5,1.0,1.0
static,200548,bathroom,0.0,12,4,1,2,0.3333333333333333,0.3333333333333333,1.0,,0.0,0.25,0.25,1,4,0.2,0.2,0.8333333333333334,,0.0,0.25,0.25,2,8,0.2,0.2,0.8333333333333334,1.0,0.08333333333333333,0.5,0.5,1.0,1.0
static,200952,bedroom,0.0,12,7,1,2,0.3333333333333333,0.3333333333333333,1.0,,0.0,0.14285714285714285,0.14285714285714285,3,2,0.6,0.6,0.8333333333333334,1.0,0.16666666666666666,0.42857142857142855,0.42857142857142855,4,7,0.36363636363636365,0.36363636363636365,0.9166666666666666,1.0,0.16666666666666666,0.5714285714285714,0.5714285714285714,1.0,1.0
static,204661,living room,0.0,12,4,0,3,0.0,0.0,1.0,,0.0,0.0,0.0,0,5,0.0,0.0,0.8333333333333334,,0.0,0.0,0.0,0,10,0.0,0.0,0.8333333333333334,,0.0,0.0,0.0,0.0,0.0
static,205514,living room,0.0,12,6,1,2,0.3333333333333333,0.3333333333333333,1.0,,0.0,0.16666666666666666,0.16666666666666666,2,4,0.3333333333333333,0.3333333333333333,1.0,1.0,0.16666666666666666,0.3333333333333333,0.3333333333333333,4,6,0.4,0.4,0.8333333333333334,1.0,0.16666666666666666,0.6666666666666666,0.6666666666666666,1.0,1.0
static,206395,living room,0.0,12,4,0,3,0.0,0.0,1.0,,0.0,0.0,0.0,0,5,0.0,0.0,0.8333333333333334,,0.0,0.0,0.0,1,9,0.1,0.1,0.8333333333333334,,0.0,0.25,0.25,0.0,0.0
static,208778,bedroom,0.0,12,4,0,3,0.0,0.0,1.0,,0.0,0.0,0.0,1,5,0.16666666666666666,0.16666666666666666,1.0,1.0,0.16666666666666666,0.25,0.25,3,9,0.25,0.25,1.0,1.0,0.16666666666666666,0.75,0.75,0.0,0.0
static,209802,bathroom,0.0,12,5,1,2,0.3333333333333333,0.3333333333333333,1.0,,0.0,0.2,0.2,1,4,0.2,0.2,0.8333333333333334,,0.0,0.2,0.2,3,7,0.3,0.3,0.8333333333333334,1.0,0.08333333333333333,0.6,0.6,1.0,1.0
static,210612,bedroom,0.0,12,4,0,3,0.0,0.0,1.0,,0.0,0.0,0.0,1,4,0.2,0.2,0.8333333333333334,1.0,0.16666666666666666,0.25,0.25,1,9,0.1,0.1,0.8333333333333334,1.0,0.08333333333333333,0.25,0.25,0.0,0.0
static,215746,dining,0.0,12,5,0,3,0.0,0.0,1.0,,0.0,0.0,0.0,0,5,0.0,0.0,0.8333333333333334,,0.0,0.0,0.0,1,9,0.1,0.1,0.8333333333333334,1.0,0.08333333333333333,0.2,0.2,0.0,0.0
static,217546,living room,0.0,12,11,1,2,0.3333333333333333,0.3333333333333333,1.0,,0.0,0.09090909090909091,0.09090909090909091,2,3,0.4,0.4,0.8333333333333334,1.0,0.16666666666666666,0.18181818181818182,0.18181818181818182,3,6,0.3333333333333333,0.4,0.75,1.0,0.08333333333333333,0.2727272727272727,0.36363636363636365,1.0,1.0
static,218091,bedroom,0.0,12,10,1,2,0.3333333333333333,0.3333333333333333,1.0,,0.0,0.1,0.1,3,2,0.6,0.6,0.8333333333333334,1.0,0.16666666666666666,0.3,0.3,3,7,0.3,0.45454545454545453,0.8333333333333334,1.0,0.08333333333333333,0.3,0.5,1.0,1.0
static,222625,living room,0.0,12,5,1,2,0.3333333333333333,0.3333333333333333,1.0,,0.0,0.2,0.2,1,5,0.16666666666666666,0.16666666666666666,1.0,,0.0,0.2,0.2,2,8,0.2,0.2,0.8333333333333334,,0.0,0.4,0.4,1.0,1.0
static,223500,kitchen,0.0,12,9,2,1,0.6666666666666666,0.6666666666666666,1.0,1.0,0.3333333333333333,0.2222222222222222,0.2222222222222222,2,3,0.4,0.4,0.8333333333333334,1.0,0.16666666666666666,0.2222222222222222,0.2222222222222222,4,6,0.4,0.4,0.8333333333333334,1.0,0.08333333333333333,0.4444444444444444,0.4444444444444444,1.0,1.0
static,224367,bedroom,0.0,12,5,0,3,0.0,0.0,1.0,,0.0,0.0,0.0,1,4,0.2,0.2,0.8333333333333334,1.0,0.16666666666666666,0.2,0.2,1,9,0.1,0.1,0.8333333333333334,1.0,0.08333333333333333,0.2,0.2,0.0,0.0
static,226329,living room,0.0,12,4,1,2,0.3333333333333333,0.3333333333333333,1.0,1.0,0.3333333333333333,0.25,0.25,2,3,0.4,0.4,0.8333333333333334,1.0,0.3333333333333333,0.5,0.5,3,6,0.3333333333333333,0.4,0.75,1.0,0.16666666666666666,0.75,1.0,1.0,1.0
static,227985,dining,0.0,12,3,0,3,0.0,0.0,1.0,,0.0,0.0,0.0,0,5,0.0,0.0,0.8333333333333334,,0.0,0.0,0.0,1,9,0.1,0.1,0.8333333333333334,1.0,0.08333333333333333,0.3333333333333333,0.3333333333333333,0.0,0.0
static,232088,living room,0.0,12,7,1,2,0.3333333333333333,0.3333333333333333,1.0,,0.0,0.14285714285714285,0.14285714285714285,2,3,0.4,0.4,0.8333333333333334,,0.0,0.2857142857142857,0.2857142857142857,3,8,0.2727272727272727,0.2727272727272727,0.9166666666666666,1.0,0.08333333333333333,0.42857142857142855,0.42857142857142855,1.0,1.0
static,232649,bathroom,0.0,12,5,1,2,0.3333333333333333,0.3333333333333333,1.0,,0.0,0.2,0.2,1,4,0.2,0.2,0.8333333333333334,,0.0,0.2,0.2,2,8,0.2,0.2,0.8333333333333334,1.0,0.08333333333333333,0.4,0.4,1.0,1.0
static,234779,dining,0.0,12,3,0,3,0.0,0.0,1.0,,0.0,0.0,0.0,0,5,0.0,0.0,0.8333333333333334,,0.0,0.0,0.0,1,9,0.1,0.1,0.8333333333333334,1.0,0.08333333333333333,0.3333333333333333,0.3333333333333333,0.0,0.0
static,238154,bedroom,0.0,12,7,0,3,0.0,0.0,1.0,,0.0,0.0,0.0,1,4,0.2,0.2,0.8333333333333334,1.0,0.16666666666666666,0.14285714285714285,0.14285714285714285,2,9,0.18181818181818182,0.18181818181818182,0.9166666666666666,1.0,0.16666666666666666,0.2857142857142857,0.2857142857142857,0.0,0.0
static,239013,living room,0.0,12,9,1,2,0.3333333333333333,0.3333333333333333,1.0,,0.0,0.1111111111111111,0.1111111111111111,2,3,0.4,0.4,0.8333333333333334,1.0,0.16666666666666666,0.2222222222222222,0.2222222222222222,4,6,0.4,0.45454545454545453,0.8333333333333334,1.0,0.16666666666666666,0.4444444444444444,0.6666666666666666,1.0,1.0
static,240043,kitchen,0.0,12,4,0,3,0.0,0.0,1.0,,0.0,0.0,0.0,0,5,0.0,0.0,0.8333333333333334,,0.0,0.0,0.0,1,9,0.1,0.1,0.8333333333333334,1.0,0.08333333333333333,0.25,0.25,0.0,0.0
static,240965,dining,0.0,12,3,0,3,0.0,0.0,1.0,,0.0,0.0,0.0,0,5,0.0,0.0,0.8333333333333334,,0.0,0.0,0.0,1,9,0.1,0.1,0.8333333333333334,1.0,0.08333333333333333,0.3333333333333333,0.3333333333333333,0.0,0.0
static,242296,living room,0.0,12,6,1,2,0.3333333333333333,0.3333333333333333,1.0,,0.0,0.16666666666666666,0.16666666666666666,2,3,0.4,0.4,0.8333333333333334,1.0,0.16666666666666666,0.3333333333333333,0.3333333333333333,2,8,0.2,0.2,0.8333333333333334,1.0,0.08333333333333333,0.3333333333333333,0.3333333333333333,1.0,1.0
static,242610,bedroom,0.0,12,4,0,3,0.0,0.3333333333333333,1.0,,0.0,0.0,0.25,1,5,0.16666666666666666,0.3333333333333333,1.0,1.0,0.16666666666666666,0.25,0.5,2,9,0.18181818181818182,0.2727272727272727,0.9166666666666666,1.0,0.16666666666666666,0.5,0.75,0.0,1.0
static,245230,kitchen,0.0,12,9,2,1,0.6666666666666666,0.6666666666666666,1.0,,0.0,0.2222222222222222,0.2222222222222222,2,3,0.4,0.4,0.8333333333333334,,0.0,0.2222222222222222,0.2222222222222222,3,6,0.3333333333333333,0.3333333333333333,0.75,,0.0,0.3333333333333333,0.3333333333333333,1.0,1.0
static,247839,dining,0.0,12,11,2,1,0.6666666666666666,0.6666666666666666,1.0,,0.0,0.18181818181818182,0.18181818181818182,2,3,0.4,0.4,0.8333333333333334,,0.0,0.18181818181818182,0.18181818181818182,3,7,0.3,0.3,0.8333333333333334,1.0,0.08333333333333333,0.2727272727272727,0.2727272727272727,1.0,1.0
static,252127,bedroom,0.0,12,4,0,3,0.0,0.0,1.0,0.0,0.3333333333333333,0.0,0.0,2,3,0.4,0.4,0.8333333333333334,0.5,0.3333333333333333,0.5,0.5,2,8,0.2,0.2,0.8333333333333334,0.5,0.16666666666666666,0.5,0.5,0.0,0.0
static,255654,bathroom,0.0,12,4,0,3,0.0,0.0,1.0,,0.0,0.0,0.0,0,5,0.0,0.0,0.8333333333333334,,0.0,0.0,0.0,1,9,0.1,0.1,0.8333333333333334,1.0,0.08333333333333333,0.25,0.25,0.0,0.0
static,256518,dining,0.0,12,7,0,3,0.0,0.0,1.0,,0.0,0.0,0.0,0,5,0.0,0.0,0.8333333333333334,,0.0,0.0,0.0,2,8,0.2,0.2,0.8333333333333334,1.0,0.08333333333333333,0.2857142857142857,0.2857142857142857,0.0,0.0
static,257370,living room,0.0,12,4,0,3,0.0,0.0,1.0,,0.0,0.0,0.0,0,5,0.0,0.0,0.8333333333333334,,0.0,0.0,0.0,0,10,0.0,0.0,0.8333333333333334,,0.0,0.0,0.0,0.0,0.0
static,257660,bathroom,0.0,12,5,1,2,0.3333333333333333,0.3333333333333333,1.0,,0.0,0.2,0.2,1,4,0.2,0.2,0.8333333333333334,,0.0,0.2,0.2,2,8,0.2,0.2,0.8333333333333334,1.0,0.08333333333333333,0.4,0.4,1.0,1.0
static,257773,kitchen,0.0,12,6,1,2,0.3333333333333333,0.3333333333333333,1.0,1.0,0.3333333333333333,0.16666666666666666,0.16666666666666666,1,4,0.2,0.2,0.8333333333333334,1.0,0.16666666666666666,0.16666666666666666,0.16666666666666666,3,7,0.3,0.3,0.8333333333333334,1.0,0.16666666666666666,0.5,0.5,1.0,1.0
static,260721,living room,0.0,12,7,0,3,0.0,0.0,1.0,,0.0,0.0,0.0,3,3,0.5,0.5,1.0,1.0,0.16666666666666666,0.42857142857142855,0.42857142857142855,4,7,0.36363636363636365,0.45454545454545453,0.9166666666666666,1.0,0.16666666666666666,0.5714285714285714,0.7142857142857143,0.0,0.0
static,264347,kitchen,0.0,12,8,1,2,0.3333333333333333,0.3333333333333333,1.0,,0.0,0.125,0.125,1,4,0.2,0.2,0.8333333333333334,,0.0,0.125,0.125,2,8,0.2,0.2,0.8333333333333334,,0.0,0.25,0.25,1.0,1.0
static,266422,living room,0.0,12,6,1,2,0.3333333333333333,0.3333333333333333,1.0,1.0,0.3333333333333333,0.16666666666666666,0.16666666666666666,2,3,0.4,0.4,0.8333333333333334,1.0,0.16666666666666666,0.3333333333333333,0.3333333333333333,2,8,0.2,0.36363636363636365,0.8333333333333334,1.0,0.08333333333333333,0.3333333333333333,0.6666666666666666,1.0,1.0
static,268213,kitchen,0.0,12,6,1,2,0.3333333333333333,0.3333333333333333,1.0,1.0,0.3333333333333333,0.16666666666666666,0.16666666666666666,2,4,0.3333333333333333,0.3333333333333333,1.0,1.0,0.16666666666666666,0.3333333333333333,0.3333333333333333,4,7,0.36363636363636365,0.36363636363636365,0.9166666666666666,1.0,0.25,0.6666666666666666,0.6666666666666666,1.0,1.0
static,268378,dining,0.0,12,6,1,2,0.3333333333333333,0.3333333333333333,1.0,,0.0,0.16666666666666666,0.16666666666666666,1,4,0.2,0.2,0.8333333333333334,,0.0,0.16666666666666666,0.16666666666666666,2,8,0.2,0.2,0.8333333333333334,1.0,0.08333333333333333,0.3333333333333333,0.3333333333333333,1.0,1.0
static,271167,bathroom,0.0,12,5,2,1,0.6666666666666666,0.6666666666666666,1.0,1.0,0.6666666666666666,0.4,0.4,2,3,0.4,0.4,0.8333333333333334,1.0,0.3333333333333333,0.4,0.4,2,8,0.2,0.2,0.8333333333333334,1.0,0.16666666666666666,0.4,0.4,1.0,1.0
static,271728,living room,0.0,12,9,0,3,0.0,0.0,1.0,,0.0,0.0,0.0,1,5,0.16666666666666666,0.16666666666666666,1.0,1.0,0.16666666666666666,0.1111111111111111,0.1111111111111111,2,9,0.18181818181818182,0.18181818181818182,0.9166666666666666,1.0,0.08333333333333333,0.2222222222222222,0.2222222222222222,0.0,0.0
static,272203,bedroom,0.0,12,5,1,2,0.3333333333333333,0.3333333333333333,1.0,,0.0,0.2,0.2,2,4,0.3333333333333333,0.3333333333333333,1.0,1.0,0.16666666666666666,0.4,0.4,3,8,0.2727272727272727,0.2727272727272727,0.9166666666666666,1.0,0.16666666666666666,0.6,0.6,1.0,1.0
static,274352,dining,0.0,12,10,2,1,0.6666666666666666,0.6666666666666666,1.0,,0.0,0.2,0.2,2,3,0.4,0.4,0.8333333333333334,,0.0,0.2,0.2,3,7,0.3,0.3,0.8333333333333334,1.0,0.08333333333333333,0.3,0.3,1.0,1.0
static,275374,bedroom,0.0,12,5,0,3,0.0,0.0,1.0,,0.0,0.0,0.0,1,5,0.16666666666666666,0.16666666666666666,1.0,1.0,0.16666666666666666,0.2,0.2,2,9,0.18181818181818182,0.18181818181818182,0.9166666666666666,1.0,0.16666666666666666,0.4,0.4,0.0,0.0
static,277507,bedroom,0.0,12,4,2,1,0.6666666666666666,0.6666666666666666,1.0,1.0,0.3333333333333333,0.5,0.5,3,2,0.6,0.6,0.8333333333333334,1.0,0.3333333333333333,0.75,0.75,3,7,0.3,0.3,0.8333333333333334,1.0,0.16666666666666666,0.75,0.75,1.0,1.0
static,283717,kitchen,0.0,12,4,0,3,0.0,0.0,1.0,,0.0,0.0,0.0,0,5,0.0,0.0,0.8333333333333334,,0.0,0.0,0.0,0,10,0.0,0.0,0.8333333333333334,,0.0,0.0,0.0,0.0,0.0
static,285400,dining,0.0,12,3,0,3,0.0,0.0,1.0,,0.0,0.0,0.0,0,5,0.0,0.0,0.8333333333333334,,0.0,0.0,0.0,1,9,0.1,0.1,0.8333333333333334,1.0,0.08333333333333333,0.3333333333333333,0.3333333333333333,0.0,0.0
static,290771,living room,0.0,12,7,1,2,0.3333333333333333,0.3333333333333333,1.0,,0.0,0.14285714285714285,0.14285714285714285,2,4,0.3333333333333333,0.3333333333333333,1.0,,0.0,0.2857142857142857,0.2857142857142857,3,7,0.3,0.3,0.8333333333333334,1.0,0.08333333333333333,0.42857142857142855,0.42857142857142855,1.0,1.0
static,293390,bathroom,0.0,12,5,2,1,0.6666666666666666,0.6666666666666666,1.0,1.0,0.3333333333333333,0.4,0.4,2,3,0.4,0.4,0.8333333333333334,1.0,0.16666666666666666,0.4,0.4,2,8,0.2,0.2,0.8333333333333334,1.0,0.08333333333333333,0.4,0.4,1.0,1.0
static,296205,living room,0.0,12,4,0,3,0.0,0.0,1.0,,0.0,0.0,0.0,1,4,0.2,0.2,0.8333333333333334,1.0,0.16666666666666666,0.25,0.25,1,9,0.1,0.1,0.8333333333333334,1.0,0.08333333333333333,0.25,0.25,0.0,0.0
static,297353,bedroom,0.0,12,4,1,2,0.3333333333333333,0.3333333333333333,1.0,,0.0,0.25,0.25,2,4,0.3333333333333333,0.3333333333333333,1.0,1.0,0.16666666666666666,0.5,0.5,4,8,0.3333333333333333,0.3333333333333333,1.0,1.0,0.25,1.0,1.0,1.0,1.0
static,299632,bedroom,0.0,12,5,0,3,0.0,0.0,1.0,,0.0,0.0,0.0,1,4,0.2,0.2,0.8333333333333334,1.0,0.16666666666666666,0.2,0.2,3,8,0.2727272727272727,0.2727272727272727,0.9166666666666666,1.0,0.16666666666666666,0.6,0.6,0.0,0.0
static,300882,bedroom,0.0,12,4,1,2,0.3333333333333333,0.3333333333333333,1.0,,0.0,0.25,0.25,2,3,0.4,0.4,0.8333333333333334,1.0,0.16666666666666666,0.5,0.5,2,8,0.2,0.2,0.8333333333333334,1.0,0.08333333333333333,0.5,0.5,1.0,1.0
static,302680,living room,0.0,12,9,1,2,0.3333333333333333,0.3333333333333333,1.0,,0.0,0.1111111111111111,0.1111111111111111,2,3,0.4,0.4,0.8333333333333334,1.0,0.16666666666666666,0.2222222222222222,0.2222222222222222,4,6,0.4,0.45454545454545453,0.8333333333333334,1.0,0.16666666666666666,0.4444444444444444,0.5555555555555556,1.0,1.0
static,303002,bathroom,0.0,12,4,1,2,0.3333333333333333,0.3333333333333333,1.0,,0.0,0.25,0.25,1,4,0.2,0.2,0.8333333333333334,,0.0,0.25,0.25,2,8,0.2,0.2,0.8333333333333334,1.0,0.08333333333333333,0.5,0.5,1.0,1.0
static,303520,kitchen,0.0,12,8,0,3,0.0,0.0,1.0,,0.0,0.0,0.0,0,5,0.0,0.0,0.8333333333333334,,0.0,0.0,0.0,1,8,0.1111111111111111,0.2,0.75,1.0,0.08333333333333333,0.125,0.25,0.0,0.0
static,304827,kitchen,0.0,12,5,1,2,0.3333333333333333,0.3333333333333333,1.0,,0.0,0.2,0.2,1,4,0.2,0.2,0.8333333333333334,,0.0,0.2,0.2,3,7,0.3,0.3,0.8333333333333334,1.0,0.16666666666666666,0.6,0.6,1.0,1.0
static,306733,bathroom,0.0,12,6,2,1,0.6666666666666666,0.6666666666666666,1.0,,0.0,0.3333333333333333,0.3333333333333333,2,3,0.4,0.4,0.8333333333333334,,0.0,0.3333333333333333,0.3333333333333333,3,7,0.3,0.3,0.8333333333333334,,0.0,0.5,0.5,1.0,1.0
static,308507,kitchen,0.0,12,6,1,2,0.3333333333333333,0.3333333333333333,1.0,,0.0,0.16666666666666666,0.16666666666666666,2,4,0.3333333333333333,0.3333333333333333,1.0,0.0,0.16666666666666666,0.3333333333333333,0.3333333333333333,3,7,0.3,0.3,0.8333333333333334,0.5,0.16666666666666666,0.5,0.5,1.0,1.0
static,309060,kitchen,0.0,12,9,3,0,1.0,1.0,1.0,,0.0,0.3333333333333333,0.4444444444444444,3,2,0.6,0.6,0.8333333333333334,,0.0,0.3333333333333333,0.4444444444444444,4,6,0.4,0.4,0.8333333333333334,,0.0,0.4444444444444444,0.5555555555555556,1.0,1.0
static,309553,bedroom,0.0,12,4,0,3,0.0,0.0,1.0,,0.0,0.0,0.0,1,4,0.2,0.2,0.8333333333333334,1.0,0.16666666666666666,0.25,0.25,1,9,0.1,0.1,0.8333333333333334,1.0,0.08333333333333333,0.25,0.25,0.0,0.0
static,311868,bathroom,0.0,12,5,1,2,0.3333333333333333,0.3333333333333333,1.0,1.0,0.3333333333333333,0.2,0.2,1,4,0.2,0.2,0.8333333333333334,1.0,0.16666666666666666,0.2,0.2,2,8,0.2,0.2,0.8333333333333334,1.0,0.08333333333333333,0.4,0.4,1.0,1.0
static,313130,kitchen,0.0,12,6,2,1,0.6666666666666666,0.6666666666666666,1.0,1.0,0.3333333333333333,0.3333333333333333,0.3333333333333333,2,3,0.4,0.4,0.8333333333333334,1.0,0.16666666666666666,0.3333333333333333,0.3333333333333333,3,7,0.3,0.3,0.8333333333333334,1.0,0.16666666666666666,0.5,0.5,1.0,1.0
static,315256,bedroom,0.0,12,5,1,2,0.3333333333333333,0.3333333333333333,1.0,1.0,0.3333333333333333,0.2,0.2,2,3,0.4,0.4,0.8333333333333334,1.0,0.3333333333333333,0.4,0.4,3,8,0.2727272727272727,0.2727272727272727,0.9166666666666666,1.0,0.25,0.6,0.6,1.0,1.0
static,315641,kitchen,0.0,12,5,0,3,0.0,0.0,1.0,,0.0,0.0,0.0,0,5,0.0,0.0,0.8333333333333334,,0.0,0.0,0.0,1,9,0.1,0.1,0.8333333333333334,1.0,0.08333333333333333,0.2,0.2,0.0,0.0
static,319935,bedroom,0.0,12,10,1,2,0.3333333333333333,0.3333333333333333,1.0,,0.0,0.1,0.1,3,3,0.5,0.5,1.0,1.0,0.16666666666666666,0.3,0.3,5,6,0.45454545454545453,0.45454545454545453,0.9166666666666666,1.0,0.16666666666666666,0.5,0.5,1.0,1.0
static,325078,bathroom,0.0,12,4,2,1,0.6666666666666666,0.6666666666666666,1.0,1.0,0.3333333333333333,0.5,0.5,2,3,0.4,0.4,0.8333333333333334,1.0,0.16666666666666666,0.5,0.5,3,7,0.3,0.3,0.8333333333333334,1.0,0.16666666666666666,0.75,0.75,1.0,1.0
static,329455,dining,0.0,12,6,1,2,0.3333333333333333,0.3333333333333333,1.0,,0.0,0.16666666666666666,0.16666666666666666,1,4,0.2,0.2,0.8333333333333334,,0.0,0.16666666666666666,0.16666666666666666,2,8,0.2,0.2,0.8333333333333334,1.0,0.08333333333333333,0.3333333333333333,0.3333333333333333,1.0,1.0
static,341741,bedroom,0.0,12,4,1,2,0.3333333333333333,0.3333333333333333,1.0,1.0,0.3333333333333333,0.25,0.25,2,3,0.4,0.4,0.8333333333333334,1.0,0.3333333333333333,0.5,0.5,2,8,0.2,0.2,0.8333333333333334,1.0,0.16666666666666666,0.5,0.5,1.0,1.0
static,343662,bedroom,0.0,12,3,0,3,0.0,0.0,1.0,,0.0,0.0,0.0,1,4,0.2,0.2,0.8333333333333334,1.0,0.16666666666666666,0.3333333333333333,0.3333333333333333,1,9,0.1,0.1,0.8333333333333334,1.0,0.08333333333333333,0.3333333333333333,0.3333333333333333,0.0,0.0
static,348708,dining,0.0,12,3,0,3,0.0,0.0,1.0,,0.0,0.0,0.0,0,5,0.0,0.0,0.8333333333333334,0.0,0.16666666666666666,0.0,0.0,2,8,0.2,0.2,0.8333333333333334,0.5,0.3333333333333333,0.6666666666666666,0.6666666666666666,0.0,0.0
static,350230,kitchen,0.0,12,9,2,1,0.6666666666666666,0.6666666666666666,1.0,,0.0,0.2222222222222222,0.2222222222222222,3,3,0.5,0.5,1.0,,0.0,0.3333333333333333,0.3333333333333333,4,7,0.36363636363636365,0.36363636363636365,0.9166666666666666,,0.0,0.4444444444444444,0.4444444444444444,1.0,1.0
static,355430,dining,0.0,12,10,2,1,0.6666666666666666,0.6666666666666666,1.0,,0.0,0.2,0.2,3,2,0.6,0.6,0.8333333333333334,,0.0,0.3,0.3,5,5,0.5,0.5454545454545454,0.8333333333333334,1.0,0.16666666666666666,0.5,0.6,1.0,1.0
static,358465,bedroom,0.0,12,3,0,3,0.0,0.0,1.0,,0.0,0.0,0.0,1,4,0.2,0.2,0.8333333333333334,1.0,0.16666666666666666,0.3333333333333333,0.3333333333333333,1,9,0.1,0.1,0.8333333333333334,1.0,0.08333333333333333,0.3333333333333333,0.3333333333333333,0.0,0.0
static,358525,bedroom,0.0,12,4,0,3,0.0,0.0,1.0,,0.0,0.0,0.0,1,4,0.2,0.2,0.8333333333333334,1.0,0.16666666666666666,0.25,0.25,1,9,0.1,0.1,0.8333333333333334,1.0,0.08333333333333333,0.25,0.25,0.0,0.0
static,362278,bathroom,0.0,12,4,1,2,0.3333333333333333,0.3333333333333333,1.0,1.0,0.3333333333333333,0.25,0.25,1,4,0.2,0.2,0.8333333333333334,1.0,0.16666666666666666,0.25,0.25,2,8,0.2,0.2,0.8333333333333334,1.0,0.16666666666666666,0.5,0.5,1.0,1.0
static,367386,living room,0.0,12,11,1,2,0.3333333333333333,0.3333333333333333,1.0,1.0,0.3333333333333333,0.09090909090909091,0.09090909090909091,2,4,0.3333333333333333,0.3333333333333333,1.0,1.0,0.3333333333333333,0.18181818181818182,0.18181818181818182,5,6,0.45454545454545453,0.5,0.9166666666666666,1.0,0.3333333333333333,0.45454545454545453,0.5454545454545454,1.0,1.0
static,367569,living room,0.0,12,8,0,3,0.0,0.3333333333333333,1.0,,0.0,0.0,0.0,1,5,0.16666666666666666,0.3333333333333333,1.0,1.0,0.16666666666666666,0.125,0.125,2,9,0.18181818181818182,0.3333333333333333,0.9166666666666666,1.0,0.16666666666666666,0.25,0.375,0.0,1.0
static,368349,bathroom,0.0,12,4,2,1,0.6666666666666666,0.6666666666666666,1.0,1.0,0.3333333333333333,0.5,0.5,2,3,0.4,0.4,0.8333333333333334,0.5,0.3333333333333333,0.5,0.5,3,7,0.3,0.3,0.8333333333333334,0.6666666666666666,0.25,0.75,0.75,1.0,1.0
static,369373,living room,0.0,12,6,1,2,0.3333333333333333,0.3333333333333333,1.0,,0.0,0.16666666666666666,0.16666666666666666,2,3,0.4,0.4,0.8333333333333334,1.0,0.16666666666666666,0.3333333333333333,0.3333333333333333,2,8,0.2,0.2,0.8333333333333334,1.0,0.08333333333333333,0.3333333333333333,0.3333333333333333,1.0,1.0
static,370818,bathroom,0.0,12,6,1,2,0.3333333333333333,0.3333333333333333,1.0,,0.0,0.16666666666666666,0.16666666666666666,1,4,0.2,0.2,0.8333333333333334,,0.0,0.16666666666666666,0.16666666666666666,2,8,0.2,0.2,0.8333333333333334,1.0,0.08333333333333333,0.3333333333333333,0.3333333333333333,1.0,1.0
static,374628,kitchen,0.0,12,13,2,1,0.6666666666666666,0.6666666666666666,1.0,,0.0,0.15384615384615385,0.15384615384615385,2,3,0.4,0.4,0.8333333333333334,0.0,0.16666666666666666,0.15384615384615385,0.15384615384615385,7,4,0.6363636363636364,0.6363636363636364,0.9166666666666666,0.8,0.4166666666666667,0.5384615384615384,0.6153846153846154,1.0,1.0
static,375878,bathroom,0.0,12,3,1,2,0.3333333333333333,0.3333333333333333,1.0,1.0,0.3333333333333333,0.3333333333333333,0.3333333333333333,1,4,0.2,0.2,0.8333333333333334,1.0,0.16666666666666666,0.3333333333333333,0.3333333333333333,2,8,0.2,0.2,0.8333333333333334,1.0,0.16666666666666666,0.6666666666666666,0.6666666666666666,1.0,1.0
static,381330,kitchen,0.0,12,4,0,3,0.0,0.0,1.0,,0.0,0.0,0.0,0,5,0.0,0.0,0.8333333333333334,,0.0,0.0,0.0,1,8,0.1111111111111111,0.1111111111111111,0.75,,0.0,0.25,0.25,0.0,0.0
static,381605,living room,0.0,12,4,0,3,0.0,0.0,1.0,,0.0,0.0,0.0,1,4,0.2,0.2,0.8333333333333334,1.0,0.16666666666666666,0.25,0.25,1,9,0.1,0.1,0.8333333333333334,1.0,0.08333333333333333,0.25,0.25,0.0,0.0
static,383549,living room,0.0,12,7,1,2,0.3333333333333333,0.3333333333333333,1.0,,0.0,0.14285714285714285,0.14285714285714285,2,3,0.4,0.4,0.8333333333333334,1.0,0.16666666666666666,0.2857142857142857,0.2857142857142857,3,8,0.2727272727272727,0.2727272727272727,0.9166666666666666,1.0,0.16666666666666666,0.42857142857142855,0.5714285714285714,1.0,1.0
static,386799,bathroom,0.0,12,3,1,2,0.3333333333333333,0.3333333333333333,1.0,1.0,0.3333333333333333,0.3333333333333333,0.3333333333333333,1,4,0.2,0.2,0.8333333333333334,1.0,0.16666666666666666,0.3333333333333333,0.3333333333333333,1,9,0.1,0.1,0.8333333333333334,1.0,0.08333333333333333,0.3333333333333333,0.3333333333333333,1.0,1.0
static,395259,bedroom,0.0,12,5,2,1,0.6666666666666666,0.6666666666666666,1.0,1.0,0.3333333333333333,0.4,0.4,3,2,0.6,0.6,0.8333333333333334,0.6666666666666666,0.5,0.6,0.6,4,6,0.4,0.4,0.8333333333333334,0.75,0.3333333333333333,0.8,0.8,1.0,1.0
static,395701,living room,0.0,12,7,2,1,0.6666666666666666,0.6666666666666666,1.0,,0.0,0.2857142857142857,0.2857142857142857,3,3,0.5,0.5,1.0,,0.0,0.42857142857142855,0.42857142857142855,4,7,0.36363636363636365,0.36363636363636365,0.9166666666666666,,0.0,0.5714285714285714,0.5714285714285714,1.0,1.0
static,396526,dining,0.0,12,6,1,2,0.3333333333333333,0.3333333333333333,1.0,,0.0,0.16666666666666666,0.16666666666666666,1,5,0.16666666666666666,0.16666666666666666,1.0,,0.0,0.16666666666666666,0.16666666666666666,4,7,0.36363636363636365,0.36363636363636365,0.9166666666666666,1.0,0.16666666666666666,0.6666666666666666,0.6666666666666666,1.0,1.0
static,396691,kitchen,0.0,12,4,0,3,0.0,0.0,1.0,,0.0,0.0,0.0,0,5,0.0,0.0,0.8333333333333334,,0.0,0.0,0.0,0,10,0.0,0.0,0.8333333333333334,,0.0,0.0,0.0,0.0,0.0
static,397354,kitchen,0.0,12,8,3,0,1.0,1.0,1.0,1.0,0.3333333333333333,0.375,0.375,3,2,0.6,0.6,0.8333333333333334,1.0,0.16666666666666666,0.375,0.375,5,4,0.5555555555555556,0.5555555555555556,0.75,1.0,0.16666666666666666,0.625,0.625,1.0,1.0
static,401060,bedroom,0.0,12,4,0,3,0.0,0.0,1.0,,0.0,0.0,0.0,1,5,0.16666666666666666,0.16666666666666666,1.0,1.0,0.16666666666666666,0.25,0.25,2,9,0.18181818181818182,0.18181818181818182,0.9166666666666666,1.0,0.16666666666666666,0.5,0.5,0.0,0.0
static,403114,bathroom,0.0,12,4,1,2,0.3333333333333333,0.3333333333333333,1.0,1.0,0.3333333333333333,0.25,0.25,1,4,0.2,0.2,0.8333333333333334,1.0,0.16666666666666666,0.25,0.25,2,8,0.2,0.2,0.8333333333333334,1.0,0.16666666666666666,0.5,0.5,1.0,1.0
static,404678,dining,0.0,12,9,1,2,0.3333333333333333,0.3333333333333333,1.0,1.0,0.3333333333333333,0.1111111111111111,0.1111111111111111,2,3,0.4,0.4,0.8333333333333334,1.0,0.16666666666666666,0.2222222222222222,0.2222222222222222,4,6,0.4,0.4,0.8333333333333334,1.0,0.16666666666666666,0.4444444444444444,0.4444444444444444,1.0,1.0
static,407685,living room,0.0,12,12,2,1,0.6666666666666666,0.6666666666666666,1.0,,0.0,0.16666666666666666,0.16666666666666666,4,2,0.6666666666666666,0.6666666666666666,1.0,,0.0,0.3333333333333333,0.3333333333333333,6,5,0.5454545454545454,0.6363636363636364,0.9166666666666666,,0.0,0.5,0.5833333333333334,1.0,1.0
static,408192,living room,0.0,12,10,1,2,0.3333333333333333,0.3333333333333333,1.0,,0.0,0.1,0.1,2,4,0.3333333333333333,0.3333333333333333,1.0,1.0,0.16666666666666666,0.2,0.2,4,7,0.36363636363636365,0.36363636363636365,0.9166666666666666,1.0,0.08333333333333333,0.4,0.4,1.0,1.0
static,410144,kitchen,0.0,12,4,0,3,0.0,0.0,1.0,,0.0,0.0,0.0,0,5,0.0,0.0,0.8333333333333334,,0.0,0.0,0.0,0,10,0.0,0.0,0.8333333333333334,,0.0,0.0,0.0,0.0,0.0
static,411685,bathroom,0.0,12,3,0,3,0.0,0.0,1.0,,0.0,0.0,0.0,0,5,0.0,0.0,0.8333333333333334,,0.0,0.0,0.0,1,9,0.1,0.1,0.8333333333333334,1.0,0.08333333333333333,0.3333333333333333,0.3333333333333333,0.0,0.0
static,415646,bedroom,0.0,12,9,2,1,0.6666666666666666,0.6666666666666666,1.0,1.0,0.3333333333333333,0.2222222222222222,0.2222222222222222,4,2,0.6666666666666666,0.6666666666666666,1.0,1.0,0.3333333333333333,0.4444444444444444,0.4444444444444444,5,6,0.45454545454545453,0.45454545454545453,0.9166666666666666,0.6666666666666666,0.25,0.5555555555555556,0.5555555555555556,1.0,1.0
static,416575,bedroom,0.0,12,4,0,3,0.0,0.0,1.0,,0.0,0.0,0.0,1,5,0.16666666666666666,0.16666666666666666,1.0,1.0,0.16666666666666666,0.25,0.25,2,9,0.18181818181818182,0.18181818181818182,0.9166666666666666,1.0,0.16666666666666666,0.5,0.5,0.0,0.0
static,422350,kitchen,0.0,12,6,2,1,0.6666666666666666,0.6666666666666666,1.0,,0.0,0.3333333333333333,0.3333333333333333,2,3,0.4,0.4,0.8333333333333334,,0.0,0.3333333333333333,0.3333333333333333,3,7,0.3,0.3,0.8333333333333334,1.0,0.08333333333333333,0.5,0.5,1.0,1.0
static,422654,kitchen,0.0,12,5,1,2,0.3333333333333333,0.3333333333333333,1.0,,0.0,0.2,0.2,1,4,0.2,0.2,0.8333333333333334,,0.0,0.2,0.2,2,7,0.2222222222222222,0.3,0.75,1.0,0.08333333333333333,0.4,0.4,1.0,1.0
static,427040,bedroom,0.0,12,8,0,3,0.0,0.0,1.0,,0.0,0.0,0.0,1,4,0.2,0.2,0.8333333333333334,1.0,0.16666666666666666,0.125,0.125,2,9,0.18181818181818182,0.18181818181818182,0.9166666666666666,1.0,0.16666666666666666,0.25,0.25,0.0,0.0
static,431154,bedroom,0.0,12,3,0,3,0.0,0.0,1.0,,0.0,0.0,0.0,1,4,0.2,0.2,0.8333333333333334,1.0,0.16666666666666666,0.3333333333333333,0.3333333333333333,2,9,0.18181818181818182,0.18181818181818182,0.9166666666666666,1.0,0.16666666666666666,0.6666666666666666,0.6666666666666666,0.0,0.0
static,434098,bathroom,0.0,12,4,1,2,0.3333333333333333,0.3333333333333333,1.0,,0.0,0.25,0.25,1,4,0.2,0.2,0.8333333333333334,,0.0,0.25,0.25,2,8,0.2,0.2,0.8333333333333334,1.0,0.08333333333333333,0.5,0.5,1.0,1.0
static,437898,kitchen,0.0,12,8,1,2,0.3333333333333333,0.3333333333333333,1.0,,0.0,0.125,0.125,1,4,0.2,0.2,0.8333333333333334,,0.0,0.125,0.125,2,8,0.2,0.2,0.8333333333333334,1.0,0.08333333333333333,0.25,0.25,1.0,1.0
static,438314,bedroom,0.0,12,4,0,3,0.0,0.0,1.0,,0.0,0.0,0.0,1,5,0.16666666666666666,0.16666666666666666,1.0,1.0,0.16666666666666666,0.25,0.25,3,9,0.25,0.25,1.0,1.0,0.16666666666666666,0.75,0.75,0.0,0.0
static,439364,bathroom,0.0,12,5,1,2,0.3333333333333333,0.3333333333333333,1.0,1.0,0.3333333333333333,0.2,0.2,1,4,0.2,0.2,0.8333333333333334,1.0,0.16666666666666666,0.2,0.2,2,8,0.2,0.2,0.8333333333333334,1.0,0.16666666666666666,0.4,0.4,1.0,1.0
static,439689,living room,0.0,12,7,0,3,0.0,0.0,1.0,,0.0,0.0,0.0,1,5,0.16666666666666666,0.16666666666666666,1.0,1.0,0.16666666666666666,0.14285714285714285,0.14285714285714285,3,8,0.2727272727272727,0.4166666666666667,0.9166666666666666,0.5,0.16666666666666666,0.42857142857142855,0.7142857142857143,0.0,0.0
static,445306,kitchen,0.0,12,5,0,3,0.0,0.0,1.0,,0.0,0.0,0.0,0,5,0.0,0.0,0.8333333333333334,,0.0,0.0,0.0,1,9,0.1,0.1,0.8333333333333334,1.0,0.08333333333333333,0.2,0.2,0.0,0.0
static,445658,kitchen,0.0,12,6,2,1,0.6666666666666666,0.6666666666666666,1.0,,0.0,0.3333333333333333,0.3333333333333333,2,3,0.4,0.4,0.8333333333333334,,0.0,0.3333333333333333,0.3333333333333333,4,6,0.4,0.4,0.8333333333333334,1.0,0.16666666666666666,0.6666666666666666,0.6666666666666666,1.0,1.0
static,448795,kitchen,0.0,12,6,2,1,0.6666666666666666,0.6666666666666666,1.0,,0.0,0.3333333333333333,0.5,2,3,0.4,0.4,0.8333333333333334,,0.0,0.3333333333333333,0.5,2,7,0.2222222222222222,0.3,0.75,,0.0,0.3333333333333333,0.6666666666666666,1.0,1.0
static,453302,kitchen,0.0,12,5,3,0,1.0,1.0,1.0,1.0,0.3333333333333333,0.6,0.6,3,2,0.6,0.6,0.8333333333333334,1.0,0.16666666666666666,0.6,0.6,4,7,0.36363636363636365,0.36363636363636365,0.9166666666666666,0.6666666666666666,0.25,0.8,0.8,1.0,1.0
static,453341,living room,0.0,12,4,0,3,0.0,0.0,1.0,,0.0,0.0,0.0,1,4,0.2,0.2,0.8333333333333334,1.0,0.16666666666666666,0.25,0.25,1,9,0.1,0.1,0.8333333333333334,1.0,0.08333333333333333,0.25,0.25,0.0,0.0
static,455301,bedroom,0.0,12,3,0,3,0.0,0.0,1.0,,0.0,0.0,0.0,1,5,0.16666666666666666,0.16666666666666666,1.0,1.0,0.16666666666666666,0.3333333333333333,0.3333333333333333,3,9,0.25,0.25,1.0,1.0,0.25,1.0,1.0,0.0,0.0
static,458410,living room,0.0,12,6,0,3,0.0,0.0,1.0,,0.0,0.0,0.0,1,5,0.16666666666666666,0.16666666666666666,1.0,,0.0,0.16666666666666666,0.16666666666666666,3,7,0.3,0.36363636363636365,0.8333333333333334,1.0,0.08333333333333333,0.5,0.6666666666666666,0.0,0.0
static,460494,dining,0.0,12,6,0,3,0.0,0.0,1.0,,0.0,0.0,0.0,0,5,0.0,0.0,0.8333333333333334,,0.0,0.0,0.0,2,8,0.2,0.2,0.8333333333333334,0.6666666666666666,0.25,0.3333333333333333,0.3333333333333333,0.0,0.0
static,461172,dining,0.0,12,4,0,3,0.0,0.0,1.0,,0.0,0.0,0.0,0,5,0.0,0.0,0.8333333333333334,,0.0,0.0,0.0,2,8,0.2,0.2,0.8333333333333334,1.0,0.16666666666666666,0.5,0.5,0.0,0.0
static,466256,dining,0.0,12,3,0,3,0.0,0.0,1.0,,0.0,0.0,0.0,0,5,0.0,0.0,0.8333333333333334,,0.0,0.0,0.0,1,9,0.1,0.1,0.8333333333333334,1.0,0.08333333333333333,0.3333333333333333,0.3333333333333333,0.0,0.0
static,467315,dining,0.0,12,4,1,2,0.3333333333333333,0.3333333333333333,1.0,1.0,0.3333333333333333,0.25,0.25,1,4,0.2,0.2,0.8333333333333334,1.0,0.16666666666666666,0.25,0.25,3,7,0.3,0.3,0.8333333333333334,1.0,0.25,0.75,0.75,1.0,1.0
static,468422,kitchen,0.0,12,5,1,2,0.3333333333333333,0.3333333333333333,1.0,1.0,0.3333333333333333,0.2,0.2,1,4,0.2,0.2,0.8333333333333334,1.0,0.16666666666666666,0.2,0.2,1,9,0.1,0.1,0.8333333333333334,1.0,0.08333333333333333,0.2,0.2,1.0,1.0
static,468505,dining,0.0,12,7,1,2,0.3333333333333333,0.3333333333333333,1.0,1.0,0.3333333333333333,0.14285714285714285,0.14285714285714285,2,3,0.4,0.4,0.8333333333333334,1.0,0.16666666666666666,0.2857142857142857,0.2857142857142857,3,7,0.3,0.3,0.8333333333333334,1.0,0.16666666666666666,0.42857142857142855,0.5714285714285714,1.0,1.0
static,468659,living room,0.0,12,3,0,3,0.0,0.0,1.0,,0.0,0.0,0.0,1,4,0.2,0.2,0.8333333333333334,1.0,0.16666666666666666,0.3333333333333333,0.3333333333333333,1,9,0.1,0.18181818181818182,0.8333333333333334,1.0,0.08333333333333333,0.3333333333333333,0.6666666666666666,0.0,0.0
static,469795,bathroom,0.0,12,7,1,2,0.3333333333333333,0.3333333333333333,1.0,1.0,0.3333333333333333,0.14285714285714285,0.14285714285714285,1,4,0.2,0.2,0.8333333333333334,1.0,0.16666666666666666,0.14285714285714285,0.14285714285714285,2,8,0.2,0.2,0.8333333333333334,1.0,0.08333333333333333,0.2857142857142857,0.2857142857142857,1.0,1.0
static,469902,bedroom,0.0,12,3,0,3,0.0,0.0,1.0,,0.0,0.0,0.0,1,4,0.2,0.2,0.8333333333333334,1.0,0.16666666666666666,0.3333333333333333,0.3333333333333333,2,9,0.18181818181818182,0.18181818181818182,0.9166666666666666,1.0,0.16666666666666666,0.6666666666666666,0.6666666666666666,0.0,0.0
static,472046,kitchen,0.0,12,10,2,1,0.6666666666666666,0.6666666666666666,1.0,,0.0,0.2,0.2,4,2,0.6666666666666666,0.6666666666666666,1.0,1.0,0.3333333333333333,0.4,0.4,6,4,0.6,0.6,0.8333333333333334,1.0,0.25,0.6,0.6,1.0,1.0
static,473294,bedroom,0.0,12,6,1,2,0.3333333333333333,0.3333333333333333,1.0,,0.0,0.16666666666666666,0.16666666666666666,2,4,0.3333333333333333,0.3333333333333333,1.0,1.0,0.16666666666666666,0.3333333333333333,0.3333333333333333,4,8,0.3333333333333333,0.3333333333333333,1.0,1.0,0.16666666666666666,0.6666666666666666,0.6666666666666666,1.0,1.0
static,473821,living room,0.0,12,8,1,2,0.3333333333333333,0.3333333333333333,1.0,,0.0,0.125,0.125,2,3,0.4,0.4,0.8333333333333334,,0.0,0.25,0.25,4,7,0.36363636363636365,0.45454545454545453,0.9166666666666666,1.0,0.08333333333333333,0.5,0.75,1.0,1.0
static,479360,bedroom,0.0,12,5,1,2,0.3333333333333333,0.3333333333333333,1.0,,0.0,0.2,0.2,2,3,0.4,0.4,0.8333333333333334,1.0,0.16666666666666666,0.4,0.4,3,8,0.2727272727272727,0.2727272727272727,0.9166666666666666,0.6666666666666666,0.25,0.6,0.6,1.0,1.0
static,480712,bedroom,0.0,12,6,2,1,0.6666666666666666,0.6666666666666666,1.0,,0.0,0.3333333333333333,0.3333333333333333,3,2,0.6,0.6,0.8333333333333334,1.0,0.16666666666666666,0.5,0.5,4,6,0.4,0.4,0.8333333333333334,1.0,0.16666666666666666,0.6666666666666666,0.6666666666666666,1.0,1.0
static,481819,living room,0.0,12,8,1,2,0.3333333333333333,0.3333333333333333,1.0,1.0,0.3333333333333333,0.125,0.125,2,3,0.4,0.4,0.8333333333333334,1.0,0.3333333333333333,0.25,0.25,4,7,0.36363636363636365,0.36363636363636365,0.9166666666666666,1.0,0.25,0.5,0.5,1.0,1.0
static,485628,bathroom,0.0,12,3,1,2,0.3333333333333333,0.3333333333333333,1.0,0.5,0.6666666666666666,0.3333333333333333,0.3333333333333333,1,4,0.2,0.2,0.8333333333333334,0.5,0.3333333333333333,0.3333333333333333,0.3333333333333333,2,8,0.2,0.2,0.8333333333333334,0.6666666666666666,0.25,0.6666666666666666,0.6666666666666666,1.0,1.0
static,487583,bathroom,0.0,12,3,0,3,0.0,0.0,1.0,,0.0,0.0,0.0,0,5,0.0,0.0,0.8333333333333334,,0.0,0.0,0.0,1,9,0.1,0.1,0.8333333333333334,1.0,0.08333333333333333,0.3333333333333333,0.3333333333333333,0.0,0.0
static,490505,kitchen,0.0,12,4,0,3,0.0,0.0,1.0,,0.0,0.0,0.0,0,6,0.0,0.0,1.0,,0.0,0.0,0.0,2,8,0.2,0.2,0.8333333333333334,1.0,0.08333333333333333,0.5,0.5,0.0,0.0
static,491063,bathroom,0.0,12,5,1,2,0.3333333333333333,0.3333333333333333,1.0,,0.0,0.2,0.2,1,4,0.2,0.2,0.8333333333333334,,0.0,0.2,0.2,2,8,0.2,0.2,0.8333333333333334,1.0,0.08333333333333333,0.4,0.4,1.0,1.0
static,491216,kitchen,0.0,12,7,3,0,1.0,1.0,1.0,1.0,0.3333333333333333,0.42857142857142855,0.42857142857142855,3,2,0.6,0.6,0.8333333333333334,1.0,0.16666666666666666,0.42857142857142855,0.42857142857142855,4,6,0.4,0.4,0.8333333333333334,0.6666666666666666,0.25,0.5714285714285714,0.5714285714285714,1.0,1.0
static,491497,living room,0.0,12,5,1,2,0.3333333333333333,0.3333333333333333,1.0,,0.0,0.2,0.2,2,4,0.3333333333333333,0.3333333333333333,1.0,,0.0,0.4,0.4,4,8,0.3333333333333333,0.3333333333333333,1.0,1.0,0.16666666666666666,0.8,0.8,1.0,1.0
static,491742,bathroom,0.0,12,3,1,2,0.3333333333333333,0.3333333333333333,1.0,1.0,0.3333333333333333,0.3333333333333333,0.3333333333333333,1,4,0.2,0.2,0.8333333333333334,1.0,0.16666666666666666,0.3333333333333333,0.3333333333333333,2,8,0.2,0.2,0.8333333333333334,1.0,0.16666666666666666,0.6666666666666666,0.6666666666666666,1.0,1.0
static,492183,kitchen,0.0,12,5,1,2,0.3333333333333333,0.3333333333333333,1.0,,0.0,0.2,0.2,2,4,0.3333333333333333,0.3333333333333333,1.0,1.0,0.16666666666666666,0.4,0.4,4,7,0.36363636363636365,0.36363636363636365,0.9166666666666666,1.0,0.16666666666666666,0.8,0.8,1.0,1.0
static,492719,bathroom,0.0,12,3,1,2,0.3333333333333333,0.3333333333333333,1.0,1.0,0.3333333333333333,0.3333333333333333,0.3333333333333333,1,4,0.2,0.2,0.8333333333333334,1.0,0.16666666666666666,0.3333333333333333,0.3333333333333333,2,8,0.2,0.2,0.8333333333333334,1.0,0.16666666666666666,0.6666666666666666,0.6666666666666666,1.0,1.0
static,492810,kitchen,0.0,12,5,0,3,0.0,0.0,1.0,,0.0,0.0,0.0,0,5,0.0,0.0,0.8333333333333334,,0.0,0.0,0.0,3,7,0.3,0.3,0.8333333333333334,1.0,0.25,0.6,0.6,0.0,0.0
static,493114,living room,0.0,12,4,1,2,0.3333333333333333,0.3333333333333333,1.0,1.0,0.3333333333333333,0.25,0.25,1,4,0.2,0.2,0.8333333333333334,1.0,0.16666666666666666,0.25,0.25,1,9,0.1,0.1,0.8333333333333334,1.0,0.08333333333333333,0.25,0.25,1.0,1.0
static,497626,bedroom,0.0,12,3,0,3,0.0,0.0,1.0,,0.0,0.0,0.0,1,4,0.2,0.2,0.8333333333333334,1.0,0.16666666666666666,0.3333333333333333,0.3333333333333333,1,9,0.1,0.1,0.8333333333333334,1.0,0.08333333333333333,0.3333333333333333,0.3333333333333333,0.0,0.0
static,503697,living room,0.0,12,7,0,3,0.0,0.0,1.0,,0.0,0.0,0.0,2,3,0.4,0.4,0.8333333333333334,1.0,0.16666666666666666,0.2857142857142857,0.2857142857142857,2,8,0.2,0.3,0.8333333333333334,1.0,0.08333333333333333,0.2857142857142857,0.42857142857142855,0.0,0.0
static,504493,bathroom,0.0,12,4,1,2,0.3333333333333333,0.3333333333333333,1.0,1.0,0.3333333333333333,0.25,0.25,1,4,0.2,0.2,0.8333333333333334,1.0,0.16666666666666666,0.25,0.25,2,8,0.2,0.2,0.8333333333333334,1.0,0.16666666666666666,0.5,0.5,1.0,1.0
static,505086,bedroom,0.0,12,5,0,3,0.0,0.0,1.0,,0.0,0.0,0.0,1,4,0.2,0.2,0.8333333333333334,1.0,0.16666666666666666,0.2,0.2,1,9,0.1,0.1,0.8333333333333334,1.0,0.08333333333333333,0.2,0.2,0.0,0.0
static,508899,living room,0.0,12,5,1,2,0.3333333333333333,0.3333333333333333,1.0,,0.0,0.2,0.2,2,3,0.4,0.4,0.8333333333333334,1.0,0.16666666666666666,0.4,0.4,2,8,0.2,0.2,0.8333333333333334,1.0,0.08333333333333333,0.4,0.4,1.0,1.0
static,510852,bathroom,0.0,12,3,1,2,0.3333333333333333,0.3333333333333333,1.0,1.0,0.3333333333333333,0.3333333333333333,0.3333333333333333,1,4,0.2,0.2,0.8333333333333334,1.0,0.16666666666666666,0.3333333333333333,0.3333333333333333,1,9,0.1,0.1,0.8333333333333334,1.0,0.08333333333333333,0.3333333333333333,0.3333333333333333,1.0,1.0
static,511430,kitchen,0.0,12,8,1,2,0.3333333333333333,0.3333333333333333,1.0,,0.0,0.125,0.125,1,4,0.2,0.2,0.8333333333333334,,0.0,0.125,0.125,4,6,0.4,0.4,0.8333333333333334,1.0,0.08333333333333333,0.5,0.5,1.0,1.0
static,513138,living room,0.0,12,6,1,2,0.3333333333333333,0.3333333333333333,1.0,,0.0,0.16666666666666666,0.16666666666666666,2,3,0.4,0.4,0.8333333333333334,1.0,0.16666666666666666,0.3333333333333333,0.3333333333333333,2,8,0.2,0.2727272727272727,0.8333333333333334,1.0,0.08333333333333333,0.3333333333333333,0.5,1.0,1.0
static,514914,bathroom,0.0,12,5,1,2,0.3333333333333333,0.3333333333333333,1.0,1.0,0.3333333333333333,0.2,0.2,1,4,0.2,0.2,0.8333333333333334,1.0,0.16666666666666666,0.2,0.2,2,8,0.2,0.2,0.8333333333333334,1.0,0.16666666666666666,0.4,0.4,1.0,1.0
static,516856,dining,0.0,12,8,1,2,0.3333333333333333,0.3333333333333333,1.0,1.0,0.3333333333333333,0.125,0.125,1,4,0.2,0.2,0.8333333333333334,1.0,0.16666666666666666,0.125,0.125,2,8,0.2,0.2,0.8333333333333334,1.0,0.16666666666666666,0.25,0.25,1.0,1.0
static,523978,bathroom,0.0,12,7,1,2,0.3333333333333333,0.3333333333333333,1.0,0.5,0.6666666666666666,0.14285714285714285,0.14285714285714285,2,4,0.3333333333333333,0.3333333333333333,1.0,0.5,0.3333333333333333,0.2857142857142857,0.2857142857142857,5,6,0.45454545454545453,0.45454545454545453,0.9166666666666666,0.75,0.3333333333333333,0.7142857142857143,0.7142857142857143,1.0,1.0
static,529069,bathroom,0.0,12,4,1,2,0.3333333333333333,0.3333333333333333,1.0,,0.0,0.25,0.25,1,4,0.2,0.2,0.8333333333333334,,0.0,0.25,0.25,2,8,0.2,0.2,0.8333333333333334,1.0,0.08333333333333333,0.5,0.5,1.0,1.0
static,530229,living room,0.0,12,5,1,2,0.3333333333333333,0.3333333333333333,1.0,,0.0,0.2,0.2,2,3,0.4,0.4,0.8333333333333334,1.0,0.16666666666666666,0.4,0.4,3,8,0.2727272727272727,0.2727272727272727,0.9166666666666666,1.0,0.16666666666666666,0.6,0.8,1.0,1.0
static,530836,kitchen,0.0,12,9,2,1,0.6666666666666666,0.6666666666666666,1.0,,0.0,0.2222222222222222,0.2222222222222222,2,3,0.4,0.4,0.8333333333333334,,0.0,0.2222222222222222,0.2222222222222222,5,4,0.5555555555555556,0.5555555555555556,0.75,1.0,0.16666666666666666,0.5555555555555556,0.5555555555555556,1.0,1.0
static,530933,bathroom,0.0,12,4,0,3,0.0,0.0,1.0,,0.0,0.0,0.0,0,5,0.0,0.0,0.8333333333333334,,0.0,0.0,0.0,1,9,0.1,0.1,0.8333333333333334,,0.0,0.25,0.25,0.0,0.0
static,531441,dining,0.0,12,4,1,2,0.3333333333333333,0.3333333333333333,1.0,1.0,0.3333333333333333,0.25,0.25,1,4,0.2,0.2,0.8333333333333334,1.0,0.16666666666666666,0.25,0.25,2,8,0.2,0.2,0.8333333333333334,1.0,0.16666666666666666,0.5,0.5,1.0,1.0
static,531852,living room,0.0,12,3,0,3,0.0,0.0,1.0,,0.0,0.0,0.0,1,4,0.2,0.2,0.8333333333333334,1.0,0.16666666666666666,0.3333333333333333,0.3333333333333333,2,9,0.18181818181818182,0.18181818181818182,0.9166666666666666,1.0,0.16666666666666666,0.6666666666666666,0.6666666666666666,0.0,0.0
static,533255,kitchen,0.0,12,3,1,2,0.3333333333333333,0.3333333333333333,1.0,1.0,0.3333333333333333,0.3333333333333333,0.3333333333333333,1,5,0.16666666666666666,0.16666666666666666,1.0,1.0,0.16666666666666666,0.3333333333333333,0.3333333333333333,3,7,0.3,0.3,0.8333333333333334,1.0,0.25,1.0,1.0,1.0,1.0
static,534456,living room,0.0,12,5,0,3,0.0,0.0,1.0,,0.0,0.0,0.0,1,4,0.2,0.2,0.8333333333333334,1.0,0.16666666666666666,0.2,0.2,1,8,0.1111111111111111,0.2,0.75,1.0,0.08333333333333333,0.2,0.4,0.0,0.0
static,536947,kitchen,0.0,12,4,2,1,0.6666666666666666,0.6666666666666666,1.0,1.0,0.3333333333333333,0.5,0.5,2,3,0.4,0.4,0.8333333333333334,1.0,0.16666666666666666,0.5,0.5,3,7,0.3,0.3,0.8333333333333334,1.0,0.16666666666666666,0.75,0.75,1.0,1.0
static,537944,dining,0.0,12,7,1,2,0.3333333333333333,0.3333333333333333,1.0,1.0,0.3333333333333333,0.14285714285714285,0.14285714285714285,1,4,0.2,0.2,0.8333333333333334,1.0,0.16666666666666666,0.14285714285714285,0.14285714285714285,3,7,0.3,0.3,0.8333333333333334,0.6666666666666666,0.25,0.42857142857142855,0.42857142857142855,1.0,1.0
static,541332,bathroom,0.0,12,3,1,2,0.3333333333333333,0.3333333333333333,1.0,1.0,0.3333333333333333,0.3333333333333333,0.3333333333333333,1,4,0.2,0.2,0.8333333333333334,1.0,0.16666666666666666,0.3333333333333333,0.3333333333333333,2,8,0.2,0.2,0.8333333333333334,1.0,0.16666666666666666,0.6666666666666666,0.6666666666666666,1.0,1.0
static,541634,dining,0.0,12,6,0,3,0.0,0.0,1.0,,0.0,0.0,0.0,0,5,0.0,0.0,0.8333333333333334,,0.0,0.0,0.0,2,8,0.2,0.2,0.8333333333333334,1.0,0.08333333333333333,0.3333333333333333,0.3333333333333333,0.0,0.0
static,546219,dining,0.0,12,9,2,1,0.6666666666666666,0.6666666666666666,1.0,,0.0,0.2222222222222222,0.2222222222222222,2,3,0.4,0.4,0.8333333333333334,,0.0,0.2222222222222222,0.2222222222222222,4,6,0.4,0.4,0.8333333333333334,1.0,0.08333333333333333,0.4444444444444444,0.4444444444444444,1.0,1.0
static,546964,living room,0.0,12,6,1,2,0.3333333333333333,0.3333333333333333,1.0,,0.0,0.16666666666666666,0.16666666666666666,2,3,0.4,0.4,0.8333333333333334,,0.0,0.3333333333333333,0.3333333333333333,3,6,0.3333333333333333,0.45454545454545453,0.75,1.0,0.08333333333333333,0.5,0.8333333333333334,1.0,1.0
static,547742,living room,0.0,12,4,0,3,0.0,0.0,1.0,,0.0,0.0,0.0,1,4,0.2,0.2,0.8333333333333334,1.0,0.16666666666666666,0.25,0.25,2,8,0.2,0.3,0.8333333333333334,1.0,0.08333333333333333,0.5,0.75,0.0,0.0
static,554658,kitchen,0.0,12,3,0,3,0.0,0.0,1.0,,0.0,0.0,0.0,0,5,0.0,0.0,0.8333333333333334,,0.0,0.0,0.0,1,9,0.1,0.1,0.8333333333333334,1.0,0.08333333333333333,0.3333333333333333,0.3333333333333333,0.0,0.0
static,554809,bathroom,0.0,12,3,1,2,0.3333333333333333,0.3333333333333333,1.0,1.0,0.3333333333333333,0.3333333333333333,0.3333333333333333,1,4,0.2,0.2,0.8333333333333334,1.0,0.16666666666666666,0.3333333333333333,0.3333333333333333,2,8,0.2,0.2,0.8333333333333334,1.0,0.16666666666666666,0.6666666666666666,0.6666666666666666,1.0,1.0
static,556633,bathroom,0.0,12,7,1,2,0.3333333333333333,0.3333333333333333,1.0,,0.0,0.14285714285714285,0.14285714285714285,3,2,0.6,0.6,0.8333333333333334,,0.0,0.42857142857142855,0.42857142857142855,4,7,0.36363636363636365,0.36363636363636365,0.9166666666666666,1.0,0.08333333333333333,0.5714285714285714,0.5714285714285714,1.0,1.0
static,557172,bathroom,0.0,12,7,2,1,0.6666666666666666,0.6666666666666666,1.0,1.0,0.3333333333333333,0.2857142857142857,0.2857142857142857,2,3,0.4,0.4,0.8333333333333334,1.0,0.16666666666666666,0.2857142857142857,0.2857142857142857,3,7,0.3,0.3,0.8333333333333334,1.0,0.08333333333333333,0.42857142857142855,0.42857142857142855,1.0,1.0
static,559550,dining,0.0,12,9,1,2,0.3333333333333333,0.3333333333333333,1.0,,0.0,0.1111111111111111,0.1111111111111111,1,4,0.2,0.2,0.8333333333333334,,0.0,0.1111111111111111,0.1111111111111111,3,7,0.3,0.3,0.8333333333333334,1.0,0.08333333333333333,0.3333333333333333,0.3333333333333333,1.0,1.0
static,567825,dining,0.0,12,4,1,2,0.3333333333333333,0.3333333333333333,1.0,1.0,0.3333333333333333,0.25,0.25,1,4,0.2,0.2,0.8333333333333334,1.0,0.16666666666666666,0.25,0.25,2,8,0.2,0.2,0.8333333333333334,1.0,0.16666666666666666,0.5,0.5,1.0,1.0
static,571764,kitchen,0.0,12,9,2,1,0.6666666666666666,0.6666666666666666,1.0,,0.0,0.2222222222222222,0.2222222222222222,2,3,0.4,0.4,0.8333333333333334,,0.0,0.2222222222222222,0.2222222222222222,4,5,0.4444444444444444,0.4444444444444444,0.75,1.0,0.08333333333333333,0.4444444444444444,0.4444444444444444,1.0,1.0
static,574940,living room,0.0,12,8,1,2,0.3333333333333333,0.3333333333333333,1.0,,0.0,0.125,0.125,2,3,0.4,0.4,0.8333333333333334,1.0,0.16666666666666666,0.25,0.25,4,7,0.36363636363636365,0.36363636363636365,0.9166666666666666,1.0,0.25,0.5,0.625,1.0,1.0
static,577507,kitchen,0.0,12,5,2,1,0.6666666666666666,0.6666666666666666,1.0,,0.0,0.4,0.4,2,3,0.4,0.4,0.8333333333333334,,0.0,0.4,0.4,2,8,0.2,0.2727272727272727,0.8333333333333334,,0.0,0.4,0.6,1.0,1.0
static,578489,living room,0.0,12,4,1,2,0.3333333333333333,0.3333333333333333,1.0,,0.0,0.25,0.5,2,3,0.4,0.4,0.8333333333333334,1.0,0.16666666666666666,0.5,0.75,2,8,0.2,0.2,0.8333333333333334,0.5,0.16666666666666666,0.5,0.75,1.0,1.0
static,578871,dining,0.0,12,6,1,2,0.3333333333333333,0.3333333333333333,1.0,,0.0,0.16666666666666666,0.16666666666666666,1,4,0.2,0.2,0.8333333333333334,,0.0,0.16666666666666666,0.16666666666666666,3,7,0.3,0.3,0.8333333333333334,1.0,0.16666666666666666,0.5,0.5,1.0,1.0
static,580026,dining,0.0,12,5,1,2,0.3333333333333333,0.3333333333333333,1.0,,0.0,0.2,0.2,1,4,0.2,0.2,0.8333333333333334,,0.0,0.2,0.2,3,7,0.3,0.3,0.8333333333333334,1.0,0.16666666666666666,0.6,0.6,1.0,1.0
